2026-09-14T17:37:52.000286997Z [34m2026-09-14 17:37:52.000 UTC 0001 INFO[0m [nodeCmd] [34;1mserve[0m -> Starting peer:
2026-09-14T17:37:52.000313236Z  Version: v3.1.5
2026-09-14T17:37:52.000324007Z  Commit SHA: 86c1172
2026-09-14T17:37:52.000329147Z  Go version: go1.26.4
2026-09-14T17:37:52.000333725Z  OS/Arch: linux/amd64
2026-09-14T17:37:52.000338154Z  Chaincode:
2026-09-14T17:37:52.000342692Z   Base Docker Label: org.hyperledger.fabric
2026-09-14T17:37:52.000347251Z   Docker Namespace: hyperledger
2026-09-14T17:37:52.000833702Z [34m2026-09-14 17:37:52.000 UTC 0002 INFO[0m [nodeCmd] [34;1mserve[0m -> Peer config with combined core.yaml settings and environment variable overrides:
2026-09-14T17:37:52.000843541Z chaincode:
2026-09-14T17:37:52.000849773Z     builder: $(DOCKER_NS)/fabric-ccenv:$(TWO_DIGIT_VERSION)
2026-09-14T17:37:52.000856285Z     executetimeout: 300s
2026-09-14T17:37:52.000862046Z     externalbuilders:
2026-09-14T17:37:52.000868017Z         - name: ccaas_builder
2026-09-14T17:37:52.000874049Z           path: /opt/hyperledger/ccaas_builder
2026-09-14T17:37:52.000880020Z           propagateenvironment:
2026-09-14T17:37:52.000885911Z             - CHAINCODE_AS_A_SERVICE_BUILDER_CONFIG
2026-09-14T17:37:52.000891933Z     golang:
2026-09-14T17:37:52.000897694Z         dynamiclink: false
2026-09-14T17:37:52.000903475Z         runtime: $(DOCKER_NS)/fabric-baseos:$(TWO_DIGIT_VERSION)
2026-09-14T17:37:52.000909606Z     installtimeout: 300s
2026-09-14T17:37:52.000915457Z     java:
2026-09-14T17:37:52.000921399Z         runtime: $(DOCKER_NS)/fabric-javaenv:2.5
2026-09-14T17:37:52.000927310Z     keepalive: 0
2026-09-14T17:37:52.000933061Z     logging:
2026-09-14T17:37:52.000939032Z         format: '%{color}%{time:2006-01-02 15:04:05.000 MST} [%{module}] %{shortfunc} -> %{level:.4s} %{id:03x}%{color:reset} %{message}'
2026-09-14T17:37:52.000945504Z         level: info
2026-09-14T17:37:52.000951365Z         shim: warning
2026-09-14T17:37:52.000957046Z     mode: net
2026-09-14T17:37:52.000963228Z     node:
2026-09-14T17:37:52.000969239Z         runtime: $(DOCKER_NS)/fabric-nodeenv:2.5
2026-09-14T17:37:52.000975150Z     pull: false
2026-09-14T17:37:52.000981042Z     startuptimeout: 300s
2026-09-14T17:37:52.000987043Z     system:
2026-09-14T17:37:52.000992764Z         _lifecycle: enable
2026-09-14T17:37:52.000999216Z         cscc: enable
2026-09-14T17:37:52.001017400Z         lscc: enable
2026-09-14T17:37:52.001043971Z         qscc: enable
2026-09-14T17:37:52.001050714Z ledger:
2026-09-14T17:37:52.001068517Z     history:
2026-09-14T17:37:52.001080089Z         enablehistorydatabase: true
2026-09-14T17:37:52.001086271Z     pvtdatastore:
2026-09-14T17:37:52.001091200Z         collelgprocdbbatchesinterval: 1000
2026-09-14T17:37:52.001095799Z         collelgprocmaxdbbatchsize: 5000
2026-09-14T17:37:52.001100368Z         deprioritizeddatareconcilerinterval: 60m
2026-09-14T17:37:52.001104886Z     snapshots:
2026-09-14T17:37:52.001109335Z         rootdir: /var/hyperledger/production/snapshots
2026-09-14T17:37:52.001113913Z     state:
2026-09-14T17:37:52.001119394Z         couchdbconfig:
2026-09-14T17:37:52.001125796Z             cachesize: 64
2026-09-14T17:37:52.001131887Z             couchdbaddress: 127.0.0.1:5984
2026-09-14T17:37:52.001136586Z             createglobalchangesdb: false
2026-09-14T17:37:52.001141325Z             internalquerylimit: 1000
2026-09-14T17:37:52.001145864Z             maxbatchupdatesize: 1000
2026-09-14T17:37:52.001150402Z             maxretries: 3
2026-09-14T17:37:52.001154871Z             maxretriesonstartup: 10
2026-09-14T17:37:52.001159369Z             requesttimeout: 35s
2026-09-14T17:37:52.001163878Z         statedatabase: goleveldb
2026-09-14T17:37:52.001168406Z         totalquerylimit: 100000
2026-09-14T17:37:52.001172915Z logging_level: ""
2026-09-14T17:37:52.001177634Z metrics:
2026-09-14T17:37:52.001182173Z     provider: prometheus
2026-09-14T17:37:52.001186711Z     statsd:
2026-09-14T17:37:52.001191210Z         address: 127.0.0.1:8125
2026-09-14T17:37:52.001196630Z         network: udp
2026-09-14T17:37:52.001202852Z         writeinterval: 10s
2026-09-14T17:37:52.001209635Z operations:
2026-09-14T17:37:52.001215866Z     listenaddress: peer0.org2.example.com:9445
2026-09-14T17:37:52.001222108Z     tls:
2026-09-14T17:37:52.001228761Z         clientauthrequired: false
2026-09-14T17:37:52.001235173Z         clientrootcas:
2026-09-14T17:37:52.001241305Z             files: []
2026-09-14T17:37:52.001247326Z         enabled: false
2026-09-14T17:37:52.001253347Z peer:
2026-09-14T17:37:52.001260270Z     address: peer0.org2.example.com:9051
2026-09-14T17:37:52.001266562Z     addressautodetect: false
2026-09-14T17:37:52.001272694Z     authentication:
2026-09-14T17:37:52.001279086Z         timewindow: 15m
2026-09-14T17:37:52.001285188Z     bccsp:
2026-09-14T17:37:52.001291199Z         default: SW
2026-09-14T17:37:52.001297220Z         sw:
2026-09-14T17:37:52.001303392Z             hash: SHA2
2026-09-14T17:37:52.001315385Z             security: 256
2026-09-14T17:37:52.001324312Z     client:
2026-09-14T17:37:52.001330343Z         conntimeout: 3s
2026-09-14T17:37:52.001336545Z     deliveryclient:
2026-09-14T17:37:52.001342596Z         blockgossipenabled: true
2026-09-14T17:37:52.001348678Z         conntimeout: 3s
2026-09-14T17:37:52.001354870Z         reconnectbackoffthreshold: 3600s
2026-09-14T17:37:52.001361112Z         reconnecttotaltimethreshold: 3600s
2026-09-14T17:37:52.001367353Z     discovery:
2026-09-14T17:37:52.001373575Z         authcacheenabled: true
2026-09-14T17:37:52.001379697Z         authcachemaxsize: 1000
2026-09-14T17:37:52.001385939Z         authcachepurgeretentionratio: 0.75
2026-09-14T17:37:52.001392070Z         enabled: true
2026-09-14T17:37:52.001397921Z         orgmembersallowedaccess: false
2026-09-14T17:37:52.001402620Z     filesystempath: /var/hyperledger/production
2026-09-14T17:37:52.001407269Z     gateway:
2026-09-14T17:37:52.001413140Z         dialtimeout: 2m
2026-09-14T17:37:52.001419452Z         enabled: true
2026-09-14T17:37:52.001425574Z         endorsementtimeout: 30s
2026-09-14T17:37:52.001430984Z     gossip:
2026-09-14T17:37:52.001435502Z         aliveexpirationtimeout: 25s
2026-09-14T17:37:52.001440031Z         alivetimeinterval: 5s
2026-09-14T17:37:52.001445010Z         bootstrap: peer0.org2.example.com:9051
2026-09-14T17:37:52.001451372Z         conntimeout: 2s
2026-09-14T17:37:52.001458005Z         dialtimeout: 3s
2026-09-14T17:37:52.001464317Z         digestwaittime: 1s
2026-09-14T17:37:52.001470899Z         election:
2026-09-14T17:37:52.001477312Z             leaderalivethreshold: 10s
2026-09-14T17:37:52.001483553Z             leaderelectionduration: 5s
2026-09-14T17:37:52.001489745Z             membershipsampleinterval: 1s
2026-09-14T17:37:52.001496117Z             startupgraceperiod: 15s
2026-09-14T17:37:52.001502539Z         externalendpoint: peer0.org2.example.com:9051
2026-09-14T17:37:52.001507900Z         maxblockcounttostore: 10
2026-09-14T17:37:52.001512448Z         maxconnectionattempts: 120
2026-09-14T17:37:52.001517157Z         maxpropagationburstlatency: 10ms
2026-09-14T17:37:52.001521696Z         maxpropagationburstsize: 10
2026-09-14T17:37:52.001526194Z         membershiptrackerinterval: 5s
2026-09-14T17:37:52.001530713Z         msgexpirationfactor: 20
2026-09-14T17:37:52.001535221Z         orgleader: true
2026-09-14T17:37:52.001539880Z         propagateiterations: 1
2026-09-14T17:37:52.001544529Z         propagatepeernum: 3
2026-09-14T17:37:52.001554207Z         publishcertperiod: 10s
2026-09-14T17:37:52.001561170Z         publishstateinfointerval: 4s
2026-09-14T17:37:52.001566070Z         pullinterval: 4s
2026-09-14T17:37:52.001570598Z         pullpeernum: 3
2026-09-14T17:37:52.001575267Z         pvtdata:
2026-09-14T17:37:52.001579776Z             btlpullmargin: 10
2026-09-14T17:37:52.001584344Z             implicitcollectiondisseminationpolicy:
2026-09-14T17:37:52.001588883Z                 maxpeercount: 1
2026-09-14T17:37:52.001593442Z                 requiredpeercount: 0
2026-09-14T17:37:52.001597950Z             pullretrythreshold: 60s
2026-09-14T17:37:52.001602729Z             pushacktimeout: 3s
2026-09-14T17:37:52.001607338Z             reconcilebatchsize: 10
2026-09-14T17:37:52.001611887Z             reconcilesleepinterval: 1m
2026-09-14T17:37:52.001616385Z             reconciliationenabled: true
2026-09-14T17:37:52.001620904Z             skippullinginvalidtransactionsduringcommit: false
2026-09-14T17:37:52.001625482Z             transientstoremaxblockretention: 1000
2026-09-14T17:37:52.001630041Z         reconnectinterval: 25s
2026-09-14T17:37:52.001634970Z         recvbuffsize: 20
2026-09-14T17:37:52.001639539Z         requeststateinfointerval: 4s
2026-09-14T17:37:52.001644047Z         requestwaittime: 1500ms
2026-09-14T17:37:52.001648967Z         responsewaittime: 2s
2026-09-14T17:37:52.001655038Z         sendbuffsize: 200
2026-09-14T17:37:52.001660759Z         skipblockverification: false
2026-09-14T17:37:52.001666420Z         state:
2026-09-14T17:37:52.001670999Z             batchsize: 10
2026-09-14T17:37:52.001676930Z             blockbuffersize: 20
2026-09-14T17:37:52.001681569Z             checkinterval: 10s
2026-09-14T17:37:52.001687059Z             enabled: false
2026-09-14T17:37:52.001693541Z             maxretries: 3
2026-09-14T17:37:52.001699022Z             responsetimeout: 3s
2026-09-14T17:37:52.001703560Z         useleaderelection: false
2026-09-14T17:37:52.001708139Z     handlers:
2026-09-14T17:37:52.001712677Z         authfilters:
2026-09-14T17:37:52.001717206Z             - name: DefaultAuth
2026-09-14T17:37:52.001721855Z             - name: ExpirationCheck
2026-09-14T17:37:52.001726554Z         decorators:
2026-09-14T17:37:52.001731223Z             - name: DefaultDecorator
2026-09-14T17:37:52.001735861Z         endorsers:
2026-09-14T17:37:52.001748075Z             escc:
2026-09-14T17:37:52.001753675Z                 name: DefaultEndorsement
2026-09-14T17:37:52.001763233Z         validators:
2026-09-14T17:37:52.001770206Z             vscc:
2026-09-14T17:37:52.001775116Z                 name: DefaultValidation
2026-09-14T17:37:52.001779815Z     id: peer0.org2.example.com
2026-09-14T17:37:52.001784363Z     keepalive:
2026-09-14T17:37:52.001788932Z         client:
2026-09-14T17:37:52.001793581Z             interval: 60s
2026-09-14T17:37:52.001798270Z             timeout: 20s
2026-09-14T17:37:52.001802818Z         deliveryclient:
2026-09-14T17:37:52.001807327Z             interval: 60s
2026-09-14T17:37:52.001811815Z             timeout: 20s
2026-09-14T17:37:52.001816354Z         interval: 7200s
2026-09-14T17:37:52.001820872Z         mininterval: 60s
2026-09-14T17:37:52.001825391Z         timeout: 20s
2026-09-14T17:37:52.001829900Z     limits:
2026-09-14T17:37:52.001834428Z         concurrency:
2026-09-14T17:37:52.001838957Z             deliverservice: 2500
2026-09-14T17:37:52.001843495Z             endorserservice: 2500
2026-09-14T17:37:52.001848014Z     listenaddress: 0.0.0.0:9051
2026-09-14T17:37:52.001852532Z     localmspid: Org2MSP
2026-09-14T17:37:52.001857111Z     localmsptype: bccsp
2026-09-14T17:37:52.001861650Z     maxrecvmsgsize: 104857600
2026-09-14T17:37:52.001866168Z     maxsendmsgsize: 104857600
2026-09-14T17:37:52.001870717Z     mspconfigpath: /etc/hyperledger/fabric/msp
2026-09-14T17:37:52.001875376Z     networkid: dev
2026-09-14T17:37:52.001880004Z     profile:
2026-09-14T17:37:52.001885244Z         enabled: "false"
2026-09-14T17:37:52.001893320Z         listenaddress: 0.0.0.0:6060
2026-09-14T17:37:52.001897958Z     tls:
2026-09-14T17:37:52.001902537Z         cert:
2026-09-14T17:37:52.001905172Z             file: /etc/hyperledger/fabric/tls/server.crt
2026-09-14T17:37:52.001907827Z         clientauthrequired: false
2026-09-14T17:37:52.001910432Z         clientrootcas:
2026-09-14T17:37:52.001913137Z             files:
2026-09-14T17:37:52.001915742Z                 - tls/ca.crt
2026-09-14T17:37:52.001918527Z         enabled: "true"
2026-09-14T17:37:52.001921283Z         key:
2026-09-14T17:37:52.001923888Z             file: /etc/hyperledger/fabric/tls/server.key
2026-09-14T17:37:52.001926733Z         rootcert:
2026-09-14T17:37:52.001929398Z             file: /etc/hyperledger/fabric/tls/ca.crt
2026-09-14T17:37:52.001932063Z vm:
2026-09-14T17:37:52.001934778Z     docker:
2026-09-14T17:37:52.001937433Z         attachstdout: false
2026-09-14T17:37:52.001943014Z         hostconfig:
2026-09-14T17:37:52.001946691Z             logconfig:
2026-09-14T17:37:52.001949326Z                 config:
2026-09-14T17:37:52.001951931Z                     max-file: "5"
2026-09-14T17:37:52.001954816Z                     max-size: 50m
2026-09-14T17:37:52.001957441Z                 type: json-file
2026-09-14T17:37:52.001960136Z             memory: 2147483648
2026-09-14T17:37:52.001962741Z             networkmode: fabric_test
2026-09-14T17:37:52.001965366Z         tls:
2026-09-14T17:37:52.001967961Z             ca:
2026-09-14T17:37:52.001970586Z                 file: docker/ca.crt
2026-09-14T17:37:52.001973632Z             cert:
2026-09-14T17:37:52.001976307Z                 file: docker/tls.crt
2026-09-14T17:37:52.001978922Z             enabled: false
2026-09-14T17:37:52.001981537Z             key:
2026-09-14T17:37:52.001984152Z                 file: docker/tls.key
2026-09-14T17:37:52.001986777Z     endpoint: unix:///host/var/run/docker.sock
2026-09-14T17:37:52.001989462Z [34m2026-09-14 17:37:52.000 UTC 0003 INFO[0m [peer] [34;1mgetLocalAddress[0m -> Auto-detected peer address: 172.18.0.6:9051
2026-09-14T17:37:52.001992377Z [34m2026-09-14 17:37:52.000 UTC 0004 INFO[0m [peer] [34;1mgetLocalAddress[0m -> Returning peer0.org2.example.com:9051
2026-09-14T17:37:52.002035098Z [34m2026-09-14 17:37:52.001 UTC 0005 INFO[0m [nodeCmd] [34;1minitGrpcSemaphores[0m -> concurrency limit for endorser service is 2500
2026-09-14T17:37:52.002039687Z [34m2026-09-14 17:37:52.002 UTC 0006 INFO[0m [nodeCmd] [34;1minitGrpcSemaphores[0m -> concurrency limit for deliver service is 2500
2026-09-14T17:37:52.002043324Z [34m2026-09-14 17:37:52.002 UTC 0007 INFO[0m [nodeCmd] [34;1mserve[0m -> Starting peer with TLS enabled
2026-09-14T17:37:52.154467158Z [34m2026-09-14 17:37:52.154 UTC 0008 INFO[0m [deliveryClient] [34;1mloadDeliverServiceConfig[0m -> peer.deliveryclient.blockCensorshipTimeoutKey is not set, defaulting to 30000000000 s.
2026-09-14T17:37:52.154486675Z [34m2026-09-14 17:37:52.154 UTC 0009 INFO[0m [deliveryClient] [34;1mloadDeliverServiceConfig[0m -> peer.deliveryclient.minimalReconnectInterval is not set, defaulting to 100000000 ms.
2026-09-14T17:37:52.154492907Z [34m2026-09-14 17:37:52.154 UTC 000a INFO[0m [deliveryClient] [34;1mloadDeliverServiceConfig[0m -> peer.deliveryclient.policy is not set, defaulting to cluster.
2026-09-14T17:37:52.154670924Z [34m2026-09-14 17:37:52.154 UTC 000b INFO[0m [certmonitor] [34;1mtrackCertExpiration[0m -> The enrollment certificate will expire on 2036-09-11 17:33:00 +0000 UTC
2026-09-14T17:37:52.154687025Z [34m2026-09-14 17:37:52.154 UTC 000c INFO[0m [certmonitor] [34;1mtrackCertExpiration[0m -> The server TLS certificate will expire on 2036-09-11 17:33:00 +0000 UTC
2026-09-14T17:37:52.154958259Z [34m2026-09-14 17:37:52.154 UTC 000d INFO[0m [ledgermgmt] [34;1mNewLedgerMgr[0m -> Initializing LedgerMgr
2026-09-14T17:37:52.388782710Z [34m2026-09-14 17:37:52.388 UTC 000e INFO[0m [leveldbhelper] [34;1mopenDBAndCheckFormat[0m -> DB is empty Setting db format as 2.0
2026-09-14T17:37:52.399863401Z [34m2026-09-14 17:37:52.399 UTC 000f INFO[0m [blkstorage] [34;1mNewProvider[0m -> Creating new file ledger directory at /var/hyperledger/production/ledgersData/chains/chains
2026-09-14T17:37:52.535544408Z [34m2026-09-14 17:37:52.535 UTC 0010 INFO[0m [leveldbhelper] [34;1mopenDBAndCheckFormat[0m -> DB is empty Setting db format as 2.5
2026-09-14T17:37:52.625806702Z [34m2026-09-14 17:37:52.625 UTC 0011 INFO[0m [leveldbhelper] [34;1mopenDBAndCheckFormat[0m -> DB is empty Setting db format as 2.0
2026-09-14T17:37:52.775769024Z [34m2026-09-14 17:37:52.775 UTC 0012 INFO[0m [leveldbhelper] [34;1mopenDBAndCheckFormat[0m -> DB is empty Setting db format as 2.0
2026-09-14T17:37:52.786557612Z [34m2026-09-14 17:37:52.786 UTC 0013 INFO[0m [ledgermgmt] [34;1mNewLedgerMgr[0m -> Initialized LedgerMgr
2026-09-14T17:37:52.786740027Z [34m2026-09-14 17:37:52.786 UTC 0014 INFO[0m [grpc] [34;1mAddTraceEvent[0m -> [core] [Server #1] Server created
2026-09-14T17:37:52.787015890Z [34m2026-09-14 17:37:52.786 UTC 0015 INFO[0m [gossip.service] [34;1mNew[0m -> Initialize gossip with endpoint peer0.org2.example.com:9051
2026-09-14T17:37:52.787768075Z [34m2026-09-14 17:37:52.787 UTC 0016 INFO[0m [gossip.gossip] [34;1mNew[0m -> Creating gossip service with self membership of Endpoint: peer0.org2.example.com:9051, InternalEndpoint: peer0.org2.example.com:9051, PKI-ID: 0ae6c7e720f56b8c1c83f62b0af969b906e30caeb14f6b70d205e88b5b4a00a7, Metadata: 
2026-09-14T17:37:52.787932045Z [34m2026-09-14 17:37:52.787 UTC 0017 INFO[0m [lifecycle] [34;1mInitializeLocalChaincodes[0m -> Initialized lifecycle cache with 0 already installed chaincodes
2026-09-14T17:37:52.787945531Z [34m2026-09-14 17:37:52.787 UTC 0018 INFO[0m [gossip.gossip] [34;1mstart[0m -> Gossip instance peer0.org2.example.com:9051 started
2026-09-14T17:37:52.788133657Z [34m2026-09-14 17:37:52.788 UTC 0019 INFO[0m [nodeCmd] [34;1mcomputeChaincodeEndpoint[0m -> Entering computeChaincodeEndpoint with peerHostname: peer0.org2.example.com
2026-09-14T17:37:52.788139649Z [34m2026-09-14 17:37:52.788 UTC 001a INFO[0m [nodeCmd] [34;1mcomputeChaincodeEndpoint[0m -> Exit with ccEndpoint: peer0.org2.example.com:9052
2026-09-14T17:37:52.788404140Z [34m2026-09-14 17:37:52.788 UTC 001b INFO[0m [grpc] [34;1mAddTraceEvent[0m -> [core] [Server #2] Server created
2026-09-14T17:37:52.788663070Z [34m2026-09-14 17:37:52.788 UTC 001c INFO[0m [sccapi] [34;1mDeploySysCC[0m -> deploying system chaincode 'cscc'
2026-09-14T17:37:52.788694660Z [34m2026-09-14 17:37:52.788 UTC 001d INFO[0m [grpc] [34;1mAddTraceEvent[0m -> [core] [Server #2 ListenSocket #3] ListenSocket created
2026-09-14T17:37:52.788732592Z [34m2026-09-14 17:37:52.788 UTC 001e INFO[0m [sccapi] [34;1mDeploySysCC[0m -> deploying system chaincode 'qscc'
2026-09-14T17:37:52.788761587Z [34m2026-09-14 17:37:52.788 UTC 001f INFO[0m [sccapi] [34;1mDeploySysCC[0m -> deploying system chaincode '_lifecycle'
2026-09-14T17:37:52.788828494Z [34m2026-09-14 17:37:52.788 UTC 0020 INFO[0m [nodeCmd] [34;1mserve[0m -> Deployed system chaincodes
2026-09-14T17:37:52.788914917Z [34m2026-09-14 17:37:52.788 UTC 0021 INFO[0m [discovery] [34;1mNewService[0m -> Created with config TLS: true, authCacheMaxSize: 1000, authCachePurgeRatio: 0.750000
2026-09-14T17:37:52.788929595Z [34m2026-09-14 17:37:52.788 UTC 0022 INFO[0m [nodeCmd] [34;1mserve[0m -> Discovery service activated
2026-09-14T17:37:52.788950675Z [34m2026-09-14 17:37:52.788 UTC 0023 INFO[0m [nodeCmd] [34;1mserve[0m -> Starting peer with ID=[peer0.org2.example.com], network ID=[dev], address=[peer0.org2.example.com:9051]
2026-09-14T17:37:52.789034724Z [34m2026-09-14 17:37:52.788 UTC 0024 INFO[0m [nodeCmd] [34;1mserve[0m -> Started peer with ID=[peer0.org2.example.com], network ID=[dev], address=[peer0.org2.example.com:9051]
2026-09-14T17:37:52.789063148Z [34m2026-09-14 17:37:52.789 UTC 0025 INFO[0m [kvledger] [34;1mLoadPreResetHeight[0m -> Loading prereset height from path [/var/hyperledger/production/ledgersData/chains]
2026-09-14T17:37:52.789075442Z [34m2026-09-14 17:37:52.789 UTC 0026 INFO[0m [blkstorage] [34;1mpreResetHtFiles[0m -> No active channels passed
2026-09-14T17:37:52.789098926Z [34m2026-09-14 17:37:52.789 UTC 0027 INFO[0m [nodeCmd] [34;1mserve[0m -> Starting peer with Gateway enabled
2026-09-14T17:37:52.789151205Z [34m2026-09-14 17:37:52.789 UTC 0028 INFO[0m [grpc] [34;1mAddTraceEvent[0m -> [core] [Server #1 ListenSocket #4] ListenSocket created
2026-09-14T17:38:01.592673095Z [34m2026-09-14 17:38:01.592 UTC 0029 INFO[0m [ledgermgmt] [34;1mCreateLedger[0m -> Creating ledger [mychannel] with genesis block
2026-09-14T17:38:01.668286982Z [34m2026-09-14 17:38:01.668 UTC 002a INFO[0m [blkstorage] [34;1mnewBlockfileMgr[0m -> Getting block information from block storage
2026-09-14T17:38:01.712587407Z [34m2026-09-14 17:38:01.712 UTC 002b INFO[0m [kvledger] [34;1mcommit[0m -> [mychannel] Committed block [0] with 1 transaction(s) in 27ms (state_validation=0ms block_and_pvtdata_commit=16ms state_commit=5ms) commitHash=[]
2026-09-14T17:38:01.712600261Z [34m2026-09-14 17:38:01.712 UTC 002c INFO[0m [kvledger] [34;1mupdateLedgerStatus[0m -> Updating ledger [mychannel] status to [ACTIVE]
2026-09-14T17:38:01.717943244Z [34m2026-09-14 17:38:01.717 UTC 002d INFO[0m [ledgermgmt] [34;1mCreateLedger[0m -> Created ledger [mychannel] with genesis block
2026-09-14T17:38:01.719722424Z [34m2026-09-14 17:38:01.719 UTC 002e INFO[0m [gossip.gossip] [34;1mJoinChan[0m -> Joining gossip network of channel mychannel with 2 organizations
2026-09-14T17:38:01.719754074Z [34m2026-09-14 17:38:01.719 UTC 002f INFO[0m [gossip.gossip] [34;1mlearnAnchorPeers[0m -> No configured anchor peers of Org1MSP for channel mychannel to learn about
2026-09-14T17:38:01.719770134Z [34m2026-09-14 17:38:01.719 UTC 0030 INFO[0m [gossip.gossip] [34;1mlearnAnchorPeers[0m -> No configured anchor peers of Org2MSP for channel mychannel to learn about
2026-09-14T17:38:01.719777559Z [34m2026-09-14 17:38:01.719 UTC 0031 INFO[0m [gateway] [34;1mconfigUpdate[0m -> Updating orderer config channel=mychannel
2026-09-14T17:38:01.719957008Z [34m2026-09-14 17:38:01.719 UTC 0032 INFO[0m [gossip.state] [34;1mNewGossipStateProvider[0m -> Updating metadata information for channel mychannel, current ledger sequence is at = 0, next expected block is = 1
2026-09-14T17:38:01.722299115Z [34m2026-09-14 17:38:01.722 UTC 0033 INFO[0m [deliveryClient] [34;1mcreateBlockDelivererBFT[0m -> Creating a BFT (byzantine fault tolerant) BlockDeliverer for channel `mychannel`
2026-09-14T17:38:01.724131707Z [34m2026-09-14 17:38:01.724 UTC 0034 INFO[0m [peer.orderers] [34;1mUpdate[0m -> Processing updates for orderer endpoints: global: []; orgs: map[OrdererOrg:{[orderer.example.com:7050 orderer2.example.com:7052 orderer3.example.com:7056 orderer4.example.com:7058] [[45 45 45 45 45 66 69 71 73 78 32 67 69 82 84 73 70 73 67 65 84 69 45 45 45 45 45 10 77 73 73 67 82 84 67 67 65 101 113 103 65 119 73 66 65 103 73 82 65 77 100 79 43 54 75 80 112 73 113 84 99 43 88 82 82 82 114 47 69 120 69 119 67 103 89 73 75 111 90 73 122 106 48 69 65 119 73 119 98 68 69 76 10 77 65 107 71 65 49 85 69 66 104 77 67 86 86 77 120 69 122 65 82 66 103 78 86 66 65 103 84 67 107 78 104 98 71 108 109 98 51 74 117 97 87 69 120 70 106 65 85 66 103 78 86 66 65 99 84 68 86 78 104 98 105 66 71 10 99 109 70 117 89 50 108 122 89 50 56 120 70 68 65 83 66 103 78 86 66 65 111 84 67 50 86 52 89 87 49 119 98 71 85 117 89 50 57 116 77 82 111 119 71 65 89 68 86 81 81 68 69 120 70 48 98 72 78 106 89 83 53 108 10 101 71 70 116 99 71 120 108 76 109 78 118 98 84 65 101 70 119 48 121 78 106 65 53 77 84 81 120 78 122 77 122 77 68 66 97 70 119 48 122 78 106 65 53 77 84 69 120 78 122 77 122 77 68 66 97 77 71 119 120 67 122 65 74 10 66 103 78 86 66 65 89 84 65 108 86 84 77 82 77 119 69 81 89 68 86 81 81 73 69 119 112 68 89 87 120 112 90 109 57 121 98 109 108 104 77 82 89 119 70 65 89 68 86 81 81 72 69 119 49 84 89 87 52 103 82 110 74 104 10 98 109 78 112 99 50 78 118 77 82 81 119 69 103 89 68 86 81 81 75 69 119 116 108 101 71 70 116 99 71 120 108 76 109 78 118 98 84 69 97 77 66 103 71 65 49 85 69 65 120 77 82 100 71 120 122 89 50 69 117 90 88 104 104 10 98 88 66 115 90 83 53 106 98 50 48 119 87 84 65 84 66 103 99 113 104 107 106 79 80 81 73 66 66 103 103 113 104 107 106 79 80 81 77 66 66 119 78 67 65 65 82 57 85 79 84 71 112 101 55 77 43 72 49 85 77 108 54 115 10 105 50 79 51 105 121 99 81 70 112 101 113 71 74 67 56 118 48 47 82 97 85 84 113 54 107 98 86 68 121 105 50 55 73 115 72 90 104 72 74 101 81 115 101 85 120 89 76 103 51 51 80 54 67 74 50 68 69 65 82 121 98 88 74 10 80 47 65 120 111 50 48 119 97 122 65 79 66 103 78 86 72 81 56 66 65 102 56 69 66 65 77 67 65 97 89 119 72 81 89 68 86 82 48 108 66 66 89 119 70 65 89 73 75 119 89 66 66 81 85 72 65 119 73 71 67 67 115 71 10 65 81 85 70 66 119 77 66 77 65 56 71 65 49 85 100 69 119 69 66 47 119 81 70 77 65 77 66 65 102 56 119 75 81 89 68 86 82 48 79 66 67 73 69 73 65 120 75 69 110 100 99 97 53 81 119 75 120 56 72 55 118 110 73 10 122 99 73 81 66 90 102 111 119 74 99 71 120 115 112 76 89 85 82 68 110 113 43 77 77 65 111 71 67 67 113 71 83 77 52 57 66 65 77 67 65 48 107 65 77 69 89 67 73 81 67 78 43 86 115 104 119 104 87 104 99 103 115 47 10 103 66 79 57 109 65 98 77 73 97 49 53 81 70 52 109 82 78 103 77 100 90 80 90 83 104 103 53 121 81 73 104 65 80 43 70 97 70 87 110 48 53 52 109 49 80 76 104 73 51 54 56 48 66 47 77 56 105 114 67 109 84 55 70 10 43 55 103 53 102 81 53 112 77 89 99 97 10 45 45 45 45 45 69 78 68 32 67 69 82 84 73 70 73 67 65 84 69 45 45 45 45 45 10]]}]
2026-09-14T17:38:01.724149200Z [34m2026-09-14 17:38:01.724 UTC 0035 INFO[0m [deliveryClient] [34;1mStartDeliverForChannel[0m -> This peer will retrieve blocks from ordering service and disseminate to other peers in the organization channel=mychannel
2026-09-14T17:38:01.724230745Z [34m2026-09-14 17:38:01.724 UTC 0036 INFO[0m [endorser] [34;1mcallChaincode[0m -> finished chaincode: cscc duration: 133ms channel= txID=0f64f3a7
2026-09-14T17:38:01.724244792Z [34m2026-09-14 17:38:01.724 UTC 0037 INFO[0m [peer.blocksprovider] [34;1minitDeliverBlocks[0m -> Starting to DeliverBlocks on channel `mychannel`, block height=1 channel=mychannel
2026-09-14T17:38:01.724252045Z [34m2026-09-14 17:38:01.724 UTC 0038 INFO[0m [comm.grpc.server] [34;1mfunc1[0m -> unary call completed grpc.service=protos.Endorser grpc.method=ProcessProposal grpc.peer_address=172.18.0.1:56294 grpc.code=OK grpc.call_duration=134.197711ms
2026-09-14T17:38:01.724267475Z [34m2026-09-14 17:38:01.724 UTC 0039 INFO[0m [peer.blocksprovider] [34;1mrefreshSources[0m -> Refreshed endpoints: [Address: orderer2.example.com:7052, CertHash: E5A0D10FE6DDE2109A2A53A40A9E2C51 Address: orderer.example.com:7050, CertHash: E5A0D10FE6DDE2109A2A53A40A9E2C51 Address: orderer3.example.com:7056, CertHash: E5A0D10FE6DDE2109A2A53A40A9E2C51 Address: orderer4.example.com:7058, CertHash: E5A0D10FE6DDE2109A2A53A40A9E2C51] channel=mychannel
2026-09-14T17:38:01.724594564Z [34m2026-09-14 17:38:01.724 UTC 003a INFO[0m [grpc] [34;1mInfof[0m -> [core] original dial target is: "orderer.example.com:7050"
2026-09-14T17:38:01.724613580Z [34m2026-09-14 17:38:01.724 UTC 003b INFO[0m [grpc] [34;1mInfof[0m -> [core] original dial target is: "orderer2.example.com:7052"
2026-09-14T17:38:01.724626845Z [34m2026-09-14 17:38:01.724 UTC 003c INFO[0m [grpc] [34;1mAddTraceEvent[0m -> [core] [Channel #6] Channel created for target "orderer.example.com:7050"
2026-09-14T17:38:01.724636033Z [34m2026-09-14 17:38:01.724 UTC 003d INFO[0m [grpc] [34;1mAddTraceEvent[0m -> [core] [Channel #7] Channel created for target "orderer2.example.com:7052"
2026-09-14T17:38:01.724643878Z [34m2026-09-14 17:38:01.724 UTC 003e INFO[0m [grpc] [34;1mAddTraceEvent[0m -> [core] [Channel #6] parsed dial target is: resolver.Target{URL:url.URL{Scheme:"passthrough", Opaque:"", User:(*url.Userinfo)(nil), Host:"", Path:"/orderer.example.com:7050", Fragment:"", RawQuery:"", RawPath:"", RawFragment:"", ForceQuery:false, OmitHost:false}}
2026-09-14T17:38:01.724652754Z [34m2026-09-14 17:38:01.724 UTC 003f INFO[0m [grpc] [34;1mAddTraceEvent[0m -> [core] [Channel #6] Channel authority set to "orderer.example.com:7050"
2026-09-14T17:38:01.724660189Z [34m2026-09-14 17:38:01.724 UTC 0040 INFO[0m [grpc] [34;1mAddTraceEvent[0m -> [core] [Channel #7] parsed dial target is: resolver.Target{URL:url.URL{Scheme:"passthrough", Opaque:"", User:(*url.Userinfo)(nil), Host:"", Path:"/orderer2.example.com:7052", Fragment:"", RawQuery:"", RawPath:"", RawFragment:"", ForceQuery:false, OmitHost:false}}
2026-09-14T17:38:01.724676399Z [34m2026-09-14 17:38:01.724 UTC 0041 INFO[0m [grpc] [34;1mAddTraceEvent[0m -> [core] [Channel #7] Channel authority set to "orderer2.example.com:7052"
2026-09-14T17:38:01.724688502Z [34m2026-09-14 17:38:01.724 UTC 0042 INFO[0m [grpc] [34;1mAddTraceEvent[0m -> [core] [Channel #6] Channel Connectivity change to CONNECTING
2026-09-14T17:38:01.724697028Z [34m2026-09-14 17:38:01.724 UTC 0043 INFO[0m [grpc] [34;1mAddTraceEvent[0m -> [core] [Channel #7] Channel Connectivity change to CONNECTING
2026-09-14T17:38:01.724850880Z [34m2026-09-14 17:38:01.724 UTC 0044 INFO[0m [grpc] [34;1mAddTraceEvent[0m -> [core] [Channel #6] Resolver state updated: {
2026-09-14T17:38:01.724858314Z   "Addresses": [
2026-09-14T17:38:01.724861590Z     {
2026-09-14T17:38:01.724864375Z       "Addr": "orderer.example.com:7050",
2026-09-14T17:38:01.724867241Z       "ServerName": "",
2026-09-14T17:38:01.724869916Z       "Attributes": null,
2026-09-14T17:38:01.724872561Z       "BalancerAttributes": null,
2026-09-14T17:38:01.724875356Z       "Metadata": null
2026-09-14T17:38:01.724878071Z     }
2026-09-14T17:38:01.724880736Z   ],
2026-09-14T17:38:01.724883321Z   "Endpoints": [
2026-09-14T17:38:01.724885946Z     {
2026-09-14T17:38:01.724888631Z       "Addresses": [
2026-09-14T17:38:01.724891236Z         {
2026-09-14T17:38:01.724894011Z           "Addr": "orderer.example.com:7050",
2026-09-14T17:38:01.724896707Z           "ServerName": "",
2026-09-14T17:38:01.724899382Z           "Attributes": null,
2026-09-14T17:38:01.724907026Z           "BalancerAttributes": null,
2026-09-14T17:38:01.724910242Z           "Metadata": null
2026-09-14T17:38:01.724912847Z         }
2026-09-14T17:38:01.724915422Z       ],
2026-09-14T17:38:01.724918017Z       "Attributes": null
2026-09-14T17:38:01.724920622Z     }
2026-09-14T17:38:01.724923277Z   ],
2026-09-14T17:38:01.724925902Z   "ServiceConfig": null,
2026-09-14T17:38:01.724928517Z   "Attributes": null
2026-09-14T17:38:01.724931172Z } (resolver returned new addresses)
2026-09-14T17:38:01.724934528Z [34m2026-09-14 17:38:01.724 UTC 0045 INFO[0m [grpc] [34;1mAddTraceEvent[0m -> [core] [Channel #6] Channel switches to new LB policy "pick_first"
2026-09-14T17:38:01.724937724Z [34m2026-09-14 17:38:01.724 UTC 0046 INFO[0m [grpc] [34;1mAddTraceEvent[0m -> [core] [Channel #7] Resolver state updated: {
2026-09-14T17:38:01.724940520Z   "Addresses": [
2026-09-14T17:38:01.724943135Z     {
2026-09-14T17:38:01.724949647Z       "Addr": "orderer2.example.com:7052",
2026-09-14T17:38:01.724955778Z       "ServerName": "",
2026-09-14T17:38:01.724958584Z       "Attributes": null,
2026-09-14T17:38:01.724962151Z       "BalancerAttributes": null,
2026-09-14T17:38:01.724965888Z       "Metadata": null
2026-09-14T17:38:01.724968953Z     }
2026-09-14T17:38:01.724971518Z   ],
2026-09-14T17:38:01.724974113Z   "Endpoints": [
2026-09-14T17:38:01.724976698Z     {
2026-09-14T17:38:01.724979393Z       "Addresses": [
2026-09-14T17:38:01.724982068Z         {
2026-09-14T17:38:01.724984653Z           "Addr": "orderer2.example.com:7052",
2026-09-14T17:38:01.724987979Z           "ServerName": "",
2026-09-14T17:38:01.724991546Z           "Attributes": null,
2026-09-14T17:38:01.724994592Z           "BalancerAttributes": null,
2026-09-14T17:38:01.724997217Z           "Metadata": null
2026-09-14T17:38:01.724999902Z         }
2026-09-14T17:38:01.725002517Z       ],
2026-09-14T17:38:01.725005172Z       "Attributes": null
2026-09-14T17:38:01.725007937Z     }
2026-09-14T17:38:01.725010502Z   ],
2026-09-14T17:38:01.725013047Z   "ServiceConfig": null,
2026-09-14T17:38:01.725015652Z   "Attributes": null
2026-09-14T17:38:01.725018257Z } (resolver returned new addresses)
2026-09-14T17:38:01.725020882Z [34m2026-09-14 17:38:01.724 UTC 0047 INFO[0m [grpc] [34;1mInfof[0m -> [pick-first-leaf-lb] [pick-first-leaf-lb 0x1102dc8cfe60] Received new config {
2026-09-14T17:38:01.725023637Z   "shuffleAddressList": false
2026-09-14T17:38:01.725026242Z }, resolver state {
2026-09-14T17:38:01.725028837Z   "Addresses": [
2026-09-14T17:38:01.725031442Z     {
2026-09-14T17:38:01.725034017Z       "Addr": "orderer.example.com:7050",
2026-09-14T17:38:01.725036752Z       "ServerName": "",
2026-09-14T17:38:01.725039367Z       "Attributes": null,
2026-09-14T17:38:01.725041962Z       "BalancerAttributes": null,
2026-09-14T17:38:01.725044577Z       "Metadata": null
2026-09-14T17:38:01.725047162Z     }
2026-09-14T17:38:01.725049706Z   ],
2026-09-14T17:38:01.725052261Z   "Endpoints": [
2026-09-14T17:38:01.725054826Z     {
2026-09-14T17:38:01.725057361Z       "Addresses": [
2026-09-14T17:38:01.725059936Z         {
2026-09-14T17:38:01.725062511Z           "Addr": "orderer.example.com:7050",
2026-09-14T17:38:01.725065146Z           "ServerName": "",
2026-09-14T17:38:01.725070626Z           "Attributes": null,
2026-09-14T17:38:01.725074493Z           "BalancerAttributes": null,
2026-09-14T17:38:01.725077128Z           "Metadata": null
2026-09-14T17:38:01.725079833Z         }
2026-09-14T17:38:01.725082529Z       ],
2026-09-14T17:38:01.725085184Z       "Attributes": null
2026-09-14T17:38:01.725087789Z     }
2026-09-14T17:38:01.725090424Z   ],
2026-09-14T17:38:01.725093209Z   "ServiceConfig": null,
2026-09-14T17:38:01.725095834Z   "Attributes": null
2026-09-14T17:38:01.725098439Z }
2026-09-14T17:38:01.725102086Z [34m2026-09-14 17:38:01.724 UTC 0048 INFO[0m [grpc] [34;1mAddTraceEvent[0m -> [core] [Channel #7] Channel switches to new LB policy "pick_first"
2026-09-14T17:38:01.725104971Z [34m2026-09-14 17:38:01.724 UTC 0049 INFO[0m [grpc] [34;1mAddTraceEvent[0m -> [core] [Channel #6 SubChannel #8] Subchannel created
2026-09-14T17:38:01.725107706Z [34m2026-09-14 17:38:01.724 UTC 004a INFO[0m [grpc] [34;1mInfof[0m -> [pick-first-leaf-lb] [pick-first-leaf-lb 0x1102ddf078c0] Received new config {
2026-09-14T17:38:01.725110431Z   "shuffleAddressList": false
2026-09-14T17:38:01.725113016Z }, resolver state {
2026-09-14T17:38:01.725115611Z   "Addresses": [
2026-09-14T17:38:01.725118206Z     {
2026-09-14T17:38:01.725120771Z       "Addr": "orderer2.example.com:7052",
2026-09-14T17:38:01.725123406Z       "ServerName": "",
2026-09-14T17:38:01.725125991Z       "Attributes": null,
2026-09-14T17:38:01.725128786Z       "BalancerAttributes": null,
2026-09-14T17:38:01.725131371Z       "Metadata": null
2026-09-14T17:38:01.725134046Z     }
2026-09-14T17:38:01.725136711Z   ],
2026-09-14T17:38:01.725139266Z   "Endpoints": [
2026-09-14T17:38:01.725142482Z     {
2026-09-14T17:38:01.725145929Z       "Addresses": [
2026-09-14T17:38:01.725149435Z         {
2026-09-14T17:38:01.725152591Z           "Addr": "orderer2.example.com:7052",
2026-09-14T17:38:01.725155347Z           "ServerName": "",
2026-09-14T17:38:01.725157951Z           "Attributes": null,
2026-09-14T17:38:01.725160606Z           "BalancerAttributes": null,
2026-09-14T17:38:01.725163211Z           "Metadata": null
2026-09-14T17:38:01.725165766Z         }
2026-09-14T17:38:01.725168421Z       ],
2026-09-14T17:38:01.725171758Z       "Attributes": null
2026-09-14T17:38:01.725175465Z     }
2026-09-14T17:38:01.725178641Z   ],
2026-09-14T17:38:01.725182217Z   "ServiceConfig": null,
2026-09-14T17:38:01.725188499Z   "Attributes": null
2026-09-14T17:38:01.725193208Z }
2026-09-14T17:38:01.725196875Z [34m2026-09-14 17:38:01.724 UTC 004b INFO[0m [grpc] [34;1mAddTraceEvent[0m -> [core] [Channel #6] Channel exiting idle mode
2026-09-14T17:38:01.725200652Z [34m2026-09-14 17:38:01.724 UTC 004c INFO[0m [grpc] [34;1mAddTraceEvent[0m -> [core] [Channel #7 SubChannel #9] Subchannel created
2026-09-14T17:38:01.725204730Z [34m2026-09-14 17:38:01.724 UTC 004d INFO[0m [grpc] [34;1mAddTraceEvent[0m -> [core] [Channel #7] Channel exiting idle mode
2026-09-14T17:38:01.725207535Z [34m2026-09-14 17:38:01.724 UTC 004e INFO[0m [grpc] [34;1mAddTraceEvent[0m -> [core] [Channel #6 SubChannel #8] Subchannel Connectivity change to CONNECTING
2026-09-14T17:38:01.725210281Z [34m2026-09-14 17:38:01.725 UTC 004f INFO[0m [grpc] [34;1mAddTraceEvent[0m -> [core] [Channel #7 SubChannel #9] Subchannel Connectivity change to CONNECTING
2026-09-14T17:38:01.725213116Z [34m2026-09-14 17:38:01.725 UTC 0050 INFO[0m [grpc] [34;1mAddTraceEvent[0m -> [core] [Channel #6 SubChannel #8] Subchannel picks a new address "orderer.example.com:7050" to connect
2026-09-14T17:38:01.725216372Z [34m2026-09-14 17:38:01.725 UTC 0051 INFO[0m [grpc] [34;1mAddTraceEvent[0m -> [core] [Channel #7 SubChannel #9] Subchannel picks a new address "orderer2.example.com:7052" to connect
2026-09-14T17:38:01.726511916Z [34m2026-09-14 17:38:01.726 UTC 0052 INFO[0m [grpc] [34;1mAddTraceEvent[0m -> [core] [Channel #6 SubChannel #8] Subchannel Connectivity change to READY
2026-09-14T17:38:01.726525632Z [34m2026-09-14 17:38:01.726 UTC 0053 INFO[0m [grpc] [34;1mAddTraceEvent[0m -> [core] [Channel #7 SubChannel #9] Subchannel Connectivity change to READY
2026-09-14T17:38:01.726529289Z [34m2026-09-14 17:38:01.726 UTC 0054 INFO[0m [grpc] [34;1mInfof[0m -> [pick-first-leaf-lb] [pick-first-leaf-lb 0x1102ddf078c0] SubConn 0x1102ddf45680 reported connectivity state READY and the health listener is disabled. Transitioning SubConn to READY.
2026-09-14T17:38:01.726532526Z [34m2026-09-14 17:38:01.726 UTC 0056 INFO[0m [grpc] [34;1mAddTraceEvent[0m -> [core] [Channel #7] Channel Connectivity change to READY
2026-09-14T17:38:01.726535461Z [34m2026-09-14 17:38:01.726 UTC 0055 INFO[0m [grpc] [34;1mInfof[0m -> [pick-first-leaf-lb] [pick-first-leaf-lb 0x1102dc8cfe60] SubConn 0x1102dc8d2ff0 reported connectivity state READY and the health listener is disabled. Transitioning SubConn to READY.
2026-09-14T17:38:01.726539389Z [34m2026-09-14 17:38:01.726 UTC 0057 INFO[0m [grpc] [34;1mAddTraceEvent[0m -> [core] [Channel #6] Channel Connectivity change to READY
2026-09-14T17:38:01.726752933Z [34m2026-09-14 17:38:01.726 UTC 0058 INFO[0m [grpc] [34;1mInfof[0m -> [core] original dial target is: "orderer3.example.com:7056"
2026-09-14T17:38:01.726775706Z [34m2026-09-14 17:38:01.726 UTC 0059 INFO[0m [grpc] [34;1mAddTraceEvent[0m -> [core] [Channel #12] Channel created for target "orderer3.example.com:7056"
2026-09-14T17:38:01.726789132Z [34m2026-09-14 17:38:01.726 UTC 005a INFO[0m [grpc] [34;1mAddTraceEvent[0m -> [core] [Channel #12] parsed dial target is: resolver.Target{URL:url.URL{Scheme:"passthrough", Opaque:"", User:(*url.Userinfo)(nil), Host:"", Path:"/orderer3.example.com:7056", Fragment:"", RawQuery:"", RawPath:"", RawFragment:"", ForceQuery:false, OmitHost:false}}
2026-09-14T17:38:01.726799121Z [34m2026-09-14 17:38:01.726 UTC 005b INFO[0m [grpc] [34;1mAddTraceEvent[0m -> [core] [Channel #12] Channel authority set to "orderer3.example.com:7056"
2026-09-14T17:38:01.726802287Z [34m2026-09-14 17:38:01.726 UTC 005c INFO[0m [BlockReceiver] [34;1mStart[0m -> BlockReceiver starting orderer-address=orderer2.example.com:7052
2026-09-14T17:38:01.726805242Z [34m2026-09-14 17:38:01.726 UTC 005d INFO[0m [grpc] [34;1mAddTraceEvent[0m -> [core] [Channel #12] Channel Connectivity change to CONNECTING
2026-09-14T17:38:01.726822625Z [34m2026-09-14 17:38:01.726 UTC 005e INFO[0m [grpc] [34;1mAddTraceEvent[0m -> [core] [Channel #12] Resolver state updated: {
2026-09-14T17:38:01.726826242Z   "Addresses": [
2026-09-14T17:38:01.726829097Z     {
2026-09-14T17:38:01.726831732Z       "Addr": "orderer3.example.com:7056",
2026-09-14T17:38:01.726834458Z       "ServerName": "",
2026-09-14T17:38:01.726837193Z       "Attributes": null,
2026-09-14T17:38:01.726839918Z       "BalancerAttributes": null,
2026-09-14T17:38:01.726842783Z       "Metadata": null
2026-09-14T17:38:01.726845619Z     }
2026-09-14T17:38:01.726848234Z   ],
2026-09-14T17:38:01.726850899Z   "Endpoints": [
2026-09-14T17:38:01.726853554Z     {
2026-09-14T17:38:01.726856279Z       "Addresses": [
2026-09-14T17:38:01.726859114Z         {
2026-09-14T17:38:01.726861839Z           "Addr": "orderer3.example.com:7056",
2026-09-14T17:38:01.726864555Z           "ServerName": "",
2026-09-14T17:38:01.726867270Z           "Attributes": null,
2026-09-14T17:38:01.726869915Z           "BalancerAttributes": null,
2026-09-14T17:38:01.726872770Z           "Metadata": null
2026-09-14T17:38:01.726875415Z         }
2026-09-14T17:38:01.726878070Z       ],
2026-09-14T17:38:01.726880675Z       "Attributes": null
2026-09-14T17:38:01.726883450Z     }
2026-09-14T17:38:01.726886125Z   ],
2026-09-14T17:38:01.726888941Z   "ServiceConfig": null,
2026-09-14T17:38:01.726891666Z   "Attributes": null
2026-09-14T17:38:01.726894311Z } (resolver returned new addresses)
2026-09-14T17:38:01.726897798Z [34m2026-09-14 17:38:01.726 UTC 005f INFO[0m [grpc] [34;1mAddTraceEvent[0m -> [core] [Channel #12] Channel switches to new LB policy "pick_first"
2026-09-14T17:38:01.726901004Z [34m2026-09-14 17:38:01.726 UTC 0060 INFO[0m [grpc] [34;1mInfof[0m -> [pick-first-leaf-lb] [pick-first-leaf-lb 0x1102de0ff830] Received new config {
2026-09-14T17:38:01.726907215Z   "shuffleAddressList": false
2026-09-14T17:38:01.726912295Z }, resolver state {
2026-09-14T17:38:01.726914930Z   "Addresses": [
2026-09-14T17:38:01.726917545Z     {
2026-09-14T17:38:01.726920160Z       "Addr": "orderer3.example.com:7056",
2026-09-14T17:38:01.726922835Z       "ServerName": "",
2026-09-14T17:38:01.726925470Z       "Attributes": null,
2026-09-14T17:38:01.726928225Z       "BalancerAttributes": null,
2026-09-14T17:38:01.726931101Z       "Metadata": null
2026-09-14T17:38:01.726933796Z     }
2026-09-14T17:38:01.726936551Z   ],
2026-09-14T17:38:01.726939356Z   "Endpoints": [
2026-09-14T17:38:01.726941981Z     {
2026-09-14T17:38:01.726944596Z       "Addresses": [
2026-09-14T17:38:01.726947311Z         {
2026-09-14T17:38:01.726949986Z           "Addr": "orderer3.example.com:7056",
2026-09-14T17:38:01.726952631Z           "ServerName": "",
2026-09-14T17:38:01.726955286Z           "Attributes": null,
2026-09-14T17:38:01.726958032Z           "BalancerAttributes": null,
2026-09-14T17:38:01.726960827Z           "Metadata": null
2026-09-14T17:38:01.726963522Z         }
2026-09-14T17:38:01.726966397Z       ],
2026-09-14T17:38:01.726969764Z       "Attributes": null
2026-09-14T17:38:01.726972479Z     }
2026-09-14T17:38:01.726975254Z   ],
2026-09-14T17:38:01.726977839Z   "ServiceConfig": null,
2026-09-14T17:38:01.726980785Z   "Attributes": null
2026-09-14T17:38:01.726983780Z }
2026-09-14T17:38:01.726986946Z [34m2026-09-14 17:38:01.726 UTC 0061 INFO[0m [grpc] [34;1mAddTraceEvent[0m -> [core] [Channel #12 SubChannel #13] Subchannel created
2026-09-14T17:38:01.726992427Z [34m2026-09-14 17:38:01.726 UTC 0062 INFO[0m [grpc] [34;1mAddTraceEvent[0m -> [core] [Channel #12] Channel exiting idle mode
2026-09-14T17:38:01.726996755Z [34m2026-09-14 17:38:01.726 UTC 0063 INFO[0m [grpc] [34;1mAddTraceEvent[0m -> [core] [Channel #12 SubChannel #13] Subchannel Connectivity change to CONNECTING
2026-09-14T17:38:01.727000582Z [34m2026-09-14 17:38:01.726 UTC 0064 INFO[0m [grpc] [34;1mAddTraceEvent[0m -> [core] [Channel #12 SubChannel #13] Subchannel picks a new address "orderer3.example.com:7056" to connect
2026-09-14T17:38:01.727043223Z [34m2026-09-14 17:38:01.727 UTC 0065 INFO[0m [grpc] [34;1mInfof[0m -> [transport] [server-transport 0x1102dad924e0] Closing: EOF
2026-09-14T17:38:01.727069122Z [34m2026-09-14 17:38:01.727 UTC 0066 INFO[0m [grpc] [34;1mInfof[0m -> [transport] [server-transport 0x1102dad924e0] loopyWriter exiting with error: transport closed by client
2026-09-14T17:38:01.728103983Z [34m2026-09-14 17:38:01.728 UTC 0067 INFO[0m [grpc] [34;1mAddTraceEvent[0m -> [core] [Channel #12 SubChannel #13] Subchannel Connectivity change to READY
2026-09-14T17:38:01.728119602Z [34m2026-09-14 17:38:01.728 UTC 0068 INFO[0m [grpc] [34;1mInfof[0m -> [pick-first-leaf-lb] [pick-first-leaf-lb 0x1102de0ff830] SubConn 0x1102de2a67d0 reported connectivity state READY and the health listener is disabled. Transitioning SubConn to READY.
2026-09-14T17:38:01.728123840Z [34m2026-09-14 17:38:01.728 UTC 0069 INFO[0m [grpc] [34;1mAddTraceEvent[0m -> [core] [Channel #12] Channel Connectivity change to READY
2026-09-14T17:38:01.728224521Z [34m2026-09-14 17:38:01.728 UTC 006a INFO[0m [grpc] [34;1mInfof[0m -> [core] original dial target is: "orderer4.example.com:7058"
2026-09-14T17:38:01.728230673Z [34m2026-09-14 17:38:01.728 UTC 006b INFO[0m [grpc] [34;1mAddTraceEvent[0m -> [core] [Channel #15] Channel created for target "orderer4.example.com:7058"
2026-09-14T17:38:01.728238638Z [34m2026-09-14 17:38:01.728 UTC 006c INFO[0m [grpc] [34;1mAddTraceEvent[0m -> [core] [Channel #15] parsed dial target is: resolver.Target{URL:url.URL{Scheme:"passthrough", Opaque:"", User:(*url.Userinfo)(nil), Host:"", Path:"/orderer4.example.com:7058", Fragment:"", RawQuery:"", RawPath:"", RawFragment:"", ForceQuery:false, OmitHost:false}}
2026-09-14T17:38:01.728242405Z [34m2026-09-14 17:38:01.728 UTC 006d INFO[0m [grpc] [34;1mAddTraceEvent[0m -> [core] [Channel #15] Channel authority set to "orderer4.example.com:7058"
2026-09-14T17:38:01.728256091Z [34m2026-09-14 17:38:01.728 UTC 006e INFO[0m [grpc] [34;1mAddTraceEvent[0m -> [core] [Channel #15] Channel Connectivity change to CONNECTING
2026-09-14T17:38:01.728281900Z [34m2026-09-14 17:38:01.728 UTC 006f INFO[0m [grpc] [34;1mAddTraceEvent[0m -> [core] [Channel #15] Resolver state updated: {
2026-09-14T17:38:01.728285997Z   "Addresses": [
2026-09-14T17:38:01.728289394Z     {
2026-09-14T17:38:01.728293101Z       "Addr": "orderer4.example.com:7058",
2026-09-14T17:38:01.728296668Z       "ServerName": "",
2026-09-14T17:38:01.728300124Z       "Attributes": null,
2026-09-14T17:38:01.728303691Z       "BalancerAttributes": null,
2026-09-14T17:38:01.728307498Z       "Metadata": null
2026-09-14T17:38:01.728311285Z     }
2026-09-14T17:38:01.728314772Z   ],
2026-09-14T17:38:01.728318729Z   "Endpoints": [
2026-09-14T17:38:01.728322196Z     {
2026-09-14T17:38:01.728324861Z       "Addresses": [
2026-09-14T17:38:01.728327516Z         {
2026-09-14T17:38:01.728330131Z           "Addr": "orderer4.example.com:7058",
2026-09-14T17:38:01.728332806Z           "ServerName": "",
2026-09-14T17:38:01.728335641Z           "Attributes": null,
2026-09-14T17:38:01.728344628Z           "BalancerAttributes": null,
2026-09-14T17:38:01.728350369Z           "Metadata": null
2026-09-14T17:38:01.728353315Z         }
2026-09-14T17:38:01.728356100Z       ],
2026-09-14T17:38:01.728358715Z       "Attributes": null
2026-09-14T17:38:01.728361370Z     }
2026-09-14T17:38:01.728363965Z   ],
2026-09-14T17:38:01.728366520Z   "ServiceConfig": null,
2026-09-14T17:38:01.728369155Z   "Attributes": null
2026-09-14T17:38:01.728371910Z } (resolver returned new addresses)
2026-09-14T17:38:01.728374846Z [34m2026-09-14 17:38:01.728 UTC 0070 INFO[0m [grpc] [34;1mAddTraceEvent[0m -> [core] [Channel #15] Channel switches to new LB policy "pick_first"
2026-09-14T17:38:01.728377751Z [34m2026-09-14 17:38:01.728 UTC 0071 INFO[0m [grpc] [34;1mInfof[0m -> [pick-first-leaf-lb] [pick-first-leaf-lb 0x1102dca6ed80] Received new config {
2026-09-14T17:38:01.728380657Z   "shuffleAddressList": false
2026-09-14T17:38:01.728383302Z }, resolver state {
2026-09-14T17:38:01.728385957Z   "Addresses": [
2026-09-14T17:38:01.728388642Z     {
2026-09-14T17:38:01.728391467Z       "Addr": "orderer4.example.com:7058",
2026-09-14T17:38:01.728395194Z       "ServerName": "",
2026-09-14T17:38:01.728398611Z       "Attributes": null,
2026-09-14T17:38:01.728402248Z       "BalancerAttributes": null,
2026-09-14T17:38:01.728406115Z       "Metadata": null
2026-09-14T17:38:01.728413579Z     }
2026-09-14T17:38:01.728416955Z   ],
2026-09-14T17:38:01.728420522Z   "Endpoints": [
2026-09-14T17:38:01.728423849Z     {
2026-09-14T17:38:01.728427215Z       "Addresses": [
2026-09-14T17:38:01.728431032Z         {
2026-09-14T17:38:01.728434599Z           "Addr": "orderer4.example.com:7058",
2026-09-14T17:38:01.728438406Z           "ServerName": "",
2026-09-14T17:38:01.728442093Z           "Attributes": null,
2026-09-14T17:38:01.728445459Z           "BalancerAttributes": null,
2026-09-14T17:38:01.728448205Z           "Metadata": null
2026-09-14T17:38:01.728450860Z         }
2026-09-14T17:38:01.728453505Z       ],
2026-09-14T17:38:01.728456160Z       "Attributes": null
2026-09-14T17:38:01.728458845Z     }
2026-09-14T17:38:01.728461490Z   ],
2026-09-14T17:38:01.728464125Z   "ServiceConfig": null,
2026-09-14T17:38:01.728466800Z   "Attributes": null
2026-09-14T17:38:01.728469445Z }
2026-09-14T17:38:01.728472130Z [34m2026-09-14 17:38:01.728 UTC 0072 INFO[0m [grpc] [34;1mAddTraceEvent[0m -> [core] [Channel #15 SubChannel #16] Subchannel created
2026-09-14T17:38:01.728477941Z [34m2026-09-14 17:38:01.728 UTC 0073 INFO[0m [grpc] [34;1mAddTraceEvent[0m -> [core] [Channel #15] Channel exiting idle mode
2026-09-14T17:38:01.728482139Z [34m2026-09-14 17:38:01.728 UTC 0074 INFO[0m [grpc] [34;1mAddTraceEvent[0m -> [core] [Channel #15 SubChannel #16] Subchannel Connectivity change to CONNECTING
2026-09-14T17:38:01.728485024Z [34m2026-09-14 17:38:01.728 UTC 0075 INFO[0m [grpc] [34;1mAddTraceEvent[0m -> [core] [Channel #15 SubChannel #16] Subchannel picks a new address "orderer4.example.com:7058" to connect
2026-09-14T17:38:01.729268078Z [34m2026-09-14 17:38:01.729 UTC 0076 INFO[0m [grpc] [34;1mAddTraceEvent[0m -> [core] [Channel #15 SubChannel #16] Subchannel Connectivity change to READY
2026-09-14T17:38:01.729278307Z [34m2026-09-14 17:38:01.729 UTC 0077 INFO[0m [grpc] [34;1mInfof[0m -> [pick-first-leaf-lb] [pick-first-leaf-lb 0x1102dca6ed80] SubConn 0x1102db426d20 reported connectivity state READY and the health listener is disabled. Transitioning SubConn to READY.
2026-09-14T17:38:01.729282295Z [34m2026-09-14 17:38:01.729 UTC 0078 INFO[0m [grpc] [34;1mAddTraceEvent[0m -> [core] [Channel #15] Channel Connectivity change to READY
2026-09-14T17:38:02.259235959Z [34m2026-09-14 17:38:02.256 UTC 0079 INFO[0m [gossip.privdata] [34;1mStoreBlock[0m -> Received block [1] from buffer channel=mychannel
2026-09-14T17:38:02.259273811Z [34m2026-09-14 17:38:02.257 UTC 007a INFO[0m [BlockReceiver] [34;1mprocessMsg[0m -> Updated config block 1 orderer-address=orderer2.example.com:7052
2026-09-14T17:38:02.259625577Z [34m2026-09-14 17:38:02.259 UTC 007b INFO[0m [BFTHeaderReceiver] [34;1mDeliverHeaders[0m -> [mychannel][orderer4.example.com:7058] Applied config block to header verifier, blockNum = [1]
2026-09-14T17:38:02.260097140Z [34m2026-09-14 17:38:02.259 UTC 007c INFO[0m [BFTHeaderReceiver] [34;1mDeliverHeaders[0m -> [mychannel][orderer.example.com:7050] Applied config block to header verifier, blockNum = [1]
2026-09-14T17:38:02.261040708Z [34m2026-09-14 17:38:02.260 UTC 007d INFO[0m [peer.orderers] [34;1mUpdate[0m -> Processing updates for orderer endpoints: global: []; orgs: map[OrdererOrg:{[orderer.example.com:7050 orderer2.example.com:7052 orderer3.example.com:7056 orderer4.example.com:7058] [[45 45 45 45 45 66 69 71 73 78 32 67 69 82 84 73 70 73 67 65 84 69 45 45 45 45 45 10 77 73 73 67 82 84 67 67 65 101 113 103 65 119 73 66 65 103 73 82 65 77 100 79 43 54 75 80 112 73 113 84 99 43 88 82 82 82 114 47 69 120 69 119 67 103 89 73 75 111 90 73 122 106 48 69 65 119 73 119 98 68 69 76 10 77 65 107 71 65 49 85 69 66 104 77 67 86 86 77 120 69 122 65 82 66 103 78 86 66 65 103 84 67 107 78 104 98 71 108 109 98 51 74 117 97 87 69 120 70 106 65 85 66 103 78 86 66 65 99 84 68 86 78 104 98 105 66 71 10 99 109 70 117 89 50 108 122 89 50 56 120 70 68 65 83 66 103 78 86 66 65 111 84 67 50 86 52 89 87 49 119 98 71 85 117 89 50 57 116 77 82 111 119 71 65 89 68 86 81 81 68 69 120 70 48 98 72 78 106 89 83 53 108 10 101 71 70 116 99 71 120 108 76 109 78 118 98 84 65 101 70 119 48 121 78 106 65 53 77 84 81 120 78 122 77 122 77 68 66 97 70 119 48 122 78 106 65 53 77 84 69 120 78 122 77 122 77 68 66 97 77 71 119 120 67 122 65 74 10 66 103 78 86 66 65 89 84 65 108 86 84 77 82 77 119 69 81 89 68 86 81 81 73 69 119 112 68 89 87 120 112 90 109 57 121 98 109 108 104 77 82 89 119 70 65 89 68 86 81 81 72 69 119 49 84 89 87 52 103 82 110 74 104 10 98 109 78 112 99 50 78 118 77 82 81 119 69 103 89 68 86 81 81 75 69 119 116 108 101 71 70 116 99 71 120 108 76 109 78 118 98 84 69 97 77 66 103 71 65 49 85 69 65 120 77 82 100 71 120 122 89 50 69 117 90 88 104 104 10 98 88 66 115 90 83 53 106 98 50 48 119 87 84 65 84 66 103 99 113 104 107 106 79 80 81 73 66 66 103 103 113 104 107 106 79 80 81 77 66 66 119 78 67 65 65 82 57 85 79 84 71 112 101 55 77 43 72 49 85 77 108 54 115 10 105 50 79 51 105 121 99 81 70 112 101 113 71 74 67 56 118 48 47 82 97 85 84 113 54 107 98 86 68 121 105 50 55 73 115 72 90 104 72 74 101 81 115 101 85 120 89 76 103 51 51 80 54 67 74 50 68 69 65 82 121 98 88 74 10 80 47 65 120 111 50 48 119 97 122 65 79 66 103 78 86 72 81 56 66 65 102 56 69 66 65 77 67 65 97 89 119 72 81 89 68 86 82 48 108 66 66 89 119 70 65 89 73 75 119 89 66 66 81 85 72 65 119 73 71 67 67 115 71 10 65 81 85 70 66 119 77 66 77 65 56 71 65 49 85 100 69 119 69 66 47 119 81 70 77 65 77 66 65 102 56 119 75 81 89 68 86 82 48 79 66 67 73 69 73 65 120 75 69 110 100 99 97 53 81 119 75 120 56 72 55 118 110 73 10 122 99 73 81 66 90 102 111 119 74 99 71 120 115 112 76 89 85 82 68 110 113 43 77 77 65 111 71 67 67 113 71 83 77 52 57 66 65 77 67 65 48 107 65 77 69 89 67 73 81 67 78 43 86 115 104 119 104 87 104 99 103 115 47 10 103 66 79 57 109 65 98 77 73 97 49 53 81 70 52 109 82 78 103 77 100 90 80 90 83 104 103 53 121 81 73 104 65 80 43 70 97 70 87 110 48 53 52 109 49 80 76 104 73 51 54 56 48 66 47 77 56 105 114 67 109 84 55 70 10 43 55 103 53 102 81 53 112 77 89 99 97 10 45 45 45 45 45 69 78 68 32 67 69 82 84 73 70 73 67 65 84 69 45 45 45 45 45 10]]}]
2026-09-14T17:38:02.262826090Z [34m2026-09-14 17:38:02.261 UTC 007e INFO[0m [BFTHeaderReceiver] [34;1mDeliverHeaders[0m -> [mychannel][orderer3.example.com:7056] Applied config block to header verifier, blockNum = [1]
2026-09-14T17:38:02.265603722Z [34m2026-09-14 17:38:02.265 UTC 007f INFO[0m [gossip.gossip] [34;1mJoinChan[0m -> Joining gossip network of channel mychannel with 2 organizations
2026-09-14T17:38:02.265621516Z [34m2026-09-14 17:38:02.265 UTC 0080 INFO[0m [gossip.gossip] [34;1mlearnAnchorPeers[0m -> Learning about the configured anchor peers of Org1MSP for channel mychannel: [{peer0.org1.example.com 7051}]
2026-09-14T17:38:02.265628790Z [34m2026-09-14 17:38:02.265 UTC 0081 INFO[0m [gossip.gossip] [34;1mlearnAnchorPeers[0m -> No configured anchor peers of Org2MSP for channel mychannel to learn about
2026-09-14T17:38:02.265827486Z [34m2026-09-14 17:38:02.265 UTC 0082 INFO[0m [grpc] [34;1mInfof[0m -> [core] original dial target is: "peer0.org1.example.com:7051"
2026-09-14T17:38:02.265840170Z [34m2026-09-14 17:38:02.265 UTC 0083 INFO[0m [grpc] [34;1mAddTraceEvent[0m -> [core] [Channel #18] Channel created for target "peer0.org1.example.com:7051"
2026-09-14T17:38:02.265847314Z [34m2026-09-14 17:38:02.265 UTC 0084 INFO[0m [grpc] [34;1mAddTraceEvent[0m -> [core] [Channel #18] parsed dial target is: resolver.Target{URL:url.URL{Scheme:"passthrough", Opaque:"", User:(*url.Userinfo)(nil), Host:"", Path:"/peer0.org1.example.com:7051", Fragment:"", RawQuery:"", RawPath:"", RawFragment:"", ForceQuery:false, OmitHost:false}}
2026-09-14T17:38:02.265861701Z [34m2026-09-14 17:38:02.265 UTC 0085 INFO[0m [grpc] [34;1mAddTraceEvent[0m -> [core] [Channel #18] Channel authority set to "peer0.org1.example.com:7051"
2026-09-14T17:38:02.265899883Z [34m2026-09-14 17:38:02.265 UTC 0086 INFO[0m [grpc] [34;1mAddTraceEvent[0m -> [core] [Channel #18] Channel Connectivity change to CONNECTING
2026-09-14T17:38:02.265911395Z [34m2026-09-14 17:38:02.265 UTC 0087 INFO[0m [gateway] [34;1mconfigUpdate[0m -> Updating orderer config channel=mychannel
2026-09-14T17:38:02.265944658Z [34m2026-09-14 17:38:02.265 UTC 0088 INFO[0m [committer.txvalidator] [34;1mvalidateTx[0m -> Config transaction validated and applied to channel resources channel=mychannel
2026-09-14T17:38:02.265972280Z [34m2026-09-14 17:38:02.265 UTC 0089 INFO[0m [grpc] [34;1mAddTraceEvent[0m -> [core] [Channel #18] Resolver state updated: {
2026-09-14T17:38:02.265978542Z   "Addresses": [
2026-09-14T17:38:02.265983221Z     {
2026-09-14T17:38:02.265987199Z       "Addr": "peer0.org1.example.com:7051",
2026-09-14T17:38:02.265991256Z       "ServerName": "",
2026-09-14T17:38:02.265995555Z       "Attributes": null,
2026-09-14T17:38:02.265999542Z       "BalancerAttributes": null,
2026-09-14T17:38:02.266003830Z       "Metadata": null
2026-09-14T17:38:02.266007798Z     }
2026-09-14T17:38:02.266012086Z   ],
2026-09-14T17:38:02.266016214Z   "Endpoints": [
2026-09-14T17:38:02.266020141Z     {
2026-09-14T17:38:02.266024730Z       "Addresses": [
2026-09-14T17:38:02.266029138Z         {
2026-09-14T17:38:02.266033106Z           "Addr": "peer0.org1.example.com:7051",
2026-09-14T17:38:02.266037223Z           "ServerName": "",
2026-09-14T17:38:02.266041582Z           "Attributes": null,
2026-09-14T17:38:02.266046992Z           "BalancerAttributes": null,
2026-09-14T17:38:02.266053835Z           "Metadata": null
2026-09-14T17:38:02.266058033Z         }
2026-09-14T17:38:02.266062020Z       ],
2026-09-14T17:38:02.266065978Z       "Attributes": null
2026-09-14T17:38:02.266069785Z     }
2026-09-14T17:38:02.266073913Z   ],
2026-09-14T17:38:02.266078051Z   "ServiceConfig": null,
2026-09-14T17:38:02.266082860Z   "Attributes": null
2026-09-14T17:38:02.266087909Z } (resolver returned new addresses)
2026-09-14T17:38:02.266092248Z [34m2026-09-14 17:38:02.265 UTC 008a INFO[0m [committer.txvalidator] [34;1mValidate[0m -> [mychannel] Validated block [1] in 9ms
2026-09-14T17:38:02.266126202Z [34m2026-09-14 17:38:02.265 UTC 008b INFO[0m [grpc] [34;1mAddTraceEvent[0m -> [core] [Channel #18] Channel switches to new LB policy "pick_first"
2026-09-14T17:38:02.266138766Z [34m2026-09-14 17:38:02.265 UTC 008c INFO[0m [grpc] [34;1mInfof[0m -> [pick-first-leaf-lb] [pick-first-leaf-lb 0x1102de0ffdd0] Received new config {
2026-09-14T17:38:02.266158042Z   "shuffleAddressList": false
2026-09-14T17:38:02.266172379Z }, resolver state {
2026-09-14T17:38:02.266178100Z   "Addresses": [
2026-09-14T17:38:02.266182519Z     {
2026-09-14T17:38:02.266186496Z       "Addr": "peer0.org1.example.com:7051",
2026-09-14T17:38:02.266190794Z       "ServerName": "",
2026-09-14T17:38:02.266194932Z       "Attributes": null,
2026-09-14T17:38:02.266198840Z       "BalancerAttributes": null,
2026-09-14T17:38:02.266202947Z       "Metadata": null
2026-09-14T17:38:02.266206925Z     }
2026-09-14T17:38:02.266210782Z   ],
2026-09-14T17:38:02.266214459Z   "Endpoints": [
2026-09-14T17:38:02.266218337Z     {
2026-09-14T17:38:02.266222054Z       "Addresses": [
2026-09-14T17:38:02.266226091Z         {
2026-09-14T17:38:02.266230029Z           "Addr": "peer0.org1.example.com:7051",
2026-09-14T17:38:02.266234157Z           "ServerName": "",
2026-09-14T17:38:02.266238134Z           "Attributes": null,
2026-09-14T17:38:02.266242552Z           "BalancerAttributes": null,
2026-09-14T17:38:02.266246690Z           "Metadata": null
2026-09-14T17:38:02.266250598Z         }
2026-09-14T17:38:02.266254435Z       ],
2026-09-14T17:38:02.266258573Z       "Attributes": null
2026-09-14T17:38:02.266262811Z     }
2026-09-14T17:38:02.266266748Z   ],
2026-09-14T17:38:02.266270465Z   "ServiceConfig": null,
2026-09-14T17:38:02.266274333Z   "Attributes": null
2026-09-14T17:38:02.266278140Z }
2026-09-14T17:38:02.266282408Z [34m2026-09-14 17:38:02.266 UTC 008d INFO[0m [grpc] [34;1mAddTraceEvent[0m -> [core] [Channel #18 SubChannel #19] Subchannel created
2026-09-14T17:38:02.266286395Z [34m2026-09-14 17:38:02.266 UTC 008e INFO[0m [grpc] [34;1mAddTraceEvent[0m -> [core] [Channel #18] Channel exiting idle mode
2026-09-14T17:38:02.266290764Z [34m2026-09-14 17:38:02.266 UTC 008f INFO[0m [grpc] [34;1mAddTraceEvent[0m -> [core] [Channel #18 SubChannel #19] Subchannel Connectivity change to CONNECTING
2026-09-14T17:38:02.266296284Z [34m2026-09-14 17:38:02.266 UTC 0090 INFO[0m [grpc] [34;1mAddTraceEvent[0m -> [core] [Channel #18 SubChannel #19] Subchannel picks a new address "peer0.org1.example.com:7051" to connect
2026-09-14T17:38:02.269959955Z [34m2026-09-14 17:38:02.269 UTC 0091 INFO[0m [grpc] [34;1mAddTraceEvent[0m -> [core] [Channel #18 SubChannel #19] Subchannel Connectivity change to READY
2026-09-14T17:38:02.269981636Z [34m2026-09-14 17:38:02.269 UTC 0092 INFO[0m [grpc] [34;1mInfof[0m -> [pick-first-leaf-lb] [pick-first-leaf-lb 0x1102de0ffdd0] SubConn 0x1102dedde550 reported connectivity state READY and the health listener is disabled. Transitioning SubConn to READY.
2026-09-14T17:38:02.270041449Z [34m2026-09-14 17:38:02.269 UTC 0093 INFO[0m [grpc] [34;1mAddTraceEvent[0m -> [core] [Channel #18] Channel Connectivity change to READY
2026-09-14T17:38:02.271992275Z [34m2026-09-14 17:38:02.271 UTC 0094 INFO[0m [grpc] [34;1mAddTraceEvent[0m -> [core] [Channel #18] Channel Connectivity change to SHUTDOWN
2026-09-14T17:38:02.272006352Z [34m2026-09-14 17:38:02.271 UTC 0095 INFO[0m [grpc] [34;1mAddTraceEvent[0m -> [core] [Channel #18] Closing the name resolver
2026-09-14T17:38:02.272107173Z [34m2026-09-14 17:38:02.271 UTC 0096 INFO[0m [grpc] [34;1mAddTraceEvent[0m -> [core] [Channel #18] ccBalancerWrapper: closing
2026-09-14T17:38:02.272120869Z [34m2026-09-14 17:38:02.272 UTC 0097 INFO[0m [grpc] [34;1mAddTraceEvent[0m -> [core] [Channel #18 SubChannel #19] Subchannel Connectivity change to SHUTDOWN
2026-09-14T17:38:02.272127110Z [34m2026-09-14 17:38:02.272 UTC 0098 INFO[0m [grpc] [34;1mAddTraceEvent[0m -> [core] [Channel #18 SubChannel #19] Subchannel deleted
2026-09-14T17:38:02.272163019Z [34m2026-09-14 17:38:02.272 UTC 0099 INFO[0m [grpc] [34;1mInfof[0m -> [transport] [client-transport 0x1102de2926c8] Closing: rpc error: code = Canceled desc = grpc: the client connection is closing
2026-09-14T17:38:02.272170513Z [34m2026-09-14 17:38:02.272 UTC 009a INFO[0m [grpc] [34;1mInfof[0m -> [transport] [client-transport 0x1102de2926c8] loopyWriter exiting with error: rpc error: code = Canceled desc = grpc: the client connection is closing
2026-09-14T17:38:02.272280150Z [34m2026-09-14 17:38:02.272 UTC 009b INFO[0m [grpc] [34;1mAddTraceEvent[0m -> [core] [Channel #18] Channel deleted
2026-09-14T17:38:02.272912128Z [34m2026-09-14 17:38:02.272 UTC 009c INFO[0m [grpc] [34;1mInfof[0m -> [core] original dial target is: "peer0.org1.example.com:7051"
2026-09-14T17:38:02.272932617Z [34m2026-09-14 17:38:02.272 UTC 009d INFO[0m [grpc] [34;1mAddTraceEvent[0m -> [core] [Channel #21] Channel created for target "peer0.org1.example.com:7051"
2026-09-14T17:38:02.272963325Z [34m2026-09-14 17:38:02.272 UTC 009e INFO[0m [grpc] [34;1mAddTraceEvent[0m -> [core] [Channel #21] parsed dial target is: resolver.Target{URL:url.URL{Scheme:"passthrough", Opaque:"", User:(*url.Userinfo)(nil), Host:"", Path:"/peer0.org1.example.com:7051", Fragment:"", RawQuery:"", RawPath:"", RawFragment:"", ForceQuery:false, OmitHost:false}}
2026-09-14T17:38:02.273009672Z [34m2026-09-14 17:38:02.272 UTC 009f INFO[0m [grpc] [34;1mAddTraceEvent[0m -> [core] [Channel #21] Channel authority set to "peer0.org1.example.com:7051"
2026-09-14T17:38:02.273016325Z [34m2026-09-14 17:38:02.272 UTC 00a0 INFO[0m [grpc] [34;1mAddTraceEvent[0m -> [core] [Channel #21] Channel Connectivity change to CONNECTING
2026-09-14T17:38:02.273095555Z [34m2026-09-14 17:38:02.273 UTC 00a1 INFO[0m [grpc] [34;1mAddTraceEvent[0m -> [core] [Channel #21] Resolver state updated: {
2026-09-14T17:38:02.273103320Z   "Addresses": [
2026-09-14T17:38:02.273117166Z     {
2026-09-14T17:38:02.273131764Z       "Addr": "peer0.org1.example.com:7051",
2026-09-14T17:38:02.273136182Z       "ServerName": "",
2026-09-14T17:38:02.273140641Z       "Attributes": null,
2026-09-14T17:38:02.273163063Z       "BalancerAttributes": null,
2026-09-14T17:38:02.273168684Z       "Metadata": null
2026-09-14T17:38:02.273173152Z     }
2026-09-14T17:38:02.273185726Z   ],
2026-09-14T17:38:02.273190375Z   "Endpoints": [
2026-09-14T17:38:02.273203430Z     {
2026-09-14T17:38:02.273207988Z       "Addresses": [
2026-09-14T17:38:02.273211946Z         {
2026-09-14T17:38:02.273216114Z           "Addr": "peer0.org1.example.com:7051",
2026-09-14T17:38:02.273220422Z           "ServerName": "",
2026-09-14T17:38:02.273224720Z           "Attributes": null,
2026-09-14T17:38:02.273229459Z           "BalancerAttributes": null,
2026-09-14T17:38:02.273233557Z           "Metadata": null
2026-09-14T17:38:02.273237564Z         }
2026-09-14T17:38:02.273241642Z       ],
2026-09-14T17:38:02.273245920Z       "Attributes": null
2026-09-14T17:38:02.273250098Z     }
2026-09-14T17:38:02.273254306Z   ],
2026-09-14T17:38:02.273258424Z   "ServiceConfig": null,
2026-09-14T17:38:02.273262662Z   "Attributes": null
2026-09-14T17:38:02.273266820Z } (resolver returned new addresses)
2026-09-14T17:38:02.273275135Z [34m2026-09-14 17:38:02.273 UTC 00a2 INFO[0m [grpc] [34;1mAddTraceEvent[0m -> [core] [Channel #21] Channel switches to new LB policy "pick_first"
2026-09-14T17:38:02.273282690Z [34m2026-09-14 17:38:02.273 UTC 00a3 INFO[0m [grpc] [34;1mInfof[0m -> [pick-first-leaf-lb] [pick-first-leaf-lb 0x1102def585a0] Received new config {
2026-09-14T17:38:02.273287078Z   "shuffleAddressList": false
2026-09-14T17:38:02.273291186Z }, resolver state {
2026-09-14T17:38:02.273295384Z   "Addresses": [
2026-09-14T17:38:02.273299742Z     {
2026-09-14T17:38:02.273303639Z       "Addr": "peer0.org1.example.com:7051",
2026-09-14T17:38:02.273307988Z       "ServerName": "",
2026-09-14T17:38:02.273312366Z       "Attributes": null,
2026-09-14T17:38:02.273316323Z       "BalancerAttributes": null,
2026-09-14T17:38:02.273347573Z       "Metadata": null
2026-09-14T17:38:02.273352282Z     }
2026-09-14T17:38:02.273356059Z   ],
2026-09-14T17:38:02.273360106Z   "Endpoints": [
2026-09-14T17:38:02.273364976Z     {
2026-09-14T17:38:02.273368813Z       "Addresses": [
2026-09-14T17:38:02.273378321Z         {
2026-09-14T17:38:02.273386526Z           "Addr": "peer0.org1.example.com:7051",
2026-09-14T17:38:02.273390865Z           "ServerName": "",
2026-09-14T17:38:02.273395213Z           "Attributes": null,
2026-09-14T17:38:02.273399882Z           "BalancerAttributes": null,
2026-09-14T17:38:02.273403699Z           "Metadata": null
2026-09-14T17:38:02.273407727Z         }
2026-09-14T17:38:02.273411764Z       ],
2026-09-14T17:38:02.273416263Z       "Attributes": null
2026-09-14T17:38:02.273420431Z     }
2026-09-14T17:38:02.273424528Z   ],
2026-09-14T17:38:02.273428726Z   "ServiceConfig": null,
2026-09-14T17:38:02.273433325Z   "Attributes": null
2026-09-14T17:38:02.273437633Z }
2026-09-14T17:38:02.273441611Z [34m2026-09-14 17:38:02.273 UTC 00a4 INFO[0m [grpc] [34;1mAddTraceEvent[0m -> [core] [Channel #21 SubChannel #22] Subchannel created
2026-09-14T17:38:02.273445929Z [34m2026-09-14 17:38:02.273 UTC 00a5 INFO[0m [grpc] [34;1mAddTraceEvent[0m -> [core] [Channel #21] Channel exiting idle mode
2026-09-14T17:38:02.273451119Z [34m2026-09-14 17:38:02.273 UTC 00a6 INFO[0m [grpc] [34;1mAddTraceEvent[0m -> [core] [Channel #21 SubChannel #22] Subchannel Connectivity change to CONNECTING
2026-09-14T17:38:02.273455798Z [34m2026-09-14 17:38:02.273 UTC 00a7 INFO[0m [grpc] [34;1mAddTraceEvent[0m -> [core] [Channel #21 SubChannel #22] Subchannel picks a new address "peer0.org1.example.com:7051" to connect
2026-09-14T17:38:02.275082539Z [34m2026-09-14 17:38:02.274 UTC 00a8 INFO[0m [grpc] [34;1mAddTraceEvent[0m -> [core] [Channel #21 SubChannel #22] Subchannel Connectivity change to READY
2026-09-14T17:38:02.275108759Z [34m2026-09-14 17:38:02.275 UTC 00a9 INFO[0m [grpc] [34;1mInfof[0m -> [pick-first-leaf-lb] [pick-first-leaf-lb 0x1102def585a0] SubConn 0x1102def48eb0 reported connectivity state READY and the health listener is disabled. Transitioning SubConn to READY.
2026-09-14T17:38:02.275114550Z [34m2026-09-14 17:38:02.275 UTC 00aa INFO[0m [grpc] [34;1mAddTraceEvent[0m -> [core] [Channel #21] Channel Connectivity change to READY
2026-09-14T17:38:02.317190642Z [34m2026-09-14 17:38:02.317 UTC 00ab INFO[0m [kvledger] [34;1mcommit[0m -> [mychannel] Committed block [1] with 1 transaction(s) in 51ms (state_validation=0ms block_and_pvtdata_commit=31ms state_commit=10ms) commitHash=[47dc540c94ceb704a23875c11273e16bb0b8a87aed84de911f2133568115f254]
2026-09-14T17:38:06.722937122Z [34m2026-09-14 17:38:06.720 UTC 00ac INFO[0m [gossip.channel] [34;1mreportMembershipChanges[0m -> [[mychannel] Membership view has changed. peers went online:  [[peer0.org1.example.com:7051 ]] , current view:  [[peer0.org1.example.com:7051 ]]]
2026-09-14T17:38:17.076236435Z [34m2026-09-14 17:38:17.076 UTC 00ad INFO[0m [endorser] [34;1mcallChaincode[0m -> finished chaincode: _lifecycle duration: 0ms channel= txID=816dfd90
2026-09-14T17:38:17.076257445Z [34m2026-09-14 17:38:17.076 UTC 00ae INFO[0m [comm.grpc.server] [34;1mfunc1[0m -> unary call completed grpc.service=protos.Endorser grpc.method=ProcessProposal grpc.peer_address=172.18.0.1:52772 grpc.code=OK grpc.call_duration=468.006µs
2026-09-14T17:38:17.076672251Z [34m2026-09-14 17:38:17.076 UTC 00af INFO[0m [grpc] [34;1mInfof[0m -> [transport] [server-transport 0x1102df138680] Closing: EOF
2026-09-14T17:38:17.076700154Z [34m2026-09-14 17:38:17.076 UTC 00b0 INFO[0m [grpc] [34;1mInfof[0m -> [transport] [server-transport 0x1102de00f1e0] Closing: EOF
2026-09-14T17:38:17.076704963Z [34m2026-09-14 17:38:17.076 UTC 00b1 INFO[0m [grpc] [34;1mInfof[0m -> [transport] [server-transport 0x1102df138680] loopyWriter exiting with error: transport closed by client
2026-09-14T17:38:17.076731774Z [34m2026-09-14 17:38:17.076 UTC 00b2 INFO[0m [grpc] [34;1mInfof[0m -> [transport] [server-transport 0x1102de00f1e0] loopyWriter exiting with error: transport closed by client
2026-09-14T17:38:17.499421738Z [34m2026-09-14 17:38:17.499 UTC 00b3 INFO[0m [chaincode.externalbuilder.ccaas_builder] [34;1mwaitForExit[0m -> ::Detect command=detect
2026-09-14T17:38:17.499449951Z [34m2026-09-14 17:38:17.499 UTC 00b4 INFO[0m [chaincode.externalbuilder.ccaas_builder] [34;1mwaitForExit[0m -> ::Error: chaincode type not supported: golang command=detect
2026-09-14T17:38:30.247968078Z [34m2026-09-14 17:38:30.247 UTC 00b5 INFO[0m [lifecycle] [34;1mInstallChaincode[0m -> Successfully installed chaincode with package ID 'kvstore_1.0:2ea7b22cef577b6fa4ca655d0dab5283b6734bee9c35f654d050c69a24ed4de2'
2026-09-14T17:38:30.248004067Z [34m2026-09-14 17:38:30.247 UTC 00b6 INFO[0m [endorser] [34;1mcallChaincode[0m -> finished chaincode: _lifecycle duration: 13092ms channel= txID=5adea70e
2026-09-14T17:38:30.248019806Z [34m2026-09-14 17:38:30.247 UTC 00b7 INFO[0m [comm.grpc.server] [34;1mfunc1[0m -> unary call completed grpc.service=protos.Endorser grpc.method=ProcessProposal grpc.peer_address=172.18.0.1:52792 grpc.code=OK grpc.call_duration=13.110276195s
2026-09-14T17:38:30.250689835Z [34m2026-09-14 17:38:30.250 UTC 00b8 INFO[0m [grpc] [34;1mInfof[0m -> [transport] [server-transport 0x1102de00f380] Closing: EOF
2026-09-14T17:38:30.250742675Z [34m2026-09-14 17:38:30.250 UTC 00b9 INFO[0m [grpc] [34;1mInfof[0m -> [transport] [server-transport 0x1102ddce8680] Closing: EOF
2026-09-14T17:38:30.250778844Z [34m2026-09-14 17:38:30.250 UTC 00ba INFO[0m [grpc] [34;1mInfof[0m -> [transport] [server-transport 0x1102de00f380] loopyWriter exiting with error: transport closed by client
2026-09-14T17:38:30.250794413Z [34m2026-09-14 17:38:30.250 UTC 00bb INFO[0m [grpc] [34;1mInfof[0m -> [transport] [server-transport 0x1102ddce8680] loopyWriter exiting with error: transport closed by client
2026-09-14T17:38:31.323643401Z [34m2026-09-14 17:38:31.323 UTC 00bc INFO[0m [gossip.privdata] [34;1mStoreBlock[0m -> Received block [2] from buffer channel=mychannel
2026-09-14T17:38:31.324192711Z [34m2026-09-14 17:38:31.324 UTC 00bd INFO[0m [committer.txvalidator] [34;1mValidate[0m -> [mychannel] Validated block [2] in 0ms
2026-09-14T17:38:31.351487443Z [34m2026-09-14 17:38:31.351 UTC 00be INFO[0m [kvledger] [34;1mcommit[0m -> [mychannel] Committed block [2] with 1 transaction(s) in 26ms (state_validation=0ms block_and_pvtdata_commit=16ms state_commit=5ms) commitHash=[e904f51904402268c3b306368f11bb2cd892fe073b4cd7e142a0174282488eb5]
2026-09-14T17:38:37.425320876Z [34m2026-09-14 17:38:37.425 UTC 00bf INFO[0m [lifecycle] [34;1mQueryOrgApprovals[0m -> org Org1MSP's mismatch items are []
2026-09-14T17:38:37.425341064Z [34m2026-09-14 17:38:37.425 UTC 00c0 INFO[0m [lifecycle] [34;1mQueryOrgApprovals[0m -> org Org2MSP's mismatch items are [ChaincodeParameters]
2026-09-14T17:38:37.425354219Z [34m2026-09-14 17:38:37.425 UTC 00c1 INFO[0m [lifecycle] [34;1mCheckCommitReadiness[0m -> Successfully checked commit readiness of chaincode name 'kvstore' on channel 'mychannel' with definition {sequence: 1, endorsement info: (version: '1.0', plugin: 'escc', init required: false), validation info: (plugin: 'vscc', policy: '12202f4368616e6e656c2f4170706c69636174696f6e2f456e646f7273656d656e74'), collections: (<nil>)}
2026-09-14T17:38:37.425429742Z [34m2026-09-14 17:38:37.425 UTC 00c2 INFO[0m [endorser] [34;1mcallChaincode[0m -> finished chaincode: _lifecycle duration: 0ms channel=mychannel txID=3e30f794
2026-09-14T17:38:37.425545331Z [34m2026-09-14 17:38:37.425 UTC 00c3 INFO[0m [comm.grpc.server] [34;1mfunc1[0m -> unary call completed grpc.service=protos.Endorser grpc.method=ProcessProposal grpc.peer_address=172.18.0.1:38480 grpc.code=OK grpc.call_duration=1.409891ms
2026-09-14T17:38:37.426042093Z [34m2026-09-14 17:38:37.425 UTC 00c4 INFO[0m [grpc] [34;1mInfof[0m -> [transport] [server-transport 0x1102daf7ed00] Closing: EOF
2026-09-14T17:38:37.426080886Z [34m2026-09-14 17:38:37.426 UTC 00c5 INFO[0m [grpc] [34;1mInfof[0m -> [transport] [server-transport 0x1102ddd9a9c0] Closing: EOF
2026-09-14T17:38:37.426101345Z [34m2026-09-14 17:38:37.426 UTC 00c6 INFO[0m [grpc] [34;1mInfof[0m -> [transport] [server-transport 0x1102daf7ed00] loopyWriter exiting with error: transport closed by client
2026-09-14T17:38:37.426136331Z [34m2026-09-14 17:38:37.426 UTC 00c7 INFO[0m [grpc] [34;1mInfof[0m -> [transport] [server-transport 0x1102ddd9a9c0] loopyWriter exiting with error: transport closed by client
2026-09-14T17:38:37.461711452Z [34m2026-09-14 17:38:37.461 UTC 00c8 INFO[0m [lifecycle] [34;1mApproveChaincodeDefinitionForOrg[0m -> Successfully endorsed chaincode approval with name 'kvstore', package ID 'kvstore_1.0:2ea7b22cef577b6fa4ca655d0dab5283b6734bee9c35f654d050c69a24ed4de2', on channel 'mychannel' with definition {sequence: 1, endorsement info: (version: '1.0', plugin: 'escc', init required: false), validation info: (plugin: 'vscc', policy: '12202f4368616e6e656c2f4170706c69636174696f6e2f456e646f7273656d656e74'), collections: ()}
2026-09-14T17:38:37.461730307Z [34m2026-09-14 17:38:37.461 UTC 00c9 INFO[0m [endorser] [34;1mcallChaincode[0m -> finished chaincode: _lifecycle duration: 0ms channel=mychannel txID=9b3984e1
2026-09-14T17:38:37.467849080Z [34m2026-09-14 17:38:37.467 UTC 00ca INFO[0m [comm.grpc.server] [34;1mfunc1[0m -> unary call completed grpc.service=protos.Endorser grpc.method=ProcessProposal grpc.peer_address=172.18.0.1:38506 grpc.code=OK grpc.call_duration=6.870367ms
2026-09-14T17:38:38.367384087Z [34m2026-09-14 17:38:38.367 UTC 00cb INFO[0m [gossip.privdata] [34;1mStoreBlock[0m -> Received block [3] from buffer channel=mychannel
2026-09-14T17:38:38.367992941Z [34m2026-09-14 17:38:38.367 UTC 00cc INFO[0m [committer.txvalidator] [34;1mValidate[0m -> [mychannel] Validated block [3] in 0ms
2026-09-14T17:38:38.368089093Z [34m2026-09-14 17:38:38.368 UTC 00cd INFO[0m [gossip.privdata] [34;1mRetrievePvtdata[0m -> Successfully fetched (or marked to reconcile later) all 1 eligible collection private write sets for block [3] (0 from local cache, 1 from transient store, 0 from other peers) channel=mychannel
2026-09-14T17:38:38.418379353Z [34m2026-09-14 17:38:38.418 UTC 00ce INFO[0m [kvledger] [34;1mcommit[0m -> [mychannel] Committed block [3] with 1 transaction(s) in 50ms (state_validation=0ms block_and_pvtdata_commit=29ms state_commit=10ms) commitHash=[98a4b208e1c832bbc11d628019c82983db19fc6d30a15a309762da0497dfb745]
2026-09-14T17:38:38.420712162Z [34m2026-09-14 17:38:38.420 UTC 00cf INFO[0m [grpc] [34;1mInfof[0m -> [transport] [server-transport 0x1102df138680] Closing: EOF
2026-09-14T17:38:38.420752028Z [34m2026-09-14 17:38:38.420 UTC 00d0 INFO[0m [grpc] [34;1mInfof[0m -> [transport] [server-transport 0x1102daf7eea0] Closing: EOF
2026-09-14T17:38:38.420797644Z [34m2026-09-14 17:38:38.420 UTC 00d1 INFO[0m [grpc] [34;1mInfof[0m -> [transport] [server-transport 0x1102df138680] loopyWriter exiting with error: transport closed by client
2026-09-14T17:38:38.420814186Z [34m2026-09-14 17:38:38.420 UTC 00d2 INFO[0m [grpc] [34;1mInfof[0m -> [transport] [server-transport 0x1102daf7eea0] loopyWriter exiting with error: transport closed by client
2026-09-14T17:38:38.420869551Z [34m2026-09-14 17:38:38.420 UTC 00d3 INFO[0m [comm.grpc.server] [34;1mfunc1[0m -> streaming call completed grpc.service=protos.Deliver grpc.method=DeliverFiltered grpc.request_deadline=2026-09-14T17:39:07.468Z grpc.peer_address=172.18.0.1:38516 error="context finished before block retrieved: context canceled" grpc.code=Unknown grpc.call_duration=952.203232ms
2026-09-14T17:38:44.490605447Z [34m2026-09-14 17:38:44.490 UTC 00d4 INFO[0m [lifecycle] [34;1mQueryOrgApprovals[0m -> org Org1MSP's mismatch items are []
2026-09-14T17:38:44.490654510Z [34m2026-09-14 17:38:44.490 UTC 00d5 INFO[0m [lifecycle] [34;1mQueryOrgApprovals[0m -> org Org2MSP's mismatch items are []
2026-09-14T17:38:44.490672985Z [34m2026-09-14 17:38:44.490 UTC 00d6 INFO[0m [lifecycle] [34;1mCheckCommitReadiness[0m -> Successfully checked commit readiness of chaincode name 'kvstore' on channel 'mychannel' with definition {sequence: 1, endorsement info: (version: '1.0', plugin: 'escc', init required: false), validation info: (plugin: 'vscc', policy: '12202f4368616e6e656c2f4170706c69636174696f6e2f456e646f7273656d656e74'), collections: (<nil>)}
2026-09-14T17:38:44.490710215Z [34m2026-09-14 17:38:44.490 UTC 00d7 INFO[0m [endorser] [34;1mcallChaincode[0m -> finished chaincode: _lifecycle duration: 0ms channel=mychannel txID=5810b258
2026-09-14T17:38:44.490855000Z [34m2026-09-14 17:38:44.490 UTC 00d8 INFO[0m [comm.grpc.server] [34;1mfunc1[0m -> unary call completed grpc.service=protos.Endorser grpc.method=ProcessProposal grpc.peer_address=172.18.0.1:38520 grpc.code=OK grpc.call_duration=785.017µs
2026-09-14T17:38:44.491310042Z [34m2026-09-14 17:38:44.491 UTC 00d9 INFO[0m [grpc] [34;1mInfof[0m -> [transport] [server-transport 0x1102de00f860] Closing: EOF
2026-09-14T17:38:44.491360317Z [34m2026-09-14 17:38:44.491 UTC 00da INFO[0m [grpc] [34;1mInfof[0m -> [transport] [server-transport 0x1102de00f860] loopyWriter exiting with error: transport closed by client
2026-09-14T17:38:44.491374274Z [34m2026-09-14 17:38:44.491 UTC 00db INFO[0m [grpc] [34;1mInfof[0m -> [transport] [server-transport 0x1102dad2c340] Closing: EOF
2026-09-14T17:38:44.491381627Z [34m2026-09-14 17:38:44.491 UTC 00dc INFO[0m [grpc] [34;1mInfof[0m -> [transport] [server-transport 0x1102dad2c340] loopyWriter exiting with error: transport closed by client
2026-09-14T17:38:44.530383631Z [34m2026-09-14 17:38:44.530 UTC 00dd INFO[0m [lifecycle] [34;1mQueryOrgApprovals[0m -> org Org1MSP's mismatch items are []
2026-09-14T17:38:44.530414790Z [34m2026-09-14 17:38:44.530 UTC 00de INFO[0m [lifecycle] [34;1mQueryOrgApprovals[0m -> org Org2MSP's mismatch items are []
2026-09-14T17:38:44.530422485Z [34m2026-09-14 17:38:44.530 UTC 00df INFO[0m [lifecycle] [34;1mCheckCommitReadiness[0m -> Successfully checked commit readiness of chaincode name 'kvstore' on channel 'mychannel' with definition {sequence: 1, endorsement info: (version: '1.0', plugin: 'escc', init required: false), validation info: (plugin: 'vscc', policy: '12202f4368616e6e656c2f4170706c69636174696f6e2f456e646f7273656d656e74'), collections: (<nil>)}
2026-09-14T17:38:44.530462461Z [34m2026-09-14 17:38:44.530 UTC 00e0 INFO[0m [lifecycle] [34;1mCommitChaincodeDefinition[0m -> Successfully endorsed commit for chaincode name 'kvstore' on channel 'mychannel' with definition {sequence: 1, endorsement info: (version: '1.0', plugin: 'escc', init required: false), validation info: (plugin: 'vscc', policy: '12202f4368616e6e656c2f4170706c69636174696f6e2f456e646f7273656d656e74'), collections: (<nil>)}
2026-09-14T17:38:44.530479473Z [34m2026-09-14 17:38:44.530 UTC 00e1 INFO[0m [endorser] [34;1mcallChaincode[0m -> finished chaincode: _lifecycle duration: 0ms channel=mychannel txID=c1c4df45
2026-09-14T17:38:44.530545198Z [34m2026-09-14 17:38:44.530 UTC 00e2 INFO[0m [comm.grpc.server] [34;1mfunc1[0m -> unary call completed grpc.service=protos.Endorser grpc.method=ProcessProposal grpc.peer_address=172.18.0.1:38536 grpc.code=OK grpc.call_duration=592.393µs
2026-09-14T17:38:45.391932732Z [34m2026-09-14 17:38:45.391 UTC 00e3 INFO[0m [gossip.privdata] [34;1mStoreBlock[0m -> Received block [4] from buffer channel=mychannel
2026-09-14T17:38:45.392673416Z [34m2026-09-14 17:38:45.392 UTC 00e4 INFO[0m [committer.txvalidator] [34;1mValidate[0m -> [mychannel] Validated block [4] in 0ms
2026-09-14T17:38:45.392835212Z [34m2026-09-14 17:38:45.392 UTC 00e5 INFO[0m [lifecycle] [34;1mupdate[0m -> Updating cached definition for chaincode 'kvstore' on channel 'mychannel'
2026-09-14T17:38:45.392895396Z [34m2026-09-14 17:38:45.392 UTC 00e6 INFO[0m [lifecycle] [34;1mupdate[0m -> Chaincode with package ID 'kvstore_1.0:2ea7b22cef577b6fa4ca655d0dab5283b6734bee9c35f654d050c69a24ed4de2' now available on channel mychannel for chaincode definition kvstore:1.0
2026-09-14T17:38:45.519944276Z [34m2026-09-14 17:38:45.519 UTC 00e7 INFO[0m [cceventmgmt] [34;1mHandleStateUpdates[0m -> Channel [mychannel]: Handling deploy or update of chaincode [kvstore]
2026-09-14T17:38:45.572147091Z [34m2026-09-14 17:38:45.572 UTC 00e8 INFO[0m [kvledger] [34;1mcommit[0m -> [mychannel] Committed block [4] with 1 transaction(s) in 179ms (state_validation=127ms block_and_pvtdata_commit=33ms state_commit=9ms) commitHash=[9ce04d741eaaa341aa8e13774fcc8ffa7a955a8b165063b890140ecc878869fa]
2026-09-14T17:38:45.574756415Z [34m2026-09-14 17:38:45.574 UTC 00e9 INFO[0m [grpc] [34;1mInfof[0m -> [transport] [server-transport 0x1102dad2c9c0] Closing: EOF
2026-09-14T17:38:45.574963758Z [34m2026-09-14 17:38:45.574 UTC 00ea INFO[0m [grpc] [34;1mInfof[0m -> [transport] [server-transport 0x1102dfcdc340] Closing: EOF
2026-09-14T17:38:45.574973817Z [34m2026-09-14 17:38:45.574 UTC 00eb INFO[0m [comm.grpc.server] [34;1mfunc1[0m -> streaming call completed grpc.service=protos.Deliver grpc.method=DeliverFiltered grpc.request_deadline=2026-09-14T17:39:14.531Z grpc.peer_address=172.18.0.1:38542 error="context finished before block retrieved: context canceled" grpc.code=Unknown grpc.call_duration=1.043626619s
2026-09-14T17:38:45.574979808Z [34m2026-09-14 17:38:45.574 UTC 00ec INFO[0m [grpc] [34;1mInfof[0m -> [transport] [server-transport 0x1102dad2c9c0] loopyWriter exiting with error: transport closed by client
2026-09-14T17:38:45.575008613Z [34m2026-09-14 17:38:45.574 UTC 00ed INFO[0m [grpc] [34;1mInfof[0m -> [transport] [server-transport 0x1102dfcdc340] loopyWriter exiting with error: transport closed by client
2026-09-14T17:38:51.642184469Z [34m2026-09-14 17:38:51.642 UTC 00ee INFO[0m [lifecycle] [34;1mQueryChaincodeDefinition[0m -> Successfully queried chaincode name 'kvstore' with definition {sequence: 1, endorsement info: (version: '1.0', plugin: 'escc', init required: false), validation info: (plugin: 'vscc', policy: '12202f4368616e6e656c2f4170706c69636174696f6e2f456e646f7273656d656e74'), collections: ()},
2026-09-14T17:38:51.642205649Z [34m2026-09-14 17:38:51.642 UTC 00ef INFO[0m [lifecycle] [34;1mQueryOrgApprovals[0m -> org Org1MSP's mismatch items are []
2026-09-14T17:38:51.642239533Z [34m2026-09-14 17:38:51.642 UTC 00f0 INFO[0m [lifecycle] [34;1mQueryOrgApprovals[0m -> org Org2MSP's mismatch items are []
2026-09-14T17:38:51.642281042Z [34m2026-09-14 17:38:51.642 UTC 00f1 INFO[0m [endorser] [34;1mcallChaincode[0m -> finished chaincode: _lifecycle duration: 0ms channel=mychannel txID=47095ed9
2026-09-14T17:38:51.642360372Z [34m2026-09-14 17:38:51.642 UTC 00f2 INFO[0m [comm.grpc.server] [34;1mfunc1[0m -> unary call completed grpc.service=protos.Endorser grpc.method=ProcessProposal grpc.peer_address=172.18.0.1:57330 grpc.code=OK grpc.call_duration=707.451µs
2026-09-14T17:38:51.642808752Z [34m2026-09-14 17:38:51.642 UTC 00f3 INFO[0m [grpc] [34;1mInfof[0m -> [transport] [server-transport 0x1102de00fa00] Closing: EOF
2026-09-14T17:38:51.642836715Z [34m2026-09-14 17:38:51.642 UTC 00f4 INFO[0m [grpc] [34;1mInfof[0m -> [transport] [server-transport 0x1102de00fa00] loopyWriter exiting with error: transport closed by client
2026-09-14T17:38:51.642841023Z [34m2026-09-14 17:38:51.642 UTC 00f5 INFO[0m [grpc] [34;1mInfof[0m -> [transport] [server-transport 0x1102df139040] Closing: EOF
2026-09-14T17:38:51.642921746Z [34m2026-09-14 17:38:51.642 UTC 00f6 INFO[0m [grpc] [34;1mInfof[0m -> [transport] [server-transport 0x1102df139040] loopyWriter exiting with error: transport closed by client
2026-09-14T17:38:51.723370127Z [34m2026-09-14 17:38:51.723 UTC 00f7 INFO[0m [endorser] [34;1mcallChaincode[0m -> finished chaincode: kvstore duration: 0ms channel=mychannel txID=f3c92286
2026-09-14T17:38:51.723509551Z [34m2026-09-14 17:38:51.723 UTC 00f8 INFO[0m [comm.grpc.server] [34;1mfunc1[0m -> unary call completed grpc.service=protos.Endorser grpc.method=ProcessProposal grpc.peer_address=172.18.0.1:57350 grpc.code=OK grpc.call_duration=1.207768ms
2026-09-14T17:38:51.725484864Z [34m2026-09-14 17:38:51.725 UTC 00f9 INFO[0m [grpc] [34;1mInfof[0m -> [transport] [server-transport 0x1102daf7f860] Closing: EOF
2026-09-14T17:38:51.725535259Z [34m2026-09-14 17:38:51.725 UTC 00fa INFO[0m [grpc] [34;1mInfof[0m -> [transport] [server-transport 0x1102de00fba0] Closing: EOF
2026-09-14T17:38:51.725551490Z [34m2026-09-14 17:38:51.725 UTC 00fb INFO[0m [grpc] [34;1mInfof[0m -> [transport] [server-transport 0x1102daf7f860] loopyWriter exiting with error: transport closed by client
2026-09-14T17:38:51.725587028Z [34m2026-09-14 17:38:51.725 UTC 00fc INFO[0m [grpc] [34;1mInfof[0m -> [transport] [server-transport 0x1102de00fba0] loopyWriter exiting with error: transport closed by client
2026-09-14T17:38:52.254052624Z [34m2026-09-14 17:38:52.253 UTC 00fd INFO[0m [endorser] [34;1mcallChaincode[0m -> finished chaincode: kvstore duration: 0ms channel=mychannel txID=3585bf02
2026-09-14T17:38:52.254102038Z [34m2026-09-14 17:38:52.253 UTC 00fe INFO[0m [endorser] [34;1mcallChaincode[0m -> finished chaincode: kvstore duration: 0ms channel=mychannel txID=76fd2d22
2026-09-14T17:38:52.254144238Z [34m2026-09-14 17:38:52.254 UTC 00ff INFO[0m [comm.grpc.server] [34;1mfunc1[0m -> unary call completed grpc.service=protos.Endorser grpc.method=ProcessProposal grpc.request_deadline=2026-09-14T17:39:22.252Z grpc.peer_address=172.18.0.5:55100 grpc.peer_subject="CN=peer0.org1.example.com,L=San Francisco,ST=California,C=US" grpc.code=OK grpc.call_duration=1.685553ms
2026-09-14T17:38:52.254164346Z [34m2026-09-14 17:38:52.254 UTC 0100 INFO[0m [comm.grpc.server] [34;1mfunc1[0m -> unary call completed grpc.service=protos.Endorser grpc.method=ProcessProposal grpc.request_deadline=2026-09-14T17:39:22.252Z grpc.peer_address=172.18.0.5:55100 grpc.peer_subject="CN=peer0.org1.example.com,L=San Francisco,ST=California,C=US" grpc.code=OK grpc.call_duration=1.718997ms
2026-09-14T17:38:52.293289174Z [34m2026-09-14 17:38:52.293 UTC 0102 INFO[0m [endorser] [34;1mcallChaincode[0m -> finished chaincode: kvstore duration: 0ms channel=mychannel txID=f7024221
2026-09-14T17:38:52.293352183Z [34m2026-09-14 17:38:52.293 UTC 0101 INFO[0m [endorser] [34;1mcallChaincode[0m -> finished chaincode: kvstore duration: 0ms channel=mychannel txID=6e1d817a
2026-09-14T17:38:52.293364136Z [34m2026-09-14 17:38:52.293 UTC 0103 INFO[0m [comm.grpc.server] [34;1mfunc1[0m -> unary call completed grpc.service=protos.Endorser grpc.method=ProcessProposal grpc.request_deadline=2026-09-14T17:39:22.292Z grpc.peer_address=172.18.0.5:55100 grpc.peer_subject="CN=peer0.org1.example.com,L=San Francisco,ST=California,C=US" grpc.code=OK grpc.call_duration=883.554µs
2026-09-14T17:38:52.293421745Z [34m2026-09-14 17:38:52.293 UTC 0104 INFO[0m [comm.grpc.server] [34;1mfunc1[0m -> unary call completed grpc.service=protos.Endorser grpc.method=ProcessProposal grpc.request_deadline=2026-09-14T17:39:22.292Z grpc.peer_address=172.18.0.5:55100 grpc.peer_subject="CN=peer0.org1.example.com,L=San Francisco,ST=California,C=US" grpc.code=OK grpc.call_duration=943.638µs
2026-09-14T17:38:52.333544304Z [34m2026-09-14 17:38:52.333 UTC 0105 INFO[0m [endorser] [34;1mcallChaincode[0m -> finished chaincode: kvstore duration: 0ms channel=mychannel txID=3b163b59
2026-09-14T17:38:52.333557789Z [34m2026-09-14 17:38:52.333 UTC 0106 INFO[0m [endorser] [34;1mcallChaincode[0m -> finished chaincode: kvstore duration: 0ms channel=mychannel txID=f3c11c2d
2026-09-14T17:38:52.333610228Z [34m2026-09-14 17:38:52.333 UTC 0107 INFO[0m [comm.grpc.server] [34;1mfunc1[0m -> unary call completed grpc.service=protos.Endorser grpc.method=ProcessProposal grpc.request_deadline=2026-09-14T17:39:22.332Z grpc.peer_address=172.18.0.5:55100 grpc.peer_subject="CN=peer0.org1.example.com,L=San Francisco,ST=California,C=US" grpc.code=OK grpc.call_duration=791.9µs
2026-09-14T17:38:52.333626369Z [34m2026-09-14 17:38:52.333 UTC 0108 INFO[0m [comm.grpc.server] [34;1mfunc1[0m -> unary call completed grpc.service=protos.Endorser grpc.method=ProcessProposal grpc.request_deadline=2026-09-14T17:39:22.332Z grpc.peer_address=172.18.0.5:55100 grpc.peer_subject="CN=peer0.org1.example.com,L=San Francisco,ST=California,C=US" grpc.code=OK grpc.call_duration=801.94µs
2026-09-14T17:38:52.372869050Z [34m2026-09-14 17:38:52.372 UTC 0109 INFO[0m [endorser] [34;1mcallChaincode[0m -> finished chaincode: kvstore duration: 0ms channel=mychannel txID=5ecf3aea
2026-09-14T17:38:52.372881444Z [34m2026-09-14 17:38:52.372 UTC 010a INFO[0m [endorser] [34;1mcallChaincode[0m -> finished chaincode: kvstore duration: 0ms channel=mychannel txID=bc15a4a0
2026-09-14T17:38:52.372920257Z [34m2026-09-14 17:38:52.372 UTC 010c INFO[0m [comm.grpc.server] [34;1mfunc1[0m -> unary call completed grpc.service=protos.Endorser grpc.method=ProcessProposal grpc.request_deadline=2026-09-14T17:39:22.372Z grpc.peer_address=172.18.0.5:55100 grpc.peer_subject="CN=peer0.org1.example.com,L=San Francisco,ST=California,C=US" grpc.code=OK grpc.call_duration=737.267µs
2026-09-14T17:38:52.372945245Z [34m2026-09-14 17:38:52.372 UTC 010b INFO[0m [comm.grpc.server] [34;1mfunc1[0m -> unary call completed grpc.service=protos.Endorser grpc.method=ProcessProposal grpc.request_deadline=2026-09-14T17:39:22.372Z grpc.peer_address=172.18.0.5:55100 grpc.peer_subject="CN=peer0.org1.example.com,L=San Francisco,ST=California,C=US" grpc.code=OK grpc.call_duration=737.237µs
2026-09-14T17:38:52.413840517Z [34m2026-09-14 17:38:52.413 UTC 010d INFO[0m [endorser] [34;1mcallChaincode[0m -> finished chaincode: kvstore duration: 1ms channel=mychannel txID=80a92878
2026-09-14T17:38:52.413952469Z [34m2026-09-14 17:38:52.413 UTC 010e INFO[0m [comm.grpc.server] [34;1mfunc1[0m -> unary call completed grpc.service=protos.Endorser grpc.method=ProcessProposal grpc.request_deadline=2026-09-14T17:39:22.412Z grpc.peer_address=172.18.0.5:55100 grpc.peer_subject="CN=peer0.org1.example.com,L=San Francisco,ST=California,C=US" grpc.code=OK grpc.call_duration=1.637663ms
2026-09-14T17:38:52.414018895Z [34m2026-09-14 17:38:52.413 UTC 010f INFO[0m [endorser] [34;1mcallChaincode[0m -> finished chaincode: kvstore duration: 1ms channel=mychannel txID=24ec03f9
2026-09-14T17:38:52.414094789Z [34m2026-09-14 17:38:52.414 UTC 0110 INFO[0m [comm.grpc.server] [34;1mfunc1[0m -> unary call completed grpc.service=protos.Endorser grpc.method=ProcessProposal grpc.request_deadline=2026-09-14T17:39:22.412Z grpc.peer_address=172.18.0.5:55100 grpc.peer_subject="CN=peer0.org1.example.com,L=San Francisco,ST=California,C=US" grpc.code=OK grpc.call_duration=1.791274ms
2026-09-14T17:38:52.414141738Z [34m2026-09-14 17:38:52.414 UTC 0111 INFO[0m [gossip.privdata] [34;1mStoreBlock[0m -> Received block [5] from buffer channel=mychannel
2026-09-14T17:38:52.415404039Z [34m2026-09-14 17:38:52.415 UTC 0112 INFO[0m [committer.txvalidator] [34;1mValidate[0m -> [mychannel] Validated block [5] in 1ms
2026-09-14T17:38:52.470470601Z [34m2026-09-14 17:38:52.470 UTC 0113 INFO[0m [kvledger] [34;1mcommit[0m -> [mychannel] Committed block [5] with 6 transaction(s) in 54ms (state_validation=0ms block_and_pvtdata_commit=33ms state_commit=11ms) commitHash=[98a4247c853d19924471fc0dcc20549db48f73218ae045e26f234aeffeadad9a]
2026-09-14T17:38:52.471285355Z [34m2026-09-14 17:38:52.471 UTC 0114 INFO[0m [endorser] [34;1mcallChaincode[0m -> finished chaincode: kvstore duration: 0ms channel=mychannel txID=a9e39dab
2026-09-14T17:38:52.471299081Z [34m2026-09-14 17:38:52.471 UTC 0115 INFO[0m [endorser] [34;1mcallChaincode[0m -> finished chaincode: kvstore duration: 0ms channel=mychannel txID=7b9df0d8
2026-09-14T17:38:52.471383220Z [34m2026-09-14 17:38:52.471 UTC 0116 INFO[0m [comm.grpc.server] [34;1mfunc1[0m -> unary call completed grpc.service=protos.Endorser grpc.method=ProcessProposal grpc.request_deadline=2026-09-14T17:39:22.466Z grpc.peer_address=172.18.0.5:55100 grpc.peer_subject="CN=peer0.org1.example.com,L=San Francisco,ST=California,C=US" grpc.code=OK grpc.call_duration=4.832666ms
2026-09-14T17:38:52.471395954Z [34m2026-09-14 17:38:52.471 UTC 0117 INFO[0m [comm.grpc.server] [34;1mfunc1[0m -> unary call completed grpc.service=protos.Endorser grpc.method=ProcessProposal grpc.request_deadline=2026-09-14T17:39:22.466Z grpc.peer_address=172.18.0.5:55100 grpc.peer_subject="CN=peer0.org1.example.com,L=San Francisco,ST=California,C=US" grpc.code=OK grpc.call_duration=4.681941ms
2026-09-14T17:38:52.493581158Z [34m2026-09-14 17:38:52.493 UTC 0119 INFO[0m [endorser] [34;1mcallChaincode[0m -> finished chaincode: kvstore duration: 0ms channel=mychannel txID=b5a4bf78
2026-09-14T17:38:52.493616755Z [34m2026-09-14 17:38:52.493 UTC 0118 INFO[0m [endorser] [34;1mcallChaincode[0m -> finished chaincode: kvstore duration: 0ms channel=mychannel txID=21222a83
2026-09-14T17:38:52.493634238Z [34m2026-09-14 17:38:52.493 UTC 011a INFO[0m [comm.grpc.server] [34;1mfunc1[0m -> unary call completed grpc.service=protos.Endorser grpc.method=ProcessProposal grpc.request_deadline=2026-09-14T17:39:22.492Z grpc.peer_address=172.18.0.5:55100 grpc.peer_subject="CN=peer0.org1.example.com,L=San Francisco,ST=California,C=US" grpc.code=OK grpc.call_duration=897.892µs
2026-09-14T17:38:52.493678542Z [34m2026-09-14 17:38:52.493 UTC 011b INFO[0m [comm.grpc.server] [34;1mfunc1[0m -> unary call completed grpc.service=protos.Endorser grpc.method=ProcessProposal grpc.request_deadline=2026-09-14T17:39:22.492Z grpc.peer_address=172.18.0.5:55100 grpc.peer_subject="CN=peer0.org1.example.com,L=San Francisco,ST=California,C=US" grpc.code=OK grpc.call_duration=967.373µs
2026-09-14T17:38:52.533977485Z [34m2026-09-14 17:38:52.533 UTC 011c INFO[0m [endorser] [34;1mcallChaincode[0m -> finished chaincode: kvstore duration: 0ms channel=mychannel txID=2fe4cddb
2026-09-14T17:38:52.533993495Z [34m2026-09-14 17:38:52.533 UTC 011d INFO[0m [endorser] [34;1mcallChaincode[0m -> finished chaincode: kvstore duration: 0ms channel=mychannel txID=3b04fbad
2026-09-14T17:38:52.534007712Z [34m2026-09-14 17:38:52.533 UTC 011e INFO[0m [comm.grpc.server] [34;1mfunc1[0m -> unary call completed grpc.service=protos.Endorser grpc.method=ProcessProposal grpc.request_deadline=2026-09-14T17:39:22.533Z grpc.peer_address=172.18.0.5:55100 grpc.peer_subject="CN=peer0.org1.example.com,L=San Francisco,ST=California,C=US" grpc.code=OK grpc.call_duration=830.594µs
2026-09-14T17:38:52.534088445Z [34m2026-09-14 17:38:52.534 UTC 011f INFO[0m [comm.grpc.server] [34;1mfunc1[0m -> unary call completed grpc.service=protos.Endorser grpc.method=ProcessProposal grpc.request_deadline=2026-09-14T17:39:22.533Z grpc.peer_address=172.18.0.5:55100 grpc.peer_subject="CN=peer0.org1.example.com,L=San Francisco,ST=California,C=US" grpc.code=OK grpc.call_duration=880.308µs
2026-09-14T17:38:52.573349791Z [34m2026-09-14 17:38:52.573 UTC 0120 INFO[0m [endorser] [34;1mcallChaincode[0m -> finished chaincode: kvstore duration: 0ms channel=mychannel txID=5eab5042
2026-09-14T17:38:52.573393254Z [34m2026-09-14 17:38:52.573 UTC 0121 INFO[0m [endorser] [34;1mcallChaincode[0m -> finished chaincode: kvstore duration: 0ms channel=mychannel txID=6fc112ad
2026-09-14T17:38:52.573405517Z [34m2026-09-14 17:38:52.573 UTC 0122 INFO[0m [comm.grpc.server] [34;1mfunc1[0m -> unary call completed grpc.service=protos.Endorser grpc.method=ProcessProposal grpc.request_deadline=2026-09-14T17:39:22.572Z grpc.peer_address=172.18.0.5:55100 grpc.peer_subject="CN=peer0.org1.example.com,L=San Francisco,ST=California,C=US" grpc.code=OK grpc.call_duration=800.687µs
2026-09-14T17:38:52.573460351Z [34m2026-09-14 17:38:52.573 UTC 0123 INFO[0m [comm.grpc.server] [34;1mfunc1[0m -> unary call completed grpc.service=protos.Endorser grpc.method=ProcessProposal grpc.request_deadline=2026-09-14T17:39:22.572Z grpc.peer_address=172.18.0.5:55100 grpc.peer_subject="CN=peer0.org1.example.com,L=San Francisco,ST=California,C=US" grpc.code=OK grpc.call_duration=870.048µs
2026-09-14T17:38:52.613637152Z [34m2026-09-14 17:38:52.613 UTC 0124 INFO[0m [endorser] [34;1mcallChaincode[0m -> finished chaincode: kvstore duration: 0ms channel=mychannel txID=ca0f2c96
2026-09-14T17:38:52.613663091Z [34m2026-09-14 17:38:52.613 UTC 0125 INFO[0m [endorser] [34;1mcallChaincode[0m -> finished chaincode: kvstore duration: 0ms channel=mychannel txID=4e6345e1
2026-09-14T17:38:52.613675194Z [34m2026-09-14 17:38:52.613 UTC 0126 INFO[0m [comm.grpc.server] [34;1mfunc1[0m -> unary call completed grpc.service=protos.Endorser grpc.method=ProcessProposal grpc.request_deadline=2026-09-14T17:39:22.612Z grpc.peer_address=172.18.0.5:55100 grpc.peer_subject="CN=peer0.org1.example.com,L=San Francisco,ST=California,C=US" grpc.code=OK grpc.call_duration=795.717µs
2026-09-14T17:38:52.613683389Z [34m2026-09-14 17:38:52.613 UTC 0127 INFO[0m [comm.grpc.server] [34;1mfunc1[0m -> unary call completed grpc.service=protos.Endorser grpc.method=ProcessProposal grpc.request_deadline=2026-09-14T17:39:22.612Z grpc.peer_address=172.18.0.5:55100 grpc.peer_subject="CN=peer0.org1.example.com,L=San Francisco,ST=California,C=US" grpc.code=OK grpc.call_duration=810.505µs
2026-09-14T17:38:52.653370473Z [34m2026-09-14 17:38:52.653 UTC 0128 INFO[0m [endorser] [34;1mcallChaincode[0m -> finished chaincode: kvstore duration: 0ms channel=mychannel txID=d8a02e6b
2026-09-14T17:38:52.653384529Z [34m2026-09-14 17:38:52.653 UTC 0129 INFO[0m [endorser] [34;1mcallChaincode[0m -> finished chaincode: kvstore duration: 0ms channel=mychannel txID=2e47f6dd
2026-09-14T17:38:52.653407994Z [34m2026-09-14 17:38:52.653 UTC 012a INFO[0m [comm.grpc.server] [34;1mfunc1[0m -> unary call completed grpc.service=protos.Endorser grpc.method=ProcessProposal grpc.request_deadline=2026-09-14T17:39:22.652Z grpc.peer_address=172.18.0.5:55100 grpc.peer_subject="CN=peer0.org1.example.com,L=San Francisco,ST=California,C=US" grpc.code=OK grpc.call_duration=863.366µs
2026-09-14T17:38:52.653473929Z [34m2026-09-14 17:38:52.653 UTC 012b INFO[0m [comm.grpc.server] [34;1mfunc1[0m -> unary call completed grpc.service=protos.Endorser grpc.method=ProcessProposal grpc.request_deadline=2026-09-14T17:39:22.652Z grpc.peer_address=172.18.0.5:55100 grpc.peer_subject="CN=peer0.org1.example.com,L=San Francisco,ST=California,C=US" grpc.code=OK grpc.call_duration=915.956µs
2026-09-14T17:38:52.693712266Z [34m2026-09-14 17:38:52.693 UTC 012c INFO[0m [endorser] [34;1mcallChaincode[0m -> finished chaincode: kvstore duration: 0ms channel=mychannel txID=55c72912
2026-09-14T17:38:52.693728587Z [34m2026-09-14 17:38:52.693 UTC 012d INFO[0m [endorser] [34;1mcallChaincode[0m -> finished chaincode: kvstore duration: 0ms channel=mychannel txID=d4d569e9
2026-09-14T17:38:52.693804932Z [34m2026-09-14 17:38:52.693 UTC 012e INFO[0m [comm.grpc.server] [34;1mfunc1[0m -> unary call completed grpc.service=protos.Endorser grpc.method=ProcessProposal grpc.request_deadline=2026-09-14T17:39:22.692Z grpc.peer_address=172.18.0.5:55100 grpc.peer_subject="CN=peer0.org1.example.com,L=San Francisco,ST=California,C=US" grpc.code=OK grpc.call_duration=965.429µs
2026-09-14T17:38:52.693825140Z [34m2026-09-14 17:38:52.693 UTC 012f INFO[0m [comm.grpc.server] [34;1mfunc1[0m -> unary call completed grpc.service=protos.Endorser grpc.method=ProcessProposal grpc.request_deadline=2026-09-14T17:39:22.692Z grpc.peer_address=172.18.0.5:55100 grpc.peer_subject="CN=peer0.org1.example.com,L=San Francisco,ST=California,C=US" grpc.code=OK grpc.call_duration=943.217µs
2026-09-14T17:38:52.733003289Z [34m2026-09-14 17:38:52.732 UTC 0130 INFO[0m [endorser] [34;1mcallChaincode[0m -> finished chaincode: kvstore duration: 0ms channel=mychannel txID=d641ccbf
2026-09-14T17:38:52.733043335Z [34m2026-09-14 17:38:52.732 UTC 0131 INFO[0m [endorser] [34;1mcallChaincode[0m -> finished chaincode: kvstore duration: 0ms channel=mychannel txID=8d399d96
2026-09-14T17:38:52.733059275Z [34m2026-09-14 17:38:52.733 UTC 0132 INFO[0m [comm.grpc.server] [34;1mfunc1[0m -> unary call completed grpc.service=protos.Endorser grpc.method=ProcessProposal grpc.request_deadline=2026-09-14T17:39:22.732Z grpc.peer_address=172.18.0.5:55100 grpc.peer_subject="CN=peer0.org1.example.com,L=San Francisco,ST=California,C=US" grpc.code=OK grpc.call_duration=806.438µs
2026-09-14T17:38:52.733131332Z [34m2026-09-14 17:38:52.733 UTC 0133 INFO[0m [comm.grpc.server] [34;1mfunc1[0m -> unary call completed grpc.service=protos.Endorser grpc.method=ProcessProposal grpc.request_deadline=2026-09-14T17:39:22.732Z grpc.peer_address=172.18.0.5:55100 grpc.peer_subject="CN=peer0.org1.example.com,L=San Francisco,ST=California,C=US" grpc.code=OK grpc.call_duration=915.084µs
2026-09-14T17:38:52.772866586Z [34m2026-09-14 17:38:52.772 UTC 0134 INFO[0m [endorser] [34;1mcallChaincode[0m -> finished chaincode: kvstore duration: 0ms channel=mychannel txID=f150aa3d
2026-09-14T17:38:52.772884921Z [34m2026-09-14 17:38:52.772 UTC 0135 INFO[0m [endorser] [34;1mcallChaincode[0m -> finished chaincode: kvstore duration: 0ms channel=mychannel txID=5ee4e3e0
2026-09-14T17:38:52.772922302Z [34m2026-09-14 17:38:52.772 UTC 0136 INFO[0m [comm.grpc.server] [34;1mfunc1[0m -> unary call completed grpc.service=protos.Endorser grpc.method=ProcessProposal grpc.request_deadline=2026-09-14T17:39:22.772Z grpc.peer_address=172.18.0.5:55100 grpc.peer_subject="CN=peer0.org1.example.com,L=San Francisco,ST=California,C=US" grpc.code=OK grpc.call_duration=755.04µs
2026-09-14T17:38:52.772941097Z [34m2026-09-14 17:38:52.772 UTC 0137 INFO[0m [comm.grpc.server] [34;1mfunc1[0m -> unary call completed grpc.service=protos.Endorser grpc.method=ProcessProposal grpc.request_deadline=2026-09-14T17:39:22.772Z grpc.peer_address=172.18.0.5:55100 grpc.peer_subject="CN=peer0.org1.example.com,L=San Francisco,ST=California,C=US" grpc.code=OK grpc.call_duration=762.485µs
2026-09-14T17:38:52.812731707Z [34m2026-09-14 17:38:52.812 UTC 0138 INFO[0m [endorser] [34;1mcallChaincode[0m -> finished chaincode: kvstore duration: 0ms channel=mychannel txID=2ce828e9
2026-09-14T17:38:52.812800998Z [34m2026-09-14 17:38:52.812 UTC 0139 INFO[0m [comm.grpc.server] [34;1mfunc1[0m -> unary call completed grpc.service=protos.Endorser grpc.method=ProcessProposal grpc.request_deadline=2026-09-14T17:39:22.811Z grpc.peer_address=172.18.0.5:55100 grpc.peer_subject="CN=peer0.org1.example.com,L=San Francisco,ST=California,C=US" grpc.code=OK grpc.call_duration=738.699µs
2026-09-14T17:38:52.812852946Z [34m2026-09-14 17:38:52.812 UTC 013a INFO[0m [endorser] [34;1mcallChaincode[0m -> finished chaincode: kvstore duration: 0ms channel=mychannel txID=933bb59e
2026-09-14T17:38:52.812919252Z [34m2026-09-14 17:38:52.812 UTC 013b INFO[0m [comm.grpc.server] [34;1mfunc1[0m -> unary call completed grpc.service=protos.Endorser grpc.method=ProcessProposal grpc.request_deadline=2026-09-14T17:39:22.811Z grpc.peer_address=172.18.0.5:55100 grpc.peer_subject="CN=peer0.org1.example.com,L=San Francisco,ST=California,C=US" grpc.code=OK grpc.call_duration=823.309µs
2026-09-14T17:38:52.855469460Z [34m2026-09-14 17:38:52.855 UTC 013c INFO[0m [endorser] [34;1mcallChaincode[0m -> finished chaincode: kvstore duration: 0ms channel=mychannel txID=c3c18365
2026-09-14T17:38:52.855495289Z [34m2026-09-14 17:38:52.855 UTC 013d INFO[0m [endorser] [34;1mcallChaincode[0m -> finished chaincode: kvstore duration: 0ms channel=mychannel txID=3396065b
2026-09-14T17:38:52.855523162Z [34m2026-09-14 17:38:52.855 UTC 013e INFO[0m [comm.grpc.server] [34;1mfunc1[0m -> unary call completed grpc.service=protos.Endorser grpc.method=ProcessProposal grpc.request_deadline=2026-09-14T17:39:22.854Z grpc.peer_address=172.18.0.5:55100 grpc.peer_subject="CN=peer0.org1.example.com,L=San Francisco,ST=California,C=US" grpc.code=OK grpc.call_duration=1.253145ms
2026-09-14T17:38:52.855561504Z [34m2026-09-14 17:38:52.855 UTC 013f INFO[0m [comm.grpc.server] [34;1mfunc1[0m -> unary call completed grpc.service=protos.Endorser grpc.method=ProcessProposal grpc.request_deadline=2026-09-14T17:39:22.854Z grpc.peer_address=172.18.0.5:55100 grpc.peer_subject="CN=peer0.org1.example.com,L=San Francisco,ST=California,C=US" grpc.code=OK grpc.call_duration=1.296487ms
2026-09-14T17:38:52.892710919Z [34m2026-09-14 17:38:52.892 UTC 0140 INFO[0m [endorser] [34;1mcallChaincode[0m -> finished chaincode: kvstore duration: 0ms channel=mychannel txID=8688f447
2026-09-14T17:38:52.892757748Z [34m2026-09-14 17:38:52.892 UTC 0141 INFO[0m [endorser] [34;1mcallChaincode[0m -> finished chaincode: kvstore duration: 0ms channel=mychannel txID=c072a815
2026-09-14T17:38:52.892774750Z [34m2026-09-14 17:38:52.892 UTC 0142 INFO[0m [comm.grpc.server] [34;1mfunc1[0m -> unary call completed grpc.service=protos.Endorser grpc.method=ProcessProposal grpc.request_deadline=2026-09-14T17:39:22.891Z grpc.peer_address=172.18.0.5:55100 grpc.peer_subject="CN=peer0.org1.example.com,L=San Francisco,ST=California,C=US" grpc.code=OK grpc.call_duration=802.331µs
2026-09-14T17:38:52.892833802Z [34m2026-09-14 17:38:52.892 UTC 0143 INFO[0m [comm.grpc.server] [34;1mfunc1[0m -> unary call completed grpc.service=protos.Endorser grpc.method=ProcessProposal grpc.request_deadline=2026-09-14T17:39:22.891Z grpc.peer_address=172.18.0.5:55100 grpc.peer_subject="CN=peer0.org1.example.com,L=San Francisco,ST=California,C=US" grpc.code=OK grpc.call_duration=853.117µs
2026-09-14T17:38:52.934229893Z [34m2026-09-14 17:38:52.934 UTC 0144 INFO[0m [endorser] [34;1mcallChaincode[0m -> finished chaincode: kvstore duration: 0ms channel=mychannel txID=8a2fe4c4
2026-09-14T17:38:52.934286771Z [34m2026-09-14 17:38:52.934 UTC 0145 INFO[0m [endorser] [34;1mcallChaincode[0m -> finished chaincode: kvstore duration: 0ms channel=mychannel txID=4e0dc279
2026-09-14T17:38:52.934296580Z [34m2026-09-14 17:38:52.934 UTC 0146 INFO[0m [comm.grpc.server] [34;1mfunc1[0m -> unary call completed grpc.service=protos.Endorser grpc.method=ProcessProposal grpc.request_deadline=2026-09-14T17:39:22.933Z grpc.peer_address=172.18.0.5:55100 grpc.peer_subject="CN=peer0.org1.example.com,L=San Francisco,ST=California,C=US" grpc.code=OK grpc.call_duration=862.244µs
2026-09-14T17:38:52.934345392Z [34m2026-09-14 17:38:52.934 UTC 0147 INFO[0m [comm.grpc.server] [34;1mfunc1[0m -> unary call completed grpc.service=protos.Endorser grpc.method=ProcessProposal grpc.request_deadline=2026-09-14T17:39:22.933Z grpc.peer_address=172.18.0.5:55100 grpc.peer_subject="CN=peer0.org1.example.com,L=San Francisco,ST=California,C=US" grpc.code=OK grpc.call_duration=921.556µs
2026-09-14T17:38:52.974281117Z [34m2026-09-14 17:38:52.974 UTC 0148 INFO[0m [endorser] [34;1mcallChaincode[0m -> finished chaincode: kvstore duration: 0ms channel=mychannel txID=ef7288ab
2026-09-14T17:38:52.974301746Z [34m2026-09-14 17:38:52.974 UTC 0149 INFO[0m [endorser] [34;1mcallChaincode[0m -> finished chaincode: kvstore duration: 0ms channel=mychannel txID=d491bbbe
2026-09-14T17:38:52.974363302Z [34m2026-09-14 17:38:52.974 UTC 014a INFO[0m [comm.grpc.server] [34;1mfunc1[0m -> unary call completed grpc.service=protos.Endorser grpc.method=ProcessProposal grpc.request_deadline=2026-09-14T17:39:22.973Z grpc.peer_address=172.18.0.5:55100 grpc.peer_subject="CN=peer0.org1.example.com,L=San Francisco,ST=California,C=US" grpc.code=OK grpc.call_duration=862.083µs
2026-09-14T17:38:52.974373862Z [34m2026-09-14 17:38:52.974 UTC 014b INFO[0m [comm.grpc.server] [34;1mfunc1[0m -> unary call completed grpc.service=protos.Endorser grpc.method=ProcessProposal grpc.request_deadline=2026-09-14T17:39:22.973Z grpc.peer_address=172.18.0.5:55100 grpc.peer_subject="CN=peer0.org1.example.com,L=San Francisco,ST=California,C=US" grpc.code=OK grpc.call_duration=862.475µs
2026-09-14T17:38:53.014483236Z [34m2026-09-14 17:38:53.014 UTC 014c INFO[0m [endorser] [34;1mcallChaincode[0m -> finished chaincode: kvstore duration: 0ms channel=mychannel txID=8c9b7bf6
2026-09-14T17:38:53.014500989Z [34m2026-09-14 17:38:53.014 UTC 014d INFO[0m [endorser] [34;1mcallChaincode[0m -> finished chaincode: kvstore duration: 0ms channel=mychannel txID=0d698f0e
2026-09-14T17:38:53.014540013Z [34m2026-09-14 17:38:53.014 UTC 014e INFO[0m [comm.grpc.server] [34;1mfunc1[0m -> unary call completed grpc.service=protos.Endorser grpc.method=ProcessProposal grpc.request_deadline=2026-09-14T17:39:23.013Z grpc.peer_address=172.18.0.5:55100 grpc.peer_subject="CN=peer0.org1.example.com,L=San Francisco,ST=California,C=US" grpc.code=OK grpc.call_duration=1.017588ms
2026-09-14T17:38:53.014570601Z [34m2026-09-14 17:38:53.014 UTC 014f INFO[0m [comm.grpc.server] [34;1mfunc1[0m -> unary call completed grpc.service=protos.Endorser grpc.method=ProcessProposal grpc.request_deadline=2026-09-14T17:39:23.013Z grpc.peer_address=172.18.0.5:55100 grpc.peer_subject="CN=peer0.org1.example.com,L=San Francisco,ST=California,C=US" grpc.code=OK grpc.call_duration=1.031434ms
2026-09-14T17:38:53.053732590Z [34m2026-09-14 17:38:53.053 UTC 0150 INFO[0m [endorser] [34;1mcallChaincode[0m -> finished chaincode: kvstore duration: 0ms channel=mychannel txID=c3e8f1a4
2026-09-14T17:38:53.053750293Z [34m2026-09-14 17:38:53.053 UTC 0151 INFO[0m [endorser] [34;1mcallChaincode[0m -> finished chaincode: kvstore duration: 0ms channel=mychannel txID=5b244aa3
2026-09-14T17:38:53.053775802Z [34m2026-09-14 17:38:53.053 UTC 0153 INFO[0m [comm.grpc.server] [34;1mfunc1[0m -> unary call completed grpc.service=protos.Endorser grpc.method=ProcessProposal grpc.request_deadline=2026-09-14T17:39:23.052Z grpc.peer_address=172.18.0.5:55100 grpc.peer_subject="CN=peer0.org1.example.com,L=San Francisco,ST=California,C=US" grpc.code=OK grpc.call_duration=858.566µs
2026-09-14T17:38:53.053793205Z [34m2026-09-14 17:38:53.053 UTC 0152 INFO[0m [comm.grpc.server] [34;1mfunc1[0m -> unary call completed grpc.service=protos.Endorser grpc.method=ProcessProposal grpc.request_deadline=2026-09-14T17:39:23.052Z grpc.peer_address=172.18.0.5:55100 grpc.peer_subject="CN=peer0.org1.example.com,L=San Francisco,ST=California,C=US" grpc.code=OK grpc.call_duration=858.276µs
2026-09-14T17:38:53.092892284Z [34m2026-09-14 17:38:53.092 UTC 0155 INFO[0m [endorser] [34;1mcallChaincode[0m -> finished chaincode: kvstore duration: 0ms channel=mychannel txID=82dce029
2026-09-14T17:38:53.092927080Z [34m2026-09-14 17:38:53.092 UTC 0154 INFO[0m [endorser] [34;1mcallChaincode[0m -> finished chaincode: kvstore duration: 0ms channel=mychannel txID=603eb124
2026-09-14T17:38:53.092943771Z [34m2026-09-14 17:38:53.092 UTC 0156 INFO[0m [comm.grpc.server] [34;1mfunc1[0m -> unary call completed grpc.service=protos.Endorser grpc.method=ProcessProposal grpc.request_deadline=2026-09-14T17:39:23.092Z grpc.peer_address=172.18.0.5:55100 grpc.peer_subject="CN=peer0.org1.example.com,L=San Francisco,ST=California,C=US" grpc.code=OK grpc.call_duration=754.991µs
2026-09-14T17:38:53.092987985Z [34m2026-09-14 17:38:53.092 UTC 0157 INFO[0m [comm.grpc.server] [34;1mfunc1[0m -> unary call completed grpc.service=protos.Endorser grpc.method=ProcessProposal grpc.request_deadline=2026-09-14T17:39:23.092Z grpc.peer_address=172.18.0.5:55100 grpc.peer_subject="CN=peer0.org1.example.com,L=San Francisco,ST=California,C=US" grpc.code=OK grpc.call_duration=847.636µs
2026-09-14T17:38:53.133031684Z [34m2026-09-14 17:38:53.132 UTC 0158 INFO[0m [endorser] [34;1mcallChaincode[0m -> finished chaincode: kvstore duration: 0ms channel=mychannel txID=ae4d654e
2026-09-14T17:38:53.133048406Z [34m2026-09-14 17:38:53.132 UTC 0159 INFO[0m [endorser] [34;1mcallChaincode[0m -> finished chaincode: kvstore duration: 0ms channel=mychannel txID=d8acf84b
2026-09-14T17:38:53.133083442Z [34m2026-09-14 17:38:53.133 UTC 015b INFO[0m [comm.grpc.server] [34;1mfunc1[0m -> unary call completed grpc.service=protos.Endorser grpc.method=ProcessProposal grpc.request_deadline=2026-09-14T17:39:23.132Z grpc.peer_address=172.18.0.5:55100 grpc.peer_subject="CN=peer0.org1.example.com,L=San Francisco,ST=California,C=US" grpc.code=OK grpc.call_duration=768.756µs
2026-09-14T17:38:53.133091267Z [34m2026-09-14 17:38:53.133 UTC 015a INFO[0m [comm.grpc.server] [34;1mfunc1[0m -> unary call completed grpc.service=protos.Endorser grpc.method=ProcessProposal grpc.request_deadline=2026-09-14T17:39:23.132Z grpc.peer_address=172.18.0.5:55100 grpc.peer_subject="CN=peer0.org1.example.com,L=San Francisco,ST=California,C=US" grpc.code=OK grpc.call_duration=762.114µs
2026-09-14T17:38:53.173240726Z [34m2026-09-14 17:38:53.173 UTC 015c INFO[0m [endorser] [34;1mcallChaincode[0m -> finished chaincode: kvstore duration: 0ms channel=mychannel txID=e1e541f7
2026-09-14T17:38:53.173277917Z [34m2026-09-14 17:38:53.173 UTC 015d INFO[0m [endorser] [34;1mcallChaincode[0m -> finished chaincode: kvstore duration: 0ms channel=mychannel txID=73b41211
2026-09-14T17:38:53.173297904Z [34m2026-09-14 17:38:53.173 UTC 015e INFO[0m [comm.grpc.server] [34;1mfunc1[0m -> unary call completed grpc.service=protos.Endorser grpc.method=ProcessProposal grpc.request_deadline=2026-09-14T17:39:23.172Z grpc.peer_address=172.18.0.5:55100 grpc.peer_subject="CN=peer0.org1.example.com,L=San Francisco,ST=California,C=US" grpc.code=OK grpc.call_duration=798.002µs
2026-09-14T17:38:53.173339243Z [34m2026-09-14 17:38:53.173 UTC 015f INFO[0m [comm.grpc.server] [34;1mfunc1[0m -> unary call completed grpc.service=protos.Endorser grpc.method=ProcessProposal grpc.request_deadline=2026-09-14T17:39:23.172Z grpc.peer_address=172.18.0.5:55100 grpc.peer_subject="CN=peer0.org1.example.com,L=San Francisco,ST=California,C=US" grpc.code=OK grpc.call_duration=864.929µs
2026-09-14T17:38:53.213259568Z [34m2026-09-14 17:38:53.213 UTC 0160 INFO[0m [endorser] [34;1mcallChaincode[0m -> finished chaincode: kvstore duration: 0ms channel=mychannel txID=7c83926c
2026-09-14T17:38:53.213271621Z [34m2026-09-14 17:38:53.213 UTC 0161 INFO[0m [endorser] [34;1mcallChaincode[0m -> finished chaincode: kvstore duration: 0ms channel=mychannel txID=9cd04bf7
2026-09-14T17:38:53.213313540Z [34m2026-09-14 17:38:53.213 UTC 0162 INFO[0m [comm.grpc.server] [34;1mfunc1[0m -> unary call completed grpc.service=protos.Endorser grpc.method=ProcessProposal grpc.request_deadline=2026-09-14T17:39:23.212Z grpc.peer_address=172.18.0.5:55100 grpc.peer_subject="CN=peer0.org1.example.com,L=San Francisco,ST=California,C=US" grpc.code=OK grpc.call_duration=787.272µs
2026-09-14T17:38:53.213326785Z [34m2026-09-14 17:38:53.213 UTC 0163 INFO[0m [comm.grpc.server] [34;1mfunc1[0m -> unary call completed grpc.service=protos.Endorser grpc.method=ProcessProposal grpc.request_deadline=2026-09-14T17:39:23.212Z grpc.peer_address=172.18.0.5:55100 grpc.peer_subject="CN=peer0.org1.example.com,L=San Francisco,ST=California,C=US" grpc.code=OK grpc.call_duration=804.565µs
2026-09-14T17:38:53.253751957Z [34m2026-09-14 17:38:53.253 UTC 0165 INFO[0m [endorser] [34;1mcallChaincode[0m -> finished chaincode: kvstore duration: 0ms channel=mychannel txID=7d4d54fc
2026-09-14T17:38:53.253776764Z [34m2026-09-14 17:38:53.253 UTC 0164 INFO[0m [endorser] [34;1mcallChaincode[0m -> finished chaincode: kvstore duration: 0ms channel=mychannel txID=5c4470aa
2026-09-14T17:38:53.253809716Z [34m2026-09-14 17:38:53.253 UTC 0166 INFO[0m [comm.grpc.server] [34;1mfunc1[0m -> unary call completed grpc.service=protos.Endorser grpc.method=ProcessProposal grpc.request_deadline=2026-09-14T17:39:23.252Z grpc.peer_address=172.18.0.5:55100 grpc.peer_subject="CN=peer0.org1.example.com,L=San Francisco,ST=California,C=US" grpc.code=OK grpc.call_duration=1.014012ms
2026-09-14T17:38:53.253848169Z [34m2026-09-14 17:38:53.253 UTC 0167 INFO[0m [comm.grpc.server] [34;1mfunc1[0m -> unary call completed grpc.service=protos.Endorser grpc.method=ProcessProposal grpc.request_deadline=2026-09-14T17:39:23.252Z grpc.peer_address=172.18.0.5:55100 grpc.peer_subject="CN=peer0.org1.example.com,L=San Francisco,ST=California,C=US" grpc.code=OK grpc.call_duration=1.043286ms
2026-09-14T17:38:53.293532157Z [34m2026-09-14 17:38:53.293 UTC 0168 INFO[0m [endorser] [34;1mcallChaincode[0m -> finished chaincode: kvstore duration: 0ms channel=mychannel txID=8ed25cdf
2026-09-14T17:38:53.293551624Z [34m2026-09-14 17:38:53.293 UTC 0169 INFO[0m [endorser] [34;1mcallChaincode[0m -> finished chaincode: kvstore duration: 0ms channel=mychannel txID=c239c455
2026-09-14T17:38:53.293673625Z [34m2026-09-14 17:38:53.293 UTC 016a INFO[0m [comm.grpc.server] [34;1mfunc1[0m -> unary call completed grpc.service=protos.Endorser grpc.method=ProcessProposal grpc.request_deadline=2026-09-14T17:39:23.292Z grpc.peer_address=172.18.0.5:55100 grpc.peer_subject="CN=peer0.org1.example.com,L=San Francisco,ST=California,C=US" grpc.code=OK grpc.call_duration=922.798µs
2026-09-14T17:38:53.293772532Z [34m2026-09-14 17:38:53.293 UTC 016b INFO[0m [comm.grpc.server] [34;1mfunc1[0m -> unary call completed grpc.service=protos.Endorser grpc.method=ProcessProposal grpc.request_deadline=2026-09-14T17:39:23.292Z grpc.peer_address=172.18.0.5:55100 grpc.peer_subject="CN=peer0.org1.example.com,L=San Francisco,ST=California,C=US" grpc.code=OK grpc.call_duration=1.005305ms
2026-09-14T17:38:53.334146577Z [34m2026-09-14 17:38:53.334 UTC 016d INFO[0m [endorser] [34;1mcallChaincode[0m -> finished chaincode: kvstore duration: 0ms channel=mychannel txID=0fd16d97
2026-09-14T17:38:53.334198475Z [34m2026-09-14 17:38:53.334 UTC 016c INFO[0m [endorser] [34;1mcallChaincode[0m -> finished chaincode: kvstore duration: 0ms channel=mychannel txID=96eb6ca5
2026-09-14T17:38:53.334212993Z [34m2026-09-14 17:38:53.334 UTC 016e INFO[0m [comm.grpc.server] [34;1mfunc1[0m -> unary call completed grpc.service=protos.Endorser grpc.method=ProcessProposal grpc.request_deadline=2026-09-14T17:39:23.333Z grpc.peer_address=172.18.0.5:55100 grpc.peer_subject="CN=peer0.org1.example.com,L=San Francisco,ST=California,C=US" grpc.code=OK grpc.call_duration=772.774µs
2026-09-14T17:38:53.334257697Z [34m2026-09-14 17:38:53.334 UTC 016f INFO[0m [comm.grpc.server] [34;1mfunc1[0m -> unary call completed grpc.service=protos.Endorser grpc.method=ProcessProposal grpc.request_deadline=2026-09-14T17:39:23.333Z grpc.peer_address=172.18.0.5:55100 grpc.peer_subject="CN=peer0.org1.example.com,L=San Francisco,ST=California,C=US" grpc.code=OK grpc.call_duration=875.439µs
2026-09-14T17:38:53.373820054Z [34m2026-09-14 17:38:53.373 UTC 0170 INFO[0m [endorser] [34;1mcallChaincode[0m -> finished chaincode: kvstore duration: 0ms channel=mychannel txID=54425508
2026-09-14T17:38:53.373860942Z [34m2026-09-14 17:38:53.373 UTC 0171 INFO[0m [endorser] [34;1mcallChaincode[0m -> finished chaincode: kvstore duration: 0ms channel=mychannel txID=f0b64fba
2026-09-14T17:38:53.373910636Z [34m2026-09-14 17:38:53.373 UTC 0172 INFO[0m [comm.grpc.server] [34;1mfunc1[0m -> unary call completed grpc.service=protos.Endorser grpc.method=ProcessProposal grpc.request_deadline=2026-09-14T17:39:23.372Z grpc.peer_address=172.18.0.5:55100 grpc.peer_subject="CN=peer0.org1.example.com,L=San Francisco,ST=California,C=US" grpc.code=OK grpc.call_duration=1.013981ms
2026-09-14T17:38:53.373926306Z [34m2026-09-14 17:38:53.373 UTC 0173 INFO[0m [comm.grpc.server] [34;1mfunc1[0m -> unary call completed grpc.service=protos.Endorser grpc.method=ProcessProposal grpc.request_deadline=2026-09-14T17:39:23.372Z grpc.peer_address=172.18.0.5:55100 grpc.peer_subject="CN=peer0.org1.example.com,L=San Francisco,ST=California,C=US" grpc.code=OK grpc.call_duration=1.03425ms
2026-09-14T17:38:53.413037287Z [34m2026-09-14 17:38:53.412 UTC 0174 INFO[0m [endorser] [34;1mcallChaincode[0m -> finished chaincode: kvstore duration: 0ms channel=mychannel txID=ab507861
2026-09-14T17:38:53.413089216Z [34m2026-09-14 17:38:53.412 UTC 0175 INFO[0m [endorser] [34;1mcallChaincode[0m -> finished chaincode: kvstore duration: 0ms channel=mychannel txID=4575b3c8
2026-09-14T17:38:53.413102511Z [34m2026-09-14 17:38:53.413 UTC 0176 INFO[0m [comm.grpc.server] [34;1mfunc1[0m -> unary call completed grpc.service=protos.Endorser grpc.method=ProcessProposal grpc.request_deadline=2026-09-14T17:39:23.412Z grpc.peer_address=172.18.0.5:55100 grpc.peer_subject="CN=peer0.org1.example.com,L=San Francisco,ST=California,C=US" grpc.code=OK grpc.call_duration=815.575µs
2026-09-14T17:38:53.413150131Z [34m2026-09-14 17:38:53.413 UTC 0177 INFO[0m [comm.grpc.server] [34;1mfunc1[0m -> unary call completed grpc.service=protos.Endorser grpc.method=ProcessProposal grpc.request_deadline=2026-09-14T17:39:23.412Z grpc.peer_address=172.18.0.5:55100 grpc.peer_subject="CN=peer0.org1.example.com,L=San Francisco,ST=California,C=US" grpc.code=OK grpc.call_duration=906.016µs
2026-09-14T17:38:53.453131512Z [34m2026-09-14 17:38:53.453 UTC 0179 INFO[0m [endorser] [34;1mcallChaincode[0m -> finished chaincode: kvstore duration: 0ms channel=mychannel txID=d9505faa
2026-09-14T17:38:53.453167430Z [34m2026-09-14 17:38:53.453 UTC 0178 INFO[0m [endorser] [34;1mcallChaincode[0m -> finished chaincode: kvstore duration: 0ms channel=mychannel txID=852cc11b
2026-09-14T17:38:53.453194642Z [34m2026-09-14 17:38:53.453 UTC 017a INFO[0m [comm.grpc.server] [34;1mfunc1[0m -> unary call completed grpc.service=protos.Endorser grpc.method=ProcessProposal grpc.request_deadline=2026-09-14T17:39:23.452Z grpc.peer_address=172.18.0.5:55100 grpc.peer_subject="CN=peer0.org1.example.com,L=San Francisco,ST=California,C=US" grpc.code=OK grpc.call_duration=817.769µs
2026-09-14T17:38:53.453225139Z [34m2026-09-14 17:38:53.453 UTC 017b INFO[0m [comm.grpc.server] [34;1mfunc1[0m -> unary call completed grpc.service=protos.Endorser grpc.method=ProcessProposal grpc.request_deadline=2026-09-14T17:39:23.452Z grpc.peer_address=172.18.0.5:55100 grpc.peer_subject="CN=peer0.org1.example.com,L=San Francisco,ST=California,C=US" grpc.code=OK grpc.call_duration=857.555µs
2026-09-14T17:38:53.468299120Z [34m2026-09-14 17:38:53.468 UTC 017c INFO[0m [gossip.privdata] [34;1mStoreBlock[0m -> Received block [6] from buffer channel=mychannel
2026-09-14T17:38:53.477704379Z [34m2026-09-14 17:38:53.477 UTC 017d INFO[0m [committer.txvalidator] [34;1mValidate[0m -> [mychannel] Validated block [6] in 9ms
2026-09-14T17:38:53.527596968Z [34m2026-09-14 17:38:53.527 UTC 017e INFO[0m [kvledger] [34;1mcommit[0m -> [mychannel] Committed block [6] with 52 transaction(s) in 49ms (state_validation=0ms block_and_pvtdata_commit=28ms state_commit=10ms) commitHash=[237f5cc5bbe47eeff119e3ea458fd9b8a30863eac9f1b180bde7defe6d9496c8]
2026-09-14T17:38:53.535786054Z [34m2026-09-14 17:38:53.535 UTC 017f INFO[0m [endorser] [34;1mcallChaincode[0m -> finished chaincode: kvstore duration: 0ms channel=mychannel txID=f457cb8b
2026-09-14T17:38:53.535804609Z [34m2026-09-14 17:38:53.535 UTC 0180 INFO[0m [endorser] [34;1mcallChaincode[0m -> finished chaincode: kvstore duration: 0ms channel=mychannel txID=34d16c9a
2026-09-14T17:38:53.535844885Z [34m2026-09-14 17:38:53.535 UTC 0181 INFO[0m [comm.grpc.server] [34;1mfunc1[0m -> unary call completed grpc.service=protos.Endorser grpc.method=ProcessProposal grpc.request_deadline=2026-09-14T17:39:23.534Z grpc.peer_address=172.18.0.5:55100 grpc.peer_subject="CN=peer0.org1.example.com,L=San Francisco,ST=California,C=US" grpc.code=OK grpc.call_duration=1.154136ms
2026-09-14T17:38:53.535850857Z [34m2026-09-14 17:38:53.535 UTC 0182 INFO[0m [comm.grpc.server] [34;1mfunc1[0m -> unary call completed grpc.service=protos.Endorser grpc.method=ProcessProposal grpc.request_deadline=2026-09-14T17:39:23.535Z grpc.peer_address=172.18.0.5:55100 grpc.peer_subject="CN=peer0.org1.example.com,L=San Francisco,ST=California,C=US" grpc.code=OK grpc.call_duration=602.481µs
2026-09-14T17:38:53.535861647Z [34m2026-09-14 17:38:53.535 UTC 0183 INFO[0m [endorser] [34;1mcallChaincode[0m -> finished chaincode: kvstore duration: 0ms channel=mychannel txID=216215d3
2026-09-14T17:38:53.535911582Z [34m2026-09-14 17:38:53.535 UTC 0184 INFO[0m [comm.grpc.server] [34;1mfunc1[0m -> unary call completed grpc.service=protos.Endorser grpc.method=ProcessProposal grpc.request_deadline=2026-09-14T17:39:23.534Z grpc.peer_address=172.18.0.5:55100 grpc.peer_subject="CN=peer0.org1.example.com,L=San Francisco,ST=California,C=US" grpc.code=OK grpc.call_duration=1.223408ms
2026-09-14T17:38:53.535916732Z [34m2026-09-14 17:38:53.535 UTC 0185 INFO[0m [endorser] [34;1mcallChaincode[0m -> finished chaincode: kvstore duration: 0ms channel=mychannel txID=0393bf2d
2026-09-14T17:38:53.535969341Z [34m2026-09-14 17:38:53.535 UTC 0186 INFO[0m [comm.grpc.server] [34;1mfunc1[0m -> unary call completed grpc.service=protos.Endorser grpc.method=ProcessProposal grpc.request_deadline=2026-09-14T17:39:23.535Z grpc.peer_address=172.18.0.5:55100 grpc.peer_subject="CN=peer0.org1.example.com,L=San Francisco,ST=California,C=US" grpc.code=OK grpc.call_duration=685.679µs
2026-09-14T17:38:53.574206688Z [34m2026-09-14 17:38:53.574 UTC 0187 INFO[0m [endorser] [34;1mcallChaincode[0m -> finished chaincode: kvstore duration: 0ms channel=mychannel txID=22c4c091
2026-09-14T17:38:53.574217558Z [34m2026-09-14 17:38:53.574 UTC 0188 INFO[0m [endorser] [34;1mcallChaincode[0m -> finished chaincode: kvstore duration: 0ms channel=mychannel txID=ac04cf64
2026-09-14T17:38:53.574279896Z [34m2026-09-14 17:38:53.574 UTC 0189 INFO[0m [comm.grpc.server] [34;1mfunc1[0m -> unary call completed grpc.service=protos.Endorser grpc.method=ProcessProposal grpc.request_deadline=2026-09-14T17:39:23.573Z grpc.peer_address=172.18.0.5:55100 grpc.peer_subject="CN=peer0.org1.example.com,L=San Francisco,ST=California,C=US" grpc.code=OK grpc.call_duration=813.501µs
2026-09-14T17:38:53.574291919Z [34m2026-09-14 17:38:53.574 UTC 018a INFO[0m [comm.grpc.server] [34;1mfunc1[0m -> unary call completed grpc.service=protos.Endorser grpc.method=ProcessProposal grpc.request_deadline=2026-09-14T17:39:23.573Z grpc.peer_address=172.18.0.5:55100 grpc.peer_subject="CN=peer0.org1.example.com,L=San Francisco,ST=California,C=US" grpc.code=OK grpc.call_duration=828.77µs
2026-09-14T17:38:53.613460160Z [34m2026-09-14 17:38:53.613 UTC 018b INFO[0m [endorser] [34;1mcallChaincode[0m -> finished chaincode: kvstore duration: 0ms channel=mychannel txID=4dcce2d2
2026-09-14T17:38:53.613477412Z [34m2026-09-14 17:38:53.613 UTC 018c INFO[0m [endorser] [34;1mcallChaincode[0m -> finished chaincode: kvstore duration: 0ms channel=mychannel txID=9933d6ac
2026-09-14T17:38:53.613517979Z [34m2026-09-14 17:38:53.613 UTC 018d INFO[0m [comm.grpc.server] [34;1mfunc1[0m -> unary call completed grpc.service=protos.Endorser grpc.method=ProcessProposal grpc.request_deadline=2026-09-14T17:39:23.612Z grpc.peer_address=172.18.0.5:55100 grpc.peer_subject="CN=peer0.org1.example.com,L=San Francisco,ST=California,C=US" grpc.code=OK grpc.call_duration=947.605µs
2026-09-14T17:38:53.613526605Z [34m2026-09-14 17:38:53.613 UTC 018e INFO[0m [comm.grpc.server] [34;1mfunc1[0m -> unary call completed grpc.service=protos.Endorser grpc.method=ProcessProposal grpc.request_deadline=2026-09-14T17:39:23.612Z grpc.peer_address=172.18.0.5:55100 grpc.peer_subject="CN=peer0.org1.example.com,L=San Francisco,ST=California,C=US" grpc.code=OK grpc.call_duration=936.574µs
2026-09-14T17:38:53.653669402Z [34m2026-09-14 17:38:53.653 UTC 018f INFO[0m [endorser] [34;1mcallChaincode[0m -> finished chaincode: kvstore duration: 0ms channel=mychannel txID=b17edc5c
2026-09-14T17:38:53.653686144Z [34m2026-09-14 17:38:53.653 UTC 0190 INFO[0m [endorser] [34;1mcallChaincode[0m -> finished chaincode: kvstore duration: 0ms channel=mychannel txID=eed557bc
2026-09-14T17:38:53.653728595Z [34m2026-09-14 17:38:53.653 UTC 0191 INFO[0m [comm.grpc.server] [34;1mfunc1[0m -> unary call completed grpc.service=protos.Endorser grpc.method=ProcessProposal grpc.request_deadline=2026-09-14T17:39:23.652Z grpc.peer_address=172.18.0.5:55100 grpc.peer_subject="CN=peer0.org1.example.com,L=San Francisco,ST=California,C=US" grpc.code=OK grpc.call_duration=800.537µs
2026-09-14T17:38:53.653764312Z [34m2026-09-14 17:38:53.653 UTC 0192 INFO[0m [comm.grpc.server] [34;1mfunc1[0m -> unary call completed grpc.service=protos.Endorser grpc.method=ProcessProposal grpc.request_deadline=2026-09-14T17:39:23.652Z grpc.peer_address=172.18.0.5:55100 grpc.peer_subject="CN=peer0.org1.example.com,L=San Francisco,ST=California,C=US" grpc.code=OK grpc.call_duration=816.407µs
2026-09-14T17:38:53.693059032Z [34m2026-09-14 17:38:53.692 UTC 0193 INFO[0m [endorser] [34;1mcallChaincode[0m -> finished chaincode: kvstore duration: 0ms channel=mychannel txID=d11acbc2
2026-09-14T17:38:53.693074732Z [34m2026-09-14 17:38:53.693 UTC 0194 INFO[0m [endorser] [34;1mcallChaincode[0m -> finished chaincode: kvstore duration: 0ms channel=mychannel txID=d85d1546
2026-09-14T17:38:53.693131650Z [34m2026-09-14 17:38:53.693 UTC 0195 INFO[0m [comm.grpc.server] [34;1mfunc1[0m -> unary call completed grpc.service=protos.Endorser grpc.method=ProcessProposal grpc.request_deadline=2026-09-14T17:39:23.692Z grpc.peer_address=172.18.0.5:55100 grpc.peer_subject="CN=peer0.org1.example.com,L=San Francisco,ST=California,C=US" grpc.code=OK grpc.call_duration=832.096µs
2026-09-14T17:38:53.693152148Z [34m2026-09-14 17:38:53.693 UTC 0196 INFO[0m [comm.grpc.server] [34;1mfunc1[0m -> unary call completed grpc.service=protos.Endorser grpc.method=ProcessProposal grpc.request_deadline=2026-09-14T17:39:23.692Z grpc.peer_address=172.18.0.5:55100 grpc.peer_subject="CN=peer0.org1.example.com,L=San Francisco,ST=California,C=US" grpc.code=OK grpc.call_duration=888.433µs
2026-09-14T17:38:53.733287621Z [34m2026-09-14 17:38:53.733 UTC 0197 INFO[0m [endorser] [34;1mcallChaincode[0m -> finished chaincode: kvstore duration: 0ms channel=mychannel txID=b4e3ad3b
2026-09-14T17:38:53.733313150Z [34m2026-09-14 17:38:53.733 UTC 0198 INFO[0m [endorser] [34;1mcallChaincode[0m -> finished chaincode: kvstore duration: 0ms channel=mychannel txID=97e339ed
2026-09-14T17:38:53.733345551Z [34m2026-09-14 17:38:53.733 UTC 0199 INFO[0m [comm.grpc.server] [34;1mfunc1[0m -> unary call completed grpc.service=protos.Endorser grpc.method=ProcessProposal grpc.request_deadline=2026-09-14T17:39:23.732Z grpc.peer_address=172.18.0.5:55100 grpc.peer_subject="CN=peer0.org1.example.com,L=San Francisco,ST=California,C=US" grpc.code=OK grpc.call_duration=850.492µs
2026-09-14T17:38:53.733355279Z [34m2026-09-14 17:38:53.733 UTC 019a INFO[0m [comm.grpc.server] [34;1mfunc1[0m -> unary call completed grpc.service=protos.Endorser grpc.method=ProcessProposal grpc.request_deadline=2026-09-14T17:39:23.732Z grpc.peer_address=172.18.0.5:55100 grpc.peer_subject="CN=peer0.org1.example.com,L=San Francisco,ST=California,C=US" grpc.code=OK grpc.call_duration=864.999µs
2026-09-14T17:38:53.773440236Z [34m2026-09-14 17:38:53.773 UTC 019b INFO[0m [endorser] [34;1mcallChaincode[0m -> finished chaincode: kvstore duration: 0ms channel=mychannel txID=9f7fbfb8
2026-09-14T17:38:53.773452420Z [34m2026-09-14 17:38:53.773 UTC 019c INFO[0m [endorser] [34;1mcallChaincode[0m -> finished chaincode: kvstore duration: 0ms channel=mychannel txID=000237be
2026-09-14T17:38:53.773495912Z [34m2026-09-14 17:38:53.773 UTC 019d INFO[0m [comm.grpc.server] [34;1mfunc1[0m -> unary call completed grpc.service=protos.Endorser grpc.method=ProcessProposal grpc.request_deadline=2026-09-14T17:39:23.772Z grpc.peer_address=172.18.0.5:55100 grpc.peer_subject="CN=peer0.org1.example.com,L=San Francisco,ST=California,C=US" grpc.code=OK grpc.call_duration=722.739µs
2026-09-14T17:38:53.773504588Z [34m2026-09-14 17:38:53.773 UTC 019e INFO[0m [comm.grpc.server] [34;1mfunc1[0m -> unary call completed grpc.service=protos.Endorser grpc.method=ProcessProposal grpc.request_deadline=2026-09-14T17:39:23.772Z grpc.peer_address=172.18.0.5:55100 grpc.peer_subject="CN=peer0.org1.example.com,L=San Francisco,ST=California,C=US" grpc.code=OK grpc.call_duration=746.825µs
2026-09-14T17:38:53.813967842Z [34m2026-09-14 17:38:53.813 UTC 019f INFO[0m [endorser] [34;1mcallChaincode[0m -> finished chaincode: kvstore duration: 0ms channel=mychannel txID=c51ec8bd
2026-09-14T17:38:53.813980617Z [34m2026-09-14 17:38:53.813 UTC 01a0 INFO[0m [endorser] [34;1mcallChaincode[0m -> finished chaincode: kvstore duration: 0ms channel=mychannel txID=f2517750
2026-09-14T17:38:53.814027305Z [34m2026-09-14 17:38:53.814 UTC 01a1 INFO[0m [comm.grpc.server] [34;1mfunc1[0m -> unary call completed grpc.service=protos.Endorser grpc.method=ProcessProposal grpc.request_deadline=2026-09-14T17:39:23.813Z grpc.peer_address=172.18.0.5:55100 grpc.peer_subject="CN=peer0.org1.example.com,L=San Francisco,ST=California,C=US" grpc.code=OK grpc.call_duration=747.115µs
2026-09-14T17:38:53.814051140Z [34m2026-09-14 17:38:53.814 UTC 01a2 INFO[0m [comm.grpc.server] [34;1mfunc1[0m -> unary call completed grpc.service=protos.Endorser grpc.method=ProcessProposal grpc.request_deadline=2026-09-14T17:39:23.813Z grpc.peer_address=172.18.0.5:55100 grpc.peer_subject="CN=peer0.org1.example.com,L=San Francisco,ST=California,C=US" grpc.code=OK grpc.call_duration=775.198µs
2026-09-14T17:38:53.853567330Z [34m2026-09-14 17:38:53.853 UTC 01a3 INFO[0m [endorser] [34;1mcallChaincode[0m -> finished chaincode: kvstore duration: 0ms channel=mychannel txID=3bcf6153
2026-09-14T17:38:53.853583059Z [34m2026-09-14 17:38:53.853 UTC 01a4 INFO[0m [endorser] [34;1mcallChaincode[0m -> finished chaincode: kvstore duration: 0ms channel=mychannel txID=a2ccd7db
2026-09-14T17:38:53.853625219Z [34m2026-09-14 17:38:53.853 UTC 01a5 INFO[0m [comm.grpc.server] [34;1mfunc1[0m -> unary call completed grpc.service=protos.Endorser grpc.method=ProcessProposal grpc.request_deadline=2026-09-14T17:39:23.852Z grpc.peer_address=172.18.0.5:55100 grpc.peer_subject="CN=peer0.org1.example.com,L=San Francisco,ST=California,C=US" grpc.code=OK grpc.call_duration=1.149067ms
2026-09-14T17:38:53.853715320Z [34m2026-09-14 17:38:53.853 UTC 01a6 INFO[0m [comm.grpc.server] [34;1mfunc1[0m -> unary call completed grpc.service=protos.Endorser grpc.method=ProcessProposal grpc.request_deadline=2026-09-14T17:39:23.852Z grpc.peer_address=172.18.0.5:55100 grpc.peer_subject="CN=peer0.org1.example.com,L=San Francisco,ST=California,C=US" grpc.code=OK grpc.call_duration=1.432383ms
2026-09-14T17:38:53.892937352Z [34m2026-09-14 17:38:53.892 UTC 01a7 INFO[0m [endorser] [34;1mcallChaincode[0m -> finished chaincode: kvstore duration: 0ms channel=mychannel txID=eca8b0b3
2026-09-14T17:38:53.892959093Z [34m2026-09-14 17:38:53.892 UTC 01a8 INFO[0m [endorser] [34;1mcallChaincode[0m -> finished chaincode: kvstore duration: 0ms channel=mychannel txID=fad186a9
2026-09-14T17:38:53.893002265Z [34m2026-09-14 17:38:53.892 UTC 01a9 INFO[0m [comm.grpc.server] [34;1mfunc1[0m -> unary call completed grpc.service=protos.Endorser grpc.method=ProcessProposal grpc.request_deadline=2026-09-14T17:39:23.892Z grpc.peer_address=172.18.0.5:55100 grpc.peer_subject="CN=peer0.org1.example.com,L=San Francisco,ST=California,C=US" grpc.code=OK grpc.call_duration=797.34µs
2026-09-14T17:38:53.893017554Z [34m2026-09-14 17:38:53.892 UTC 01aa INFO[0m [comm.grpc.server] [34;1mfunc1[0m -> unary call completed grpc.service=protos.Endorser grpc.method=ProcessProposal grpc.request_deadline=2026-09-14T17:39:23.892Z grpc.peer_address=172.18.0.5:55100 grpc.peer_subject="CN=peer0.org1.example.com,L=San Francisco,ST=California,C=US" grpc.code=OK grpc.call_duration=779.627µs
2026-09-14T17:38:53.934081145Z [34m2026-09-14 17:38:53.934 UTC 01ab INFO[0m [endorser] [34;1mcallChaincode[0m -> finished chaincode: kvstore duration: 0ms channel=mychannel txID=4a65a247
2026-09-14T17:38:53.934121592Z [34m2026-09-14 17:38:53.934 UTC 01ac INFO[0m [endorser] [34;1mcallChaincode[0m -> finished chaincode: kvstore duration: 0ms channel=mychannel txID=944263b9
2026-09-14T17:38:53.934133274Z [34m2026-09-14 17:38:53.934 UTC 01ad INFO[0m [comm.grpc.server] [34;1mfunc1[0m -> unary call completed grpc.service=protos.Endorser grpc.method=ProcessProposal grpc.request_deadline=2026-09-14T17:39:23.932Z grpc.peer_address=172.18.0.5:55100 grpc.peer_subject="CN=peer0.org1.example.com,L=San Francisco,ST=California,C=US" grpc.code=OK grpc.call_duration=1.095917ms
2026-09-14T17:38:53.934188178Z [34m2026-09-14 17:38:53.934 UTC 01ae INFO[0m [comm.grpc.server] [34;1mfunc1[0m -> unary call completed grpc.service=protos.Endorser grpc.method=ProcessProposal grpc.request_deadline=2026-09-14T17:39:23.932Z grpc.peer_address=172.18.0.5:55100 grpc.peer_subject="CN=peer0.org1.example.com,L=San Francisco,ST=California,C=US" grpc.code=OK grpc.call_duration=1.118229ms
2026-09-14T17:38:53.973240799Z [34m2026-09-14 17:38:53.973 UTC 01af INFO[0m [endorser] [34;1mcallChaincode[0m -> finished chaincode: kvstore duration: 0ms channel=mychannel txID=352b511f
2026-09-14T17:38:53.973295814Z [34m2026-09-14 17:38:53.973 UTC 01b0 INFO[0m [comm.grpc.server] [34;1mfunc1[0m -> unary call completed grpc.service=protos.Endorser grpc.method=ProcessProposal grpc.request_deadline=2026-09-14T17:39:23.972Z grpc.peer_address=172.18.0.5:55100 grpc.peer_subject="CN=peer0.org1.example.com,L=San Francisco,ST=California,C=US" grpc.code=OK grpc.call_duration=767.514µs
2026-09-14T17:38:53.973337012Z [34m2026-09-14 17:38:53.973 UTC 01b1 INFO[0m [endorser] [34;1mcallChaincode[0m -> finished chaincode: kvstore duration: 0ms channel=mychannel txID=9a43b1f4
2026-09-14T17:38:53.973411873Z [34m2026-09-14 17:38:53.973 UTC 01b2 INFO[0m [comm.grpc.server] [34;1mfunc1[0m -> unary call completed grpc.service=protos.Endorser grpc.method=ProcessProposal grpc.request_deadline=2026-09-14T17:39:23.972Z grpc.peer_address=172.18.0.5:55100 grpc.peer_subject="CN=peer0.org1.example.com,L=San Francisco,ST=California,C=US" grpc.code=OK grpc.call_duration=874.807µs
2026-09-14T17:38:54.013772833Z [34m2026-09-14 17:38:54.013 UTC 01b3 INFO[0m [endorser] [34;1mcallChaincode[0m -> finished chaincode: kvstore duration: 0ms channel=mychannel txID=f591195d
2026-09-14T17:38:54.013794485Z [34m2026-09-14 17:38:54.013 UTC 01b4 INFO[0m [endorser] [34;1mcallChaincode[0m -> finished chaincode: kvstore duration: 0ms channel=mychannel txID=d9ee34ea
2026-09-14T17:38:54.013835853Z [34m2026-09-14 17:38:54.013 UTC 01b5 INFO[0m [comm.grpc.server] [34;1mfunc1[0m -> unary call completed grpc.service=protos.Endorser grpc.method=ProcessProposal grpc.request_deadline=2026-09-14T17:39:24.012Z grpc.peer_address=172.18.0.5:55100 grpc.peer_subject="CN=peer0.org1.example.com,L=San Francisco,ST=California,C=US" grpc.code=OK grpc.call_duration=827.077µs
2026-09-14T17:38:54.013876790Z [34m2026-09-14 17:38:54.013 UTC 01b6 INFO[0m [comm.grpc.server] [34;1mfunc1[0m -> unary call completed grpc.service=protos.Endorser grpc.method=ProcessProposal grpc.request_deadline=2026-09-14T17:39:24.012Z grpc.peer_address=172.18.0.5:55100 grpc.peer_subject="CN=peer0.org1.example.com,L=San Francisco,ST=California,C=US" grpc.code=OK grpc.call_duration=886.299µs
2026-09-14T17:38:54.053905932Z [34m2026-09-14 17:38:54.053 UTC 01b7 INFO[0m [endorser] [34;1mcallChaincode[0m -> finished chaincode: kvstore duration: 0ms channel=mychannel txID=ac8dc1c4
2026-09-14T17:38:54.053921812Z [34m2026-09-14 17:38:54.053 UTC 01b8 INFO[0m [endorser] [34;1mcallChaincode[0m -> finished chaincode: kvstore duration: 0ms channel=mychannel txID=a410b937
2026-09-14T17:38:54.053967619Z [34m2026-09-14 17:38:54.053 UTC 01b9 INFO[0m [comm.grpc.server] [34;1mfunc1[0m -> unary call completed grpc.service=protos.Endorser grpc.method=ProcessProposal grpc.request_deadline=2026-09-14T17:39:24.052Z grpc.peer_address=172.18.0.5:55100 grpc.peer_subject="CN=peer0.org1.example.com,L=San Francisco,ST=California,C=US" grpc.code=OK grpc.call_duration=986.789µs
2026-09-14T17:38:54.053985403Z [34m2026-09-14 17:38:54.053 UTC 01ba INFO[0m [comm.grpc.server] [34;1mfunc1[0m -> unary call completed grpc.service=protos.Endorser grpc.method=ProcessProposal grpc.request_deadline=2026-09-14T17:39:24.052Z grpc.peer_address=172.18.0.5:55100 grpc.peer_subject="CN=peer0.org1.example.com,L=San Francisco,ST=California,C=US" grpc.code=OK grpc.call_duration=948.296µs
2026-09-14T17:38:54.093004120Z [34m2026-09-14 17:38:54.092 UTC 01bb INFO[0m [endorser] [34;1mcallChaincode[0m -> finished chaincode: kvstore duration: 0ms channel=mychannel txID=9d8621e0
2026-09-14T17:38:54.093068893Z [34m2026-09-14 17:38:54.093 UTC 01bc INFO[0m [comm.grpc.server] [34;1mfunc1[0m -> unary call completed grpc.service=protos.Endorser grpc.method=ProcessProposal grpc.request_deadline=2026-09-14T17:39:24.092Z grpc.peer_address=172.18.0.5:55100 grpc.peer_subject="CN=peer0.org1.example.com,L=San Francisco,ST=California,C=US" grpc.code=OK grpc.call_duration=760.01µs
2026-09-14T17:38:54.093093599Z [34m2026-09-14 17:38:54.093 UTC 01bd INFO[0m [endorser] [34;1mcallChaincode[0m -> finished chaincode: kvstore duration: 0ms channel=mychannel txID=8000dcce
2026-09-14T17:38:54.093183480Z [34m2026-09-14 17:38:54.093 UTC 01be INFO[0m [comm.grpc.server] [34;1mfunc1[0m -> unary call completed grpc.service=protos.Endorser grpc.method=ProcessProposal grpc.request_deadline=2026-09-14T17:39:24.092Z grpc.peer_address=172.18.0.5:55100 grpc.peer_subject="CN=peer0.org1.example.com,L=San Francisco,ST=California,C=US" grpc.code=OK grpc.call_duration=854.799µs
2026-09-14T17:38:54.133459439Z [34m2026-09-14 17:38:54.133 UTC 01bf INFO[0m [endorser] [34;1mcallChaincode[0m -> finished chaincode: kvstore duration: 0ms channel=mychannel txID=eb5b9f4a
2026-09-14T17:38:54.133506558Z [34m2026-09-14 17:38:54.133 UTC 01c0 INFO[0m [endorser] [34;1mcallChaincode[0m -> finished chaincode: kvstore duration: 0ms channel=mychannel txID=02d72195
2026-09-14T17:38:54.133526526Z [34m2026-09-14 17:38:54.133 UTC 01c1 INFO[0m [comm.grpc.server] [34;1mfunc1[0m -> unary call completed grpc.service=protos.Endorser grpc.method=ProcessProposal grpc.request_deadline=2026-09-14T17:39:24.132Z grpc.peer_address=172.18.0.5:55100 grpc.peer_subject="CN=peer0.org1.example.com,L=San Francisco,ST=California,C=US" grpc.code=OK grpc.call_duration=778.555µs
2026-09-14T17:38:54.133577933Z [34m2026-09-14 17:38:54.133 UTC 01c2 INFO[0m [comm.grpc.server] [34;1mfunc1[0m -> unary call completed grpc.service=protos.Endorser grpc.method=ProcessProposal grpc.request_deadline=2026-09-14T17:39:24.132Z grpc.peer_address=172.18.0.5:55100 grpc.peer_subject="CN=peer0.org1.example.com,L=San Francisco,ST=California,C=US" grpc.code=OK grpc.call_duration=831.686µs
2026-09-14T17:38:54.174235405Z [34m2026-09-14 17:38:54.174 UTC 01c3 INFO[0m [endorser] [34;1mcallChaincode[0m -> finished chaincode: kvstore duration: 0ms channel=mychannel txID=15ec83b2
2026-09-14T17:38:54.174259721Z [34m2026-09-14 17:38:54.174 UTC 01c4 INFO[0m [endorser] [34;1mcallChaincode[0m -> finished chaincode: kvstore duration: 0ms channel=mychannel txID=85cc0688
2026-09-14T17:38:54.174291442Z [34m2026-09-14 17:38:54.174 UTC 01c5 INFO[0m [comm.grpc.server] [34;1mfunc1[0m -> unary call completed grpc.service=protos.Endorser grpc.method=ProcessProposal grpc.request_deadline=2026-09-14T17:39:24.173Z grpc.peer_address=172.18.0.5:55100 grpc.peer_subject="CN=peer0.org1.example.com,L=San Francisco,ST=California,C=US" grpc.code=OK grpc.call_duration=800.497µs
2026-09-14T17:38:54.174304045Z [34m2026-09-14 17:38:54.174 UTC 01c6 INFO[0m [comm.grpc.server] [34;1mfunc1[0m -> unary call completed grpc.service=protos.Endorser grpc.method=ProcessProposal grpc.request_deadline=2026-09-14T17:39:24.173Z grpc.peer_address=172.18.0.5:55100 grpc.peer_subject="CN=peer0.org1.example.com,L=San Francisco,ST=California,C=US" grpc.code=OK grpc.call_duration=829.943µs
2026-09-14T17:38:54.213497293Z [34m2026-09-14 17:38:54.213 UTC 01c7 INFO[0m [endorser] [34;1mcallChaincode[0m -> finished chaincode: kvstore duration: 0ms channel=mychannel txID=6fad9890
2026-09-14T17:38:54.213507412Z [34m2026-09-14 17:38:54.213 UTC 01c8 INFO[0m [endorser] [34;1mcallChaincode[0m -> finished chaincode: kvstore duration: 0ms channel=mychannel txID=be65d52e
2026-09-14T17:38:54.213549813Z [34m2026-09-14 17:38:54.213 UTC 01c9 INFO[0m [comm.grpc.server] [34;1mfunc1[0m -> unary call completed grpc.service=protos.Endorser grpc.method=ProcessProposal grpc.request_deadline=2026-09-14T17:39:24.212Z grpc.peer_address=172.18.0.5:55100 grpc.peer_subject="CN=peer0.org1.example.com,L=San Francisco,ST=California,C=US" grpc.code=OK grpc.call_duration=919.151µs
2026-09-14T17:38:54.213554151Z [34m2026-09-14 17:38:54.213 UTC 01ca INFO[0m [comm.grpc.server] [34;1mfunc1[0m -> unary call completed grpc.service=protos.Endorser grpc.method=ProcessProposal grpc.request_deadline=2026-09-14T17:39:24.212Z grpc.peer_address=172.18.0.5:55100 grpc.peer_subject="CN=peer0.org1.example.com,L=San Francisco,ST=California,C=US" grpc.code=OK grpc.call_duration=973.414µs
2026-09-14T17:38:54.254319407Z [34m2026-09-14 17:38:54.254 UTC 01cc INFO[0m [endorser] [34;1mcallChaincode[0m -> finished chaincode: kvstore duration: 0ms channel=mychannel txID=724781a6
2026-09-14T17:38:54.254362048Z [34m2026-09-14 17:38:54.254 UTC 01cb INFO[0m [endorser] [34;1mcallChaincode[0m -> finished chaincode: kvstore duration: 0ms channel=mychannel txID=1b762983
2026-09-14T17:38:54.254379130Z [34m2026-09-14 17:38:54.254 UTC 01cd INFO[0m [comm.grpc.server] [34;1mfunc1[0m -> unary call completed grpc.service=protos.Endorser grpc.method=ProcessProposal grpc.request_deadline=2026-09-14T17:39:24.253Z grpc.peer_address=172.18.0.5:55100 grpc.peer_subject="CN=peer0.org1.example.com,L=San Francisco,ST=California,C=US" grpc.code=OK grpc.call_duration=1.201226ms
2026-09-14T17:38:54.254432131Z [34m2026-09-14 17:38:54.254 UTC 01ce INFO[0m [comm.grpc.server] [34;1mfunc1[0m -> unary call completed grpc.service=protos.Endorser grpc.method=ProcessProposal grpc.request_deadline=2026-09-14T17:39:24.253Z grpc.peer_address=172.18.0.5:55100 grpc.peer_subject="CN=peer0.org1.example.com,L=San Francisco,ST=California,C=US" grpc.code=OK grpc.call_duration=1.250429ms
2026-09-14T17:38:54.293482097Z [34m2026-09-14 17:38:54.293 UTC 01cf INFO[0m [endorser] [34;1mcallChaincode[0m -> finished chaincode: kvstore duration: 0ms channel=mychannel txID=10ddfd87
2026-09-14T17:38:54.293514408Z [34m2026-09-14 17:38:54.293 UTC 01d0 INFO[0m [endorser] [34;1mcallChaincode[0m -> finished chaincode: kvstore duration: 0ms channel=mychannel txID=88386d18
2026-09-14T17:38:54.293542892Z [34m2026-09-14 17:38:54.293 UTC 01d1 INFO[0m [comm.grpc.server] [34;1mfunc1[0m -> unary call completed grpc.service=protos.Endorser grpc.method=ProcessProposal grpc.request_deadline=2026-09-14T17:39:24.292Z grpc.peer_address=172.18.0.5:55100 grpc.peer_subject="CN=peer0.org1.example.com,L=San Francisco,ST=California,C=US" grpc.code=OK grpc.call_duration=793.593µs
2026-09-14T17:38:54.293601083Z [34m2026-09-14 17:38:54.293 UTC 01d2 INFO[0m [comm.grpc.server] [34;1mfunc1[0m -> unary call completed grpc.service=protos.Endorser grpc.method=ProcessProposal grpc.request_deadline=2026-09-14T17:39:24.292Z grpc.peer_address=172.18.0.5:55100 grpc.peer_subject="CN=peer0.org1.example.com,L=San Francisco,ST=California,C=US" grpc.code=OK grpc.call_duration=850.501µs
2026-09-14T17:38:54.333400349Z [34m2026-09-14 17:38:54.333 UTC 01d3 INFO[0m [endorser] [34;1mcallChaincode[0m -> finished chaincode: kvstore duration: 0ms channel=mychannel txID=117f05c8
2026-09-14T17:38:54.333437078Z [34m2026-09-14 17:38:54.333 UTC 01d4 INFO[0m [endorser] [34;1mcallChaincode[0m -> finished chaincode: kvstore duration: 0ms channel=mychannel txID=a439fc1e
2026-09-14T17:38:54.333449041Z [34m2026-09-14 17:38:54.333 UTC 01d5 INFO[0m [comm.grpc.server] [34;1mfunc1[0m -> unary call completed grpc.service=protos.Endorser grpc.method=ProcessProposal grpc.request_deadline=2026-09-14T17:39:24.332Z grpc.peer_address=172.18.0.5:55100 grpc.peer_subject="CN=peer0.org1.example.com,L=San Francisco,ST=California,C=US" grpc.code=OK grpc.call_duration=742.176µs
2026-09-14T17:38:54.333489568Z [34m2026-09-14 17:38:54.333 UTC 01d6 INFO[0m [comm.grpc.server] [34;1mfunc1[0m -> unary call completed grpc.service=protos.Endorser grpc.method=ProcessProposal grpc.request_deadline=2026-09-14T17:39:24.332Z grpc.peer_address=172.18.0.5:55100 grpc.peer_subject="CN=peer0.org1.example.com,L=San Francisco,ST=California,C=US" grpc.code=OK grpc.call_duration=733.349µs
2026-09-14T17:38:54.373940238Z [34m2026-09-14 17:38:54.373 UTC 01d7 INFO[0m [endorser] [34;1mcallChaincode[0m -> finished chaincode: kvstore duration: 0ms channel=mychannel txID=d9c6f5f0
2026-09-14T17:38:54.373957841Z [34m2026-09-14 17:38:54.373 UTC 01d8 INFO[0m [endorser] [34;1mcallChaincode[0m -> finished chaincode: kvstore duration: 0ms channel=mychannel txID=91177569
2026-09-14T17:38:54.374008367Z [34m2026-09-14 17:38:54.373 UTC 01da INFO[0m [comm.grpc.server] [34;1mfunc1[0m -> unary call completed grpc.service=protos.Endorser grpc.method=ProcessProposal grpc.request_deadline=2026-09-14T17:39:24.372Z grpc.peer_address=172.18.0.5:55100 grpc.peer_subject="CN=peer0.org1.example.com,L=San Francisco,ST=California,C=US" grpc.code=OK grpc.call_duration=942.405µs
2026-09-14T17:38:54.374017524Z [34m2026-09-14 17:38:54.373 UTC 01d9 INFO[0m [comm.grpc.server] [34;1mfunc1[0m -> unary call completed grpc.service=protos.Endorser grpc.method=ProcessProposal grpc.request_deadline=2026-09-14T17:39:24.372Z grpc.peer_address=172.18.0.5:55100 grpc.peer_subject="CN=peer0.org1.example.com,L=San Francisco,ST=California,C=US" grpc.code=OK grpc.call_duration=942.375µs
2026-09-14T17:38:54.414153087Z [34m2026-09-14 17:38:54.414 UTC 01db INFO[0m [endorser] [34;1mcallChaincode[0m -> finished chaincode: kvstore duration: 0ms channel=mychannel txID=59d190d9
2026-09-14T17:38:54.414172244Z [34m2026-09-14 17:38:54.414 UTC 01dc INFO[0m [endorser] [34;1mcallChaincode[0m -> finished chaincode: kvstore duration: 0ms channel=mychannel txID=ca528c85
2026-09-14T17:38:54.414203753Z [34m2026-09-14 17:38:54.414 UTC 01dd INFO[0m [comm.grpc.server] [34;1mfunc1[0m -> unary call completed grpc.service=protos.Endorser grpc.method=ProcessProposal grpc.request_deadline=2026-09-14T17:39:24.412Z grpc.peer_address=172.18.0.5:55100 grpc.peer_subject="CN=peer0.org1.example.com,L=San Francisco,ST=California,C=US" grpc.code=OK grpc.call_duration=1.281599ms
2026-09-14T17:38:54.414224793Z [34m2026-09-14 17:38:54.414 UTC 01de INFO[0m [comm.grpc.server] [34;1mfunc1[0m -> unary call completed grpc.service=protos.Endorser grpc.method=ProcessProposal grpc.request_deadline=2026-09-14T17:39:24.412Z grpc.peer_address=172.18.0.5:55100 grpc.peer_subject="CN=peer0.org1.example.com,L=San Francisco,ST=California,C=US" grpc.code=OK grpc.call_duration=1.305374ms
2026-09-14T17:38:54.453767503Z [34m2026-09-14 17:38:54.453 UTC 01df INFO[0m [endorser] [34;1mcallChaincode[0m -> finished chaincode: kvstore duration: 0ms channel=mychannel txID=88333fe0
2026-09-14T17:38:54.453785617Z [34m2026-09-14 17:38:54.453 UTC 01e0 INFO[0m [endorser] [34;1mcallChaincode[0m -> finished chaincode: kvstore duration: 0ms channel=mychannel txID=8327e821
2026-09-14T17:38:54.453816105Z [34m2026-09-14 17:38:54.453 UTC 01e2 INFO[0m [comm.grpc.server] [34;1mfunc1[0m -> unary call completed grpc.service=protos.Endorser grpc.method=ProcessProposal grpc.request_deadline=2026-09-14T17:39:24.452Z grpc.peer_address=172.18.0.5:55100 grpc.peer_subject="CN=peer0.org1.example.com,L=San Francisco,ST=California,C=US" grpc.code=OK grpc.call_duration=770.961µs
2026-09-14T17:38:54.453826896Z [34m2026-09-14 17:38:54.453 UTC 01e1 INFO[0m [comm.grpc.server] [34;1mfunc1[0m -> unary call completed grpc.service=protos.Endorser grpc.method=ProcessProposal grpc.request_deadline=2026-09-14T17:39:24.452Z grpc.peer_address=172.18.0.5:55100 grpc.peer_subject="CN=peer0.org1.example.com,L=San Francisco,ST=California,C=US" grpc.code=OK grpc.call_duration=775.55µs
2026-09-14T17:38:54.492919984Z [34m2026-09-14 17:38:54.492 UTC 01e3 INFO[0m [endorser] [34;1mcallChaincode[0m -> finished chaincode: kvstore duration: 0ms channel=mychannel txID=fa5e7d08
2026-09-14T17:38:54.492933499Z [34m2026-09-14 17:38:54.492 UTC 01e4 INFO[0m [endorser] [34;1mcallChaincode[0m -> finished chaincode: kvstore duration: 0ms channel=mychannel txID=bbee6d73
2026-09-14T17:38:54.492967414Z [34m2026-09-14 17:38:54.492 UTC 01e5 INFO[0m [comm.grpc.server] [34;1mfunc1[0m -> unary call completed grpc.service=protos.Endorser grpc.method=ProcessProposal grpc.request_deadline=2026-09-14T17:39:24.492Z grpc.peer_address=172.18.0.5:55100 grpc.peer_subject="CN=peer0.org1.example.com,L=San Francisco,ST=California,C=US" grpc.code=OK grpc.call_duration=722.549µs
2026-09-14T17:38:54.492984586Z [34m2026-09-14 17:38:54.492 UTC 01e6 INFO[0m [comm.grpc.server] [34;1mfunc1[0m -> unary call completed grpc.service=protos.Endorser grpc.method=ProcessProposal grpc.request_deadline=2026-09-14T17:39:24.492Z grpc.peer_address=172.18.0.5:55100 grpc.peer_subject="CN=peer0.org1.example.com,L=San Francisco,ST=California,C=US" grpc.code=OK grpc.call_duration=750.502µs
2026-09-14T17:38:54.517710924Z [34m2026-09-14 17:38:54.517 UTC 01e7 INFO[0m [gossip.privdata] [34;1mStoreBlock[0m -> Received block [7] from buffer channel=mychannel
2026-09-14T17:38:54.527038046Z [34m2026-09-14 17:38:54.526 UTC 01e8 INFO[0m [committer.txvalidator] [34;1mValidate[0m -> [mychannel] Validated block [7] in 9ms
2026-09-14T17:38:54.575264008Z [34m2026-09-14 17:38:54.575 UTC 01e9 INFO[0m [kvledger] [34;1mcommit[0m -> [mychannel] Committed block [7] with 52 transaction(s) in 47ms (state_validation=0ms block_and_pvtdata_commit=26ms state_commit=10ms) commitHash=[91fcdb29ecbdad1b474f0b6ebe9caa81000426187dfe12f17ec9046d1d446ccb]
2026-09-14T17:38:54.576251228Z [34m2026-09-14 17:38:54.576 UTC 01ea INFO[0m [endorser] [34;1mcallChaincode[0m -> finished chaincode: kvstore duration: 0ms channel=mychannel txID=6f8e8291
2026-09-14T17:38:54.576265535Z [34m2026-09-14 17:38:54.576 UTC 01eb INFO[0m [endorser] [34;1mcallChaincode[0m -> finished chaincode: kvstore duration: 0ms channel=mychannel txID=cf7eaabe
2026-09-14T17:38:54.576347090Z [34m2026-09-14 17:38:54.576 UTC 01ec INFO[0m [comm.grpc.server] [34;1mfunc1[0m -> unary call completed grpc.service=protos.Endorser grpc.method=ProcessProposal grpc.request_deadline=2026-09-14T17:39:24.572Z grpc.peer_address=172.18.0.5:55100 grpc.peer_subject="CN=peer0.org1.example.com,L=San Francisco,ST=California,C=US" grpc.code=OK grpc.call_duration=4.119886ms
2026-09-14T17:38:54.576360695Z [34m2026-09-14 17:38:54.576 UTC 01ed INFO[0m [comm.grpc.server] [34;1mfunc1[0m -> unary call completed grpc.service=protos.Endorser grpc.method=ProcessProposal grpc.request_deadline=2026-09-14T17:39:24.571Z grpc.peer_address=172.18.0.5:55100 grpc.peer_subject="CN=peer0.org1.example.com,L=San Francisco,ST=California,C=US" grpc.code=OK grpc.call_duration=4.719011ms
2026-09-14T17:38:54.576368019Z [34m2026-09-14 17:38:54.576 UTC 01ee INFO[0m [endorser] [34;1mcallChaincode[0m -> finished chaincode: kvstore duration: 0ms channel=mychannel txID=20e2cc7b
2026-09-14T17:38:54.576464532Z [34m2026-09-14 17:38:54.576 UTC 01ef INFO[0m [comm.grpc.server] [34;1mfunc1[0m -> unary call completed grpc.service=protos.Endorser grpc.method=ProcessProposal grpc.request_deadline=2026-09-14T17:39:24.571Z grpc.peer_address=172.18.0.5:55100 grpc.peer_subject="CN=peer0.org1.example.com,L=San Francisco,ST=California,C=US" grpc.code=OK grpc.call_duration=4.33838ms
2026-09-14T17:38:54.576504057Z [34m2026-09-14 17:38:54.576 UTC 01f0 INFO[0m [endorser] [34;1mcallChaincode[0m -> finished chaincode: kvstore duration: 0ms channel=mychannel txID=33c1ae7f
2026-09-14T17:38:54.576585742Z [34m2026-09-14 17:38:54.576 UTC 01f1 INFO[0m [comm.grpc.server] [34;1mfunc1[0m -> unary call completed grpc.service=protos.Endorser grpc.method=ProcessProposal grpc.request_deadline=2026-09-14T17:39:24.571Z grpc.peer_address=172.18.0.5:55100 grpc.peer_subject="CN=peer0.org1.example.com,L=San Francisco,ST=California,C=US" grpc.code=OK grpc.call_duration=4.659448ms
2026-09-14T17:38:54.613662189Z [34m2026-09-14 17:38:54.613 UTC 01f2 INFO[0m [endorser] [34;1mcallChaincode[0m -> finished chaincode: kvstore duration: 0ms channel=mychannel txID=f3c75ad1
2026-09-14T17:38:54.613696704Z [34m2026-09-14 17:38:54.613 UTC 01f3 INFO[0m [endorser] [34;1mcallChaincode[0m -> finished chaincode: kvstore duration: 0ms channel=mychannel txID=a6c5da6c
2026-09-14T17:38:54.613715109Z [34m2026-09-14 17:38:54.613 UTC 01f4 INFO[0m [comm.grpc.server] [34;1mfunc1[0m -> unary call completed grpc.service=protos.Endorser grpc.method=ProcessProposal grpc.request_deadline=2026-09-14T17:39:24.612Z grpc.peer_address=172.18.0.5:55100 grpc.peer_subject="CN=peer0.org1.example.com,L=San Francisco,ST=California,C=US" grpc.code=OK grpc.call_duration=828.69µs
2026-09-14T17:38:54.613803246Z [34m2026-09-14 17:38:54.613 UTC 01f5 INFO[0m [comm.grpc.server] [34;1mfunc1[0m -> unary call completed grpc.service=protos.Endorser grpc.method=ProcessProposal grpc.request_deadline=2026-09-14T17:39:24.612Z grpc.peer_address=172.18.0.5:55100 grpc.peer_subject="CN=peer0.org1.example.com,L=San Francisco,ST=California,C=US" grpc.code=OK grpc.call_duration=857.424µs
2026-09-14T17:38:54.654476338Z [34m2026-09-14 17:38:54.654 UTC 01f6 INFO[0m [endorser] [34;1mcallChaincode[0m -> finished chaincode: kvstore duration: 0ms channel=mychannel txID=c4cb391a
2026-09-14T17:38:54.654526804Z [34m2026-09-14 17:38:54.654 UTC 01f7 INFO[0m [endorser] [34;1mcallChaincode[0m -> finished chaincode: kvstore duration: 0ms channel=mychannel txID=cb8c7eb3
2026-09-14T17:38:54.654556069Z [34m2026-09-14 17:38:54.654 UTC 01f8 INFO[0m [comm.grpc.server] [34;1mfunc1[0m -> unary call completed grpc.service=protos.Endorser grpc.method=ProcessProposal grpc.request_deadline=2026-09-14T17:39:24.653Z grpc.peer_address=172.18.0.5:55100 grpc.peer_subject="CN=peer0.org1.example.com,L=San Francisco,ST=California,C=US" grpc.code=OK grpc.call_duration=1.064136ms
2026-09-14T17:38:54.654624278Z [34m2026-09-14 17:38:54.654 UTC 01f9 INFO[0m [comm.grpc.server] [34;1mfunc1[0m -> unary call completed grpc.service=protos.Endorser grpc.method=ProcessProposal grpc.request_deadline=2026-09-14T17:39:24.653Z grpc.peer_address=172.18.0.5:55100 grpc.peer_subject="CN=peer0.org1.example.com,L=San Francisco,ST=California,C=US" grpc.code=OK grpc.call_duration=1.042445ms
2026-09-14T17:38:54.693339601Z [34m2026-09-14 17:38:54.693 UTC 01fa INFO[0m [endorser] [34;1mcallChaincode[0m -> finished chaincode: kvstore duration: 0ms channel=mychannel txID=402d01e0
2026-09-14T17:38:54.693400646Z [34m2026-09-14 17:38:54.693 UTC 01fb INFO[0m [comm.grpc.server] [34;1mfunc1[0m -> unary call completed grpc.service=protos.Endorser grpc.method=ProcessProposal grpc.request_deadline=2026-09-14T17:39:24.692Z grpc.peer_address=172.18.0.5:55100 grpc.peer_subject="CN=peer0.org1.example.com,L=San Francisco,ST=California,C=US" grpc.code=OK grpc.call_duration=804.434µs
2026-09-14T17:38:54.693417859Z [34m2026-09-14 17:38:54.693 UTC 01fc INFO[0m [endorser] [34;1mcallChaincode[0m -> finished chaincode: kvstore duration: 0ms channel=mychannel txID=7d8f17ed
2026-09-14T17:38:54.693451332Z [34m2026-09-14 17:38:54.693 UTC 01fd INFO[0m [comm.grpc.server] [34;1mfunc1[0m -> unary call completed grpc.service=protos.Endorser grpc.method=ProcessProposal grpc.request_deadline=2026-09-14T17:39:24.692Z grpc.peer_address=172.18.0.5:55100 grpc.peer_subject="CN=peer0.org1.example.com,L=San Francisco,ST=California,C=US" grpc.code=OK grpc.call_duration=806.628µs
2026-09-14T17:38:54.733742961Z [34m2026-09-14 17:38:54.733 UTC 01fe INFO[0m [endorser] [34;1mcallChaincode[0m -> finished chaincode: kvstore duration: 0ms channel=mychannel txID=5a7f17f9
2026-09-14T17:38:54.733787095Z [34m2026-09-14 17:38:54.733 UTC 01ff INFO[0m [endorser] [34;1mcallChaincode[0m -> finished chaincode: kvstore duration: 0ms channel=mychannel txID=1625dd36
2026-09-14T17:38:54.733852819Z [34m2026-09-14 17:38:54.733 UTC 0200 INFO[0m [comm.grpc.server] [34;1mfunc1[0m -> unary call completed grpc.service=protos.Endorser grpc.method=ProcessProposal grpc.request_deadline=2026-09-14T17:39:24.732Z grpc.peer_address=172.18.0.5:55100 grpc.peer_subject="CN=peer0.org1.example.com,L=San Francisco,ST=California,C=US" grpc.code=OK grpc.call_duration=901.087µs
2026-09-14T17:38:54.733898015Z [34m2026-09-14 17:38:54.733 UTC 0201 INFO[0m [comm.grpc.server] [34;1mfunc1[0m -> unary call completed grpc.service=protos.Endorser grpc.method=ProcessProposal grpc.request_deadline=2026-09-14T17:39:24.732Z grpc.peer_address=172.18.0.5:55100 grpc.peer_subject="CN=peer0.org1.example.com,L=San Francisco,ST=California,C=US" grpc.code=OK grpc.call_duration=921.887µs
2026-09-14T17:38:54.773992230Z [34m2026-09-14 17:38:54.773 UTC 0202 INFO[0m [endorser] [34;1mcallChaincode[0m -> finished chaincode: kvstore duration: 0ms channel=mychannel txID=73381395
2026-09-14T17:38:54.774005946Z [34m2026-09-14 17:38:54.773 UTC 0203 INFO[0m [endorser] [34;1mcallChaincode[0m -> finished chaincode: kvstore duration: 0ms channel=mychannel txID=e88ac110
2026-09-14T17:38:54.774054728Z [34m2026-09-14 17:38:54.774 UTC 0204 INFO[0m [comm.grpc.server] [34;1mfunc1[0m -> unary call completed grpc.service=protos.Endorser grpc.method=ProcessProposal grpc.request_deadline=2026-09-14T17:39:24.773Z grpc.peer_address=172.18.0.5:55100 grpc.peer_subject="CN=peer0.org1.example.com,L=San Francisco,ST=California,C=US" grpc.code=OK grpc.call_duration=960.971µs
2026-09-14T17:38:54.774097139Z [34m2026-09-14 17:38:54.774 UTC 0205 INFO[0m [comm.grpc.server] [34;1mfunc1[0m -> unary call completed grpc.service=protos.Endorser grpc.method=ProcessProposal grpc.request_deadline=2026-09-14T17:39:24.772Z grpc.peer_address=172.18.0.5:55100 grpc.peer_subject="CN=peer0.org1.example.com,L=San Francisco,ST=California,C=US" grpc.code=OK grpc.call_duration=997.68µs
2026-09-14T17:38:54.813492580Z [34m2026-09-14 17:38:54.813 UTC 0206 INFO[0m [endorser] [34;1mcallChaincode[0m -> finished chaincode: kvstore duration: 0ms channel=mychannel txID=07be90fa
2026-09-14T17:38:54.813524149Z [34m2026-09-14 17:38:54.813 UTC 0207 INFO[0m [endorser] [34;1mcallChaincode[0m -> finished chaincode: kvstore duration: 0ms channel=mychannel txID=17858a99
2026-09-14T17:38:54.813557933Z [34m2026-09-14 17:38:54.813 UTC 0208 INFO[0m [comm.grpc.server] [34;1mfunc1[0m -> unary call completed grpc.service=protos.Endorser grpc.method=ProcessProposal grpc.request_deadline=2026-09-14T17:39:24.812Z grpc.peer_address=172.18.0.5:55100 grpc.peer_subject="CN=peer0.org1.example.com,L=San Francisco,ST=California,C=US" grpc.code=OK grpc.call_duration=830.594µs
2026-09-14T17:38:54.813575988Z [34m2026-09-14 17:38:54.813 UTC 0209 INFO[0m [comm.grpc.server] [34;1mfunc1[0m -> unary call completed grpc.service=protos.Endorser grpc.method=ProcessProposal grpc.request_deadline=2026-09-14T17:39:24.812Z grpc.peer_address=172.18.0.5:55100 grpc.peer_subject="CN=peer0.org1.example.com,L=San Francisco,ST=California,C=US" grpc.code=OK grpc.call_duration=870.84µs
2026-09-14T17:38:54.853748691Z [34m2026-09-14 17:38:54.853 UTC 020a INFO[0m [endorser] [34;1mcallChaincode[0m -> finished chaincode: kvstore duration: 0ms channel=mychannel txID=4a492a56
2026-09-14T17:38:54.853768960Z [34m2026-09-14 17:38:54.853 UTC 020b INFO[0m [endorser] [34;1mcallChaincode[0m -> finished chaincode: kvstore duration: 0ms channel=mychannel txID=874807f9
2026-09-14T17:38:54.853817421Z [34m2026-09-14 17:38:54.853 UTC 020c INFO[0m [comm.grpc.server] [34;1mfunc1[0m -> unary call completed grpc.service=protos.Endorser grpc.method=ProcessProposal grpc.request_deadline=2026-09-14T17:39:24.852Z grpc.peer_address=172.18.0.5:55100 grpc.peer_subject="CN=peer0.org1.example.com,L=San Francisco,ST=California,C=US" grpc.code=OK grpc.call_duration=863.797µs
2026-09-14T17:38:54.853830907Z [34m2026-09-14 17:38:54.853 UTC 020d INFO[0m [comm.grpc.server] [34;1mfunc1[0m -> unary call completed grpc.service=protos.Endorser grpc.method=ProcessProposal grpc.request_deadline=2026-09-14T17:39:24.852Z grpc.peer_address=172.18.0.5:55100 grpc.peer_subject="CN=peer0.org1.example.com,L=San Francisco,ST=California,C=US" grpc.code=OK grpc.call_duration=841.525µs
2026-09-14T17:38:54.892964391Z [34m2026-09-14 17:38:54.892 UTC 020e INFO[0m [endorser] [34;1mcallChaincode[0m -> finished chaincode: kvstore duration: 0ms channel=mychannel txID=d0d8c16d
2026-09-14T17:38:54.892978899Z [34m2026-09-14 17:38:54.892 UTC 020f INFO[0m [endorser] [34;1mcallChaincode[0m -> finished chaincode: kvstore duration: 0ms channel=mychannel txID=7eab74dc
2026-09-14T17:38:54.893019315Z [34m2026-09-14 17:38:54.892 UTC 0211 INFO[0m [comm.grpc.server] [34;1mfunc1[0m -> unary call completed grpc.service=protos.Endorser grpc.method=ProcessProposal grpc.request_deadline=2026-09-14T17:39:24.892Z grpc.peer_address=172.18.0.5:55100 grpc.peer_subject="CN=peer0.org1.example.com,L=San Francisco,ST=California,C=US" grpc.code=OK grpc.call_duration=776.662µs
2026-09-14T17:38:54.893025327Z [34m2026-09-14 17:38:54.892 UTC 0210 INFO[0m [comm.grpc.server] [34;1mfunc1[0m -> unary call completed grpc.service=protos.Endorser grpc.method=ProcessProposal grpc.request_deadline=2026-09-14T17:39:24.892Z grpc.peer_address=172.18.0.5:55100 grpc.peer_subject="CN=peer0.org1.example.com,L=San Francisco,ST=California,C=US" grpc.code=OK grpc.call_duration=776.742µs
2026-09-14T17:38:54.933466719Z [34m2026-09-14 17:38:54.933 UTC 0212 INFO[0m [endorser] [34;1mcallChaincode[0m -> finished chaincode: kvstore duration: 0ms channel=mychannel txID=5845bac4
2026-09-14T17:38:54.933523788Z [34m2026-09-14 17:38:54.933 UTC 0213 INFO[0m [endorser] [34;1mcallChaincode[0m -> finished chaincode: kvstore duration: 0ms channel=mychannel txID=c94a7725
2026-09-14T17:38:54.933536261Z [34m2026-09-14 17:38:54.933 UTC 0214 INFO[0m [comm.grpc.server] [34;1mfunc1[0m -> unary call completed grpc.service=protos.Endorser grpc.method=ProcessProposal grpc.request_deadline=2026-09-14T17:39:24.932Z grpc.peer_address=172.18.0.5:55100 grpc.peer_subject="CN=peer0.org1.example.com,L=San Francisco,ST=California,C=US" grpc.code=OK grpc.call_duration=812.459µs
2026-09-14T17:38:54.933589592Z [34m2026-09-14 17:38:54.933 UTC 0215 INFO[0m [comm.grpc.server] [34;1mfunc1[0m -> unary call completed grpc.service=protos.Endorser grpc.method=ProcessProposal grpc.request_deadline=2026-09-14T17:39:24.932Z grpc.peer_address=172.18.0.5:55100 grpc.peer_subject="CN=peer0.org1.example.com,L=San Francisco,ST=California,C=US" grpc.code=OK grpc.call_duration=833.169µs
2026-09-14T17:38:54.973117845Z [34m2026-09-14 17:38:54.973 UTC 0216 INFO[0m [endorser] [34;1mcallChaincode[0m -> finished chaincode: kvstore duration: 0ms channel=mychannel txID=a9b45e86
2026-09-14T17:38:54.973178490Z [34m2026-09-14 17:38:54.973 UTC 0217 INFO[0m [comm.grpc.server] [34;1mfunc1[0m -> unary call completed grpc.service=protos.Endorser grpc.method=ProcessProposal grpc.request_deadline=2026-09-14T17:39:24.972Z grpc.peer_address=172.18.0.5:55100 grpc.peer_subject="CN=peer0.org1.example.com,L=San Francisco,ST=California,C=US" grpc.code=OK grpc.call_duration=823.971µs
2026-09-14T17:38:54.973229386Z [34m2026-09-14 17:38:54.973 UTC 0218 INFO[0m [endorser] [34;1mcallChaincode[0m -> finished chaincode: kvstore duration: 0ms channel=mychannel txID=18590fad
2026-09-14T17:38:54.973295521Z [34m2026-09-14 17:38:54.973 UTC 0219 INFO[0m [comm.grpc.server] [34;1mfunc1[0m -> unary call completed grpc.service=protos.Endorser grpc.method=ProcessProposal grpc.request_deadline=2026-09-14T17:39:24.972Z grpc.peer_address=172.18.0.5:55100 grpc.peer_subject="CN=peer0.org1.example.com,L=San Francisco,ST=California,C=US" grpc.code=OK grpc.call_duration=942.917µs
2026-09-14T17:38:55.013966569Z [34m2026-09-14 17:38:55.013 UTC 021a INFO[0m [endorser] [34;1mcallChaincode[0m -> finished chaincode: kvstore duration: 0ms channel=mychannel txID=59acc5d8
2026-09-14T17:38:55.013980005Z [34m2026-09-14 17:38:55.013 UTC 021b INFO[0m [endorser] [34;1mcallChaincode[0m -> finished chaincode: kvstore duration: 0ms channel=mychannel txID=8f0b2ce0
2026-09-14T17:38:55.014019630Z [34m2026-09-14 17:38:55.013 UTC 021d INFO[0m [comm.grpc.server] [34;1mfunc1[0m -> unary call completed grpc.service=protos.Endorser grpc.method=ProcessProposal grpc.request_deadline=2026-09-14T17:39:25.013Z grpc.peer_address=172.18.0.5:55100 grpc.peer_subject="CN=peer0.org1.example.com,L=San Francisco,ST=California,C=US" grpc.code=OK grpc.call_duration=808.803µs
2026-09-14T17:38:55.014029268Z [34m2026-09-14 17:38:55.013 UTC 021c INFO[0m [comm.grpc.server] [34;1mfunc1[0m -> unary call completed grpc.service=protos.Endorser grpc.method=ProcessProposal grpc.request_deadline=2026-09-14T17:39:25.013Z grpc.peer_address=172.18.0.5:55100 grpc.peer_subject="CN=peer0.org1.example.com,L=San Francisco,ST=California,C=US" grpc.code=OK grpc.call_duration=804.946µs
2026-09-14T17:38:55.053257933Z [34m2026-09-14 17:38:55.053 UTC 021e INFO[0m [endorser] [34;1mcallChaincode[0m -> finished chaincode: kvstore duration: 0ms channel=mychannel txID=ebb01527
2026-09-14T17:38:55.053332484Z [34m2026-09-14 17:38:55.053 UTC 021f INFO[0m [endorser] [34;1mcallChaincode[0m -> finished chaincode: kvstore duration: 0ms channel=mychannel txID=aa008777
2026-09-14T17:38:55.053376007Z [34m2026-09-14 17:38:55.053 UTC 0220 INFO[0m [comm.grpc.server] [34;1mfunc1[0m -> unary call completed grpc.service=protos.Endorser grpc.method=ProcessProposal grpc.request_deadline=2026-09-14T17:39:25.052Z grpc.peer_address=172.18.0.5:55100 grpc.peer_subject="CN=peer0.org1.example.com,L=San Francisco,ST=California,C=US" grpc.code=OK grpc.call_duration=840.602µs
2026-09-14T17:38:55.053393650Z [34m2026-09-14 17:38:55.053 UTC 0221 INFO[0m [comm.grpc.server] [34;1mfunc1[0m -> unary call completed grpc.service=protos.Endorser grpc.method=ProcessProposal grpc.request_deadline=2026-09-14T17:39:25.052Z grpc.peer_address=172.18.0.5:55100 grpc.peer_subject="CN=peer0.org1.example.com,L=San Francisco,ST=California,C=US" grpc.code=OK grpc.call_duration=817.228µs
2026-09-14T17:38:55.093886831Z [34m2026-09-14 17:38:55.093 UTC 0222 INFO[0m [endorser] [34;1mcallChaincode[0m -> finished chaincode: kvstore duration: 0ms channel=mychannel txID=56ab314a
2026-09-14T17:38:55.093903412Z [34m2026-09-14 17:38:55.093 UTC 0223 INFO[0m [endorser] [34;1mcallChaincode[0m -> finished chaincode: kvstore duration: 0ms channel=mychannel txID=938abcff
2026-09-14T17:38:55.093941845Z [34m2026-09-14 17:38:55.093 UTC 0225 INFO[0m [comm.grpc.server] [34;1mfunc1[0m -> unary call completed grpc.service=protos.Endorser grpc.method=ProcessProposal grpc.request_deadline=2026-09-14T17:39:25.093Z grpc.peer_address=172.18.0.5:55100 grpc.peer_subject="CN=peer0.org1.example.com,L=San Francisco,ST=California,C=US" grpc.code=OK grpc.call_duration=769.618µs
2026-09-14T17:38:55.093952656Z [34m2026-09-14 17:38:55.093 UTC 0224 INFO[0m [comm.grpc.server] [34;1mfunc1[0m -> unary call completed grpc.service=protos.Endorser grpc.method=ProcessProposal grpc.request_deadline=2026-09-14T17:39:25.093Z grpc.peer_address=172.18.0.5:55100 grpc.peer_subject="CN=peer0.org1.example.com,L=San Francisco,ST=California,C=US" grpc.code=OK grpc.call_duration=791.97µs
2026-09-14T17:38:55.133371501Z [34m2026-09-14 17:38:55.133 UTC 0226 INFO[0m [endorser] [34;1mcallChaincode[0m -> finished chaincode: kvstore duration: 0ms channel=mychannel txID=54239757
2026-09-14T17:38:55.133403211Z [34m2026-09-14 17:38:55.133 UTC 0227 INFO[0m [endorser] [34;1mcallChaincode[0m -> finished chaincode: kvstore duration: 0ms channel=mychannel txID=dba142c1
2026-09-14T17:38:55.133436714Z [34m2026-09-14 17:38:55.133 UTC 0228 INFO[0m [comm.grpc.server] [34;1mfunc1[0m -> unary call completed grpc.service=protos.Endorser grpc.method=ProcessProposal grpc.request_deadline=2026-09-14T17:39:25.132Z grpc.peer_address=172.18.0.5:55100 grpc.peer_subject="CN=peer0.org1.example.com,L=San Francisco,ST=California,C=US" grpc.code=OK grpc.call_duration=927.578µs
2026-09-14T17:38:55.133500155Z [34m2026-09-14 17:38:55.133 UTC 0229 INFO[0m [comm.grpc.server] [34;1mfunc1[0m -> unary call completed grpc.service=protos.Endorser grpc.method=ProcessProposal grpc.request_deadline=2026-09-14T17:39:25.132Z grpc.peer_address=172.18.0.5:55100 grpc.peer_subject="CN=peer0.org1.example.com,L=San Francisco,ST=California,C=US" grpc.code=OK grpc.call_duration=1.038307ms
2026-09-14T17:38:55.172773885Z [34m2026-09-14 17:38:55.172 UTC 022a INFO[0m [endorser] [34;1mcallChaincode[0m -> finished chaincode: kvstore duration: 0ms channel=mychannel txID=e066c5d3
2026-09-14T17:38:55.172792801Z [34m2026-09-14 17:38:55.172 UTC 022b INFO[0m [endorser] [34;1mcallChaincode[0m -> finished chaincode: kvstore duration: 0ms channel=mychannel txID=d64cbc4c
2026-09-14T17:38:55.172833298Z [34m2026-09-14 17:38:55.172 UTC 022c INFO[0m [comm.grpc.server] [34;1mfunc1[0m -> unary call completed grpc.service=protos.Endorser grpc.method=ProcessProposal grpc.request_deadline=2026-09-14T17:39:25.171Z grpc.peer_address=172.18.0.5:55100 grpc.peer_subject="CN=peer0.org1.example.com,L=San Francisco,ST=California,C=US" grpc.code=OK grpc.call_duration=834.491µs
2026-09-14T17:38:55.172842906Z [34m2026-09-14 17:38:55.172 UTC 022d INFO[0m [comm.grpc.server] [34;1mfunc1[0m -> unary call completed grpc.service=protos.Endorser grpc.method=ProcessProposal grpc.request_deadline=2026-09-14T17:39:25.171Z grpc.peer_address=172.18.0.5:55100 grpc.peer_subject="CN=peer0.org1.example.com,L=San Francisco,ST=California,C=US" grpc.code=OK grpc.call_duration=833.94µs
2026-09-14T17:38:55.213485831Z [34m2026-09-14 17:38:55.213 UTC 022e INFO[0m [endorser] [34;1mcallChaincode[0m -> finished chaincode: kvstore duration: 0ms channel=mychannel txID=6cbd17c9
2026-09-14T17:38:55.213503294Z [34m2026-09-14 17:38:55.213 UTC 022f INFO[0m [endorser] [34;1mcallChaincode[0m -> finished chaincode: kvstore duration: 0ms channel=mychannel txID=994e8869
2026-09-14T17:38:55.213524774Z [34m2026-09-14 17:38:55.213 UTC 0230 INFO[0m [comm.grpc.server] [34;1mfunc1[0m -> unary call completed grpc.service=protos.Endorser grpc.method=ProcessProposal grpc.request_deadline=2026-09-14T17:39:25.212Z grpc.peer_address=172.18.0.5:55100 grpc.peer_subject="CN=peer0.org1.example.com,L=San Francisco,ST=California,C=US" grpc.code=OK grpc.call_duration=943.928µs
2026-09-14T17:38:55.213551455Z [34m2026-09-14 17:38:55.213 UTC 0231 INFO[0m [comm.grpc.server] [34;1mfunc1[0m -> unary call completed grpc.service=protos.Endorser grpc.method=ProcessProposal grpc.request_deadline=2026-09-14T17:39:25.212Z grpc.peer_address=172.18.0.5:55100 grpc.peer_subject="CN=peer0.org1.example.com,L=San Francisco,ST=California,C=US" grpc.code=OK grpc.call_duration=977.041µs
2026-09-14T17:38:55.253603761Z [34m2026-09-14 17:38:55.253 UTC 0232 INFO[0m [endorser] [34;1mcallChaincode[0m -> finished chaincode: kvstore duration: 0ms channel=mychannel txID=67c67f09
2026-09-14T17:38:55.253620502Z [34m2026-09-14 17:38:55.253 UTC 0233 INFO[0m [endorser] [34;1mcallChaincode[0m -> finished chaincode: kvstore duration: 0ms channel=mychannel txID=a5218370
2026-09-14T17:38:55.253653715Z [34m2026-09-14 17:38:55.253 UTC 0235 INFO[0m [comm.grpc.server] [34;1mfunc1[0m -> unary call completed grpc.service=protos.Endorser grpc.method=ProcessProposal grpc.request_deadline=2026-09-14T17:39:25.252Z grpc.peer_address=172.18.0.5:55100 grpc.peer_subject="CN=peer0.org1.example.com,L=San Francisco,ST=California,C=US" grpc.code=OK grpc.call_duration=817.128µs
2026-09-14T17:38:55.253662462Z [34m2026-09-14 17:38:55.253 UTC 0234 INFO[0m [comm.grpc.server] [34;1mfunc1[0m -> unary call completed grpc.service=protos.Endorser grpc.method=ProcessProposal grpc.request_deadline=2026-09-14T17:39:25.252Z grpc.peer_address=172.18.0.5:55100 grpc.peer_subject="CN=peer0.org1.example.com,L=San Francisco,ST=California,C=US" grpc.code=OK grpc.call_duration=822.349µs
2026-09-14T17:38:55.292720423Z [34m2026-09-14 17:38:55.292 UTC 0236 INFO[0m [endorser] [34;1mcallChaincode[0m -> finished chaincode: kvstore duration: 0ms channel=mychannel txID=3991d02e
2026-09-14T17:38:55.292762784Z [34m2026-09-14 17:38:55.292 UTC 0237 INFO[0m [endorser] [34;1mcallChaincode[0m -> finished chaincode: kvstore duration: 0ms channel=mychannel txID=ed6a6b3f
2026-09-14T17:38:55.292827516Z [34m2026-09-14 17:38:55.292 UTC 0238 INFO[0m [comm.grpc.server] [34;1mfunc1[0m -> unary call completed grpc.service=protos.Endorser grpc.method=ProcessProposal grpc.request_deadline=2026-09-14T17:39:25.291Z grpc.peer_address=172.18.0.5:55100 grpc.peer_subject="CN=peer0.org1.example.com,L=San Francisco,ST=California,C=US" grpc.code=OK grpc.call_duration=874.617µs
2026-09-14T17:38:55.292833257Z [34m2026-09-14 17:38:55.292 UTC 0239 INFO[0m [comm.grpc.server] [34;1mfunc1[0m -> unary call completed grpc.service=protos.Endorser grpc.method=ProcessProposal grpc.request_deadline=2026-09-14T17:39:25.291Z grpc.peer_address=172.18.0.5:55100 grpc.peer_subject="CN=peer0.org1.example.com,L=San Francisco,ST=California,C=US" grpc.code=OK grpc.call_duration=901.879µs
2026-09-14T17:38:55.332845447Z [34m2026-09-14 17:38:55.332 UTC 023a INFO[0m [endorser] [34;1mcallChaincode[0m -> finished chaincode: kvstore duration: 0ms channel=mychannel txID=4a78c6d0
2026-09-14T17:38:55.332898918Z [34m2026-09-14 17:38:55.332 UTC 023b INFO[0m [comm.grpc.server] [34;1mfunc1[0m -> unary call completed grpc.service=protos.Endorser grpc.method=ProcessProposal grpc.request_deadline=2026-09-14T17:39:25.331Z grpc.peer_address=172.18.0.5:55100 grpc.peer_subject="CN=peer0.org1.example.com,L=San Francisco,ST=California,C=US" grpc.code=OK grpc.call_duration=807.76µs
2026-09-14T17:38:55.332935728Z [34m2026-09-14 17:38:55.332 UTC 023c INFO[0m [endorser] [34;1mcallChaincode[0m -> finished chaincode: kvstore duration: 0ms channel=mychannel txID=d4acf692
2026-09-14T17:38:55.332997826Z [34m2026-09-14 17:38:55.332 UTC 023d INFO[0m [comm.grpc.server] [34;1mfunc1[0m -> unary call completed grpc.service=protos.Endorser grpc.method=ProcessProposal grpc.request_deadline=2026-09-14T17:39:25.332Z grpc.peer_address=172.18.0.5:55100 grpc.peer_subject="CN=peer0.org1.example.com,L=San Francisco,ST=California,C=US" grpc.code=OK grpc.call_duration=898.021µs
2026-09-14T17:38:55.373353135Z [34m2026-09-14 17:38:55.373 UTC 023e INFO[0m [endorser] [34;1mcallChaincode[0m -> finished chaincode: kvstore duration: 0ms channel=mychannel txID=046caa29
2026-09-14T17:38:55.373370869Z [34m2026-09-14 17:38:55.373 UTC 023f INFO[0m [endorser] [34;1mcallChaincode[0m -> finished chaincode: kvstore duration: 0ms channel=mychannel txID=d39e0a94
2026-09-14T17:38:55.373407618Z [34m2026-09-14 17:38:55.373 UTC 0240 INFO[0m [comm.grpc.server] [34;1mfunc1[0m -> unary call completed grpc.service=protos.Endorser grpc.method=ProcessProposal grpc.request_deadline=2026-09-14T17:39:25.372Z grpc.peer_address=172.18.0.5:55100 grpc.peer_subject="CN=peer0.org1.example.com,L=San Francisco,ST=California,C=US" grpc.code=OK grpc.call_duration=805.756µs
2026-09-14T17:38:55.373442835Z [34m2026-09-14 17:38:55.373 UTC 0241 INFO[0m [comm.grpc.server] [34;1mfunc1[0m -> unary call completed grpc.service=protos.Endorser grpc.method=ProcessProposal grpc.request_deadline=2026-09-14T17:39:25.372Z grpc.peer_address=172.18.0.5:55100 grpc.peer_subject="CN=peer0.org1.example.com,L=San Francisco,ST=California,C=US" grpc.code=OK grpc.call_duration=837.226µs
2026-09-14T17:38:55.413651407Z [34m2026-09-14 17:38:55.413 UTC 0242 INFO[0m [endorser] [34;1mcallChaincode[0m -> finished chaincode: kvstore duration: 0ms channel=mychannel txID=ae6cc007
2026-09-14T17:38:55.413670834Z [34m2026-09-14 17:38:55.413 UTC 0243 INFO[0m [endorser] [34;1mcallChaincode[0m -> finished chaincode: kvstore duration: 0ms channel=mychannel txID=2443ae71
2026-09-14T17:38:55.413713795Z [34m2026-09-14 17:38:55.413 UTC 0244 INFO[0m [comm.grpc.server] [34;1mfunc1[0m -> unary call completed grpc.service=protos.Endorser grpc.method=ProcessProposal grpc.request_deadline=2026-09-14T17:39:25.412Z grpc.peer_address=172.18.0.5:55100 grpc.peer_subject="CN=peer0.org1.example.com,L=San Francisco,ST=California,C=US" grpc.code=OK grpc.call_duration=1.070438ms
2026-09-14T17:38:55.413731208Z [34m2026-09-14 17:38:55.413 UTC 0245 INFO[0m [comm.grpc.server] [34;1mfunc1[0m -> unary call completed grpc.service=protos.Endorser grpc.method=ProcessProposal grpc.request_deadline=2026-09-14T17:39:25.412Z grpc.peer_address=172.18.0.5:55100 grpc.peer_subject="CN=peer0.org1.example.com,L=San Francisco,ST=California,C=US" grpc.code=OK grpc.call_duration=1.078564ms
2026-09-14T17:38:55.453956772Z [34m2026-09-14 17:38:55.453 UTC 0246 INFO[0m [endorser] [34;1mcallChaincode[0m -> finished chaincode: kvstore duration: 0ms channel=mychannel txID=832bca1b
2026-09-14T17:38:55.453976880Z [34m2026-09-14 17:38:55.453 UTC 0247 INFO[0m [endorser] [34;1mcallChaincode[0m -> finished chaincode: kvstore duration: 0ms channel=mychannel txID=f83f8177
2026-09-14T17:38:55.454032836Z [34m2026-09-14 17:38:55.453 UTC 0248 INFO[0m [comm.grpc.server] [34;1mfunc1[0m -> unary call completed grpc.service=protos.Endorser grpc.method=ProcessProposal grpc.request_deadline=2026-09-14T17:39:25.452Z grpc.peer_address=172.18.0.5:55100 grpc.peer_subject="CN=peer0.org1.example.com,L=San Francisco,ST=California,C=US" grpc.code=OK grpc.call_duration=944.099µs
2026-09-14T17:38:55.454039859Z [34m2026-09-14 17:38:55.454 UTC 0249 INFO[0m [comm.grpc.server] [34;1mfunc1[0m -> unary call completed grpc.service=protos.Endorser grpc.method=ProcessProposal grpc.request_deadline=2026-09-14T17:39:25.452Z grpc.peer_address=172.18.0.5:55100 grpc.peer_subject="CN=peer0.org1.example.com,L=San Francisco,ST=California,C=US" grpc.code=OK grpc.call_duration=977.442µs
2026-09-14T17:38:55.493483582Z [34m2026-09-14 17:38:55.493 UTC 024b INFO[0m [endorser] [34;1mcallChaincode[0m -> finished chaincode: kvstore duration: 0ms channel=mychannel txID=93941929
2026-09-14T17:38:55.493527755Z [34m2026-09-14 17:38:55.493 UTC 024a INFO[0m [endorser] [34;1mcallChaincode[0m -> finished chaincode: kvstore duration: 0ms channel=mychannel txID=d9908546
2026-09-14T17:38:55.493624629Z [34m2026-09-14 17:38:55.493 UTC 024c INFO[0m [comm.grpc.server] [34;1mfunc1[0m -> unary call completed grpc.service=protos.Endorser grpc.method=ProcessProposal grpc.request_deadline=2026-09-14T17:39:25.492Z grpc.peer_address=172.18.0.5:55100 grpc.peer_subject="CN=peer0.org1.example.com,L=San Francisco,ST=California,C=US" grpc.code=OK grpc.call_duration=956.502µs
2026-09-14T17:38:55.493636852Z [34m2026-09-14 17:38:55.493 UTC 024d INFO[0m [comm.grpc.server] [34;1mfunc1[0m -> unary call completed grpc.service=protos.Endorser grpc.method=ProcessProposal grpc.request_deadline=2026-09-14T17:39:25.492Z grpc.peer_address=172.18.0.5:55100 grpc.peer_subject="CN=peer0.org1.example.com,L=San Francisco,ST=California,C=US" grpc.code=OK grpc.call_duration=960.67µs
2026-09-14T17:38:55.532791367Z [34m2026-09-14 17:38:55.532 UTC 024e INFO[0m [endorser] [34;1mcallChaincode[0m -> finished chaincode: kvstore duration: 0ms channel=mychannel txID=3a6bebf9
2026-09-14T17:38:55.532804021Z [34m2026-09-14 17:38:55.532 UTC 024f INFO[0m [endorser] [34;1mcallChaincode[0m -> finished chaincode: kvstore duration: 0ms channel=mychannel txID=5a8736e5
2026-09-14T17:38:55.532874404Z [34m2026-09-14 17:38:55.532 UTC 0250 INFO[0m [comm.grpc.server] [34;1mfunc1[0m -> unary call completed grpc.service=protos.Endorser grpc.method=ProcessProposal grpc.request_deadline=2026-09-14T17:39:25.531Z grpc.peer_address=172.18.0.5:55100 grpc.peer_subject="CN=peer0.org1.example.com,L=San Francisco,ST=California,C=US" grpc.code=OK grpc.call_duration=897.641µs
2026-09-14T17:38:55.532883892Z [34m2026-09-14 17:38:55.532 UTC 0251 INFO[0m [comm.grpc.server] [34;1mfunc1[0m -> unary call completed grpc.service=protos.Endorser grpc.method=ProcessProposal grpc.request_deadline=2026-09-14T17:39:25.531Z grpc.peer_address=172.18.0.5:55100 grpc.peer_subject="CN=peer0.org1.example.com,L=San Francisco,ST=California,C=US" grpc.code=OK grpc.call_duration=872.042µs
2026-09-14T17:38:55.559970973Z [34m2026-09-14 17:38:55.559 UTC 0252 INFO[0m [gossip.privdata] [34;1mStoreBlock[0m -> Received block [8] from buffer channel=mychannel
2026-09-14T17:38:55.569044123Z [34m2026-09-14 17:38:55.568 UTC 0253 INFO[0m [committer.txvalidator] [34;1mValidate[0m -> [mychannel] Validated block [8] in 9ms
2026-09-14T17:38:55.619312555Z [34m2026-09-14 17:38:55.619 UTC 0254 INFO[0m [kvledger] [34;1mcommit[0m -> [mychannel] Committed block [8] with 52 transaction(s) in 49ms (state_validation=0ms block_and_pvtdata_commit=27ms state_commit=10ms) commitHash=[1955314e6c4a51e112100493d6c8df08df0cb07718e6890ffa52ee71effe5f84]
2026-09-14T17:38:55.620141365Z [34m2026-09-14 17:38:55.620 UTC 0255 INFO[0m [endorser] [34;1mcallChaincode[0m -> finished chaincode: kvstore duration: 0ms channel=mychannel txID=7b5fa40c
2026-09-14T17:38:55.620162746Z [34m2026-09-14 17:38:55.620 UTC 0256 INFO[0m [endorser] [34;1mcallChaincode[0m -> finished chaincode: kvstore duration: 0ms channel=mychannel txID=fecd5332
2026-09-14T17:38:55.620244391Z [34m2026-09-14 17:38:55.620 UTC 0257 INFO[0m [comm.grpc.server] [34;1mfunc1[0m -> unary call completed grpc.service=protos.Endorser grpc.method=ProcessProposal grpc.request_deadline=2026-09-14T17:39:25.615Z grpc.peer_address=172.18.0.5:55100 grpc.peer_subject="CN=peer0.org1.example.com,L=San Francisco,ST=California,C=US" grpc.code=OK grpc.call_duration=4.796207ms
2026-09-14T17:38:55.620263276Z [34m2026-09-14 17:38:55.620 UTC 0259 INFO[0m [endorser] [34;1mcallChaincode[0m -> finished chaincode: kvstore duration: 0ms channel=mychannel txID=8be28255
2026-09-14T17:38:55.620285719Z [34m2026-09-14 17:38:55.620 UTC 0258 INFO[0m [comm.grpc.server] [34;1mfunc1[0m -> unary call completed grpc.service=protos.Endorser grpc.method=ProcessProposal grpc.request_deadline=2026-09-14T17:39:25.615Z grpc.peer_address=172.18.0.5:55100 grpc.peer_subject="CN=peer0.org1.example.com,L=San Francisco,ST=California,C=US" grpc.code=OK grpc.call_duration=4.901657ms
2026-09-14T17:38:55.620342597Z [34m2026-09-14 17:38:55.620 UTC 025a INFO[0m [comm.grpc.server] [34;1mfunc1[0m -> unary call completed grpc.service=protos.Endorser grpc.method=ProcessProposal grpc.request_deadline=2026-09-14T17:39:25.614Z grpc.peer_address=172.18.0.5:55100 grpc.peer_subject="CN=peer0.org1.example.com,L=San Francisco,ST=California,C=US" grpc.code=OK grpc.call_duration=5.365736ms
2026-09-14T17:38:55.620356994Z [34m2026-09-14 17:38:55.620 UTC 025b INFO[0m [endorser] [34;1mcallChaincode[0m -> finished chaincode: kvstore duration: 0ms channel=mychannel txID=a1bb033b
2026-09-14T17:38:55.620508140Z [34m2026-09-14 17:38:55.620 UTC 025c INFO[0m [comm.grpc.server] [34;1mfunc1[0m -> unary call completed grpc.service=protos.Endorser grpc.method=ProcessProposal grpc.request_deadline=2026-09-14T17:39:25.614Z grpc.peer_address=172.18.0.5:55100 grpc.peer_subject="CN=peer0.org1.example.com,L=San Francisco,ST=California,C=US" grpc.code=OK grpc.call_duration=5.306785ms
2026-09-14T17:38:55.653317513Z [34m2026-09-14 17:38:55.653 UTC 025d INFO[0m [endorser] [34;1mcallChaincode[0m -> finished chaincode: kvstore duration: 0ms channel=mychannel txID=eaa619b4
2026-09-14T17:38:55.653374261Z [34m2026-09-14 17:38:55.653 UTC 025e INFO[0m [comm.grpc.server] [34;1mfunc1[0m -> unary call completed grpc.service=protos.Endorser grpc.method=ProcessProposal grpc.request_deadline=2026-09-14T17:39:25.652Z grpc.peer_address=172.18.0.5:55100 grpc.peer_subject="CN=peer0.org1.example.com,L=San Francisco,ST=California,C=US" grpc.code=OK grpc.call_duration=936.034µs
2026-09-14T17:38:55.653455184Z [34m2026-09-14 17:38:55.653 UTC 025f INFO[0m [endorser] [34;1mcallChaincode[0m -> finished chaincode: kvstore duration: 0ms channel=mychannel txID=d6be878f
2026-09-14T17:38:55.653514256Z [34m2026-09-14 17:38:55.653 UTC 0260 INFO[0m [comm.grpc.server] [34;1mfunc1[0m -> unary call completed grpc.service=protos.Endorser grpc.method=ProcessProposal grpc.request_deadline=2026-09-14T17:39:25.652Z grpc.peer_address=172.18.0.5:55100 grpc.peer_subject="CN=peer0.org1.example.com,L=San Francisco,ST=California,C=US" grpc.code=OK grpc.call_duration=1.047635ms
2026-09-14T17:38:55.693923919Z [34m2026-09-14 17:38:55.693 UTC 0261 INFO[0m [endorser] [34;1mcallChaincode[0m -> finished chaincode: kvstore duration: 0ms channel=mychannel txID=93f15e6e
2026-09-14T17:38:55.693981668Z [34m2026-09-14 17:38:55.693 UTC 0262 INFO[0m [endorser] [34;1mcallChaincode[0m -> finished chaincode: kvstore duration: 0ms channel=mychannel txID=02ca35a5
2026-09-14T17:38:55.693997718Z [34m2026-09-14 17:38:55.693 UTC 0263 INFO[0m [comm.grpc.server] [34;1mfunc1[0m -> unary call completed grpc.service=protos.Endorser grpc.method=ProcessProposal grpc.request_deadline=2026-09-14T17:39:25.693Z grpc.peer_address=172.18.0.5:55100 grpc.peer_subject="CN=peer0.org1.example.com,L=San Francisco,ST=California,C=US" grpc.code=OK grpc.call_duration=838.158µs
2026-09-14T17:38:55.694052272Z [34m2026-09-14 17:38:55.694 UTC 0264 INFO[0m [comm.grpc.server] [34;1mfunc1[0m -> unary call completed grpc.service=protos.Endorser grpc.method=ProcessProposal grpc.request_deadline=2026-09-14T17:39:25.693Z grpc.peer_address=172.18.0.5:55100 grpc.peer_subject="CN=peer0.org1.example.com,L=San Francisco,ST=California,C=US" grpc.code=OK grpc.call_duration=903.983µs
2026-09-14T17:38:55.733847811Z [34m2026-09-14 17:38:55.733 UTC 0265 INFO[0m [endorser] [34;1mcallChaincode[0m -> finished chaincode: kvstore duration: 0ms channel=mychannel txID=36635680
2026-09-14T17:38:55.733933152Z [34m2026-09-14 17:38:55.733 UTC 0266 INFO[0m [endorser] [34;1mcallChaincode[0m -> finished chaincode: kvstore duration: 0ms channel=mychannel txID=a0754c53
2026-09-14T17:38:55.733942490Z [34m2026-09-14 17:38:55.733 UTC 0267 INFO[0m [comm.grpc.server] [34;1mfunc1[0m -> unary call completed grpc.service=protos.Endorser grpc.method=ProcessProposal grpc.request_deadline=2026-09-14T17:39:25.732Z grpc.peer_address=172.18.0.5:55100 grpc.peer_subject="CN=peer0.org1.example.com,L=San Francisco,ST=California,C=US" grpc.code=OK grpc.call_duration=856.202µs
2026-09-14T17:38:55.734015889Z [34m2026-09-14 17:38:55.733 UTC 0268 INFO[0m [comm.grpc.server] [34;1mfunc1[0m -> unary call completed grpc.service=protos.Endorser grpc.method=ProcessProposal grpc.request_deadline=2026-09-14T17:39:25.732Z grpc.peer_address=172.18.0.5:55100 grpc.peer_subject="CN=peer0.org1.example.com,L=San Francisco,ST=California,C=US" grpc.code=OK grpc.call_duration=947.335µs
2026-09-14T17:38:55.773559140Z [34m2026-09-14 17:38:55.773 UTC 0269 INFO[0m [endorser] [34;1mcallChaincode[0m -> finished chaincode: kvstore duration: 0ms channel=mychannel txID=39524336
2026-09-14T17:38:55.773570962Z [34m2026-09-14 17:38:55.773 UTC 026a INFO[0m [endorser] [34;1mcallChaincode[0m -> finished chaincode: kvstore duration: 0ms channel=mychannel txID=8fe86da8
2026-09-14T17:38:55.773602602Z [34m2026-09-14 17:38:55.773 UTC 026c INFO[0m [comm.grpc.server] [34;1mfunc1[0m -> unary call completed grpc.service=protos.Endorser grpc.method=ProcessProposal grpc.request_deadline=2026-09-14T17:39:25.772Z grpc.peer_address=172.18.0.5:55100 grpc.peer_subject="CN=peer0.org1.example.com,L=San Francisco,ST=California,C=US" grpc.code=OK grpc.call_duration=799.735µs
2026-09-14T17:38:55.773612201Z [34m2026-09-14 17:38:55.773 UTC 026b INFO[0m [comm.grpc.server] [34;1mfunc1[0m -> unary call completed grpc.service=protos.Endorser grpc.method=ProcessProposal grpc.request_deadline=2026-09-14T17:39:25.772Z grpc.peer_address=172.18.0.5:55100 grpc.peer_subject="CN=peer0.org1.example.com,L=San Francisco,ST=California,C=US" grpc.code=OK grpc.call_duration=819.693µs
2026-09-14T17:38:55.814095994Z [34m2026-09-14 17:38:55.814 UTC 026d INFO[0m [endorser] [34;1mcallChaincode[0m -> finished chaincode: kvstore duration: 0ms channel=mychannel txID=4e6c7ab7
2026-09-14T17:38:55.814107656Z [34m2026-09-14 17:38:55.814 UTC 026e INFO[0m [endorser] [34;1mcallChaincode[0m -> finished chaincode: kvstore duration: 0ms channel=mychannel txID=5166f2e4
2026-09-14T17:38:55.814156929Z [34m2026-09-14 17:38:55.814 UTC 0270 INFO[0m [comm.grpc.server] [34;1mfunc1[0m -> unary call completed grpc.service=protos.Endorser grpc.method=ProcessProposal grpc.request_deadline=2026-09-14T17:39:25.813Z grpc.peer_address=172.18.0.5:55100 grpc.peer_subject="CN=peer0.org1.example.com,L=San Francisco,ST=California,C=US" grpc.code=OK grpc.call_duration=853.968µs
2026-09-14T17:38:55.814173320Z [34m2026-09-14 17:38:55.814 UTC 026f INFO[0m [comm.grpc.server] [34;1mfunc1[0m -> unary call completed grpc.service=protos.Endorser grpc.method=ProcessProposal grpc.request_deadline=2026-09-14T17:39:25.813Z grpc.peer_address=172.18.0.5:55100 grpc.peer_subject="CN=peer0.org1.example.com,L=San Francisco,ST=California,C=US" grpc.code=OK grpc.call_duration=824.903µs
2026-09-14T17:38:55.853827912Z [34m2026-09-14 17:38:55.853 UTC 0272 INFO[0m [endorser] [34;1mcallChaincode[0m -> finished chaincode: kvstore duration: 0ms channel=mychannel txID=062679fe
2026-09-14T17:38:55.853893286Z [34m2026-09-14 17:38:55.853 UTC 0271 INFO[0m [endorser] [34;1mcallChaincode[0m -> finished chaincode: kvstore duration: 0ms channel=mychannel txID=95e7ec17
2026-09-14T17:38:55.853897835Z [34m2026-09-14 17:38:55.853 UTC 0273 INFO[0m [comm.grpc.server] [34;1mfunc1[0m -> unary call completed grpc.service=protos.Endorser grpc.method=ProcessProposal grpc.request_deadline=2026-09-14T17:39:25.852Z grpc.peer_address=172.18.0.5:55100 grpc.peer_subject="CN=peer0.org1.example.com,L=San Francisco,ST=California,C=US" grpc.code=OK grpc.call_duration=924.662µs
2026-09-14T17:38:55.853997283Z [34m2026-09-14 17:38:55.853 UTC 0274 INFO[0m [comm.grpc.server] [34;1mfunc1[0m -> unary call completed grpc.service=protos.Endorser grpc.method=ProcessProposal grpc.request_deadline=2026-09-14T17:39:25.852Z grpc.peer_address=172.18.0.5:55100 grpc.peer_subject="CN=peer0.org1.example.com,L=San Francisco,ST=California,C=US" grpc.code=OK grpc.call_duration=971.31µs
2026-09-14T17:38:55.893449442Z [34m2026-09-14 17:38:55.893 UTC 0275 INFO[0m [endorser] [34;1mcallChaincode[0m -> finished chaincode: kvstore duration: 0ms channel=mychannel txID=82053289
2026-09-14T17:38:55.893496902Z [34m2026-09-14 17:38:55.893 UTC 0276 INFO[0m [endorser] [34;1mcallChaincode[0m -> finished chaincode: kvstore duration: 0ms channel=mychannel txID=280224be
2026-09-14T17:38:55.893517901Z [34m2026-09-14 17:38:55.893 UTC 0277 INFO[0m [comm.grpc.server] [34;1mfunc1[0m -> unary call completed grpc.service=protos.Endorser grpc.method=ProcessProposal grpc.request_deadline=2026-09-14T17:39:25.892Z grpc.peer_address=172.18.0.5:55100 grpc.peer_subject="CN=peer0.org1.example.com,L=San Francisco,ST=California,C=US" grpc.code=OK grpc.call_duration=1.243766ms
2026-09-14T17:38:55.893564700Z [34m2026-09-14 17:38:55.893 UTC 0278 INFO[0m [comm.grpc.server] [34;1mfunc1[0m -> unary call completed grpc.service=protos.Endorser grpc.method=ProcessProposal grpc.request_deadline=2026-09-14T17:39:25.892Z grpc.peer_address=172.18.0.5:55100 grpc.peer_subject="CN=peer0.org1.example.com,L=San Francisco,ST=California,C=US" grpc.code=OK grpc.call_duration=1.29849ms
2026-09-14T17:38:55.933252635Z [34m2026-09-14 17:38:55.933 UTC 0279 INFO[0m [endorser] [34;1mcallChaincode[0m -> finished chaincode: kvstore duration: 0ms channel=mychannel txID=b19ef835
2026-09-14T17:38:55.933292080Z [34m2026-09-14 17:38:55.933 UTC 027a INFO[0m [endorser] [34;1mcallChaincode[0m -> finished chaincode: kvstore duration: 0ms channel=mychannel txID=1a946c40
2026-09-14T17:38:55.933311106Z [34m2026-09-14 17:38:55.933 UTC 027b INFO[0m [comm.grpc.server] [34;1mfunc1[0m -> unary call completed grpc.service=protos.Endorser grpc.method=ProcessProposal grpc.request_deadline=2026-09-14T17:39:25.932Z grpc.peer_address=172.18.0.5:55100 grpc.peer_subject="CN=peer0.org1.example.com,L=San Francisco,ST=California,C=US" grpc.code=OK grpc.call_duration=921.035µs
2026-09-14T17:38:55.933353506Z [34m2026-09-14 17:38:55.933 UTC 027c INFO[0m [comm.grpc.server] [34;1mfunc1[0m -> unary call completed grpc.service=protos.Endorser grpc.method=ProcessProposal grpc.request_deadline=2026-09-14T17:39:25.932Z grpc.peer_address=172.18.0.5:55100 grpc.peer_subject="CN=peer0.org1.example.com,L=San Francisco,ST=California,C=US" grpc.code=OK grpc.call_duration=967.013µs
2026-09-14T17:38:55.974040334Z [34m2026-09-14 17:38:55.973 UTC 027d INFO[0m [endorser] [34;1mcallChaincode[0m -> finished chaincode: kvstore duration: 0ms channel=mychannel txID=d6a67fac
2026-09-14T17:38:55.974083656Z [34m2026-09-14 17:38:55.973 UTC 027e INFO[0m [endorser] [34;1mcallChaincode[0m -> finished chaincode: kvstore duration: 0ms channel=mychannel txID=22f3c3ad
2026-09-14T17:38:55.974095939Z [34m2026-09-14 17:38:55.974 UTC 027f INFO[0m [comm.grpc.server] [34;1mfunc1[0m -> unary call completed grpc.service=protos.Endorser grpc.method=ProcessProposal grpc.request_deadline=2026-09-14T17:39:25.972Z grpc.peer_address=172.18.0.5:55100 grpc.peer_subject="CN=peer0.org1.example.com,L=San Francisco,ST=California,C=US" grpc.code=OK grpc.call_duration=1.246091ms
2026-09-14T17:38:55.974145884Z [34m2026-09-14 17:38:55.974 UTC 0280 INFO[0m [comm.grpc.server] [34;1mfunc1[0m -> unary call completed grpc.service=protos.Endorser grpc.method=ProcessProposal grpc.request_deadline=2026-09-14T17:39:25.972Z grpc.peer_address=172.18.0.5:55100 grpc.peer_subject="CN=peer0.org1.example.com,L=San Francisco,ST=California,C=US" grpc.code=OK grpc.call_duration=1.291758ms
2026-09-14T17:38:56.013867643Z [34m2026-09-14 17:38:56.013 UTC 0282 INFO[0m [endorser] [34;1mcallChaincode[0m -> finished chaincode: kvstore duration: 0ms channel=mychannel txID=b7f7f2e2
2026-09-14T17:38:56.013905775Z [34m2026-09-14 17:38:56.013 UTC 0281 INFO[0m [endorser] [34;1mcallChaincode[0m -> finished chaincode: kvstore duration: 0ms channel=mychannel txID=ae1eea1d
2026-09-14T17:38:56.013927416Z [34m2026-09-14 17:38:56.013 UTC 0283 INFO[0m [comm.grpc.server] [34;1mfunc1[0m -> unary call completed grpc.service=protos.Endorser grpc.method=ProcessProposal grpc.request_deadline=2026-09-14T17:39:26.012Z grpc.peer_address=172.18.0.5:55100 grpc.peer_subject="CN=peer0.org1.example.com,L=San Francisco,ST=California,C=US" grpc.code=OK grpc.call_duration=1.193972ms
2026-09-14T17:38:56.013971179Z [34m2026-09-14 17:38:56.013 UTC 0284 INFO[0m [comm.grpc.server] [34;1mfunc1[0m -> unary call completed grpc.service=protos.Endorser grpc.method=ProcessProposal grpc.request_deadline=2026-09-14T17:39:26.012Z grpc.peer_address=172.18.0.5:55100 grpc.peer_subject="CN=peer0.org1.example.com,L=San Francisco,ST=California,C=US" grpc.code=OK grpc.call_duration=1.272581ms
2026-09-14T17:38:56.053705633Z [34m2026-09-14 17:38:56.053 UTC 0285 INFO[0m [endorser] [34;1mcallChaincode[0m -> finished chaincode: kvstore duration: 0ms channel=mychannel txID=8bc83ea9
2026-09-14T17:38:56.053751740Z [34m2026-09-14 17:38:56.053 UTC 0286 INFO[0m [endorser] [34;1mcallChaincode[0m -> finished chaincode: kvstore duration: 0ms channel=mychannel txID=65a2c117
2026-09-14T17:38:56.053773091Z [34m2026-09-14 17:38:56.053 UTC 0287 INFO[0m [comm.grpc.server] [34;1mfunc1[0m -> unary call completed grpc.service=protos.Endorser grpc.method=ProcessProposal grpc.request_deadline=2026-09-14T17:39:26.052Z grpc.peer_address=172.18.0.5:55100 grpc.peer_subject="CN=peer0.org1.example.com,L=San Francisco,ST=California,C=US" grpc.code=OK grpc.call_duration=1.190035ms
2026-09-14T17:38:56.053907305Z [34m2026-09-14 17:38:56.053 UTC 0288 INFO[0m [comm.grpc.server] [34;1mfunc1[0m -> unary call completed grpc.service=protos.Endorser grpc.method=ProcessProposal grpc.request_deadline=2026-09-14T17:39:26.052Z grpc.peer_address=172.18.0.5:55100 grpc.peer_subject="CN=peer0.org1.example.com,L=San Francisco,ST=California,C=US" grpc.code=OK grpc.call_duration=1.280677ms
2026-09-14T17:38:56.093199961Z [34m2026-09-14 17:38:56.093 UTC 0289 INFO[0m [endorser] [34;1mcallChaincode[0m -> finished chaincode: kvstore duration: 0ms channel=mychannel txID=6e74d4f2
2026-09-14T17:38:56.093212265Z [34m2026-09-14 17:38:56.093 UTC 028a INFO[0m [endorser] [34;1mcallChaincode[0m -> finished chaincode: kvstore duration: 0ms channel=mychannel txID=8ea2c388
2026-09-14T17:38:56.093249465Z [34m2026-09-14 17:38:56.093 UTC 028b INFO[0m [comm.grpc.server] [34;1mfunc1[0m -> unary call completed grpc.service=protos.Endorser grpc.method=ProcessProposal grpc.request_deadline=2026-09-14T17:39:26.092Z grpc.peer_address=172.18.0.5:55100 grpc.peer_subject="CN=peer0.org1.example.com,L=San Francisco,ST=California,C=US" grpc.code=OK grpc.call_duration=904.073µs
2026-09-14T17:38:56.093287227Z [34m2026-09-14 17:38:56.093 UTC 028c INFO[0m [comm.grpc.server] [34;1mfunc1[0m -> unary call completed grpc.service=protos.Endorser grpc.method=ProcessProposal grpc.request_deadline=2026-09-14T17:39:26.092Z grpc.peer_address=172.18.0.5:55100 grpc.peer_subject="CN=peer0.org1.example.com,L=San Francisco,ST=California,C=US" grpc.code=OK grpc.call_duration=944.139µs
2026-09-14T17:38:56.133620124Z [34m2026-09-14 17:38:56.133 UTC 028d INFO[0m [endorser] [34;1mcallChaincode[0m -> finished chaincode: kvstore duration: 0ms channel=mychannel txID=dcd815e7
2026-09-14T17:38:56.133633319Z [34m2026-09-14 17:38:56.133 UTC 028e INFO[0m [endorser] [34;1mcallChaincode[0m -> finished chaincode: kvstore duration: 0ms channel=mychannel txID=2bc14d15
2026-09-14T17:38:56.133671973Z [34m2026-09-14 17:38:56.133 UTC 028f INFO[0m [comm.grpc.server] [34;1mfunc1[0m -> unary call completed grpc.service=protos.Endorser grpc.method=ProcessProposal grpc.request_deadline=2026-09-14T17:39:26.132Z grpc.peer_address=172.18.0.5:55100 grpc.peer_subject="CN=peer0.org1.example.com,L=San Francisco,ST=California,C=US" grpc.code=OK grpc.call_duration=941.303µs
2026-09-14T17:38:56.133682813Z [34m2026-09-14 17:38:56.133 UTC 0290 INFO[0m [comm.grpc.server] [34;1mfunc1[0m -> unary call completed grpc.service=protos.Endorser grpc.method=ProcessProposal grpc.request_deadline=2026-09-14T17:39:26.132Z grpc.peer_address=172.18.0.5:55100 grpc.peer_subject="CN=peer0.org1.example.com,L=San Francisco,ST=California,C=US" grpc.code=OK grpc.call_duration=960.5µs
2026-09-14T17:38:56.173371049Z [34m2026-09-14 17:38:56.173 UTC 0291 INFO[0m [endorser] [34;1mcallChaincode[0m -> finished chaincode: kvstore duration: 0ms channel=mychannel txID=529c9c4b
2026-09-14T17:38:56.173408670Z [34m2026-09-14 17:38:56.173 UTC 0292 INFO[0m [endorser] [34;1mcallChaincode[0m -> finished chaincode: kvstore duration: 0ms channel=mychannel txID=4a30b7b8
2026-09-14T17:38:56.173427596Z [34m2026-09-14 17:38:56.173 UTC 0293 INFO[0m [comm.grpc.server] [34;1mfunc1[0m -> unary call completed grpc.service=protos.Endorser grpc.method=ProcessProposal grpc.request_deadline=2026-09-14T17:39:26.172Z grpc.peer_address=172.18.0.5:55100 grpc.peer_subject="CN=peer0.org1.example.com,L=San Francisco,ST=California,C=US" grpc.code=OK grpc.call_duration=862.544µs
2026-09-14T17:38:56.173491587Z [34m2026-09-14 17:38:56.173 UTC 0294 INFO[0m [comm.grpc.server] [34;1mfunc1[0m -> unary call completed grpc.service=protos.Endorser grpc.method=ProcessProposal grpc.request_deadline=2026-09-14T17:39:26.172Z grpc.peer_address=172.18.0.5:55100 grpc.peer_subject="CN=peer0.org1.example.com,L=San Francisco,ST=California,C=US" grpc.code=OK grpc.call_duration=960.179µs
2026-09-14T17:38:56.213635617Z [34m2026-09-14 17:38:56.213 UTC 0295 INFO[0m [endorser] [34;1mcallChaincode[0m -> finished chaincode: kvstore duration: 0ms channel=mychannel txID=76905eb3
2026-09-14T17:38:56.213647590Z [34m2026-09-14 17:38:56.213 UTC 0296 INFO[0m [endorser] [34;1mcallChaincode[0m -> finished chaincode: kvstore duration: 0ms channel=mychannel txID=07a438da
2026-09-14T17:38:56.213695360Z [34m2026-09-14 17:38:56.213 UTC 0297 INFO[0m [comm.grpc.server] [34;1mfunc1[0m -> unary call completed grpc.service=protos.Endorser grpc.method=ProcessProposal grpc.request_deadline=2026-09-14T17:39:26.212Z grpc.peer_address=172.18.0.5:55100 grpc.peer_subject="CN=peer0.org1.example.com,L=San Francisco,ST=California,C=US" grpc.code=OK grpc.call_duration=728.109µs
2026-09-14T17:38:56.213706381Z [34m2026-09-14 17:38:56.213 UTC 0298 INFO[0m [comm.grpc.server] [34;1mfunc1[0m -> unary call completed grpc.service=protos.Endorser grpc.method=ProcessProposal grpc.request_deadline=2026-09-14T17:39:26.212Z grpc.peer_address=172.18.0.5:55100 grpc.peer_subject="CN=peer0.org1.example.com,L=San Francisco,ST=California,C=US" grpc.code=OK grpc.call_duration=719.924µs
2026-09-14T17:38:56.253618421Z [34m2026-09-14 17:38:56.253 UTC 0299 INFO[0m [endorser] [34;1mcallChaincode[0m -> finished chaincode: kvstore duration: 0ms channel=mychannel txID=0d92bcfb
2026-09-14T17:38:56.253631466Z [34m2026-09-14 17:38:56.253 UTC 029a INFO[0m [endorser] [34;1mcallChaincode[0m -> finished chaincode: kvstore duration: 0ms channel=mychannel txID=71f51ad2
2026-09-14T17:38:56.253681290Z [34m2026-09-14 17:38:56.253 UTC 029b INFO[0m [comm.grpc.server] [34;1mfunc1[0m -> unary call completed grpc.service=protos.Endorser grpc.method=ProcessProposal grpc.request_deadline=2026-09-14T17:39:26.252Z grpc.peer_address=172.18.0.5:55100 grpc.peer_subject="CN=peer0.org1.example.com,L=San Francisco,ST=California,C=US" grpc.code=OK grpc.call_duration=665.551µs
2026-09-14T17:38:56.253700026Z [34m2026-09-14 17:38:56.253 UTC 029c INFO[0m [comm.grpc.server] [34;1mfunc1[0m -> unary call completed grpc.service=protos.Endorser grpc.method=ProcessProposal grpc.request_deadline=2026-09-14T17:39:26.252Z grpc.peer_address=172.18.0.5:55100 grpc.peer_subject="CN=peer0.org1.example.com,L=San Francisco,ST=California,C=US" grpc.code=OK grpc.call_duration=681.211µs
2026-09-14T17:38:56.294004319Z [34m2026-09-14 17:38:56.293 UTC 029d INFO[0m [endorser] [34;1mcallChaincode[0m -> finished chaincode: kvstore duration: 0ms channel=mychannel txID=68e3ece5
2026-09-14T17:38:56.294020099Z [34m2026-09-14 17:38:56.293 UTC 029e INFO[0m [endorser] [34;1mcallChaincode[0m -> finished chaincode: kvstore duration: 0ms channel=mychannel txID=34a52dc9
2026-09-14T17:38:56.294086675Z [34m2026-09-14 17:38:56.294 UTC 029f INFO[0m [comm.grpc.server] [34;1mfunc1[0m -> unary call completed grpc.service=protos.Endorser grpc.method=ProcessProposal grpc.request_deadline=2026-09-14T17:39:26.293Z grpc.peer_address=172.18.0.5:55100 grpc.peer_subject="CN=peer0.org1.example.com,L=San Francisco,ST=California,C=US" grpc.code=OK grpc.call_duration=831.525µs
2026-09-14T17:38:56.294105290Z [34m2026-09-14 17:38:56.294 UTC 02a0 INFO[0m [comm.grpc.server] [34;1mfunc1[0m -> unary call completed grpc.service=protos.Endorser grpc.method=ProcessProposal grpc.request_deadline=2026-09-14T17:39:26.293Z grpc.peer_address=172.18.0.5:55100 grpc.peer_subject="CN=peer0.org1.example.com,L=San Francisco,ST=California,C=US" grpc.code=OK grpc.call_duration=871.061µs
2026-09-14T17:38:56.333452600Z [34m2026-09-14 17:38:56.333 UTC 02a2 INFO[0m [endorser] [34;1mcallChaincode[0m -> finished chaincode: kvstore duration: 0ms channel=mychannel txID=a9ed16df
2026-09-14T17:38:56.333482126Z [34m2026-09-14 17:38:56.333 UTC 02a1 INFO[0m [endorser] [34;1mcallChaincode[0m -> finished chaincode: kvstore duration: 0ms channel=mychannel txID=580cc70f
2026-09-14T17:38:56.333499429Z [34m2026-09-14 17:38:56.333 UTC 02a3 INFO[0m [comm.grpc.server] [34;1mfunc1[0m -> unary call completed grpc.service=protos.Endorser grpc.method=ProcessProposal grpc.request_deadline=2026-09-14T17:39:26.332Z grpc.peer_address=172.18.0.5:55100 grpc.peer_subject="CN=peer0.org1.example.com,L=San Francisco,ST=California,C=US" grpc.code=OK grpc.call_duration=829.882µs
2026-09-14T17:38:56.333585051Z [34m2026-09-14 17:38:56.333 UTC 02a4 INFO[0m [comm.grpc.server] [34;1mfunc1[0m -> unary call completed grpc.service=protos.Endorser grpc.method=ProcessProposal grpc.request_deadline=2026-09-14T17:39:26.332Z grpc.peer_address=172.18.0.5:55100 grpc.peer_subject="CN=peer0.org1.example.com,L=San Francisco,ST=California,C=US" grpc.code=OK grpc.call_duration=884.336µs
2026-09-14T17:38:56.373278848Z [34m2026-09-14 17:38:56.373 UTC 02a5 INFO[0m [endorser] [34;1mcallChaincode[0m -> finished chaincode: kvstore duration: 0ms channel=mychannel txID=34ef6410
2026-09-14T17:38:56.373306280Z [34m2026-09-14 17:38:56.373 UTC 02a6 INFO[0m [endorser] [34;1mcallChaincode[0m -> finished chaincode: kvstore duration: 0ms channel=mychannel txID=59dcf956
2026-09-14T17:38:56.373337599Z [34m2026-09-14 17:38:56.373 UTC 02a7 INFO[0m [comm.grpc.server] [34;1mfunc1[0m -> unary call completed grpc.service=protos.Endorser grpc.method=ProcessProposal grpc.request_deadline=2026-09-14T17:39:26.372Z grpc.peer_address=172.18.0.5:55100 grpc.peer_subject="CN=peer0.org1.example.com,L=San Francisco,ST=California,C=US" grpc.code=OK grpc.call_duration=823.861µs
2026-09-14T17:38:56.373413102Z [34m2026-09-14 17:38:56.373 UTC 02a8 INFO[0m [comm.grpc.server] [34;1mfunc1[0m -> unary call completed grpc.service=protos.Endorser grpc.method=ProcessProposal grpc.request_deadline=2026-09-14T17:39:26.372Z grpc.peer_address=172.18.0.5:55100 grpc.peer_subject="CN=peer0.org1.example.com,L=San Francisco,ST=California,C=US" grpc.code=OK grpc.call_duration=898.162µs
2026-09-14T17:38:56.414299448Z [34m2026-09-14 17:38:56.414 UTC 02aa INFO[0m [endorser] [34;1mcallChaincode[0m -> finished chaincode: kvstore duration: 0ms channel=mychannel txID=52f66202
2026-09-14T17:38:56.414358310Z [34m2026-09-14 17:38:56.414 UTC 02a9 INFO[0m [endorser] [34;1mcallChaincode[0m -> finished chaincode: kvstore duration: 0ms channel=mychannel txID=666e9460
2026-09-14T17:38:56.414374941Z [34m2026-09-14 17:38:56.414 UTC 02ab INFO[0m [comm.grpc.server] [34;1mfunc1[0m -> unary call completed grpc.service=protos.Endorser grpc.method=ProcessProposal grpc.request_deadline=2026-09-14T17:39:26.413Z grpc.peer_address=172.18.0.5:55100 grpc.peer_subject="CN=peer0.org1.example.com,L=San Francisco,ST=California,C=US" grpc.code=OK grpc.call_duration=947.676µs
2026-09-14T17:38:56.414535165Z [34m2026-09-14 17:38:56.414 UTC 02ac INFO[0m [comm.grpc.server] [34;1mfunc1[0m -> unary call completed grpc.service=protos.Endorser grpc.method=ProcessProposal grpc.request_deadline=2026-09-14T17:39:26.413Z grpc.peer_address=172.18.0.5:55100 grpc.peer_subject="CN=peer0.org1.example.com,L=San Francisco,ST=California,C=US" grpc.code=OK grpc.call_duration=1.153195ms
2026-09-14T17:38:56.453705139Z [34m2026-09-14 17:38:56.453 UTC 02ad INFO[0m [endorser] [34;1mcallChaincode[0m -> finished chaincode: kvstore duration: 0ms channel=mychannel txID=f53f2732
2026-09-14T17:38:56.453716951Z [34m2026-09-14 17:38:56.453 UTC 02ae INFO[0m [endorser] [34;1mcallChaincode[0m -> finished chaincode: kvstore duration: 0ms channel=mychannel txID=871fbf44
2026-09-14T17:38:56.453747439Z [34m2026-09-14 17:38:56.453 UTC 02af INFO[0m [comm.grpc.server] [34;1mfunc1[0m -> unary call completed grpc.service=protos.Endorser grpc.method=ProcessProposal grpc.request_deadline=2026-09-14T17:39:26.452Z grpc.peer_address=172.18.0.5:55100 grpc.peer_subject="CN=peer0.org1.example.com,L=San Francisco,ST=California,C=US" grpc.code=OK grpc.call_duration=841.273µs
2026-09-14T17:38:56.453773809Z [34m2026-09-14 17:38:56.453 UTC 02b0 INFO[0m [comm.grpc.server] [34;1mfunc1[0m -> unary call completed grpc.service=protos.Endorser grpc.method=ProcessProposal grpc.request_deadline=2026-09-14T17:39:26.452Z grpc.peer_address=172.18.0.5:55100 grpc.peer_subject="CN=peer0.org1.example.com,L=San Francisco,ST=California,C=US" grpc.code=OK grpc.call_duration=858.126µs
2026-09-14T17:38:56.493185942Z [34m2026-09-14 17:38:56.493 UTC 02b1 INFO[0m [endorser] [34;1mcallChaincode[0m -> finished chaincode: kvstore duration: 0ms channel=mychannel txID=435d9b22
2026-09-14T17:38:56.493200579Z [34m2026-09-14 17:38:56.493 UTC 02b2 INFO[0m [endorser] [34;1mcallChaincode[0m -> finished chaincode: kvstore duration: 0ms channel=mychannel txID=5220c6c9
2026-09-14T17:38:56.493243210Z [34m2026-09-14 17:38:56.493 UTC 02b3 INFO[0m [comm.grpc.server] [34;1mfunc1[0m -> unary call completed grpc.service=protos.Endorser grpc.method=ProcessProposal grpc.request_deadline=2026-09-14T17:39:26.492Z grpc.peer_address=172.18.0.5:55100 grpc.peer_subject="CN=peer0.org1.example.com,L=San Francisco,ST=California,C=US" grpc.code=OK grpc.call_duration=752.185µs
2026-09-14T17:38:56.493258579Z [34m2026-09-14 17:38:56.493 UTC 02b4 INFO[0m [comm.grpc.server] [34;1mfunc1[0m -> unary call completed grpc.service=protos.Endorser grpc.method=ProcessProposal grpc.request_deadline=2026-09-14T17:39:26.492Z grpc.peer_address=172.18.0.5:55100 grpc.peer_subject="CN=peer0.org1.example.com,L=San Francisco,ST=California,C=US" grpc.code=OK grpc.call_duration=757.786µs
2026-09-14T17:38:56.533374786Z [34m2026-09-14 17:38:56.533 UTC 02b5 INFO[0m [endorser] [34;1mcallChaincode[0m -> finished chaincode: kvstore duration: 0ms channel=mychannel txID=6eeae33e
2026-09-14T17:38:56.533392119Z [34m2026-09-14 17:38:56.533 UTC 02b6 INFO[0m [endorser] [34;1mcallChaincode[0m -> finished chaincode: kvstore duration: 0ms channel=mychannel txID=b313568a
2026-09-14T17:38:56.533416615Z [34m2026-09-14 17:38:56.533 UTC 02b7 INFO[0m [comm.grpc.server] [34;1mfunc1[0m -> unary call completed grpc.service=protos.Endorser grpc.method=ProcessProposal grpc.request_deadline=2026-09-14T17:39:26.532Z grpc.peer_address=172.18.0.5:55100 grpc.peer_subject="CN=peer0.org1.example.com,L=San Francisco,ST=California,C=US" grpc.code=OK grpc.call_duration=801.038µs
2026-09-14T17:38:56.533435441Z [34m2026-09-14 17:38:56.533 UTC 02b8 INFO[0m [comm.grpc.server] [34;1mfunc1[0m -> unary call completed grpc.service=protos.Endorser grpc.method=ProcessProposal grpc.request_deadline=2026-09-14T17:39:26.532Z grpc.peer_address=172.18.0.5:55100 grpc.peer_subject="CN=peer0.org1.example.com,L=San Francisco,ST=California,C=US" grpc.code=OK grpc.call_duration=823.009µs
2026-09-14T17:38:56.573281236Z [34m2026-09-14 17:38:56.573 UTC 02b9 INFO[0m [endorser] [34;1mcallChaincode[0m -> finished chaincode: kvstore duration: 0ms channel=mychannel txID=98915616
2026-09-14T17:38:56.573294100Z [34m2026-09-14 17:38:56.573 UTC 02ba INFO[0m [endorser] [34;1mcallChaincode[0m -> finished chaincode: kvstore duration: 0ms channel=mychannel txID=d82580ed
2026-09-14T17:38:56.573343995Z [34m2026-09-14 17:38:56.573 UTC 02bc INFO[0m [comm.grpc.server] [34;1mfunc1[0m -> unary call completed grpc.service=protos.Endorser grpc.method=ProcessProposal grpc.request_deadline=2026-09-14T17:39:26.572Z grpc.peer_address=172.18.0.5:55100 grpc.peer_subject="CN=peer0.org1.example.com,L=San Francisco,ST=California,C=US" grpc.code=OK grpc.call_duration=793.083µs
2026-09-14T17:38:56.573370344Z [34m2026-09-14 17:38:56.573 UTC 02bb INFO[0m [comm.grpc.server] [34;1mfunc1[0m -> unary call completed grpc.service=protos.Endorser grpc.method=ProcessProposal grpc.request_deadline=2026-09-14T17:39:26.572Z grpc.peer_address=172.18.0.5:55100 grpc.peer_subject="CN=peer0.org1.example.com,L=San Francisco,ST=California,C=US" grpc.code=OK grpc.call_duration=791.5µs
2026-09-14T17:38:56.596139995Z [34m2026-09-14 17:38:56.596 UTC 02bd INFO[0m [gossip.privdata] [34;1mStoreBlock[0m -> Received block [9] from buffer channel=mychannel
2026-09-14T17:38:56.605344695Z [34m2026-09-14 17:38:56.605 UTC 02be INFO[0m [committer.txvalidator] [34;1mValidate[0m -> [mychannel] Validated block [9] in 9ms
2026-09-14T17:38:56.655263755Z [34m2026-09-14 17:38:56.655 UTC 02bf INFO[0m [kvledger] [34;1mcommit[0m -> [mychannel] Committed block [9] with 54 transaction(s) in 49ms (state_validation=0ms block_and_pvtdata_commit=26ms state_commit=11ms) commitHash=[ae74207950cde4766e2c0dec6e24c35ba7f382d46c8cba71bb7442db7dbbdad5]
2026-09-14T17:38:56.662755920Z [34m2026-09-14 17:38:56.662 UTC 02c0 INFO[0m [endorser] [34;1mcallChaincode[0m -> finished chaincode: kvstore duration: 0ms channel=mychannel txID=afedbcd3
2026-09-14T17:38:56.662823598Z [34m2026-09-14 17:38:56.662 UTC 02c1 INFO[0m [comm.grpc.server] [34;1mfunc1[0m -> unary call completed grpc.service=protos.Endorser grpc.method=ProcessProposal grpc.request_deadline=2026-09-14T17:39:26.661Z grpc.peer_address=172.18.0.5:55100 grpc.peer_subject="CN=peer0.org1.example.com,L=San Francisco,ST=California,C=US" grpc.code=OK grpc.call_duration=941.364µs
2026-09-14T17:38:56.662957723Z [34m2026-09-14 17:38:56.662 UTC 02c2 INFO[0m [endorser] [34;1mcallChaincode[0m -> finished chaincode: kvstore duration: 0ms channel=mychannel txID=f4fdd683
2026-09-14T17:38:56.662966599Z [34m2026-09-14 17:38:56.662 UTC 02c3 INFO[0m [endorser] [34;1mcallChaincode[0m -> finished chaincode: kvstore duration: 0ms channel=mychannel txID=b98a5f34
2026-09-14T17:38:56.663014881Z [34m2026-09-14 17:38:56.662 UTC 02c4 INFO[0m [comm.grpc.server] [34;1mfunc1[0m -> unary call completed grpc.service=protos.Endorser grpc.method=ProcessProposal grpc.request_deadline=2026-09-14T17:39:26.662Z grpc.peer_address=172.18.0.5:55100 grpc.peer_subject="CN=peer0.org1.example.com,L=San Francisco,ST=California,C=US" grpc.code=OK grpc.call_duration=704.805µs
2026-09-14T17:38:56.663020391Z [34m2026-09-14 17:38:56.662 UTC 02c5 INFO[0m [comm.grpc.server] [34;1mfunc1[0m -> unary call completed grpc.service=protos.Endorser grpc.method=ProcessProposal grpc.request_deadline=2026-09-14T17:39:26.661Z grpc.peer_address=172.18.0.5:55100 grpc.peer_subject="CN=peer0.org1.example.com,L=San Francisco,ST=California,C=US" grpc.code=OK grpc.call_duration=1.122757ms
2026-09-14T17:38:56.663158092Z [34m2026-09-14 17:38:56.663 UTC 02c6 INFO[0m [endorser] [34;1mcallChaincode[0m -> finished chaincode: kvstore duration: 0ms channel=mychannel txID=6af6dfa8
2026-09-14T17:38:56.663249565Z [34m2026-09-14 17:38:56.663 UTC 02c7 INFO[0m [comm.grpc.server] [34;1mfunc1[0m -> unary call completed grpc.service=protos.Endorser grpc.method=ProcessProposal grpc.request_deadline=2026-09-14T17:39:26.662Z grpc.peer_address=172.18.0.5:55100 grpc.peer_subject="CN=peer0.org1.example.com,L=San Francisco,ST=California,C=US" grpc.code=OK grpc.call_duration=646.014µs
2026-09-14T17:38:56.692873864Z [34m2026-09-14 17:38:56.692 UTC 02c8 INFO[0m [endorser] [34;1mcallChaincode[0m -> finished chaincode: kvstore duration: 0ms channel=mychannel txID=0276dea3
2026-09-14T17:38:56.692886087Z [34m2026-09-14 17:38:56.692 UTC 02c9 INFO[0m [endorser] [34;1mcallChaincode[0m -> finished chaincode: kvstore duration: 0ms channel=mychannel txID=ad5f2d80
2026-09-14T17:38:56.692913719Z [34m2026-09-14 17:38:56.692 UTC 02ca INFO[0m [comm.grpc.server] [34;1mfunc1[0m -> unary call completed grpc.service=protos.Endorser grpc.method=ProcessProposal grpc.request_deadline=2026-09-14T17:39:26.691Z grpc.peer_address=172.18.0.5:55100 grpc.peer_subject="CN=peer0.org1.example.com,L=San Francisco,ST=California,C=US" grpc.code=OK grpc.call_duration=817.017µs
2026-09-14T17:38:56.692930952Z [34m2026-09-14 17:38:56.692 UTC 02cb INFO[0m [comm.grpc.server] [34;1mfunc1[0m -> unary call completed grpc.service=protos.Endorser grpc.method=ProcessProposal grpc.request_deadline=2026-09-14T17:39:26.691Z grpc.peer_address=172.18.0.5:55100 grpc.peer_subject="CN=peer0.org1.example.com,L=San Francisco,ST=California,C=US" grpc.code=OK grpc.call_duration=820.785µs
2026-09-14T17:38:56.733171855Z [34m2026-09-14 17:38:56.733 UTC 02cc INFO[0m [endorser] [34;1mcallChaincode[0m -> finished chaincode: kvstore duration: 0ms channel=mychannel txID=e633c6ea
2026-09-14T17:38:56.733187955Z [34m2026-09-14 17:38:56.733 UTC 02cd INFO[0m [endorser] [34;1mcallChaincode[0m -> finished chaincode: kvstore duration: 0ms channel=mychannel txID=a412c397
2026-09-14T17:38:56.733233912Z [34m2026-09-14 17:38:56.733 UTC 02ce INFO[0m [comm.grpc.server] [34;1mfunc1[0m -> unary call completed grpc.service=protos.Endorser grpc.method=ProcessProposal grpc.request_deadline=2026-09-14T17:39:26.732Z grpc.peer_address=172.18.0.5:55100 grpc.peer_subject="CN=peer0.org1.example.com,L=San Francisco,ST=California,C=US" grpc.code=OK grpc.call_duration=810.395µs
2026-09-14T17:38:56.733279870Z [34m2026-09-14 17:38:56.733 UTC 02cf INFO[0m [comm.grpc.server] [34;1mfunc1[0m -> unary call completed grpc.service=protos.Endorser grpc.method=ProcessProposal grpc.request_deadline=2026-09-14T17:39:26.732Z grpc.peer_address=172.18.0.5:55100 grpc.peer_subject="CN=peer0.org1.example.com,L=San Francisco,ST=California,C=US" grpc.code=OK grpc.call_duration=821.466µs
2026-09-14T17:38:56.773881937Z [34m2026-09-14 17:38:56.773 UTC 02d0 INFO[0m [endorser] [34;1mcallChaincode[0m -> finished chaincode: kvstore duration: 0ms channel=mychannel txID=3edcd707
2026-09-14T17:38:56.773896344Z [34m2026-09-14 17:38:56.773 UTC 02d1 INFO[0m [endorser] [34;1mcallChaincode[0m -> finished chaincode: kvstore duration: 0ms channel=mychannel txID=17f02b1f
2026-09-14T17:38:56.773975835Z [34m2026-09-14 17:38:56.773 UTC 02d2 INFO[0m [comm.grpc.server] [34;1mfunc1[0m -> unary call completed grpc.service=protos.Endorser grpc.method=ProcessProposal grpc.request_deadline=2026-09-14T17:39:26.772Z grpc.peer_address=172.18.0.5:55100 grpc.peer_subject="CN=peer0.org1.example.com,L=San Francisco,ST=California,C=US" grpc.code=OK grpc.call_duration=1.156852ms
2026-09-14T17:38:56.773986675Z [34m2026-09-14 17:38:56.773 UTC 02d3 INFO[0m [comm.grpc.server] [34;1mfunc1[0m -> unary call completed grpc.service=protos.Endorser grpc.method=ProcessProposal grpc.request_deadline=2026-09-14T17:39:26.772Z grpc.peer_address=172.18.0.5:55100 grpc.peer_subject="CN=peer0.org1.example.com,L=San Francisco,ST=California,C=US" grpc.code=OK grpc.call_duration=1.165098ms
2026-09-14T17:38:56.813141010Z [34m2026-09-14 17:38:56.813 UTC 02d5 INFO[0m [endorser] [34;1mcallChaincode[0m -> finished chaincode: kvstore duration: 0ms channel=mychannel txID=8fdf67ca
2026-09-14T17:38:56.813198368Z [34m2026-09-14 17:38:56.813 UTC 02d4 INFO[0m [endorser] [34;1mcallChaincode[0m -> finished chaincode: kvstore duration: 0ms channel=mychannel txID=a3ccbd6d
2026-09-14T17:38:56.813236450Z [34m2026-09-14 17:38:56.813 UTC 02d6 INFO[0m [comm.grpc.server] [34;1mfunc1[0m -> unary call completed grpc.service=protos.Endorser grpc.method=ProcessProposal grpc.request_deadline=2026-09-14T17:39:26.812Z grpc.peer_address=172.18.0.5:55100 grpc.peer_subject="CN=peer0.org1.example.com,L=San Francisco,ST=California,C=US" grpc.code=OK grpc.call_duration=728.541µs
2026-09-14T17:38:56.813315971Z [34m2026-09-14 17:38:56.813 UTC 02d7 INFO[0m [comm.grpc.server] [34;1mfunc1[0m -> unary call completed grpc.service=protos.Endorser grpc.method=ProcessProposal grpc.request_deadline=2026-09-14T17:39:26.812Z grpc.peer_address=172.18.0.5:55100 grpc.peer_subject="CN=peer0.org1.example.com,L=San Francisco,ST=California,C=US" grpc.code=OK grpc.call_duration=853.808µs
2026-09-14T17:38:56.853564198Z [34m2026-09-14 17:38:56.853 UTC 02d8 INFO[0m [endorser] [34;1mcallChaincode[0m -> finished chaincode: kvstore duration: 0ms channel=mychannel txID=8838efad
2026-09-14T17:38:56.853605406Z [34m2026-09-14 17:38:56.853 UTC 02d9 INFO[0m [comm.grpc.server] [34;1mfunc1[0m -> unary call completed grpc.service=protos.Endorser grpc.method=ProcessProposal grpc.request_deadline=2026-09-14T17:39:26.852Z grpc.peer_address=172.18.0.5:55100 grpc.peer_subject="CN=peer0.org1.example.com,L=San Francisco,ST=California,C=US" grpc.code=OK grpc.call_duration=853.567µs
2026-09-14T17:38:56.853615145Z [34m2026-09-14 17:38:56.853 UTC 02da INFO[0m [endorser] [34;1mcallChaincode[0m -> finished chaincode: kvstore duration: 0ms channel=mychannel txID=8c3b1eef
2026-09-14T17:38:56.853693052Z [34m2026-09-14 17:38:56.853 UTC 02db INFO[0m [comm.grpc.server] [34;1mfunc1[0m -> unary call completed grpc.service=protos.Endorser grpc.method=ProcessProposal grpc.request_deadline=2026-09-14T17:39:26.852Z grpc.peer_address=172.18.0.5:55100 grpc.peer_subject="CN=peer0.org1.example.com,L=San Francisco,ST=California,C=US" grpc.code=OK grpc.call_duration=910.866µs
2026-09-14T17:38:56.893755757Z [34m2026-09-14 17:38:56.893 UTC 02dc INFO[0m [endorser] [34;1mcallChaincode[0m -> finished chaincode: kvstore duration: 0ms channel=mychannel txID=49a84686
2026-09-14T17:38:56.893784702Z [34m2026-09-14 17:38:56.893 UTC 02dd INFO[0m [endorser] [34;1mcallChaincode[0m -> finished chaincode: kvstore duration: 0ms channel=mychannel txID=b3f6bf61
2026-09-14T17:38:56.893829487Z [34m2026-09-14 17:38:56.893 UTC 02de INFO[0m [comm.grpc.server] [34;1mfunc1[0m -> unary call completed grpc.service=protos.Endorser grpc.method=ProcessProposal grpc.request_deadline=2026-09-14T17:39:26.892Z grpc.peer_address=172.18.0.5:55100 grpc.peer_subject="CN=peer0.org1.example.com,L=San Francisco,ST=California,C=US" grpc.code=OK grpc.call_duration=840.392µs
2026-09-14T17:38:56.893908246Z [34m2026-09-14 17:38:56.893 UTC 02df INFO[0m [comm.grpc.server] [34;1mfunc1[0m -> unary call completed grpc.service=protos.Endorser grpc.method=ProcessProposal grpc.request_deadline=2026-09-14T17:39:26.892Z grpc.peer_address=172.18.0.5:55100 grpc.peer_subject="CN=peer0.org1.example.com,L=San Francisco,ST=California,C=US" grpc.code=OK grpc.call_duration=941.504µs
2026-09-14T17:38:56.933351418Z [34m2026-09-14 17:38:56.933 UTC 02e0 INFO[0m [endorser] [34;1mcallChaincode[0m -> finished chaincode: kvstore duration: 0ms channel=mychannel txID=900d2e1d
2026-09-14T17:38:56.933368921Z [34m2026-09-14 17:38:56.933 UTC 02e1 INFO[0m [endorser] [34;1mcallChaincode[0m -> finished chaincode: kvstore duration: 0ms channel=mychannel txID=a0a88e9f
2026-09-14T17:38:56.933399709Z [34m2026-09-14 17:38:56.933 UTC 02e2 INFO[0m [comm.grpc.server] [34;1mfunc1[0m -> unary call completed grpc.service=protos.Endorser grpc.method=ProcessProposal grpc.request_deadline=2026-09-14T17:39:26.932Z grpc.peer_address=172.18.0.5:55100 grpc.peer_subject="CN=peer0.org1.example.com,L=San Francisco,ST=California,C=US" grpc.code=OK grpc.call_duration=825.835µs
2026-09-14T17:38:56.933426731Z [34m2026-09-14 17:38:56.933 UTC 02e3 INFO[0m [comm.grpc.server] [34;1mfunc1[0m -> unary call completed grpc.service=protos.Endorser grpc.method=ProcessProposal grpc.request_deadline=2026-09-14T17:39:26.932Z grpc.peer_address=172.18.0.5:55100 grpc.peer_subject="CN=peer0.org1.example.com,L=San Francisco,ST=California,C=US" grpc.code=OK grpc.call_duration=898.933µs
2026-09-14T17:38:56.974098169Z [34m2026-09-14 17:38:56.974 UTC 02e4 INFO[0m [endorser] [34;1mcallChaincode[0m -> finished chaincode: kvstore duration: 0ms channel=mychannel txID=b69bc18d
2026-09-14T17:38:56.974125231Z [34m2026-09-14 17:38:56.974 UTC 02e5 INFO[0m [endorser] [34;1mcallChaincode[0m -> finished chaincode: kvstore duration: 0ms channel=mychannel txID=eb939022
2026-09-14T17:38:56.974178762Z [34m2026-09-14 17:38:56.974 UTC 02e6 INFO[0m [comm.grpc.server] [34;1mfunc1[0m -> unary call completed grpc.service=protos.Endorser grpc.method=ProcessProposal grpc.request_deadline=2026-09-14T17:39:26.973Z grpc.peer_address=172.18.0.5:55100 grpc.peer_subject="CN=peer0.org1.example.com,L=San Francisco,ST=California,C=US" grpc.code=OK grpc.call_duration=816.768µs
2026-09-14T17:38:56.974190013Z [34m2026-09-14 17:38:56.974 UTC 02e7 INFO[0m [comm.grpc.server] [34;1mfunc1[0m -> unary call completed grpc.service=protos.Endorser grpc.method=ProcessProposal grpc.request_deadline=2026-09-14T17:39:26.973Z grpc.peer_address=172.18.0.5:55100 grpc.peer_subject="CN=peer0.org1.example.com,L=San Francisco,ST=California,C=US" grpc.code=OK grpc.call_duration=836.906µs
2026-09-14T17:38:57.013710532Z [34m2026-09-14 17:38:57.013 UTC 02e8 INFO[0m [endorser] [34;1mcallChaincode[0m -> finished chaincode: kvstore duration: 0ms channel=mychannel txID=735414ee
2026-09-14T17:38:57.013776727Z [34m2026-09-14 17:38:57.013 UTC 02e9 INFO[0m [comm.grpc.server] [34;1mfunc1[0m -> unary call completed grpc.service=protos.Endorser grpc.method=ProcessProposal grpc.request_deadline=2026-09-14T17:39:27.012Z grpc.peer_address=172.18.0.5:55100 grpc.peer_subject="CN=peer0.org1.example.com,L=San Francisco,ST=California,C=US" grpc.code=OK grpc.call_duration=1.50457ms
2026-09-14T17:38:57.013825379Z [34m2026-09-14 17:38:57.013 UTC 02ea INFO[0m [endorser] [34;1mcallChaincode[0m -> finished chaincode: kvstore duration: 0ms channel=mychannel txID=63a7b635
2026-09-14T17:38:57.013902335Z [34m2026-09-14 17:38:57.013 UTC 02eb INFO[0m [comm.grpc.server] [34;1mfunc1[0m -> unary call completed grpc.service=protos.Endorser grpc.method=ProcessProposal grpc.request_deadline=2026-09-14T17:39:27.012Z grpc.peer_address=172.18.0.5:55100 grpc.peer_subject="CN=peer0.org1.example.com,L=San Francisco,ST=California,C=US" grpc.code=OK grpc.call_duration=1.638955ms
2026-09-14T17:38:57.054237587Z [34m2026-09-14 17:38:57.054 UTC 02ec INFO[0m [endorser] [34;1mcallChaincode[0m -> finished chaincode: kvstore duration: 0ms channel=mychannel txID=945815f4
2026-09-14T17:38:57.054257986Z [34m2026-09-14 17:38:57.054 UTC 02ed INFO[0m [endorser] [34;1mcallChaincode[0m -> finished chaincode: kvstore duration: 0ms channel=mychannel txID=cfe9f65b
2026-09-14T17:38:57.054299254Z [34m2026-09-14 17:38:57.054 UTC 02ef INFO[0m [comm.grpc.server] [34;1mfunc1[0m -> unary call completed grpc.service=protos.Endorser grpc.method=ProcessProposal grpc.request_deadline=2026-09-14T17:39:27.053Z grpc.peer_address=172.18.0.5:55100 grpc.peer_subject="CN=peer0.org1.example.com,L=San Francisco,ST=California,C=US" grpc.code=OK grpc.call_duration=968.475µs
2026-09-14T17:38:57.054308171Z [34m2026-09-14 17:38:57.054 UTC 02ee INFO[0m [comm.grpc.server] [34;1mfunc1[0m -> unary call completed grpc.service=protos.Endorser grpc.method=ProcessProposal grpc.request_deadline=2026-09-14T17:39:27.053Z grpc.peer_address=172.18.0.5:55100 grpc.peer_subject="CN=peer0.org1.example.com,L=San Francisco,ST=California,C=US" grpc.code=OK grpc.call_duration=990.687µs
2026-09-14T17:38:57.093552786Z [34m2026-09-14 17:38:57.093 UTC 02f0 INFO[0m [endorser] [34;1mcallChaincode[0m -> finished chaincode: kvstore duration: 0ms channel=mychannel txID=208c8ed3
2026-09-14T17:38:57.093613551Z [34m2026-09-14 17:38:57.093 UTC 02f1 INFO[0m [endorser] [34;1mcallChaincode[0m -> finished chaincode: kvstore duration: 0ms channel=mychannel txID=5f7d47d1
2026-09-14T17:38:57.093645101Z [34m2026-09-14 17:38:57.093 UTC 02f2 INFO[0m [comm.grpc.server] [34;1mfunc1[0m -> unary call completed grpc.service=protos.Endorser grpc.method=ProcessProposal grpc.request_deadline=2026-09-14T17:39:27.092Z grpc.peer_address=172.18.0.5:55100 grpc.peer_subject="CN=peer0.org1.example.com,L=San Francisco,ST=California,C=US" grpc.code=OK grpc.call_duration=1.133347ms
2026-09-14T17:38:57.093711707Z [34m2026-09-14 17:38:57.093 UTC 02f3 INFO[0m [comm.grpc.server] [34;1mfunc1[0m -> unary call completed grpc.service=protos.Endorser grpc.method=ProcessProposal grpc.request_deadline=2026-09-14T17:39:27.092Z grpc.peer_address=172.18.0.5:55100 grpc.peer_subject="CN=peer0.org1.example.com,L=San Francisco,ST=California,C=US" grpc.code=OK grpc.call_duration=1.213429ms
2026-09-14T17:38:57.133973540Z [34m2026-09-14 17:38:57.133 UTC 02f4 INFO[0m [endorser] [34;1mcallChaincode[0m -> finished chaincode: kvstore duration: 0ms channel=mychannel txID=2740b83d
2026-09-14T17:38:57.133988318Z [34m2026-09-14 17:38:57.133 UTC 02f5 INFO[0m [endorser] [34;1mcallChaincode[0m -> finished chaincode: kvstore duration: 0ms channel=mychannel txID=bef62e0d
2026-09-14T17:38:57.134037452Z [34m2026-09-14 17:38:57.134 UTC 02f6 INFO[0m [comm.grpc.server] [34;1mfunc1[0m -> unary call completed grpc.service=protos.Endorser grpc.method=ProcessProposal grpc.request_deadline=2026-09-14T17:39:27.133Z grpc.peer_address=172.18.0.5:55100 grpc.peer_subject="CN=peer0.org1.example.com,L=San Francisco,ST=California,C=US" grpc.code=OK grpc.call_duration=767.003µs
2026-09-14T17:38:57.134046098Z [34m2026-09-14 17:38:57.134 UTC 02f7 INFO[0m [comm.grpc.server] [34;1mfunc1[0m -> unary call completed grpc.service=protos.Endorser grpc.method=ProcessProposal grpc.request_deadline=2026-09-14T17:39:27.133Z grpc.peer_address=172.18.0.5:55100 grpc.peer_subject="CN=peer0.org1.example.com,L=San Francisco,ST=California,C=US" grpc.code=OK grpc.call_duration=769.198µs
2026-09-14T17:38:57.173480613Z [34m2026-09-14 17:38:57.173 UTC 02f8 INFO[0m [endorser] [34;1mcallChaincode[0m -> finished chaincode: kvstore duration: 0ms channel=mychannel txID=90c32a2e
2026-09-14T17:38:57.173501403Z [34m2026-09-14 17:38:57.173 UTC 02f9 INFO[0m [endorser] [34;1mcallChaincode[0m -> finished chaincode: kvstore duration: 0ms channel=mychannel txID=9704322a
2026-09-14T17:38:57.173536279Z [34m2026-09-14 17:38:57.173 UTC 02fa INFO[0m [comm.grpc.server] [34;1mfunc1[0m -> unary call completed grpc.service=protos.Endorser grpc.method=ProcessProposal grpc.request_deadline=2026-09-14T17:39:27.172Z grpc.peer_address=172.18.0.5:55100 grpc.peer_subject="CN=peer0.org1.example.com,L=San Francisco,ST=California,C=US" grpc.code=OK grpc.call_duration=729.111µs
2026-09-14T17:38:57.173558691Z [34m2026-09-14 17:38:57.173 UTC 02fb INFO[0m [comm.grpc.server] [34;1mfunc1[0m -> unary call completed grpc.service=protos.Endorser grpc.method=ProcessProposal grpc.request_deadline=2026-09-14T17:39:27.172Z grpc.peer_address=172.18.0.5:55100 grpc.peer_subject="CN=peer0.org1.example.com,L=San Francisco,ST=California,C=US" grpc.code=OK grpc.call_duration=722.839µs
2026-09-14T17:38:57.214051231Z [34m2026-09-14 17:38:57.213 UTC 02fc INFO[0m [endorser] [34;1mcallChaincode[0m -> finished chaincode: kvstore duration: 0ms channel=mychannel txID=a7ecfbf2
2026-09-14T17:38:57.214066220Z [34m2026-09-14 17:38:57.213 UTC 02fd INFO[0m [endorser] [34;1mcallChaincode[0m -> finished chaincode: kvstore duration: 0ms channel=mychannel txID=cb768b83
2026-09-14T17:38:57.214102879Z [34m2026-09-14 17:38:57.214 UTC 02fe INFO[0m [comm.grpc.server] [34;1mfunc1[0m -> unary call completed grpc.service=protos.Endorser grpc.method=ProcessProposal grpc.request_deadline=2026-09-14T17:39:27.213Z grpc.peer_address=172.18.0.5:55100 grpc.peer_subject="CN=peer0.org1.example.com,L=San Francisco,ST=California,C=US" grpc.code=OK grpc.call_duration=909.994µs
2026-09-14T17:38:57.214134740Z [34m2026-09-14 17:38:57.214 UTC 02ff INFO[0m [comm.grpc.server] [34;1mfunc1[0m -> unary call completed grpc.service=protos.Endorser grpc.method=ProcessProposal grpc.request_deadline=2026-09-14T17:39:27.213Z grpc.peer_address=172.18.0.5:55100 grpc.peer_subject="CN=peer0.org1.example.com,L=San Francisco,ST=California,C=US" grpc.code=OK grpc.call_duration=979.947µs
2026-09-14T17:38:57.253217769Z [34m2026-09-14 17:38:57.253 UTC 0300 INFO[0m [endorser] [34;1mcallChaincode[0m -> finished chaincode: kvstore duration: 0ms channel=mychannel txID=5a64e31e
2026-09-14T17:38:57.253236695Z [34m2026-09-14 17:38:57.253 UTC 0301 INFO[0m [endorser] [34;1mcallChaincode[0m -> finished chaincode: kvstore duration: 0ms channel=mychannel txID=1a703d77
2026-09-14T17:38:57.253276590Z [34m2026-09-14 17:38:57.253 UTC 0302 INFO[0m [comm.grpc.server] [34;1mfunc1[0m -> unary call completed grpc.service=protos.Endorser grpc.method=ProcessProposal grpc.request_deadline=2026-09-14T17:39:27.252Z grpc.peer_address=172.18.0.5:55100 grpc.peer_subject="CN=peer0.org1.example.com,L=San Francisco,ST=California,C=US" grpc.code=OK grpc.call_duration=821.637µs
2026-09-14T17:38:57.253289435Z [34m2026-09-14 17:38:57.253 UTC 0303 INFO[0m [comm.grpc.server] [34;1mfunc1[0m -> unary call completed grpc.service=protos.Endorser grpc.method=ProcessProposal grpc.request_deadline=2026-09-14T17:39:27.252Z grpc.peer_address=172.18.0.5:55100 grpc.peer_subject="CN=peer0.org1.example.com,L=San Francisco,ST=California,C=US" grpc.code=OK grpc.call_duration=818.11µs
2026-09-14T17:38:57.294007462Z [34m2026-09-14 17:38:57.293 UTC 0304 INFO[0m [endorser] [34;1mcallChaincode[0m -> finished chaincode: kvstore duration: 0ms channel=mychannel txID=2d1bb9fc
2026-09-14T17:38:57.294046356Z [34m2026-09-14 17:38:57.293 UTC 0305 INFO[0m [endorser] [34;1mcallChaincode[0m -> finished chaincode: kvstore duration: 0ms channel=mychannel txID=1173a50e
2026-09-14T17:38:57.294054080Z [34m2026-09-14 17:38:57.294 UTC 0306 INFO[0m [comm.grpc.server] [34;1mfunc1[0m -> unary call completed grpc.service=protos.Endorser grpc.method=ProcessProposal grpc.request_deadline=2026-09-14T17:39:27.293Z grpc.peer_address=172.18.0.5:55100 grpc.peer_subject="CN=peer0.org1.example.com,L=San Francisco,ST=California,C=US" grpc.code=OK grpc.call_duration=893.133µs
2026-09-14T17:38:57.294109605Z [34m2026-09-14 17:38:57.294 UTC 0307 INFO[0m [comm.grpc.server] [34;1mfunc1[0m -> unary call completed grpc.service=protos.Endorser grpc.method=ProcessProposal grpc.request_deadline=2026-09-14T17:39:27.293Z grpc.peer_address=172.18.0.5:55100 grpc.peer_subject="CN=peer0.org1.example.com,L=San Francisco,ST=California,C=US" grpc.code=OK grpc.call_duration=957.935µs
2026-09-14T17:38:57.333372115Z [34m2026-09-14 17:38:57.333 UTC 0308 INFO[0m [endorser] [34;1mcallChaincode[0m -> finished chaincode: kvstore duration: 0ms channel=mychannel txID=b9a93839
2026-09-14T17:38:57.333388266Z [34m2026-09-14 17:38:57.333 UTC 0309 INFO[0m [endorser] [34;1mcallChaincode[0m -> finished chaincode: kvstore duration: 0ms channel=mychannel txID=068dd633
2026-09-14T17:38:57.333432970Z [34m2026-09-14 17:38:57.333 UTC 030b INFO[0m [comm.grpc.server] [34;1mfunc1[0m -> unary call completed grpc.service=protos.Endorser grpc.method=ProcessProposal grpc.request_deadline=2026-09-14T17:39:27.332Z grpc.peer_address=172.18.0.5:55100 grpc.peer_subject="CN=peer0.org1.example.com,L=San Francisco,ST=California,C=US" grpc.code=OK grpc.call_duration=1.040832ms
2026-09-14T17:38:57.333443039Z [34m2026-09-14 17:38:57.333 UTC 030a INFO[0m [comm.grpc.server] [34;1mfunc1[0m -> unary call completed grpc.service=protos.Endorser grpc.method=ProcessProposal grpc.request_deadline=2026-09-14T17:39:27.332Z grpc.peer_address=172.18.0.5:55100 grpc.peer_subject="CN=peer0.org1.example.com,L=San Francisco,ST=California,C=US" grpc.code=OK grpc.call_duration=1.02413ms
2026-09-14T17:38:57.373517998Z [34m2026-09-14 17:38:57.373 UTC 030c INFO[0m [endorser] [34;1mcallChaincode[0m -> finished chaincode: kvstore duration: 0ms channel=mychannel txID=4c54f25b
2026-09-14T17:38:57.373528057Z [34m2026-09-14 17:38:57.373 UTC 030d INFO[0m [endorser] [34;1mcallChaincode[0m -> finished chaincode: kvstore duration: 0ms channel=mychannel txID=09f7f6c0
2026-09-14T17:38:57.373576368Z [34m2026-09-14 17:38:57.373 UTC 030e INFO[0m [comm.grpc.server] [34;1mfunc1[0m -> unary call completed grpc.service=protos.Endorser grpc.method=ProcessProposal grpc.request_deadline=2026-09-14T17:39:27.372Z grpc.peer_address=172.18.0.5:55100 grpc.peer_subject="CN=peer0.org1.example.com,L=San Francisco,ST=California,C=US" grpc.code=OK grpc.call_duration=988.333µs
2026-09-14T17:38:57.373597789Z [34m2026-09-14 17:38:57.373 UTC 030f INFO[0m [comm.grpc.server] [34;1mfunc1[0m -> unary call completed grpc.service=protos.Endorser grpc.method=ProcessProposal grpc.request_deadline=2026-09-14T17:39:27.372Z grpc.peer_address=172.18.0.5:55100 grpc.peer_subject="CN=peer0.org1.example.com,L=San Francisco,ST=California,C=US" grpc.code=OK grpc.call_duration=1.006326ms
2026-09-14T17:38:57.413333745Z [34m2026-09-14 17:38:57.413 UTC 0310 INFO[0m [endorser] [34;1mcallChaincode[0m -> finished chaincode: kvstore duration: 0ms channel=mychannel txID=d7083fec
2026-09-14T17:38:57.413350858Z [34m2026-09-14 17:38:57.413 UTC 0311 INFO[0m [endorser] [34;1mcallChaincode[0m -> finished chaincode: kvstore duration: 0ms channel=mychannel txID=0db49ca6
2026-09-14T17:38:57.413382347Z [34m2026-09-14 17:38:57.413 UTC 0312 INFO[0m [comm.grpc.server] [34;1mfunc1[0m -> unary call completed grpc.service=protos.Endorser grpc.method=ProcessProposal grpc.request_deadline=2026-09-14T17:39:27.412Z grpc.peer_address=172.18.0.5:55100 grpc.peer_subject="CN=peer0.org1.example.com,L=San Francisco,ST=California,C=US" grpc.code=OK grpc.call_duration=929.561µs
2026-09-14T17:38:57.413390182Z [34m2026-09-14 17:38:57.413 UTC 0313 INFO[0m [comm.grpc.server] [34;1mfunc1[0m -> unary call completed grpc.service=protos.Endorser grpc.method=ProcessProposal grpc.request_deadline=2026-09-14T17:39:27.412Z grpc.peer_address=172.18.0.5:55100 grpc.peer_subject="CN=peer0.org1.example.com,L=San Francisco,ST=California,C=US" grpc.code=OK grpc.call_duration=921.976µs
2026-09-14T17:38:57.453840532Z [34m2026-09-14 17:38:57.453 UTC 0315 INFO[0m [endorser] [34;1mcallChaincode[0m -> finished chaincode: kvstore duration: 0ms channel=mychannel txID=e15ceccf
2026-09-14T17:38:57.453900065Z [34m2026-09-14 17:38:57.453 UTC 0316 INFO[0m [comm.grpc.server] [34;1mfunc1[0m -> unary call completed grpc.service=protos.Endorser grpc.method=ProcessProposal grpc.request_deadline=2026-09-14T17:39:27.452Z grpc.peer_address=172.18.0.5:55100 grpc.peer_subject="CN=peer0.org1.example.com,L=San Francisco,ST=California,C=US" grpc.code=OK grpc.call_duration=887.241µs
2026-09-14T17:38:57.453918931Z [34m2026-09-14 17:38:57.453 UTC 0314 INFO[0m [endorser] [34;1mcallChaincode[0m -> finished chaincode: kvstore duration: 0ms channel=mychannel txID=ac970a67
2026-09-14T17:38:57.454021225Z [34m2026-09-14 17:38:57.453 UTC 0317 INFO[0m [comm.grpc.server] [34;1mfunc1[0m -> unary call completed grpc.service=protos.Endorser grpc.method=ProcessProposal grpc.request_deadline=2026-09-14T17:39:27.452Z grpc.peer_address=172.18.0.5:55100 grpc.peer_subject="CN=peer0.org1.example.com,L=San Francisco,ST=California,C=US" grpc.code=OK grpc.call_duration=1.007629ms
2026-09-14T17:38:57.493332507Z [34m2026-09-14 17:38:57.493 UTC 0318 INFO[0m [endorser] [34;1mcallChaincode[0m -> finished chaincode: kvstore duration: 0ms channel=mychannel txID=4debdefe
2026-09-14T17:38:57.493376160Z [34m2026-09-14 17:38:57.493 UTC 0319 INFO[0m [endorser] [34;1mcallChaincode[0m -> finished chaincode: kvstore duration: 0ms channel=mychannel txID=868ebd90
2026-09-14T17:38:57.493385858Z [34m2026-09-14 17:38:57.493 UTC 031a INFO[0m [comm.grpc.server] [34;1mfunc1[0m -> unary call completed grpc.service=protos.Endorser grpc.method=ProcessProposal grpc.request_deadline=2026-09-14T17:39:27.492Z grpc.peer_address=172.18.0.5:55100 grpc.peer_subject="CN=peer0.org1.example.com,L=San Francisco,ST=California,C=US" grpc.code=OK grpc.call_duration=839.961µs
2026-09-14T17:38:57.493437416Z [34m2026-09-14 17:38:57.493 UTC 031b INFO[0m [comm.grpc.server] [34;1mfunc1[0m -> unary call completed grpc.service=protos.Endorser grpc.method=ProcessProposal grpc.request_deadline=2026-09-14T17:39:27.492Z grpc.peer_address=172.18.0.5:55100 grpc.peer_subject="CN=peer0.org1.example.com,L=San Francisco,ST=California,C=US" grpc.code=OK grpc.call_duration=890.457µs
2026-09-14T17:38:57.533955944Z [34m2026-09-14 17:38:57.533 UTC 031c INFO[0m [endorser] [34;1mcallChaincode[0m -> finished chaincode: kvstore duration: 0ms channel=mychannel txID=78dd1112
2026-09-14T17:38:57.533974099Z [34m2026-09-14 17:38:57.533 UTC 031d INFO[0m [endorser] [34;1mcallChaincode[0m -> finished chaincode: kvstore duration: 0ms channel=mychannel txID=10c26b02
2026-09-14T17:38:57.534021679Z [34m2026-09-14 17:38:57.533 UTC 031e INFO[0m [comm.grpc.server] [34;1mfunc1[0m -> unary call completed grpc.service=protos.Endorser grpc.method=ProcessProposal grpc.request_deadline=2026-09-14T17:39:27.533Z grpc.peer_address=172.18.0.5:55100 grpc.peer_subject="CN=peer0.org1.example.com,L=San Francisco,ST=California,C=US" grpc.code=OK grpc.call_duration=783.053µs
2026-09-14T17:38:57.534027210Z [34m2026-09-14 17:38:57.533 UTC 031f INFO[0m [comm.grpc.server] [34;1mfunc1[0m -> unary call completed grpc.service=protos.Endorser grpc.method=ProcessProposal grpc.request_deadline=2026-09-14T17:39:27.533Z grpc.peer_address=172.18.0.5:55100 grpc.peer_subject="CN=peer0.org1.example.com,L=San Francisco,ST=California,C=US" grpc.code=OK grpc.call_duration=835.844µs
2026-09-14T17:38:57.573595148Z [34m2026-09-14 17:38:57.573 UTC 0320 INFO[0m [endorser] [34;1mcallChaincode[0m -> finished chaincode: kvstore duration: 0ms channel=mychannel txID=c7551412
2026-09-14T17:38:57.573633681Z [34m2026-09-14 17:38:57.573 UTC 0321 INFO[0m [endorser] [34;1mcallChaincode[0m -> finished chaincode: kvstore duration: 0ms channel=mychannel txID=dfba993d
2026-09-14T17:38:57.573683285Z [34m2026-09-14 17:38:57.573 UTC 0322 INFO[0m [comm.grpc.server] [34;1mfunc1[0m -> unary call completed grpc.service=protos.Endorser grpc.method=ProcessProposal grpc.request_deadline=2026-09-14T17:39:27.572Z grpc.peer_address=172.18.0.5:55100 grpc.peer_subject="CN=peer0.org1.example.com,L=San Francisco,ST=California,C=US" grpc.code=OK grpc.call_duration=795.787µs
2026-09-14T17:38:57.573702481Z [34m2026-09-14 17:38:57.573 UTC 0323 INFO[0m [comm.grpc.server] [34;1mfunc1[0m -> unary call completed grpc.service=protos.Endorser grpc.method=ProcessProposal grpc.request_deadline=2026-09-14T17:39:27.572Z grpc.peer_address=172.18.0.5:55100 grpc.peer_subject="CN=peer0.org1.example.com,L=San Francisco,ST=California,C=US" grpc.code=OK grpc.call_duration=779.577µs
2026-09-14T17:38:57.613577962Z [34m2026-09-14 17:38:57.613 UTC 0324 INFO[0m [endorser] [34;1mcallChaincode[0m -> finished chaincode: kvstore duration: 0ms channel=mychannel txID=dd1aee28
2026-09-14T17:38:57.613614401Z [34m2026-09-14 17:38:57.613 UTC 0325 INFO[0m [endorser] [34;1mcallChaincode[0m -> finished chaincode: kvstore duration: 0ms channel=mychannel txID=3071dde6
2026-09-14T17:38:57.613644218Z [34m2026-09-14 17:38:57.613 UTC 0326 INFO[0m [comm.grpc.server] [34;1mfunc1[0m -> unary call completed grpc.service=protos.Endorser grpc.method=ProcessProposal grpc.request_deadline=2026-09-14T17:39:27.612Z grpc.peer_address=172.18.0.5:55100 grpc.peer_subject="CN=peer0.org1.example.com,L=San Francisco,ST=California,C=US" grpc.code=OK grpc.call_duration=934.431µs
2026-09-14T17:38:57.613693802Z [34m2026-09-14 17:38:57.613 UTC 0327 INFO[0m [comm.grpc.server] [34;1mfunc1[0m -> unary call completed grpc.service=protos.Endorser grpc.method=ProcessProposal grpc.request_deadline=2026-09-14T17:39:27.612Z grpc.peer_address=172.18.0.5:55100 grpc.peer_subject="CN=peer0.org1.example.com,L=San Francisco,ST=California,C=US" grpc.code=OK grpc.call_duration=995.086µs
2026-09-14T17:38:57.639908510Z [34m2026-09-14 17:38:57.639 UTC 0328 INFO[0m [gossip.privdata] [34;1mStoreBlock[0m -> Received block [10] from buffer channel=mychannel
2026-09-14T17:38:57.648949800Z [34m2026-09-14 17:38:57.648 UTC 0329 INFO[0m [committer.txvalidator] [34;1mValidate[0m -> [mychannel] Validated block [10] in 9ms
2026-09-14T17:38:57.679512476Z [34m2026-09-14 17:38:57.679 UTC 032a INFO[0m [kvledger] [34;1mcommit[0m -> [mychannel] Committed block [10] with 52 transaction(s) in 29ms (state_validation=0ms block_and_pvtdata_commit=18ms state_commit=5ms) commitHash=[d65a0d35e9ba836255627a01d146849b04d24d502563805a808cf3749a33246a]
2026-09-14T17:38:57.681789881Z [34m2026-09-14 17:38:57.681 UTC 032b INFO[0m [endorser] [34;1mcallChaincode[0m -> finished chaincode: kvstore duration: 0ms channel=mychannel txID=bffb52f5
2026-09-14T17:38:57.681800311Z [34m2026-09-14 17:38:57.681 UTC 032c INFO[0m [endorser] [34;1mcallChaincode[0m -> finished chaincode: kvstore duration: 0ms channel=mychannel txID=ea1092e6
2026-09-14T17:38:57.681858120Z [34m2026-09-14 17:38:57.681 UTC 032d INFO[0m [comm.grpc.server] [34;1mfunc1[0m -> unary call completed grpc.service=protos.Endorser grpc.method=ProcessProposal grpc.request_deadline=2026-09-14T17:39:27.68Z grpc.peer_address=172.18.0.5:55100 grpc.peer_subject="CN=peer0.org1.example.com,L=San Francisco,ST=California,C=US" grpc.code=OK grpc.call_duration=973.104µs
2026-09-14T17:38:57.681879741Z [34m2026-09-14 17:38:57.681 UTC 032e INFO[0m [comm.grpc.server] [34;1mfunc1[0m -> unary call completed grpc.service=protos.Endorser grpc.method=ProcessProposal grpc.request_deadline=2026-09-14T17:39:27.68Z grpc.peer_address=172.18.0.5:55100 grpc.peer_subject="CN=peer0.org1.example.com,L=San Francisco,ST=California,C=US" grpc.code=OK grpc.call_duration=860.961µs
2026-09-14T17:38:57.692547032Z [34m2026-09-14 17:38:57.692 UTC 032f INFO[0m [endorser] [34;1mcallChaincode[0m -> finished chaincode: kvstore duration: 0ms channel=mychannel txID=4f9f61dc
2026-09-14T17:38:57.692557813Z [34m2026-09-14 17:38:57.692 UTC 0330 INFO[0m [endorser] [34;1mcallChaincode[0m -> finished chaincode: kvstore duration: 0ms channel=mychannel txID=8406d869
2026-09-14T17:38:57.692597187Z [34m2026-09-14 17:38:57.692 UTC 0331 INFO[0m [comm.grpc.server] [34;1mfunc1[0m -> unary call completed grpc.service=protos.Endorser grpc.method=ProcessProposal grpc.request_deadline=2026-09-14T17:39:27.691Z grpc.peer_address=172.18.0.5:55100 grpc.peer_subject="CN=peer0.org1.example.com,L=San Francisco,ST=California,C=US" grpc.code=OK grpc.call_duration=796.128µs
2026-09-14T17:38:57.692614089Z [34m2026-09-14 17:38:57.692 UTC 0332 INFO[0m [comm.grpc.server] [34;1mfunc1[0m -> unary call completed grpc.service=protos.Endorser grpc.method=ProcessProposal grpc.request_deadline=2026-09-14T17:39:27.691Z grpc.peer_address=172.18.0.5:55100 grpc.peer_subject="CN=peer0.org1.example.com,L=San Francisco,ST=California,C=US" grpc.code=OK grpc.call_duration=797.27µs
2026-09-14T17:38:57.732871895Z [34m2026-09-14 17:38:57.732 UTC 0333 INFO[0m [endorser] [34;1mcallChaincode[0m -> finished chaincode: kvstore duration: 0ms channel=mychannel txID=93b271f0
2026-09-14T17:38:57.732887544Z [34m2026-09-14 17:38:57.732 UTC 0334 INFO[0m [endorser] [34;1mcallChaincode[0m -> finished chaincode: kvstore duration: 0ms channel=mychannel txID=ffed266c
2026-09-14T17:38:57.732917000Z [34m2026-09-14 17:38:57.732 UTC 0335 INFO[0m [comm.grpc.server] [34;1mfunc1[0m -> unary call completed grpc.service=protos.Endorser grpc.method=ProcessProposal grpc.request_deadline=2026-09-14T17:39:27.732Z grpc.peer_address=172.18.0.5:55100 grpc.peer_subject="CN=peer0.org1.example.com,L=San Francisco,ST=California,C=US" grpc.code=OK grpc.call_duration=752.105µs
2026-09-14T17:38:57.732925777Z [34m2026-09-14 17:38:57.732 UTC 0336 INFO[0m [comm.grpc.server] [34;1mfunc1[0m -> unary call completed grpc.service=protos.Endorser grpc.method=ProcessProposal grpc.request_deadline=2026-09-14T17:39:27.732Z grpc.peer_address=172.18.0.5:55100 grpc.peer_subject="CN=peer0.org1.example.com,L=San Francisco,ST=California,C=US" grpc.code=OK grpc.call_duration=749.25µs
2026-09-14T17:38:57.772960870Z [34m2026-09-14 17:38:57.772 UTC 0337 INFO[0m [endorser] [34;1mcallChaincode[0m -> finished chaincode: kvstore duration: 0ms channel=mychannel txID=9f053c32
2026-09-14T17:38:57.772973163Z [34m2026-09-14 17:38:57.772 UTC 0338 INFO[0m [endorser] [34;1mcallChaincode[0m -> finished chaincode: kvstore duration: 0ms channel=mychannel txID=2324d541
2026-09-14T17:38:57.773017247Z [34m2026-09-14 17:38:57.772 UTC 0339 INFO[0m [comm.grpc.server] [34;1mfunc1[0m -> unary call completed grpc.service=protos.Endorser grpc.method=ProcessProposal grpc.request_deadline=2026-09-14T17:39:27.772Z grpc.peer_address=172.18.0.5:55100 grpc.peer_subject="CN=peer0.org1.example.com,L=San Francisco,ST=California,C=US" grpc.code=OK grpc.call_duration=770.45µs
2026-09-14T17:38:57.773057022Z [34m2026-09-14 17:38:57.773 UTC 033a INFO[0m [comm.grpc.server] [34;1mfunc1[0m -> unary call completed grpc.service=protos.Endorser grpc.method=ProcessProposal grpc.request_deadline=2026-09-14T17:39:27.772Z grpc.peer_address=172.18.0.5:55100 grpc.peer_subject="CN=peer0.org1.example.com,L=San Francisco,ST=California,C=US" grpc.code=OK grpc.call_duration=812.52µs
2026-09-14T17:38:57.813954699Z [34m2026-09-14 17:38:57.813 UTC 033b INFO[0m [endorser] [34;1mcallChaincode[0m -> finished chaincode: kvstore duration: 0ms channel=mychannel txID=fa79e958
2026-09-14T17:38:57.813972263Z [34m2026-09-14 17:38:57.813 UTC 033c INFO[0m [endorser] [34;1mcallChaincode[0m -> finished chaincode: kvstore duration: 0ms channel=mychannel txID=beef3c26
2026-09-14T17:38:57.814039079Z [34m2026-09-14 17:38:57.814 UTC 033d INFO[0m [comm.grpc.server] [34;1mfunc1[0m -> unary call completed grpc.service=protos.Endorser grpc.method=ProcessProposal grpc.request_deadline=2026-09-14T17:39:27.812Z grpc.peer_address=172.18.0.5:55100 grpc.peer_subject="CN=peer0.org1.example.com,L=San Francisco,ST=California,C=US" grpc.code=OK grpc.call_duration=977.803µs
2026-09-14T17:38:57.814055070Z [34m2026-09-14 17:38:57.814 UTC 033e INFO[0m [comm.grpc.server] [34;1mfunc1[0m -> unary call completed grpc.service=protos.Endorser grpc.method=ProcessProposal grpc.request_deadline=2026-09-14T17:39:27.813Z grpc.peer_address=172.18.0.5:55100 grpc.peer_subject="CN=peer0.org1.example.com,L=San Francisco,ST=California,C=US" grpc.code=OK grpc.call_duration=939.199µs
2026-09-14T17:38:57.853294535Z [34m2026-09-14 17:38:57.853 UTC 033f INFO[0m [endorser] [34;1mcallChaincode[0m -> finished chaincode: kvstore duration: 0ms channel=mychannel txID=6739e8e5
2026-09-14T17:38:57.853319743Z [34m2026-09-14 17:38:57.853 UTC 0340 INFO[0m [endorser] [34;1mcallChaincode[0m -> finished chaincode: kvstore duration: 0ms channel=mychannel txID=e893f614
2026-09-14T17:38:57.853390968Z [34m2026-09-14 17:38:57.853 UTC 0341 INFO[0m [comm.grpc.server] [34;1mfunc1[0m -> unary call completed grpc.service=protos.Endorser grpc.method=ProcessProposal grpc.request_deadline=2026-09-14T17:39:27.852Z grpc.peer_address=172.18.0.5:55100 grpc.peer_subject="CN=peer0.org1.example.com,L=San Francisco,ST=California,C=US" grpc.code=OK grpc.call_duration=910.786µs
2026-09-14T17:38:57.853409493Z [34m2026-09-14 17:38:57.853 UTC 0342 INFO[0m [comm.grpc.server] [34;1mfunc1[0m -> unary call completed grpc.service=protos.Endorser grpc.method=ProcessProposal grpc.request_deadline=2026-09-14T17:39:27.852Z grpc.peer_address=172.18.0.5:55100 grpc.peer_subject="CN=peer0.org1.example.com,L=San Francisco,ST=California,C=US" grpc.code=OK grpc.call_duration=921.596µs
2026-09-14T17:38:57.893399471Z [34m2026-09-14 17:38:57.893 UTC 0343 INFO[0m [endorser] [34;1mcallChaincode[0m -> finished chaincode: kvstore duration: 0ms channel=mychannel txID=aa6272b1
2026-09-14T17:38:57.893448925Z [34m2026-09-14 17:38:57.893 UTC 0344 INFO[0m [endorser] [34;1mcallChaincode[0m -> finished chaincode: kvstore duration: 0ms channel=mychannel txID=30cff883
2026-09-14T17:38:57.893476697Z [34m2026-09-14 17:38:57.893 UTC 0345 INFO[0m [comm.grpc.server] [34;1mfunc1[0m -> unary call completed grpc.service=protos.Endorser grpc.method=ProcessProposal grpc.request_deadline=2026-09-14T17:39:27.892Z grpc.peer_address=172.18.0.5:55100 grpc.peer_subject="CN=peer0.org1.example.com,L=San Francisco,ST=California,C=US" grpc.code=OK grpc.call_duration=834.741µs
2026-09-14T17:38:57.893529237Z [34m2026-09-14 17:38:57.893 UTC 0346 INFO[0m [comm.grpc.server] [34;1mfunc1[0m -> unary call completed grpc.service=protos.Endorser grpc.method=ProcessProposal grpc.request_deadline=2026-09-14T17:39:27.892Z grpc.peer_address=172.18.0.5:55100 grpc.peer_subject="CN=peer0.org1.example.com,L=San Francisco,ST=California,C=US" grpc.code=OK grpc.call_duration=886.209µs
2026-09-14T17:38:57.933675290Z [34m2026-09-14 17:38:57.933 UTC 0347 INFO[0m [endorser] [34;1mcallChaincode[0m -> finished chaincode: kvstore duration: 0ms channel=mychannel txID=3ce0470b
2026-09-14T17:38:57.933695990Z [34m2026-09-14 17:38:57.933 UTC 0348 INFO[0m [endorser] [34;1mcallChaincode[0m -> finished chaincode: kvstore duration: 0ms channel=mychannel txID=5f664c99
2026-09-14T17:38:57.933735815Z [34m2026-09-14 17:38:57.933 UTC 0349 INFO[0m [comm.grpc.server] [34;1mfunc1[0m -> unary call completed grpc.service=protos.Endorser grpc.method=ProcessProposal grpc.request_deadline=2026-09-14T17:39:27.932Z grpc.peer_address=172.18.0.5:55100 grpc.peer_subject="CN=peer0.org1.example.com,L=San Francisco,ST=California,C=US" grpc.code=OK grpc.call_duration=800.507µs
2026-09-14T17:38:57.933801449Z [34m2026-09-14 17:38:57.933 UTC 034a INFO[0m [comm.grpc.server] [34;1mfunc1[0m -> unary call completed grpc.service=protos.Endorser grpc.method=ProcessProposal grpc.request_deadline=2026-09-14T17:39:27.932Z grpc.peer_address=172.18.0.5:55100 grpc.peer_subject="CN=peer0.org1.example.com,L=San Francisco,ST=California,C=US" grpc.code=OK grpc.call_duration=835.693µs
2026-09-14T17:38:57.973262835Z [34m2026-09-14 17:38:57.973 UTC 034b INFO[0m [endorser] [34;1mcallChaincode[0m -> finished chaincode: kvstore duration: 0ms channel=mychannel txID=26161605
2026-09-14T17:38:57.973317218Z [34m2026-09-14 17:38:57.973 UTC 034d INFO[0m [comm.grpc.server] [34;1mfunc1[0m -> unary call completed grpc.service=protos.Endorser grpc.method=ProcessProposal grpc.request_deadline=2026-09-14T17:39:27.972Z grpc.peer_address=172.18.0.5:55100 grpc.peer_subject="CN=peer0.org1.example.com,L=San Francisco,ST=California,C=US" grpc.code=OK grpc.call_duration=747.266µs
2026-09-14T17:38:57.973330163Z [34m2026-09-14 17:38:57.973 UTC 034c INFO[0m [endorser] [34;1mcallChaincode[0m -> finished chaincode: kvstore duration: 0ms channel=mychannel txID=6c62817e
2026-09-14T17:38:57.973414182Z [34m2026-09-14 17:38:57.973 UTC 034e INFO[0m [comm.grpc.server] [34;1mfunc1[0m -> unary call completed grpc.service=protos.Endorser grpc.method=ProcessProposal grpc.request_deadline=2026-09-14T17:39:27.972Z grpc.peer_address=172.18.0.5:55100 grpc.peer_subject="CN=peer0.org1.example.com,L=San Francisco,ST=California,C=US" grpc.code=OK grpc.call_duration=871.261µs
2026-09-14T17:38:58.013885582Z [34m2026-09-14 17:38:58.013 UTC 034f INFO[0m [endorser] [34;1mcallChaincode[0m -> finished chaincode: kvstore duration: 0ms channel=mychannel txID=0769da7f
2026-09-14T17:38:58.013898447Z [34m2026-09-14 17:38:58.013 UTC 0350 INFO[0m [endorser] [34;1mcallChaincode[0m -> finished chaincode: kvstore duration: 0ms channel=mychannel txID=295630be
2026-09-14T17:38:58.013945065Z [34m2026-09-14 17:38:58.013 UTC 0351 INFO[0m [comm.grpc.server] [34;1mfunc1[0m -> unary call completed grpc.service=protos.Endorser grpc.method=ProcessProposal grpc.request_deadline=2026-09-14T17:39:28.013Z grpc.peer_address=172.18.0.5:55100 grpc.peer_subject="CN=peer0.org1.example.com,L=San Francisco,ST=California,C=US" grpc.code=OK grpc.call_duration=783.424µs
2026-09-14T17:38:58.013953321Z [34m2026-09-14 17:38:58.013 UTC 0352 INFO[0m [comm.grpc.server] [34;1mfunc1[0m -> unary call completed grpc.service=protos.Endorser grpc.method=ProcessProposal grpc.request_deadline=2026-09-14T17:39:28.013Z grpc.peer_address=172.18.0.5:55100 grpc.peer_subject="CN=peer0.org1.example.com,L=San Francisco,ST=California,C=US" grpc.code=OK grpc.call_duration=759.889µs
2026-09-14T17:38:58.053339605Z [34m2026-09-14 17:38:58.053 UTC 0353 INFO[0m [endorser] [34;1mcallChaincode[0m -> finished chaincode: kvstore duration: 0ms channel=mychannel txID=9bfc0deb
2026-09-14T17:38:58.053358451Z [34m2026-09-14 17:38:58.053 UTC 0354 INFO[0m [endorser] [34;1mcallChaincode[0m -> finished chaincode: kvstore duration: 0ms channel=mychannel txID=03322412
2026-09-14T17:38:58.053400851Z [34m2026-09-14 17:38:58.053 UTC 0355 INFO[0m [comm.grpc.server] [34;1mfunc1[0m -> unary call completed grpc.service=protos.Endorser grpc.method=ProcessProposal grpc.request_deadline=2026-09-14T17:39:28.052Z grpc.peer_address=172.18.0.5:55100 grpc.peer_subject="CN=peer0.org1.example.com,L=San Francisco,ST=California,C=US" grpc.code=OK grpc.call_duration=798.422µs
2026-09-14T17:38:58.053419376Z [34m2026-09-14 17:38:58.053 UTC 0356 INFO[0m [comm.grpc.server] [34;1mfunc1[0m -> unary call completed grpc.service=protos.Endorser grpc.method=ProcessProposal grpc.request_deadline=2026-09-14T17:39:28.052Z grpc.peer_address=172.18.0.5:55100 grpc.peer_subject="CN=peer0.org1.example.com,L=San Francisco,ST=California,C=US" grpc.code=OK grpc.call_duration=804.965µs
2026-09-14T17:38:58.093643968Z [34m2026-09-14 17:38:58.093 UTC 0357 INFO[0m [endorser] [34;1mcallChaincode[0m -> finished chaincode: kvstore duration: 0ms channel=mychannel txID=4e9f4d7a
2026-09-14T17:38:58.093667944Z [34m2026-09-14 17:38:58.093 UTC 0358 INFO[0m [endorser] [34;1mcallChaincode[0m -> finished chaincode: kvstore duration: 0ms channel=mychannel txID=9a794eb1
2026-09-14T17:38:58.093687200Z [34m2026-09-14 17:38:58.093 UTC 0359 INFO[0m [comm.grpc.server] [34;1mfunc1[0m -> unary call completed grpc.service=protos.Endorser grpc.method=ProcessProposal grpc.request_deadline=2026-09-14T17:39:28.092Z grpc.peer_address=172.18.0.5:55100 grpc.peer_subject="CN=peer0.org1.example.com,L=San Francisco,ST=California,C=US" grpc.code=OK grpc.call_duration=1.077963ms
2026-09-14T17:38:58.093777602Z [34m2026-09-14 17:38:58.093 UTC 035a INFO[0m [comm.grpc.server] [34;1mfunc1[0m -> unary call completed grpc.service=protos.Endorser grpc.method=ProcessProposal grpc.request_deadline=2026-09-14T17:39:28.092Z grpc.peer_address=172.18.0.5:55100 grpc.peer_subject="CN=peer0.org1.example.com,L=San Francisco,ST=California,C=US" grpc.code=OK grpc.call_duration=1.161611ms
2026-09-14T17:38:58.133907244Z [34m2026-09-14 17:38:58.133 UTC 035b INFO[0m [endorser] [34;1mcallChaincode[0m -> finished chaincode: kvstore duration: 0ms channel=mychannel txID=1dd2d683
2026-09-14T17:38:58.133923966Z [34m2026-09-14 17:38:58.133 UTC 035c INFO[0m [endorser] [34;1mcallChaincode[0m -> finished chaincode: kvstore duration: 0ms channel=mychannel txID=266ef24e
2026-09-14T17:38:58.133960776Z [34m2026-09-14 17:38:58.133 UTC 035d INFO[0m [comm.grpc.server] [34;1mfunc1[0m -> unary call completed grpc.service=protos.Endorser grpc.method=ProcessProposal grpc.request_deadline=2026-09-14T17:39:28.133Z grpc.peer_address=172.18.0.5:55100 grpc.peer_subject="CN=peer0.org1.example.com,L=San Francisco,ST=California,C=US" grpc.code=OK grpc.call_duration=829.912µs
2026-09-14T17:38:58.133972999Z [34m2026-09-14 17:38:58.133 UTC 035e INFO[0m [comm.grpc.server] [34;1mfunc1[0m -> unary call completed grpc.service=protos.Endorser grpc.method=ProcessProposal grpc.request_deadline=2026-09-14T17:39:28.133Z grpc.peer_address=172.18.0.5:55100 grpc.peer_subject="CN=peer0.org1.example.com,L=San Francisco,ST=California,C=US" grpc.code=OK grpc.call_duration=857.585µs
2026-09-14T17:38:58.173396233Z [34m2026-09-14 17:38:58.173 UTC 035f INFO[0m [endorser] [34;1mcallChaincode[0m -> finished chaincode: kvstore duration: 0ms channel=mychannel txID=c3e0d578
2026-09-14T17:38:58.173414227Z [34m2026-09-14 17:38:58.173 UTC 0360 INFO[0m [endorser] [34;1mcallChaincode[0m -> finished chaincode: kvstore duration: 0ms channel=mychannel txID=83e4b79c
2026-09-14T17:38:58.173439876Z [34m2026-09-14 17:38:58.173 UTC 0361 INFO[0m [comm.grpc.server] [34;1mfunc1[0m -> unary call completed grpc.service=protos.Endorser grpc.method=ProcessProposal grpc.request_deadline=2026-09-14T17:39:28.172Z grpc.peer_address=172.18.0.5:55100 grpc.peer_subject="CN=peer0.org1.example.com,L=San Francisco,ST=California,C=US" grpc.code=OK grpc.call_duration=815.926µs
2026-09-14T17:38:58.173483148Z [34m2026-09-14 17:38:58.173 UTC 0362 INFO[0m [comm.grpc.server] [34;1mfunc1[0m -> unary call completed grpc.service=protos.Endorser grpc.method=ProcessProposal grpc.request_deadline=2026-09-14T17:39:28.172Z grpc.peer_address=172.18.0.5:55100 grpc.peer_subject="CN=peer0.org1.example.com,L=San Francisco,ST=California,C=US" grpc.code=OK grpc.call_duration=855.26µs
2026-09-14T17:38:58.213170051Z [34m2026-09-14 17:38:58.213 UTC 0363 INFO[0m [endorser] [34;1mcallChaincode[0m -> finished chaincode: kvstore duration: 0ms channel=mychannel txID=9ed3fdb7
2026-09-14T17:38:58.213184358Z [34m2026-09-14 17:38:58.213 UTC 0364 INFO[0m [endorser] [34;1mcallChaincode[0m -> finished chaincode: kvstore duration: 0ms channel=mychannel txID=3dd2884d
2026-09-14T17:38:58.213216339Z [34m2026-09-14 17:38:58.213 UTC 0365 INFO[0m [comm.grpc.server] [34;1mfunc1[0m -> unary call completed grpc.service=protos.Endorser grpc.method=ProcessProposal grpc.request_deadline=2026-09-14T17:39:28.212Z grpc.peer_address=172.18.0.5:55100 grpc.peer_subject="CN=peer0.org1.example.com,L=San Francisco,ST=California,C=US" grpc.code=OK grpc.call_duration=768.777µs
2026-09-14T17:38:58.213254882Z [34m2026-09-14 17:38:58.213 UTC 0366 INFO[0m [comm.grpc.server] [34;1mfunc1[0m -> unary call completed grpc.service=protos.Endorser grpc.method=ProcessProposal grpc.request_deadline=2026-09-14T17:39:28.212Z grpc.peer_address=172.18.0.5:55100 grpc.peer_subject="CN=peer0.org1.example.com,L=San Francisco,ST=California,C=US" grpc.code=OK grpc.call_duration=858.076µs
2026-09-14T17:38:58.253249729Z [34m2026-09-14 17:38:58.253 UTC 0367 INFO[0m [endorser] [34;1mcallChaincode[0m -> finished chaincode: kvstore duration: 0ms channel=mychannel txID=035e1192
2026-09-14T17:38:58.253269156Z [34m2026-09-14 17:38:58.253 UTC 0368 INFO[0m [endorser] [34;1mcallChaincode[0m -> finished chaincode: kvstore duration: 0ms channel=mychannel txID=0a2b45ea
2026-09-14T17:38:58.253340982Z [34m2026-09-14 17:38:58.253 UTC 0369 INFO[0m [comm.grpc.server] [34;1mfunc1[0m -> unary call completed grpc.service=protos.Endorser grpc.method=ProcessProposal grpc.request_deadline=2026-09-14T17:39:28.252Z grpc.peer_address=172.18.0.5:55100 grpc.peer_subject="CN=peer0.org1.example.com,L=San Francisco,ST=California,C=US" grpc.code=OK grpc.call_duration=860.18µs
2026-09-14T17:38:58.253365348Z [34m2026-09-14 17:38:58.253 UTC 036a INFO[0m [comm.grpc.server] [34;1mfunc1[0m -> unary call completed grpc.service=protos.Endorser grpc.method=ProcessProposal grpc.request_deadline=2026-09-14T17:39:28.252Z grpc.peer_address=172.18.0.5:55100 grpc.peer_subject="CN=peer0.org1.example.com,L=San Francisco,ST=California,C=US" grpc.code=OK grpc.call_duration=872.263µs
2026-09-14T17:38:58.293661146Z [34m2026-09-14 17:38:58.293 UTC 036b INFO[0m [endorser] [34;1mcallChaincode[0m -> finished chaincode: kvstore duration: 0ms channel=mychannel txID=97acbdda
2026-09-14T17:38:58.293702724Z [34m2026-09-14 17:38:58.293 UTC 036c INFO[0m [endorser] [34;1mcallChaincode[0m -> finished chaincode: kvstore duration: 0ms channel=mychannel txID=2d35e911
2026-09-14T17:38:58.293719777Z [34m2026-09-14 17:38:58.293 UTC 036d INFO[0m [comm.grpc.server] [34;1mfunc1[0m -> unary call completed grpc.service=protos.Endorser grpc.method=ProcessProposal grpc.request_deadline=2026-09-14T17:39:28.292Z grpc.peer_address=172.18.0.5:55100 grpc.peer_subject="CN=peer0.org1.example.com,L=San Francisco,ST=California,C=US" grpc.code=OK grpc.call_duration=925.935µs
2026-09-14T17:38:58.293771906Z [34m2026-09-14 17:38:58.293 UTC 036e INFO[0m [comm.grpc.server] [34;1mfunc1[0m -> unary call completed grpc.service=protos.Endorser grpc.method=ProcessProposal grpc.request_deadline=2026-09-14T17:39:28.292Z grpc.peer_address=172.18.0.5:55100 grpc.peer_subject="CN=peer0.org1.example.com,L=San Francisco,ST=California,C=US" grpc.code=OK grpc.call_duration=1.023239ms
2026-09-14T17:38:58.333622720Z [34m2026-09-14 17:38:58.333 UTC 036f INFO[0m [endorser] [34;1mcallChaincode[0m -> finished chaincode: kvstore duration: 0ms channel=mychannel txID=ef1919d6
2026-09-14T17:38:58.333641776Z [34m2026-09-14 17:38:58.333 UTC 0370 INFO[0m [endorser] [34;1mcallChaincode[0m -> finished chaincode: kvstore duration: 0ms channel=mychannel txID=c7d26cf6
2026-09-14T17:38:58.333667164Z [34m2026-09-14 17:38:58.333 UTC 0371 INFO[0m [comm.grpc.server] [34;1mfunc1[0m -> unary call completed grpc.service=protos.Endorser grpc.method=ProcessProposal grpc.request_deadline=2026-09-14T17:39:28.332Z grpc.peer_address=172.18.0.5:55100 grpc.peer_subject="CN=peer0.org1.example.com,L=San Francisco,ST=California,C=US" grpc.code=OK grpc.call_duration=766.893µs
2026-09-14T17:38:58.333704946Z [34m2026-09-14 17:38:58.333 UTC 0372 INFO[0m [comm.grpc.server] [34;1mfunc1[0m -> unary call completed grpc.service=protos.Endorser grpc.method=ProcessProposal grpc.request_deadline=2026-09-14T17:39:28.332Z grpc.peer_address=172.18.0.5:55100 grpc.peer_subject="CN=peer0.org1.example.com,L=San Francisco,ST=California,C=US" grpc.code=OK grpc.call_duration=771.512µs
2026-09-14T17:38:58.373368425Z [34m2026-09-14 17:38:58.373 UTC 0373 INFO[0m [endorser] [34;1mcallChaincode[0m -> finished chaincode: kvstore duration: 0ms channel=mychannel txID=fb00ee57
2026-09-14T17:38:58.373378755Z [34m2026-09-14 17:38:58.373 UTC 0374 INFO[0m [endorser] [34;1mcallChaincode[0m -> finished chaincode: kvstore duration: 0ms channel=mychannel txID=459433db
2026-09-14T17:38:58.373433168Z [34m2026-09-14 17:38:58.373 UTC 0375 INFO[0m [comm.grpc.server] [34;1mfunc1[0m -> unary call completed grpc.service=protos.Endorser grpc.method=ProcessProposal grpc.request_deadline=2026-09-14T17:39:28.372Z grpc.peer_address=172.18.0.5:55100 grpc.peer_subject="CN=peer0.org1.example.com,L=San Francisco,ST=California,C=US" grpc.code=OK grpc.call_duration=773.406µs
2026-09-14T17:38:58.373453276Z [34m2026-09-14 17:38:58.373 UTC 0376 INFO[0m [comm.grpc.server] [34;1mfunc1[0m -> unary call completed grpc.service=protos.Endorser grpc.method=ProcessProposal grpc.request_deadline=2026-09-14T17:39:28.372Z grpc.peer_address=172.18.0.5:55100 grpc.peer_subject="CN=peer0.org1.example.com,L=San Francisco,ST=California,C=US" grpc.code=OK grpc.call_duration=828.841µs
2026-09-14T17:38:58.413809157Z [34m2026-09-14 17:38:58.413 UTC 0377 INFO[0m [endorser] [34;1mcallChaincode[0m -> finished chaincode: kvstore duration: 0ms channel=mychannel txID=783693c0
2026-09-14T17:38:58.413822121Z [34m2026-09-14 17:38:58.413 UTC 0378 INFO[0m [endorser] [34;1mcallChaincode[0m -> finished chaincode: kvstore duration: 0ms channel=mychannel txID=f3c33db2
2026-09-14T17:38:58.413868048Z [34m2026-09-14 17:38:58.413 UTC 0379 INFO[0m [comm.grpc.server] [34;1mfunc1[0m -> unary call completed grpc.service=protos.Endorser grpc.method=ProcessProposal grpc.request_deadline=2026-09-14T17:39:28.412Z grpc.peer_address=172.18.0.5:55100 grpc.peer_subject="CN=peer0.org1.example.com,L=San Francisco,ST=California,C=US" grpc.code=OK grpc.call_duration=799.064µs
2026-09-14T17:38:58.413896452Z [34m2026-09-14 17:38:58.413 UTC 037a INFO[0m [comm.grpc.server] [34;1mfunc1[0m -> unary call completed grpc.service=protos.Endorser grpc.method=ProcessProposal grpc.request_deadline=2026-09-14T17:39:28.412Z grpc.peer_address=172.18.0.5:55100 grpc.peer_subject="CN=peer0.org1.example.com,L=San Francisco,ST=California,C=US" grpc.code=OK grpc.call_duration=819.964µs
2026-09-14T17:38:58.453261316Z [34m2026-09-14 17:38:58.453 UTC 037b INFO[0m [endorser] [34;1mcallChaincode[0m -> finished chaincode: kvstore duration: 0ms channel=mychannel txID=c092b547
2026-09-14T17:38:58.453274461Z [34m2026-09-14 17:38:58.453 UTC 037c INFO[0m [endorser] [34;1mcallChaincode[0m -> finished chaincode: kvstore duration: 0ms channel=mychannel txID=2d9be7d1
2026-09-14T17:38:58.453303646Z [34m2026-09-14 17:38:58.453 UTC 037d INFO[0m [comm.grpc.server] [34;1mfunc1[0m -> unary call completed grpc.service=protos.Endorser grpc.method=ProcessProposal grpc.request_deadline=2026-09-14T17:39:28.452Z grpc.peer_address=172.18.0.5:55100 grpc.peer_subject="CN=peer0.org1.example.com,L=San Francisco,ST=California,C=US" grpc.code=OK grpc.call_duration=901.488µs
2026-09-14T17:38:58.453319827Z [34m2026-09-14 17:38:58.453 UTC 037e INFO[0m [comm.grpc.server] [34;1mfunc1[0m -> unary call completed grpc.service=protos.Endorser grpc.method=ProcessProposal grpc.request_deadline=2026-09-14T17:39:28.452Z grpc.peer_address=172.18.0.5:55100 grpc.peer_subject="CN=peer0.org1.example.com,L=San Francisco,ST=California,C=US" grpc.code=OK grpc.call_duration=951.803µs
2026-09-14T17:38:58.492725978Z [34m2026-09-14 17:38:58.492 UTC 037f INFO[0m [endorser] [34;1mcallChaincode[0m -> finished chaincode: kvstore duration: 0ms channel=mychannel txID=43982b2d
2026-09-14T17:38:58.492742530Z [34m2026-09-14 17:38:58.492 UTC 0380 INFO[0m [endorser] [34;1mcallChaincode[0m -> finished chaincode: kvstore duration: 0ms channel=mychannel txID=ba9285e3
2026-09-14T17:38:58.492805850Z [34m2026-09-14 17:38:58.492 UTC 0381 INFO[0m [comm.grpc.server] [34;1mfunc1[0m -> unary call completed grpc.service=protos.Endorser grpc.method=ProcessProposal grpc.request_deadline=2026-09-14T17:39:28.491Z grpc.peer_address=172.18.0.5:55100 grpc.peer_subject="CN=peer0.org1.example.com,L=San Francisco,ST=California,C=US" grpc.code=OK grpc.call_duration=833.94µs
2026-09-14T17:38:58.492822722Z [34m2026-09-14 17:38:58.492 UTC 0382 INFO[0m [comm.grpc.server] [34;1mfunc1[0m -> unary call completed grpc.service=protos.Endorser grpc.method=ProcessProposal grpc.request_deadline=2026-09-14T17:39:28.491Z grpc.peer_address=172.18.0.5:55100 grpc.peer_subject="CN=peer0.org1.example.com,L=San Francisco,ST=California,C=US" grpc.code=OK grpc.call_duration=854.859µs
2026-09-14T17:38:58.533935547Z [34m2026-09-14 17:38:58.533 UTC 0383 INFO[0m [endorser] [34;1mcallChaincode[0m -> finished chaincode: kvstore duration: 0ms channel=mychannel txID=da0fece3
2026-09-14T17:38:58.533966476Z [34m2026-09-14 17:38:58.533 UTC 0384 INFO[0m [endorser] [34;1mcallChaincode[0m -> finished chaincode: kvstore duration: 0ms channel=mychannel txID=c2def16e
2026-09-14T17:38:58.533996432Z [34m2026-09-14 17:38:58.533 UTC 0385 INFO[0m [comm.grpc.server] [34;1mfunc1[0m -> unary call completed grpc.service=protos.Endorser grpc.method=ProcessProposal grpc.request_deadline=2026-09-14T17:39:28.533Z grpc.peer_address=172.18.0.5:55100 grpc.peer_subject="CN=peer0.org1.example.com,L=San Francisco,ST=California,C=US" grpc.code=OK grpc.call_duration=809.523µs
2026-09-14T17:38:58.534022291Z [34m2026-09-14 17:38:58.534 UTC 0386 INFO[0m [comm.grpc.server] [34;1mfunc1[0m -> unary call completed grpc.service=protos.Endorser grpc.method=ProcessProposal grpc.request_deadline=2026-09-14T17:39:28.533Z grpc.peer_address=172.18.0.5:55100 grpc.peer_subject="CN=peer0.org1.example.com,L=San Francisco,ST=California,C=US" grpc.code=OK grpc.call_duration=851.995µs
2026-09-14T17:38:58.573235738Z [34m2026-09-14 17:38:58.573 UTC 0387 INFO[0m [endorser] [34;1mcallChaincode[0m -> finished chaincode: kvstore duration: 0ms channel=mychannel txID=e9d025e7
2026-09-14T17:38:58.573282086Z [34m2026-09-14 17:38:58.573 UTC 0388 INFO[0m [endorser] [34;1mcallChaincode[0m -> finished chaincode: kvstore duration: 0ms channel=mychannel txID=8bba18e2
2026-09-14T17:38:58.573328174Z [34m2026-09-14 17:38:58.573 UTC 0389 INFO[0m [comm.grpc.server] [34;1mfunc1[0m -> unary call completed grpc.service=protos.Endorser grpc.method=ProcessProposal grpc.request_deadline=2026-09-14T17:39:28.572Z grpc.peer_address=172.18.0.5:55100 grpc.peer_subject="CN=peer0.org1.example.com,L=San Francisco,ST=California,C=US" grpc.code=OK grpc.call_duration=937.937µs
2026-09-14T17:38:58.573339665Z [34m2026-09-14 17:38:58.573 UTC 038a INFO[0m [comm.grpc.server] [34;1mfunc1[0m -> unary call completed grpc.service=protos.Endorser grpc.method=ProcessProposal grpc.request_deadline=2026-09-14T17:39:28.572Z grpc.peer_address=172.18.0.5:55100 grpc.peer_subject="CN=peer0.org1.example.com,L=San Francisco,ST=California,C=US" grpc.code=OK grpc.call_duration=971.431µs
2026-09-14T17:38:58.613537818Z [34m2026-09-14 17:38:58.613 UTC 038b INFO[0m [endorser] [34;1mcallChaincode[0m -> finished chaincode: kvstore duration: 0ms channel=mychannel txID=b040da27
2026-09-14T17:38:58.613552215Z [34m2026-09-14 17:38:58.613 UTC 038c INFO[0m [endorser] [34;1mcallChaincode[0m -> finished chaincode: kvstore duration: 0ms channel=mychannel txID=779b33ea
2026-09-14T17:38:58.613598352Z [34m2026-09-14 17:38:58.613 UTC 038d INFO[0m [comm.grpc.server] [34;1mfunc1[0m -> unary call completed grpc.service=protos.Endorser grpc.method=ProcessProposal grpc.request_deadline=2026-09-14T17:39:28.612Z grpc.peer_address=172.18.0.5:55100 grpc.peer_subject="CN=peer0.org1.example.com,L=San Francisco,ST=California,C=US" grpc.code=OK grpc.call_duration=847.486µs
2026-09-14T17:38:58.613663436Z [34m2026-09-14 17:38:58.613 UTC 038e INFO[0m [comm.grpc.server] [34;1mfunc1[0m -> unary call completed grpc.service=protos.Endorser grpc.method=ProcessProposal grpc.request_deadline=2026-09-14T17:39:28.612Z grpc.peer_address=172.18.0.5:55100 grpc.peer_subject="CN=peer0.org1.example.com,L=San Francisco,ST=California,C=US" grpc.code=OK grpc.call_duration=899.835µs
2026-09-14T17:38:58.653645138Z [34m2026-09-14 17:38:58.653 UTC 038f INFO[0m [endorser] [34;1mcallChaincode[0m -> finished chaincode: kvstore duration: 0ms channel=mychannel txID=e17b530c
2026-09-14T17:38:58.653685454Z [34m2026-09-14 17:38:58.653 UTC 0390 INFO[0m [endorser] [34;1mcallChaincode[0m -> finished chaincode: kvstore duration: 0ms channel=mychannel txID=f2f19c8e
2026-09-14T17:38:58.653701926Z [34m2026-09-14 17:38:58.653 UTC 0391 INFO[0m [comm.grpc.server] [34;1mfunc1[0m -> unary call completed grpc.service=protos.Endorser grpc.method=ProcessProposal grpc.request_deadline=2026-09-14T17:39:28.652Z grpc.peer_address=172.18.0.5:55100 grpc.peer_subject="CN=peer0.org1.example.com,L=San Francisco,ST=California,C=US" grpc.code=OK grpc.call_duration=758.587µs
2026-09-14T17:38:58.653759084Z [34m2026-09-14 17:38:58.653 UTC 0392 INFO[0m [comm.grpc.server] [34;1mfunc1[0m -> unary call completed grpc.service=protos.Endorser grpc.method=ProcessProposal grpc.request_deadline=2026-09-14T17:39:28.652Z grpc.peer_address=172.18.0.5:55100 grpc.peer_subject="CN=peer0.org1.example.com,L=San Francisco,ST=California,C=US" grpc.code=OK grpc.call_duration=805.556µs
2026-09-14T17:38:58.687958380Z [34m2026-09-14 17:38:58.687 UTC 0393 INFO[0m [gossip.privdata] [34;1mStoreBlock[0m -> Received block [11] from buffer channel=mychannel
2026-09-14T17:38:58.697190122Z [34m2026-09-14 17:38:58.697 UTC 0394 INFO[0m [committer.txvalidator] [34;1mValidate[0m -> [mychannel] Validated block [11] in 9ms
2026-09-14T17:38:58.745557662Z [34m2026-09-14 17:38:58.745 UTC 0395 INFO[0m [kvledger] [34;1mcommit[0m -> [mychannel] Committed block [11] with 52 transaction(s) in 47ms (state_validation=0ms block_and_pvtdata_commit=26ms state_commit=10ms) commitHash=[1d370a862fbe167916fa858415d6932c9d4bd10cb5bb3551a76b0ff7b4e9c60a]
2026-09-14T17:38:58.746500799Z [34m2026-09-14 17:38:58.746 UTC 0396 INFO[0m [endorser] [34;1mcallChaincode[0m -> finished chaincode: kvstore duration: 0ms channel=mychannel txID=909f4be5
2026-09-14T17:38:58.746516228Z [34m2026-09-14 17:38:58.746 UTC 0397 INFO[0m [endorser] [34;1mcallChaincode[0m -> finished chaincode: kvstore duration: 0ms channel=mychannel txID=01199858
2026-09-14T17:38:58.746611288Z [34m2026-09-14 17:38:58.746 UTC 0399 INFO[0m [comm.grpc.server] [34;1mfunc1[0m -> unary call completed grpc.service=protos.Endorser grpc.method=ProcessProposal grpc.request_deadline=2026-09-14T17:39:28.698Z grpc.peer_address=172.18.0.5:55100 grpc.peer_subject="CN=peer0.org1.example.com,L=San Francisco,ST=California,C=US" grpc.code=OK grpc.call_duration=48.462961ms
2026-09-14T17:38:58.746627970Z [34m2026-09-14 17:38:58.746 UTC 0398 INFO[0m [comm.grpc.server] [34;1mfunc1[0m -> unary call completed grpc.service=protos.Endorser grpc.method=ProcessProposal grpc.request_deadline=2026-09-14T17:39:28.698Z grpc.peer_address=172.18.0.5:55100 grpc.peer_subject="CN=peer0.org1.example.com,L=San Francisco,ST=California,C=US" grpc.code=OK grpc.call_duration=48.25118ms
2026-09-14T17:38:58.753169143Z [34m2026-09-14 17:38:58.753 UTC 039a INFO[0m [endorser] [34;1mcallChaincode[0m -> finished chaincode: kvstore duration: 0ms channel=mychannel txID=f9fc6d3e
2026-09-14T17:38:58.753180475Z [34m2026-09-14 17:38:58.753 UTC 039b INFO[0m [endorser] [34;1mcallChaincode[0m -> finished chaincode: kvstore duration: 0ms channel=mychannel txID=f0fbfb38
2026-09-14T17:38:58.753227394Z [34m2026-09-14 17:38:58.753 UTC 039c INFO[0m [comm.grpc.server] [34;1mfunc1[0m -> unary call completed grpc.service=protos.Endorser grpc.method=ProcessProposal grpc.request_deadline=2026-09-14T17:39:28.752Z grpc.peer_address=172.18.0.5:55100 grpc.peer_subject="CN=peer0.org1.example.com,L=San Francisco,ST=California,C=US" grpc.code=OK grpc.call_duration=1.010855ms
2026-09-14T17:38:58.753254034Z [34m2026-09-14 17:38:58.753 UTC 039d INFO[0m [comm.grpc.server] [34;1mfunc1[0m -> unary call completed grpc.service=protos.Endorser grpc.method=ProcessProposal grpc.request_deadline=2026-09-14T17:39:28.752Z grpc.peer_address=172.18.0.5:55100 grpc.peer_subject="CN=peer0.org1.example.com,L=San Francisco,ST=California,C=US" grpc.code=OK grpc.call_duration=1.019842ms
2026-09-14T17:38:58.772992592Z [34m2026-09-14 17:38:58.772 UTC 039e INFO[0m [endorser] [34;1mcallChaincode[0m -> finished chaincode: kvstore duration: 0ms channel=mychannel txID=04aa2798
2026-09-14T17:38:58.773002711Z [34m2026-09-14 17:38:58.772 UTC 039f INFO[0m [endorser] [34;1mcallChaincode[0m -> finished chaincode: kvstore duration: 0ms channel=mychannel txID=21fe4e37
2026-09-14T17:38:58.773046625Z [34m2026-09-14 17:38:58.773 UTC 03a0 INFO[0m [comm.grpc.server] [34;1mfunc1[0m -> unary call completed grpc.service=protos.Endorser grpc.method=ProcessProposal grpc.request_deadline=2026-09-14T17:39:28.772Z grpc.peer_address=172.18.0.5:55100 grpc.peer_subject="CN=peer0.org1.example.com,L=San Francisco,ST=California,C=US" grpc.code=OK grpc.call_duration=869.057µs
2026-09-14T17:38:58.773118240Z [34m2026-09-14 17:38:58.773 UTC 03a1 INFO[0m [comm.grpc.server] [34;1mfunc1[0m -> unary call completed grpc.service=protos.Endorser grpc.method=ProcessProposal grpc.request_deadline=2026-09-14T17:39:28.772Z grpc.peer_address=172.18.0.5:55100 grpc.peer_subject="CN=peer0.org1.example.com,L=San Francisco,ST=California,C=US" grpc.code=OK grpc.call_duration=975.839µs
2026-09-14T17:38:58.813917481Z [34m2026-09-14 17:38:58.813 UTC 03a2 INFO[0m [endorser] [34;1mcallChaincode[0m -> finished chaincode: kvstore duration: 0ms channel=mychannel txID=11dd2846
2026-09-14T17:38:58.813927891Z [34m2026-09-14 17:38:58.813 UTC 03a3 INFO[0m [endorser] [34;1mcallChaincode[0m -> finished chaincode: kvstore duration: 0ms channel=mychannel txID=4cf49d2a
2026-09-14T17:38:58.813978297Z [34m2026-09-14 17:38:58.813 UTC 03a4 INFO[0m [comm.grpc.server] [34;1mfunc1[0m -> unary call completed grpc.service=protos.Endorser grpc.method=ProcessProposal grpc.request_deadline=2026-09-14T17:39:28.813Z grpc.peer_address=172.18.0.5:55100 grpc.peer_subject="CN=peer0.org1.example.com,L=San Francisco,ST=California,C=US" grpc.code=OK grpc.call_duration=758.026µs
2026-09-14T17:38:58.813995169Z [34m2026-09-14 17:38:58.813 UTC 03a5 INFO[0m [comm.grpc.server] [34;1mfunc1[0m -> unary call completed grpc.service=protos.Endorser grpc.method=ProcessProposal grpc.request_deadline=2026-09-14T17:39:28.813Z grpc.peer_address=172.18.0.5:55100 grpc.peer_subject="CN=peer0.org1.example.com,L=San Francisco,ST=California,C=US" grpc.code=OK grpc.call_duration=756.944µs
2026-09-14T17:38:58.854351270Z [34m2026-09-14 17:38:58.854 UTC 03a6 INFO[0m [endorser] [34;1mcallChaincode[0m -> finished chaincode: kvstore duration: 0ms channel=mychannel txID=e438f8b5
2026-09-14T17:38:58.854362762Z [34m2026-09-14 17:38:58.854 UTC 03a7 INFO[0m [endorser] [34;1mcallChaincode[0m -> finished chaincode: kvstore duration: 0ms channel=mychannel txID=b44717c6
2026-09-14T17:38:58.854410032Z [34m2026-09-14 17:38:58.854 UTC 03a8 INFO[0m [comm.grpc.server] [34;1mfunc1[0m -> unary call completed grpc.service=protos.Endorser grpc.method=ProcessProposal grpc.request_deadline=2026-09-14T17:39:28.853Z grpc.peer_address=172.18.0.5:55100 grpc.peer_subject="CN=peer0.org1.example.com,L=San Francisco,ST=California,C=US" grpc.code=OK grpc.call_duration=815.014µs
2026-09-14T17:38:58.854419530Z [34m2026-09-14 17:38:58.854 UTC 03a9 INFO[0m [comm.grpc.server] [34;1mfunc1[0m -> unary call completed grpc.service=protos.Endorser grpc.method=ProcessProposal grpc.request_deadline=2026-09-14T17:39:28.853Z grpc.peer_address=172.18.0.5:55100 grpc.peer_subject="CN=peer0.org1.example.com,L=San Francisco,ST=California,C=US" grpc.code=OK grpc.call_duration=758.206µs
2026-09-14T17:38:58.893654747Z [34m2026-09-14 17:38:58.893 UTC 03aa INFO[0m [endorser] [34;1mcallChaincode[0m -> finished chaincode: kvstore duration: 0ms channel=mychannel txID=93e6a207
2026-09-14T17:38:58.893668594Z [34m2026-09-14 17:38:58.893 UTC 03ab INFO[0m [endorser] [34;1mcallChaincode[0m -> finished chaincode: kvstore duration: 0ms channel=mychannel txID=cef82abd
2026-09-14T17:38:58.893716054Z [34m2026-09-14 17:38:58.893 UTC 03ac INFO[0m [comm.grpc.server] [34;1mfunc1[0m -> unary call completed grpc.service=protos.Endorser grpc.method=ProcessProposal grpc.request_deadline=2026-09-14T17:39:28.892Z grpc.peer_address=172.18.0.5:55100 grpc.peer_subject="CN=peer0.org1.example.com,L=San Francisco,ST=California,C=US" grpc.code=OK grpc.call_duration=800.016µs
2026-09-14T17:38:58.893734118Z [34m2026-09-14 17:38:58.893 UTC 03ad INFO[0m [comm.grpc.server] [34;1mfunc1[0m -> unary call completed grpc.service=protos.Endorser grpc.method=ProcessProposal grpc.request_deadline=2026-09-14T17:39:28.892Z grpc.peer_address=172.18.0.5:55100 grpc.peer_subject="CN=peer0.org1.example.com,L=San Francisco,ST=California,C=US" grpc.code=OK grpc.call_duration=820.064µs
2026-09-14T17:38:58.932880588Z [34m2026-09-14 17:38:58.932 UTC 03ae INFO[0m [endorser] [34;1mcallChaincode[0m -> finished chaincode: kvstore duration: 0ms channel=mychannel txID=4f18e7cf
2026-09-14T17:38:58.932893692Z [34m2026-09-14 17:38:58.932 UTC 03af INFO[0m [endorser] [34;1mcallChaincode[0m -> finished chaincode: kvstore duration: 0ms channel=mychannel txID=5af015b1
2026-09-14T17:38:58.932936634Z [34m2026-09-14 17:38:58.932 UTC 03b0 INFO[0m [comm.grpc.server] [34;1mfunc1[0m -> unary call completed grpc.service=protos.Endorser grpc.method=ProcessProposal grpc.request_deadline=2026-09-14T17:39:28.932Z grpc.peer_address=172.18.0.5:55100 grpc.peer_subject="CN=peer0.org1.example.com,L=San Francisco,ST=California,C=US" grpc.code=OK grpc.call_duration=730.103µs
2026-09-14T17:38:58.932950560Z [34m2026-09-14 17:38:58.932 UTC 03b1 INFO[0m [comm.grpc.server] [34;1mfunc1[0m -> unary call completed grpc.service=protos.Endorser grpc.method=ProcessProposal grpc.request_deadline=2026-09-14T17:39:28.932Z grpc.peer_address=172.18.0.5:55100 grpc.peer_subject="CN=peer0.org1.example.com,L=San Francisco,ST=California,C=US" grpc.code=OK grpc.call_duration=720.756µs
2026-09-14T17:38:58.973521088Z [34m2026-09-14 17:38:58.973 UTC 03b2 INFO[0m [endorser] [34;1mcallChaincode[0m -> finished chaincode: kvstore duration: 0ms channel=mychannel txID=2bd3cb70
2026-09-14T17:38:58.973532961Z [34m2026-09-14 17:38:58.973 UTC 03b3 INFO[0m [endorser] [34;1mcallChaincode[0m -> finished chaincode: kvstore duration: 0ms channel=mychannel txID=82ab2574
2026-09-14T17:38:58.973580912Z [34m2026-09-14 17:38:58.973 UTC 03b4 INFO[0m [comm.grpc.server] [34;1mfunc1[0m -> unary call completed grpc.service=protos.Endorser grpc.method=ProcessProposal grpc.request_deadline=2026-09-14T17:39:28.972Z grpc.peer_address=172.18.0.5:55100 grpc.peer_subject="CN=peer0.org1.example.com,L=San Francisco,ST=California,C=US" grpc.code=OK grpc.call_duration=862.425µs
2026-09-14T17:38:58.973589959Z [34m2026-09-14 17:38:58.973 UTC 03b5 INFO[0m [comm.grpc.server] [34;1mfunc1[0m -> unary call completed grpc.service=protos.Endorser grpc.method=ProcessProposal grpc.request_deadline=2026-09-14T17:39:28.972Z grpc.peer_address=172.18.0.5:55100 grpc.peer_subject="CN=peer0.org1.example.com,L=San Francisco,ST=California,C=US" grpc.code=OK grpc.call_duration=834.181µs
2026-09-14T17:38:59.013148860Z [34m2026-09-14 17:38:59.013 UTC 03b6 INFO[0m [endorser] [34;1mcallChaincode[0m -> finished chaincode: kvstore duration: 0ms channel=mychannel txID=9aa34814
2026-09-14T17:38:59.013196320Z [34m2026-09-14 17:38:59.013 UTC 03b7 INFO[0m [endorser] [34;1mcallChaincode[0m -> finished chaincode: kvstore duration: 0ms channel=mychannel txID=d941c4da
2026-09-14T17:38:59.013209805Z [34m2026-09-14 17:38:59.013 UTC 03b8 INFO[0m [comm.grpc.server] [34;1mfunc1[0m -> unary call completed grpc.service=protos.Endorser grpc.method=ProcessProposal grpc.request_deadline=2026-09-14T17:39:29.012Z grpc.peer_address=172.18.0.5:55100 grpc.peer_subject="CN=peer0.org1.example.com,L=San Francisco,ST=California,C=US" grpc.code=OK grpc.call_duration=842.687µs
2026-09-14T17:38:59.013266623Z [34m2026-09-14 17:38:59.013 UTC 03b9 INFO[0m [comm.grpc.server] [34;1mfunc1[0m -> unary call completed grpc.service=protos.Endorser grpc.method=ProcessProposal grpc.request_deadline=2026-09-14T17:39:29.012Z grpc.peer_address=172.18.0.5:55100 grpc.peer_subject="CN=peer0.org1.example.com,L=San Francisco,ST=California,C=US" grpc.code=OK grpc.call_duration=930.373µs
2026-09-14T17:38:59.053481096Z [34m2026-09-14 17:38:59.053 UTC 03ba INFO[0m [endorser] [34;1mcallChaincode[0m -> finished chaincode: kvstore duration: 0ms channel=mychannel txID=e4ce60aa
2026-09-14T17:38:59.053503469Z [34m2026-09-14 17:38:59.053 UTC 03bb INFO[0m [endorser] [34;1mcallChaincode[0m -> finished chaincode: kvstore duration: 0ms channel=mychannel txID=64801a34
2026-09-14T17:38:59.053544827Z [34m2026-09-14 17:38:59.053 UTC 03bd INFO[0m [comm.grpc.server] [34;1mfunc1[0m -> unary call completed grpc.service=protos.Endorser grpc.method=ProcessProposal grpc.request_deadline=2026-09-14T17:39:29.052Z grpc.peer_address=172.18.0.5:55100 grpc.peer_subject="CN=peer0.org1.example.com,L=San Francisco,ST=California,C=US" grpc.code=OK grpc.call_duration=817.099µs
2026-09-14T17:38:59.053557681Z [34m2026-09-14 17:38:59.053 UTC 03bc INFO[0m [comm.grpc.server] [34;1mfunc1[0m -> unary call completed grpc.service=protos.Endorser grpc.method=ProcessProposal grpc.request_deadline=2026-09-14T17:39:29.052Z grpc.peer_address=172.18.0.5:55100 grpc.peer_subject="CN=peer0.org1.example.com,L=San Francisco,ST=California,C=US" grpc.code=OK grpc.call_duration=825.114µs
2026-09-14T17:38:59.093617482Z [34m2026-09-14 17:38:59.093 UTC 03be INFO[0m [endorser] [34;1mcallChaincode[0m -> finished chaincode: kvstore duration: 0ms channel=mychannel txID=460c149a
2026-09-14T17:38:59.093641728Z [34m2026-09-14 17:38:59.093 UTC 03bf INFO[0m [endorser] [34;1mcallChaincode[0m -> finished chaincode: kvstore duration: 0ms channel=mychannel txID=4a619731
2026-09-14T17:38:59.093707031Z [34m2026-09-14 17:38:59.093 UTC 03c0 INFO[0m [comm.grpc.server] [34;1mfunc1[0m -> unary call completed grpc.service=protos.Endorser grpc.method=ProcessProposal grpc.request_deadline=2026-09-14T17:39:29.092Z grpc.peer_address=172.18.0.5:55100 grpc.peer_subject="CN=peer0.org1.example.com,L=San Francisco,ST=California,C=US" grpc.code=OK grpc.call_duration=800.006µs
2026-09-14T17:38:59.093720767Z [34m2026-09-14 17:38:59.093 UTC 03c1 INFO[0m [comm.grpc.server] [34;1mfunc1[0m -> unary call completed grpc.service=protos.Endorser grpc.method=ProcessProposal grpc.request_deadline=2026-09-14T17:39:29.092Z grpc.peer_address=172.18.0.5:55100 grpc.peer_subject="CN=peer0.org1.example.com,L=San Francisco,ST=California,C=US" grpc.code=OK grpc.call_duration=797.201µs
2026-09-14T17:38:59.133846633Z [34m2026-09-14 17:38:59.133 UTC 03c2 INFO[0m [endorser] [34;1mcallChaincode[0m -> finished chaincode: kvstore duration: 0ms channel=mychannel txID=8ff73481
2026-09-14T17:38:59.133858876Z [34m2026-09-14 17:38:59.133 UTC 03c3 INFO[0m [endorser] [34;1mcallChaincode[0m -> finished chaincode: kvstore duration: 0ms channel=mychannel txID=006addd8
2026-09-14T17:38:59.133908440Z [34m2026-09-14 17:38:59.133 UTC 03c4 INFO[0m [comm.grpc.server] [34;1mfunc1[0m -> unary call completed grpc.service=protos.Endorser grpc.method=ProcessProposal grpc.request_deadline=2026-09-14T17:39:29.133Z grpc.peer_address=172.18.0.5:55100 grpc.peer_subject="CN=peer0.org1.example.com,L=San Francisco,ST=California,C=US" grpc.code=OK grpc.call_duration=798.834µs
2026-09-14T17:38:59.133919311Z [34m2026-09-14 17:38:59.133 UTC 03c5 INFO[0m [comm.grpc.server] [34;1mfunc1[0m -> unary call completed grpc.service=protos.Endorser grpc.method=ProcessProposal grpc.request_deadline=2026-09-14T17:39:29.132Z grpc.peer_address=172.18.0.5:55100 grpc.peer_subject="CN=peer0.org1.example.com,L=San Francisco,ST=California,C=US" grpc.code=OK grpc.call_duration=799.686µs
2026-09-14T17:38:59.173320723Z [34m2026-09-14 17:38:59.173 UTC 03c6 INFO[0m [endorser] [34;1mcallChaincode[0m -> finished chaincode: kvstore duration: 0ms channel=mychannel txID=25f2493c
2026-09-14T17:38:59.173347745Z [34m2026-09-14 17:38:59.173 UTC 03c7 INFO[0m [endorser] [34;1mcallChaincode[0m -> finished chaincode: kvstore duration: 0ms channel=mychannel txID=dd8079de
2026-09-14T17:38:59.173355079Z [34m2026-09-14 17:38:59.173 UTC 03c8 INFO[0m [comm.grpc.server] [34;1mfunc1[0m -> unary call completed grpc.service=protos.Endorser grpc.method=ProcessProposal grpc.request_deadline=2026-09-14T17:39:29.172Z grpc.peer_address=172.18.0.5:55100 grpc.peer_subject="CN=peer0.org1.example.com,L=San Francisco,ST=California,C=US" grpc.code=OK grpc.call_duration=931.224µs
2026-09-14T17:38:59.173389935Z [34m2026-09-14 17:38:59.173 UTC 03c9 INFO[0m [comm.grpc.server] [34;1mfunc1[0m -> unary call completed grpc.service=protos.Endorser grpc.method=ProcessProposal grpc.request_deadline=2026-09-14T17:39:29.172Z grpc.peer_address=172.18.0.5:55100 grpc.peer_subject="CN=peer0.org1.example.com,L=San Francisco,ST=California,C=US" grpc.code=OK grpc.call_duration=971.952µs
2026-09-14T17:38:59.213529025Z [34m2026-09-14 17:38:59.213 UTC 03ca INFO[0m [endorser] [34;1mcallChaincode[0m -> finished chaincode: kvstore duration: 0ms channel=mychannel txID=93a58622
2026-09-14T17:38:59.213541128Z [34m2026-09-14 17:38:59.213 UTC 03cb INFO[0m [endorser] [34;1mcallChaincode[0m -> finished chaincode: kvstore duration: 0ms channel=mychannel txID=1b853000
2026-09-14T17:38:59.213569973Z [34m2026-09-14 17:38:59.213 UTC 03cc INFO[0m [comm.grpc.server] [34;1mfunc1[0m -> unary call completed grpc.service=protos.Endorser grpc.method=ProcessProposal grpc.request_deadline=2026-09-14T17:39:29.212Z grpc.peer_address=172.18.0.5:55100 grpc.peer_subject="CN=peer0.org1.example.com,L=San Francisco,ST=California,C=US" grpc.code=OK grpc.call_duration=839.64µs
2026-09-14T17:38:59.213599459Z [34m2026-09-14 17:38:59.213 UTC 03cd INFO[0m [comm.grpc.server] [34;1mfunc1[0m -> unary call completed grpc.service=protos.Endorser grpc.method=ProcessProposal grpc.request_deadline=2026-09-14T17:39:29.212Z grpc.peer_address=172.18.0.5:55100 grpc.peer_subject="CN=peer0.org1.example.com,L=San Francisco,ST=California,C=US" grpc.code=OK grpc.call_duration=893.883µs
2026-09-14T17:38:59.253548289Z [34m2026-09-14 17:38:59.253 UTC 03ce INFO[0m [endorser] [34;1mcallChaincode[0m -> finished chaincode: kvstore duration: 0ms channel=mychannel txID=328522bb
2026-09-14T17:38:59.253562606Z [34m2026-09-14 17:38:59.253 UTC 03cf INFO[0m [endorser] [34;1mcallChaincode[0m -> finished chaincode: kvstore duration: 0ms channel=mychannel txID=1e74db21
2026-09-14T17:38:59.253607692Z [34m2026-09-14 17:38:59.253 UTC 03d1 INFO[0m [comm.grpc.server] [34;1mfunc1[0m -> unary call completed grpc.service=protos.Endorser grpc.method=ProcessProposal grpc.request_deadline=2026-09-14T17:39:29.252Z grpc.peer_address=172.18.0.5:55100 grpc.peer_subject="CN=peer0.org1.example.com,L=San Francisco,ST=California,C=US" grpc.code=OK grpc.call_duration=782.252µs
2026-09-14T17:38:59.253623922Z [34m2026-09-14 17:38:59.253 UTC 03d0 INFO[0m [comm.grpc.server] [34;1mfunc1[0m -> unary call completed grpc.service=protos.Endorser grpc.method=ProcessProposal grpc.request_deadline=2026-09-14T17:39:29.252Z grpc.peer_address=172.18.0.5:55100 grpc.peer_subject="CN=peer0.org1.example.com,L=San Francisco,ST=California,C=US" grpc.code=OK grpc.call_duration=805.897µs
2026-09-14T17:38:59.293441444Z [34m2026-09-14 17:38:59.293 UTC 03d2 INFO[0m [endorser] [34;1mcallChaincode[0m -> finished chaincode: kvstore duration: 0ms channel=mychannel txID=13ac7b9c
2026-09-14T17:38:59.293471671Z [34m2026-09-14 17:38:59.293 UTC 03d3 INFO[0m [endorser] [34;1mcallChaincode[0m -> finished chaincode: kvstore duration: 0ms channel=mychannel txID=f40ab300
2026-09-14T17:38:59.293479375Z [34m2026-09-14 17:38:59.293 UTC 03d4 INFO[0m [comm.grpc.server] [34;1mfunc1[0m -> unary call completed grpc.service=protos.Endorser grpc.method=ProcessProposal grpc.request_deadline=2026-09-14T17:39:29.292Z grpc.peer_address=172.18.0.5:55100 grpc.peer_subject="CN=peer0.org1.example.com,L=San Francisco,ST=California,C=US" grpc.code=OK grpc.call_duration=946.934µs
2026-09-14T17:38:59.293485948Z [34m2026-09-14 17:38:59.293 UTC 03d5 INFO[0m [comm.grpc.server] [34;1mfunc1[0m -> unary call completed grpc.service=protos.Endorser grpc.method=ProcessProposal grpc.request_deadline=2026-09-14T17:39:29.292Z grpc.peer_address=172.18.0.5:55100 grpc.peer_subject="CN=peer0.org1.example.com,L=San Francisco,ST=California,C=US" grpc.code=OK grpc.call_duration=954.318µs
2026-09-14T17:38:59.333110764Z [34m2026-09-14 17:38:59.333 UTC 03d7 INFO[0m [endorser] [34;1mcallChaincode[0m -> finished chaincode: kvstore duration: 0ms channel=mychannel txID=cd62599b
2026-09-14T17:38:59.333145630Z [34m2026-09-14 17:38:59.333 UTC 03d6 INFO[0m [endorser] [34;1mcallChaincode[0m -> finished chaincode: kvstore duration: 0ms channel=mychannel txID=25f6118d
2026-09-14T17:38:59.333164887Z [34m2026-09-14 17:38:59.333 UTC 03d8 INFO[0m [comm.grpc.server] [34;1mfunc1[0m -> unary call completed grpc.service=protos.Endorser grpc.method=ProcessProposal grpc.request_deadline=2026-09-14T17:39:29.332Z grpc.peer_address=172.18.0.5:55100 grpc.peer_subject="CN=peer0.org1.example.com,L=San Francisco,ST=California,C=US" grpc.code=OK grpc.call_duration=782.322µs
2026-09-14T17:38:59.333214761Z [34m2026-09-14 17:38:59.333 UTC 03d9 INFO[0m [comm.grpc.server] [34;1mfunc1[0m -> unary call completed grpc.service=protos.Endorser grpc.method=ProcessProposal grpc.request_deadline=2026-09-14T17:39:29.332Z grpc.peer_address=172.18.0.5:55100 grpc.peer_subject="CN=peer0.org1.example.com,L=San Francisco,ST=California,C=US" grpc.code=OK grpc.call_duration=828.901µs
2026-09-14T17:38:59.373992221Z [34m2026-09-14 17:38:59.373 UTC 03da INFO[0m [endorser] [34;1mcallChaincode[0m -> finished chaincode: kvstore duration: 0ms channel=mychannel txID=a3c7ca2d
2026-09-14T17:38:59.374003503Z [34m2026-09-14 17:38:59.373 UTC 03db INFO[0m [endorser] [34;1mcallChaincode[0m -> finished chaincode: kvstore duration: 0ms channel=mychannel txID=67d6cc6a
2026-09-14T17:38:59.374044751Z [34m2026-09-14 17:38:59.374 UTC 03dc INFO[0m [comm.grpc.server] [34;1mfunc1[0m -> unary call completed grpc.service=protos.Endorser grpc.method=ProcessProposal grpc.request_deadline=2026-09-14T17:39:29.373Z grpc.peer_address=172.18.0.5:55100 grpc.peer_subject="CN=peer0.org1.example.com,L=San Francisco,ST=California,C=US" grpc.code=OK grpc.call_duration=803.533µs
2026-09-14T17:38:59.374069027Z [34m2026-09-14 17:38:59.374 UTC 03dd INFO[0m [comm.grpc.server] [34;1mfunc1[0m -> unary call completed grpc.service=protos.Endorser grpc.method=ProcessProposal grpc.request_deadline=2026-09-14T17:39:29.373Z grpc.peer_address=172.18.0.5:55100 grpc.peer_subject="CN=peer0.org1.example.com,L=San Francisco,ST=California,C=US" grpc.code=OK grpc.call_duration=821.667µs
2026-09-14T17:38:59.413468246Z [34m2026-09-14 17:38:59.413 UTC 03de INFO[0m [endorser] [34;1mcallChaincode[0m -> finished chaincode: kvstore duration: 0ms channel=mychannel txID=3b9e7e87
2026-09-14T17:38:59.413482262Z [34m2026-09-14 17:38:59.413 UTC 03df INFO[0m [endorser] [34;1mcallChaincode[0m -> finished chaincode: kvstore duration: 0ms channel=mychannel txID=c533e4b4
2026-09-14T17:38:59.413515656Z [34m2026-09-14 17:38:59.413 UTC 03e0 INFO[0m [comm.grpc.server] [34;1mfunc1[0m -> unary call completed grpc.service=protos.Endorser grpc.method=ProcessProposal grpc.request_deadline=2026-09-14T17:39:29.412Z grpc.peer_address=172.18.0.5:55100 grpc.peer_subject="CN=peer0.org1.example.com,L=San Francisco,ST=California,C=US" grpc.code=OK grpc.call_duration=856.823µs
2026-09-14T17:38:59.413582422Z [34m2026-09-14 17:38:59.413 UTC 03e1 INFO[0m [comm.grpc.server] [34;1mfunc1[0m -> unary call completed grpc.service=protos.Endorser grpc.method=ProcessProposal grpc.request_deadline=2026-09-14T17:39:29.412Z grpc.peer_address=172.18.0.5:55100 grpc.peer_subject="CN=peer0.org1.example.com,L=San Francisco,ST=California,C=US" grpc.code=OK grpc.call_duration=886.75µs
2026-09-14T17:38:59.453723416Z [34m2026-09-14 17:38:59.453 UTC 03e2 INFO[0m [endorser] [34;1mcallChaincode[0m -> finished chaincode: kvstore duration: 0ms channel=mychannel txID=f1f7bc24
2026-09-14T17:38:59.453736040Z [34m2026-09-14 17:38:59.453 UTC 03e3 INFO[0m [endorser] [34;1mcallChaincode[0m -> finished chaincode: kvstore duration: 0ms channel=mychannel txID=cd0579e9
2026-09-14T17:38:59.453791636Z [34m2026-09-14 17:38:59.453 UTC 03e5 INFO[0m [comm.grpc.server] [34;1mfunc1[0m -> unary call completed grpc.service=protos.Endorser grpc.method=ProcessProposal grpc.request_deadline=2026-09-14T17:39:29.452Z grpc.peer_address=172.18.0.5:55100 grpc.peer_subject="CN=peer0.org1.example.com,L=San Francisco,ST=California,C=US" grpc.code=OK grpc.call_duration=780.068µs
2026-09-14T17:38:59.453799861Z [34m2026-09-14 17:38:59.453 UTC 03e4 INFO[0m [comm.grpc.server] [34;1mfunc1[0m -> unary call completed grpc.service=protos.Endorser grpc.method=ProcessProposal grpc.request_deadline=2026-09-14T17:39:29.452Z grpc.peer_address=172.18.0.5:55100 grpc.peer_subject="CN=peer0.org1.example.com,L=San Francisco,ST=California,C=US" grpc.code=OK grpc.call_duration=785.108µs
2026-09-14T17:38:59.493631259Z [34m2026-09-14 17:38:59.493 UTC 03e6 INFO[0m [endorser] [34;1mcallChaincode[0m -> finished chaincode: kvstore duration: 0ms channel=mychannel txID=32def439
2026-09-14T17:38:59.493646287Z [34m2026-09-14 17:38:59.493 UTC 03e7 INFO[0m [endorser] [34;1mcallChaincode[0m -> finished chaincode: kvstore duration: 0ms channel=mychannel txID=b0d26cc0
2026-09-14T17:38:59.493652329Z [34m2026-09-14 17:38:59.493 UTC 03e9 INFO[0m [comm.grpc.server] [34;1mfunc1[0m -> unary call completed grpc.service=protos.Endorser grpc.method=ProcessProposal grpc.request_deadline=2026-09-14T17:39:29.492Z grpc.peer_address=172.18.0.5:55100 grpc.peer_subject="CN=peer0.org1.example.com,L=San Francisco,ST=California,C=US" grpc.code=OK grpc.call_duration=1.116445ms
2026-09-14T17:38:59.493662067Z [34m2026-09-14 17:38:59.493 UTC 03e8 INFO[0m [comm.grpc.server] [34;1mfunc1[0m -> unary call completed grpc.service=protos.Endorser grpc.method=ProcessProposal grpc.request_deadline=2026-09-14T17:39:29.492Z grpc.peer_address=172.18.0.5:55100 grpc.peer_subject="CN=peer0.org1.example.com,L=San Francisco,ST=California,C=US" grpc.code=OK grpc.call_duration=1.168093ms
2026-09-14T17:38:59.533411219Z [34m2026-09-14 17:38:59.533 UTC 03eb INFO[0m [endorser] [34;1mcallChaincode[0m -> finished chaincode: kvstore duration: 0ms channel=mychannel txID=16a65486
2026-09-14T17:38:59.533467015Z [34m2026-09-14 17:38:59.533 UTC 03ea INFO[0m [endorser] [34;1mcallChaincode[0m -> finished chaincode: kvstore duration: 0ms channel=mychannel txID=90fd9591
2026-09-14T17:38:59.533481853Z [34m2026-09-14 17:38:59.533 UTC 03ec INFO[0m [comm.grpc.server] [34;1mfunc1[0m -> unary call completed grpc.service=protos.Endorser grpc.method=ProcessProposal grpc.request_deadline=2026-09-14T17:39:29.532Z grpc.peer_address=172.18.0.5:55100 grpc.peer_subject="CN=peer0.org1.example.com,L=San Francisco,ST=California,C=US" grpc.code=OK grpc.call_duration=1.080417ms
2026-09-14T17:38:59.533526357Z [34m2026-09-14 17:38:59.533 UTC 03ed INFO[0m [comm.grpc.server] [34;1mfunc1[0m -> unary call completed grpc.service=protos.Endorser grpc.method=ProcessProposal grpc.request_deadline=2026-09-14T17:39:29.532Z grpc.peer_address=172.18.0.5:55100 grpc.peer_subject="CN=peer0.org1.example.com,L=San Francisco,ST=California,C=US" grpc.code=OK grpc.call_duration=1.090366ms
2026-09-14T17:38:59.573864334Z [34m2026-09-14 17:38:59.573 UTC 03ee INFO[0m [endorser] [34;1mcallChaincode[0m -> finished chaincode: kvstore duration: 0ms channel=mychannel txID=dc4b4a86
2026-09-14T17:38:59.573877770Z [34m2026-09-14 17:38:59.573 UTC 03ef INFO[0m [endorser] [34;1mcallChaincode[0m -> finished chaincode: kvstore duration: 0ms channel=mychannel txID=b5029e7d
2026-09-14T17:38:59.573916203Z [34m2026-09-14 17:38:59.573 UTC 03f1 INFO[0m [comm.grpc.server] [34;1mfunc1[0m -> unary call completed grpc.service=protos.Endorser grpc.method=ProcessProposal grpc.request_deadline=2026-09-14T17:39:29.572Z grpc.peer_address=172.18.0.5:55100 grpc.peer_subject="CN=peer0.org1.example.com,L=San Francisco,ST=California,C=US" grpc.code=OK grpc.call_duration=839.401µs
2026-09-14T17:38:59.573926913Z [34m2026-09-14 17:38:59.573 UTC 03f0 INFO[0m [comm.grpc.server] [34;1mfunc1[0m -> unary call completed grpc.service=protos.Endorser grpc.method=ProcessProposal grpc.request_deadline=2026-09-14T17:39:29.572Z grpc.peer_address=172.18.0.5:55100 grpc.peer_subject="CN=peer0.org1.example.com,L=San Francisco,ST=California,C=US" grpc.code=OK grpc.call_duration=854.519µs
2026-09-14T17:38:59.613015634Z [34m2026-09-14 17:38:59.612 UTC 03f2 INFO[0m [endorser] [34;1mcallChaincode[0m -> finished chaincode: kvstore duration: 0ms channel=mychannel txID=ea9c51d4
2026-09-14T17:38:59.613032195Z [34m2026-09-14 17:38:59.612 UTC 03f3 INFO[0m [endorser] [34;1mcallChaincode[0m -> finished chaincode: kvstore duration: 0ms channel=mychannel txID=35c7516b
2026-09-14T17:38:59.613058785Z [34m2026-09-14 17:38:59.613 UTC 03f4 INFO[0m [comm.grpc.server] [34;1mfunc1[0m -> unary call completed grpc.service=protos.Endorser grpc.method=ProcessProposal grpc.request_deadline=2026-09-14T17:39:29.612Z grpc.peer_address=172.18.0.5:55100 grpc.peer_subject="CN=peer0.org1.example.com,L=San Francisco,ST=California,C=US" grpc.code=OK grpc.call_duration=729.382µs
2026-09-14T17:38:59.613120733Z [34m2026-09-14 17:38:59.613 UTC 03f5 INFO[0m [comm.grpc.server] [34;1mfunc1[0m -> unary call completed grpc.service=protos.Endorser grpc.method=ProcessProposal grpc.request_deadline=2026-09-14T17:39:29.612Z grpc.peer_address=172.18.0.5:55100 grpc.peer_subject="CN=peer0.org1.example.com,L=San Francisco,ST=California,C=US" grpc.code=OK grpc.call_duration=763.016µs
2026-09-14T17:38:59.653196163Z [34m2026-09-14 17:38:59.653 UTC 03f6 INFO[0m [endorser] [34;1mcallChaincode[0m -> finished chaincode: kvstore duration: 0ms channel=mychannel txID=4e69b346
2026-09-14T17:38:59.653235898Z [34m2026-09-14 17:38:59.653 UTC 03f7 INFO[0m [endorser] [34;1mcallChaincode[0m -> finished chaincode: kvstore duration: 0ms channel=mychannel txID=d1cbf644
2026-09-14T17:38:59.653254062Z [34m2026-09-14 17:38:59.653 UTC 03f8 INFO[0m [comm.grpc.server] [34;1mfunc1[0m -> unary call completed grpc.service=protos.Endorser grpc.method=ProcessProposal grpc.request_deadline=2026-09-14T17:39:29.652Z grpc.peer_address=172.18.0.5:55100 grpc.peer_subject="CN=peer0.org1.example.com,L=San Francisco,ST=California,C=US" grpc.code=OK grpc.call_duration=846.314µs
2026-09-14T17:38:59.653312122Z [34m2026-09-14 17:38:59.653 UTC 03f9 INFO[0m [comm.grpc.server] [34;1mfunc1[0m -> unary call completed grpc.service=protos.Endorser grpc.method=ProcessProposal grpc.request_deadline=2026-09-14T17:39:29.652Z grpc.peer_address=172.18.0.5:55100 grpc.peer_subject="CN=peer0.org1.example.com,L=San Francisco,ST=California,C=US" grpc.code=OK grpc.call_duration=904.314µs
2026-09-14T17:38:59.693124434Z [34m2026-09-14 17:38:59.693 UTC 03fa INFO[0m [endorser] [34;1mcallChaincode[0m -> finished chaincode: kvstore duration: 0ms channel=mychannel txID=7e4f806b
2026-09-14T17:38:59.693169940Z [34m2026-09-14 17:38:59.693 UTC 03fb INFO[0m [endorser] [34;1mcallChaincode[0m -> finished chaincode: kvstore duration: 0ms channel=mychannel txID=c67665aa
2026-09-14T17:38:59.693183325Z [34m2026-09-14 17:38:59.693 UTC 03fc INFO[0m [comm.grpc.server] [34;1mfunc1[0m -> unary call completed grpc.service=protos.Endorser grpc.method=ProcessProposal grpc.request_deadline=2026-09-14T17:39:29.692Z grpc.peer_address=172.18.0.5:55100 grpc.peer_subject="CN=peer0.org1.example.com,L=San Francisco,ST=California,C=US" grpc.code=OK grpc.call_duration=779.226µs
2026-09-14T17:38:59.693258488Z [34m2026-09-14 17:38:59.693 UTC 03fd INFO[0m [comm.grpc.server] [34;1mfunc1[0m -> unary call completed grpc.service=protos.Endorser grpc.method=ProcessProposal grpc.request_deadline=2026-09-14T17:39:29.692Z grpc.peer_address=172.18.0.5:55100 grpc.peer_subject="CN=peer0.org1.example.com,L=San Francisco,ST=California,C=US" grpc.code=OK grpc.call_duration=885.478µs
2026-09-14T17:38:59.726831488Z [34m2026-09-14 17:38:59.726 UTC 03fe INFO[0m [gossip.privdata] [34;1mStoreBlock[0m -> Received block [12] from buffer channel=mychannel
2026-09-14T17:38:59.736265422Z [34m2026-09-14 17:38:59.736 UTC 03ff INFO[0m [committer.txvalidator] [34;1mValidate[0m -> [mychannel] Validated block [12] in 9ms
2026-09-14T17:38:59.784366478Z [34m2026-09-14 17:38:59.784 UTC 0400 INFO[0m [kvledger] [34;1mcommit[0m -> [mychannel] Committed block [12] with 52 transaction(s) in 47ms (state_validation=0ms block_and_pvtdata_commit=25ms state_commit=9ms) commitHash=[edd63e38e5eb1dbc7328ec66edba353ba3dac9e27b2c95edda140fe0059d78cd]
2026-09-14T17:38:59.785345934Z [34m2026-09-14 17:38:59.785 UTC 0401 INFO[0m [endorser] [34;1mcallChaincode[0m -> finished chaincode: kvstore duration: 0ms channel=mychannel txID=119a2bdf
2026-09-14T17:38:59.785375390Z [34m2026-09-14 17:38:59.785 UTC 0402 INFO[0m [endorser] [34;1mcallChaincode[0m -> finished chaincode: kvstore duration: 0ms channel=mychannel txID=04938fdb
2026-09-14T17:38:59.785433349Z [34m2026-09-14 17:38:59.785 UTC 0403 INFO[0m [comm.grpc.server] [34;1mfunc1[0m -> unary call completed grpc.service=protos.Endorser grpc.method=ProcessProposal grpc.request_deadline=2026-09-14T17:39:29.739Z grpc.peer_address=172.18.0.5:55100 grpc.peer_subject="CN=peer0.org1.example.com,L=San Francisco,ST=California,C=US" grpc.code=OK grpc.call_duration=45.440885ms
2026-09-14T17:38:59.785441174Z [34m2026-09-14 17:38:59.785 UTC 0404 INFO[0m [comm.grpc.server] [34;1mfunc1[0m -> unary call completed grpc.service=protos.Endorser grpc.method=ProcessProposal grpc.request_deadline=2026-09-14T17:39:29.739Z grpc.peer_address=172.18.0.5:55100 grpc.peer_subject="CN=peer0.org1.example.com,L=San Francisco,ST=California,C=US" grpc.code=OK grpc.call_duration=45.753758ms
2026-09-14T17:38:59.792198778Z [34m2026-09-14 17:38:59.792 UTC 0405 INFO[0m [endorser] [34;1mcallChaincode[0m -> finished chaincode: kvstore duration: 0ms channel=mychannel txID=31ca7537
2026-09-14T17:38:59.792242140Z [34m2026-09-14 17:38:59.792 UTC 0406 INFO[0m [endorser] [34;1mcallChaincode[0m -> finished chaincode: kvstore duration: 0ms channel=mychannel txID=2ececc48
2026-09-14T17:38:59.792289680Z [34m2026-09-14 17:38:59.792 UTC 0407 INFO[0m [comm.grpc.server] [34;1mfunc1[0m -> unary call completed grpc.service=protos.Endorser grpc.method=ProcessProposal grpc.request_deadline=2026-09-14T17:39:29.791Z grpc.peer_address=172.18.0.5:55100 grpc.peer_subject="CN=peer0.org1.example.com,L=San Francisco,ST=California,C=US" grpc.code=OK grpc.call_duration=759.75µs
2026-09-14T17:38:59.792328995Z [34m2026-09-14 17:38:59.792 UTC 0408 INFO[0m [comm.grpc.server] [34;1mfunc1[0m -> unary call completed grpc.service=protos.Endorser grpc.method=ProcessProposal grpc.request_deadline=2026-09-14T17:39:29.791Z grpc.peer_address=172.18.0.5:55100 grpc.peer_subject="CN=peer0.org1.example.com,L=San Francisco,ST=California,C=US" grpc.code=OK grpc.call_duration=773.616µs
2026-09-14T17:38:59.812956727Z [34m2026-09-14 17:38:59.812 UTC 0409 INFO[0m [endorser] [34;1mcallChaincode[0m -> finished chaincode: kvstore duration: 0ms channel=mychannel txID=4393378b
2026-09-14T17:38:59.812968139Z [34m2026-09-14 17:38:59.812 UTC 040a INFO[0m [endorser] [34;1mcallChaincode[0m -> finished chaincode: kvstore duration: 0ms channel=mychannel txID=1529c8bd
2026-09-14T17:38:59.813015449Z [34m2026-09-14 17:38:59.812 UTC 040c INFO[0m [comm.grpc.server] [34;1mfunc1[0m -> unary call completed grpc.service=protos.Endorser grpc.method=ProcessProposal grpc.request_deadline=2026-09-14T17:39:29.812Z grpc.peer_address=172.18.0.5:55100 grpc.peer_subject="CN=peer0.org1.example.com,L=San Francisco,ST=California,C=US" grpc.code=OK grpc.call_duration=748.338µs
2026-09-14T17:38:59.813034976Z [34m2026-09-14 17:38:59.812 UTC 040b INFO[0m [comm.grpc.server] [34;1mfunc1[0m -> unary call completed grpc.service=protos.Endorser grpc.method=ProcessProposal grpc.request_deadline=2026-09-14T17:39:29.812Z grpc.peer_address=172.18.0.5:55100 grpc.peer_subject="CN=peer0.org1.example.com,L=San Francisco,ST=California,C=US" grpc.code=OK grpc.call_duration=750.883µs
2026-09-14T17:38:59.853555870Z [34m2026-09-14 17:38:59.853 UTC 040d INFO[0m [endorser] [34;1mcallChaincode[0m -> finished chaincode: kvstore duration: 0ms channel=mychannel txID=a71a1099
2026-09-14T17:38:59.853588261Z [34m2026-09-14 17:38:59.853 UTC 040e INFO[0m [endorser] [34;1mcallChaincode[0m -> finished chaincode: kvstore duration: 0ms channel=mychannel txID=aae9ccd4
2026-09-14T17:38:59.853632365Z [34m2026-09-14 17:38:59.853 UTC 040f INFO[0m [comm.grpc.server] [34;1mfunc1[0m -> unary call completed grpc.service=protos.Endorser grpc.method=ProcessProposal grpc.request_deadline=2026-09-14T17:39:29.852Z grpc.peer_address=172.18.0.5:55100 grpc.peer_subject="CN=peer0.org1.example.com,L=San Francisco,ST=California,C=US" grpc.code=OK grpc.call_duration=1.2036ms
2026-09-14T17:38:59.853649657Z [34m2026-09-14 17:38:59.853 UTC 0410 INFO[0m [comm.grpc.server] [34;1mfunc1[0m -> unary call completed grpc.service=protos.Endorser grpc.method=ProcessProposal grpc.request_deadline=2026-09-14T17:39:29.852Z grpc.peer_address=172.18.0.5:55100 grpc.peer_subject="CN=peer0.org1.example.com,L=San Francisco,ST=California,C=US" grpc.code=OK grpc.call_duration=1.20308ms
2026-09-14T17:38:59.892765860Z [34m2026-09-14 17:38:59.892 UTC 0412 INFO[0m [endorser] [34;1mcallChaincode[0m -> finished chaincode: kvstore duration: 0ms channel=mychannel txID=2f2cf1f2
2026-09-14T17:38:59.892780238Z [34m2026-09-14 17:38:59.892 UTC 0411 INFO[0m [endorser] [34;1mcallChaincode[0m -> finished chaincode: kvstore duration: 0ms channel=mychannel txID=323ced2d
2026-09-14T17:38:59.892831354Z [34m2026-09-14 17:38:59.892 UTC 0413 INFO[0m [comm.grpc.server] [34;1mfunc1[0m -> unary call completed grpc.service=protos.Endorser grpc.method=ProcessProposal grpc.request_deadline=2026-09-14T17:39:29.891Z grpc.peer_address=172.18.0.5:55100 grpc.peer_subject="CN=peer0.org1.example.com,L=San Francisco,ST=California,C=US" grpc.code=OK grpc.call_duration=805.366µs
2026-09-14T17:38:59.892842155Z [34m2026-09-14 17:38:59.892 UTC 0414 INFO[0m [comm.grpc.server] [34;1mfunc1[0m -> unary call completed grpc.service=protos.Endorser grpc.method=ProcessProposal grpc.request_deadline=2026-09-14T17:39:29.891Z grpc.peer_address=172.18.0.5:55100 grpc.peer_subject="CN=peer0.org1.example.com,L=San Francisco,ST=California,C=US" grpc.code=OK grpc.call_duration=815.105µs
2026-09-14T17:38:59.933533512Z [34m2026-09-14 17:38:59.933 UTC 0415 INFO[0m [endorser] [34;1mcallChaincode[0m -> finished chaincode: kvstore duration: 0ms channel=mychannel txID=86f61059
2026-09-14T17:38:59.933575271Z [34m2026-09-14 17:38:59.933 UTC 0416 INFO[0m [endorser] [34;1mcallChaincode[0m -> finished chaincode: kvstore duration: 0ms channel=mychannel txID=55c86cbe
2026-09-14T17:38:59.933594798Z [34m2026-09-14 17:38:59.933 UTC 0417 INFO[0m [comm.grpc.server] [34;1mfunc1[0m -> unary call completed grpc.service=protos.Endorser grpc.method=ProcessProposal grpc.request_deadline=2026-09-14T17:39:29.932Z grpc.peer_address=172.18.0.5:55100 grpc.peer_subject="CN=peer0.org1.example.com,L=San Francisco,ST=California,C=US" grpc.code=OK grpc.call_duration=874.777µs
2026-09-14T17:38:59.933643490Z [34m2026-09-14 17:38:59.933 UTC 0418 INFO[0m [comm.grpc.server] [34;1mfunc1[0m -> unary call completed grpc.service=protos.Endorser grpc.method=ProcessProposal grpc.request_deadline=2026-09-14T17:39:29.932Z grpc.peer_address=172.18.0.5:55100 grpc.peer_subject="CN=peer0.org1.example.com,L=San Francisco,ST=California,C=US" grpc.code=OK grpc.call_duration=915.975µs
2026-09-14T17:38:59.974358732Z [34m2026-09-14 17:38:59.974 UTC 0419 INFO[0m [endorser] [34;1mcallChaincode[0m -> finished chaincode: kvstore duration: 0ms channel=mychannel txID=46805562
2026-09-14T17:38:59.974380534Z [34m2026-09-14 17:38:59.974 UTC 041a INFO[0m [endorser] [34;1mcallChaincode[0m -> finished chaincode: kvstore duration: 0ms channel=mychannel txID=f5134020
2026-09-14T17:38:59.974473991Z [34m2026-09-14 17:38:59.974 UTC 041b INFO[0m [comm.grpc.server] [34;1mfunc1[0m -> unary call completed grpc.service=protos.Endorser grpc.method=ProcessProposal grpc.request_deadline=2026-09-14T17:39:29.973Z grpc.peer_address=172.18.0.5:55100 grpc.peer_subject="CN=peer0.org1.example.com,L=San Francisco,ST=California,C=US" grpc.code=OK grpc.call_duration=946.944µs
2026-09-14T17:38:59.974485753Z [34m2026-09-14 17:38:59.974 UTC 041c INFO[0m [comm.grpc.server] [34;1mfunc1[0m -> unary call completed grpc.service=protos.Endorser grpc.method=ProcessProposal grpc.request_deadline=2026-09-14T17:39:29.973Z grpc.peer_address=172.18.0.5:55100 grpc.peer_subject="CN=peer0.org1.example.com,L=San Francisco,ST=California,C=US" grpc.code=OK grpc.call_duration=947.856µs
2026-09-14T17:39:00.013611283Z [34m2026-09-14 17:39:00.013 UTC 041d INFO[0m [endorser] [34;1mcallChaincode[0m -> finished chaincode: kvstore duration: 0ms channel=mychannel txID=6624c479
2026-09-14T17:39:00.013624829Z [34m2026-09-14 17:39:00.013 UTC 041e INFO[0m [endorser] [34;1mcallChaincode[0m -> finished chaincode: kvstore duration: 0ms channel=mychannel txID=755058b8
2026-09-14T17:39:00.013665075Z [34m2026-09-14 17:39:00.013 UTC 041f INFO[0m [comm.grpc.server] [34;1mfunc1[0m -> unary call completed grpc.service=protos.Endorser grpc.method=ProcessProposal grpc.request_deadline=2026-09-14T17:39:30.012Z grpc.peer_address=172.18.0.5:55100 grpc.peer_subject="CN=peer0.org1.example.com,L=San Francisco,ST=California,C=US" grpc.code=OK grpc.call_duration=857.023µs
2026-09-14T17:39:00.013672289Z [34m2026-09-14 17:39:00.013 UTC 0420 INFO[0m [comm.grpc.server] [34;1mfunc1[0m -> unary call completed grpc.service=protos.Endorser grpc.method=ProcessProposal grpc.request_deadline=2026-09-14T17:39:30.012Z grpc.peer_address=172.18.0.5:55100 grpc.peer_subject="CN=peer0.org1.example.com,L=San Francisco,ST=California,C=US" grpc.code=OK grpc.call_duration=790.187µs
2026-09-14T17:39:00.052932434Z [34m2026-09-14 17:39:00.052 UTC 0421 INFO[0m [endorser] [34;1mcallChaincode[0m -> finished chaincode: kvstore duration: 0ms channel=mychannel txID=b4eea63f
2026-09-14T17:39:00.052960628Z [34m2026-09-14 17:39:00.052 UTC 0422 INFO[0m [endorser] [34;1mcallChaincode[0m -> finished chaincode: kvstore duration: 0ms channel=mychannel txID=061fc8d6
2026-09-14T17:39:00.052990024Z [34m2026-09-14 17:39:00.052 UTC 0423 INFO[0m [comm.grpc.server] [34;1mfunc1[0m -> unary call completed grpc.service=protos.Endorser grpc.method=ProcessProposal grpc.request_deadline=2026-09-14T17:39:30.052Z grpc.peer_address=172.18.0.5:55100 grpc.peer_subject="CN=peer0.org1.example.com,L=San Francisco,ST=California,C=US" grpc.code=OK grpc.call_duration=805.175µs
2026-09-14T17:39:00.053000043Z [34m2026-09-14 17:39:00.052 UTC 0424 INFO[0m [comm.grpc.server] [34;1mfunc1[0m -> unary call completed grpc.service=protos.Endorser grpc.method=ProcessProposal grpc.request_deadline=2026-09-14T17:39:30.052Z grpc.peer_address=172.18.0.5:55100 grpc.peer_subject="CN=peer0.org1.example.com,L=San Francisco,ST=California,C=US" grpc.code=OK grpc.call_duration=819.963µs
2026-09-14T17:39:00.093323743Z [34m2026-09-14 17:39:00.093 UTC 0425 INFO[0m [endorser] [34;1mcallChaincode[0m -> finished chaincode: kvstore duration: 0ms channel=mychannel txID=eebe24ed
2026-09-14T17:39:00.093337619Z [34m2026-09-14 17:39:00.093 UTC 0426 INFO[0m [endorser] [34;1mcallChaincode[0m -> finished chaincode: kvstore duration: 0ms channel=mychannel txID=c699de61
2026-09-14T17:39:00.093415116Z [34m2026-09-14 17:39:00.093 UTC 0428 INFO[0m [comm.grpc.server] [34;1mfunc1[0m -> unary call completed grpc.service=protos.Endorser grpc.method=ProcessProposal grpc.request_deadline=2026-09-14T17:39:30.092Z grpc.peer_address=172.18.0.5:55100 grpc.peer_subject="CN=peer0.org1.example.com,L=San Francisco,ST=California,C=US" grpc.code=OK grpc.call_duration=858.737µs
2026-09-14T17:39:00.093425486Z [34m2026-09-14 17:39:00.093 UTC 0427 INFO[0m [comm.grpc.server] [34;1mfunc1[0m -> unary call completed grpc.service=protos.Endorser grpc.method=ProcessProposal grpc.request_deadline=2026-09-14T17:39:30.092Z grpc.peer_address=172.18.0.5:55100 grpc.peer_subject="CN=peer0.org1.example.com,L=San Francisco,ST=California,C=US" grpc.code=OK grpc.call_duration=870.018µs
2026-09-14T17:39:00.133433999Z [34m2026-09-14 17:39:00.133 UTC 0429 INFO[0m [endorser] [34;1mcallChaincode[0m -> finished chaincode: kvstore duration: 0ms channel=mychannel txID=26f0738c
2026-09-14T17:39:00.133449278Z [34m2026-09-14 17:39:00.133 UTC 042a INFO[0m [endorser] [34;1mcallChaincode[0m -> finished chaincode: kvstore duration: 0ms channel=mychannel txID=729da274
2026-09-14T17:39:00.133467272Z [34m2026-09-14 17:39:00.133 UTC 042b INFO[0m [comm.grpc.server] [34;1mfunc1[0m -> unary call completed grpc.service=protos.Endorser grpc.method=ProcessProposal grpc.request_deadline=2026-09-14T17:39:30.132Z grpc.peer_address=172.18.0.5:55100 grpc.peer_subject="CN=peer0.org1.example.com,L=San Francisco,ST=California,C=US" grpc.code=OK grpc.call_duration=772.594µs
2026-09-14T17:39:00.133485447Z [34m2026-09-14 17:39:00.133 UTC 042c INFO[0m [comm.grpc.server] [34;1mfunc1[0m -> unary call completed grpc.service=protos.Endorser grpc.method=ProcessProposal grpc.request_deadline=2026-09-14T17:39:30.132Z grpc.peer_address=172.18.0.5:55100 grpc.peer_subject="CN=peer0.org1.example.com,L=San Francisco,ST=California,C=US" grpc.code=OK grpc.call_duration=777.353µs
2026-09-14T17:39:00.173757099Z [34m2026-09-14 17:39:00.173 UTC 042d INFO[0m [endorser] [34;1mcallChaincode[0m -> finished chaincode: kvstore duration: 0ms channel=mychannel txID=44fb1d43
2026-09-14T17:39:00.173787586Z [34m2026-09-14 17:39:00.173 UTC 042e INFO[0m [endorser] [34;1mcallChaincode[0m -> finished chaincode: kvstore duration: 0ms channel=mychannel txID=03c2a831
2026-09-14T17:39:00.173813025Z [34m2026-09-14 17:39:00.173 UTC 042f INFO[0m [comm.grpc.server] [34;1mfunc1[0m -> unary call completed grpc.service=protos.Endorser grpc.method=ProcessProposal grpc.request_deadline=2026-09-14T17:39:30.172Z grpc.peer_address=172.18.0.5:55100 grpc.peer_subject="CN=peer0.org1.example.com,L=San Francisco,ST=California,C=US" grpc.code=OK grpc.call_duration=854.128µs
2026-09-14T17:39:00.173831399Z [34m2026-09-14 17:39:00.173 UTC 0430 INFO[0m [comm.grpc.server] [34;1mfunc1[0m -> unary call completed grpc.service=protos.Endorser grpc.method=ProcessProposal grpc.request_deadline=2026-09-14T17:39:30.172Z grpc.peer_address=172.18.0.5:55100 grpc.peer_subject="CN=peer0.org1.example.com,L=San Francisco,ST=California,C=US" grpc.code=OK grpc.call_duration=879.036µs
2026-09-14T17:39:00.213341638Z [34m2026-09-14 17:39:00.213 UTC 0431 INFO[0m [endorser] [34;1mcallChaincode[0m -> finished chaincode: kvstore duration: 0ms channel=mychannel txID=32fc9cfd
2026-09-14T17:39:00.213390822Z [34m2026-09-14 17:39:00.213 UTC 0432 INFO[0m [endorser] [34;1mcallChaincode[0m -> finished chaincode: kvstore duration: 0ms channel=mychannel txID=0200f053
2026-09-14T17:39:00.213399057Z [34m2026-09-14 17:39:00.213 UTC 0433 INFO[0m [comm.grpc.server] [34;1mfunc1[0m -> unary call completed grpc.service=protos.Endorser grpc.method=ProcessProposal grpc.request_deadline=2026-09-14T17:39:30.212Z grpc.peer_address=172.18.0.5:55100 grpc.peer_subject="CN=peer0.org1.example.com,L=San Francisco,ST=California,C=US" grpc.code=OK grpc.call_duration=847.246µs
2026-09-14T17:39:00.213450385Z [34m2026-09-14 17:39:00.213 UTC 0434 INFO[0m [comm.grpc.server] [34;1mfunc1[0m -> unary call completed grpc.service=protos.Endorser grpc.method=ProcessProposal grpc.request_deadline=2026-09-14T17:39:30.212Z grpc.peer_address=172.18.0.5:55100 grpc.peer_subject="CN=peer0.org1.example.com,L=San Francisco,ST=California,C=US" grpc.code=OK grpc.call_duration=935.783µs
2026-09-14T17:39:00.253950048Z [34m2026-09-14 17:39:00.253 UTC 0435 INFO[0m [endorser] [34;1mcallChaincode[0m -> finished chaincode: kvstore duration: 0ms channel=mychannel txID=127574e9
2026-09-14T17:39:00.253961009Z [34m2026-09-14 17:39:00.253 UTC 0436 INFO[0m [endorser] [34;1mcallChaincode[0m -> finished chaincode: kvstore duration: 0ms channel=mychannel txID=b7f20f97
2026-09-14T17:39:00.254002538Z [34m2026-09-14 17:39:00.253 UTC 0437 INFO[0m [comm.grpc.server] [34;1mfunc1[0m -> unary call completed grpc.service=protos.Endorser grpc.method=ProcessProposal grpc.request_deadline=2026-09-14T17:39:30.253Z grpc.peer_address=172.18.0.5:55100 grpc.peer_subject="CN=peer0.org1.example.com,L=San Francisco,ST=California,C=US" grpc.code=OK grpc.call_duration=854.289µs
2026-09-14T17:39:00.254047884Z [34m2026-09-14 17:39:00.254 UTC 0438 INFO[0m [comm.grpc.server] [34;1mfunc1[0m -> unary call completed grpc.service=protos.Endorser grpc.method=ProcessProposal grpc.request_deadline=2026-09-14T17:39:30.253Z grpc.peer_address=172.18.0.5:55100 grpc.peer_subject="CN=peer0.org1.example.com,L=San Francisco,ST=California,C=US" grpc.code=OK grpc.call_duration=854.95µs
2026-09-14T17:39:00.293701184Z [34m2026-09-14 17:39:00.293 UTC 0439 INFO[0m [endorser] [34;1mcallChaincode[0m -> finished chaincode: kvstore duration: 0ms channel=mychannel txID=2b5b4ded
2026-09-14T17:39:00.293714570Z [34m2026-09-14 17:39:00.293 UTC 043a INFO[0m [endorser] [34;1mcallChaincode[0m -> finished chaincode: kvstore duration: 0ms channel=mychannel txID=bf2145d1
2026-09-14T17:39:00.293769444Z [34m2026-09-14 17:39:00.293 UTC 043c INFO[0m [comm.grpc.server] [34;1mfunc1[0m -> unary call completed grpc.service=protos.Endorser grpc.method=ProcessProposal grpc.request_deadline=2026-09-14T17:39:30.292Z grpc.peer_address=172.18.0.5:55100 grpc.peer_subject="CN=peer0.org1.example.com,L=San Francisco,ST=California,C=US" grpc.code=OK grpc.call_duration=755.281µs
2026-09-14T17:39:00.293778501Z [34m2026-09-14 17:39:00.293 UTC 043b INFO[0m [comm.grpc.server] [34;1mfunc1[0m -> unary call completed grpc.service=protos.Endorser grpc.method=ProcessProposal grpc.request_deadline=2026-09-14T17:39:30.292Z grpc.peer_address=172.18.0.5:55100 grpc.peer_subject="CN=peer0.org1.example.com,L=San Francisco,ST=California,C=US" grpc.code=OK grpc.call_duration=739.951µs
2026-09-14T17:39:00.333876293Z [34m2026-09-14 17:39:00.333 UTC 043e INFO[0m [endorser] [34;1mcallChaincode[0m -> finished chaincode: kvstore duration: 0ms channel=mychannel txID=90f4e2d2
2026-09-14T17:39:00.333920728Z [34m2026-09-14 17:39:00.333 UTC 043d INFO[0m [endorser] [34;1mcallChaincode[0m -> finished chaincode: kvstore duration: 0ms channel=mychannel txID=808fbb77
2026-09-14T17:39:00.333951526Z [34m2026-09-14 17:39:00.333 UTC 043f INFO[0m [comm.grpc.server] [34;1mfunc1[0m -> unary call completed grpc.service=protos.Endorser grpc.method=ProcessProposal grpc.request_deadline=2026-09-14T17:39:30.333Z grpc.peer_address=172.18.0.5:55100 grpc.peer_subject="CN=peer0.org1.example.com,L=San Francisco,ST=California,C=US" grpc.code=OK grpc.call_duration=799.175µs
2026-09-14T17:39:00.333987735Z [34m2026-09-14 17:39:00.333 UTC 0440 INFO[0m [comm.grpc.server] [34;1mfunc1[0m -> unary call completed grpc.service=protos.Endorser grpc.method=ProcessProposal grpc.request_deadline=2026-09-14T17:39:30.333Z grpc.peer_address=172.18.0.5:55100 grpc.peer_subject="CN=peer0.org1.example.com,L=San Francisco,ST=California,C=US" grpc.code=OK grpc.call_duration=847.736µs
2026-09-14T17:39:00.373683205Z [34m2026-09-14 17:39:00.373 UTC 0441 INFO[0m [endorser] [34;1mcallChaincode[0m -> finished chaincode: kvstore duration: 0ms channel=mychannel txID=2a2b70b8
2026-09-14T17:39:00.373695779Z [34m2026-09-14 17:39:00.373 UTC 0442 INFO[0m [endorser] [34;1mcallChaincode[0m -> finished chaincode: kvstore duration: 0ms channel=mychannel txID=00687444
2026-09-14T17:39:00.373734652Z [34m2026-09-14 17:39:00.373 UTC 0443 INFO[0m [comm.grpc.server] [34;1mfunc1[0m -> unary call completed grpc.service=protos.Endorser grpc.method=ProcessProposal grpc.request_deadline=2026-09-14T17:39:30.372Z grpc.peer_address=172.18.0.5:55100 grpc.peer_subject="CN=peer0.org1.example.com,L=San Francisco,ST=California,C=US" grpc.code=OK grpc.call_duration=956.973µs
2026-09-14T17:39:00.373756133Z [34m2026-09-14 17:39:00.373 UTC 0444 INFO[0m [comm.grpc.server] [34;1mfunc1[0m -> unary call completed grpc.service=protos.Endorser grpc.method=ProcessProposal grpc.request_deadline=2026-09-14T17:39:30.372Z grpc.peer_address=172.18.0.5:55100 grpc.peer_subject="CN=peer0.org1.example.com,L=San Francisco,ST=California,C=US" grpc.code=OK grpc.call_duration=998.241µs
2026-09-14T17:39:00.412772807Z [34m2026-09-14 17:39:00.412 UTC 0445 INFO[0m [endorser] [34;1mcallChaincode[0m -> finished chaincode: kvstore duration: 0ms channel=mychannel txID=a9dd0f29
2026-09-14T17:39:00.412814045Z [34m2026-09-14 17:39:00.412 UTC 0446 INFO[0m [endorser] [34;1mcallChaincode[0m -> finished chaincode: kvstore duration: 0ms channel=mychannel txID=387089e5
2026-09-14T17:39:00.412849142Z [34m2026-09-14 17:39:00.412 UTC 0447 INFO[0m [comm.grpc.server] [34;1mfunc1[0m -> unary call completed grpc.service=protos.Endorser grpc.method=ProcessProposal grpc.request_deadline=2026-09-14T17:39:30.411Z grpc.peer_address=172.18.0.5:55100 grpc.peer_subject="CN=peer0.org1.example.com,L=San Francisco,ST=California,C=US" grpc.code=OK grpc.call_duration=891.67µs
2026-09-14T17:39:00.412869190Z [34m2026-09-14 17:39:00.412 UTC 0448 INFO[0m [comm.grpc.server] [34;1mfunc1[0m -> unary call completed grpc.service=protos.Endorser grpc.method=ProcessProposal grpc.request_deadline=2026-09-14T17:39:30.411Z grpc.peer_address=172.18.0.5:55100 grpc.peer_subject="CN=peer0.org1.example.com,L=San Francisco,ST=California,C=US" grpc.code=OK grpc.call_duration=857.935µs
2026-09-14T17:39:00.453213149Z [34m2026-09-14 17:39:00.453 UTC 0449 INFO[0m [endorser] [34;1mcallChaincode[0m -> finished chaincode: kvstore duration: 0ms channel=mychannel txID=b060b496
2026-09-14T17:39:00.453228287Z [34m2026-09-14 17:39:00.453 UTC 044a INFO[0m [endorser] [34;1mcallChaincode[0m -> finished chaincode: kvstore duration: 0ms channel=mychannel txID=34059fe4
2026-09-14T17:39:00.453275377Z [34m2026-09-14 17:39:00.453 UTC 044b INFO[0m [comm.grpc.server] [34;1mfunc1[0m -> unary call completed grpc.service=protos.Endorser grpc.method=ProcessProposal grpc.request_deadline=2026-09-14T17:39:30.452Z grpc.peer_address=172.18.0.5:55100 grpc.peer_subject="CN=peer0.org1.example.com,L=San Francisco,ST=California,C=US" grpc.code=OK grpc.call_duration=838.198µs
2026-09-14T17:39:00.453282740Z [34m2026-09-14 17:39:00.453 UTC 044c INFO[0m [comm.grpc.server] [34;1mfunc1[0m -> unary call completed grpc.service=protos.Endorser grpc.method=ProcessProposal grpc.request_deadline=2026-09-14T17:39:30.452Z grpc.peer_address=172.18.0.5:55100 grpc.peer_subject="CN=peer0.org1.example.com,L=San Francisco,ST=California,C=US" grpc.code=OK grpc.call_duration=895.517µs
2026-09-14T17:39:00.493859851Z [34m2026-09-14 17:39:00.493 UTC 044d INFO[0m [endorser] [34;1mcallChaincode[0m -> finished chaincode: kvstore duration: 0ms channel=mychannel txID=e12364b7
2026-09-14T17:39:00.493872425Z [34m2026-09-14 17:39:00.493 UTC 044e INFO[0m [endorser] [34;1mcallChaincode[0m -> finished chaincode: kvstore duration: 0ms channel=mychannel txID=3556fcb3
2026-09-14T17:39:00.493882835Z [34m2026-09-14 17:39:00.493 UTC 0450 INFO[0m [comm.grpc.server] [34;1mfunc1[0m -> unary call completed grpc.service=protos.Endorser grpc.method=ProcessProposal grpc.request_deadline=2026-09-14T17:39:30.492Z grpc.peer_address=172.18.0.5:55100 grpc.peer_subject="CN=peer0.org1.example.com,L=San Francisco,ST=California,C=US" grpc.code=OK grpc.call_duration=889.355µs
2026-09-14T17:39:00.493894357Z [34m2026-09-14 17:39:00.493 UTC 044f INFO[0m [comm.grpc.server] [34;1mfunc1[0m -> unary call completed grpc.service=protos.Endorser grpc.method=ProcessProposal grpc.request_deadline=2026-09-14T17:39:30.492Z grpc.peer_address=172.18.0.5:55100 grpc.peer_subject="CN=peer0.org1.example.com,L=San Francisco,ST=California,C=US" grpc.code=OK grpc.call_duration=878.945µs
2026-09-14T17:39:00.533430164Z [34m2026-09-14 17:39:00.533 UTC 0451 INFO[0m [endorser] [34;1mcallChaincode[0m -> finished chaincode: kvstore duration: 0ms channel=mychannel txID=3675af73
2026-09-14T17:39:00.533478445Z [34m2026-09-14 17:39:00.533 UTC 0452 INFO[0m [endorser] [34;1mcallChaincode[0m -> finished chaincode: kvstore duration: 0ms channel=mychannel txID=fbfdde19
2026-09-14T17:39:00.533486190Z [34m2026-09-14 17:39:00.533 UTC 0453 INFO[0m [comm.grpc.server] [34;1mfunc1[0m -> unary call completed grpc.service=protos.Endorser grpc.method=ProcessProposal grpc.request_deadline=2026-09-14T17:39:30.532Z grpc.peer_address=172.18.0.5:55100 grpc.peer_subject="CN=peer0.org1.example.com,L=San Francisco,ST=California,C=US" grpc.code=OK grpc.call_duration=792.171µs
2026-09-14T17:39:00.533589275Z [34m2026-09-14 17:39:00.533 UTC 0454 INFO[0m [comm.grpc.server] [34;1mfunc1[0m -> unary call completed grpc.service=protos.Endorser grpc.method=ProcessProposal grpc.request_deadline=2026-09-14T17:39:30.532Z grpc.peer_address=172.18.0.5:55100 grpc.peer_subject="CN=peer0.org1.example.com,L=San Francisco,ST=California,C=US" grpc.code=OK grpc.call_duration=929.371µs
2026-09-14T17:39:00.573335702Z [34m2026-09-14 17:39:00.573 UTC 0455 INFO[0m [endorser] [34;1mcallChaincode[0m -> finished chaincode: kvstore duration: 0ms channel=mychannel txID=81a6e2c3
2026-09-14T17:39:00.573360359Z [34m2026-09-14 17:39:00.573 UTC 0456 INFO[0m [endorser] [34;1mcallChaincode[0m -> finished chaincode: kvstore duration: 0ms channel=mychannel txID=74098415
2026-09-14T17:39:00.573375778Z [34m2026-09-14 17:39:00.573 UTC 0457 INFO[0m [comm.grpc.server] [34;1mfunc1[0m -> unary call completed grpc.service=protos.Endorser grpc.method=ProcessProposal grpc.request_deadline=2026-09-14T17:39:30.572Z grpc.peer_address=172.18.0.5:55100 grpc.peer_subject="CN=peer0.org1.example.com,L=San Francisco,ST=California,C=US" grpc.code=OK grpc.call_duration=842.637µs
2026-09-14T17:39:00.573416786Z [34m2026-09-14 17:39:00.573 UTC 0458 INFO[0m [comm.grpc.server] [34;1mfunc1[0m -> unary call completed grpc.service=protos.Endorser grpc.method=ProcessProposal grpc.request_deadline=2026-09-14T17:39:30.572Z grpc.peer_address=172.18.0.5:55100 grpc.peer_subject="CN=peer0.org1.example.com,L=San Francisco,ST=California,C=US" grpc.code=OK grpc.call_duration=887.562µs
2026-09-14T17:39:00.613033507Z [34m2026-09-14 17:39:00.612 UTC 0459 INFO[0m [endorser] [34;1mcallChaincode[0m -> finished chaincode: kvstore duration: 0ms channel=mychannel txID=3aee3aac
2026-09-14T17:39:00.613053535Z [34m2026-09-14 17:39:00.612 UTC 045a INFO[0m [endorser] [34;1mcallChaincode[0m -> finished chaincode: kvstore duration: 0ms channel=mychannel txID=e75b802b
2026-09-14T17:39:00.613071579Z [34m2026-09-14 17:39:00.613 UTC 045b INFO[0m [comm.grpc.server] [34;1mfunc1[0m -> unary call completed grpc.service=protos.Endorser grpc.method=ProcessProposal grpc.request_deadline=2026-09-14T17:39:30.612Z grpc.peer_address=172.18.0.5:55100 grpc.peer_subject="CN=peer0.org1.example.com,L=San Francisco,ST=California,C=US" grpc.code=OK grpc.call_duration=824.312µs
2026-09-14T17:39:00.613081949Z [34m2026-09-14 17:39:00.613 UTC 045c INFO[0m [comm.grpc.server] [34;1mfunc1[0m -> unary call completed grpc.service=protos.Endorser grpc.method=ProcessProposal grpc.request_deadline=2026-09-14T17:39:30.612Z grpc.peer_address=172.18.0.5:55100 grpc.peer_subject="CN=peer0.org1.example.com,L=San Francisco,ST=California,C=US" grpc.code=OK grpc.call_duration=832.527µs
2026-09-14T17:39:00.654423909Z [34m2026-09-14 17:39:00.654 UTC 045e INFO[0m [endorser] [34;1mcallChaincode[0m -> finished chaincode: kvstore duration: 0ms channel=mychannel txID=5871564b
2026-09-14T17:39:00.654443396Z [34m2026-09-14 17:39:00.654 UTC 045d INFO[0m [endorser] [34;1mcallChaincode[0m -> finished chaincode: kvstore duration: 0ms channel=mychannel txID=efd2a24f
2026-09-14T17:39:00.654471389Z [34m2026-09-14 17:39:00.654 UTC 045f INFO[0m [comm.grpc.server] [34;1mfunc1[0m -> unary call completed grpc.service=protos.Endorser grpc.method=ProcessProposal grpc.request_deadline=2026-09-14T17:39:30.653Z grpc.peer_address=172.18.0.5:55100 grpc.peer_subject="CN=peer0.org1.example.com,L=San Francisco,ST=California,C=US" grpc.code=OK grpc.call_duration=751.674µs
2026-09-14T17:39:00.654515302Z [34m2026-09-14 17:39:00.654 UTC 0460 INFO[0m [comm.grpc.server] [34;1mfunc1[0m -> unary call completed grpc.service=protos.Endorser grpc.method=ProcessProposal grpc.request_deadline=2026-09-14T17:39:30.653Z grpc.peer_address=172.18.0.5:55100 grpc.peer_subject="CN=peer0.org1.example.com,L=San Francisco,ST=California,C=US" grpc.code=OK grpc.call_duration=792.031µs
2026-09-14T17:39:00.694276797Z [34m2026-09-14 17:39:00.694 UTC 0461 INFO[0m [endorser] [34;1mcallChaincode[0m -> finished chaincode: kvstore duration: 0ms channel=mychannel txID=461fe4b0
2026-09-14T17:39:00.694290603Z [34m2026-09-14 17:39:00.694 UTC 0462 INFO[0m [endorser] [34;1mcallChaincode[0m -> finished chaincode: kvstore duration: 0ms channel=mychannel txID=1893eeea
2026-09-14T17:39:00.694332082Z [34m2026-09-14 17:39:00.694 UTC 0463 INFO[0m [comm.grpc.server] [34;1mfunc1[0m -> unary call completed grpc.service=protos.Endorser grpc.method=ProcessProposal grpc.request_deadline=2026-09-14T17:39:30.693Z grpc.peer_address=172.18.0.5:55100 grpc.peer_subject="CN=peer0.org1.example.com,L=San Francisco,ST=California,C=US" grpc.code=OK grpc.call_duration=804.254µs
2026-09-14T17:39:00.694371507Z [34m2026-09-14 17:39:00.694 UTC 0464 INFO[0m [comm.grpc.server] [34;1mfunc1[0m -> unary call completed grpc.service=protos.Endorser grpc.method=ProcessProposal grpc.request_deadline=2026-09-14T17:39:30.693Z grpc.peer_address=172.18.0.5:55100 grpc.peer_subject="CN=peer0.org1.example.com,L=San Francisco,ST=California,C=US" grpc.code=OK grpc.call_duration=874.697µs
2026-09-14T17:39:00.733508018Z [34m2026-09-14 17:39:00.733 UTC 0465 INFO[0m [endorser] [34;1mcallChaincode[0m -> finished chaincode: kvstore duration: 0ms channel=mychannel txID=9a74fc4e
2026-09-14T17:39:00.733532735Z [34m2026-09-14 17:39:00.733 UTC 0466 INFO[0m [endorser] [34;1mcallChaincode[0m -> finished chaincode: kvstore duration: 0ms channel=mychannel txID=e1386f47
2026-09-14T17:39:00.733566208Z [34m2026-09-14 17:39:00.733 UTC 0467 INFO[0m [comm.grpc.server] [34;1mfunc1[0m -> unary call completed grpc.service=protos.Endorser grpc.method=ProcessProposal grpc.request_deadline=2026-09-14T17:39:30.732Z grpc.peer_address=172.18.0.5:55100 grpc.peer_subject="CN=peer0.org1.example.com,L=San Francisco,ST=California,C=US" grpc.code=OK grpc.call_duration=1.001868ms
2026-09-14T17:39:00.733589683Z [34m2026-09-14 17:39:00.733 UTC 0468 INFO[0m [comm.grpc.server] [34;1mfunc1[0m -> unary call completed grpc.service=protos.Endorser grpc.method=ProcessProposal grpc.request_deadline=2026-09-14T17:39:30.732Z grpc.peer_address=172.18.0.5:55100 grpc.peer_subject="CN=peer0.org1.example.com,L=San Francisco,ST=California,C=US" grpc.code=OK grpc.call_duration=1.016336ms
2026-09-14T17:39:00.767799660Z [34m2026-09-14 17:39:00.767 UTC 0469 INFO[0m [gossip.privdata] [34;1mStoreBlock[0m -> Received block [13] from buffer channel=mychannel
2026-09-14T17:39:00.778771868Z [34m2026-09-14 17:39:00.778 UTC 046a INFO[0m [endorser] [34;1mcallChaincode[0m -> finished chaincode: kvstore duration: 3ms channel=mychannel txID=eb89cff3
2026-09-14T17:39:00.778838855Z [34m2026-09-14 17:39:00.778 UTC 046b INFO[0m [comm.grpc.server] [34;1mfunc1[0m -> unary call completed grpc.service=protos.Endorser grpc.method=ProcessProposal grpc.request_deadline=2026-09-14T17:39:30.775Z grpc.peer_address=172.18.0.5:55100 grpc.peer_subject="CN=peer0.org1.example.com,L=San Francisco,ST=California,C=US" grpc.code=OK grpc.call_duration=3.65762ms
2026-09-14T17:39:00.780375136Z [34m2026-09-14 17:39:00.780 UTC 046c INFO[0m [committer.txvalidator] [34;1mValidate[0m -> [mychannel] Validated block [13] in 12ms
2026-09-14T17:39:00.781044815Z [34m2026-09-14 17:39:00.780 UTC 046d INFO[0m [endorser] [34;1mcallChaincode[0m -> finished chaincode: kvstore duration: 2ms channel=mychannel txID=c12f2d1c
2026-09-14T17:39:00.781121340Z [34m2026-09-14 17:39:00.781 UTC 046e INFO[0m [comm.grpc.server] [34;1mfunc1[0m -> unary call completed grpc.service=protos.Endorser grpc.method=ProcessProposal grpc.request_deadline=2026-09-14T17:39:30.775Z grpc.peer_address=172.18.0.5:55100 grpc.peer_subject="CN=peer0.org1.example.com,L=San Francisco,ST=California,C=US" grpc.code=OK grpc.call_duration=2.956462ms
2026-09-14T17:39:00.828997770Z [34m2026-09-14 17:39:00.828 UTC 046f INFO[0m [kvledger] [34;1mcommit[0m -> [mychannel] Committed block [13] with 52 transaction(s) in 48ms (state_validation=0ms block_and_pvtdata_commit=26ms state_commit=10ms) commitHash=[d7a4e3b69e742bc10fdaf319f9bdc17a135a4c97990bb2a5d709ce465fecb0ce]
2026-09-14T17:39:00.838462523Z [34m2026-09-14 17:39:00.838 UTC 0471 INFO[0m [endorser] [34;1mcallChaincode[0m -> finished chaincode: kvstore duration: 0ms channel=mychannel txID=bb3952ac
2026-09-14T17:39:00.838497600Z [34m2026-09-14 17:39:00.838 UTC 0470 INFO[0m [endorser] [34;1mcallChaincode[0m -> finished chaincode: kvstore duration: 0ms channel=mychannel txID=34494b10
2026-09-14T17:39:00.838527576Z [34m2026-09-14 17:39:00.838 UTC 0472 INFO[0m [comm.grpc.server] [34;1mfunc1[0m -> unary call completed grpc.service=protos.Endorser grpc.method=ProcessProposal grpc.request_deadline=2026-09-14T17:39:30.836Z grpc.peer_address=172.18.0.5:55100 grpc.peer_subject="CN=peer0.org1.example.com,L=San Francisco,ST=California,C=US" grpc.code=OK grpc.call_duration=1.503579ms
2026-09-14T17:39:00.838562292Z [34m2026-09-14 17:39:00.838 UTC 0473 INFO[0m [comm.grpc.server] [34;1mfunc1[0m -> unary call completed grpc.service=protos.Endorser grpc.method=ProcessProposal grpc.request_deadline=2026-09-14T17:39:30.836Z grpc.peer_address=172.18.0.5:55100 grpc.peer_subject="CN=peer0.org1.example.com,L=San Francisco,ST=California,C=US" grpc.code=OK grpc.call_duration=1.389683ms
2026-09-14T17:39:00.852781363Z [34m2026-09-14 17:39:00.852 UTC 0474 INFO[0m [endorser] [34;1mcallChaincode[0m -> finished chaincode: kvstore duration: 0ms channel=mychannel txID=7582de0b
2026-09-14T17:39:00.852791512Z [34m2026-09-14 17:39:00.852 UTC 0475 INFO[0m [endorser] [34;1mcallChaincode[0m -> finished chaincode: kvstore duration: 0ms channel=mychannel txID=d16d6661
2026-09-14T17:39:00.852839413Z [34m2026-09-14 17:39:00.852 UTC 0476 INFO[0m [comm.grpc.server] [34;1mfunc1[0m -> unary call completed grpc.service=protos.Endorser grpc.method=ProcessProposal grpc.request_deadline=2026-09-14T17:39:30.851Z grpc.peer_address=172.18.0.5:55100 grpc.peer_subject="CN=peer0.org1.example.com,L=San Francisco,ST=California,C=US" grpc.code=OK grpc.call_duration=872.743µs
2026-09-14T17:39:00.852847448Z [34m2026-09-14 17:39:00.852 UTC 0477 INFO[0m [comm.grpc.server] [34;1mfunc1[0m -> unary call completed grpc.service=protos.Endorser grpc.method=ProcessProposal grpc.request_deadline=2026-09-14T17:39:30.851Z grpc.peer_address=172.18.0.5:55100 grpc.peer_subject="CN=peer0.org1.example.com,L=San Francisco,ST=California,C=US" grpc.code=OK grpc.call_duration=901.348µs
2026-09-14T17:39:00.892810245Z [34m2026-09-14 17:39:00.892 UTC 0479 INFO[0m [endorser] [34;1mcallChaincode[0m -> finished chaincode: kvstore duration: 0ms channel=mychannel txID=4f482c34
2026-09-14T17:39:00.892847145Z [34m2026-09-14 17:39:00.892 UTC 0478 INFO[0m [endorser] [34;1mcallChaincode[0m -> finished chaincode: kvstore duration: 0ms channel=mychannel txID=d4d3f7b9
2026-09-14T17:39:00.892866111Z [34m2026-09-14 17:39:00.892 UTC 047a INFO[0m [comm.grpc.server] [34;1mfunc1[0m -> unary call completed grpc.service=protos.Endorser grpc.method=ProcessProposal grpc.request_deadline=2026-09-14T17:39:30.891Z grpc.peer_address=172.18.0.5:55100 grpc.peer_subject="CN=peer0.org1.example.com,L=San Francisco,ST=California,C=US" grpc.code=OK grpc.call_duration=932.066µs
2026-09-14T17:39:00.892912969Z [34m2026-09-14 17:39:00.892 UTC 047b INFO[0m [comm.grpc.server] [34;1mfunc1[0m -> unary call completed grpc.service=protos.Endorser grpc.method=ProcessProposal grpc.request_deadline=2026-09-14T17:39:30.891Z grpc.peer_address=172.18.0.5:55100 grpc.peer_subject="CN=peer0.org1.example.com,L=San Francisco,ST=California,C=US" grpc.code=OK grpc.call_duration=952.735µs
2026-09-14T17:39:00.934337686Z [34m2026-09-14 17:39:00.934 UTC 047c INFO[0m [endorser] [34;1mcallChaincode[0m -> finished chaincode: kvstore duration: 0ms channel=mychannel txID=772920b9
2026-09-14T17:39:00.934361140Z [34m2026-09-14 17:39:00.934 UTC 047d INFO[0m [endorser] [34;1mcallChaincode[0m -> finished chaincode: kvstore duration: 0ms channel=mychannel txID=498c9f42
2026-09-14T17:39:00.934388913Z [34m2026-09-14 17:39:00.934 UTC 047e INFO[0m [comm.grpc.server] [34;1mfunc1[0m -> unary call completed grpc.service=protos.Endorser grpc.method=ProcessProposal grpc.request_deadline=2026-09-14T17:39:30.933Z grpc.peer_address=172.18.0.5:55100 grpc.peer_subject="CN=peer0.org1.example.com,L=San Francisco,ST=California,C=US" grpc.code=OK grpc.call_duration=845.713µs
2026-09-14T17:39:00.934399623Z [34m2026-09-14 17:39:00.934 UTC 047f INFO[0m [comm.grpc.server] [34;1mfunc1[0m -> unary call completed grpc.service=protos.Endorser grpc.method=ProcessProposal grpc.request_deadline=2026-09-14T17:39:30.933Z grpc.peer_address=172.18.0.5:55100 grpc.peer_subject="CN=peer0.org1.example.com,L=San Francisco,ST=California,C=US" grpc.code=OK grpc.call_duration=840.382µs
2026-09-14T17:39:00.973587442Z [34m2026-09-14 17:39:00.973 UTC 0480 INFO[0m [endorser] [34;1mcallChaincode[0m -> finished chaincode: kvstore duration: 0ms channel=mychannel txID=bec15ec6
2026-09-14T17:39:00.973599545Z [34m2026-09-14 17:39:00.973 UTC 0481 INFO[0m [endorser] [34;1mcallChaincode[0m -> finished chaincode: kvstore duration: 0ms channel=mychannel txID=e3695834
2026-09-14T17:39:00.973674617Z [34m2026-09-14 17:39:00.973 UTC 0482 INFO[0m [comm.grpc.server] [34;1mfunc1[0m -> unary call completed grpc.service=protos.Endorser grpc.method=ProcessProposal grpc.request_deadline=2026-09-14T17:39:30.972Z grpc.peer_address=172.18.0.5:55100 grpc.peer_subject="CN=peer0.org1.example.com,L=San Francisco,ST=California,C=US" grpc.code=OK grpc.call_duration=817.128µs
2026-09-14T17:39:00.973683294Z [34m2026-09-14 17:39:00.973 UTC 0483 INFO[0m [comm.grpc.server] [34;1mfunc1[0m -> unary call completed grpc.service=protos.Endorser grpc.method=ProcessProposal grpc.request_deadline=2026-09-14T17:39:30.972Z grpc.peer_address=172.18.0.5:55100 grpc.peer_subject="CN=peer0.org1.example.com,L=San Francisco,ST=California,C=US" grpc.code=OK grpc.call_duration=809.744µs
2026-09-14T17:39:01.013067504Z [34m2026-09-14 17:39:01.013 UTC 0484 INFO[0m [endorser] [34;1mcallChaincode[0m -> finished chaincode: kvstore duration: 0ms channel=mychannel txID=b221af51
2026-09-14T17:39:01.013079467Z [34m2026-09-14 17:39:01.013 UTC 0485 INFO[0m [endorser] [34;1mcallChaincode[0m -> finished chaincode: kvstore duration: 0ms channel=mychannel txID=3833a22d
2026-09-14T17:39:01.013118410Z [34m2026-09-14 17:39:01.013 UTC 0487 INFO[0m [comm.grpc.server] [34;1mfunc1[0m -> unary call completed grpc.service=protos.Endorser grpc.method=ProcessProposal grpc.request_deadline=2026-09-14T17:39:31.012Z grpc.peer_address=172.18.0.5:55100 grpc.peer_subject="CN=peer0.org1.example.com,L=San Francisco,ST=California,C=US" grpc.code=OK grpc.call_duration=838.158µs
2026-09-14T17:39:01.013127417Z [34m2026-09-14 17:39:01.013 UTC 0486 INFO[0m [comm.grpc.server] [34;1mfunc1[0m -> unary call completed grpc.service=protos.Endorser grpc.method=ProcessProposal grpc.request_deadline=2026-09-14T17:39:31.012Z grpc.peer_address=172.18.0.5:55100 grpc.peer_subject="CN=peer0.org1.example.com,L=San Francisco,ST=California,C=US" grpc.code=OK grpc.call_duration=858.887µs
2026-09-14T17:39:01.053068713Z [34m2026-09-14 17:39:01.053 UTC 0488 INFO[0m [endorser] [34;1mcallChaincode[0m -> finished chaincode: kvstore duration: 0ms channel=mychannel txID=a90e6292
2026-09-14T17:39:01.053094522Z [34m2026-09-14 17:39:01.053 UTC 0489 INFO[0m [endorser] [34;1mcallChaincode[0m -> finished chaincode: kvstore duration: 0ms channel=mychannel txID=7f51155e
2026-09-14T17:39:01.053164665Z [34m2026-09-14 17:39:01.053 UTC 048a INFO[0m [comm.grpc.server] [34;1mfunc1[0m -> unary call completed grpc.service=protos.Endorser grpc.method=ProcessProposal grpc.request_deadline=2026-09-14T17:39:31.052Z grpc.peer_address=172.18.0.5:55100 grpc.peer_subject="CN=peer0.org1.example.com,L=San Francisco,ST=California,C=US" grpc.code=OK grpc.call_duration=803.773µs
2026-09-14T17:39:01.053174183Z [34m2026-09-14 17:39:01.053 UTC 048b INFO[0m [comm.grpc.server] [34;1mfunc1[0m -> unary call completed grpc.service=protos.Endorser grpc.method=ProcessProposal grpc.request_deadline=2026-09-14T17:39:31.052Z grpc.peer_address=172.18.0.5:55100 grpc.peer_subject="CN=peer0.org1.example.com,L=San Francisco,ST=California,C=US" grpc.code=OK grpc.call_duration=808.542µs
2026-09-14T17:39:01.093340315Z [34m2026-09-14 17:39:01.093 UTC 048d INFO[0m [endorser] [34;1mcallChaincode[0m -> finished chaincode: kvstore duration: 0ms channel=mychannel txID=4dd433ad
2026-09-14T17:39:01.093353781Z [34m2026-09-14 17:39:01.093 UTC 048c INFO[0m [endorser] [34;1mcallChaincode[0m -> finished chaincode: kvstore duration: 0ms channel=mychannel txID=0b5db14c
2026-09-14T17:39:01.093393576Z [34m2026-09-14 17:39:01.093 UTC 048e INFO[0m [comm.grpc.server] [34;1mfunc1[0m -> unary call completed grpc.service=protos.Endorser grpc.method=ProcessProposal grpc.request_deadline=2026-09-14T17:39:31.092Z grpc.peer_address=172.18.0.5:55100 grpc.peer_subject="CN=peer0.org1.example.com,L=San Francisco,ST=California,C=US" grpc.code=OK grpc.call_duration=842.988µs
2026-09-14T17:39:01.093401992Z [34m2026-09-14 17:39:01.093 UTC 048f INFO[0m [comm.grpc.server] [34;1mfunc1[0m -> unary call completed grpc.service=protos.Endorser grpc.method=ProcessProposal grpc.request_deadline=2026-09-14T17:39:31.092Z grpc.peer_address=172.18.0.5:55100 grpc.peer_subject="CN=peer0.org1.example.com,L=San Francisco,ST=California,C=US" grpc.code=OK grpc.call_duration=891.899µs
2026-09-14T17:39:01.133959446Z [34m2026-09-14 17:39:01.133 UTC 0490 INFO[0m [endorser] [34;1mcallChaincode[0m -> finished chaincode: kvstore duration: 0ms channel=mychannel txID=d34d5f04
2026-09-14T17:39:01.134022786Z [34m2026-09-14 17:39:01.133 UTC 0491 INFO[0m [comm.grpc.server] [34;1mfunc1[0m -> unary call completed grpc.service=protos.Endorser grpc.method=ProcessProposal grpc.request_deadline=2026-09-14T17:39:31.133Z grpc.peer_address=172.18.0.5:55100 grpc.peer_subject="CN=peer0.org1.example.com,L=San Francisco,ST=California,C=US" grpc.code=OK grpc.call_duration=790.157µs
2026-09-14T17:39:01.134039247Z [34m2026-09-14 17:39:01.134 UTC 0492 INFO[0m [endorser] [34;1mcallChaincode[0m -> finished chaincode: kvstore duration: 0ms channel=mychannel txID=7f62f0de
2026-09-14T17:39:01.134104381Z [34m2026-09-14 17:39:01.134 UTC 0493 INFO[0m [comm.grpc.server] [34;1mfunc1[0m -> unary call completed grpc.service=protos.Endorser grpc.method=ProcessProposal grpc.request_deadline=2026-09-14T17:39:31.133Z grpc.peer_address=172.18.0.5:55100 grpc.peer_subject="CN=peer0.org1.example.com,L=San Francisco,ST=California,C=US" grpc.code=OK grpc.call_duration=826.336µs
2026-09-14T17:39:01.174340204Z [34m2026-09-14 17:39:01.174 UTC 0494 INFO[0m [endorser] [34;1mcallChaincode[0m -> finished chaincode: kvstore duration: 0ms channel=mychannel txID=2c883f14
2026-09-14T17:39:01.174359270Z [34m2026-09-14 17:39:01.174 UTC 0495 INFO[0m [endorser] [34;1mcallChaincode[0m -> finished chaincode: kvstore duration: 0ms channel=mychannel txID=957c40b9
2026-09-14T17:39:01.174400178Z [34m2026-09-14 17:39:01.174 UTC 0496 INFO[0m [comm.grpc.server] [34;1mfunc1[0m -> unary call completed grpc.service=protos.Endorser grpc.method=ProcessProposal grpc.request_deadline=2026-09-14T17:39:31.173Z grpc.peer_address=172.18.0.5:55100 grpc.peer_subject="CN=peer0.org1.example.com,L=San Francisco,ST=California,C=US" grpc.code=OK grpc.call_duration=857.124µs
2026-09-14T17:39:01.174437980Z [34m2026-09-14 17:39:01.174 UTC 0497 INFO[0m [comm.grpc.server] [34;1mfunc1[0m -> unary call completed grpc.service=protos.Endorser grpc.method=ProcessProposal grpc.request_deadline=2026-09-14T17:39:31.173Z grpc.peer_address=172.18.0.5:55100 grpc.peer_subject="CN=peer0.org1.example.com,L=San Francisco,ST=California,C=US" grpc.code=OK grpc.call_duration=893.272µs
2026-09-14T17:39:01.213711831Z [34m2026-09-14 17:39:01.213 UTC 0498 INFO[0m [endorser] [34;1mcallChaincode[0m -> finished chaincode: kvstore duration: 0ms channel=mychannel txID=09c0ef13
2026-09-14T17:39:01.213728653Z [34m2026-09-14 17:39:01.213 UTC 0499 INFO[0m [endorser] [34;1mcallChaincode[0m -> finished chaincode: kvstore duration: 0ms channel=mychannel txID=a0615360
2026-09-14T17:39:01.213780902Z [34m2026-09-14 17:39:01.213 UTC 049a INFO[0m [comm.grpc.server] [34;1mfunc1[0m -> unary call completed grpc.service=protos.Endorser grpc.method=ProcessProposal grpc.request_deadline=2026-09-14T17:39:31.212Z grpc.peer_address=172.18.0.5:55100 grpc.peer_subject="CN=peer0.org1.example.com,L=San Francisco,ST=California,C=US" grpc.code=OK grpc.call_duration=851.934µs
2026-09-14T17:39:01.213813694Z [34m2026-09-14 17:39:01.213 UTC 049b INFO[0m [comm.grpc.server] [34;1mfunc1[0m -> unary call completed grpc.service=protos.Endorser grpc.method=ProcessProposal grpc.request_deadline=2026-09-14T17:39:31.212Z grpc.peer_address=172.18.0.5:55100 grpc.peer_subject="CN=peer0.org1.example.com,L=San Francisco,ST=California,C=US" grpc.code=OK grpc.call_duration=910.385µs
2026-09-14T17:39:01.253284268Z [34m2026-09-14 17:39:01.253 UTC 049c INFO[0m [endorser] [34;1mcallChaincode[0m -> finished chaincode: kvstore duration: 0ms channel=mychannel txID=aa7372ad
2026-09-14T17:39:01.253296522Z [34m2026-09-14 17:39:01.253 UTC 049d INFO[0m [endorser] [34;1mcallChaincode[0m -> finished chaincode: kvstore duration: 0ms channel=mychannel txID=f2fd647e
2026-09-14T17:39:01.253341847Z [34m2026-09-14 17:39:01.253 UTC 049e INFO[0m [comm.grpc.server] [34;1mfunc1[0m -> unary call completed grpc.service=protos.Endorser grpc.method=ProcessProposal grpc.request_deadline=2026-09-14T17:39:31.252Z grpc.peer_address=172.18.0.5:55100 grpc.peer_subject="CN=peer0.org1.example.com,L=San Francisco,ST=California,C=US" grpc.code=OK grpc.call_duration=977.753µs
2026-09-14T17:39:01.253382094Z [34m2026-09-14 17:39:01.253 UTC 049f INFO[0m [comm.grpc.server] [34;1mfunc1[0m -> unary call completed grpc.service=protos.Endorser grpc.method=ProcessProposal grpc.request_deadline=2026-09-14T17:39:31.252Z grpc.peer_address=172.18.0.5:55100 grpc.peer_subject="CN=peer0.org1.example.com,L=San Francisco,ST=California,C=US" grpc.code=OK grpc.call_duration=1.022838ms
2026-09-14T17:39:01.293473865Z [34m2026-09-14 17:39:01.293 UTC 04a0 INFO[0m [endorser] [34;1mcallChaincode[0m -> finished chaincode: kvstore duration: 0ms channel=mychannel txID=4eb95bdd
2026-09-14T17:39:01.293483523Z [34m2026-09-14 17:39:01.293 UTC 04a1 INFO[0m [endorser] [34;1mcallChaincode[0m -> finished chaincode: kvstore duration: 0ms channel=mychannel txID=f867fffe
2026-09-14T17:39:01.293561581Z [34m2026-09-14 17:39:01.293 UTC 04a2 INFO[0m [comm.grpc.server] [34;1mfunc1[0m -> unary call completed grpc.service=protos.Endorser grpc.method=ProcessProposal grpc.request_deadline=2026-09-14T17:39:31.292Z grpc.peer_address=172.18.0.5:55100 grpc.peer_subject="CN=peer0.org1.example.com,L=San Francisco,ST=California,C=US" grpc.code=OK grpc.call_duration=987.782µs
2026-09-14T17:39:01.293578984Z [34m2026-09-14 17:39:01.293 UTC 04a3 INFO[0m [comm.grpc.server] [34;1mfunc1[0m -> unary call completed grpc.service=protos.Endorser grpc.method=ProcessProposal grpc.request_deadline=2026-09-14T17:39:31.292Z grpc.peer_address=172.18.0.5:55100 grpc.peer_subject="CN=peer0.org1.example.com,L=San Francisco,ST=California,C=US" grpc.code=OK grpc.call_duration=958.907µs
2026-09-14T17:39:01.333882005Z [34m2026-09-14 17:39:01.333 UTC 04a4 INFO[0m [endorser] [34;1mcallChaincode[0m -> finished chaincode: kvstore duration: 0ms channel=mychannel txID=2b0befc4
2026-09-14T17:39:01.333893056Z [34m2026-09-14 17:39:01.333 UTC 04a5 INFO[0m [endorser] [34;1mcallChaincode[0m -> finished chaincode: kvstore duration: 0ms channel=mychannel txID=2ec436a8
2026-09-14T17:39:01.333942500Z [34m2026-09-14 17:39:01.333 UTC 04a6 INFO[0m [comm.grpc.server] [34;1mfunc1[0m -> unary call completed grpc.service=protos.Endorser grpc.method=ProcessProposal grpc.request_deadline=2026-09-14T17:39:31.332Z grpc.peer_address=172.18.0.5:55100 grpc.peer_subject="CN=peer0.org1.example.com,L=San Francisco,ST=California,C=US" grpc.code=OK grpc.call_duration=1.035692ms
2026-09-14T17:39:01.333951397Z [34m2026-09-14 17:39:01.333 UTC 04a7 INFO[0m [comm.grpc.server] [34;1mfunc1[0m -> unary call completed grpc.service=protos.Endorser grpc.method=ProcessProposal grpc.request_deadline=2026-09-14T17:39:31.332Z grpc.peer_address=172.18.0.5:55100 grpc.peer_subject="CN=peer0.org1.example.com,L=San Francisco,ST=California,C=US" grpc.code=OK grpc.call_duration=1.035772ms
2026-09-14T17:39:01.374023040Z [34m2026-09-14 17:39:01.373 UTC 04a8 INFO[0m [endorser] [34;1mcallChaincode[0m -> finished chaincode: kvstore duration: 0ms channel=mychannel txID=a210cc41
2026-09-14T17:39:01.374039040Z [34m2026-09-14 17:39:01.373 UTC 04a9 INFO[0m [endorser] [34;1mcallChaincode[0m -> finished chaincode: kvstore duration: 0ms channel=mychannel txID=c7805106
2026-09-14T17:39:01.374080349Z [34m2026-09-14 17:39:01.374 UTC 04aa INFO[0m [comm.grpc.server] [34;1mfunc1[0m -> unary call completed grpc.service=protos.Endorser grpc.method=ProcessProposal grpc.request_deadline=2026-09-14T17:39:31.373Z grpc.peer_address=172.18.0.5:55100 grpc.peer_subject="CN=peer0.org1.example.com,L=San Francisco,ST=California,C=US" grpc.code=OK grpc.call_duration=757.184µs
2026-09-14T17:39:01.374101949Z [34m2026-09-14 17:39:01.374 UTC 04ab INFO[0m [comm.grpc.server] [34;1mfunc1[0m -> unary call completed grpc.service=protos.Endorser grpc.method=ProcessProposal grpc.request_deadline=2026-09-14T17:39:31.373Z grpc.peer_address=172.18.0.5:55100 grpc.peer_subject="CN=peer0.org1.example.com,L=San Francisco,ST=California,C=US" grpc.code=OK grpc.call_duration=772.424µs
2026-09-14T17:39:01.413490989Z [34m2026-09-14 17:39:01.413 UTC 04ac INFO[0m [endorser] [34;1mcallChaincode[0m -> finished chaincode: kvstore duration: 0ms channel=mychannel txID=7122b765
2026-09-14T17:39:01.413500347Z [34m2026-09-14 17:39:01.413 UTC 04ad INFO[0m [endorser] [34;1mcallChaincode[0m -> finished chaincode: kvstore duration: 0ms channel=mychannel txID=b7f0031b
2026-09-14T17:39:01.413547096Z [34m2026-09-14 17:39:01.413 UTC 04af INFO[0m [comm.grpc.server] [34;1mfunc1[0m -> unary call completed grpc.service=protos.Endorser grpc.method=ProcessProposal grpc.request_deadline=2026-09-14T17:39:31.412Z grpc.peer_address=172.18.0.5:55100 grpc.peer_subject="CN=peer0.org1.example.com,L=San Francisco,ST=California,C=US" grpc.code=OK grpc.call_duration=729.171µs
2026-09-14T17:39:01.413554710Z [34m2026-09-14 17:39:01.413 UTC 04ae INFO[0m [comm.grpc.server] [34;1mfunc1[0m -> unary call completed grpc.service=protos.Endorser grpc.method=ProcessProposal grpc.request_deadline=2026-09-14T17:39:31.412Z grpc.peer_address=172.18.0.5:55100 grpc.peer_subject="CN=peer0.org1.example.com,L=San Francisco,ST=California,C=US" grpc.code=OK grpc.call_duration=758.577µs
2026-09-14T17:39:01.453937282Z [34m2026-09-14 17:39:01.453 UTC 04b0 INFO[0m [endorser] [34;1mcallChaincode[0m -> finished chaincode: kvstore duration: 0ms channel=mychannel txID=da550dc7
2026-09-14T17:39:01.453948363Z [34m2026-09-14 17:39:01.453 UTC 04b1 INFO[0m [endorser] [34;1mcallChaincode[0m -> finished chaincode: kvstore duration: 0ms channel=mychannel txID=90316eaf
2026-09-14T17:39:01.453996404Z [34m2026-09-14 17:39:01.453 UTC 04b2 INFO[0m [comm.grpc.server] [34;1mfunc1[0m -> unary call completed grpc.service=protos.Endorser grpc.method=ProcessProposal grpc.request_deadline=2026-09-14T17:39:31.453Z grpc.peer_address=172.18.0.5:55100 grpc.peer_subject="CN=peer0.org1.example.com,L=San Francisco,ST=California,C=US" grpc.code=OK grpc.call_duration=833.73µs
2026-09-14T17:39:01.454006814Z [34m2026-09-14 17:39:01.453 UTC 04b3 INFO[0m [comm.grpc.server] [34;1mfunc1[0m -> unary call completed grpc.service=protos.Endorser grpc.method=ProcessProposal grpc.request_deadline=2026-09-14T17:39:31.453Z grpc.peer_address=172.18.0.5:55100 grpc.peer_subject="CN=peer0.org1.example.com,L=San Francisco,ST=California,C=US" grpc.code=OK grpc.call_duration=861.092µs
2026-09-14T17:39:01.493539576Z [34m2026-09-14 17:39:01.493 UTC 04b4 INFO[0m [endorser] [34;1mcallChaincode[0m -> finished chaincode: kvstore duration: 0ms channel=mychannel txID=2ad769ba
2026-09-14T17:39:01.493557550Z [34m2026-09-14 17:39:01.493 UTC 04b5 INFO[0m [endorser] [34;1mcallChaincode[0m -> finished chaincode: kvstore duration: 0ms channel=mychannel txID=a3950af8
2026-09-14T17:39:01.493638674Z [34m2026-09-14 17:39:01.493 UTC 04b6 INFO[0m [comm.grpc.server] [34;1mfunc1[0m -> unary call completed grpc.service=protos.Endorser grpc.method=ProcessProposal grpc.request_deadline=2026-09-14T17:39:31.492Z grpc.peer_address=172.18.0.5:55100 grpc.peer_subject="CN=peer0.org1.example.com,L=San Francisco,ST=California,C=US" grpc.code=OK grpc.call_duration=951.112µs
2026-09-14T17:39:01.493651979Z [34m2026-09-14 17:39:01.493 UTC 04b7 INFO[0m [comm.grpc.server] [34;1mfunc1[0m -> unary call completed grpc.service=protos.Endorser grpc.method=ProcessProposal grpc.request_deadline=2026-09-14T17:39:31.492Z grpc.peer_address=172.18.0.5:55100 grpc.peer_subject="CN=peer0.org1.example.com,L=San Francisco,ST=California,C=US" grpc.code=OK grpc.call_duration=954.528µs
2026-09-14T17:39:01.532978811Z [34m2026-09-14 17:39:01.532 UTC 04b8 INFO[0m [endorser] [34;1mcallChaincode[0m -> finished chaincode: kvstore duration: 0ms channel=mychannel txID=08423a24
2026-09-14T17:39:01.533021251Z [34m2026-09-14 17:39:01.532 UTC 04b9 INFO[0m [endorser] [34;1mcallChaincode[0m -> finished chaincode: kvstore duration: 0ms channel=mychannel txID=8d5a2ab7
2026-09-14T17:39:01.533047210Z [34m2026-09-14 17:39:01.533 UTC 04ba INFO[0m [comm.grpc.server] [34;1mfunc1[0m -> unary call completed grpc.service=protos.Endorser grpc.method=ProcessProposal grpc.request_deadline=2026-09-14T17:39:31.532Z grpc.peer_address=172.18.0.5:55100 grpc.peer_subject="CN=peer0.org1.example.com,L=San Francisco,ST=California,C=US" grpc.code=OK grpc.call_duration=739.29µs
2026-09-14T17:39:01.533083890Z [34m2026-09-14 17:39:01.533 UTC 04bb INFO[0m [comm.grpc.server] [34;1mfunc1[0m -> unary call completed grpc.service=protos.Endorser grpc.method=ProcessProposal grpc.request_deadline=2026-09-14T17:39:31.532Z grpc.peer_address=172.18.0.5:55100 grpc.peer_subject="CN=peer0.org1.example.com,L=San Francisco,ST=California,C=US" grpc.code=OK grpc.call_duration=800.427µs
2026-09-14T17:39:01.573668044Z [34m2026-09-14 17:39:01.573 UTC 04bd INFO[0m [endorser] [34;1mcallChaincode[0m -> finished chaincode: kvstore duration: 0ms channel=mychannel txID=f1d3f951
2026-09-14T17:39:01.573715083Z [34m2026-09-14 17:39:01.573 UTC 04bc INFO[0m [endorser] [34;1mcallChaincode[0m -> finished chaincode: kvstore duration: 0ms channel=mychannel txID=0bb8ef86
2026-09-14T17:39:01.573733097Z [34m2026-09-14 17:39:01.573 UTC 04be INFO[0m [comm.grpc.server] [34;1mfunc1[0m -> unary call completed grpc.service=protos.Endorser grpc.method=ProcessProposal grpc.request_deadline=2026-09-14T17:39:31.572Z grpc.peer_address=172.18.0.5:55100 grpc.peer_subject="CN=peer0.org1.example.com,L=San Francisco,ST=California,C=US" grpc.code=OK grpc.call_duration=1.260668ms
2026-09-14T17:39:01.573787521Z [34m2026-09-14 17:39:01.573 UTC 04bf INFO[0m [comm.grpc.server] [34;1mfunc1[0m -> unary call completed grpc.service=protos.Endorser grpc.method=ProcessProposal grpc.request_deadline=2026-09-14T17:39:31.572Z grpc.peer_address=172.18.0.5:55100 grpc.peer_subject="CN=peer0.org1.example.com,L=San Francisco,ST=California,C=US" grpc.code=OK grpc.call_duration=1.315131ms
2026-09-14T17:39:01.613329380Z [34m2026-09-14 17:39:01.613 UTC 04c0 INFO[0m [endorser] [34;1mcallChaincode[0m -> finished chaincode: kvstore duration: 0ms channel=mychannel txID=2035c3aa
2026-09-14T17:39:01.613344258Z [34m2026-09-14 17:39:01.613 UTC 04c1 INFO[0m [endorser] [34;1mcallChaincode[0m -> finished chaincode: kvstore duration: 0ms channel=mychannel txID=0a5f16af
2026-09-14T17:39:01.613392099Z [34m2026-09-14 17:39:01.613 UTC 04c2 INFO[0m [comm.grpc.server] [34;1mfunc1[0m -> unary call completed grpc.service=protos.Endorser grpc.method=ProcessProposal grpc.request_deadline=2026-09-14T17:39:31.612Z grpc.peer_address=172.18.0.5:55100 grpc.peer_subject="CN=peer0.org1.example.com,L=San Francisco,ST=California,C=US" grpc.code=OK grpc.call_duration=925.122µs
2026-09-14T17:39:01.613406756Z [34m2026-09-14 17:39:01.613 UTC 04c3 INFO[0m [comm.grpc.server] [34;1mfunc1[0m -> unary call completed grpc.service=protos.Endorser grpc.method=ProcessProposal grpc.request_deadline=2026-09-14T17:39:31.612Z grpc.peer_address=172.18.0.5:55100 grpc.peer_subject="CN=peer0.org1.example.com,L=San Francisco,ST=California,C=US" grpc.code=OK grpc.call_duration=976.23µs
2026-09-14T17:39:01.653082399Z [34m2026-09-14 17:39:01.653 UTC 04c4 INFO[0m [endorser] [34;1mcallChaincode[0m -> finished chaincode: kvstore duration: 0ms channel=mychannel txID=19420d77
2026-09-14T17:39:01.653125150Z [34m2026-09-14 17:39:01.653 UTC 04c5 INFO[0m [endorser] [34;1mcallChaincode[0m -> finished chaincode: kvstore duration: 0ms channel=mychannel txID=58ef62be
2026-09-14T17:39:01.653134408Z [34m2026-09-14 17:39:01.653 UTC 04c6 INFO[0m [comm.grpc.server] [34;1mfunc1[0m -> unary call completed grpc.service=protos.Endorser grpc.method=ProcessProposal grpc.request_deadline=2026-09-14T17:39:31.652Z grpc.peer_address=172.18.0.5:55100 grpc.peer_subject="CN=peer0.org1.example.com,L=San Francisco,ST=California,C=US" grpc.code=OK grpc.call_duration=745.072µs
2026-09-14T17:39:01.653191326Z [34m2026-09-14 17:39:01.653 UTC 04c7 INFO[0m [comm.grpc.server] [34;1mfunc1[0m -> unary call completed grpc.service=protos.Endorser grpc.method=ProcessProposal grpc.request_deadline=2026-09-14T17:39:31.652Z grpc.peer_address=172.18.0.5:55100 grpc.peer_subject="CN=peer0.org1.example.com,L=San Francisco,ST=California,C=US" grpc.code=OK grpc.call_duration=809.153µs
2026-09-14T17:39:01.693213766Z [34m2026-09-14 17:39:01.693 UTC 04c8 INFO[0m [endorser] [34;1mcallChaincode[0m -> finished chaincode: kvstore duration: 0ms channel=mychannel txID=c891b375
2026-09-14T17:39:01.693227792Z [34m2026-09-14 17:39:01.693 UTC 04c9 INFO[0m [endorser] [34;1mcallChaincode[0m -> finished chaincode: kvstore duration: 0ms channel=mychannel txID=3e4071ce
2026-09-14T17:39:01.693267758Z [34m2026-09-14 17:39:01.693 UTC 04ca INFO[0m [comm.grpc.server] [34;1mfunc1[0m -> unary call completed grpc.service=protos.Endorser grpc.method=ProcessProposal grpc.request_deadline=2026-09-14T17:39:31.692Z grpc.peer_address=172.18.0.5:55100 grpc.peer_subject="CN=peer0.org1.example.com,L=San Francisco,ST=California,C=US" grpc.code=OK grpc.call_duration=770.97µs
2026-09-14T17:39:01.693282696Z [34m2026-09-14 17:39:01.693 UTC 04cb INFO[0m [comm.grpc.server] [34;1mfunc1[0m -> unary call completed grpc.service=protos.Endorser grpc.method=ProcessProposal grpc.request_deadline=2026-09-14T17:39:31.692Z grpc.peer_address=172.18.0.5:55100 grpc.peer_subject="CN=peer0.org1.example.com,L=San Francisco,ST=California,C=US" grpc.code=OK grpc.call_duration=786.901µs
2026-09-14T17:39:01.733685116Z [34m2026-09-14 17:39:01.733 UTC 04cc INFO[0m [endorser] [34;1mcallChaincode[0m -> finished chaincode: kvstore duration: 0ms channel=mychannel txID=c1d88dc2
2026-09-14T17:39:01.733706607Z [34m2026-09-14 17:39:01.733 UTC 04cd INFO[0m [endorser] [34;1mcallChaincode[0m -> finished chaincode: kvstore duration: 0ms channel=mychannel txID=c8d4116d
2026-09-14T17:39:01.733737435Z [34m2026-09-14 17:39:01.733 UTC 04ce INFO[0m [comm.grpc.server] [34;1mfunc1[0m -> unary call completed grpc.service=protos.Endorser grpc.method=ProcessProposal grpc.request_deadline=2026-09-14T17:39:31.732Z grpc.peer_address=172.18.0.5:55100 grpc.peer_subject="CN=peer0.org1.example.com,L=San Francisco,ST=California,C=US" grpc.code=OK grpc.call_duration=757.024µs
2026-09-14T17:39:01.733750981Z [34m2026-09-14 17:39:01.733 UTC 04cf INFO[0m [comm.grpc.server] [34;1mfunc1[0m -> unary call completed grpc.service=protos.Endorser grpc.method=ProcessProposal grpc.request_deadline=2026-09-14T17:39:31.732Z grpc.peer_address=172.18.0.5:55100 grpc.peer_subject="CN=peer0.org1.example.com,L=San Francisco,ST=California,C=US" grpc.code=OK grpc.call_duration=729.502µs
2026-09-14T17:39:01.772900286Z [34m2026-09-14 17:39:01.772 UTC 04d0 INFO[0m [endorser] [34;1mcallChaincode[0m -> finished chaincode: kvstore duration: 0ms channel=mychannel txID=f80318db
2026-09-14T17:39:01.772916898Z [34m2026-09-14 17:39:01.772 UTC 04d1 INFO[0m [endorser] [34;1mcallChaincode[0m -> finished chaincode: kvstore duration: 0ms channel=mychannel txID=ac5466c0
2026-09-14T17:39:01.772951463Z [34m2026-09-14 17:39:01.772 UTC 04d2 INFO[0m [comm.grpc.server] [34;1mfunc1[0m -> unary call completed grpc.service=protos.Endorser grpc.method=ProcessProposal grpc.request_deadline=2026-09-14T17:39:31.772Z grpc.peer_address=172.18.0.5:55100 grpc.peer_subject="CN=peer0.org1.example.com,L=San Francisco,ST=California,C=US" grpc.code=OK grpc.call_duration=801.068µs
2026-09-14T17:39:01.772960751Z [34m2026-09-14 17:39:01.772 UTC 04d3 INFO[0m [comm.grpc.server] [34;1mfunc1[0m -> unary call completed grpc.service=protos.Endorser grpc.method=ProcessProposal grpc.request_deadline=2026-09-14T17:39:31.772Z grpc.peer_address=172.18.0.5:55100 grpc.peer_subject="CN=peer0.org1.example.com,L=San Francisco,ST=California,C=US" grpc.code=OK grpc.call_duration=801.148µs
2026-09-14T17:39:01.811683328Z [34m2026-09-14 17:39:01.811 UTC 04d4 INFO[0m [gossip.privdata] [34;1mStoreBlock[0m -> Received block [14] from buffer channel=mychannel
2026-09-14T17:39:01.820982587Z [34m2026-09-14 17:39:01.820 UTC 04d5 INFO[0m [committer.txvalidator] [34;1mValidate[0m -> [mychannel] Validated block [14] in 9ms
2026-09-14T17:39:01.820997465Z [34m2026-09-14 17:39:01.820 UTC 04d6 INFO[0m [endorser] [34;1mcallChaincode[0m -> finished chaincode: kvstore duration: 0ms channel=mychannel txID=d224431f
2026-09-14T17:39:01.821038764Z [34m2026-09-14 17:39:01.821 UTC 04d7 INFO[0m [comm.grpc.server] [34;1mfunc1[0m -> unary call completed grpc.service=protos.Endorser grpc.method=ProcessProposal grpc.request_deadline=2026-09-14T17:39:31.819Z grpc.peer_address=172.18.0.5:55100 grpc.peer_subject="CN=peer0.org1.example.com,L=San Francisco,ST=California,C=US" grpc.code=OK grpc.call_duration=1.102639ms
2026-09-14T17:39:01.821227201Z [34m2026-09-14 17:39:01.821 UTC 04d8 INFO[0m [endorser] [34;1mcallChaincode[0m -> finished chaincode: kvstore duration: 0ms channel=mychannel txID=4f291f93
2026-09-14T17:39:01.821318193Z [34m2026-09-14 17:39:01.821 UTC 04d9 INFO[0m [comm.grpc.server] [34;1mfunc1[0m -> unary call completed grpc.service=protos.Endorser grpc.method=ProcessProposal grpc.request_deadline=2026-09-14T17:39:31.819Z grpc.peer_address=172.18.0.5:55100 grpc.peer_subject="CN=peer0.org1.example.com,L=San Francisco,ST=California,C=US" grpc.code=OK grpc.call_duration=1.063124ms
2026-09-14T17:39:01.868880899Z [34m2026-09-14 17:39:01.868 UTC 04da INFO[0m [kvledger] [34;1mcommit[0m -> [mychannel] Committed block [14] with 52 transaction(s) in 47ms (state_validation=0ms block_and_pvtdata_commit=25ms state_commit=10ms) commitHash=[b08277b8a8fb8bbd84acc2940f4834dea4a33313feb889958f55ce2eeb87ec6f]
2026-09-14T17:39:01.876453086Z [34m2026-09-14 17:39:01.876 UTC 04db INFO[0m [endorser] [34;1mcallChaincode[0m -> finished chaincode: kvstore duration: 0ms channel=mychannel txID=996af59b
2026-09-14T17:39:01.876466051Z [34m2026-09-14 17:39:01.876 UTC 04dc INFO[0m [endorser] [34;1mcallChaincode[0m -> finished chaincode: kvstore duration: 0ms channel=mychannel txID=1593a6ef
2026-09-14T17:39:01.876510425Z [34m2026-09-14 17:39:01.876 UTC 04dd INFO[0m [comm.grpc.server] [34;1mfunc1[0m -> unary call completed grpc.service=protos.Endorser grpc.method=ProcessProposal grpc.request_deadline=2026-09-14T17:39:31.875Z grpc.peer_address=172.18.0.5:55100 grpc.peer_subject="CN=peer0.org1.example.com,L=San Francisco,ST=California,C=US" grpc.code=OK grpc.call_duration=720.526µs
2026-09-14T17:39:01.876516657Z [34m2026-09-14 17:39:01.876 UTC 04de INFO[0m [comm.grpc.server] [34;1mfunc1[0m -> unary call completed grpc.service=protos.Endorser grpc.method=ProcessProposal grpc.request_deadline=2026-09-14T17:39:31.875Z grpc.peer_address=172.18.0.5:55100 grpc.peer_subject="CN=peer0.org1.example.com,L=San Francisco,ST=California,C=US" grpc.code=OK grpc.call_duration=730.765µs
2026-09-14T17:39:01.893327207Z [34m2026-09-14 17:39:01.893 UTC 04df INFO[0m [endorser] [34;1mcallChaincode[0m -> finished chaincode: kvstore duration: 0ms channel=mychannel txID=39458344
2026-09-14T17:39:01.893345382Z [34m2026-09-14 17:39:01.893 UTC 04e0 INFO[0m [endorser] [34;1mcallChaincode[0m -> finished chaincode: kvstore duration: 0ms channel=mychannel txID=cb66f7cb
2026-09-14T17:39:01.893421967Z [34m2026-09-14 17:39:01.893 UTC 04e1 INFO[0m [comm.grpc.server] [34;1mfunc1[0m -> unary call completed grpc.service=protos.Endorser grpc.method=ProcessProposal grpc.request_deadline=2026-09-14T17:39:31.892Z grpc.peer_address=172.18.0.5:55100 grpc.peer_subject="CN=peer0.org1.example.com,L=San Francisco,ST=California,C=US" grpc.code=OK grpc.call_duration=844.49µs
2026-09-14T17:39:01.893439931Z [34m2026-09-14 17:39:01.893 UTC 04e2 INFO[0m [comm.grpc.server] [34;1mfunc1[0m -> unary call completed grpc.service=protos.Endorser grpc.method=ProcessProposal grpc.request_deadline=2026-09-14T17:39:31.892Z grpc.peer_address=172.18.0.5:55100 grpc.peer_subject="CN=peer0.org1.example.com,L=San Francisco,ST=California,C=US" grpc.code=OK grpc.call_duration=824.402µs
2026-09-14T17:39:01.933095917Z [34m2026-09-14 17:39:01.933 UTC 04e3 INFO[0m [endorser] [34;1mcallChaincode[0m -> finished chaincode: kvstore duration: 0ms channel=mychannel txID=7e1ef44c
2026-09-14T17:39:01.933114251Z [34m2026-09-14 17:39:01.933 UTC 04e4 INFO[0m [endorser] [34;1mcallChaincode[0m -> finished chaincode: kvstore duration: 0ms channel=mychannel txID=dae467cd
2026-09-14T17:39:01.933140912Z [34m2026-09-14 17:39:01.933 UTC 04e5 INFO[0m [comm.grpc.server] [34;1mfunc1[0m -> unary call completed grpc.service=protos.Endorser grpc.method=ProcessProposal grpc.request_deadline=2026-09-14T17:39:31.932Z grpc.peer_address=172.18.0.5:55100 grpc.peer_subject="CN=peer0.org1.example.com,L=San Francisco,ST=California,C=US" grpc.code=OK grpc.call_duration=822.147µs
2026-09-14T17:39:01.933169797Z [34m2026-09-14 17:39:01.933 UTC 04e6 INFO[0m [comm.grpc.server] [34;1mfunc1[0m -> unary call completed grpc.service=protos.Endorser grpc.method=ProcessProposal grpc.request_deadline=2026-09-14T17:39:31.932Z grpc.peer_address=172.18.0.5:55100 grpc.peer_subject="CN=peer0.org1.example.com,L=San Francisco,ST=California,C=US" grpc.code=OK grpc.call_duration=865.82µs
2026-09-14T17:39:01.973155407Z [34m2026-09-14 17:39:01.973 UTC 04e8 INFO[0m [endorser] [34;1mcallChaincode[0m -> finished chaincode: kvstore duration: 0ms channel=mychannel txID=f3d8615d
2026-09-14T17:39:01.973213186Z [34m2026-09-14 17:39:01.973 UTC 04e9 INFO[0m [comm.grpc.server] [34;1mfunc1[0m -> unary call completed grpc.service=protos.Endorser grpc.method=ProcessProposal grpc.request_deadline=2026-09-14T17:39:31.972Z grpc.peer_address=172.18.0.5:55100 grpc.peer_subject="CN=peer0.org1.example.com,L=San Francisco,ST=California,C=US" grpc.code=OK grpc.call_duration=934.13µs
2026-09-14T17:39:01.973240448Z [34m2026-09-14 17:39:01.973 UTC 04e7 INFO[0m [endorser] [34;1mcallChaincode[0m -> finished chaincode: kvstore duration: 0ms channel=mychannel txID=3247470c
2026-09-14T17:39:01.973357209Z [34m2026-09-14 17:39:01.973 UTC 04ea INFO[0m [comm.grpc.server] [34;1mfunc1[0m -> unary call completed grpc.service=protos.Endorser grpc.method=ProcessProposal grpc.request_deadline=2026-09-14T17:39:31.972Z grpc.peer_address=172.18.0.5:55100 grpc.peer_subject="CN=peer0.org1.example.com,L=San Francisco,ST=California,C=US" grpc.code=OK grpc.call_duration=1.09792ms
2026-09-14T17:39:02.013548879Z [34m2026-09-14 17:39:02.013 UTC 04eb INFO[0m [endorser] [34;1mcallChaincode[0m -> finished chaincode: kvstore duration: 0ms channel=mychannel txID=e4988214
2026-09-14T17:39:02.013587833Z [34m2026-09-14 17:39:02.013 UTC 04ec INFO[0m [endorser] [34;1mcallChaincode[0m -> finished chaincode: kvstore duration: 0ms channel=mychannel txID=f111ab75
2026-09-14T17:39:02.013614334Z [34m2026-09-14 17:39:02.013 UTC 04ed INFO[0m [comm.grpc.server] [34;1mfunc1[0m -> unary call completed grpc.service=protos.Endorser grpc.method=ProcessProposal grpc.request_deadline=2026-09-14T17:39:32.012Z grpc.peer_address=172.18.0.5:55100 grpc.peer_subject="CN=peer0.org1.example.com,L=San Francisco,ST=California,C=US" grpc.code=OK grpc.call_duration=814.494µs
2026-09-14T17:39:02.013658427Z [34m2026-09-14 17:39:02.013 UTC 04ee INFO[0m [comm.grpc.server] [34;1mfunc1[0m -> unary call completed grpc.service=protos.Endorser grpc.method=ProcessProposal grpc.request_deadline=2026-09-14T17:39:32.012Z grpc.peer_address=172.18.0.5:55100 grpc.peer_subject="CN=peer0.org1.example.com,L=San Francisco,ST=California,C=US" grpc.code=OK grpc.call_duration=853.598µs
2026-09-14T17:39:02.052836647Z [34m2026-09-14 17:39:02.052 UTC 04ef INFO[0m [endorser] [34;1mcallChaincode[0m -> finished chaincode: kvstore duration: 0ms channel=mychannel txID=770ca7a2
2026-09-14T17:39:02.052859170Z [34m2026-09-14 17:39:02.052 UTC 04f0 INFO[0m [endorser] [34;1mcallChaincode[0m -> finished chaincode: kvstore duration: 0ms channel=mychannel txID=71ed4294
2026-09-14T17:39:02.052903264Z [34m2026-09-14 17:39:02.052 UTC 04f1 INFO[0m [comm.grpc.server] [34;1mfunc1[0m -> unary call completed grpc.service=protos.Endorser grpc.method=ProcessProposal grpc.request_deadline=2026-09-14T17:39:32.051Z grpc.peer_address=172.18.0.5:55100 grpc.peer_subject="CN=peer0.org1.example.com,L=San Francisco,ST=California,C=US" grpc.code=OK grpc.call_duration=890.387µs
2026-09-14T17:39:02.052908594Z [34m2026-09-14 17:39:02.052 UTC 04f2 INFO[0m [comm.grpc.server] [34;1mfunc1[0m -> unary call completed grpc.service=protos.Endorser grpc.method=ProcessProposal grpc.request_deadline=2026-09-14T17:39:32.051Z grpc.peer_address=172.18.0.5:55100 grpc.peer_subject="CN=peer0.org1.example.com,L=San Francisco,ST=California,C=US" grpc.code=OK grpc.call_duration=889.816µs
2026-09-14T17:39:02.093292218Z [34m2026-09-14 17:39:02.093 UTC 04f3 INFO[0m [endorser] [34;1mcallChaincode[0m -> finished chaincode: kvstore duration: 0ms channel=mychannel txID=9fcbf749
2026-09-14T17:39:02.093372711Z [34m2026-09-14 17:39:02.093 UTC 04f4 INFO[0m [endorser] [34;1mcallChaincode[0m -> finished chaincode: kvstore duration: 0ms channel=mychannel txID=e8d053a3
2026-09-14T17:39:02.093381227Z [34m2026-09-14 17:39:02.093 UTC 04f5 INFO[0m [comm.grpc.server] [34;1mfunc1[0m -> unary call completed grpc.service=protos.Endorser grpc.method=ProcessProposal grpc.request_deadline=2026-09-14T17:39:32.092Z grpc.peer_address=172.18.0.5:55100 grpc.peer_subject="CN=peer0.org1.example.com,L=San Francisco,ST=California,C=US" grpc.code=OK grpc.call_duration=1.088773ms
2026-09-14T17:39:02.093435520Z [34m2026-09-14 17:39:02.093 UTC 04f6 INFO[0m [comm.grpc.server] [34;1mfunc1[0m -> unary call completed grpc.service=protos.Endorser grpc.method=ProcessProposal grpc.request_deadline=2026-09-14T17:39:32.092Z grpc.peer_address=172.18.0.5:55100 grpc.peer_subject="CN=peer0.org1.example.com,L=San Francisco,ST=California,C=US" grpc.code=OK grpc.call_duration=1.120523ms
2026-09-14T17:39:02.133294520Z [34m2026-09-14 17:39:02.133 UTC 04f7 INFO[0m [endorser] [34;1mcallChaincode[0m -> finished chaincode: kvstore duration: 0ms channel=mychannel txID=46f633e8
2026-09-14T17:39:02.133306473Z [34m2026-09-14 17:39:02.133 UTC 04f8 INFO[0m [endorser] [34;1mcallChaincode[0m -> finished chaincode: kvstore duration: 0ms channel=mychannel txID=da3828f2
2026-09-14T17:39:02.133341960Z [34m2026-09-14 17:39:02.133 UTC 04f9 INFO[0m [comm.grpc.server] [34;1mfunc1[0m -> unary call completed grpc.service=protos.Endorser grpc.method=ProcessProposal grpc.request_deadline=2026-09-14T17:39:32.132Z grpc.peer_address=172.18.0.5:55100 grpc.peer_subject="CN=peer0.org1.example.com,L=San Francisco,ST=California,C=US" grpc.code=OK grpc.call_duration=857.074µs
2026-09-14T17:39:02.133347330Z [34m2026-09-14 17:39:02.133 UTC 04fa INFO[0m [comm.grpc.server] [34;1mfunc1[0m -> unary call completed grpc.service=protos.Endorser grpc.method=ProcessProposal grpc.request_deadline=2026-09-14T17:39:32.132Z grpc.peer_address=172.18.0.5:55100 grpc.peer_subject="CN=peer0.org1.example.com,L=San Francisco,ST=California,C=US" grpc.code=OK grpc.call_duration=818.371µs
2026-09-14T17:39:02.174320411Z [34m2026-09-14 17:39:02.174 UTC 04fb INFO[0m [endorser] [34;1mcallChaincode[0m -> finished chaincode: kvstore duration: 0ms channel=mychannel txID=ecb7441b
2026-09-14T17:39:02.174345519Z [34m2026-09-14 17:39:02.174 UTC 04fc INFO[0m [endorser] [34;1mcallChaincode[0m -> finished chaincode: kvstore duration: 0ms channel=mychannel txID=d9b0fae2
2026-09-14T17:39:02.174395053Z [34m2026-09-14 17:39:02.174 UTC 04fd INFO[0m [comm.grpc.server] [34;1mfunc1[0m -> unary call completed grpc.service=protos.Endorser grpc.method=ProcessProposal grpc.request_deadline=2026-09-14T17:39:32.173Z grpc.peer_address=172.18.0.5:55100 grpc.peer_subject="CN=peer0.org1.example.com,L=San Francisco,ST=California,C=US" grpc.code=OK grpc.call_duration=857.444µs
2026-09-14T17:39:02.174404821Z [34m2026-09-14 17:39:02.174 UTC 04fe INFO[0m [comm.grpc.server] [34;1mfunc1[0m -> unary call completed grpc.service=protos.Endorser grpc.method=ProcessProposal grpc.request_deadline=2026-09-14T17:39:32.173Z grpc.peer_address=172.18.0.5:55100 grpc.peer_subject="CN=peer0.org1.example.com,L=San Francisco,ST=California,C=US" grpc.code=OK grpc.call_duration=880.058µs
2026-09-14T17:39:02.214043274Z [34m2026-09-14 17:39:02.213 UTC 04ff INFO[0m [endorser] [34;1mcallChaincode[0m -> finished chaincode: kvstore duration: 0ms channel=mychannel txID=2de0b1af
2026-09-14T17:39:02.214059354Z [34m2026-09-14 17:39:02.214 UTC 0500 INFO[0m [endorser] [34;1mcallChaincode[0m -> finished chaincode: kvstore duration: 0ms channel=mychannel txID=7fa6295e
2026-09-14T17:39:02.214112725Z [34m2026-09-14 17:39:02.214 UTC 0501 INFO[0m [comm.grpc.server] [34;1mfunc1[0m -> unary call completed grpc.service=protos.Endorser grpc.method=ProcessProposal grpc.request_deadline=2026-09-14T17:39:32.213Z grpc.peer_address=172.18.0.5:55100 grpc.peer_subject="CN=peer0.org1.example.com,L=San Francisco,ST=California,C=US" grpc.code=OK grpc.call_duration=881.179µs
2026-09-14T17:39:02.214124818Z [34m2026-09-14 17:39:02.214 UTC 0502 INFO[0m [comm.grpc.server] [34;1mfunc1[0m -> unary call completed grpc.service=protos.Endorser grpc.method=ProcessProposal grpc.request_deadline=2026-09-14T17:39:32.213Z grpc.peer_address=172.18.0.5:55100 grpc.peer_subject="CN=peer0.org1.example.com,L=San Francisco,ST=California,C=US" grpc.code=OK grpc.call_duration=903.752µs
2026-09-14T17:39:02.253353835Z [34m2026-09-14 17:39:02.253 UTC 0503 INFO[0m [endorser] [34;1mcallChaincode[0m -> finished chaincode: kvstore duration: 0ms channel=mychannel txID=d003f009
2026-09-14T17:39:02.253367170Z [34m2026-09-14 17:39:02.253 UTC 0504 INFO[0m [endorser] [34;1mcallChaincode[0m -> finished chaincode: kvstore duration: 0ms channel=mychannel txID=4572cafb
2026-09-14T17:39:02.253415912Z [34m2026-09-14 17:39:02.253 UTC 0506 INFO[0m [comm.grpc.server] [34;1mfunc1[0m -> unary call completed grpc.service=protos.Endorser grpc.method=ProcessProposal grpc.request_deadline=2026-09-14T17:39:32.252Z grpc.peer_address=172.18.0.5:55100 grpc.peer_subject="CN=peer0.org1.example.com,L=San Francisco,ST=California,C=US" grpc.code=OK grpc.call_duration=764.388µs
2026-09-14T17:39:02.253437032Z [34m2026-09-14 17:39:02.253 UTC 0505 INFO[0m [comm.grpc.server] [34;1mfunc1[0m -> unary call completed grpc.service=protos.Endorser grpc.method=ProcessProposal grpc.request_deadline=2026-09-14T17:39:32.252Z grpc.peer_address=172.18.0.5:55100 grpc.peer_subject="CN=peer0.org1.example.com,L=San Francisco,ST=California,C=US" grpc.code=OK grpc.call_duration=756.293µs
2026-09-14T17:39:02.293533884Z [34m2026-09-14 17:39:02.293 UTC 0507 INFO[0m [endorser] [34;1mcallChaincode[0m -> finished chaincode: kvstore duration: 0ms channel=mychannel txID=1f54fe28
2026-09-14T17:39:02.293546978Z [34m2026-09-14 17:39:02.293 UTC 0508 INFO[0m [endorser] [34;1mcallChaincode[0m -> finished chaincode: kvstore duration: 0ms channel=mychannel txID=30088cff
2026-09-14T17:39:02.293587655Z [34m2026-09-14 17:39:02.293 UTC 0509 INFO[0m [comm.grpc.server] [34;1mfunc1[0m -> unary call completed grpc.service=protos.Endorser grpc.method=ProcessProposal grpc.request_deadline=2026-09-14T17:39:32.292Z grpc.peer_address=172.18.0.5:55100 grpc.peer_subject="CN=peer0.org1.example.com,L=San Francisco,ST=California,C=US" grpc.code=OK grpc.call_duration=834.742µs
2026-09-14T17:39:02.293593837Z [34m2026-09-14 17:39:02.293 UTC 050a INFO[0m [comm.grpc.server] [34;1mfunc1[0m -> unary call completed grpc.service=protos.Endorser grpc.method=ProcessProposal grpc.request_deadline=2026-09-14T17:39:32.292Z grpc.peer_address=172.18.0.5:55100 grpc.peer_subject="CN=peer0.org1.example.com,L=San Francisco,ST=California,C=US" grpc.code=OK grpc.call_duration=867.023µs
2026-09-14T17:39:02.333670580Z [34m2026-09-14 17:39:02.333 UTC 050b INFO[0m [endorser] [34;1mcallChaincode[0m -> finished chaincode: kvstore duration: 0ms channel=mychannel txID=ba122f32
2026-09-14T17:39:02.333683304Z [34m2026-09-14 17:39:02.333 UTC 050c INFO[0m [endorser] [34;1mcallChaincode[0m -> finished chaincode: kvstore duration: 0ms channel=mychannel txID=3a00d5a1
2026-09-14T17:39:02.333723250Z [34m2026-09-14 17:39:02.333 UTC 050d INFO[0m [comm.grpc.server] [34;1mfunc1[0m -> unary call completed grpc.service=protos.Endorser grpc.method=ProcessProposal grpc.request_deadline=2026-09-14T17:39:32.332Z grpc.peer_address=172.18.0.5:55100 grpc.peer_subject="CN=peer0.org1.example.com,L=San Francisco,ST=California,C=US" grpc.code=OK grpc.call_duration=786.831µs
2026-09-14T17:39:02.333730854Z [34m2026-09-14 17:39:02.333 UTC 050e INFO[0m [comm.grpc.server] [34;1mfunc1[0m -> unary call completed grpc.service=protos.Endorser grpc.method=ProcessProposal grpc.request_deadline=2026-09-14T17:39:32.332Z grpc.peer_address=172.18.0.5:55100 grpc.peer_subject="CN=peer0.org1.example.com,L=San Francisco,ST=California,C=US" grpc.code=OK grpc.call_duration=776.381µs
2026-09-14T17:39:02.373899992Z [34m2026-09-14 17:39:02.373 UTC 050f INFO[0m [endorser] [34;1mcallChaincode[0m -> finished chaincode: kvstore duration: 0ms channel=mychannel txID=98be6101
2026-09-14T17:39:02.373939537Z [34m2026-09-14 17:39:02.373 UTC 0510 INFO[0m [endorser] [34;1mcallChaincode[0m -> finished chaincode: kvstore duration: 0ms channel=mychannel txID=266a1210
2026-09-14T17:39:02.373949005Z [34m2026-09-14 17:39:02.373 UTC 0511 INFO[0m [comm.grpc.server] [34;1mfunc1[0m -> unary call completed grpc.service=protos.Endorser grpc.method=ProcessProposal grpc.request_deadline=2026-09-14T17:39:32.373Z grpc.peer_address=172.18.0.5:55100 grpc.peer_subject="CN=peer0.org1.example.com,L=San Francisco,ST=California,C=US" grpc.code=OK grpc.call_duration=769.878µs
2026-09-14T17:39:02.374047642Z [34m2026-09-14 17:39:02.374 UTC 0512 INFO[0m [comm.grpc.server] [34;1mfunc1[0m -> unary call completed grpc.service=protos.Endorser grpc.method=ProcessProposal grpc.request_deadline=2026-09-14T17:39:32.373Z grpc.peer_address=172.18.0.5:55100 grpc.peer_subject="CN=peer0.org1.example.com,L=San Francisco,ST=California,C=US" grpc.code=OK grpc.call_duration=864.287µs
2026-09-14T17:39:02.413092409Z [34m2026-09-14 17:39:02.413 UTC 0513 INFO[0m [endorser] [34;1mcallChaincode[0m -> finished chaincode: kvstore duration: 0ms channel=mychannel txID=5d42252e
2026-09-14T17:39:02.413122947Z [34m2026-09-14 17:39:02.413 UTC 0514 INFO[0m [endorser] [34;1mcallChaincode[0m -> finished chaincode: kvstore duration: 0ms channel=mychannel txID=119b6cb8
2026-09-14T17:39:02.413131554Z [34m2026-09-14 17:39:02.413 UTC 0515 INFO[0m [comm.grpc.server] [34;1mfunc1[0m -> unary call completed grpc.service=protos.Endorser grpc.method=ProcessProposal grpc.request_deadline=2026-09-14T17:39:32.412Z grpc.peer_address=172.18.0.5:55100 grpc.peer_subject="CN=peer0.org1.example.com,L=San Francisco,ST=California,C=US" grpc.code=OK grpc.call_duration=786.641µs
2026-09-14T17:39:02.413222716Z [34m2026-09-14 17:39:02.413 UTC 0516 INFO[0m [comm.grpc.server] [34;1mfunc1[0m -> unary call completed grpc.service=protos.Endorser grpc.method=ProcessProposal grpc.request_deadline=2026-09-14T17:39:32.412Z grpc.peer_address=172.18.0.5:55100 grpc.peer_subject="CN=peer0.org1.example.com,L=San Francisco,ST=California,C=US" grpc.code=OK grpc.call_duration=887.452µs
2026-09-14T17:39:02.452981396Z [34m2026-09-14 17:39:02.452 UTC 0518 INFO[0m [endorser] [34;1mcallChaincode[0m -> finished chaincode: kvstore duration: 0ms channel=mychannel txID=d7f64108
2026-09-14T17:39:02.453032303Z [34m2026-09-14 17:39:02.452 UTC 0517 INFO[0m [endorser] [34;1mcallChaincode[0m -> finished chaincode: kvstore duration: 0ms channel=mychannel txID=a6ea9b32
2026-09-14T17:39:02.453049986Z [34m2026-09-14 17:39:02.453 UTC 0519 INFO[0m [comm.grpc.server] [34;1mfunc1[0m -> unary call completed grpc.service=protos.Endorser grpc.method=ProcessProposal grpc.request_deadline=2026-09-14T17:39:32.452Z grpc.peer_address=172.18.0.5:55100 grpc.peer_subject="CN=peer0.org1.example.com,L=San Francisco,ST=California,C=US" grpc.code=OK grpc.call_duration=771.802µs
2026-09-14T17:39:02.453098007Z [34m2026-09-14 17:39:02.453 UTC 051a INFO[0m [comm.grpc.server] [34;1mfunc1[0m -> unary call completed grpc.service=protos.Endorser grpc.method=ProcessProposal grpc.request_deadline=2026-09-14T17:39:32.452Z grpc.peer_address=172.18.0.5:55100 grpc.peer_subject="CN=peer0.org1.example.com,L=San Francisco,ST=California,C=US" grpc.code=OK grpc.call_duration=867.473µs
2026-09-14T17:39:02.494107758Z [34m2026-09-14 17:39:02.494 UTC 051b INFO[0m [endorser] [34;1mcallChaincode[0m -> finished chaincode: kvstore duration: 0ms channel=mychannel txID=48814fa1
2026-09-14T17:39:02.494121414Z [34m2026-09-14 17:39:02.494 UTC 051c INFO[0m [endorser] [34;1mcallChaincode[0m -> finished chaincode: kvstore duration: 0ms channel=mychannel txID=e9c9e5d6
2026-09-14T17:39:02.494166560Z [34m2026-09-14 17:39:02.494 UTC 051d INFO[0m [comm.grpc.server] [34;1mfunc1[0m -> unary call completed grpc.service=protos.Endorser grpc.method=ProcessProposal grpc.request_deadline=2026-09-14T17:39:32.493Z grpc.peer_address=172.18.0.5:55100 grpc.peer_subject="CN=peer0.org1.example.com,L=San Francisco,ST=California,C=US" grpc.code=OK grpc.call_duration=854.979µs
2026-09-14T17:39:02.494238847Z [34m2026-09-14 17:39:02.494 UTC 051e INFO[0m [comm.grpc.server] [34;1mfunc1[0m -> unary call completed grpc.service=protos.Endorser grpc.method=ProcessProposal grpc.request_deadline=2026-09-14T17:39:32.493Z grpc.peer_address=172.18.0.5:55100 grpc.peer_subject="CN=peer0.org1.example.com,L=San Francisco,ST=California,C=US" grpc.code=OK grpc.call_duration=919.102µs
2026-09-14T17:39:02.533578854Z [34m2026-09-14 17:39:02.533 UTC 051f INFO[0m [endorser] [34;1mcallChaincode[0m -> finished chaincode: kvstore duration: 0ms channel=mychannel txID=4213e02e
2026-09-14T17:39:02.533642865Z [34m2026-09-14 17:39:02.533 UTC 0520 INFO[0m [endorser] [34;1mcallChaincode[0m -> finished chaincode: kvstore duration: 0ms channel=mychannel txID=0ff3affc
2026-09-14T17:39:02.533652894Z [34m2026-09-14 17:39:02.533 UTC 0521 INFO[0m [comm.grpc.server] [34;1mfunc1[0m -> unary call completed grpc.service=protos.Endorser grpc.method=ProcessProposal grpc.request_deadline=2026-09-14T17:39:32.532Z grpc.peer_address=172.18.0.5:55100 grpc.peer_subject="CN=peer0.org1.example.com,L=San Francisco,ST=California,C=US" grpc.code=OK grpc.call_duration=926.575µs
2026-09-14T17:39:02.533684804Z [34m2026-09-14 17:39:02.533 UTC 0522 INFO[0m [comm.grpc.server] [34;1mfunc1[0m -> unary call completed grpc.service=protos.Endorser grpc.method=ProcessProposal grpc.request_deadline=2026-09-14T17:39:32.532Z grpc.peer_address=172.18.0.5:55100 grpc.peer_subject="CN=peer0.org1.example.com,L=San Francisco,ST=California,C=US" grpc.code=OK grpc.call_duration=936.074µs
2026-09-14T17:39:02.574297693Z [34m2026-09-14 17:39:02.574 UTC 0523 INFO[0m [endorser] [34;1mcallChaincode[0m -> finished chaincode: kvstore duration: 0ms channel=mychannel txID=059edc95
2026-09-14T17:39:02.574310558Z [34m2026-09-14 17:39:02.574 UTC 0524 INFO[0m [endorser] [34;1mcallChaincode[0m -> finished chaincode: kvstore duration: 0ms channel=mychannel txID=955df555
2026-09-14T17:39:02.574355573Z [34m2026-09-14 17:39:02.574 UTC 0525 INFO[0m [comm.grpc.server] [34;1mfunc1[0m -> unary call completed grpc.service=protos.Endorser grpc.method=ProcessProposal grpc.request_deadline=2026-09-14T17:39:32.573Z grpc.peer_address=172.18.0.5:55100 grpc.peer_subject="CN=peer0.org1.example.com,L=San Francisco,ST=California,C=US" grpc.code=OK grpc.call_duration=845.753µs
2026-09-14T17:39:02.574418111Z [34m2026-09-14 17:39:02.574 UTC 0526 INFO[0m [comm.grpc.server] [34;1mfunc1[0m -> unary call completed grpc.service=protos.Endorser grpc.method=ProcessProposal grpc.request_deadline=2026-09-14T17:39:32.573Z grpc.peer_address=172.18.0.5:55100 grpc.peer_subject="CN=peer0.org1.example.com,L=San Francisco,ST=California,C=US" grpc.code=OK grpc.call_duration=853.036µs
2026-09-14T17:39:02.613852096Z [34m2026-09-14 17:39:02.613 UTC 0527 INFO[0m [endorser] [34;1mcallChaincode[0m -> finished chaincode: kvstore duration: 0ms channel=mychannel txID=70f809b0
2026-09-14T17:39:02.613877314Z [34m2026-09-14 17:39:02.613 UTC 0528 INFO[0m [endorser] [34;1mcallChaincode[0m -> finished chaincode: kvstore duration: 0ms channel=mychannel txID=27c05fce
2026-09-14T17:39:02.613939332Z [34m2026-09-14 17:39:02.613 UTC 0529 INFO[0m [comm.grpc.server] [34;1mfunc1[0m -> unary call completed grpc.service=protos.Endorser grpc.method=ProcessProposal grpc.request_deadline=2026-09-14T17:39:32.612Z grpc.peer_address=172.18.0.5:55100 grpc.peer_subject="CN=peer0.org1.example.com,L=San Francisco,ST=California,C=US" grpc.code=OK grpc.call_duration=1.090395ms
2026-09-14T17:39:02.613950493Z [34m2026-09-14 17:39:02.613 UTC 052a INFO[0m [comm.grpc.server] [34;1mfunc1[0m -> unary call completed grpc.service=protos.Endorser grpc.method=ProcessProposal grpc.request_deadline=2026-09-14T17:39:32.612Z grpc.peer_address=172.18.0.5:55100 grpc.peer_subject="CN=peer0.org1.example.com,L=San Francisco,ST=California,C=US" grpc.code=OK grpc.call_duration=1.10813ms
2026-09-14T17:39:02.653765710Z [34m2026-09-14 17:39:02.653 UTC 052b INFO[0m [endorser] [34;1mcallChaincode[0m -> finished chaincode: kvstore duration: 0ms channel=mychannel txID=dba35ab6
2026-09-14T17:39:02.653777893Z [34m2026-09-14 17:39:02.653 UTC 052c INFO[0m [endorser] [34;1mcallChaincode[0m -> finished chaincode: kvstore duration: 0ms channel=mychannel txID=df0b19fd
2026-09-14T17:39:02.653828509Z [34m2026-09-14 17:39:02.653 UTC 052d INFO[0m [comm.grpc.server] [34;1mfunc1[0m -> unary call completed grpc.service=protos.Endorser grpc.method=ProcessProposal grpc.request_deadline=2026-09-14T17:39:32.652Z grpc.peer_address=172.18.0.5:55100 grpc.peer_subject="CN=peer0.org1.example.com,L=San Francisco,ST=California,C=US" grpc.code=OK grpc.call_duration=942.075µs
2026-09-14T17:39:02.653837837Z [34m2026-09-14 17:39:02.653 UTC 052e INFO[0m [comm.grpc.server] [34;1mfunc1[0m -> unary call completed grpc.service=protos.Endorser grpc.method=ProcessProposal grpc.request_deadline=2026-09-14T17:39:32.652Z grpc.peer_address=172.18.0.5:55100 grpc.peer_subject="CN=peer0.org1.example.com,L=San Francisco,ST=California,C=US" grpc.code=OK grpc.call_duration=935.953µs
2026-09-14T17:39:02.693823918Z [34m2026-09-14 17:39:02.693 UTC 052f INFO[0m [endorser] [34;1mcallChaincode[0m -> finished chaincode: kvstore duration: 0ms channel=mychannel txID=ff8bad94
2026-09-14T17:39:02.693836562Z [34m2026-09-14 17:39:02.693 UTC 0530 INFO[0m [endorser] [34;1mcallChaincode[0m -> finished chaincode: kvstore duration: 0ms channel=mychannel txID=6002a64e
2026-09-14T17:39:02.693908849Z [34m2026-09-14 17:39:02.693 UTC 0531 INFO[0m [comm.grpc.server] [34;1mfunc1[0m -> unary call completed grpc.service=protos.Endorser grpc.method=ProcessProposal grpc.request_deadline=2026-09-14T17:39:32.692Z grpc.peer_address=172.18.0.5:55100 grpc.peer_subject="CN=peer0.org1.example.com,L=San Francisco,ST=California,C=US" grpc.code=OK grpc.call_duration=902.64µs
2026-09-14T17:39:02.693918086Z [34m2026-09-14 17:39:02.693 UTC 0532 INFO[0m [comm.grpc.server] [34;1mfunc1[0m -> unary call completed grpc.service=protos.Endorser grpc.method=ProcessProposal grpc.request_deadline=2026-09-14T17:39:32.692Z grpc.peer_address=172.18.0.5:55100 grpc.peer_subject="CN=peer0.org1.example.com,L=San Francisco,ST=California,C=US" grpc.code=OK grpc.call_duration=930.763µs
2026-09-14T17:39:02.733628996Z [34m2026-09-14 17:39:02.733 UTC 0534 INFO[0m [endorser] [34;1mcallChaincode[0m -> finished chaincode: kvstore duration: 0ms channel=mychannel txID=faff3691
2026-09-14T17:39:02.733662109Z [34m2026-09-14 17:39:02.733 UTC 0533 INFO[0m [endorser] [34;1mcallChaincode[0m -> finished chaincode: kvstore duration: 0ms channel=mychannel txID=3d9ea2e2
2026-09-14T17:39:02.733682588Z [34m2026-09-14 17:39:02.733 UTC 0535 INFO[0m [comm.grpc.server] [34;1mfunc1[0m -> unary call completed grpc.service=protos.Endorser grpc.method=ProcessProposal grpc.request_deadline=2026-09-14T17:39:32.732Z grpc.peer_address=172.18.0.5:55100 grpc.peer_subject="CN=peer0.org1.example.com,L=San Francisco,ST=California,C=US" grpc.code=OK grpc.call_duration=792.622µs
2026-09-14T17:39:02.733747611Z [34m2026-09-14 17:39:02.733 UTC 0536 INFO[0m [comm.grpc.server] [34;1mfunc1[0m -> unary call completed grpc.service=protos.Endorser grpc.method=ProcessProposal grpc.request_deadline=2026-09-14T17:39:32.732Z grpc.peer_address=172.18.0.5:55100 grpc.peer_subject="CN=peer0.org1.example.com,L=San Francisco,ST=California,C=US" grpc.code=OK grpc.call_duration=841.945µs
2026-09-14T17:39:02.772659667Z [34m2026-09-14 17:39:02.772 UTC 0537 INFO[0m [endorser] [34;1mcallChaincode[0m -> finished chaincode: kvstore duration: 0ms channel=mychannel txID=a475b42e
2026-09-14T17:39:02.772671389Z [34m2026-09-14 17:39:02.772 UTC 0538 INFO[0m [endorser] [34;1mcallChaincode[0m -> finished chaincode: kvstore duration: 0ms channel=mychannel txID=0b2b1c5d
2026-09-14T17:39:02.772718198Z [34m2026-09-14 17:39:02.772 UTC 0539 INFO[0m [comm.grpc.server] [34;1mfunc1[0m -> unary call completed grpc.service=protos.Endorser grpc.method=ProcessProposal grpc.request_deadline=2026-09-14T17:39:32.771Z grpc.peer_address=172.18.0.5:55100 grpc.peer_subject="CN=peer0.org1.example.com,L=San Francisco,ST=California,C=US" grpc.code=OK grpc.call_duration=904.373µs
2026-09-14T17:39:02.772760859Z [34m2026-09-14 17:39:02.772 UTC 053a INFO[0m [comm.grpc.server] [34;1mfunc1[0m -> unary call completed grpc.service=protos.Endorser grpc.method=ProcessProposal grpc.request_deadline=2026-09-14T17:39:32.771Z grpc.peer_address=172.18.0.5:55100 grpc.peer_subject="CN=peer0.org1.example.com,L=San Francisco,ST=California,C=US" grpc.code=OK grpc.call_duration=852.625µs
2026-09-14T17:39:02.813218323Z [34m2026-09-14 17:39:02.813 UTC 053b INFO[0m [endorser] [34;1mcallChaincode[0m -> finished chaincode: kvstore duration: 0ms channel=mychannel txID=9456b7f9
2026-09-14T17:39:02.813237319Z [34m2026-09-14 17:39:02.813 UTC 053c INFO[0m [endorser] [34;1mcallChaincode[0m -> finished chaincode: kvstore duration: 0ms channel=mychannel txID=85dcc02a
2026-09-14T17:39:02.813277325Z [34m2026-09-14 17:39:02.813 UTC 053e INFO[0m [comm.grpc.server] [34;1mfunc1[0m -> unary call completed grpc.service=protos.Endorser grpc.method=ProcessProposal grpc.request_deadline=2026-09-14T17:39:32.812Z grpc.peer_address=172.18.0.5:55100 grpc.peer_subject="CN=peer0.org1.example.com,L=San Francisco,ST=California,C=US" grpc.code=OK grpc.call_duration=949.249µs
2026-09-14T17:39:02.813285300Z [34m2026-09-14 17:39:02.813 UTC 053d INFO[0m [comm.grpc.server] [34;1mfunc1[0m -> unary call completed grpc.service=protos.Endorser grpc.method=ProcessProposal grpc.request_deadline=2026-09-14T17:39:32.812Z grpc.peer_address=172.18.0.5:55100 grpc.peer_subject="CN=peer0.org1.example.com,L=San Francisco,ST=California,C=US" grpc.code=OK grpc.call_duration=952.215µs
2026-09-14T17:39:02.852404729Z [34m2026-09-14 17:39:02.852 UTC 053f INFO[0m [gossip.privdata] [34;1mStoreBlock[0m -> Received block [15] from buffer channel=mychannel
2026-09-14T17:39:02.858512732Z [34m2026-09-14 17:39:02.858 UTC 0540 INFO[0m [endorser] [34;1mcallChaincode[0m -> finished chaincode: kvstore duration: 3ms channel=mychannel txID=0cde99e6
2026-09-14T17:39:02.858582684Z [34m2026-09-14 17:39:02.858 UTC 0541 INFO[0m [comm.grpc.server] [34;1mfunc1[0m -> unary call completed grpc.service=protos.Endorser grpc.method=ProcessProposal grpc.request_deadline=2026-09-14T17:39:32.854Z grpc.peer_address=172.18.0.5:55100 grpc.peer_subject="CN=peer0.org1.example.com,L=San Francisco,ST=California,C=US" grpc.code=OK grpc.call_duration=3.713907ms
2026-09-14T17:39:02.861402668Z [34m2026-09-14 17:39:02.861 UTC 0542 INFO[0m [endorser] [34;1mcallChaincode[0m -> finished chaincode: kvstore duration: 5ms channel=mychannel txID=59410139
2026-09-14T17:39:02.861461499Z [34m2026-09-14 17:39:02.861 UTC 0543 INFO[0m [comm.grpc.server] [34;1mfunc1[0m -> unary call completed grpc.service=protos.Endorser grpc.method=ProcessProposal grpc.request_deadline=2026-09-14T17:39:32.854Z grpc.peer_address=172.18.0.5:55100 grpc.peer_subject="CN=peer0.org1.example.com,L=San Francisco,ST=California,C=US" grpc.code=OK grpc.call_duration=6.155684ms
2026-09-14T17:39:02.862227080Z [34m2026-09-14 17:39:02.862 UTC 0544 INFO[0m [committer.txvalidator] [34;1mValidate[0m -> [mychannel] Validated block [15] in 9ms
2026-09-14T17:39:02.911200258Z [34m2026-09-14 17:39:02.911 UTC 0545 INFO[0m [kvledger] [34;1mcommit[0m -> [mychannel] Committed block [15] with 52 transaction(s) in 48ms (state_validation=0ms block_and_pvtdata_commit=26ms state_commit=10ms) commitHash=[57f178ba90ebe638ae11eb07a75d30f0abecdd877dd361f92914b855670e2e9a]
2026-09-14T17:39:02.919182542Z [34m2026-09-14 17:39:02.919 UTC 0546 INFO[0m [endorser] [34;1mcallChaincode[0m -> finished chaincode: kvstore duration: 0ms channel=mychannel txID=a3791cbb
2026-09-14T17:39:02.919193733Z [34m2026-09-14 17:39:02.919 UTC 0547 INFO[0m [endorser] [34;1mcallChaincode[0m -> finished chaincode: kvstore duration: 0ms channel=mychannel txID=1539531b
2026-09-14T17:39:02.919262213Z [34m2026-09-14 17:39:02.919 UTC 0549 INFO[0m [comm.grpc.server] [34;1mfunc1[0m -> unary call completed grpc.service=protos.Endorser grpc.method=ProcessProposal grpc.request_deadline=2026-09-14T17:39:32.918Z grpc.peer_address=172.18.0.5:55100 grpc.peer_subject="CN=peer0.org1.example.com,L=San Francisco,ST=California,C=US" grpc.code=OK grpc.call_duration=818.591µs
2026-09-14T17:39:02.919271471Z [34m2026-09-14 17:39:02.919 UTC 0548 INFO[0m [comm.grpc.server] [34;1mfunc1[0m -> unary call completed grpc.service=protos.Endorser grpc.method=ProcessProposal grpc.request_deadline=2026-09-14T17:39:32.918Z grpc.peer_address=172.18.0.5:55100 grpc.peer_subject="CN=peer0.org1.example.com,L=San Francisco,ST=California,C=US" grpc.code=OK grpc.call_duration=820.023µs
2026-09-14T17:39:02.932616756Z [34m2026-09-14 17:39:02.932 UTC 054b INFO[0m [endorser] [34;1mcallChaincode[0m -> finished chaincode: kvstore duration: 0ms channel=mychannel txID=051d40b9
2026-09-14T17:39:02.932653866Z [34m2026-09-14 17:39:02.932 UTC 054a INFO[0m [endorser] [34;1mcallChaincode[0m -> finished chaincode: kvstore duration: 0ms channel=mychannel txID=efcabb31
2026-09-14T17:39:02.932666861Z [34m2026-09-14 17:39:02.932 UTC 054c INFO[0m [comm.grpc.server] [34;1mfunc1[0m -> unary call completed grpc.service=protos.Endorser grpc.method=ProcessProposal grpc.request_deadline=2026-09-14T17:39:32.931Z grpc.peer_address=172.18.0.5:55100 grpc.peer_subject="CN=peer0.org1.example.com,L=San Francisco,ST=California,C=US" grpc.code=OK grpc.call_duration=599.847µs
2026-09-14T17:39:02.932719170Z [34m2026-09-14 17:39:02.932 UTC 054d INFO[0m [comm.grpc.server] [34;1mfunc1[0m -> unary call completed grpc.service=protos.Endorser grpc.method=ProcessProposal grpc.request_deadline=2026-09-14T17:39:32.931Z grpc.peer_address=172.18.0.5:55100 grpc.peer_subject="CN=peer0.org1.example.com,L=San Francisco,ST=California,C=US" grpc.code=OK grpc.call_duration=695.688µs
2026-09-14T17:39:02.973835413Z [34m2026-09-14 17:39:02.973 UTC 054e INFO[0m [endorser] [34;1mcallChaincode[0m -> finished chaincode: kvstore duration: 0ms channel=mychannel txID=9d421fb1
2026-09-14T17:39:02.973846684Z [34m2026-09-14 17:39:02.973 UTC 054f INFO[0m [endorser] [34;1mcallChaincode[0m -> finished chaincode: kvstore duration: 0ms channel=mychannel txID=27813ca4
2026-09-14T17:39:02.973891279Z [34m2026-09-14 17:39:02.973 UTC 0551 INFO[0m [comm.grpc.server] [34;1mfunc1[0m -> unary call completed grpc.service=protos.Endorser grpc.method=ProcessProposal grpc.request_deadline=2026-09-14T17:39:32.972Z grpc.peer_address=172.18.0.5:55100 grpc.peer_subject="CN=peer0.org1.example.com,L=San Francisco,ST=California,C=US" grpc.code=OK grpc.call_duration=936.745µs
2026-09-14T17:39:02.973905676Z [34m2026-09-14 17:39:02.973 UTC 0550 INFO[0m [comm.grpc.server] [34;1mfunc1[0m -> unary call completed grpc.service=protos.Endorser grpc.method=ProcessProposal grpc.request_deadline=2026-09-14T17:39:32.972Z grpc.peer_address=172.18.0.5:55100 grpc.peer_subject="CN=peer0.org1.example.com,L=San Francisco,ST=California,C=US" grpc.code=OK grpc.call_duration=888.123µs
2026-09-14T17:39:03.013490456Z [34m2026-09-14 17:39:03.013 UTC 0552 INFO[0m [endorser] [34;1mcallChaincode[0m -> finished chaincode: kvstore duration: 0ms channel=mychannel txID=ba49970b
2026-09-14T17:39:03.013502479Z [34m2026-09-14 17:39:03.013 UTC 0553 INFO[0m [endorser] [34;1mcallChaincode[0m -> finished chaincode: kvstore duration: 0ms channel=mychannel txID=abf74052
2026-09-14T17:39:03.013528408Z [34m2026-09-14 17:39:03.013 UTC 0554 INFO[0m [comm.grpc.server] [34;1mfunc1[0m -> unary call completed grpc.service=protos.Endorser grpc.method=ProcessProposal grpc.request_deadline=2026-09-14T17:39:33.012Z grpc.peer_address=172.18.0.5:55100 grpc.peer_subject="CN=peer0.org1.example.com,L=San Francisco,ST=California,C=US" grpc.code=OK grpc.call_duration=864.769µs
2026-09-14T17:39:03.013537295Z [34m2026-09-14 17:39:03.013 UTC 0555 INFO[0m [comm.grpc.server] [34;1mfunc1[0m -> unary call completed grpc.service=protos.Endorser grpc.method=ProcessProposal grpc.request_deadline=2026-09-14T17:39:33.012Z grpc.peer_address=172.18.0.5:55100 grpc.peer_subject="CN=peer0.org1.example.com,L=San Francisco,ST=California,C=US" grpc.code=OK grpc.call_duration=866.943µs
2026-09-14T17:39:03.053758011Z [34m2026-09-14 17:39:03.053 UTC 0556 INFO[0m [endorser] [34;1mcallChaincode[0m -> finished chaincode: kvstore duration: 0ms channel=mychannel txID=57e04fbc
2026-09-14T17:39:03.053782998Z [34m2026-09-14 17:39:03.053 UTC 0557 INFO[0m [endorser] [34;1mcallChaincode[0m -> finished chaincode: kvstore duration: 0ms channel=mychannel txID=cb4f514b
2026-09-14T17:39:03.053810140Z [34m2026-09-14 17:39:03.053 UTC 0559 INFO[0m [comm.grpc.server] [34;1mfunc1[0m -> unary call completed grpc.service=protos.Endorser grpc.method=ProcessProposal grpc.request_deadline=2026-09-14T17:39:33.052Z grpc.peer_address=172.18.0.5:55100 grpc.peer_subject="CN=peer0.org1.example.com,L=San Francisco,ST=California,C=US" grpc.code=OK grpc.call_duration=840.552µs
2026-09-14T17:39:03.053821742Z [34m2026-09-14 17:39:03.053 UTC 0558 INFO[0m [comm.grpc.server] [34;1mfunc1[0m -> unary call completed grpc.service=protos.Endorser grpc.method=ProcessProposal grpc.request_deadline=2026-09-14T17:39:33.052Z grpc.peer_address=172.18.0.5:55100 grpc.peer_subject="CN=peer0.org1.example.com,L=San Francisco,ST=California,C=US" grpc.code=OK grpc.call_duration=839.491µs
2026-09-14T17:39:03.093451318Z [34m2026-09-14 17:39:03.093 UTC 055b INFO[0m [endorser] [34;1mcallChaincode[0m -> finished chaincode: kvstore duration: 0ms channel=mychannel txID=92a87679
2026-09-14T17:39:03.093465164Z [34m2026-09-14 17:39:03.093 UTC 055a INFO[0m [endorser] [34;1mcallChaincode[0m -> finished chaincode: kvstore duration: 0ms channel=mychannel txID=d25b68f4
2026-09-14T17:39:03.093504418Z [34m2026-09-14 17:39:03.093 UTC 055c INFO[0m [comm.grpc.server] [34;1mfunc1[0m -> unary call completed grpc.service=protos.Endorser grpc.method=ProcessProposal grpc.request_deadline=2026-09-14T17:39:33.092Z grpc.peer_address=172.18.0.5:55100 grpc.peer_subject="CN=peer0.org1.example.com,L=San Francisco,ST=California,C=US" grpc.code=OK grpc.call_duration=815.375µs
2026-09-14T17:39:03.093513886Z [34m2026-09-14 17:39:03.093 UTC 055d INFO[0m [comm.grpc.server] [34;1mfunc1[0m -> unary call completed grpc.service=protos.Endorser grpc.method=ProcessProposal grpc.request_deadline=2026-09-14T17:39:33.092Z grpc.peer_address=172.18.0.5:55100 grpc.peer_subject="CN=peer0.org1.example.com,L=San Francisco,ST=California,C=US" grpc.code=OK grpc.call_duration=839.08µs
2026-09-14T17:39:03.133764579Z [34m2026-09-14 17:39:03.133 UTC 055e INFO[0m [endorser] [34;1mcallChaincode[0m -> finished chaincode: kvstore duration: 0ms channel=mychannel txID=4fcb7125
2026-09-14T17:39:03.133777644Z [34m2026-09-14 17:39:03.133 UTC 055f INFO[0m [endorser] [34;1mcallChaincode[0m -> finished chaincode: kvstore duration: 0ms channel=mychannel txID=a0582b6b
2026-09-14T17:39:03.133823951Z [34m2026-09-14 17:39:03.133 UTC 0560 INFO[0m [comm.grpc.server] [34;1mfunc1[0m -> unary call completed grpc.service=protos.Endorser grpc.method=ProcessProposal grpc.request_deadline=2026-09-14T17:39:33.132Z grpc.peer_address=172.18.0.5:55100 grpc.peer_subject="CN=peer0.org1.example.com,L=San Francisco,ST=California,C=US" grpc.code=OK grpc.call_duration=857.805µs
2026-09-14T17:39:03.133834842Z [34m2026-09-14 17:39:03.133 UTC 0561 INFO[0m [comm.grpc.server] [34;1mfunc1[0m -> unary call completed grpc.service=protos.Endorser grpc.method=ProcessProposal grpc.request_deadline=2026-09-14T17:39:33.132Z grpc.peer_address=172.18.0.5:55100 grpc.peer_subject="CN=peer0.org1.example.com,L=San Francisco,ST=California,C=US" grpc.code=OK grpc.call_duration=807.059µs
2026-09-14T17:39:03.173302541Z [34m2026-09-14 17:39:03.173 UTC 0562 INFO[0m [endorser] [34;1mcallChaincode[0m -> finished chaincode: kvstore duration: 0ms channel=mychannel txID=4d4115ca
2026-09-14T17:39:03.173326597Z [34m2026-09-14 17:39:03.173 UTC 0563 INFO[0m [endorser] [34;1mcallChaincode[0m -> finished chaincode: kvstore duration: 0ms channel=mychannel txID=a3fb3c4a
2026-09-14T17:39:03.173382533Z [34m2026-09-14 17:39:03.173 UTC 0564 INFO[0m [comm.grpc.server] [34;1mfunc1[0m -> unary call completed grpc.service=protos.Endorser grpc.method=ProcessProposal grpc.request_deadline=2026-09-14T17:39:33.172Z grpc.peer_address=172.18.0.5:55100 grpc.peer_subject="CN=peer0.org1.example.com,L=San Francisco,ST=California,C=US" grpc.code=OK grpc.call_duration=852.154µs
2026-09-14T17:39:03.173395307Z [34m2026-09-14 17:39:03.173 UTC 0565 INFO[0m [comm.grpc.server] [34;1mfunc1[0m -> unary call completed grpc.service=protos.Endorser grpc.method=ProcessProposal grpc.request_deadline=2026-09-14T17:39:33.172Z grpc.peer_address=172.18.0.5:55100 grpc.peer_subject="CN=peer0.org1.example.com,L=San Francisco,ST=California,C=US" grpc.code=OK grpc.call_duration=851.323µs
2026-09-14T17:39:03.213689051Z [34m2026-09-14 17:39:03.213 UTC 0566 INFO[0m [endorser] [34;1mcallChaincode[0m -> finished chaincode: kvstore duration: 0ms channel=mychannel txID=7f9f2000
2026-09-14T17:39:03.213701194Z [34m2026-09-14 17:39:03.213 UTC 0567 INFO[0m [endorser] [34;1mcallChaincode[0m -> finished chaincode: kvstore duration: 0ms channel=mychannel txID=23a746a2
2026-09-14T17:39:03.213733766Z [34m2026-09-14 17:39:03.213 UTC 0568 INFO[0m [comm.grpc.server] [34;1mfunc1[0m -> unary call completed grpc.service=protos.Endorser grpc.method=ProcessProposal grpc.request_deadline=2026-09-14T17:39:33.212Z grpc.peer_address=172.18.0.5:55100 grpc.peer_subject="CN=peer0.org1.example.com,L=San Francisco,ST=California,C=US" grpc.code=OK grpc.call_duration=796.078µs
2026-09-14T17:39:03.213746951Z [34m2026-09-14 17:39:03.213 UTC 0569 INFO[0m [comm.grpc.server] [34;1mfunc1[0m -> unary call completed grpc.service=protos.Endorser grpc.method=ProcessProposal grpc.request_deadline=2026-09-14T17:39:33.212Z grpc.peer_address=172.18.0.5:55100 grpc.peer_subject="CN=peer0.org1.example.com,L=San Francisco,ST=California,C=US" grpc.code=OK grpc.call_duration=789.866µs
2026-09-14T17:39:03.253862688Z [34m2026-09-14 17:39:03.253 UTC 056a INFO[0m [endorser] [34;1mcallChaincode[0m -> finished chaincode: kvstore duration: 0ms channel=mychannel txID=f6e733c1
2026-09-14T17:39:03.253879309Z [34m2026-09-14 17:39:03.253 UTC 056b INFO[0m [endorser] [34;1mcallChaincode[0m -> finished chaincode: kvstore duration: 0ms channel=mychannel txID=40cf5eaa
2026-09-14T17:39:03.253915859Z [34m2026-09-14 17:39:03.253 UTC 056c INFO[0m [comm.grpc.server] [34;1mfunc1[0m -> unary call completed grpc.service=protos.Endorser grpc.method=ProcessProposal grpc.request_deadline=2026-09-14T17:39:33.252Z grpc.peer_address=172.18.0.5:55100 grpc.peer_subject="CN=peer0.org1.example.com,L=San Francisco,ST=California,C=US" grpc.code=OK grpc.call_duration=836.275µs
2026-09-14T17:39:03.253930406Z [34m2026-09-14 17:39:03.253 UTC 056d INFO[0m [comm.grpc.server] [34;1mfunc1[0m -> unary call completed grpc.service=protos.Endorser grpc.method=ProcessProposal grpc.request_deadline=2026-09-14T17:39:33.252Z grpc.peer_address=172.18.0.5:55100 grpc.peer_subject="CN=peer0.org1.example.com,L=San Francisco,ST=California,C=US" grpc.code=OK grpc.call_duration=848.207µs
2026-09-14T17:39:03.293305941Z [34m2026-09-14 17:39:03.293 UTC 056e INFO[0m [endorser] [34;1mcallChaincode[0m -> finished chaincode: kvstore duration: 0ms channel=mychannel txID=aa509d43
2026-09-14T17:39:03.293320819Z [34m2026-09-14 17:39:03.293 UTC 056f INFO[0m [endorser] [34;1mcallChaincode[0m -> finished chaincode: kvstore duration: 0ms channel=mychannel txID=740a90f4
2026-09-14T17:39:03.293356086Z [34m2026-09-14 17:39:03.293 UTC 0570 INFO[0m [comm.grpc.server] [34;1mfunc1[0m -> unary call completed grpc.service=protos.Endorser grpc.method=ProcessProposal grpc.request_deadline=2026-09-14T17:39:33.292Z grpc.peer_address=172.18.0.5:55100 grpc.peer_subject="CN=peer0.org1.example.com,L=San Francisco,ST=California,C=US" grpc.code=OK grpc.call_duration=859.799µs
2026-09-14T17:39:03.293381514Z [34m2026-09-14 17:39:03.293 UTC 0571 INFO[0m [comm.grpc.server] [34;1mfunc1[0m -> unary call completed grpc.service=protos.Endorser grpc.method=ProcessProposal grpc.request_deadline=2026-09-14T17:39:33.292Z grpc.peer_address=172.18.0.5:55100 grpc.peer_subject="CN=peer0.org1.example.com,L=San Francisco,ST=California,C=US" grpc.code=OK grpc.call_duration=867.944µs
2026-09-14T17:39:03.333778364Z [34m2026-09-14 17:39:03.333 UTC 0572 INFO[0m [endorser] [34;1mcallChaincode[0m -> finished chaincode: kvstore duration: 0ms channel=mychannel txID=01803090
2026-09-14T17:39:03.333795356Z [34m2026-09-14 17:39:03.333 UTC 0573 INFO[0m [endorser] [34;1mcallChaincode[0m -> finished chaincode: kvstore duration: 0ms channel=mychannel txID=e912a680
2026-09-14T17:39:03.333838217Z [34m2026-09-14 17:39:03.333 UTC 0574 INFO[0m [comm.grpc.server] [34;1mfunc1[0m -> unary call completed grpc.service=protos.Endorser grpc.method=ProcessProposal grpc.request_deadline=2026-09-14T17:39:33.332Z grpc.peer_address=172.18.0.5:55100 grpc.peer_subject="CN=peer0.org1.example.com,L=San Francisco,ST=California,C=US" grpc.code=OK grpc.call_duration=1.001427ms
2026-09-14T17:39:03.333855861Z [34m2026-09-14 17:39:03.333 UTC 0575 INFO[0m [comm.grpc.server] [34;1mfunc1[0m -> unary call completed grpc.service=protos.Endorser grpc.method=ProcessProposal grpc.request_deadline=2026-09-14T17:39:33.332Z grpc.peer_address=172.18.0.5:55100 grpc.peer_subject="CN=peer0.org1.example.com,L=San Francisco,ST=California,C=US" grpc.code=OK grpc.call_duration=1.021606ms
2026-09-14T17:39:03.373520513Z [34m2026-09-14 17:39:03.373 UTC 0576 INFO[0m [endorser] [34;1mcallChaincode[0m -> finished chaincode: kvstore duration: 0ms channel=mychannel txID=960fdfa7
2026-09-14T17:39:03.373552794Z [34m2026-09-14 17:39:03.373 UTC 0577 INFO[0m [endorser] [34;1mcallChaincode[0m -> finished chaincode: kvstore duration: 0ms channel=mychannel txID=f0b7bf5d
2026-09-14T17:39:03.373598891Z [34m2026-09-14 17:39:03.373 UTC 0578 INFO[0m [comm.grpc.server] [34;1mfunc1[0m -> unary call completed grpc.service=protos.Endorser grpc.method=ProcessProposal grpc.request_deadline=2026-09-14T17:39:33.372Z grpc.peer_address=172.18.0.5:55100 grpc.peer_subject="CN=peer0.org1.example.com,L=San Francisco,ST=California,C=US" grpc.code=OK grpc.call_duration=1.402437ms
2026-09-14T17:39:03.373614371Z [34m2026-09-14 17:39:03.373 UTC 0579 INFO[0m [comm.grpc.server] [34;1mfunc1[0m -> unary call completed grpc.service=protos.Endorser grpc.method=ProcessProposal grpc.request_deadline=2026-09-14T17:39:33.372Z grpc.peer_address=172.18.0.5:55100 grpc.peer_subject="CN=peer0.org1.example.com,L=San Francisco,ST=California,C=US" grpc.code=OK grpc.call_duration=1.408088ms
2026-09-14T17:39:03.413109091Z [34m2026-09-14 17:39:03.413 UTC 057a INFO[0m [endorser] [34;1mcallChaincode[0m -> finished chaincode: kvstore duration: 0ms channel=mychannel txID=9539d99f
2026-09-14T17:39:03.413121745Z [34m2026-09-14 17:39:03.413 UTC 057b INFO[0m [endorser] [34;1mcallChaincode[0m -> finished chaincode: kvstore duration: 0ms channel=mychannel txID=0dc326da
2026-09-14T17:39:03.413162522Z [34m2026-09-14 17:39:03.413 UTC 057c INFO[0m [comm.grpc.server] [34;1mfunc1[0m -> unary call completed grpc.service=protos.Endorser grpc.method=ProcessProposal grpc.request_deadline=2026-09-14T17:39:33.412Z grpc.peer_address=172.18.0.5:55100 grpc.peer_subject="CN=peer0.org1.example.com,L=San Francisco,ST=California,C=US" grpc.code=OK grpc.call_duration=787.933µs
2026-09-14T17:39:03.413181759Z [34m2026-09-14 17:39:03.413 UTC 057d INFO[0m [comm.grpc.server] [34;1mfunc1[0m -> unary call completed grpc.service=protos.Endorser grpc.method=ProcessProposal grpc.request_deadline=2026-09-14T17:39:33.412Z grpc.peer_address=172.18.0.5:55100 grpc.peer_subject="CN=peer0.org1.example.com,L=San Francisco,ST=California,C=US" grpc.code=OK grpc.call_duration=760.751µs
2026-09-14T17:39:03.453482395Z [34m2026-09-14 17:39:03.453 UTC 057f INFO[0m [endorser] [34;1mcallChaincode[0m -> finished chaincode: kvstore duration: 0ms channel=mychannel txID=ec7e33ae
2026-09-14T17:39:03.453536939Z [34m2026-09-14 17:39:03.453 UTC 057e INFO[0m [endorser] [34;1mcallChaincode[0m -> finished chaincode: kvstore duration: 0ms channel=mychannel txID=6c3cde42
2026-09-14T17:39:03.453550374Z [34m2026-09-14 17:39:03.453 UTC 0580 INFO[0m [comm.grpc.server] [34;1mfunc1[0m -> unary call completed grpc.service=protos.Endorser grpc.method=ProcessProposal grpc.request_deadline=2026-09-14T17:39:33.452Z grpc.peer_address=172.18.0.5:55100 grpc.peer_subject="CN=peer0.org1.example.com,L=San Francisco,ST=California,C=US" grpc.code=OK grpc.call_duration=730.785µs
2026-09-14T17:39:03.453595931Z [34m2026-09-14 17:39:03.453 UTC 0581 INFO[0m [comm.grpc.server] [34;1mfunc1[0m -> unary call completed grpc.service=protos.Endorser grpc.method=ProcessProposal grpc.request_deadline=2026-09-14T17:39:33.452Z grpc.peer_address=172.18.0.5:55100 grpc.peer_subject="CN=peer0.org1.example.com,L=San Francisco,ST=California,C=US" grpc.code=OK grpc.call_duration=793.814µs
2026-09-14T17:39:03.494066029Z [34m2026-09-14 17:39:03.493 UTC 0582 INFO[0m [endorser] [34;1mcallChaincode[0m -> finished chaincode: kvstore duration: 0ms channel=mychannel txID=09de89ff
2026-09-14T17:39:03.494133156Z [34m2026-09-14 17:39:03.494 UTC 0583 INFO[0m [comm.grpc.server] [34;1mfunc1[0m -> unary call completed grpc.service=protos.Endorser grpc.method=ProcessProposal grpc.request_deadline=2026-09-14T17:39:33.492Z grpc.peer_address=172.18.0.5:55100 grpc.peer_subject="CN=peer0.org1.example.com,L=San Francisco,ST=California,C=US" grpc.code=OK grpc.call_duration=1.278342ms
2026-09-14T17:39:03.494264445Z [34m2026-09-14 17:39:03.494 UTC 0584 INFO[0m [endorser] [34;1mcallChaincode[0m -> finished chaincode: kvstore duration: 0ms channel=mychannel txID=b2caf5a1
2026-09-14T17:39:03.494331141Z [34m2026-09-14 17:39:03.494 UTC 0585 INFO[0m [comm.grpc.server] [34;1mfunc1[0m -> unary call completed grpc.service=protos.Endorser grpc.method=ProcessProposal grpc.request_deadline=2026-09-14T17:39:33.492Z grpc.peer_address=172.18.0.5:55100 grpc.peer_subject="CN=peer0.org1.example.com,L=San Francisco,ST=California,C=US" grpc.code=OK grpc.call_duration=1.506104ms
2026-09-14T17:39:03.533552273Z [34m2026-09-14 17:39:03.533 UTC 0586 INFO[0m [endorser] [34;1mcallChaincode[0m -> finished chaincode: kvstore duration: 0ms channel=mychannel txID=a895ea9f
2026-09-14T17:39:03.533594584Z [34m2026-09-14 17:39:03.533 UTC 0587 INFO[0m [endorser] [34;1mcallChaincode[0m -> finished chaincode: kvstore duration: 0ms channel=mychannel txID=652d8513
2026-09-14T17:39:03.533609472Z [34m2026-09-14 17:39:03.533 UTC 0588 INFO[0m [comm.grpc.server] [34;1mfunc1[0m -> unary call completed grpc.service=protos.Endorser grpc.method=ProcessProposal grpc.request_deadline=2026-09-14T17:39:33.532Z grpc.peer_address=172.18.0.5:55100 grpc.peer_subject="CN=peer0.org1.example.com,L=San Francisco,ST=California,C=US" grpc.code=OK grpc.call_duration=788.865µs
2026-09-14T17:39:03.533652984Z [34m2026-09-14 17:39:03.533 UTC 0589 INFO[0m [comm.grpc.server] [34;1mfunc1[0m -> unary call completed grpc.service=protos.Endorser grpc.method=ProcessProposal grpc.request_deadline=2026-09-14T17:39:33.532Z grpc.peer_address=172.18.0.5:55100 grpc.peer_subject="CN=peer0.org1.example.com,L=San Francisco,ST=California,C=US" grpc.code=OK grpc.call_duration=829.702µs
2026-09-14T17:39:03.572869127Z [34m2026-09-14 17:39:03.572 UTC 058a INFO[0m [endorser] [34;1mcallChaincode[0m -> finished chaincode: kvstore duration: 0ms channel=mychannel txID=11b95cd7
2026-09-14T17:39:03.572886610Z [34m2026-09-14 17:39:03.572 UTC 058b INFO[0m [endorser] [34;1mcallChaincode[0m -> finished chaincode: kvstore duration: 0ms channel=mychannel txID=67103dbd
2026-09-14T17:39:03.572904383Z [34m2026-09-14 17:39:03.572 UTC 058c INFO[0m [comm.grpc.server] [34;1mfunc1[0m -> unary call completed grpc.service=protos.Endorser grpc.method=ProcessProposal grpc.request_deadline=2026-09-14T17:39:33.572Z grpc.peer_address=172.18.0.5:55100 grpc.peer_subject="CN=peer0.org1.example.com,L=San Francisco,ST=California,C=US" grpc.code=OK grpc.call_duration=794.215µs
2026-09-14T17:39:03.572913741Z [34m2026-09-14 17:39:03.572 UTC 058d INFO[0m [comm.grpc.server] [34;1mfunc1[0m -> unary call completed grpc.service=protos.Endorser grpc.method=ProcessProposal grpc.request_deadline=2026-09-14T17:39:33.571Z grpc.peer_address=172.18.0.5:55100 grpc.peer_subject="CN=peer0.org1.example.com,L=San Francisco,ST=California,C=US" grpc.code=OK grpc.call_duration=794.235µs
2026-09-14T17:39:03.613794558Z [34m2026-09-14 17:39:03.613 UTC 058e INFO[0m [endorser] [34;1mcallChaincode[0m -> finished chaincode: kvstore duration: 0ms channel=mychannel txID=9a614934
2026-09-14T17:39:03.613835846Z [34m2026-09-14 17:39:03.613 UTC 058f INFO[0m [endorser] [34;1mcallChaincode[0m -> finished chaincode: kvstore duration: 0ms channel=mychannel txID=36fbb71b
2026-09-14T17:39:03.613867476Z [34m2026-09-14 17:39:03.613 UTC 0590 INFO[0m [comm.grpc.server] [34;1mfunc1[0m -> unary call completed grpc.service=protos.Endorser grpc.method=ProcessProposal grpc.request_deadline=2026-09-14T17:39:33.612Z grpc.peer_address=172.18.0.5:55100 grpc.peer_subject="CN=peer0.org1.example.com,L=San Francisco,ST=California,C=US" grpc.code=OK grpc.call_duration=1.074246ms
2026-09-14T17:39:03.613907221Z [34m2026-09-14 17:39:03.613 UTC 0591 INFO[0m [comm.grpc.server] [34;1mfunc1[0m -> unary call completed grpc.service=protos.Endorser grpc.method=ProcessProposal grpc.request_deadline=2026-09-14T17:39:33.612Z grpc.peer_address=172.18.0.5:55100 grpc.peer_subject="CN=peer0.org1.example.com,L=San Francisco,ST=California,C=US" grpc.code=OK grpc.call_duration=1.110254ms
2026-09-14T17:39:03.653209697Z [34m2026-09-14 17:39:03.653 UTC 0592 INFO[0m [endorser] [34;1mcallChaincode[0m -> finished chaincode: kvstore duration: 0ms channel=mychannel txID=e5cd8755
2026-09-14T17:39:03.653227531Z [34m2026-09-14 17:39:03.653 UTC 0593 INFO[0m [endorser] [34;1mcallChaincode[0m -> finished chaincode: kvstore duration: 0ms channel=mychannel txID=5b8a274c
2026-09-14T17:39:03.653253009Z [34m2026-09-14 17:39:03.653 UTC 0594 INFO[0m [comm.grpc.server] [34;1mfunc1[0m -> unary call completed grpc.service=protos.Endorser grpc.method=ProcessProposal grpc.request_deadline=2026-09-14T17:39:33.652Z grpc.peer_address=172.18.0.5:55100 grpc.peer_subject="CN=peer0.org1.example.com,L=San Francisco,ST=California,C=US" grpc.code=OK grpc.call_duration=758.898µs
2026-09-14T17:39:03.653305348Z [34m2026-09-14 17:39:03.653 UTC 0595 INFO[0m [comm.grpc.server] [34;1mfunc1[0m -> unary call completed grpc.service=protos.Endorser grpc.method=ProcessProposal grpc.request_deadline=2026-09-14T17:39:33.652Z grpc.peer_address=172.18.0.5:55100 grpc.peer_subject="CN=peer0.org1.example.com,L=San Francisco,ST=California,C=US" grpc.code=OK grpc.call_duration=811.768µs
2026-09-14T17:39:03.693078486Z [34m2026-09-14 17:39:03.693 UTC 0596 INFO[0m [endorser] [34;1mcallChaincode[0m -> finished chaincode: kvstore duration: 0ms channel=mychannel txID=12d7083b
2026-09-14T17:39:03.693096140Z [34m2026-09-14 17:39:03.693 UTC 0597 INFO[0m [endorser] [34;1mcallChaincode[0m -> finished chaincode: kvstore duration: 0ms channel=mychannel txID=b13119c5
2026-09-14T17:39:03.693129092Z [34m2026-09-14 17:39:03.693 UTC 0598 INFO[0m [comm.grpc.server] [34;1mfunc1[0m -> unary call completed grpc.service=protos.Endorser grpc.method=ProcessProposal grpc.request_deadline=2026-09-14T17:39:33.692Z grpc.peer_address=172.18.0.5:55100 grpc.peer_subject="CN=peer0.org1.example.com,L=San Francisco,ST=California,C=US" grpc.code=OK grpc.call_duration=835.533µs
2026-09-14T17:39:03.693154240Z [34m2026-09-14 17:39:03.693 UTC 0599 INFO[0m [comm.grpc.server] [34;1mfunc1[0m -> unary call completed grpc.service=protos.Endorser grpc.method=ProcessProposal grpc.request_deadline=2026-09-14T17:39:33.692Z grpc.peer_address=172.18.0.5:55100 grpc.peer_subject="CN=peer0.org1.example.com,L=San Francisco,ST=California,C=US" grpc.code=OK grpc.call_duration=858.867µs
2026-09-14T17:39:03.734321800Z [34m2026-09-14 17:39:03.734 UTC 059a INFO[0m [endorser] [34;1mcallChaincode[0m -> finished chaincode: kvstore duration: 0ms channel=mychannel txID=d48d0298
2026-09-14T17:39:03.734344884Z [34m2026-09-14 17:39:03.734 UTC 059b INFO[0m [endorser] [34;1mcallChaincode[0m -> finished chaincode: kvstore duration: 0ms channel=mychannel txID=6e8b309f
2026-09-14T17:39:03.734381343Z [34m2026-09-14 17:39:03.734 UTC 059c INFO[0m [comm.grpc.server] [34;1mfunc1[0m -> unary call completed grpc.service=protos.Endorser grpc.method=ProcessProposal grpc.request_deadline=2026-09-14T17:39:33.733Z grpc.peer_address=172.18.0.5:55100 grpc.peer_subject="CN=peer0.org1.example.com,L=San Francisco,ST=California,C=US" grpc.code=OK grpc.call_duration=781.842µs
2026-09-14T17:39:03.734401431Z [34m2026-09-14 17:39:03.734 UTC 059d INFO[0m [comm.grpc.server] [34;1mfunc1[0m -> unary call completed grpc.service=protos.Endorser grpc.method=ProcessProposal grpc.request_deadline=2026-09-14T17:39:33.733Z grpc.peer_address=172.18.0.5:55100 grpc.peer_subject="CN=peer0.org1.example.com,L=San Francisco,ST=California,C=US" grpc.code=OK grpc.call_duration=774.217µs
2026-09-14T17:39:03.774179388Z [34m2026-09-14 17:39:03.774 UTC 059e INFO[0m [endorser] [34;1mcallChaincode[0m -> finished chaincode: kvstore duration: 0ms channel=mychannel txID=90038f2c
2026-09-14T17:39:03.774192332Z [34m2026-09-14 17:39:03.774 UTC 059f INFO[0m [endorser] [34;1mcallChaincode[0m -> finished chaincode: kvstore duration: 0ms channel=mychannel txID=8cff2733
2026-09-14T17:39:03.774252596Z [34m2026-09-14 17:39:03.774 UTC 05a1 INFO[0m [comm.grpc.server] [34;1mfunc1[0m -> unary call completed grpc.service=protos.Endorser grpc.method=ProcessProposal grpc.request_deadline=2026-09-14T17:39:33.773Z grpc.peer_address=172.18.0.5:55100 grpc.peer_subject="CN=peer0.org1.example.com,L=San Francisco,ST=California,C=US" grpc.code=OK grpc.call_duration=1.038147ms
2026-09-14T17:39:03.774261804Z [34m2026-09-14 17:39:03.774 UTC 05a0 INFO[0m [comm.grpc.server] [34;1mfunc1[0m -> unary call completed grpc.service=protos.Endorser grpc.method=ProcessProposal grpc.request_deadline=2026-09-14T17:39:33.773Z grpc.peer_address=172.18.0.5:55100 grpc.peer_subject="CN=peer0.org1.example.com,L=San Francisco,ST=California,C=US" grpc.code=OK grpc.call_duration=1.076118ms
2026-09-14T17:39:03.813721197Z [34m2026-09-14 17:39:03.813 UTC 05a2 INFO[0m [endorser] [34;1mcallChaincode[0m -> finished chaincode: kvstore duration: 0ms channel=mychannel txID=0e646521
2026-09-14T17:39:03.813806008Z [34m2026-09-14 17:39:03.813 UTC 05a3 INFO[0m [comm.grpc.server] [34;1mfunc1[0m -> unary call completed grpc.service=protos.Endorser grpc.method=ProcessProposal grpc.request_deadline=2026-09-14T17:39:33.812Z grpc.peer_address=172.18.0.5:55100 grpc.peer_subject="CN=peer0.org1.example.com,L=San Francisco,ST=California,C=US" grpc.code=OK grpc.call_duration=741.955µs
2026-09-14T17:39:03.813816267Z [34m2026-09-14 17:39:03.813 UTC 05a4 INFO[0m [endorser] [34;1mcallChaincode[0m -> finished chaincode: kvstore duration: 0ms channel=mychannel txID=847315b3
2026-09-14T17:39:03.813919753Z [34m2026-09-14 17:39:03.813 UTC 05a5 INFO[0m [comm.grpc.server] [34;1mfunc1[0m -> unary call completed grpc.service=protos.Endorser grpc.method=ProcessProposal grpc.request_deadline=2026-09-14T17:39:33.812Z grpc.peer_address=172.18.0.5:55100 grpc.peer_subject="CN=peer0.org1.example.com,L=San Francisco,ST=California,C=US" grpc.code=OK grpc.call_duration=800.226µs
2026-09-14T17:39:03.853218943Z [34m2026-09-14 17:39:03.853 UTC 05a6 INFO[0m [endorser] [34;1mcallChaincode[0m -> finished chaincode: kvstore duration: 0ms channel=mychannel txID=9cae5056
2026-09-14T17:39:03.853250112Z [34m2026-09-14 17:39:03.853 UTC 05a7 INFO[0m [endorser] [34;1mcallChaincode[0m -> finished chaincode: kvstore duration: 0ms channel=mychannel txID=4207dd38
2026-09-14T17:39:03.853290930Z [34m2026-09-14 17:39:03.853 UTC 05a8 INFO[0m [comm.grpc.server] [34;1mfunc1[0m -> unary call completed grpc.service=protos.Endorser grpc.method=ProcessProposal grpc.request_deadline=2026-09-14T17:39:33.852Z grpc.peer_address=172.18.0.5:55100 grpc.peer_subject="CN=peer0.org1.example.com,L=San Francisco,ST=California,C=US" grpc.code=OK grpc.call_duration=893.152µs
2026-09-14T17:39:03.853316288Z [34m2026-09-14 17:39:03.853 UTC 05a9 INFO[0m [comm.grpc.server] [34;1mfunc1[0m -> unary call completed grpc.service=protos.Endorser grpc.method=ProcessProposal grpc.request_deadline=2026-09-14T17:39:33.852Z grpc.peer_address=172.18.0.5:55100 grpc.peer_subject="CN=peer0.org1.example.com,L=San Francisco,ST=California,C=US" grpc.code=OK grpc.call_duration=923.72µs
2026-09-14T17:39:03.893832373Z [34m2026-09-14 17:39:03.893 UTC 05aa INFO[0m [endorser] [34;1mcallChaincode[0m -> finished chaincode: kvstore duration: 0ms channel=mychannel txID=b47855ef
2026-09-14T17:39:03.893961217Z [34m2026-09-14 17:39:03.893 UTC 05ab INFO[0m [comm.grpc.server] [34;1mfunc1[0m -> unary call completed grpc.service=protos.Endorser grpc.method=ProcessProposal grpc.request_deadline=2026-09-14T17:39:33.892Z grpc.peer_address=172.18.0.5:55100 grpc.peer_subject="CN=peer0.org1.example.com,L=San Francisco,ST=California,C=US" grpc.code=OK grpc.call_duration=1.580604ms
2026-09-14T17:39:03.894023185Z [34m2026-09-14 17:39:03.893 UTC 05ac INFO[0m [endorser] [34;1mcallChaincode[0m -> finished chaincode: kvstore duration: 1ms channel=mychannel txID=0201cf26
2026-09-14T17:39:03.894099800Z [34m2026-09-14 17:39:03.894 UTC 05ad INFO[0m [comm.grpc.server] [34;1mfunc1[0m -> unary call completed grpc.service=protos.Endorser grpc.method=ProcessProposal grpc.request_deadline=2026-09-14T17:39:33.892Z grpc.peer_address=172.18.0.5:55100 grpc.peer_subject="CN=peer0.org1.example.com,L=San Francisco,ST=California,C=US" grpc.code=OK grpc.call_duration=1.729216ms
2026-09-14T17:39:03.894530606Z [34m2026-09-14 17:39:03.894 UTC 05ae INFO[0m [gossip.privdata] [34;1mStoreBlock[0m -> Received block [16] from buffer channel=mychannel
2026-09-14T17:39:03.903868458Z [34m2026-09-14 17:39:03.903 UTC 05af INFO[0m [committer.txvalidator] [34;1mValidate[0m -> [mychannel] Validated block [16] in 9ms
2026-09-14T17:39:03.954350577Z [34m2026-09-14 17:39:03.954 UTC 05b0 INFO[0m [kvledger] [34;1mcommit[0m -> [mychannel] Committed block [16] with 52 transaction(s) in 49ms (state_validation=0ms block_and_pvtdata_commit=28ms state_commit=10ms) commitHash=[99604492e5ff103255f29179be50ab5aa250f837b6df037a0deab109c4803b96]
2026-09-14T17:39:03.961971396Z [34m2026-09-14 17:39:03.961 UTC 05b1 INFO[0m [endorser] [34;1mcallChaincode[0m -> finished chaincode: kvstore duration: 0ms channel=mychannel txID=cad65d00
2026-09-14T17:39:03.961988729Z [34m2026-09-14 17:39:03.961 UTC 05b2 INFO[0m [endorser] [34;1mcallChaincode[0m -> finished chaincode: kvstore duration: 0ms channel=mychannel txID=cb6c5ca5
2026-09-14T17:39:03.962037691Z [34m2026-09-14 17:39:03.962 UTC 05b3 INFO[0m [comm.grpc.server] [34;1mfunc1[0m -> unary call completed grpc.service=protos.Endorser grpc.method=ProcessProposal grpc.request_deadline=2026-09-14T17:39:33.961Z grpc.peer_address=172.18.0.5:55100 grpc.peer_subject="CN=peer0.org1.example.com,L=San Francisco,ST=California,C=US" grpc.code=OK grpc.call_duration=911.657µs
2026-09-14T17:39:03.962046087Z [34m2026-09-14 17:39:03.962 UTC 05b4 INFO[0m [comm.grpc.server] [34;1mfunc1[0m -> unary call completed grpc.service=protos.Endorser grpc.method=ProcessProposal grpc.request_deadline=2026-09-14T17:39:33.961Z grpc.peer_address=172.18.0.5:55100 grpc.peer_subject="CN=peer0.org1.example.com,L=San Francisco,ST=California,C=US" grpc.code=OK grpc.call_duration=903.041µs
2026-09-14T17:39:03.972677841Z [34m2026-09-14 17:39:03.972 UTC 05b5 INFO[0m [endorser] [34;1mcallChaincode[0m -> finished chaincode: kvstore duration: 0ms channel=mychannel txID=089c68a8
2026-09-14T17:39:03.972685816Z [34m2026-09-14 17:39:03.972 UTC 05b6 INFO[0m [endorser] [34;1mcallChaincode[0m -> finished chaincode: kvstore duration: 0ms channel=mychannel txID=68142d06
2026-09-14T17:39:03.972729198Z [34m2026-09-14 17:39:03.972 UTC 05b7 INFO[0m [comm.grpc.server] [34;1mfunc1[0m -> unary call completed grpc.service=protos.Endorser grpc.method=ProcessProposal grpc.request_deadline=2026-09-14T17:39:33.971Z grpc.peer_address=172.18.0.5:55100 grpc.peer_subject="CN=peer0.org1.example.com,L=San Francisco,ST=California,C=US" grpc.code=OK grpc.call_duration=740.864µs
2026-09-14T17:39:03.972733667Z [34m2026-09-14 17:39:03.972 UTC 05b8 INFO[0m [comm.grpc.server] [34;1mfunc1[0m -> unary call completed grpc.service=protos.Endorser grpc.method=ProcessProposal grpc.request_deadline=2026-09-14T17:39:33.971Z grpc.peer_address=172.18.0.5:55100 grpc.peer_subject="CN=peer0.org1.example.com,L=San Francisco,ST=California,C=US" grpc.code=OK grpc.call_duration=727.158µs
2026-09-14T17:39:04.014024831Z [34m2026-09-14 17:39:04.013 UTC 05b9 INFO[0m [endorser] [34;1mcallChaincode[0m -> finished chaincode: kvstore duration: 0ms channel=mychannel txID=91f4f13e
2026-09-14T17:39:04.014079495Z [34m2026-09-14 17:39:04.013 UTC 05ba INFO[0m [endorser] [34;1mcallChaincode[0m -> finished chaincode: kvstore duration: 0ms channel=mychannel txID=a24e7632
2026-09-14T17:39:04.014095795Z [34m2026-09-14 17:39:04.014 UTC 05bb INFO[0m [comm.grpc.server] [34;1mfunc1[0m -> unary call completed grpc.service=protos.Endorser grpc.method=ProcessProposal grpc.request_deadline=2026-09-14T17:39:34.013Z grpc.peer_address=172.18.0.5:55100 grpc.peer_subject="CN=peer0.org1.example.com,L=San Francisco,ST=California,C=US" grpc.code=OK grpc.call_duration=742.207µs
2026-09-14T17:39:04.014151521Z [34m2026-09-14 17:39:04.014 UTC 05bc INFO[0m [comm.grpc.server] [34;1mfunc1[0m -> unary call completed grpc.service=protos.Endorser grpc.method=ProcessProposal grpc.request_deadline=2026-09-14T17:39:34.013Z grpc.peer_address=172.18.0.5:55100 grpc.peer_subject="CN=peer0.org1.example.com,L=San Francisco,ST=California,C=US" grpc.code=OK grpc.call_duration=792.672µs
2026-09-14T17:39:04.053933486Z [34m2026-09-14 17:39:04.053 UTC 05bd INFO[0m [endorser] [34;1mcallChaincode[0m -> finished chaincode: kvstore duration: 0ms channel=mychannel txID=c6fecd06
2026-09-14T17:39:04.053961108Z [34m2026-09-14 17:39:04.053 UTC 05be INFO[0m [endorser] [34;1mcallChaincode[0m -> finished chaincode: kvstore duration: 0ms channel=mychannel txID=748a5cae
2026-09-14T17:39:04.053975616Z [34m2026-09-14 17:39:04.053 UTC 05c0 INFO[0m [comm.grpc.server] [34;1mfunc1[0m -> unary call completed grpc.service=protos.Endorser grpc.method=ProcessProposal grpc.request_deadline=2026-09-14T17:39:34.052Z grpc.peer_address=172.18.0.5:55100 grpc.peer_subject="CN=peer0.org1.example.com,L=San Francisco,ST=California,C=US" grpc.code=OK grpc.call_duration=999.183µs
2026-09-14T17:39:04.053982479Z [34m2026-09-14 17:39:04.053 UTC 05bf INFO[0m [comm.grpc.server] [34;1mfunc1[0m -> unary call completed grpc.service=protos.Endorser grpc.method=ProcessProposal grpc.request_deadline=2026-09-14T17:39:34.052Z grpc.peer_address=172.18.0.5:55100 grpc.peer_subject="CN=peer0.org1.example.com,L=San Francisco,ST=California,C=US" grpc.code=OK grpc.call_duration=999.143µs
2026-09-14T17:39:04.093084114Z [34m2026-09-14 17:39:04.093 UTC 05c1 INFO[0m [endorser] [34;1mcallChaincode[0m -> finished chaincode: kvstore duration: 0ms channel=mychannel txID=dac22c65
2026-09-14T17:39:04.093109242Z [34m2026-09-14 17:39:04.093 UTC 05c2 INFO[0m [endorser] [34;1mcallChaincode[0m -> finished chaincode: kvstore duration: 0ms channel=mychannel txID=516d0f32
2026-09-14T17:39:04.093170738Z [34m2026-09-14 17:39:04.093 UTC 05c3 INFO[0m [comm.grpc.server] [34;1mfunc1[0m -> unary call completed grpc.service=protos.Endorser grpc.method=ProcessProposal grpc.request_deadline=2026-09-14T17:39:34.092Z grpc.peer_address=172.18.0.5:55100 grpc.peer_subject="CN=peer0.org1.example.com,L=San Francisco,ST=California,C=US" grpc.code=OK grpc.call_duration=1.028278ms
2026-09-14T17:39:04.093181499Z [34m2026-09-14 17:39:04.093 UTC 05c4 INFO[0m [comm.grpc.server] [34;1mfunc1[0m -> unary call completed grpc.service=protos.Endorser grpc.method=ProcessProposal grpc.request_deadline=2026-09-14T17:39:34.092Z grpc.peer_address=172.18.0.5:55100 grpc.peer_subject="CN=peer0.org1.example.com,L=San Francisco,ST=California,C=US" grpc.code=OK grpc.call_duration=1.054628ms
2026-09-14T17:39:04.136984522Z [34m2026-09-14 17:39:04.136 UTC 05c5 INFO[0m [endorser] [34;1mcallChaincode[0m -> finished chaincode: kvstore duration: 0ms channel=mychannel txID=cee862d2
2026-09-14T17:39:04.136998148Z [34m2026-09-14 17:39:04.136 UTC 05c6 INFO[0m [endorser] [34;1mcallChaincode[0m -> finished chaincode: kvstore duration: 0ms channel=mychannel txID=dad24372
2026-09-14T17:39:04.137040939Z [34m2026-09-14 17:39:04.137 UTC 05c8 INFO[0m [comm.grpc.server] [34;1mfunc1[0m -> unary call completed grpc.service=protos.Endorser grpc.method=ProcessProposal grpc.request_deadline=2026-09-14T17:39:34.136Z grpc.peer_address=172.18.0.5:55100 grpc.peer_subject="CN=peer0.org1.example.com,L=San Francisco,ST=California,C=US" grpc.code=OK grpc.call_duration=783.856µs
2026-09-14T17:39:04.137056619Z [34m2026-09-14 17:39:04.137 UTC 05c7 INFO[0m [comm.grpc.server] [34;1mfunc1[0m -> unary call completed grpc.service=protos.Endorser grpc.method=ProcessProposal grpc.request_deadline=2026-09-14T17:39:34.136Z grpc.peer_address=172.18.0.5:55100 grpc.peer_subject="CN=peer0.org1.example.com,L=San Francisco,ST=California,C=US" grpc.code=OK grpc.call_duration=779.998µs
2026-09-14T17:39:04.173633471Z [34m2026-09-14 17:39:04.173 UTC 05c9 INFO[0m [endorser] [34;1mcallChaincode[0m -> finished chaincode: kvstore duration: 0ms channel=mychannel txID=605a7432
2026-09-14T17:39:04.173649992Z [34m2026-09-14 17:39:04.173 UTC 05ca INFO[0m [endorser] [34;1mcallChaincode[0m -> finished chaincode: kvstore duration: 0ms channel=mychannel txID=f7259906
2026-09-14T17:39:04.173675520Z [34m2026-09-14 17:39:04.173 UTC 05cb INFO[0m [comm.grpc.server] [34;1mfunc1[0m -> unary call completed grpc.service=protos.Endorser grpc.method=ProcessProposal grpc.request_deadline=2026-09-14T17:39:34.172Z grpc.peer_address=172.18.0.5:55100 grpc.peer_subject="CN=peer0.org1.example.com,L=San Francisco,ST=California,C=US" grpc.code=OK grpc.call_duration=716.347µs
2026-09-14T17:39:04.173724122Z [34m2026-09-14 17:39:04.173 UTC 05cc INFO[0m [comm.grpc.server] [34;1mfunc1[0m -> unary call completed grpc.service=protos.Endorser grpc.method=ProcessProposal grpc.request_deadline=2026-09-14T17:39:34.172Z grpc.peer_address=172.18.0.5:55100 grpc.peer_subject="CN=peer0.org1.example.com,L=San Francisco,ST=California,C=US" grpc.code=OK grpc.call_duration=741.004µs
2026-09-14T17:39:04.212994287Z [34m2026-09-14 17:39:04.212 UTC 05cd INFO[0m [endorser] [34;1mcallChaincode[0m -> finished chaincode: kvstore duration: 0ms channel=mychannel txID=7e9e3820
2026-09-14T17:39:04.213050965Z [34m2026-09-14 17:39:04.213 UTC 05ce INFO[0m [comm.grpc.server] [34;1mfunc1[0m -> unary call completed grpc.service=protos.Endorser grpc.method=ProcessProposal grpc.request_deadline=2026-09-14T17:39:34.212Z grpc.peer_address=172.18.0.5:55100 grpc.peer_subject="CN=peer0.org1.example.com,L=San Francisco,ST=California,C=US" grpc.code=OK grpc.call_duration=742.256µs
2026-09-14T17:39:04.213133501Z [34m2026-09-14 17:39:04.213 UTC 05cf INFO[0m [endorser] [34;1mcallChaincode[0m -> finished chaincode: kvstore duration: 0ms channel=mychannel txID=47dedfec
2026-09-14T17:39:04.213185780Z [34m2026-09-14 17:39:04.213 UTC 05d0 INFO[0m [comm.grpc.server] [34;1mfunc1[0m -> unary call completed grpc.service=protos.Endorser grpc.method=ProcessProposal grpc.request_deadline=2026-09-14T17:39:34.212Z grpc.peer_address=172.18.0.5:55100 grpc.peer_subject="CN=peer0.org1.example.com,L=San Francisco,ST=California,C=US" grpc.code=OK grpc.call_duration=817.429µs
2026-09-14T17:39:04.253065670Z [34m2026-09-14 17:39:04.253 UTC 05d1 INFO[0m [endorser] [34;1mcallChaincode[0m -> finished chaincode: kvstore duration: 0ms channel=mychannel txID=b255fed5
2026-09-14T17:39:04.253109473Z [34m2026-09-14 17:39:04.253 UTC 05d2 INFO[0m [endorser] [34;1mcallChaincode[0m -> finished chaincode: kvstore duration: 0ms channel=mychannel txID=5f470e96
2026-09-14T17:39:04.253117699Z [34m2026-09-14 17:39:04.253 UTC 05d3 INFO[0m [comm.grpc.server] [34;1mfunc1[0m -> unary call completed grpc.service=protos.Endorser grpc.method=ProcessProposal grpc.request_deadline=2026-09-14T17:39:34.252Z grpc.peer_address=172.18.0.5:55100 grpc.peer_subject="CN=peer0.org1.example.com,L=San Francisco,ST=California,C=US" grpc.code=OK grpc.call_duration=827.888µs
2026-09-14T17:39:04.253214633Z [34m2026-09-14 17:39:04.253 UTC 05d4 INFO[0m [comm.grpc.server] [34;1mfunc1[0m -> unary call completed grpc.service=protos.Endorser grpc.method=ProcessProposal grpc.request_deadline=2026-09-14T17:39:34.252Z grpc.peer_address=172.18.0.5:55100 grpc.peer_subject="CN=peer0.org1.example.com,L=San Francisco,ST=California,C=US" grpc.code=OK grpc.call_duration=884.516µs
2026-09-14T17:39:04.293716031Z [34m2026-09-14 17:39:04.293 UTC 05d5 INFO[0m [endorser] [34;1mcallChaincode[0m -> finished chaincode: kvstore duration: 0ms channel=mychannel txID=53eaa794
2026-09-14T17:39:04.293732923Z [34m2026-09-14 17:39:04.293 UTC 05d6 INFO[0m [endorser] [34;1mcallChaincode[0m -> finished chaincode: kvstore duration: 0ms channel=mychannel txID=51b849b4
2026-09-14T17:39:04.293812403Z [34m2026-09-14 17:39:04.293 UTC 05d7 INFO[0m [comm.grpc.server] [34;1mfunc1[0m -> unary call completed grpc.service=protos.Endorser grpc.method=ProcessProposal grpc.request_deadline=2026-09-14T17:39:34.292Z grpc.peer_address=172.18.0.5:55100 grpc.peer_subject="CN=peer0.org1.example.com,L=San Francisco,ST=California,C=US" grpc.code=OK grpc.call_duration=822.749µs
2026-09-14T17:39:04.293827552Z [34m2026-09-14 17:39:04.293 UTC 05d8 INFO[0m [comm.grpc.server] [34;1mfunc1[0m -> unary call completed grpc.service=protos.Endorser grpc.method=ProcessProposal grpc.request_deadline=2026-09-14T17:39:34.292Z grpc.peer_address=172.18.0.5:55100 grpc.peer_subject="CN=peer0.org1.example.com,L=San Francisco,ST=California,C=US" grpc.code=OK grpc.call_duration=851.834µs
2026-09-14T17:39:04.333800037Z [34m2026-09-14 17:39:04.333 UTC 05d9 INFO[0m [endorser] [34;1mcallChaincode[0m -> finished chaincode: kvstore duration: 0ms channel=mychannel txID=b657d47c
2026-09-14T17:39:04.333813533Z [34m2026-09-14 17:39:04.333 UTC 05da INFO[0m [endorser] [34;1mcallChaincode[0m -> finished chaincode: kvstore duration: 0ms channel=mychannel txID=245f3c61
2026-09-14T17:39:04.333862907Z [34m2026-09-14 17:39:04.333 UTC 05db INFO[0m [comm.grpc.server] [34;1mfunc1[0m -> unary call completed grpc.service=protos.Endorser grpc.method=ProcessProposal grpc.request_deadline=2026-09-14T17:39:34.333Z grpc.peer_address=172.18.0.5:55100 grpc.peer_subject="CN=peer0.org1.example.com,L=San Francisco,ST=California,C=US" grpc.code=OK grpc.call_duration=738.299µs
2026-09-14T17:39:04.333878256Z [34m2026-09-14 17:39:04.333 UTC 05dc INFO[0m [comm.grpc.server] [34;1mfunc1[0m -> unary call completed grpc.service=protos.Endorser grpc.method=ProcessProposal grpc.request_deadline=2026-09-14T17:39:34.333Z grpc.peer_address=172.18.0.5:55100 grpc.peer_subject="CN=peer0.org1.example.com,L=San Francisco,ST=California,C=US" grpc.code=OK grpc.call_duration=747.607µs
2026-09-14T17:39:04.372713436Z [34m2026-09-14 17:39:04.372 UTC 05de INFO[0m [endorser] [34;1mcallChaincode[0m -> finished chaincode: kvstore duration: 0ms channel=mychannel txID=66630707
2026-09-14T17:39:04.372762459Z [34m2026-09-14 17:39:04.372 UTC 05dd INFO[0m [endorser] [34;1mcallChaincode[0m -> finished chaincode: kvstore duration: 0ms channel=mychannel txID=82cb55b9
2026-09-14T17:39:04.372784832Z [34m2026-09-14 17:39:04.372 UTC 05df INFO[0m [comm.grpc.server] [34;1mfunc1[0m -> unary call completed grpc.service=protos.Endorser grpc.method=ProcessProposal grpc.request_deadline=2026-09-14T17:39:34.371Z grpc.peer_address=172.18.0.5:55100 grpc.peer_subject="CN=peer0.org1.example.com,L=San Francisco,ST=California,C=US" grpc.code=OK grpc.call_duration=803.242µs
2026-09-14T17:39:04.372825599Z [34m2026-09-14 17:39:04.372 UTC 05e0 INFO[0m [comm.grpc.server] [34;1mfunc1[0m -> unary call completed grpc.service=protos.Endorser grpc.method=ProcessProposal grpc.request_deadline=2026-09-14T17:39:34.371Z grpc.peer_address=172.18.0.5:55100 grpc.peer_subject="CN=peer0.org1.example.com,L=San Francisco,ST=California,C=US" grpc.code=OK grpc.call_duration=851.924µs
2026-09-14T17:39:04.413061784Z [34m2026-09-14 17:39:04.412 UTC 05e2 INFO[0m [endorser] [34;1mcallChaincode[0m -> finished chaincode: kvstore duration: 0ms channel=mychannel txID=ce2b1814
2026-09-14T17:39:04.413076011Z [34m2026-09-14 17:39:04.412 UTC 05e1 INFO[0m [endorser] [34;1mcallChaincode[0m -> finished chaincode: kvstore duration: 0ms channel=mychannel txID=ff33319a
2026-09-14T17:39:04.413116839Z [34m2026-09-14 17:39:04.413 UTC 05e3 INFO[0m [comm.grpc.server] [34;1mfunc1[0m -> unary call completed grpc.service=protos.Endorser grpc.method=ProcessProposal grpc.request_deadline=2026-09-14T17:39:34.412Z grpc.peer_address=172.18.0.5:55100 grpc.peer_subject="CN=peer0.org1.example.com,L=San Francisco,ST=California,C=US" grpc.code=OK grpc.call_duration=814.523µs
2026-09-14T17:39:04.413135123Z [34m2026-09-14 17:39:04.413 UTC 05e4 INFO[0m [comm.grpc.server] [34;1mfunc1[0m -> unary call completed grpc.service=protos.Endorser grpc.method=ProcessProposal grpc.request_deadline=2026-09-14T17:39:34.412Z grpc.peer_address=172.18.0.5:55100 grpc.peer_subject="CN=peer0.org1.example.com,L=San Francisco,ST=California,C=US" grpc.code=OK grpc.call_duration=826.766µs
2026-09-14T17:39:04.453641500Z [34m2026-09-14 17:39:04.453 UTC 05e5 INFO[0m [endorser] [34;1mcallChaincode[0m -> finished chaincode: kvstore duration: 0ms channel=mychannel txID=e7c8935d
2026-09-14T17:39:04.453657771Z [34m2026-09-14 17:39:04.453 UTC 05e6 INFO[0m [endorser] [34;1mcallChaincode[0m -> finished chaincode: kvstore duration: 0ms channel=mychannel txID=571964af
2026-09-14T17:39:04.453701634Z [34m2026-09-14 17:39:04.453 UTC 05e7 INFO[0m [comm.grpc.server] [34;1mfunc1[0m -> unary call completed grpc.service=protos.Endorser grpc.method=ProcessProposal grpc.request_deadline=2026-09-14T17:39:34.452Z grpc.peer_address=172.18.0.5:55100 grpc.peer_subject="CN=peer0.org1.example.com,L=San Francisco,ST=California,C=US" grpc.code=OK grpc.call_duration=857.074µs
2026-09-14T17:39:04.453726431Z [34m2026-09-14 17:39:04.453 UTC 05e8 INFO[0m [comm.grpc.server] [34;1mfunc1[0m -> unary call completed grpc.service=protos.Endorser grpc.method=ProcessProposal grpc.request_deadline=2026-09-14T17:39:34.452Z grpc.peer_address=172.18.0.5:55100 grpc.peer_subject="CN=peer0.org1.example.com,L=San Francisco,ST=California,C=US" grpc.code=OK grpc.call_duration=852.104µs
2026-09-14T17:39:04.493327122Z [34m2026-09-14 17:39:04.493 UTC 05e9 INFO[0m [endorser] [34;1mcallChaincode[0m -> finished chaincode: kvstore duration: 0ms channel=mychannel txID=262efcb0
2026-09-14T17:39:04.493371276Z [34m2026-09-14 17:39:04.493 UTC 05ea INFO[0m [endorser] [34;1mcallChaincode[0m -> finished chaincode: kvstore duration: 0ms channel=mychannel txID=f03dc857
2026-09-14T17:39:04.493417373Z [34m2026-09-14 17:39:04.493 UTC 05eb INFO[0m [comm.grpc.server] [34;1mfunc1[0m -> unary call completed grpc.service=protos.Endorser grpc.method=ProcessProposal grpc.request_deadline=2026-09-14T17:39:34.492Z grpc.peer_address=172.18.0.5:55100 grpc.peer_subject="CN=peer0.org1.example.com,L=San Francisco,ST=California,C=US" grpc.code=OK grpc.call_duration=1.11863ms
2026-09-14T17:39:04.493434135Z [34m2026-09-14 17:39:04.493 UTC 05ec INFO[0m [comm.grpc.server] [34;1mfunc1[0m -> unary call completed grpc.service=protos.Endorser grpc.method=ProcessProposal grpc.request_deadline=2026-09-14T17:39:34.492Z grpc.peer_address=172.18.0.5:55100 grpc.peer_subject="CN=peer0.org1.example.com,L=San Francisco,ST=California,C=US" grpc.code=OK grpc.call_duration=1.123709ms
2026-09-14T17:39:04.533845322Z [34m2026-09-14 17:39:04.533 UTC 05ed INFO[0m [endorser] [34;1mcallChaincode[0m -> finished chaincode: kvstore duration: 0ms channel=mychannel txID=e2e4e753
2026-09-14T17:39:04.533858477Z [34m2026-09-14 17:39:04.533 UTC 05ee INFO[0m [endorser] [34;1mcallChaincode[0m -> finished chaincode: kvstore duration: 0ms channel=mychannel txID=e466df05
2026-09-14T17:39:04.533932137Z [34m2026-09-14 17:39:04.533 UTC 05ef INFO[0m [comm.grpc.server] [34;1mfunc1[0m -> unary call completed grpc.service=protos.Endorser grpc.method=ProcessProposal grpc.request_deadline=2026-09-14T17:39:34.532Z grpc.peer_address=172.18.0.5:55100 grpc.peer_subject="CN=peer0.org1.example.com,L=San Francisco,ST=California,C=US" grpc.code=OK grpc.call_duration=870.75µs
2026-09-14T17:39:04.533941655Z [34m2026-09-14 17:39:04.533 UTC 05f0 INFO[0m [comm.grpc.server] [34;1mfunc1[0m -> unary call completed grpc.service=protos.Endorser grpc.method=ProcessProposal grpc.request_deadline=2026-09-14T17:39:34.532Z grpc.peer_address=172.18.0.5:55100 grpc.peer_subject="CN=peer0.org1.example.com,L=San Francisco,ST=California,C=US" grpc.code=OK grpc.call_duration=821.306µs
2026-09-14T17:39:04.573510155Z [34m2026-09-14 17:39:04.573 UTC 05f1 INFO[0m [endorser] [34;1mcallChaincode[0m -> finished chaincode: kvstore duration: 0ms channel=mychannel txID=49bc446f
2026-09-14T17:39:04.573525895Z [34m2026-09-14 17:39:04.573 UTC 05f2 INFO[0m [endorser] [34;1mcallChaincode[0m -> finished chaincode: kvstore duration: 0ms channel=mychannel txID=eada2823
2026-09-14T17:39:04.573576120Z [34m2026-09-14 17:39:04.573 UTC 05f3 INFO[0m [comm.grpc.server] [34;1mfunc1[0m -> unary call completed grpc.service=protos.Endorser grpc.method=ProcessProposal grpc.request_deadline=2026-09-14T17:39:34.572Z grpc.peer_address=172.18.0.5:55100 grpc.peer_subject="CN=peer0.org1.example.com,L=San Francisco,ST=California,C=US" grpc.code=OK grpc.call_duration=982.031µs
2026-09-14T17:39:04.573592371Z [34m2026-09-14 17:39:04.573 UTC 05f4 INFO[0m [comm.grpc.server] [34;1mfunc1[0m -> unary call completed grpc.service=protos.Endorser grpc.method=ProcessProposal grpc.request_deadline=2026-09-14T17:39:34.572Z grpc.peer_address=172.18.0.5:55100 grpc.peer_subject="CN=peer0.org1.example.com,L=San Francisco,ST=California,C=US" grpc.code=OK grpc.call_duration=983.704µs
2026-09-14T17:39:04.613802366Z [34m2026-09-14 17:39:04.613 UTC 05f5 INFO[0m [endorser] [34;1mcallChaincode[0m -> finished chaincode: kvstore duration: 0ms channel=mychannel txID=ec8b6dbd
2026-09-14T17:39:04.613860747Z [34m2026-09-14 17:39:04.613 UTC 05f6 INFO[0m [comm.grpc.server] [34;1mfunc1[0m -> unary call completed grpc.service=protos.Endorser grpc.method=ProcessProposal grpc.request_deadline=2026-09-14T17:39:34.613Z grpc.peer_address=172.18.0.5:55100 grpc.peer_subject="CN=peer0.org1.example.com,L=San Francisco,ST=California,C=US" grpc.code=OK grpc.call_duration=766.523µs
2026-09-14T17:39:04.613869083Z [34m2026-09-14 17:39:04.613 UTC 05f7 INFO[0m [endorser] [34;1mcallChaincode[0m -> finished chaincode: kvstore duration: 0ms channel=mychannel txID=9f196af7
2026-09-14T17:39:04.613971727Z [34m2026-09-14 17:39:04.613 UTC 05f8 INFO[0m [comm.grpc.server] [34;1mfunc1[0m -> unary call completed grpc.service=protos.Endorser grpc.method=ProcessProposal grpc.request_deadline=2026-09-14T17:39:34.612Z grpc.peer_address=172.18.0.5:55100 grpc.peer_subject="CN=peer0.org1.example.com,L=San Francisco,ST=California,C=US" grpc.code=OK grpc.call_duration=873.766µs
2026-09-14T17:39:04.653287859Z [34m2026-09-14 17:39:04.653 UTC 05f9 INFO[0m [endorser] [34;1mcallChaincode[0m -> finished chaincode: kvstore duration: 0ms channel=mychannel txID=b52b17bd
2026-09-14T17:39:04.653306044Z [34m2026-09-14 17:39:04.653 UTC 05fa INFO[0m [endorser] [34;1mcallChaincode[0m -> finished chaincode: kvstore duration: 0ms channel=mychannel txID=71669c9f
2026-09-14T17:39:04.653345338Z [34m2026-09-14 17:39:04.653 UTC 05fb INFO[0m [comm.grpc.server] [34;1mfunc1[0m -> unary call completed grpc.service=protos.Endorser grpc.method=ProcessProposal grpc.request_deadline=2026-09-14T17:39:34.652Z grpc.peer_address=172.18.0.5:55100 grpc.peer_subject="CN=peer0.org1.example.com,L=San Francisco,ST=California,C=US" grpc.code=OK grpc.call_duration=791.57µs
2026-09-14T17:39:04.653414329Z [34m2026-09-14 17:39:04.653 UTC 05fc INFO[0m [comm.grpc.server] [34;1mfunc1[0m -> unary call completed grpc.service=protos.Endorser grpc.method=ProcessProposal grpc.request_deadline=2026-09-14T17:39:34.652Z grpc.peer_address=172.18.0.5:55100 grpc.peer_subject="CN=peer0.org1.example.com,L=San Francisco,ST=California,C=US" grpc.code=OK grpc.call_duration=858.467µs
2026-09-14T17:39:04.693698155Z [34m2026-09-14 17:39:04.693 UTC 05fd INFO[0m [endorser] [34;1mcallChaincode[0m -> finished chaincode: kvstore duration: 0ms channel=mychannel txID=4af59d51
2026-09-14T17:39:04.693717842Z [34m2026-09-14 17:39:04.693 UTC 05fe INFO[0m [endorser] [34;1mcallChaincode[0m -> finished chaincode: kvstore duration: 0ms channel=mychannel txID=2446d6b7
2026-09-14T17:39:04.693765682Z [34m2026-09-14 17:39:04.693 UTC 05ff INFO[0m [comm.grpc.server] [34;1mfunc1[0m -> unary call completed grpc.service=protos.Endorser grpc.method=ProcessProposal grpc.request_deadline=2026-09-14T17:39:34.692Z grpc.peer_address=172.18.0.5:55100 grpc.peer_subject="CN=peer0.org1.example.com,L=San Francisco,ST=California,C=US" grpc.code=OK grpc.call_duration=1.143055ms
2026-09-14T17:39:04.693781753Z [34m2026-09-14 17:39:04.693 UTC 0600 INFO[0m [comm.grpc.server] [34;1mfunc1[0m -> unary call completed grpc.service=protos.Endorser grpc.method=ProcessProposal grpc.request_deadline=2026-09-14T17:39:34.692Z grpc.peer_address=172.18.0.5:55100 grpc.peer_subject="CN=peer0.org1.example.com,L=San Francisco,ST=California,C=US" grpc.code=OK grpc.call_duration=1.163124ms
2026-09-14T17:39:04.733500207Z [34m2026-09-14 17:39:04.733 UTC 0602 INFO[0m [endorser] [34;1mcallChaincode[0m -> finished chaincode: kvstore duration: 0ms channel=mychannel txID=f753de08
2026-09-14T17:39:04.733519534Z [34m2026-09-14 17:39:04.733 UTC 0601 INFO[0m [endorser] [34;1mcallChaincode[0m -> finished chaincode: kvstore duration: 0ms channel=mychannel txID=1d23c184
2026-09-14T17:39:04.733583485Z [34m2026-09-14 17:39:04.733 UTC 0603 INFO[0m [comm.grpc.server] [34;1mfunc1[0m -> unary call completed grpc.service=protos.Endorser grpc.method=ProcessProposal grpc.request_deadline=2026-09-14T17:39:34.732Z grpc.peer_address=172.18.0.5:55100 grpc.peer_subject="CN=peer0.org1.example.com,L=San Francisco,ST=California,C=US" grpc.code=OK grpc.call_duration=983.263µs
2026-09-14T17:39:04.733613953Z [34m2026-09-14 17:39:04.733 UTC 0604 INFO[0m [comm.grpc.server] [34;1mfunc1[0m -> unary call completed grpc.service=protos.Endorser grpc.method=ProcessProposal grpc.request_deadline=2026-09-14T17:39:34.732Z grpc.peer_address=172.18.0.5:55100 grpc.peer_subject="CN=peer0.org1.example.com,L=San Francisco,ST=California,C=US" grpc.code=OK grpc.call_duration=1.019301ms
2026-09-14T17:39:04.772899005Z [34m2026-09-14 17:39:04.772 UTC 0605 INFO[0m [endorser] [34;1mcallChaincode[0m -> finished chaincode: kvstore duration: 0ms channel=mychannel txID=8ccbcfab
2026-09-14T17:39:04.772943710Z [34m2026-09-14 17:39:04.772 UTC 0606 INFO[0m [endorser] [34;1mcallChaincode[0m -> finished chaincode: kvstore duration: 0ms channel=mychannel txID=854213be
2026-09-14T17:39:04.772953088Z [34m2026-09-14 17:39:04.772 UTC 0607 INFO[0m [comm.grpc.server] [34;1mfunc1[0m -> unary call completed grpc.service=protos.Endorser grpc.method=ProcessProposal grpc.request_deadline=2026-09-14T17:39:34.772Z grpc.peer_address=172.18.0.5:55100 grpc.peer_subject="CN=peer0.org1.example.com,L=San Francisco,ST=California,C=US" grpc.code=OK grpc.call_duration=720.795µs
2026-09-14T17:39:04.773012240Z [34m2026-09-14 17:39:04.772 UTC 0608 INFO[0m [comm.grpc.server] [34;1mfunc1[0m -> unary call completed grpc.service=protos.Endorser grpc.method=ProcessProposal grpc.request_deadline=2026-09-14T17:39:34.772Z grpc.peer_address=172.18.0.5:55100 grpc.peer_subject="CN=peer0.org1.example.com,L=San Francisco,ST=California,C=US" grpc.code=OK grpc.call_duration=757.565µs
2026-09-14T17:39:04.813029751Z [34m2026-09-14 17:39:04.812 UTC 0609 INFO[0m [endorser] [34;1mcallChaincode[0m -> finished chaincode: kvstore duration: 0ms channel=mychannel txID=bb25f56b
2026-09-14T17:39:04.813042495Z [34m2026-09-14 17:39:04.812 UTC 060a INFO[0m [endorser] [34;1mcallChaincode[0m -> finished chaincode: kvstore duration: 0ms channel=mychannel txID=20edb68f
2026-09-14T17:39:04.813085827Z [34m2026-09-14 17:39:04.813 UTC 060b INFO[0m [comm.grpc.server] [34;1mfunc1[0m -> unary call completed grpc.service=protos.Endorser grpc.method=ProcessProposal grpc.request_deadline=2026-09-14T17:39:34.812Z grpc.peer_address=172.18.0.5:55100 grpc.peer_subject="CN=peer0.org1.example.com,L=San Francisco,ST=California,C=US" grpc.code=OK grpc.call_duration=779.306µs
2026-09-14T17:39:04.813104833Z [34m2026-09-14 17:39:04.813 UTC 060c INFO[0m [comm.grpc.server] [34;1mfunc1[0m -> unary call completed grpc.service=protos.Endorser grpc.method=ProcessProposal grpc.request_deadline=2026-09-14T17:39:34.812Z grpc.peer_address=172.18.0.5:55100 grpc.peer_subject="CN=peer0.org1.example.com,L=San Francisco,ST=California,C=US" grpc.code=OK grpc.call_duration=816.687µs
2026-09-14T17:39:04.853361437Z [34m2026-09-14 17:39:04.853 UTC 060d INFO[0m [endorser] [34;1mcallChaincode[0m -> finished chaincode: kvstore duration: 0ms channel=mychannel txID=80cb0019
2026-09-14T17:39:04.853404679Z [34m2026-09-14 17:39:04.853 UTC 060e INFO[0m [endorser] [34;1mcallChaincode[0m -> finished chaincode: kvstore duration: 0ms channel=mychannel txID=2033c35a
2026-09-14T17:39:04.853413806Z [34m2026-09-14 17:39:04.853 UTC 060f INFO[0m [comm.grpc.server] [34;1mfunc1[0m -> unary call completed grpc.service=protos.Endorser grpc.method=ProcessProposal grpc.request_deadline=2026-09-14T17:39:34.852Z grpc.peer_address=172.18.0.5:55100 grpc.peer_subject="CN=peer0.org1.example.com,L=San Francisco,ST=California,C=US" grpc.code=OK grpc.call_duration=781.13µs
2026-09-14T17:39:04.853509969Z [34m2026-09-14 17:39:04.853 UTC 0610 INFO[0m [comm.grpc.server] [34;1mfunc1[0m -> unary call completed grpc.service=protos.Endorser grpc.method=ProcessProposal grpc.request_deadline=2026-09-14T17:39:34.852Z grpc.peer_address=172.18.0.5:55100 grpc.peer_subject="CN=peer0.org1.example.com,L=San Francisco,ST=California,C=US" grpc.code=OK grpc.call_duration=822.008µs
2026-09-14T17:39:04.893923771Z [34m2026-09-14 17:39:04.893 UTC 0611 INFO[0m [endorser] [34;1mcallChaincode[0m -> finished chaincode: kvstore duration: 0ms channel=mychannel txID=b0502880
2026-09-14T17:39:04.893965389Z [34m2026-09-14 17:39:04.893 UTC 0612 INFO[0m [endorser] [34;1mcallChaincode[0m -> finished chaincode: kvstore duration: 0ms channel=mychannel txID=9da16147
2026-09-14T17:39:04.894017999Z [34m2026-09-14 17:39:04.893 UTC 0613 INFO[0m [comm.grpc.server] [34;1mfunc1[0m -> unary call completed grpc.service=protos.Endorser grpc.method=ProcessProposal grpc.request_deadline=2026-09-14T17:39:34.892Z grpc.peer_address=172.18.0.5:55100 grpc.peer_subject="CN=peer0.org1.example.com,L=San Francisco,ST=California,C=US" grpc.code=OK grpc.call_duration=1.021626ms
2026-09-14T17:39:04.894065499Z [34m2026-09-14 17:39:04.894 UTC 0614 INFO[0m [comm.grpc.server] [34;1mfunc1[0m -> unary call completed grpc.service=protos.Endorser grpc.method=ProcessProposal grpc.request_deadline=2026-09-14T17:39:34.892Z grpc.peer_address=172.18.0.5:55100 grpc.peer_subject="CN=peer0.org1.example.com,L=San Francisco,ST=California,C=US" grpc.code=OK grpc.call_duration=1.076189ms
2026-09-14T17:39:04.933088385Z [34m2026-09-14 17:39:04.933 UTC 0615 INFO[0m [endorser] [34;1mcallChaincode[0m -> finished chaincode: kvstore duration: 0ms channel=mychannel txID=c3e52cc4
2026-09-14T17:39:04.933101921Z [34m2026-09-14 17:39:04.933 UTC 0616 INFO[0m [endorser] [34;1mcallChaincode[0m -> finished chaincode: kvstore duration: 0ms channel=mychannel txID=2bb3b04d
2026-09-14T17:39:04.933144061Z [34m2026-09-14 17:39:04.933 UTC 0617 INFO[0m [comm.grpc.server] [34;1mfunc1[0m -> unary call completed grpc.service=protos.Endorser grpc.method=ProcessProposal grpc.request_deadline=2026-09-14T17:39:34.932Z grpc.peer_address=172.18.0.5:55100 grpc.peer_subject="CN=peer0.org1.example.com,L=San Francisco,ST=California,C=US" grpc.code=OK grpc.call_duration=753.177µs
2026-09-14T17:39:04.933180921Z [34m2026-09-14 17:39:04.933 UTC 0618 INFO[0m [comm.grpc.server] [34;1mfunc1[0m -> unary call completed grpc.service=protos.Endorser grpc.method=ProcessProposal grpc.request_deadline=2026-09-14T17:39:34.932Z grpc.peer_address=172.18.0.5:55100 grpc.peer_subject="CN=peer0.org1.example.com,L=San Francisco,ST=California,C=US" grpc.code=OK grpc.call_duration=788.694µs
2026-09-14T17:39:04.935332047Z [34m2026-09-14 17:39:04.935 UTC 0619 INFO[0m [gossip.privdata] [34;1mStoreBlock[0m -> Received block [17] from buffer channel=mychannel
2026-09-14T17:39:04.945872888Z [34m2026-09-14 17:39:04.945 UTC 061a INFO[0m [committer.txvalidator] [34;1mValidate[0m -> [mychannel] Validated block [17] in 10ms
2026-09-14T17:39:05.000091336Z [34m2026-09-14 17:39:04.999 UTC 061b INFO[0m [kvledger] [34;1mcommit[0m -> [mychannel] Committed block [17] with 52 transaction(s) in 53ms (state_validation=0ms block_and_pvtdata_commit=31ms state_commit=10ms) commitHash=[fdd979a751b9f05b14ae4f1937f112e5b965c9394052ff20f210632b6fd07d8c]
2026-09-14T17:39:05.000891672Z [34m2026-09-14 17:39:05.000 UTC 061c INFO[0m [endorser] [34;1mcallChaincode[0m -> finished chaincode: kvstore duration: 0ms channel=mychannel txID=e0490dca
2026-09-14T17:39:05.000901020Z [34m2026-09-14 17:39:05.000 UTC 061d INFO[0m [endorser] [34;1mcallChaincode[0m -> finished chaincode: kvstore duration: 0ms channel=mychannel txID=0a129e46
2026-09-14T17:39:05.000966524Z [34m2026-09-14 17:39:05.000 UTC 061e INFO[0m [comm.grpc.server] [34;1mfunc1[0m -> unary call completed grpc.service=protos.Endorser grpc.method=ProcessProposal grpc.request_deadline=2026-09-14T17:39:34.996Z grpc.peer_address=172.18.0.5:55100 grpc.peer_subject="CN=peer0.org1.example.com,L=San Francisco,ST=California,C=US" grpc.code=OK grpc.call_duration=4.710685ms
2026-09-14T17:39:05.000988065Z [34m2026-09-14 17:39:05.000 UTC 061f INFO[0m [comm.grpc.server] [34;1mfunc1[0m -> unary call completed grpc.service=protos.Endorser grpc.method=ProcessProposal grpc.request_deadline=2026-09-14T17:39:34.996Z grpc.peer_address=172.18.0.5:55100 grpc.peer_subject="CN=peer0.org1.example.com,L=San Francisco,ST=California,C=US" grpc.code=OK grpc.call_duration=4.593934ms
2026-09-14T17:39:05.012723690Z [34m2026-09-14 17:39:05.012 UTC 0620 INFO[0m [endorser] [34;1mcallChaincode[0m -> finished chaincode: kvstore duration: 0ms channel=mychannel txID=ad4bffd9
2026-09-14T17:39:05.012733799Z [34m2026-09-14 17:39:05.012 UTC 0621 INFO[0m [endorser] [34;1mcallChaincode[0m -> finished chaincode: kvstore duration: 0ms channel=mychannel txID=3403b28a
2026-09-14T17:39:05.012788894Z [34m2026-09-14 17:39:05.012 UTC 0622 INFO[0m [comm.grpc.server] [34;1mfunc1[0m -> unary call completed grpc.service=protos.Endorser grpc.method=ProcessProposal grpc.request_deadline=2026-09-14T17:39:35.011Z grpc.peer_address=172.18.0.5:55100 grpc.peer_subject="CN=peer0.org1.example.com,L=San Francisco,ST=California,C=US" grpc.code=OK grpc.call_duration=784.627µs
2026-09-14T17:39:05.012802399Z [34m2026-09-14 17:39:05.012 UTC 0623 INFO[0m [comm.grpc.server] [34;1mfunc1[0m -> unary call completed grpc.service=protos.Endorser grpc.method=ProcessProposal grpc.request_deadline=2026-09-14T17:39:35.011Z grpc.peer_address=172.18.0.5:55100 grpc.peer_subject="CN=peer0.org1.example.com,L=San Francisco,ST=California,C=US" grpc.code=OK grpc.call_duration=838.869µs
2026-09-14T17:39:05.053806840Z [34m2026-09-14 17:39:05.053 UTC 0624 INFO[0m [endorser] [34;1mcallChaincode[0m -> finished chaincode: kvstore duration: 0ms channel=mychannel txID=6c39e1e4
2026-09-14T17:39:05.053829984Z [34m2026-09-14 17:39:05.053 UTC 0625 INFO[0m [endorser] [34;1mcallChaincode[0m -> finished chaincode: kvstore duration: 0ms channel=mychannel txID=5c703bd7
2026-09-14T17:39:05.053865892Z [34m2026-09-14 17:39:05.053 UTC 0627 INFO[0m [comm.grpc.server] [34;1mfunc1[0m -> unary call completed grpc.service=protos.Endorser grpc.method=ProcessProposal grpc.request_deadline=2026-09-14T17:39:35.052Z grpc.peer_address=172.18.0.5:55100 grpc.peer_subject="CN=peer0.org1.example.com,L=San Francisco,ST=California,C=US" grpc.code=OK grpc.call_duration=808.722µs
2026-09-14T17:39:05.053898003Z [34m2026-09-14 17:39:05.053 UTC 0626 INFO[0m [comm.grpc.server] [34;1mfunc1[0m -> unary call completed grpc.service=protos.Endorser grpc.method=ProcessProposal grpc.request_deadline=2026-09-14T17:39:35.052Z grpc.peer_address=172.18.0.5:55100 grpc.peer_subject="CN=peer0.org1.example.com,L=San Francisco,ST=California,C=US" grpc.code=OK grpc.call_duration=804.584µs
2026-09-14T17:39:05.093328272Z [34m2026-09-14 17:39:05.093 UTC 0628 INFO[0m [endorser] [34;1mcallChaincode[0m -> finished chaincode: kvstore duration: 0ms channel=mychannel txID=774e396a
2026-09-14T17:39:05.093365091Z [34m2026-09-14 17:39:05.093 UTC 0629 INFO[0m [endorser] [34;1mcallChaincode[0m -> finished chaincode: kvstore duration: 0ms channel=mychannel txID=e009fcf6
2026-09-14T17:39:05.093388706Z [34m2026-09-14 17:39:05.093 UTC 062a INFO[0m [comm.grpc.server] [34;1mfunc1[0m -> unary call completed grpc.service=protos.Endorser grpc.method=ProcessProposal grpc.request_deadline=2026-09-14T17:39:35.092Z grpc.peer_address=172.18.0.5:55100 grpc.peer_subject="CN=peer0.org1.example.com,L=San Francisco,ST=California,C=US" grpc.code=OK grpc.call_duration=796.579µs
2026-09-14T17:39:05.093432128Z [34m2026-09-14 17:39:05.093 UTC 062b INFO[0m [comm.grpc.server] [34;1mfunc1[0m -> unary call completed grpc.service=protos.Endorser grpc.method=ProcessProposal grpc.request_deadline=2026-09-14T17:39:35.092Z grpc.peer_address=172.18.0.5:55100 grpc.peer_subject="CN=peer0.org1.example.com,L=San Francisco,ST=California,C=US" grpc.code=OK grpc.call_duration=835.352µs
2026-09-14T17:39:05.133683733Z [34m2026-09-14 17:39:05.133 UTC 062c INFO[0m [endorser] [34;1mcallChaincode[0m -> finished chaincode: kvstore duration: 0ms channel=mychannel txID=a91202aa
2026-09-14T17:39:05.133727797Z [34m2026-09-14 17:39:05.133 UTC 062d INFO[0m [endorser] [34;1mcallChaincode[0m -> finished chaincode: kvstore duration: 0ms channel=mychannel txID=953ee87f
2026-09-14T17:39:05.133762693Z [34m2026-09-14 17:39:05.133 UTC 062e INFO[0m [comm.grpc.server] [34;1mfunc1[0m -> unary call completed grpc.service=protos.Endorser grpc.method=ProcessProposal grpc.request_deadline=2026-09-14T17:39:35.132Z grpc.peer_address=172.18.0.5:55100 grpc.peer_subject="CN=peer0.org1.example.com,L=San Francisco,ST=California,C=US" grpc.code=OK grpc.call_duration=881.941µs
2026-09-14T17:39:05.133815783Z [34m2026-09-14 17:39:05.133 UTC 062f INFO[0m [comm.grpc.server] [34;1mfunc1[0m -> unary call completed grpc.service=protos.Endorser grpc.method=ProcessProposal grpc.request_deadline=2026-09-14T17:39:35.132Z grpc.peer_address=172.18.0.5:55100 grpc.peer_subject="CN=peer0.org1.example.com,L=San Francisco,ST=California,C=US" grpc.code=OK grpc.call_duration=968.916µs
2026-09-14T17:39:05.173250800Z [34m2026-09-14 17:39:05.173 UTC 0630 INFO[0m [endorser] [34;1mcallChaincode[0m -> finished chaincode: kvstore duration: 0ms channel=mychannel txID=14a5c619
2026-09-14T17:39:05.173265508Z [34m2026-09-14 17:39:05.173 UTC 0631 INFO[0m [endorser] [34;1mcallChaincode[0m -> finished chaincode: kvstore duration: 0ms channel=mychannel txID=3dcbdf0b
2026-09-14T17:39:05.173319992Z [34m2026-09-14 17:39:05.173 UTC 0632 INFO[0m [comm.grpc.server] [34;1mfunc1[0m -> unary call completed grpc.service=protos.Endorser grpc.method=ProcessProposal grpc.request_deadline=2026-09-14T17:39:35.172Z grpc.peer_address=172.18.0.5:55100 grpc.peer_subject="CN=peer0.org1.example.com,L=San Francisco,ST=California,C=US" grpc.code=OK grpc.call_duration=957.414µs
2026-09-14T17:39:05.173346572Z [34m2026-09-14 17:39:05.173 UTC 0633 INFO[0m [comm.grpc.server] [34;1mfunc1[0m -> unary call completed grpc.service=protos.Endorser grpc.method=ProcessProposal grpc.request_deadline=2026-09-14T17:39:35.172Z grpc.peer_address=172.18.0.5:55100 grpc.peer_subject="CN=peer0.org1.example.com,L=San Francisco,ST=California,C=US" grpc.code=OK grpc.call_duration=979.276µs
2026-09-14T17:39:05.213569983Z [34m2026-09-14 17:39:05.213 UTC 0634 INFO[0m [endorser] [34;1mcallChaincode[0m -> finished chaincode: kvstore duration: 0ms channel=mychannel txID=5d20b854
2026-09-14T17:39:05.213609248Z [34m2026-09-14 17:39:05.213 UTC 0635 INFO[0m [endorser] [34;1mcallChaincode[0m -> finished chaincode: kvstore duration: 0ms channel=mychannel txID=8fec22ee
2026-09-14T17:39:05.213632882Z [34m2026-09-14 17:39:05.213 UTC 0636 INFO[0m [comm.grpc.server] [34;1mfunc1[0m -> unary call completed grpc.service=protos.Endorser grpc.method=ProcessProposal grpc.request_deadline=2026-09-14T17:39:35.212Z grpc.peer_address=172.18.0.5:55100 grpc.peer_subject="CN=peer0.org1.example.com,L=San Francisco,ST=California,C=US" grpc.code=OK grpc.call_duration=1.0133ms
2026-09-14T17:39:05.213668951Z [34m2026-09-14 17:39:05.213 UTC 0637 INFO[0m [comm.grpc.server] [34;1mfunc1[0m -> unary call completed grpc.service=protos.Endorser grpc.method=ProcessProposal grpc.request_deadline=2026-09-14T17:39:35.212Z grpc.peer_address=172.18.0.5:55100 grpc.peer_subject="CN=peer0.org1.example.com,L=San Francisco,ST=California,C=US" grpc.code=OK grpc.call_duration=1.056802ms
2026-09-14T17:39:05.253641958Z [34m2026-09-14 17:39:05.253 UTC 0638 INFO[0m [endorser] [34;1mcallChaincode[0m -> finished chaincode: kvstore duration: 0ms channel=mychannel txID=486e92a2
2026-09-14T17:39:05.253654652Z [34m2026-09-14 17:39:05.253 UTC 0639 INFO[0m [endorser] [34;1mcallChaincode[0m -> finished chaincode: kvstore duration: 0ms channel=mychannel txID=462ac00c
2026-09-14T17:39:05.253699176Z [34m2026-09-14 17:39:05.253 UTC 063a INFO[0m [comm.grpc.server] [34;1mfunc1[0m -> unary call completed grpc.service=protos.Endorser grpc.method=ProcessProposal grpc.request_deadline=2026-09-14T17:39:35.252Z grpc.peer_address=172.18.0.5:55100 grpc.peer_subject="CN=peer0.org1.example.com,L=San Francisco,ST=California,C=US" grpc.code=OK grpc.call_duration=724.503µs
2026-09-14T17:39:05.253714876Z [34m2026-09-14 17:39:05.253 UTC 063b INFO[0m [comm.grpc.server] [34;1mfunc1[0m -> unary call completed grpc.service=protos.Endorser grpc.method=ProcessProposal grpc.request_deadline=2026-09-14T17:39:35.252Z grpc.peer_address=172.18.0.5:55100 grpc.peer_subject="CN=peer0.org1.example.com,L=San Francisco,ST=California,C=US" grpc.code=OK grpc.call_duration=749.25µs
2026-09-14T17:39:05.294013409Z [34m2026-09-14 17:39:05.293 UTC 063c INFO[0m [endorser] [34;1mcallChaincode[0m -> finished chaincode: kvstore duration: 0ms channel=mychannel txID=3daab6bb
2026-09-14T17:39:05.294029049Z [34m2026-09-14 17:39:05.293 UTC 063d INFO[0m [endorser] [34;1mcallChaincode[0m -> finished chaincode: kvstore duration: 0ms channel=mychannel txID=1e981d82
2026-09-14T17:39:05.294067231Z [34m2026-09-14 17:39:05.294 UTC 063e INFO[0m [comm.grpc.server] [34;1mfunc1[0m -> unary call completed grpc.service=protos.Endorser grpc.method=ProcessProposal grpc.request_deadline=2026-09-14T17:39:35.293Z grpc.peer_address=172.18.0.5:55100 grpc.peer_subject="CN=peer0.org1.example.com,L=San Francisco,ST=California,C=US" grpc.code=OK grpc.call_duration=845.593µs
2026-09-14T17:39:05.294074926Z [34m2026-09-14 17:39:05.294 UTC 063f INFO[0m [comm.grpc.server] [34;1mfunc1[0m -> unary call completed grpc.service=protos.Endorser grpc.method=ProcessProposal grpc.request_deadline=2026-09-14T17:39:35.293Z grpc.peer_address=172.18.0.5:55100 grpc.peer_subject="CN=peer0.org1.example.com,L=San Francisco,ST=California,C=US" grpc.code=OK grpc.call_duration=897.792µs
2026-09-14T17:39:05.333323941Z [34m2026-09-14 17:39:05.333 UTC 0640 INFO[0m [endorser] [34;1mcallChaincode[0m -> finished chaincode: kvstore duration: 0ms channel=mychannel txID=9683f53e
2026-09-14T17:39:05.333352675Z [34m2026-09-14 17:39:05.333 UTC 0641 INFO[0m [endorser] [34;1mcallChaincode[0m -> finished chaincode: kvstore duration: 0ms channel=mychannel txID=c87dd26d
2026-09-14T17:39:05.333376270Z [34m2026-09-14 17:39:05.333 UTC 0642 INFO[0m [comm.grpc.server] [34;1mfunc1[0m -> unary call completed grpc.service=protos.Endorser grpc.method=ProcessProposal grpc.request_deadline=2026-09-14T17:39:35.332Z grpc.peer_address=172.18.0.5:55100 grpc.peer_subject="CN=peer0.org1.example.com,L=San Francisco,ST=California,C=US" grpc.code=OK grpc.call_duration=781.02µs
2026-09-14T17:39:05.333411266Z [34m2026-09-14 17:39:05.333 UTC 0643 INFO[0m [comm.grpc.server] [34;1mfunc1[0m -> unary call completed grpc.service=protos.Endorser grpc.method=ProcessProposal grpc.request_deadline=2026-09-14T17:39:35.332Z grpc.peer_address=172.18.0.5:55100 grpc.peer_subject="CN=peer0.org1.example.com,L=San Francisco,ST=California,C=US" grpc.code=OK grpc.call_duration=806.188µs
2026-09-14T17:39:05.374172156Z [34m2026-09-14 17:39:05.374 UTC 0644 INFO[0m [endorser] [34;1mcallChaincode[0m -> finished chaincode: kvstore duration: 0ms channel=mychannel txID=a0e6db54
2026-09-14T17:39:05.374185361Z [34m2026-09-14 17:39:05.374 UTC 0645 INFO[0m [endorser] [34;1mcallChaincode[0m -> finished chaincode: kvstore duration: 0ms channel=mychannel txID=e2b8973c
2026-09-14T17:39:05.374278367Z [34m2026-09-14 17:39:05.374 UTC 0646 INFO[0m [comm.grpc.server] [34;1mfunc1[0m -> unary call completed grpc.service=protos.Endorser grpc.method=ProcessProposal grpc.request_deadline=2026-09-14T17:39:35.372Z grpc.peer_address=172.18.0.5:55100 grpc.peer_subject="CN=peer0.org1.example.com,L=San Francisco,ST=California,C=US" grpc.code=OK grpc.call_duration=1.271529ms
2026-09-14T17:39:05.374290891Z [34m2026-09-14 17:39:05.374 UTC 0647 INFO[0m [comm.grpc.server] [34;1mfunc1[0m -> unary call completed grpc.service=protos.Endorser grpc.method=ProcessProposal grpc.request_deadline=2026-09-14T17:39:35.372Z grpc.peer_address=172.18.0.5:55100 grpc.peer_subject="CN=peer0.org1.example.com,L=San Francisco,ST=California,C=US" grpc.code=OK grpc.call_duration=1.321764ms
2026-09-14T17:39:05.413628223Z [34m2026-09-14 17:39:05.413 UTC 0648 INFO[0m [endorser] [34;1mcallChaincode[0m -> finished chaincode: kvstore duration: 0ms channel=mychannel txID=18f74ca0
2026-09-14T17:39:05.413648131Z [34m2026-09-14 17:39:05.413 UTC 0649 INFO[0m [endorser] [34;1mcallChaincode[0m -> finished chaincode: kvstore duration: 0ms channel=mychannel txID=81470946
2026-09-14T17:39:05.413675282Z [34m2026-09-14 17:39:05.413 UTC 064a INFO[0m [comm.grpc.server] [34;1mfunc1[0m -> unary call completed grpc.service=protos.Endorser grpc.method=ProcessProposal grpc.request_deadline=2026-09-14T17:39:35.412Z grpc.peer_address=172.18.0.5:55100 grpc.peer_subject="CN=peer0.org1.example.com,L=San Francisco,ST=California,C=US" grpc.code=OK grpc.call_duration=1.014161ms
2026-09-14T17:39:05.413731729Z [34m2026-09-14 17:39:05.413 UTC 064b INFO[0m [comm.grpc.server] [34;1mfunc1[0m -> unary call completed grpc.service=protos.Endorser grpc.method=ProcessProposal grpc.request_deadline=2026-09-14T17:39:35.412Z grpc.peer_address=172.18.0.5:55100 grpc.peer_subject="CN=peer0.org1.example.com,L=San Francisco,ST=California,C=US" grpc.code=OK grpc.call_duration=1.06101ms
2026-09-14T17:39:05.454143768Z [34m2026-09-14 17:39:05.454 UTC 064c INFO[0m [endorser] [34;1mcallChaincode[0m -> finished chaincode: kvstore duration: 0ms channel=mychannel txID=81396672
2026-09-14T17:39:05.454159197Z [34m2026-09-14 17:39:05.454 UTC 064d INFO[0m [endorser] [34;1mcallChaincode[0m -> finished chaincode: kvstore duration: 0ms channel=mychannel txID=7a1db622
2026-09-14T17:39:05.454179015Z [34m2026-09-14 17:39:05.454 UTC 064e INFO[0m [comm.grpc.server] [34;1mfunc1[0m -> unary call completed grpc.service=protos.Endorser grpc.method=ProcessProposal grpc.request_deadline=2026-09-14T17:39:35.453Z grpc.peer_address=172.18.0.5:55100 grpc.peer_subject="CN=peer0.org1.example.com,L=San Francisco,ST=California,C=US" grpc.code=OK grpc.call_duration=867.043µs
2026-09-14T17:39:05.454198692Z [34m2026-09-14 17:39:05.454 UTC 064f INFO[0m [comm.grpc.server] [34;1mfunc1[0m -> unary call completed grpc.service=protos.Endorser grpc.method=ProcessProposal grpc.request_deadline=2026-09-14T17:39:35.453Z grpc.peer_address=172.18.0.5:55100 grpc.peer_subject="CN=peer0.org1.example.com,L=San Francisco,ST=California,C=US" grpc.code=OK grpc.call_duration=861.933µs
2026-09-14T17:39:05.493833999Z [34m2026-09-14 17:39:05.493 UTC 0650 INFO[0m [endorser] [34;1mcallChaincode[0m -> finished chaincode: kvstore duration: 0ms channel=mychannel txID=bca2711e
2026-09-14T17:39:05.493853506Z [34m2026-09-14 17:39:05.493 UTC 0651 INFO[0m [endorser] [34;1mcallChaincode[0m -> finished chaincode: kvstore duration: 0ms channel=mychannel txID=72f4859b
2026-09-14T17:39:05.493894203Z [34m2026-09-14 17:39:05.493 UTC 0653 INFO[0m [comm.grpc.server] [34;1mfunc1[0m -> unary call completed grpc.service=protos.Endorser grpc.method=ProcessProposal grpc.request_deadline=2026-09-14T17:39:35.493Z grpc.peer_address=172.18.0.5:55100 grpc.peer_subject="CN=peer0.org1.example.com,L=San Francisco,ST=California,C=US" grpc.code=OK grpc.call_duration=813.682µs
2026-09-14T17:39:05.493902599Z [34m2026-09-14 17:39:05.493 UTC 0652 INFO[0m [comm.grpc.server] [34;1mfunc1[0m -> unary call completed grpc.service=protos.Endorser grpc.method=ProcessProposal grpc.request_deadline=2026-09-14T17:39:35.492Z grpc.peer_address=172.18.0.5:55100 grpc.peer_subject="CN=peer0.org1.example.com,L=San Francisco,ST=California,C=US" grpc.code=OK grpc.call_duration=848.448µs
2026-09-14T17:39:05.533550440Z [34m2026-09-14 17:39:05.533 UTC 0654 INFO[0m [endorser] [34;1mcallChaincode[0m -> finished chaincode: kvstore duration: 0ms channel=mychannel txID=cd5afe0c
2026-09-14T17:39:05.533561741Z [34m2026-09-14 17:39:05.533 UTC 0655 INFO[0m [endorser] [34;1mcallChaincode[0m -> finished chaincode: kvstore duration: 0ms channel=mychannel txID=1bb60b3b
2026-09-14T17:39:05.533639048Z [34m2026-09-14 17:39:05.533 UTC 0656 INFO[0m [comm.grpc.server] [34;1mfunc1[0m -> unary call completed grpc.service=protos.Endorser grpc.method=ProcessProposal grpc.request_deadline=2026-09-14T17:39:35.532Z grpc.peer_address=172.18.0.5:55100 grpc.peer_subject="CN=peer0.org1.example.com,L=San Francisco,ST=California,C=US" grpc.code=OK grpc.call_duration=828.971µs
2026-09-14T17:39:05.533648015Z [34m2026-09-14 17:39:05.533 UTC 0657 INFO[0m [comm.grpc.server] [34;1mfunc1[0m -> unary call completed grpc.service=protos.Endorser grpc.method=ProcessProposal grpc.request_deadline=2026-09-14T17:39:35.532Z grpc.peer_address=172.18.0.5:55100 grpc.peer_subject="CN=peer0.org1.example.com,L=San Francisco,ST=California,C=US" grpc.code=OK grpc.call_duration=841.545µs
2026-09-14T17:39:05.573789400Z [34m2026-09-14 17:39:05.573 UTC 0658 INFO[0m [endorser] [34;1mcallChaincode[0m -> finished chaincode: kvstore duration: 0ms channel=mychannel txID=ca33d85f
2026-09-14T17:39:05.573806122Z [34m2026-09-14 17:39:05.573 UTC 0659 INFO[0m [endorser] [34;1mcallChaincode[0m -> finished chaincode: kvstore duration: 0ms channel=mychannel txID=3e8b48df
2026-09-14T17:39:05.573822723Z [34m2026-09-14 17:39:05.573 UTC 065a INFO[0m [comm.grpc.server] [34;1mfunc1[0m -> unary call completed grpc.service=protos.Endorser grpc.method=ProcessProposal grpc.request_deadline=2026-09-14T17:39:35.572Z grpc.peer_address=172.18.0.5:55100 grpc.peer_subject="CN=peer0.org1.example.com,L=San Francisco,ST=California,C=US" grpc.code=OK grpc.call_duration=756.122µs
2026-09-14T17:39:05.573829867Z [34m2026-09-14 17:39:05.573 UTC 065b INFO[0m [comm.grpc.server] [34;1mfunc1[0m -> unary call completed grpc.service=protos.Endorser grpc.method=ProcessProposal grpc.request_deadline=2026-09-14T17:39:35.572Z grpc.peer_address=172.18.0.5:55100 grpc.peer_subject="CN=peer0.org1.example.com,L=San Francisco,ST=California,C=US" grpc.code=OK grpc.call_duration=714.774µs
2026-09-14T17:39:05.613104380Z [34m2026-09-14 17:39:05.613 UTC 065c INFO[0m [endorser] [34;1mcallChaincode[0m -> finished chaincode: kvstore duration: 0ms channel=mychannel txID=8d8cebf9
2026-09-14T17:39:05.613132253Z [34m2026-09-14 17:39:05.613 UTC 065d INFO[0m [endorser] [34;1mcallChaincode[0m -> finished chaincode: kvstore duration: 0ms channel=mychannel txID=3c835437
2026-09-14T17:39:05.613138986Z [34m2026-09-14 17:39:05.613 UTC 065e INFO[0m [comm.grpc.server] [34;1mfunc1[0m -> unary call completed grpc.service=protos.Endorser grpc.method=ProcessProposal grpc.request_deadline=2026-09-14T17:39:35.612Z grpc.peer_address=172.18.0.5:55100 grpc.peer_subject="CN=peer0.org1.example.com,L=San Francisco,ST=California,C=US" grpc.code=OK grpc.call_duration=754.86µs
2026-09-14T17:39:05.613189271Z [34m2026-09-14 17:39:05.613 UTC 065f INFO[0m [comm.grpc.server] [34;1mfunc1[0m -> unary call completed grpc.service=protos.Endorser grpc.method=ProcessProposal grpc.request_deadline=2026-09-14T17:39:35.612Z grpc.peer_address=172.18.0.5:55100 grpc.peer_subject="CN=peer0.org1.example.com,L=San Francisco,ST=California,C=US" grpc.code=OK grpc.call_duration=820.715µs
2026-09-14T17:39:05.653397624Z [34m2026-09-14 17:39:05.653 UTC 0660 INFO[0m [endorser] [34;1mcallChaincode[0m -> finished chaincode: kvstore duration: 0ms channel=mychannel txID=7278c679
2026-09-14T17:39:05.653411130Z [34m2026-09-14 17:39:05.653 UTC 0661 INFO[0m [endorser] [34;1mcallChaincode[0m -> finished chaincode: kvstore duration: 0ms channel=mychannel txID=cc04d1bc
2026-09-14T17:39:05.653455944Z [34m2026-09-14 17:39:05.653 UTC 0662 INFO[0m [comm.grpc.server] [34;1mfunc1[0m -> unary call completed grpc.service=protos.Endorser grpc.method=ProcessProposal grpc.request_deadline=2026-09-14T17:39:35.652Z grpc.peer_address=172.18.0.5:55100 grpc.peer_subject="CN=peer0.org1.example.com,L=San Francisco,ST=California,C=US" grpc.code=OK grpc.call_duration=806.007µs
2026-09-14T17:39:05.653473468Z [34m2026-09-14 17:39:05.653 UTC 0663 INFO[0m [comm.grpc.server] [34;1mfunc1[0m -> unary call completed grpc.service=protos.Endorser grpc.method=ProcessProposal grpc.request_deadline=2026-09-14T17:39:35.652Z grpc.peer_address=172.18.0.5:55100 grpc.peer_subject="CN=peer0.org1.example.com,L=San Francisco,ST=California,C=US" grpc.code=OK grpc.call_duration=876.541µs
2026-09-14T17:39:05.693004607Z [34m2026-09-14 17:39:05.692 UTC 0664 INFO[0m [endorser] [34;1mcallChaincode[0m -> finished chaincode: kvstore duration: 0ms channel=mychannel txID=ffdda04f
2026-09-14T17:39:05.693025046Z [34m2026-09-14 17:39:05.692 UTC 0665 INFO[0m [endorser] [34;1mcallChaincode[0m -> finished chaincode: kvstore duration: 0ms channel=mychannel txID=15b02586
2026-09-14T17:39:05.693067126Z [34m2026-09-14 17:39:05.693 UTC 0666 INFO[0m [comm.grpc.server] [34;1mfunc1[0m -> unary call completed grpc.service=protos.Endorser grpc.method=ProcessProposal grpc.request_deadline=2026-09-14T17:39:35.692Z grpc.peer_address=172.18.0.5:55100 grpc.peer_subject="CN=peer0.org1.example.com,L=San Francisco,ST=California,C=US" grpc.code=OK grpc.call_duration=803.623µs
2026-09-14T17:39:05.693110247Z [34m2026-09-14 17:39:05.693 UTC 0667 INFO[0m [comm.grpc.server] [34;1mfunc1[0m -> unary call completed grpc.service=protos.Endorser grpc.method=ProcessProposal grpc.request_deadline=2026-09-14T17:39:35.692Z grpc.peer_address=172.18.0.5:55100 grpc.peer_subject="CN=peer0.org1.example.com,L=San Francisco,ST=California,C=US" grpc.code=OK grpc.call_duration=858.938µs
2026-09-14T17:39:05.733146875Z [34m2026-09-14 17:39:05.733 UTC 0668 INFO[0m [endorser] [34;1mcallChaincode[0m -> finished chaincode: kvstore duration: 0ms channel=mychannel txID=c966deee
2026-09-14T17:39:05.733166803Z [34m2026-09-14 17:39:05.733 UTC 0669 INFO[0m [endorser] [34;1mcallChaincode[0m -> finished chaincode: kvstore duration: 0ms channel=mychannel txID=bd77b0f8
2026-09-14T17:39:05.733206989Z [34m2026-09-14 17:39:05.733 UTC 066b INFO[0m [comm.grpc.server] [34;1mfunc1[0m -> unary call completed grpc.service=protos.Endorser grpc.method=ProcessProposal grpc.request_deadline=2026-09-14T17:39:35.732Z grpc.peer_address=172.18.0.5:55100 grpc.peer_subject="CN=peer0.org1.example.com,L=San Francisco,ST=California,C=US" grpc.code=OK grpc.call_duration=749.029µs
2026-09-14T17:39:05.733217288Z [34m2026-09-14 17:39:05.733 UTC 066a INFO[0m [comm.grpc.server] [34;1mfunc1[0m -> unary call completed grpc.service=protos.Endorser grpc.method=ProcessProposal grpc.request_deadline=2026-09-14T17:39:35.732Z grpc.peer_address=172.18.0.5:55100 grpc.peer_subject="CN=peer0.org1.example.com,L=San Francisco,ST=California,C=US" grpc.code=OK grpc.call_duration=774.237µs
2026-09-14T17:39:05.773550497Z [34m2026-09-14 17:39:05.773 UTC 066c INFO[0m [endorser] [34;1mcallChaincode[0m -> finished chaincode: kvstore duration: 0ms channel=mychannel txID=2e2f9b19
2026-09-14T17:39:05.773582638Z [34m2026-09-14 17:39:05.773 UTC 066d INFO[0m [endorser] [34;1mcallChaincode[0m -> finished chaincode: kvstore duration: 0ms channel=mychannel txID=9090678d
2026-09-14T17:39:05.773602817Z [34m2026-09-14 17:39:05.773 UTC 066e INFO[0m [comm.grpc.server] [34;1mfunc1[0m -> unary call completed grpc.service=protos.Endorser grpc.method=ProcessProposal grpc.request_deadline=2026-09-14T17:39:35.772Z grpc.peer_address=172.18.0.5:55100 grpc.peer_subject="CN=peer0.org1.example.com,L=San Francisco,ST=California,C=US" grpc.code=OK grpc.call_duration=757.956µs
2026-09-14T17:39:05.773645357Z [34m2026-09-14 17:39:05.773 UTC 066f INFO[0m [comm.grpc.server] [34;1mfunc1[0m -> unary call completed grpc.service=protos.Endorser grpc.method=ProcessProposal grpc.request_deadline=2026-09-14T17:39:35.772Z grpc.peer_address=172.18.0.5:55100 grpc.peer_subject="CN=peer0.org1.example.com,L=San Francisco,ST=California,C=US" grpc.code=OK grpc.call_duration=794.555µs
2026-09-14T17:39:05.813706440Z [34m2026-09-14 17:39:05.813 UTC 0671 INFO[0m [endorser] [34;1mcallChaincode[0m -> finished chaincode: kvstore duration: 0ms channel=mychannel txID=3d176e8f
2026-09-14T17:39:05.813752167Z [34m2026-09-14 17:39:05.813 UTC 0670 INFO[0m [endorser] [34;1mcallChaincode[0m -> finished chaincode: kvstore duration: 0ms channel=mychannel txID=af21436b
2026-09-14T17:39:05.813829744Z [34m2026-09-14 17:39:05.813 UTC 0672 INFO[0m [comm.grpc.server] [34;1mfunc1[0m -> unary call completed grpc.service=protos.Endorser grpc.method=ProcessProposal grpc.request_deadline=2026-09-14T17:39:35.812Z grpc.peer_address=172.18.0.5:55100 grpc.peer_subject="CN=peer0.org1.example.com,L=San Francisco,ST=California,C=US" grpc.code=OK grpc.call_duration=954.308µs
2026-09-14T17:39:05.813852076Z [34m2026-09-14 17:39:05.813 UTC 0673 INFO[0m [comm.grpc.server] [34;1mfunc1[0m -> unary call completed grpc.service=protos.Endorser grpc.method=ProcessProposal grpc.request_deadline=2026-09-14T17:39:35.812Z grpc.peer_address=172.18.0.5:55100 grpc.peer_subject="CN=peer0.org1.example.com,L=San Francisco,ST=California,C=US" grpc.code=OK grpc.call_duration=1.017437ms
2026-09-14T17:39:05.853535034Z [34m2026-09-14 17:39:05.853 UTC 0674 INFO[0m [endorser] [34;1mcallChaincode[0m -> finished chaincode: kvstore duration: 0ms channel=mychannel txID=5afe340a
2026-09-14T17:39:05.853549281Z [34m2026-09-14 17:39:05.853 UTC 0675 INFO[0m [endorser] [34;1mcallChaincode[0m -> finished chaincode: kvstore duration: 0ms channel=mychannel txID=f9dc947f
2026-09-14T17:39:05.853607912Z [34m2026-09-14 17:39:05.853 UTC 0676 INFO[0m [comm.grpc.server] [34;1mfunc1[0m -> unary call completed grpc.service=protos.Endorser grpc.method=ProcessProposal grpc.request_deadline=2026-09-14T17:39:35.852Z grpc.peer_address=172.18.0.5:55100 grpc.peer_subject="CN=peer0.org1.example.com,L=San Francisco,ST=California,C=US" grpc.code=OK grpc.call_duration=944.55µs
2026-09-14T17:39:05.853615186Z [34m2026-09-14 17:39:05.853 UTC 0677 INFO[0m [comm.grpc.server] [34;1mfunc1[0m -> unary call completed grpc.service=protos.Endorser grpc.method=ProcessProposal grpc.request_deadline=2026-09-14T17:39:35.852Z grpc.peer_address=172.18.0.5:55100 grpc.peer_subject="CN=peer0.org1.example.com,L=San Francisco,ST=California,C=US" grpc.code=OK grpc.call_duration=970.429µs
2026-09-14T17:39:05.893568135Z [34m2026-09-14 17:39:05.893 UTC 0679 INFO[0m [endorser] [34;1mcallChaincode[0m -> finished chaincode: kvstore duration: 0ms channel=mychannel txID=a22ee19d
2026-09-14T17:39:05.893609423Z [34m2026-09-14 17:39:05.893 UTC 0678 INFO[0m [endorser] [34;1mcallChaincode[0m -> finished chaincode: kvstore duration: 0ms channel=mychannel txID=f59280d4
2026-09-14T17:39:05.893628239Z [34m2026-09-14 17:39:05.893 UTC 067a INFO[0m [comm.grpc.server] [34;1mfunc1[0m -> unary call completed grpc.service=protos.Endorser grpc.method=ProcessProposal grpc.request_deadline=2026-09-14T17:39:35.892Z grpc.peer_address=172.18.0.5:55100 grpc.peer_subject="CN=peer0.org1.example.com,L=San Francisco,ST=California,C=US" grpc.code=OK grpc.call_duration=770.921µs
2026-09-14T17:39:05.893667754Z [34m2026-09-14 17:39:05.893 UTC 067b INFO[0m [comm.grpc.server] [34;1mfunc1[0m -> unary call completed grpc.service=protos.Endorser grpc.method=ProcessProposal grpc.request_deadline=2026-09-14T17:39:35.892Z grpc.peer_address=172.18.0.5:55100 grpc.peer_subject="CN=peer0.org1.example.com,L=San Francisco,ST=California,C=US" grpc.code=OK grpc.call_duration=837.717µs
2026-09-14T17:39:05.933004325Z [34m2026-09-14 17:39:05.932 UTC 067c INFO[0m [endorser] [34;1mcallChaincode[0m -> finished chaincode: kvstore duration: 0ms channel=mychannel txID=e6b8ff6d
2026-09-14T17:39:05.933018572Z [34m2026-09-14 17:39:05.932 UTC 067d INFO[0m [endorser] [34;1mcallChaincode[0m -> finished chaincode: kvstore duration: 0ms channel=mychannel txID=e6fc2db0
2026-09-14T17:39:05.933063196Z [34m2026-09-14 17:39:05.933 UTC 067e INFO[0m [comm.grpc.server] [34;1mfunc1[0m -> unary call completed grpc.service=protos.Endorser grpc.method=ProcessProposal grpc.request_deadline=2026-09-14T17:39:35.932Z grpc.peer_address=172.18.0.5:55100 grpc.peer_subject="CN=peer0.org1.example.com,L=San Francisco,ST=California,C=US" grpc.code=OK grpc.call_duration=844.76µs
2026-09-14T17:39:05.933081210Z [34m2026-09-14 17:39:05.933 UTC 067f INFO[0m [comm.grpc.server] [34;1mfunc1[0m -> unary call completed grpc.service=protos.Endorser grpc.method=ProcessProposal grpc.request_deadline=2026-09-14T17:39:35.932Z grpc.peer_address=172.18.0.5:55100 grpc.peer_subject="CN=peer0.org1.example.com,L=San Francisco,ST=California,C=US" grpc.code=OK grpc.call_duration=854.689µs
2026-09-14T17:39:05.973638865Z [34m2026-09-14 17:39:05.973 UTC 0680 INFO[0m [endorser] [34;1mcallChaincode[0m -> finished chaincode: kvstore duration: 0ms channel=mychannel txID=6d4de5d9
2026-09-14T17:39:05.973651328Z [34m2026-09-14 17:39:05.973 UTC 0681 INFO[0m [endorser] [34;1mcallChaincode[0m -> finished chaincode: kvstore duration: 0ms channel=mychannel txID=00696fe8
2026-09-14T17:39:05.973701604Z [34m2026-09-14 17:39:05.973 UTC 0682 INFO[0m [comm.grpc.server] [34;1mfunc1[0m -> unary call completed grpc.service=protos.Endorser grpc.method=ProcessProposal grpc.request_deadline=2026-09-14T17:39:35.972Z grpc.peer_address=172.18.0.5:55100 grpc.peer_subject="CN=peer0.org1.example.com,L=San Francisco,ST=California,C=US" grpc.code=OK grpc.call_duration=797.241µs
2026-09-14T17:39:05.973758371Z [34m2026-09-14 17:39:05.973 UTC 0683 INFO[0m [comm.grpc.server] [34;1mfunc1[0m -> unary call completed grpc.service=protos.Endorser grpc.method=ProcessProposal grpc.request_deadline=2026-09-14T17:39:35.972Z grpc.peer_address=172.18.0.5:55100 grpc.peer_subject="CN=peer0.org1.example.com,L=San Francisco,ST=California,C=US" grpc.code=OK grpc.call_duration=811.398µs
2026-09-14T17:39:05.977000714Z [34m2026-09-14 17:39:05.976 UTC 0684 INFO[0m [gossip.privdata] [34;1mStoreBlock[0m -> Received block [18] from buffer channel=mychannel
2026-09-14T17:39:05.985826046Z [34m2026-09-14 17:39:05.985 UTC 0685 INFO[0m [committer.txvalidator] [34;1mValidate[0m -> [mychannel] Validated block [18] in 8ms
2026-09-14T17:39:06.030070546Z [34m2026-09-14 17:39:06.029 UTC 0686 INFO[0m [kvledger] [34;1mcommit[0m -> [mychannel] Committed block [18] with 52 transaction(s) in 43ms (state_validation=0ms block_and_pvtdata_commit=22ms state_commit=10ms) commitHash=[6277346d8559808970105129c33a8e894696317e1347619cd439d4375ee3772c]
2026-09-14T17:39:06.043758180Z [34m2026-09-14 17:39:06.043 UTC 0687 INFO[0m [endorser] [34;1mcallChaincode[0m -> finished chaincode: kvstore duration: 0ms channel=mychannel txID=37f8962b
2026-09-14T17:39:06.043835036Z [34m2026-09-14 17:39:06.043 UTC 0688 INFO[0m [comm.grpc.server] [34;1mfunc1[0m -> unary call completed grpc.service=protos.Endorser grpc.method=ProcessProposal grpc.request_deadline=2026-09-14T17:39:36.042Z grpc.peer_address=172.18.0.5:55100 grpc.peer_subject="CN=peer0.org1.example.com,L=San Francisco,ST=California,C=US" grpc.code=OK grpc.call_duration=1.030833ms
2026-09-14T17:39:06.043890671Z [34m2026-09-14 17:39:06.043 UTC 0689 INFO[0m [endorser] [34;1mcallChaincode[0m -> finished chaincode: kvstore duration: 0ms channel=mychannel txID=f9d23d8e
2026-09-14T17:39:06.043953240Z [34m2026-09-14 17:39:06.043 UTC 068a INFO[0m [comm.grpc.server] [34;1mfunc1[0m -> unary call completed grpc.service=protos.Endorser grpc.method=ProcessProposal grpc.request_deadline=2026-09-14T17:39:36.042Z grpc.peer_address=172.18.0.5:55100 grpc.peer_subject="CN=peer0.org1.example.com,L=San Francisco,ST=California,C=US" grpc.code=OK grpc.call_duration=1.204983ms
2026-09-14T17:39:06.052479264Z [34m2026-09-14 17:39:06.052 UTC 068b INFO[0m [endorser] [34;1mcallChaincode[0m -> finished chaincode: kvstore duration: 0ms channel=mychannel txID=e8775fd0
2026-09-14T17:39:06.052521694Z [34m2026-09-14 17:39:06.052 UTC 068c INFO[0m [endorser] [34;1mcallChaincode[0m -> finished chaincode: kvstore duration: 0ms channel=mychannel txID=52949a94
2026-09-14T17:39:06.052534799Z [34m2026-09-14 17:39:06.052 UTC 068d INFO[0m [comm.grpc.server] [34;1mfunc1[0m -> unary call completed grpc.service=protos.Endorser grpc.method=ProcessProposal grpc.request_deadline=2026-09-14T17:39:36.051Z grpc.peer_address=172.18.0.5:55100 grpc.peer_subject="CN=peer0.org1.example.com,L=San Francisco,ST=California,C=US" grpc.code=OK grpc.call_duration=814.694µs
2026-09-14T17:39:06.052589513Z [34m2026-09-14 17:39:06.052 UTC 068e INFO[0m [comm.grpc.server] [34;1mfunc1[0m -> unary call completed grpc.service=protos.Endorser grpc.method=ProcessProposal grpc.request_deadline=2026-09-14T17:39:36.051Z grpc.peer_address=172.18.0.5:55100 grpc.peer_subject="CN=peer0.org1.example.com,L=San Francisco,ST=California,C=US" grpc.code=OK grpc.call_duration=821.807µs
2026-09-14T17:39:06.093641404Z [34m2026-09-14 17:39:06.093 UTC 068f INFO[0m [endorser] [34;1mcallChaincode[0m -> finished chaincode: kvstore duration: 0ms channel=mychannel txID=5d33db1b
2026-09-14T17:39:06.093654148Z [34m2026-09-14 17:39:06.093 UTC 0690 INFO[0m [endorser] [34;1mcallChaincode[0m -> finished chaincode: kvstore duration: 0ms channel=mychannel txID=c2e8dd03
2026-09-14T17:39:06.093702990Z [34m2026-09-14 17:39:06.093 UTC 0691 INFO[0m [comm.grpc.server] [34;1mfunc1[0m -> unary call completed grpc.service=protos.Endorser grpc.method=ProcessProposal grpc.request_deadline=2026-09-14T17:39:36.092Z grpc.peer_address=172.18.0.5:55100 grpc.peer_subject="CN=peer0.org1.example.com,L=San Francisco,ST=California,C=US" grpc.code=OK grpc.call_duration=907.199µs
2026-09-14T17:39:06.093722678Z [34m2026-09-14 17:39:06.093 UTC 0692 INFO[0m [comm.grpc.server] [34;1mfunc1[0m -> unary call completed grpc.service=protos.Endorser grpc.method=ProcessProposal grpc.request_deadline=2026-09-14T17:39:36.092Z grpc.peer_address=172.18.0.5:55100 grpc.peer_subject="CN=peer0.org1.example.com,L=San Francisco,ST=California,C=US" grpc.code=OK grpc.call_duration=919.372µs
2026-09-14T17:39:06.132697854Z [34m2026-09-14 17:39:06.132 UTC 0693 INFO[0m [endorser] [34;1mcallChaincode[0m -> finished chaincode: kvstore duration: 0ms channel=mychannel txID=98401c0c
2026-09-14T17:39:06.132753850Z [34m2026-09-14 17:39:06.132 UTC 0694 INFO[0m [endorser] [34;1mcallChaincode[0m -> finished chaincode: kvstore duration: 0ms channel=mychannel txID=92df5ddc
2026-09-14T17:39:06.132767727Z [34m2026-09-14 17:39:06.132 UTC 0695 INFO[0m [comm.grpc.server] [34;1mfunc1[0m -> unary call completed grpc.service=protos.Endorser grpc.method=ProcessProposal grpc.request_deadline=2026-09-14T17:39:36.131Z grpc.peer_address=172.18.0.5:55100 grpc.peer_subject="CN=peer0.org1.example.com,L=San Francisco,ST=California,C=US" grpc.code=OK grpc.call_duration=831.435µs
2026-09-14T17:39:06.132857717Z [34m2026-09-14 17:39:06.132 UTC 0696 INFO[0m [comm.grpc.server] [34;1mfunc1[0m -> unary call completed grpc.service=protos.Endorser grpc.method=ProcessProposal grpc.request_deadline=2026-09-14T17:39:36.131Z grpc.peer_address=172.18.0.5:55100 grpc.peer_subject="CN=peer0.org1.example.com,L=San Francisco,ST=California,C=US" grpc.code=OK grpc.call_duration=922.237µs
2026-09-14T17:39:06.173184454Z [34m2026-09-14 17:39:06.173 UTC 0697 INFO[0m [endorser] [34;1mcallChaincode[0m -> finished chaincode: kvstore duration: 0ms channel=mychannel txID=2c7f0e27
2026-09-14T17:39:06.173236012Z [34m2026-09-14 17:39:06.173 UTC 0698 INFO[0m [endorser] [34;1mcallChaincode[0m -> finished chaincode: kvstore duration: 0ms channel=mychannel txID=07cd33fa
2026-09-14T17:39:06.173246742Z [34m2026-09-14 17:39:06.173 UTC 0699 INFO[0m [comm.grpc.server] [34;1mfunc1[0m -> unary call completed grpc.service=protos.Endorser grpc.method=ProcessProposal grpc.request_deadline=2026-09-14T17:39:36.172Z grpc.peer_address=172.18.0.5:55100 grpc.peer_subject="CN=peer0.org1.example.com,L=San Francisco,ST=California,C=US" grpc.code=OK grpc.call_duration=757.155µs
2026-09-14T17:39:06.173303149Z [34m2026-09-14 17:39:06.173 UTC 069a INFO[0m [comm.grpc.server] [34;1mfunc1[0m -> unary call completed grpc.service=protos.Endorser grpc.method=ProcessProposal grpc.request_deadline=2026-09-14T17:39:36.172Z grpc.peer_address=172.18.0.5:55100 grpc.peer_subject="CN=peer0.org1.example.com,L=San Francisco,ST=California,C=US" grpc.code=OK grpc.call_duration=826.145µs
2026-09-14T17:39:06.213826298Z [34m2026-09-14 17:39:06.213 UTC 069b INFO[0m [endorser] [34;1mcallChaincode[0m -> finished chaincode: kvstore duration: 0ms channel=mychannel txID=6788e33e
2026-09-14T17:39:06.213842479Z [34m2026-09-14 17:39:06.213 UTC 069c INFO[0m [endorser] [34;1mcallChaincode[0m -> finished chaincode: kvstore duration: 0ms channel=mychannel txID=4c5eb590
2026-09-14T17:39:06.213921990Z [34m2026-09-14 17:39:06.213 UTC 069e INFO[0m [comm.grpc.server] [34;1mfunc1[0m -> unary call completed grpc.service=protos.Endorser grpc.method=ProcessProposal grpc.request_deadline=2026-09-14T17:39:36.212Z grpc.peer_address=172.18.0.5:55100 grpc.peer_subject="CN=peer0.org1.example.com,L=San Francisco,ST=California,C=US" grpc.code=OK grpc.call_duration=927.808µs
2026-09-14T17:39:06.213932009Z [34m2026-09-14 17:39:06.213 UTC 069d INFO[0m [comm.grpc.server] [34;1mfunc1[0m -> unary call completed grpc.service=protos.Endorser grpc.method=ProcessProposal grpc.request_deadline=2026-09-14T17:39:36.212Z grpc.peer_address=172.18.0.5:55100 grpc.peer_subject="CN=peer0.org1.example.com,L=San Francisco,ST=California,C=US" grpc.code=OK grpc.call_duration=929.871µs
2026-09-14T17:39:06.253133123Z [34m2026-09-14 17:39:06.253 UTC 06a0 INFO[0m [endorser] [34;1mcallChaincode[0m -> finished chaincode: kvstore duration: 0ms channel=mychannel txID=c98bf80d
2026-09-14T17:39:06.253168720Z [34m2026-09-14 17:39:06.253 UTC 069f INFO[0m [endorser] [34;1mcallChaincode[0m -> finished chaincode: kvstore duration: 0ms channel=mychannel txID=5a9adb40
2026-09-14T17:39:06.253179361Z [34m2026-09-14 17:39:06.253 UTC 06a1 INFO[0m [comm.grpc.server] [34;1mfunc1[0m -> unary call completed grpc.service=protos.Endorser grpc.method=ProcessProposal grpc.request_deadline=2026-09-14T17:39:36.252Z grpc.peer_address=172.18.0.5:55100 grpc.peer_subject="CN=peer0.org1.example.com,L=San Francisco,ST=California,C=US" grpc.code=OK grpc.call_duration=803.131µs
2026-09-14T17:39:06.253242931Z [34m2026-09-14 17:39:06.253 UTC 06a2 INFO[0m [comm.grpc.server] [34;1mfunc1[0m -> unary call completed grpc.service=protos.Endorser grpc.method=ProcessProposal grpc.request_deadline=2026-09-14T17:39:36.252Z grpc.peer_address=172.18.0.5:55100 grpc.peer_subject="CN=peer0.org1.example.com,L=San Francisco,ST=California,C=US" grpc.code=OK grpc.call_duration=876.03µs
2026-09-14T17:39:06.293357877Z [34m2026-09-14 17:39:06.293 UTC 06a3 INFO[0m [endorser] [34;1mcallChaincode[0m -> finished chaincode: kvstore duration: 0ms channel=mychannel txID=5ced997c
2026-09-14T17:39:06.293370952Z [34m2026-09-14 17:39:06.293 UTC 06a4 INFO[0m [endorser] [34;1mcallChaincode[0m -> finished chaincode: kvstore duration: 0ms channel=mychannel txID=eaf62ad6
2026-09-14T17:39:06.293395979Z [34m2026-09-14 17:39:06.293 UTC 06a5 INFO[0m [comm.grpc.server] [34;1mfunc1[0m -> unary call completed grpc.service=protos.Endorser grpc.method=ProcessProposal grpc.request_deadline=2026-09-14T17:39:36.292Z grpc.peer_address=172.18.0.5:55100 grpc.peer_subject="CN=peer0.org1.example.com,L=San Francisco,ST=California,C=US" grpc.code=OK grpc.call_duration=833.53µs
2026-09-14T17:39:06.293404926Z [34m2026-09-14 17:39:06.293 UTC 06a6 INFO[0m [comm.grpc.server] [34;1mfunc1[0m -> unary call completed grpc.service=protos.Endorser grpc.method=ProcessProposal grpc.request_deadline=2026-09-14T17:39:36.292Z grpc.peer_address=172.18.0.5:55100 grpc.peer_subject="CN=peer0.org1.example.com,L=San Francisco,ST=California,C=US" grpc.code=OK grpc.call_duration=828.66µs
2026-09-14T17:39:06.333747964Z [34m2026-09-14 17:39:06.333 UTC 06a7 INFO[0m [endorser] [34;1mcallChaincode[0m -> finished chaincode: kvstore duration: 0ms channel=mychannel txID=b2208d54
2026-09-14T17:39:06.333759756Z [34m2026-09-14 17:39:06.333 UTC 06a8 INFO[0m [endorser] [34;1mcallChaincode[0m -> finished chaincode: kvstore duration: 0ms channel=mychannel txID=93c3864c
2026-09-14T17:39:06.333810853Z [34m2026-09-14 17:39:06.333 UTC 06a9 INFO[0m [comm.grpc.server] [34;1mfunc1[0m -> unary call completed grpc.service=protos.Endorser grpc.method=ProcessProposal grpc.request_deadline=2026-09-14T17:39:36.332Z grpc.peer_address=172.18.0.5:55100 grpc.peer_subject="CN=peer0.org1.example.com,L=San Francisco,ST=California,C=US" grpc.code=OK grpc.call_duration=807.419µs
2026-09-14T17:39:06.333839698Z [34m2026-09-14 17:39:06.333 UTC 06aa INFO[0m [comm.grpc.server] [34;1mfunc1[0m -> unary call completed grpc.service=protos.Endorser grpc.method=ProcessProposal grpc.request_deadline=2026-09-14T17:39:36.332Z grpc.peer_address=172.18.0.5:55100 grpc.peer_subject="CN=peer0.org1.example.com,L=San Francisco,ST=California,C=US" grpc.code=OK grpc.call_duration=834.591µs
2026-09-14T17:39:06.372754981Z [34m2026-09-14 17:39:06.372 UTC 06ab INFO[0m [endorser] [34;1mcallChaincode[0m -> finished chaincode: kvstore duration: 0ms channel=mychannel txID=183a3d41
2026-09-14T17:39:06.372796510Z [34m2026-09-14 17:39:06.372 UTC 06ac INFO[0m [endorser] [34;1mcallChaincode[0m -> finished chaincode: kvstore duration: 0ms channel=mychannel txID=2898461d
2026-09-14T17:39:06.372851564Z [34m2026-09-14 17:39:06.372 UTC 06ad INFO[0m [comm.grpc.server] [34;1mfunc1[0m -> unary call completed grpc.service=protos.Endorser grpc.method=ProcessProposal grpc.request_deadline=2026-09-14T17:39:36.372Z grpc.peer_address=172.18.0.5:55100 grpc.peer_subject="CN=peer0.org1.example.com,L=San Francisco,ST=California,C=US" grpc.code=OK grpc.call_duration=708.062µs
2026-09-14T17:39:06.372859559Z [34m2026-09-14 17:39:06.372 UTC 06ae INFO[0m [comm.grpc.server] [34;1mfunc1[0m -> unary call completed grpc.service=protos.Endorser grpc.method=ProcessProposal grpc.request_deadline=2026-09-14T17:39:36.372Z grpc.peer_address=172.18.0.5:55100 grpc.peer_subject="CN=peer0.org1.example.com,L=San Francisco,ST=California,C=US" grpc.code=OK grpc.call_duration=766.853µs
2026-09-14T17:39:06.414072525Z [34m2026-09-14 17:39:06.414 UTC 06af INFO[0m [endorser] [34;1mcallChaincode[0m -> finished chaincode: kvstore duration: 0ms channel=mychannel txID=23a83c19
2026-09-14T17:39:06.414090860Z [34m2026-09-14 17:39:06.414 UTC 06b0 INFO[0m [endorser] [34;1mcallChaincode[0m -> finished chaincode: kvstore duration: 0ms channel=mychannel txID=3bff4d00
2026-09-14T17:39:06.414127018Z [34m2026-09-14 17:39:06.414 UTC 06b1 INFO[0m [comm.grpc.server] [34;1mfunc1[0m -> unary call completed grpc.service=protos.Endorser grpc.method=ProcessProposal grpc.request_deadline=2026-09-14T17:39:36.413Z grpc.peer_address=172.18.0.5:55100 grpc.peer_subject="CN=peer0.org1.example.com,L=San Francisco,ST=California,C=US" grpc.code=OK grpc.call_duration=855.39µs
2026-09-14T17:39:06.414151555Z [34m2026-09-14 17:39:06.414 UTC 06b2 INFO[0m [comm.grpc.server] [34;1mfunc1[0m -> unary call completed grpc.service=protos.Endorser grpc.method=ProcessProposal grpc.request_deadline=2026-09-14T17:39:36.413Z grpc.peer_address=172.18.0.5:55100 grpc.peer_subject="CN=peer0.org1.example.com,L=San Francisco,ST=California,C=US" grpc.code=OK grpc.call_duration=886.319µs
2026-09-14T17:39:06.453221070Z [34m2026-09-14 17:39:06.453 UTC 06b3 INFO[0m [endorser] [34;1mcallChaincode[0m -> finished chaincode: kvstore duration: 0ms channel=mychannel txID=6ba15046
2026-09-14T17:39:06.453238533Z [34m2026-09-14 17:39:06.453 UTC 06b4 INFO[0m [endorser] [34;1mcallChaincode[0m -> finished chaincode: kvstore duration: 0ms channel=mychannel txID=5ece282a
2026-09-14T17:39:06.453285221Z [34m2026-09-14 17:39:06.453 UTC 06b5 INFO[0m [comm.grpc.server] [34;1mfunc1[0m -> unary call completed grpc.service=protos.Endorser grpc.method=ProcessProposal grpc.request_deadline=2026-09-14T17:39:36.452Z grpc.peer_address=172.18.0.5:55100 grpc.peer_subject="CN=peer0.org1.example.com,L=San Francisco,ST=California,C=US" grpc.code=OK grpc.call_duration=843.348µs
2026-09-14T17:39:06.453304017Z [34m2026-09-14 17:39:06.453 UTC 06b6 INFO[0m [comm.grpc.server] [34;1mfunc1[0m -> unary call completed grpc.service=protos.Endorser grpc.method=ProcessProposal grpc.request_deadline=2026-09-14T17:39:36.452Z grpc.peer_address=172.18.0.5:55100 grpc.peer_subject="CN=peer0.org1.example.com,L=San Francisco,ST=California,C=US" grpc.code=OK grpc.call_duration=875.619µs
2026-09-14T17:39:06.493770328Z [34m2026-09-14 17:39:06.493 UTC 06b7 INFO[0m [endorser] [34;1mcallChaincode[0m -> finished chaincode: kvstore duration: 0ms channel=mychannel txID=df303fd2
2026-09-14T17:39:06.493786780Z [34m2026-09-14 17:39:06.493 UTC 06b8 INFO[0m [endorser] [34;1mcallChaincode[0m -> finished chaincode: kvstore duration: 0ms channel=mychannel txID=629260b7
2026-09-14T17:39:06.493824381Z [34m2026-09-14 17:39:06.493 UTC 06b9 INFO[0m [comm.grpc.server] [34;1mfunc1[0m -> unary call completed grpc.service=protos.Endorser grpc.method=ProcessProposal grpc.request_deadline=2026-09-14T17:39:36.492Z grpc.peer_address=172.18.0.5:55100 grpc.peer_subject="CN=peer0.org1.example.com,L=San Francisco,ST=California,C=US" grpc.code=OK grpc.call_duration=966.321µs
2026-09-14T17:39:06.493840722Z [34m2026-09-14 17:39:06.493 UTC 06ba INFO[0m [comm.grpc.server] [34;1mfunc1[0m -> unary call completed grpc.service=protos.Endorser grpc.method=ProcessProposal grpc.request_deadline=2026-09-14T17:39:36.492Z grpc.peer_address=172.18.0.5:55100 grpc.peer_subject="CN=peer0.org1.example.com,L=San Francisco,ST=California,C=US" grpc.code=OK grpc.call_duration=1.010215ms
2026-09-14T17:39:06.533262735Z [34m2026-09-14 17:39:06.533 UTC 06bb INFO[0m [endorser] [34;1mcallChaincode[0m -> finished chaincode: kvstore duration: 0ms channel=mychannel txID=9ad45e9e
2026-09-14T17:39:06.533276411Z [34m2026-09-14 17:39:06.533 UTC 06bc INFO[0m [endorser] [34;1mcallChaincode[0m -> finished chaincode: kvstore duration: 0ms channel=mychannel txID=8f45c6d0
2026-09-14T17:39:06.533332297Z [34m2026-09-14 17:39:06.533 UTC 06bd INFO[0m [comm.grpc.server] [34;1mfunc1[0m -> unary call completed grpc.service=protos.Endorser grpc.method=ProcessProposal grpc.request_deadline=2026-09-14T17:39:36.532Z grpc.peer_address=172.18.0.5:55100 grpc.peer_subject="CN=peer0.org1.example.com,L=San Francisco,ST=California,C=US" grpc.code=OK grpc.call_duration=1.059427ms
2026-09-14T17:39:06.533352365Z [34m2026-09-14 17:39:06.533 UTC 06be INFO[0m [comm.grpc.server] [34;1mfunc1[0m -> unary call completed grpc.service=protos.Endorser grpc.method=ProcessProposal grpc.request_deadline=2026-09-14T17:39:36.532Z grpc.peer_address=172.18.0.5:55100 grpc.peer_subject="CN=peer0.org1.example.com,L=San Francisco,ST=California,C=US" grpc.code=OK grpc.call_duration=1.02928ms
2026-09-14T17:39:06.573530330Z [34m2026-09-14 17:39:06.573 UTC 06bf INFO[0m [endorser] [34;1mcallChaincode[0m -> finished chaincode: kvstore duration: 0ms channel=mychannel txID=27d7b377
2026-09-14T17:39:06.573547793Z [34m2026-09-14 17:39:06.573 UTC 06c0 INFO[0m [endorser] [34;1mcallChaincode[0m -> finished chaincode: kvstore duration: 0ms channel=mychannel txID=f9d4fe1b
2026-09-14T17:39:06.573618186Z [34m2026-09-14 17:39:06.573 UTC 06c1 INFO[0m [comm.grpc.server] [34;1mfunc1[0m -> unary call completed grpc.service=protos.Endorser grpc.method=ProcessProposal grpc.request_deadline=2026-09-14T17:39:36.572Z grpc.peer_address=172.18.0.5:55100 grpc.peer_subject="CN=peer0.org1.example.com,L=San Francisco,ST=California,C=US" grpc.code=OK grpc.call_duration=940.653µs
2026-09-14T17:39:06.573630479Z [34m2026-09-14 17:39:06.573 UTC 06c2 INFO[0m [comm.grpc.server] [34;1mfunc1[0m -> unary call completed grpc.service=protos.Endorser grpc.method=ProcessProposal grpc.request_deadline=2026-09-14T17:39:36.572Z grpc.peer_address=172.18.0.5:55100 grpc.peer_subject="CN=peer0.org1.example.com,L=San Francisco,ST=California,C=US" grpc.code=OK grpc.call_duration=960.75µs
2026-09-14T17:39:06.613866354Z [34m2026-09-14 17:39:06.613 UTC 06c3 INFO[0m [endorser] [34;1mcallChaincode[0m -> finished chaincode: kvstore duration: 0ms channel=mychannel txID=4d2f7061
2026-09-14T17:39:06.613885571Z [34m2026-09-14 17:39:06.613 UTC 06c4 INFO[0m [endorser] [34;1mcallChaincode[0m -> finished chaincode: kvstore duration: 0ms channel=mychannel txID=cc21a071
2026-09-14T17:39:06.613929554Z [34m2026-09-14 17:39:06.613 UTC 06c6 INFO[0m [comm.grpc.server] [34;1mfunc1[0m -> unary call completed grpc.service=protos.Endorser grpc.method=ProcessProposal grpc.request_deadline=2026-09-14T17:39:36.612Z grpc.peer_address=172.18.0.5:55100 grpc.peer_subject="CN=peer0.org1.example.com,L=San Francisco,ST=California,C=US" grpc.code=OK grpc.call_duration=812.981µs
2026-09-14T17:39:06.613939994Z [34m2026-09-14 17:39:06.613 UTC 06c5 INFO[0m [comm.grpc.server] [34;1mfunc1[0m -> unary call completed grpc.service=protos.Endorser grpc.method=ProcessProposal grpc.request_deadline=2026-09-14T17:39:36.613Z grpc.peer_address=172.18.0.5:55100 grpc.peer_subject="CN=peer0.org1.example.com,L=San Francisco,ST=California,C=US" grpc.code=OK grpc.call_duration=837.097µs
2026-09-14T17:39:06.653604727Z [34m2026-09-14 17:39:06.653 UTC 06c7 INFO[0m [endorser] [34;1mcallChaincode[0m -> finished chaincode: kvstore duration: 0ms channel=mychannel txID=18124027
2026-09-14T17:39:06.653616139Z [34m2026-09-14 17:39:06.653 UTC 06c8 INFO[0m [endorser] [34;1mcallChaincode[0m -> finished chaincode: kvstore duration: 0ms channel=mychannel txID=ed3483bd
2026-09-14T17:39:06.653662747Z [34m2026-09-14 17:39:06.653 UTC 06c9 INFO[0m [comm.grpc.server] [34;1mfunc1[0m -> unary call completed grpc.service=protos.Endorser grpc.method=ProcessProposal grpc.request_deadline=2026-09-14T17:39:36.652Z grpc.peer_address=172.18.0.5:55100 grpc.peer_subject="CN=peer0.org1.example.com,L=San Francisco,ST=California,C=US" grpc.code=OK grpc.call_duration=821.617µs
2026-09-14T17:39:06.653696992Z [34m2026-09-14 17:39:06.653 UTC 06ca INFO[0m [comm.grpc.server] [34;1mfunc1[0m -> unary call completed grpc.service=protos.Endorser grpc.method=ProcessProposal grpc.request_deadline=2026-09-14T17:39:36.652Z grpc.peer_address=172.18.0.5:55100 grpc.peer_subject="CN=peer0.org1.example.com,L=San Francisco,ST=California,C=US" grpc.code=OK grpc.call_duration=897.04µs
2026-09-14T17:39:06.694031624Z [34m2026-09-14 17:39:06.693 UTC 06cb INFO[0m [endorser] [34;1mcallChaincode[0m -> finished chaincode: kvstore duration: 0ms channel=mychannel txID=8861e899
2026-09-14T17:39:06.694076319Z [34m2026-09-14 17:39:06.693 UTC 06cc INFO[0m [endorser] [34;1mcallChaincode[0m -> finished chaincode: kvstore duration: 0ms channel=mychannel txID=a8b9f4f7
2026-09-14T17:39:06.694091988Z [34m2026-09-14 17:39:06.694 UTC 06cd INFO[0m [comm.grpc.server] [34;1mfunc1[0m -> unary call completed grpc.service=protos.Endorser grpc.method=ProcessProposal grpc.request_deadline=2026-09-14T17:39:36.693Z grpc.peer_address=172.18.0.5:55100 grpc.peer_subject="CN=peer0.org1.example.com,L=San Francisco,ST=California,C=US" grpc.code=OK grpc.call_duration=884.436µs
2026-09-14T17:39:06.694136443Z [34m2026-09-14 17:39:06.694 UTC 06ce INFO[0m [comm.grpc.server] [34;1mfunc1[0m -> unary call completed grpc.service=protos.Endorser grpc.method=ProcessProposal grpc.request_deadline=2026-09-14T17:39:36.693Z grpc.peer_address=172.18.0.5:55100 grpc.peer_subject="CN=peer0.org1.example.com,L=San Francisco,ST=California,C=US" grpc.code=OK grpc.call_duration=929.892µs
2026-09-14T17:39:06.733299304Z [34m2026-09-14 17:39:06.733 UTC 06cf INFO[0m [endorser] [34;1mcallChaincode[0m -> finished chaincode: kvstore duration: 0ms channel=mychannel txID=6e6eab99
2026-09-14T17:39:06.733330694Z [34m2026-09-14 17:39:06.733 UTC 06d0 INFO[0m [endorser] [34;1mcallChaincode[0m -> finished chaincode: kvstore duration: 0ms channel=mychannel txID=190d432d
2026-09-14T17:39:06.733348518Z [34m2026-09-14 17:39:06.733 UTC 06d1 INFO[0m [comm.grpc.server] [34;1mfunc1[0m -> unary call completed grpc.service=protos.Endorser grpc.method=ProcessProposal grpc.request_deadline=2026-09-14T17:39:36.732Z grpc.peer_address=172.18.0.5:55100 grpc.peer_subject="CN=peer0.org1.example.com,L=San Francisco,ST=California,C=US" grpc.code=OK grpc.call_duration=785.478µs
2026-09-14T17:39:06.733398923Z [34m2026-09-14 17:39:06.733 UTC 06d2 INFO[0m [comm.grpc.server] [34;1mfunc1[0m -> unary call completed grpc.service=protos.Endorser grpc.method=ProcessProposal grpc.request_deadline=2026-09-14T17:39:36.732Z grpc.peer_address=172.18.0.5:55100 grpc.peer_subject="CN=peer0.org1.example.com,L=San Francisco,ST=California,C=US" grpc.code=OK grpc.call_duration=825.975µs
2026-09-14T17:39:06.773334118Z [34m2026-09-14 17:39:06.773 UTC 06d3 INFO[0m [endorser] [34;1mcallChaincode[0m -> finished chaincode: kvstore duration: 0ms channel=mychannel txID=467eae1b
2026-09-14T17:39:06.773345109Z [34m2026-09-14 17:39:06.773 UTC 06d4 INFO[0m [endorser] [34;1mcallChaincode[0m -> finished chaincode: kvstore duration: 0ms channel=mychannel txID=bcf1ac8b
2026-09-14T17:39:06.773377410Z [34m2026-09-14 17:39:06.773 UTC 06d5 INFO[0m [comm.grpc.server] [34;1mfunc1[0m -> unary call completed grpc.service=protos.Endorser grpc.method=ProcessProposal grpc.request_deadline=2026-09-14T17:39:36.772Z grpc.peer_address=172.18.0.5:55100 grpc.peer_subject="CN=peer0.org1.example.com,L=San Francisco,ST=California,C=US" grpc.code=OK grpc.call_duration=850.301µs
2026-09-14T17:39:06.773403470Z [34m2026-09-14 17:39:06.773 UTC 06d6 INFO[0m [comm.grpc.server] [34;1mfunc1[0m -> unary call completed grpc.service=protos.Endorser grpc.method=ProcessProposal grpc.request_deadline=2026-09-14T17:39:36.772Z grpc.peer_address=172.18.0.5:55100 grpc.peer_subject="CN=peer0.org1.example.com,L=San Francisco,ST=California,C=US" grpc.code=OK grpc.call_duration=921.115µs
2026-09-14T17:39:06.813731840Z [34m2026-09-14 17:39:06.813 UTC 06d7 INFO[0m [endorser] [34;1mcallChaincode[0m -> finished chaincode: kvstore duration: 0ms channel=mychannel txID=b48b4616
2026-09-14T17:39:06.813746227Z [34m2026-09-14 17:39:06.813 UTC 06d8 INFO[0m [endorser] [34;1mcallChaincode[0m -> finished chaincode: kvstore duration: 0ms channel=mychannel txID=502fe3af
2026-09-14T17:39:06.813791894Z [34m2026-09-14 17:39:06.813 UTC 06d9 INFO[0m [comm.grpc.server] [34;1mfunc1[0m -> unary call completed grpc.service=protos.Endorser grpc.method=ProcessProposal grpc.request_deadline=2026-09-14T17:39:36.812Z grpc.peer_address=172.18.0.5:55100 grpc.peer_subject="CN=peer0.org1.example.com,L=San Francisco,ST=California,C=US" grpc.code=OK grpc.call_duration=825.684µs
2026-09-14T17:39:06.813824806Z [34m2026-09-14 17:39:06.813 UTC 06da INFO[0m [comm.grpc.server] [34;1mfunc1[0m -> unary call completed grpc.service=protos.Endorser grpc.method=ProcessProposal grpc.request_deadline=2026-09-14T17:39:36.812Z grpc.peer_address=172.18.0.5:55100 grpc.peer_subject="CN=peer0.org1.example.com,L=San Francisco,ST=California,C=US" grpc.code=OK grpc.call_duration=889.977µs
2026-09-14T17:39:06.853130208Z [34m2026-09-14 17:39:06.853 UTC 06db INFO[0m [endorser] [34;1mcallChaincode[0m -> finished chaincode: kvstore duration: 0ms channel=mychannel txID=c154a69a
2026-09-14T17:39:06.853165966Z [34m2026-09-14 17:39:06.853 UTC 06dc INFO[0m [endorser] [34;1mcallChaincode[0m -> finished chaincode: kvstore duration: 0ms channel=mychannel txID=aa3c29a4
2026-09-14T17:39:06.853199950Z [34m2026-09-14 17:39:06.853 UTC 06dd INFO[0m [comm.grpc.server] [34;1mfunc1[0m -> unary call completed grpc.service=protos.Endorser grpc.method=ProcessProposal grpc.request_deadline=2026-09-14T17:39:36.852Z grpc.peer_address=172.18.0.5:55100 grpc.peer_subject="CN=peer0.org1.example.com,L=San Francisco,ST=California,C=US" grpc.code=OK grpc.call_duration=925.634µs
2026-09-14T17:39:06.853227022Z [34m2026-09-14 17:39:06.853 UTC 06de INFO[0m [comm.grpc.server] [34;1mfunc1[0m -> unary call completed grpc.service=protos.Endorser grpc.method=ProcessProposal grpc.request_deadline=2026-09-14T17:39:36.852Z grpc.peer_address=172.18.0.5:55100 grpc.peer_subject="CN=peer0.org1.example.com,L=San Francisco,ST=California,C=US" grpc.code=OK grpc.call_duration=958.155µs
2026-09-14T17:39:06.893360743Z [34m2026-09-14 17:39:06.893 UTC 06df INFO[0m [endorser] [34;1mcallChaincode[0m -> finished chaincode: kvstore duration: 0ms channel=mychannel txID=84ec833d
2026-09-14T17:39:06.893404326Z [34m2026-09-14 17:39:06.893 UTC 06e0 INFO[0m [endorser] [34;1mcallChaincode[0m -> finished chaincode: kvstore duration: 0ms channel=mychannel txID=c80665ee
2026-09-14T17:39:06.893428461Z [34m2026-09-14 17:39:06.893 UTC 06e1 INFO[0m [comm.grpc.server] [34;1mfunc1[0m -> unary call completed grpc.service=protos.Endorser grpc.method=ProcessProposal grpc.request_deadline=2026-09-14T17:39:36.892Z grpc.peer_address=172.18.0.5:55100 grpc.peer_subject="CN=peer0.org1.example.com,L=San Francisco,ST=California,C=US" grpc.code=OK grpc.call_duration=798.473µs
2026-09-14T17:39:06.893465271Z [34m2026-09-14 17:39:06.893 UTC 06e2 INFO[0m [comm.grpc.server] [34;1mfunc1[0m -> unary call completed grpc.service=protos.Endorser grpc.method=ProcessProposal grpc.request_deadline=2026-09-14T17:39:36.892Z grpc.peer_address=172.18.0.5:55100 grpc.peer_subject="CN=peer0.org1.example.com,L=San Francisco,ST=California,C=US" grpc.code=OK grpc.call_duration=834.892µs
2026-09-14T17:39:06.933752624Z [34m2026-09-14 17:39:06.933 UTC 06e3 INFO[0m [endorser] [34;1mcallChaincode[0m -> finished chaincode: kvstore duration: 0ms channel=mychannel txID=05292243
2026-09-14T17:39:06.933769977Z [34m2026-09-14 17:39:06.933 UTC 06e4 INFO[0m [endorser] [34;1mcallChaincode[0m -> finished chaincode: kvstore duration: 0ms channel=mychannel txID=b6d0367e
2026-09-14T17:39:06.933847524Z [34m2026-09-14 17:39:06.933 UTC 06e5 INFO[0m [comm.grpc.server] [34;1mfunc1[0m -> unary call completed grpc.service=protos.Endorser grpc.method=ProcessProposal grpc.request_deadline=2026-09-14T17:39:36.932Z grpc.peer_address=172.18.0.5:55100 grpc.peer_subject="CN=peer0.org1.example.com,L=San Francisco,ST=California,C=US" grpc.code=OK grpc.call_duration=887.382µs
2026-09-14T17:39:06.933862712Z [34m2026-09-14 17:39:06.933 UTC 06e6 INFO[0m [comm.grpc.server] [34;1mfunc1[0m -> unary call completed grpc.service=protos.Endorser grpc.method=ProcessProposal grpc.request_deadline=2026-09-14T17:39:36.932Z grpc.peer_address=172.18.0.5:55100 grpc.peer_subject="CN=peer0.org1.example.com,L=San Francisco,ST=California,C=US" grpc.code=OK grpc.call_duration=888.444µs
2026-09-14T17:39:06.973438066Z [34m2026-09-14 17:39:06.973 UTC 06e7 INFO[0m [endorser] [34;1mcallChaincode[0m -> finished chaincode: kvstore duration: 0ms channel=mychannel txID=d014fe90
2026-09-14T17:39:06.973474715Z [34m2026-09-14 17:39:06.973 UTC 06e8 INFO[0m [endorser] [34;1mcallChaincode[0m -> finished chaincode: kvstore duration: 0ms channel=mychannel txID=de7ac6d3
2026-09-14T17:39:06.973508018Z [34m2026-09-14 17:39:06.973 UTC 06e9 INFO[0m [comm.grpc.server] [34;1mfunc1[0m -> unary call completed grpc.service=protos.Endorser grpc.method=ProcessProposal grpc.request_deadline=2026-09-14T17:39:36.972Z grpc.peer_address=172.18.0.5:55100 grpc.peer_subject="CN=peer0.org1.example.com,L=San Francisco,ST=California,C=US" grpc.code=OK grpc.call_duration=886.79µs
2026-09-14T17:39:06.973558775Z [34m2026-09-14 17:39:06.973 UTC 06ea INFO[0m [comm.grpc.server] [34;1mfunc1[0m -> unary call completed grpc.service=protos.Endorser grpc.method=ProcessProposal grpc.request_deadline=2026-09-14T17:39:36.972Z grpc.peer_address=172.18.0.5:55100 grpc.peer_subject="CN=peer0.org1.example.com,L=San Francisco,ST=California,C=US" grpc.code=OK grpc.call_duration=937.286µs
2026-09-14T17:39:07.013784781Z [34m2026-09-14 17:39:07.013 UTC 06ec INFO[0m [endorser] [34;1mcallChaincode[0m -> finished chaincode: kvstore duration: 0ms channel=mychannel txID=c47882a0
2026-09-14T17:39:07.013798166Z [34m2026-09-14 17:39:07.013 UTC 06eb INFO[0m [endorser] [34;1mcallChaincode[0m -> finished chaincode: kvstore duration: 0ms channel=mychannel txID=008452c4
2026-09-14T17:39:07.013839444Z [34m2026-09-14 17:39:07.013 UTC 06ed INFO[0m [comm.grpc.server] [34;1mfunc1[0m -> unary call completed grpc.service=protos.Endorser grpc.method=ProcessProposal grpc.request_deadline=2026-09-14T17:39:37.012Z grpc.peer_address=172.18.0.5:55100 grpc.peer_subject="CN=peer0.org1.example.com,L=San Francisco,ST=California,C=US" grpc.code=OK grpc.call_duration=795.036µs
2026-09-14T17:39:07.013848231Z [34m2026-09-14 17:39:07.013 UTC 06ee INFO[0m [comm.grpc.server] [34;1mfunc1[0m -> unary call completed grpc.service=protos.Endorser grpc.method=ProcessProposal grpc.request_deadline=2026-09-14T17:39:37.012Z grpc.peer_address=172.18.0.5:55100 grpc.peer_subject="CN=peer0.org1.example.com,L=San Francisco,ST=California,C=US" grpc.code=OK grpc.call_duration=795.877µs
2026-09-14T17:39:07.019196805Z [34m2026-09-14 17:39:07.019 UTC 06ef INFO[0m [gossip.privdata] [34;1mStoreBlock[0m -> Received block [19] from buffer channel=mychannel
2026-09-14T17:39:07.030044689Z [34m2026-09-14 17:39:07.029 UTC 06f0 INFO[0m [committer.txvalidator] [34;1mValidate[0m -> [mychannel] Validated block [19] in 10ms
2026-09-14T17:39:07.087252881Z [34m2026-09-14 17:39:07.087 UTC 06f1 INFO[0m [kvledger] [34;1mcommit[0m -> [mychannel] Committed block [19] with 52 transaction(s) in 55ms (state_validation=1ms block_and_pvtdata_commit=27ms state_commit=15ms) commitHash=[56c50b5cace3916464e8c2383238d3263dcaa7620b19b1286eeef0340113f017]
2026-09-14T17:39:07.088066833Z [34m2026-09-14 17:39:07.088 UTC 06f2 INFO[0m [endorser] [34;1mcallChaincode[0m -> finished chaincode: kvstore duration: 0ms channel=mychannel txID=c821845e
2026-09-14T17:39:07.088079698Z [34m2026-09-14 17:39:07.088 UTC 06f3 INFO[0m [endorser] [34;1mcallChaincode[0m -> finished chaincode: kvstore duration: 0ms channel=mychannel txID=635e1179
2026-09-14T17:39:07.088157986Z [34m2026-09-14 17:39:07.088 UTC 06f4 INFO[0m [comm.grpc.server] [34;1mfunc1[0m -> unary call completed grpc.service=protos.Endorser grpc.method=ProcessProposal grpc.request_deadline=2026-09-14T17:39:37.083Z grpc.peer_address=172.18.0.5:55100 grpc.peer_subject="CN=peer0.org1.example.com,L=San Francisco,ST=California,C=US" grpc.code=OK grpc.call_duration=4.427399ms
2026-09-14T17:39:07.088164909Z [34m2026-09-14 17:39:07.088 UTC 06f5 INFO[0m [comm.grpc.server] [34;1mfunc1[0m -> unary call completed grpc.service=protos.Endorser grpc.method=ProcessProposal grpc.request_deadline=2026-09-14T17:39:37.083Z grpc.peer_address=172.18.0.5:55100 grpc.peer_subject="CN=peer0.org1.example.com,L=San Francisco,ST=California,C=US" grpc.code=OK grpc.call_duration=4.222631ms
2026-09-14T17:39:07.092544327Z [34m2026-09-14 17:39:07.092 UTC 06f6 INFO[0m [endorser] [34;1mcallChaincode[0m -> finished chaincode: kvstore duration: 0ms channel=mychannel txID=b3df5465
2026-09-14T17:39:07.092597889Z [34m2026-09-14 17:39:07.092 UTC 06f7 INFO[0m [comm.grpc.server] [34;1mfunc1[0m -> unary call completed grpc.service=protos.Endorser grpc.method=ProcessProposal grpc.request_deadline=2026-09-14T17:39:37.091Z grpc.peer_address=172.18.0.5:55100 grpc.peer_subject="CN=peer0.org1.example.com,L=San Francisco,ST=California,C=US" grpc.code=OK grpc.call_duration=614.735µs
2026-09-14T17:39:07.092653794Z [34m2026-09-14 17:39:07.092 UTC 06f8 INFO[0m [endorser] [34;1mcallChaincode[0m -> finished chaincode: kvstore duration: 0ms channel=mychannel txID=81b312ee
2026-09-14T17:39:07.092710903Z [34m2026-09-14 17:39:07.092 UTC 06f9 INFO[0m [comm.grpc.server] [34;1mfunc1[0m -> unary call completed grpc.service=protos.Endorser grpc.method=ProcessProposal grpc.request_deadline=2026-09-14T17:39:37.091Z grpc.peer_address=172.18.0.5:55100 grpc.peer_subject="CN=peer0.org1.example.com,L=San Francisco,ST=California,C=US" grpc.code=OK grpc.call_duration=706.308µs
2026-09-14T17:39:07.133440123Z [34m2026-09-14 17:39:07.133 UTC 06fa INFO[0m [endorser] [34;1mcallChaincode[0m -> finished chaincode: kvstore duration: 0ms channel=mychannel txID=e6eddaec
2026-09-14T17:39:07.133453528Z [34m2026-09-14 17:39:07.133 UTC 06fb INFO[0m [endorser] [34;1mcallChaincode[0m -> finished chaincode: kvstore duration: 0ms channel=mychannel txID=83cf4121
2026-09-14T17:39:07.133500036Z [34m2026-09-14 17:39:07.133 UTC 06fc INFO[0m [comm.grpc.server] [34;1mfunc1[0m -> unary call completed grpc.service=protos.Endorser grpc.method=ProcessProposal grpc.request_deadline=2026-09-14T17:39:37.132Z grpc.peer_address=172.18.0.5:55100 grpc.peer_subject="CN=peer0.org1.example.com,L=San Francisco,ST=California,C=US" grpc.code=OK grpc.call_duration=807.319µs
2026-09-14T17:39:07.133515636Z [34m2026-09-14 17:39:07.133 UTC 06fd INFO[0m [comm.grpc.server] [34;1mfunc1[0m -> unary call completed grpc.service=protos.Endorser grpc.method=ProcessProposal grpc.request_deadline=2026-09-14T17:39:37.132Z grpc.peer_address=172.18.0.5:55100 grpc.peer_subject="CN=peer0.org1.example.com,L=San Francisco,ST=California,C=US" grpc.code=OK grpc.call_duration=807.38µs
2026-09-14T17:39:07.174064474Z [34m2026-09-14 17:39:07.174 UTC 06fe INFO[0m [endorser] [34;1mcallChaincode[0m -> finished chaincode: kvstore duration: 0ms channel=mychannel txID=7c2af79f
2026-09-14T17:39:07.174076036Z [34m2026-09-14 17:39:07.174 UTC 06ff INFO[0m [endorser] [34;1mcallChaincode[0m -> finished chaincode: kvstore duration: 0ms channel=mychannel txID=000005b7
2026-09-14T17:39:07.174122313Z [34m2026-09-14 17:39:07.174 UTC 0700 INFO[0m [comm.grpc.server] [34;1mfunc1[0m -> unary call completed grpc.service=protos.Endorser grpc.method=ProcessProposal grpc.request_deadline=2026-09-14T17:39:37.173Z grpc.peer_address=172.18.0.5:55100 grpc.peer_subject="CN=peer0.org1.example.com,L=San Francisco,ST=California,C=US" grpc.code=OK grpc.call_duration=798.382µs
2026-09-14T17:39:07.174133124Z [34m2026-09-14 17:39:07.174 UTC 0701 INFO[0m [comm.grpc.server] [34;1mfunc1[0m -> unary call completed grpc.service=protos.Endorser grpc.method=ProcessProposal grpc.request_deadline=2026-09-14T17:39:37.173Z grpc.peer_address=172.18.0.5:55100 grpc.peer_subject="CN=peer0.org1.example.com,L=San Francisco,ST=California,C=US" grpc.code=OK grpc.call_duration=805.216µs
2026-09-14T17:39:07.213220443Z [34m2026-09-14 17:39:07.213 UTC 0702 INFO[0m [endorser] [34;1mcallChaincode[0m -> finished chaincode: kvstore duration: 0ms channel=mychannel txID=5753e004
2026-09-14T17:39:07.213234479Z [34m2026-09-14 17:39:07.213 UTC 0703 INFO[0m [endorser] [34;1mcallChaincode[0m -> finished chaincode: kvstore duration: 0ms channel=mychannel txID=bf7f7e0d
2026-09-14T17:39:07.213285556Z [34m2026-09-14 17:39:07.213 UTC 0705 INFO[0m [comm.grpc.server] [34;1mfunc1[0m -> unary call completed grpc.service=protos.Endorser grpc.method=ProcessProposal grpc.request_deadline=2026-09-14T17:39:37.212Z grpc.peer_address=172.18.0.5:55100 grpc.peer_subject="CN=peer0.org1.example.com,L=San Francisco,ST=California,C=US" grpc.code=OK grpc.call_duration=854.609µs
2026-09-14T17:39:07.213296617Z [34m2026-09-14 17:39:07.213 UTC 0704 INFO[0m [comm.grpc.server] [34;1mfunc1[0m -> unary call completed grpc.service=protos.Endorser grpc.method=ProcessProposal grpc.request_deadline=2026-09-14T17:39:37.212Z grpc.peer_address=172.18.0.5:55100 grpc.peer_subject="CN=peer0.org1.example.com,L=San Francisco,ST=California,C=US" grpc.code=OK grpc.call_duration=854.609µs
2026-09-14T17:39:07.254524031Z [34m2026-09-14 17:39:07.254 UTC 0706 INFO[0m [endorser] [34;1mcallChaincode[0m -> finished chaincode: kvstore duration: 0ms channel=mychannel txID=9ba30083
2026-09-14T17:39:07.254542556Z [34m2026-09-14 17:39:07.254 UTC 0707 INFO[0m [endorser] [34;1mcallChaincode[0m -> finished chaincode: kvstore duration: 0ms channel=mychannel txID=9735e710
2026-09-14T17:39:07.254571611Z [34m2026-09-14 17:39:07.254 UTC 0708 INFO[0m [comm.grpc.server] [34;1mfunc1[0m -> unary call completed grpc.service=protos.Endorser grpc.method=ProcessProposal grpc.request_deadline=2026-09-14T17:39:37.253Z grpc.peer_address=172.18.0.5:55100 grpc.peer_subject="CN=peer0.org1.example.com,L=San Francisco,ST=California,C=US" grpc.code=OK grpc.call_duration=1.27742ms
2026-09-14T17:39:07.254588643Z [34m2026-09-14 17:39:07.254 UTC 0709 INFO[0m [comm.grpc.server] [34;1mfunc1[0m -> unary call completed grpc.service=protos.Endorser grpc.method=ProcessProposal grpc.request_deadline=2026-09-14T17:39:37.253Z grpc.peer_address=172.18.0.5:55100 grpc.peer_subject="CN=peer0.org1.example.com,L=San Francisco,ST=California,C=US" grpc.code=OK grpc.call_duration=1.24042ms
2026-09-14T17:39:07.293806579Z [34m2026-09-14 17:39:07.293 UTC 070a INFO[0m [endorser] [34;1mcallChaincode[0m -> finished chaincode: kvstore duration: 0ms channel=mychannel txID=4548d885
2026-09-14T17:39:07.293819944Z [34m2026-09-14 17:39:07.293 UTC 070b INFO[0m [endorser] [34;1mcallChaincode[0m -> finished chaincode: kvstore duration: 0ms channel=mychannel txID=f678a936
2026-09-14T17:39:07.293856664Z [34m2026-09-14 17:39:07.293 UTC 070c INFO[0m [comm.grpc.server] [34;1mfunc1[0m -> unary call completed grpc.service=protos.Endorser grpc.method=ProcessProposal grpc.request_deadline=2026-09-14T17:39:37.293Z grpc.peer_address=172.18.0.5:55100 grpc.peer_subject="CN=peer0.org1.example.com,L=San Francisco,ST=California,C=US" grpc.code=OK grpc.call_duration=757.686µs
2026-09-14T17:39:07.293860972Z [34m2026-09-14 17:39:07.293 UTC 070d INFO[0m [comm.grpc.server] [34;1mfunc1[0m -> unary call completed grpc.service=protos.Endorser grpc.method=ProcessProposal grpc.request_deadline=2026-09-14T17:39:37.293Z grpc.peer_address=172.18.0.5:55100 grpc.peer_subject="CN=peer0.org1.example.com,L=San Francisco,ST=California,C=US" grpc.code=OK grpc.call_duration=770.42µs
2026-09-14T17:39:07.333401680Z [34m2026-09-14 17:39:07.333 UTC 070e INFO[0m [endorser] [34;1mcallChaincode[0m -> finished chaincode: kvstore duration: 0ms channel=mychannel txID=a531ca15
2026-09-14T17:39:07.333419935Z [34m2026-09-14 17:39:07.333 UTC 070f INFO[0m [endorser] [34;1mcallChaincode[0m -> finished chaincode: kvstore duration: 0ms channel=mychannel txID=cee8e496
2026-09-14T17:39:07.333458097Z [34m2026-09-14 17:39:07.333 UTC 0710 INFO[0m [comm.grpc.server] [34;1mfunc1[0m -> unary call completed grpc.service=protos.Endorser grpc.method=ProcessProposal grpc.request_deadline=2026-09-14T17:39:37.332Z grpc.peer_address=172.18.0.5:55100 grpc.peer_subject="CN=peer0.org1.example.com,L=San Francisco,ST=California,C=US" grpc.code=OK grpc.call_duration=811.568µs
2026-09-14T17:39:07.333477694Z [34m2026-09-14 17:39:07.333 UTC 0711 INFO[0m [comm.grpc.server] [34;1mfunc1[0m -> unary call completed grpc.service=protos.Endorser grpc.method=ProcessProposal grpc.request_deadline=2026-09-14T17:39:37.332Z grpc.peer_address=172.18.0.5:55100 grpc.peer_subject="CN=peer0.org1.example.com,L=San Francisco,ST=California,C=US" grpc.code=OK grpc.call_duration=844.681µs
2026-09-14T17:39:07.373530452Z [34m2026-09-14 17:39:07.373 UTC 0712 INFO[0m [endorser] [34;1mcallChaincode[0m -> finished chaincode: kvstore duration: 0ms channel=mychannel txID=34c090b3
2026-09-14T17:39:07.373572923Z [34m2026-09-14 17:39:07.373 UTC 0713 INFO[0m [endorser] [34;1mcallChaincode[0m -> finished chaincode: kvstore duration: 0ms channel=mychannel txID=c17d942d
2026-09-14T17:39:07.373591588Z [34m2026-09-14 17:39:07.373 UTC 0714 INFO[0m [comm.grpc.server] [34;1mfunc1[0m -> unary call completed grpc.service=protos.Endorser grpc.method=ProcessProposal grpc.request_deadline=2026-09-14T17:39:37.372Z grpc.peer_address=172.18.0.5:55100 grpc.peer_subject="CN=peer0.org1.example.com,L=San Francisco,ST=California,C=US" grpc.code=OK grpc.call_duration=745.893µs
2026-09-14T17:39:07.373635131Z [34m2026-09-14 17:39:07.373 UTC 0715 INFO[0m [comm.grpc.server] [34;1mfunc1[0m -> unary call completed grpc.service=protos.Endorser grpc.method=ProcessProposal grpc.request_deadline=2026-09-14T17:39:37.372Z grpc.peer_address=172.18.0.5:55100 grpc.peer_subject="CN=peer0.org1.example.com,L=San Francisco,ST=California,C=US" grpc.code=OK grpc.call_duration=790.899µs
2026-09-14T17:39:07.413635059Z [34m2026-09-14 17:39:07.413 UTC 0716 INFO[0m [endorser] [34;1mcallChaincode[0m -> finished chaincode: kvstore duration: 0ms channel=mychannel txID=836749cc
2026-09-14T17:39:07.413686346Z [34m2026-09-14 17:39:07.413 UTC 0717 INFO[0m [endorser] [34;1mcallChaincode[0m -> finished chaincode: kvstore duration: 0ms channel=mychannel txID=8f8c8dcf
2026-09-14T17:39:07.413726121Z [34m2026-09-14 17:39:07.413 UTC 0718 INFO[0m [comm.grpc.server] [34;1mfunc1[0m -> unary call completed grpc.service=protos.Endorser grpc.method=ProcessProposal grpc.request_deadline=2026-09-14T17:39:37.412Z grpc.peer_address=172.18.0.5:55100 grpc.peer_subject="CN=peer0.org1.example.com,L=San Francisco,ST=California,C=US" grpc.code=OK grpc.call_duration=998.532µs
2026-09-14T17:39:07.413776567Z [34m2026-09-14 17:39:07.413 UTC 0719 INFO[0m [comm.grpc.server] [34;1mfunc1[0m -> unary call completed grpc.service=protos.Endorser grpc.method=ProcessProposal grpc.request_deadline=2026-09-14T17:39:37.412Z grpc.peer_address=172.18.0.5:55100 grpc.peer_subject="CN=peer0.org1.example.com,L=San Francisco,ST=California,C=US" grpc.code=OK grpc.call_duration=1.067352ms
2026-09-14T17:39:07.453625819Z [34m2026-09-14 17:39:07.453 UTC 071b INFO[0m [endorser] [34;1mcallChaincode[0m -> finished chaincode: kvstore duration: 0ms channel=mychannel txID=f92a70fe
2026-09-14T17:39:07.453659002Z [34m2026-09-14 17:39:07.453 UTC 071a INFO[0m [endorser] [34;1mcallChaincode[0m -> finished chaincode: kvstore duration: 0ms channel=mychannel txID=8c9d360f
2026-09-14T17:39:07.453699489Z [34m2026-09-14 17:39:07.453 UTC 071c INFO[0m [comm.grpc.server] [34;1mfunc1[0m -> unary call completed grpc.service=protos.Endorser grpc.method=ProcessProposal grpc.request_deadline=2026-09-14T17:39:37.452Z grpc.peer_address=172.18.0.5:55100 grpc.peer_subject="CN=peer0.org1.example.com,L=San Francisco,ST=California,C=US" grpc.code=OK grpc.call_duration=1.234659ms
2026-09-14T17:39:07.453725959Z [34m2026-09-14 17:39:07.453 UTC 071d INFO[0m [comm.grpc.server] [34;1mfunc1[0m -> unary call completed grpc.service=protos.Endorser grpc.method=ProcessProposal grpc.request_deadline=2026-09-14T17:39:37.452Z grpc.peer_address=172.18.0.5:55100 grpc.peer_subject="CN=peer0.org1.example.com,L=San Francisco,ST=California,C=US" grpc.code=OK grpc.call_duration=1.258514ms
2026-09-14T17:39:07.492955838Z [34m2026-09-14 17:39:07.492 UTC 071e INFO[0m [endorser] [34;1mcallChaincode[0m -> finished chaincode: kvstore duration: 0ms channel=mychannel txID=c07b502b
2026-09-14T17:39:07.492976267Z [34m2026-09-14 17:39:07.492 UTC 071f INFO[0m [endorser] [34;1mcallChaincode[0m -> finished chaincode: kvstore duration: 0ms channel=mychannel txID=0f77cf5a
2026-09-14T17:39:07.493053263Z [34m2026-09-14 17:39:07.492 UTC 0720 INFO[0m [comm.grpc.server] [34;1mfunc1[0m -> unary call completed grpc.service=protos.Endorser grpc.method=ProcessProposal grpc.request_deadline=2026-09-14T17:39:37.492Z grpc.peer_address=172.18.0.5:55100 grpc.peer_subject="CN=peer0.org1.example.com,L=San Francisco,ST=California,C=US" grpc.code=OK grpc.call_duration=893.322µs
2026-09-14T17:39:07.493068642Z [34m2026-09-14 17:39:07.493 UTC 0721 INFO[0m [comm.grpc.server] [34;1mfunc1[0m -> unary call completed grpc.service=protos.Endorser grpc.method=ProcessProposal grpc.request_deadline=2026-09-14T17:39:37.492Z grpc.peer_address=172.18.0.5:55100 grpc.peer_subject="CN=peer0.org1.example.com,L=San Francisco,ST=California,C=US" grpc.code=OK grpc.call_duration=924.281µs
2026-09-14T17:39:07.533471483Z [34m2026-09-14 17:39:07.533 UTC 0722 INFO[0m [endorser] [34;1mcallChaincode[0m -> finished chaincode: kvstore duration: 0ms channel=mychannel txID=39de2c42
2026-09-14T17:39:07.533483155Z [34m2026-09-14 17:39:07.533 UTC 0723 INFO[0m [endorser] [34;1mcallChaincode[0m -> finished chaincode: kvstore duration: 0ms channel=mychannel txID=db4e8c86
2026-09-14T17:39:07.533536667Z [34m2026-09-14 17:39:07.533 UTC 0724 INFO[0m [comm.grpc.server] [34;1mfunc1[0m -> unary call completed grpc.service=protos.Endorser grpc.method=ProcessProposal grpc.request_deadline=2026-09-14T17:39:37.532Z grpc.peer_address=172.18.0.5:55100 grpc.peer_subject="CN=peer0.org1.example.com,L=San Francisco,ST=California,C=US" grpc.code=OK grpc.call_duration=718.291µs
2026-09-14T17:39:07.533548379Z [34m2026-09-14 17:39:07.533 UTC 0725 INFO[0m [comm.grpc.server] [34;1mfunc1[0m -> unary call completed grpc.service=protos.Endorser grpc.method=ProcessProposal grpc.request_deadline=2026-09-14T17:39:37.532Z grpc.peer_address=172.18.0.5:55100 grpc.peer_subject="CN=peer0.org1.example.com,L=San Francisco,ST=California,C=US" grpc.code=OK grpc.call_duration=791.289µs
2026-09-14T17:39:07.573750159Z [34m2026-09-14 17:39:07.573 UTC 0726 INFO[0m [endorser] [34;1mcallChaincode[0m -> finished chaincode: kvstore duration: 0ms channel=mychannel txID=98b1a66b
2026-09-14T17:39:07.573763895Z [34m2026-09-14 17:39:07.573 UTC 0727 INFO[0m [endorser] [34;1mcallChaincode[0m -> finished chaincode: kvstore duration: 0ms channel=mychannel txID=243ca522
2026-09-14T17:39:07.573819941Z [34m2026-09-14 17:39:07.573 UTC 0728 INFO[0m [comm.grpc.server] [34;1mfunc1[0m -> unary call completed grpc.service=protos.Endorser grpc.method=ProcessProposal grpc.request_deadline=2026-09-14T17:39:37.572Z grpc.peer_address=172.18.0.5:55100 grpc.peer_subject="CN=peer0.org1.example.com,L=San Francisco,ST=California,C=US" grpc.code=OK grpc.call_duration=908.772µs
2026-09-14T17:39:07.573828828Z [34m2026-09-14 17:39:07.573 UTC 0729 INFO[0m [comm.grpc.server] [34;1mfunc1[0m -> unary call completed grpc.service=protos.Endorser grpc.method=ProcessProposal grpc.request_deadline=2026-09-14T17:39:37.572Z grpc.peer_address=172.18.0.5:55100 grpc.peer_subject="CN=peer0.org1.example.com,L=San Francisco,ST=California,C=US" grpc.code=OK grpc.call_duration=914.222µs
2026-09-14T17:39:07.613787298Z [34m2026-09-14 17:39:07.613 UTC 072a INFO[0m [endorser] [34;1mcallChaincode[0m -> finished chaincode: kvstore duration: 0ms channel=mychannel txID=a61338cf
2026-09-14T17:39:07.613810341Z [34m2026-09-14 17:39:07.613 UTC 072b INFO[0m [endorser] [34;1mcallChaincode[0m -> finished chaincode: kvstore duration: 0ms channel=mychannel txID=421d5475
2026-09-14T17:39:07.613888770Z [34m2026-09-14 17:39:07.613 UTC 072c INFO[0m [comm.grpc.server] [34;1mfunc1[0m -> unary call completed grpc.service=protos.Endorser grpc.method=ProcessProposal grpc.request_deadline=2026-09-14T17:39:37.612Z grpc.peer_address=172.18.0.5:55100 grpc.peer_subject="CN=peer0.org1.example.com,L=San Francisco,ST=California,C=US" grpc.code=OK grpc.call_duration=1.037736ms
2026-09-14T17:39:07.613899280Z [34m2026-09-14 17:39:07.613 UTC 072d INFO[0m [comm.grpc.server] [34;1mfunc1[0m -> unary call completed grpc.service=protos.Endorser grpc.method=ProcessProposal grpc.request_deadline=2026-09-14T17:39:37.612Z grpc.peer_address=172.18.0.5:55100 grpc.peer_subject="CN=peer0.org1.example.com,L=San Francisco,ST=California,C=US" grpc.code=OK grpc.call_duration=1.027787ms
2026-09-14T17:39:07.654176804Z [34m2026-09-14 17:39:07.654 UTC 072e INFO[0m [endorser] [34;1mcallChaincode[0m -> finished chaincode: kvstore duration: 0ms channel=mychannel txID=acb23fea
2026-09-14T17:39:07.654195038Z [34m2026-09-14 17:39:07.654 UTC 072f INFO[0m [endorser] [34;1mcallChaincode[0m -> finished chaincode: kvstore duration: 0ms channel=mychannel txID=a00ace9a
2026-09-14T17:39:07.654253970Z [34m2026-09-14 17:39:07.654 UTC 0730 INFO[0m [comm.grpc.server] [34;1mfunc1[0m -> unary call completed grpc.service=protos.Endorser grpc.method=ProcessProposal grpc.request_deadline=2026-09-14T17:39:37.653Z grpc.peer_address=172.18.0.5:55100 grpc.peer_subject="CN=peer0.org1.example.com,L=San Francisco,ST=California,C=US" grpc.code=OK grpc.call_duration=1.089024ms
2026-09-14T17:39:07.654278106Z [34m2026-09-14 17:39:07.654 UTC 0731 INFO[0m [comm.grpc.server] [34;1mfunc1[0m -> unary call completed grpc.service=protos.Endorser grpc.method=ProcessProposal grpc.request_deadline=2026-09-14T17:39:37.653Z grpc.peer_address=172.18.0.5:55100 grpc.peer_subject="CN=peer0.org1.example.com,L=San Francisco,ST=California,C=US" grpc.code=OK grpc.call_duration=1.081529ms
2026-09-14T17:39:07.693840896Z [34m2026-09-14 17:39:07.693 UTC 0732 INFO[0m [endorser] [34;1mcallChaincode[0m -> finished chaincode: kvstore duration: 0ms channel=mychannel txID=4c8f1aec
2026-09-14T17:39:07.693856806Z [34m2026-09-14 17:39:07.693 UTC 0733 INFO[0m [endorser] [34;1mcallChaincode[0m -> finished chaincode: kvstore duration: 0ms channel=mychannel txID=5a420f09
2026-09-14T17:39:07.693893986Z [34m2026-09-14 17:39:07.693 UTC 0734 INFO[0m [comm.grpc.server] [34;1mfunc1[0m -> unary call completed grpc.service=protos.Endorser grpc.method=ProcessProposal grpc.request_deadline=2026-09-14T17:39:37.692Z grpc.peer_address=172.18.0.5:55100 grpc.peer_subject="CN=peer0.org1.example.com,L=San Francisco,ST=California,C=US" grpc.code=OK grpc.call_duration=810.866µs
2026-09-14T17:39:07.693925235Z [34m2026-09-14 17:39:07.693 UTC 0735 INFO[0m [comm.grpc.server] [34;1mfunc1[0m -> unary call completed grpc.service=protos.Endorser grpc.method=ProcessProposal grpc.request_deadline=2026-09-14T17:39:37.693Z grpc.peer_address=172.18.0.5:55100 grpc.peer_subject="CN=peer0.org1.example.com,L=San Francisco,ST=California,C=US" grpc.code=OK grpc.call_duration=810.926µs
2026-09-14T17:39:07.734075679Z [34m2026-09-14 17:39:07.734 UTC 0736 INFO[0m [endorser] [34;1mcallChaincode[0m -> finished chaincode: kvstore duration: 0ms channel=mychannel txID=bbf59896
2026-09-14T17:39:07.734087611Z [34m2026-09-14 17:39:07.734 UTC 0737 INFO[0m [endorser] [34;1mcallChaincode[0m -> finished chaincode: kvstore duration: 0ms channel=mychannel txID=dac507d1
2026-09-14T17:39:07.734146262Z [34m2026-09-14 17:39:07.734 UTC 0738 INFO[0m [comm.grpc.server] [34;1mfunc1[0m -> unary call completed grpc.service=protos.Endorser grpc.method=ProcessProposal grpc.request_deadline=2026-09-14T17:39:37.733Z grpc.peer_address=172.18.0.5:55100 grpc.peer_subject="CN=peer0.org1.example.com,L=San Francisco,ST=California,C=US" grpc.code=OK grpc.call_duration=928.609µs
2026-09-14T17:39:07.734180387Z [34m2026-09-14 17:39:07.734 UTC 0739 INFO[0m [comm.grpc.server] [34;1mfunc1[0m -> unary call completed grpc.service=protos.Endorser grpc.method=ProcessProposal grpc.request_deadline=2026-09-14T17:39:37.733Z grpc.peer_address=172.18.0.5:55100 grpc.peer_subject="CN=peer0.org1.example.com,L=San Francisco,ST=California,C=US" grpc.code=OK grpc.call_duration=999.253µs
2026-09-14T17:39:07.773624432Z [34m2026-09-14 17:39:07.773 UTC 073a INFO[0m [endorser] [34;1mcallChaincode[0m -> finished chaincode: kvstore duration: 0ms channel=mychannel txID=d669a8c1
2026-09-14T17:39:07.773637046Z [34m2026-09-14 17:39:07.773 UTC 073b INFO[0m [endorser] [34;1mcallChaincode[0m -> finished chaincode: kvstore duration: 0ms channel=mychannel txID=f81af7d4
2026-09-14T17:39:07.773693362Z [34m2026-09-14 17:39:07.773 UTC 073c INFO[0m [comm.grpc.server] [34;1mfunc1[0m -> unary call completed grpc.service=protos.Endorser grpc.method=ProcessProposal grpc.request_deadline=2026-09-14T17:39:37.772Z grpc.peer_address=172.18.0.5:55100 grpc.peer_subject="CN=peer0.org1.example.com,L=San Francisco,ST=California,C=US" grpc.code=OK grpc.call_duration=870.329µs
2026-09-14T17:39:07.773718660Z [34m2026-09-14 17:39:07.773 UTC 073d INFO[0m [comm.grpc.server] [34;1mfunc1[0m -> unary call completed grpc.service=protos.Endorser grpc.method=ProcessProposal grpc.request_deadline=2026-09-14T17:39:37.772Z grpc.peer_address=172.18.0.5:55100 grpc.peer_subject="CN=peer0.org1.example.com,L=San Francisco,ST=California,C=US" grpc.code=OK grpc.call_duration=859.989µs
2026-09-14T17:39:07.812534645Z [34m2026-09-14 17:39:07.812 UTC 073f INFO[0m [endorser] [34;1mcallChaincode[0m -> finished chaincode: kvstore duration: 0ms channel=mychannel txID=153b7a0b
2026-09-14T17:39:07.812557619Z [34m2026-09-14 17:39:07.812 UTC 073e INFO[0m [endorser] [34;1mcallChaincode[0m -> finished chaincode: kvstore duration: 0ms channel=mychannel txID=bb50b030
2026-09-14T17:39:07.812567377Z [34m2026-09-14 17:39:07.812 UTC 0740 INFO[0m [comm.grpc.server] [34;1mfunc1[0m -> unary call completed grpc.service=protos.Endorser grpc.method=ProcessProposal grpc.request_deadline=2026-09-14T17:39:37.811Z grpc.peer_address=172.18.0.5:55100 grpc.peer_subject="CN=peer0.org1.example.com,L=San Francisco,ST=California,C=US" grpc.code=OK grpc.call_duration=739.261µs
2026-09-14T17:39:07.812620067Z [34m2026-09-14 17:39:07.812 UTC 0741 INFO[0m [comm.grpc.server] [34;1mfunc1[0m -> unary call completed grpc.service=protos.Endorser grpc.method=ProcessProposal grpc.request_deadline=2026-09-14T17:39:37.811Z grpc.peer_address=172.18.0.5:55100 grpc.peer_subject="CN=peer0.org1.example.com,L=San Francisco,ST=California,C=US" grpc.code=OK grpc.call_duration=777.693µs
2026-09-14T17:39:07.853353876Z [34m2026-09-14 17:39:07.853 UTC 0742 INFO[0m [endorser] [34;1mcallChaincode[0m -> finished chaincode: kvstore duration: 0ms channel=mychannel txID=b3fb585a
2026-09-14T17:39:07.853366059Z [34m2026-09-14 17:39:07.853 UTC 0743 INFO[0m [endorser] [34;1mcallChaincode[0m -> finished chaincode: kvstore duration: 0ms channel=mychannel txID=f4597116
2026-09-14T17:39:07.853411024Z [34m2026-09-14 17:39:07.853 UTC 0744 INFO[0m [comm.grpc.server] [34;1mfunc1[0m -> unary call completed grpc.service=protos.Endorser grpc.method=ProcessProposal grpc.request_deadline=2026-09-14T17:39:37.852Z grpc.peer_address=172.18.0.5:55100 grpc.peer_subject="CN=peer0.org1.example.com,L=San Francisco,ST=California,C=US" grpc.code=OK grpc.call_duration=1.003692ms
2026-09-14T17:39:07.853433577Z [34m2026-09-14 17:39:07.853 UTC 0745 INFO[0m [comm.grpc.server] [34;1mfunc1[0m -> unary call completed grpc.service=protos.Endorser grpc.method=ProcessProposal grpc.request_deadline=2026-09-14T17:39:37.852Z grpc.peer_address=172.18.0.5:55100 grpc.peer_subject="CN=peer0.org1.example.com,L=San Francisco,ST=California,C=US" grpc.code=OK grpc.call_duration=1.0446ms
2026-09-14T17:39:07.893512314Z [34m2026-09-14 17:39:07.893 UTC 0746 INFO[0m [endorser] [34;1mcallChaincode[0m -> finished chaincode: kvstore duration: 0ms channel=mychannel txID=a1822942
2026-09-14T17:39:07.893573350Z [34m2026-09-14 17:39:07.893 UTC 0747 INFO[0m [endorser] [34;1mcallChaincode[0m -> finished chaincode: kvstore duration: 0ms channel=mychannel txID=5977dc60
2026-09-14T17:39:07.893629025Z [34m2026-09-14 17:39:07.893 UTC 0748 INFO[0m [comm.grpc.server] [34;1mfunc1[0m -> unary call completed grpc.service=protos.Endorser grpc.method=ProcessProposal grpc.request_deadline=2026-09-14T17:39:37.892Z grpc.peer_address=172.18.0.5:55100 grpc.peer_subject="CN=peer0.org1.example.com,L=San Francisco,ST=California,C=US" grpc.code=OK grpc.call_duration=894.364µs
2026-09-14T17:39:07.893673490Z [34m2026-09-14 17:39:07.893 UTC 0749 INFO[0m [comm.grpc.server] [34;1mfunc1[0m -> unary call completed grpc.service=protos.Endorser grpc.method=ProcessProposal grpc.request_deadline=2026-09-14T17:39:37.892Z grpc.peer_address=172.18.0.5:55100 grpc.peer_subject="CN=peer0.org1.example.com,L=San Francisco,ST=California,C=US" grpc.code=OK grpc.call_duration=925.553µs
2026-09-14T17:39:07.933639603Z [34m2026-09-14 17:39:07.933 UTC 074a INFO[0m [endorser] [34;1mcallChaincode[0m -> finished chaincode: kvstore duration: 0ms channel=mychannel txID=281e9662
2026-09-14T17:39:07.933656626Z [34m2026-09-14 17:39:07.933 UTC 074b INFO[0m [endorser] [34;1mcallChaincode[0m -> finished chaincode: kvstore duration: 0ms channel=mychannel txID=d5024acd
2026-09-14T17:39:07.933696722Z [34m2026-09-14 17:39:07.933 UTC 074c INFO[0m [comm.grpc.server] [34;1mfunc1[0m -> unary call completed grpc.service=protos.Endorser grpc.method=ProcessProposal grpc.request_deadline=2026-09-14T17:39:37.932Z grpc.peer_address=172.18.0.5:55100 grpc.peer_subject="CN=peer0.org1.example.com,L=San Francisco,ST=California,C=US" grpc.code=OK grpc.call_duration=884.766µs
2026-09-14T17:39:07.933725737Z [34m2026-09-14 17:39:07.933 UTC 074d INFO[0m [comm.grpc.server] [34;1mfunc1[0m -> unary call completed grpc.service=protos.Endorser grpc.method=ProcessProposal grpc.request_deadline=2026-09-14T17:39:37.932Z grpc.peer_address=172.18.0.5:55100 grpc.peer_subject="CN=peer0.org1.example.com,L=San Francisco,ST=California,C=US" grpc.code=OK grpc.call_duration=908.422µs
2026-09-14T17:39:07.973953526Z [34m2026-09-14 17:39:07.973 UTC 074e INFO[0m [endorser] [34;1mcallChaincode[0m -> finished chaincode: kvstore duration: 0ms channel=mychannel txID=e891b402
2026-09-14T17:39:07.973970118Z [34m2026-09-14 17:39:07.973 UTC 074f INFO[0m [endorser] [34;1mcallChaincode[0m -> finished chaincode: kvstore duration: 0ms channel=mychannel txID=047db404
2026-09-14T17:39:07.974002038Z [34m2026-09-14 17:39:07.973 UTC 0750 INFO[0m [comm.grpc.server] [34;1mfunc1[0m -> unary call completed grpc.service=protos.Endorser grpc.method=ProcessProposal grpc.request_deadline=2026-09-14T17:39:37.973Z grpc.peer_address=172.18.0.5:55100 grpc.peer_subject="CN=peer0.org1.example.com,L=San Francisco,ST=California,C=US" grpc.code=OK grpc.call_duration=829.922µs
2026-09-14T17:39:07.974010645Z [34m2026-09-14 17:39:07.973 UTC 0751 INFO[0m [comm.grpc.server] [34;1mfunc1[0m -> unary call completed grpc.service=protos.Endorser grpc.method=ProcessProposal grpc.request_deadline=2026-09-14T17:39:37.973Z grpc.peer_address=172.18.0.5:55100 grpc.peer_subject="CN=peer0.org1.example.com,L=San Francisco,ST=California,C=US" grpc.code=OK grpc.call_duration=806.618µs
2026-09-14T17:39:08.013185770Z [34m2026-09-14 17:39:08.013 UTC 0752 INFO[0m [endorser] [34;1mcallChaincode[0m -> finished chaincode: kvstore duration: 0ms channel=mychannel txID=5854e99f
2026-09-14T17:39:08.013203083Z [34m2026-09-14 17:39:08.013 UTC 0753 INFO[0m [endorser] [34;1mcallChaincode[0m -> finished chaincode: kvstore duration: 0ms channel=mychannel txID=7036fe1a
2026-09-14T17:39:08.013238650Z [34m2026-09-14 17:39:08.013 UTC 0754 INFO[0m [comm.grpc.server] [34;1mfunc1[0m -> unary call completed grpc.service=protos.Endorser grpc.method=ProcessProposal grpc.request_deadline=2026-09-14T17:39:38.012Z grpc.peer_address=172.18.0.5:55100 grpc.peer_subject="CN=peer0.org1.example.com,L=San Francisco,ST=California,C=US" grpc.code=OK grpc.call_duration=759.76µs
2026-09-14T17:39:08.013249060Z [34m2026-09-14 17:39:08.013 UTC 0755 INFO[0m [comm.grpc.server] [34;1mfunc1[0m -> unary call completed grpc.service=protos.Endorser grpc.method=ProcessProposal grpc.request_deadline=2026-09-14T17:39:38.012Z grpc.peer_address=172.18.0.5:55100 grpc.peer_subject="CN=peer0.org1.example.com,L=San Francisco,ST=California,C=US" grpc.code=OK grpc.call_duration=749.23µs
2026-09-14T17:39:08.053765296Z [34m2026-09-14 17:39:08.053 UTC 0757 INFO[0m [endorser] [34;1mcallChaincode[0m -> finished chaincode: kvstore duration: 0ms channel=mychannel txID=e71d6757
2026-09-14T17:39:08.053780355Z [34m2026-09-14 17:39:08.053 UTC 0756 INFO[0m [endorser] [34;1mcallChaincode[0m -> finished chaincode: kvstore duration: 0ms channel=mychannel txID=8eaa7c52
2026-09-14T17:39:08.053835309Z [34m2026-09-14 17:39:08.053 UTC 0759 INFO[0m [comm.grpc.server] [34;1mfunc1[0m -> unary call completed grpc.service=protos.Endorser grpc.method=ProcessProposal grpc.request_deadline=2026-09-14T17:39:38.052Z grpc.peer_address=172.18.0.5:55100 grpc.peer_subject="CN=peer0.org1.example.com,L=San Francisco,ST=California,C=US" grpc.code=OK grpc.call_duration=874.357µs
2026-09-14T17:39:08.053847893Z [34m2026-09-14 17:39:08.053 UTC 0758 INFO[0m [comm.grpc.server] [34;1mfunc1[0m -> unary call completed grpc.service=protos.Endorser grpc.method=ProcessProposal grpc.request_deadline=2026-09-14T17:39:38.052Z grpc.peer_address=172.18.0.5:55100 grpc.peer_subject="CN=peer0.org1.example.com,L=San Francisco,ST=California,C=US" grpc.code=OK grpc.call_duration=874.006µs
2026-09-14T17:39:08.072092802Z [34m2026-09-14 17:39:08.072 UTC 075a INFO[0m [gossip.privdata] [34;1mStoreBlock[0m -> Received block [20] from buffer channel=mychannel
2026-09-14T17:39:08.081261003Z [34m2026-09-14 17:39:08.081 UTC 075b INFO[0m [committer.txvalidator] [34;1mValidate[0m -> [mychannel] Validated block [20] in 9ms
2026-09-14T17:39:08.136797308Z [34m2026-09-14 17:39:08.136 UTC 075c INFO[0m [kvledger] [34;1mcommit[0m -> [mychannel] Committed block [20] with 52 transaction(s) in 55ms (state_validation=0ms block_and_pvtdata_commit=32ms state_commit=15ms) commitHash=[25a932f2cc7fd73a1a6d82c91a35a4e69a16983493a1f0236711ec93d33753bd]
2026-09-14T17:39:08.137635566Z [34m2026-09-14 17:39:08.137 UTC 075d INFO[0m [endorser] [34;1mcallChaincode[0m -> finished chaincode: kvstore duration: 0ms channel=mychannel txID=f2c4775e
2026-09-14T17:39:08.137653430Z [34m2026-09-14 17:39:08.137 UTC 075e INFO[0m [endorser] [34;1mcallChaincode[0m -> finished chaincode: kvstore duration: 0ms channel=mychannel txID=becc7013
2026-09-14T17:39:08.137752097Z [34m2026-09-14 17:39:08.137 UTC 075f INFO[0m [comm.grpc.server] [34;1mfunc1[0m -> unary call completed grpc.service=protos.Endorser grpc.method=ProcessProposal grpc.request_deadline=2026-09-14T17:39:38.132Z grpc.peer_address=172.18.0.5:55100 grpc.peer_subject="CN=peer0.org1.example.com,L=San Francisco,ST=California,C=US" grpc.code=OK grpc.call_duration=5.241781ms
2026-09-14T17:39:08.137770883Z [34m2026-09-14 17:39:08.137 UTC 0760 INFO[0m [comm.grpc.server] [34;1mfunc1[0m -> unary call completed grpc.service=protos.Endorser grpc.method=ProcessProposal grpc.request_deadline=2026-09-14T17:39:38.126Z grpc.peer_address=172.18.0.5:55100 grpc.peer_subject="CN=peer0.org1.example.com,L=San Francisco,ST=California,C=US" grpc.code=OK grpc.call_duration=11.412203ms
2026-09-14T17:39:08.137866393Z [34m2026-09-14 17:39:08.137 UTC 0761 INFO[0m [endorser] [34;1mcallChaincode[0m -> finished chaincode: kvstore duration: 0ms channel=mychannel txID=6721e14d
2026-09-14T17:39:08.137894196Z [34m2026-09-14 17:39:08.137 UTC 0762 INFO[0m [endorser] [34;1mcallChaincode[0m -> finished chaincode: kvstore duration: 0ms channel=mychannel txID=4f62c930
2026-09-14T17:39:08.137964580Z [34m2026-09-14 17:39:08.137 UTC 0763 INFO[0m [comm.grpc.server] [34;1mfunc1[0m -> unary call completed grpc.service=protos.Endorser grpc.method=ProcessProposal grpc.request_deadline=2026-09-14T17:39:38.132Z grpc.peer_address=172.18.0.5:55100 grpc.peer_subject="CN=peer0.org1.example.com,L=San Francisco,ST=California,C=US" grpc.code=OK grpc.call_duration=5.529697ms
2026-09-14T17:39:08.138017720Z [34m2026-09-14 17:39:08.137 UTC 0764 INFO[0m [comm.grpc.server] [34;1mfunc1[0m -> unary call completed grpc.service=protos.Endorser grpc.method=ProcessProposal grpc.request_deadline=2026-09-14T17:39:38.126Z grpc.peer_address=172.18.0.5:55100 grpc.peer_subject="CN=peer0.org1.example.com,L=San Francisco,ST=California,C=US" grpc.code=OK grpc.call_duration=11.65847ms
2026-09-14T17:39:08.173429856Z [34m2026-09-14 17:39:08.173 UTC 0765 INFO[0m [endorser] [34;1mcallChaincode[0m -> finished chaincode: kvstore duration: 0ms channel=mychannel txID=01052b5d
2026-09-14T17:39:08.173443732Z [34m2026-09-14 17:39:08.173 UTC 0766 INFO[0m [endorser] [34;1mcallChaincode[0m -> finished chaincode: kvstore duration: 0ms channel=mychannel txID=e24d5cff
2026-09-14T17:39:08.173488367Z [34m2026-09-14 17:39:08.173 UTC 0767 INFO[0m [comm.grpc.server] [34;1mfunc1[0m -> unary call completed grpc.service=protos.Endorser grpc.method=ProcessProposal grpc.request_deadline=2026-09-14T17:39:38.172Z grpc.peer_address=172.18.0.5:55100 grpc.peer_subject="CN=peer0.org1.example.com,L=San Francisco,ST=California,C=US" grpc.code=OK grpc.call_duration=770.47µs
2026-09-14T17:39:08.173497023Z [34m2026-09-14 17:39:08.173 UTC 0768 INFO[0m [comm.grpc.server] [34;1mfunc1[0m -> unary call completed grpc.service=protos.Endorser grpc.method=ProcessProposal grpc.request_deadline=2026-09-14T17:39:38.172Z grpc.peer_address=172.18.0.5:55100 grpc.peer_subject="CN=peer0.org1.example.com,L=San Francisco,ST=California,C=US" grpc.code=OK grpc.call_duration=823.43µs
2026-09-14T17:39:08.213519564Z [34m2026-09-14 17:39:08.213 UTC 0769 INFO[0m [endorser] [34;1mcallChaincode[0m -> finished chaincode: kvstore duration: 0ms channel=mychannel txID=1f1d48ba
2026-09-14T17:39:08.213589096Z [34m2026-09-14 17:39:08.213 UTC 076a INFO[0m [comm.grpc.server] [34;1mfunc1[0m -> unary call completed grpc.service=protos.Endorser grpc.method=ProcessProposal grpc.request_deadline=2026-09-14T17:39:38.212Z grpc.peer_address=172.18.0.5:55100 grpc.peer_subject="CN=peer0.org1.example.com,L=San Francisco,ST=California,C=US" grpc.code=OK grpc.call_duration=788.494µs
2026-09-14T17:39:08.213677413Z [34m2026-09-14 17:39:08.213 UTC 076b INFO[0m [endorser] [34;1mcallChaincode[0m -> finished chaincode: kvstore duration: 0ms channel=mychannel txID=4e76770d
2026-09-14T17:39:08.213775218Z [34m2026-09-14 17:39:08.213 UTC 076c INFO[0m [comm.grpc.server] [34;1mfunc1[0m -> unary call completed grpc.service=protos.Endorser grpc.method=ProcessProposal grpc.request_deadline=2026-09-14T17:39:38.212Z grpc.peer_address=172.18.0.5:55100 grpc.peer_subject="CN=peer0.org1.example.com,L=San Francisco,ST=California,C=US" grpc.code=OK grpc.call_duration=929.962µs
2026-09-14T17:39:08.252618795Z [34m2026-09-14 17:39:08.252 UTC 076d INFO[0m [endorser] [34;1mcallChaincode[0m -> finished chaincode: kvstore duration: 0ms channel=mychannel txID=fa3ac2bb
2026-09-14T17:39:08.252631529Z [34m2026-09-14 17:39:08.252 UTC 076e INFO[0m [endorser] [34;1mcallChaincode[0m -> finished chaincode: kvstore duration: 0ms channel=mychannel txID=eacbe9cd
2026-09-14T17:39:08.252683338Z [34m2026-09-14 17:39:08.252 UTC 076f INFO[0m [comm.grpc.server] [34;1mfunc1[0m -> unary call completed grpc.service=protos.Endorser grpc.method=ProcessProposal grpc.request_deadline=2026-09-14T17:39:38.251Z grpc.peer_address=172.18.0.5:55100 grpc.peer_subject="CN=peer0.org1.example.com,L=San Francisco,ST=California,C=US" grpc.code=OK grpc.call_duration=800.297µs
2026-09-14T17:39:08.252700049Z [34m2026-09-14 17:39:08.252 UTC 0770 INFO[0m [comm.grpc.server] [34;1mfunc1[0m -> unary call completed grpc.service=protos.Endorser grpc.method=ProcessProposal grpc.request_deadline=2026-09-14T17:39:38.251Z grpc.peer_address=172.18.0.5:55100 grpc.peer_subject="CN=peer0.org1.example.com,L=San Francisco,ST=California,C=US" grpc.code=OK grpc.call_duration=820.274µs
2026-09-14T17:39:08.292976782Z [34m2026-09-14 17:39:08.292 UTC 0771 INFO[0m [endorser] [34;1mcallChaincode[0m -> finished chaincode: kvstore duration: 0ms channel=mychannel txID=7c069c0e
2026-09-14T17:39:08.292991419Z [34m2026-09-14 17:39:08.292 UTC 0772 INFO[0m [endorser] [34;1mcallChaincode[0m -> finished chaincode: kvstore duration: 0ms channel=mychannel txID=5f6dd28f
2026-09-14T17:39:08.293041244Z [34m2026-09-14 17:39:08.292 UTC 0773 INFO[0m [comm.grpc.server] [34;1mfunc1[0m -> unary call completed grpc.service=protos.Endorser grpc.method=ProcessProposal grpc.request_deadline=2026-09-14T17:39:38.292Z grpc.peer_address=172.18.0.5:55100 grpc.peer_subject="CN=peer0.org1.example.com,L=San Francisco,ST=California,C=US" grpc.code=OK grpc.call_duration=832.948µs
2026-09-14T17:39:08.293051373Z [34m2026-09-14 17:39:08.292 UTC 0774 INFO[0m [comm.grpc.server] [34;1mfunc1[0m -> unary call completed grpc.service=protos.Endorser grpc.method=ProcessProposal grpc.request_deadline=2026-09-14T17:39:38.292Z grpc.peer_address=172.18.0.5:55100 grpc.peer_subject="CN=peer0.org1.example.com,L=San Francisco,ST=California,C=US" grpc.code=OK grpc.call_duration=850.311µs
2026-09-14T17:39:08.333367971Z [34m2026-09-14 17:39:08.333 UTC 0775 INFO[0m [endorser] [34;1mcallChaincode[0m -> finished chaincode: kvstore duration: 0ms channel=mychannel txID=eddfd083
2026-09-14T17:39:08.333395383Z [34m2026-09-14 17:39:08.333 UTC 0776 INFO[0m [endorser] [34;1mcallChaincode[0m -> finished chaincode: kvstore duration: 0ms channel=mychannel txID=9a7bd06e
2026-09-14T17:39:08.333433315Z [34m2026-09-14 17:39:08.333 UTC 0777 INFO[0m [comm.grpc.server] [34;1mfunc1[0m -> unary call completed grpc.service=protos.Endorser grpc.method=ProcessProposal grpc.request_deadline=2026-09-14T17:39:38.332Z grpc.peer_address=172.18.0.5:55100 grpc.peer_subject="CN=peer0.org1.example.com,L=San Francisco,ST=California,C=US" grpc.code=OK grpc.call_duration=856.473µs
2026-09-14T17:39:08.333454175Z [34m2026-09-14 17:39:08.333 UTC 0778 INFO[0m [comm.grpc.server] [34;1mfunc1[0m -> unary call completed grpc.service=protos.Endorser grpc.method=ProcessProposal grpc.request_deadline=2026-09-14T17:39:38.332Z grpc.peer_address=172.18.0.5:55100 grpc.peer_subject="CN=peer0.org1.example.com,L=San Francisco,ST=California,C=US" grpc.code=OK grpc.call_duration=884.155µs
2026-09-14T17:39:08.373941006Z [34m2026-09-14 17:39:08.373 UTC 0779 INFO[0m [endorser] [34;1mcallChaincode[0m -> finished chaincode: kvstore duration: 0ms channel=mychannel txID=98f27bf6
2026-09-14T17:39:08.373957417Z [34m2026-09-14 17:39:08.373 UTC 077a INFO[0m [endorser] [34;1mcallChaincode[0m -> finished chaincode: kvstore duration: 0ms channel=mychannel txID=0db6ed28
2026-09-14T17:39:08.374004536Z [34m2026-09-14 17:39:08.373 UTC 077b INFO[0m [comm.grpc.server] [34;1mfunc1[0m -> unary call completed grpc.service=protos.Endorser grpc.method=ProcessProposal grpc.request_deadline=2026-09-14T17:39:38.373Z grpc.peer_address=172.18.0.5:55100 grpc.peer_subject="CN=peer0.org1.example.com,L=San Francisco,ST=California,C=US" grpc.code=OK grpc.call_duration=814.142µs
2026-09-14T17:39:08.374019775Z [34m2026-09-14 17:39:08.373 UTC 077c INFO[0m [comm.grpc.server] [34;1mfunc1[0m -> unary call completed grpc.service=protos.Endorser grpc.method=ProcessProposal grpc.request_deadline=2026-09-14T17:39:38.373Z grpc.peer_address=172.18.0.5:55100 grpc.peer_subject="CN=peer0.org1.example.com,L=San Francisco,ST=California,C=US" grpc.code=OK grpc.call_duration=857.144µs
2026-09-14T17:39:08.413112234Z [34m2026-09-14 17:39:08.413 UTC 077e INFO[0m [endorser] [34;1mcallChaincode[0m -> finished chaincode: kvstore duration: 0ms channel=mychannel txID=a5a78565
2026-09-14T17:39:08.413161437Z [34m2026-09-14 17:39:08.413 UTC 077d INFO[0m [endorser] [34;1mcallChaincode[0m -> finished chaincode: kvstore duration: 0ms channel=mychannel txID=e543dd9a
2026-09-14T17:39:08.413199539Z [34m2026-09-14 17:39:08.413 UTC 077f INFO[0m [comm.grpc.server] [34;1mfunc1[0m -> unary call completed grpc.service=protos.Endorser grpc.method=ProcessProposal grpc.request_deadline=2026-09-14T17:39:38.412Z grpc.peer_address=172.18.0.5:55100 grpc.peer_subject="CN=peer0.org1.example.com,L=San Francisco,ST=California,C=US" grpc.code=OK grpc.call_duration=910.365µs
2026-09-14T17:39:08.413221060Z [34m2026-09-14 17:39:08.413 UTC 0780 INFO[0m [comm.grpc.server] [34;1mfunc1[0m -> unary call completed grpc.service=protos.Endorser grpc.method=ProcessProposal grpc.request_deadline=2026-09-14T17:39:38.412Z grpc.peer_address=172.18.0.5:55100 grpc.peer_subject="CN=peer0.org1.example.com,L=San Francisco,ST=California,C=US" grpc.code=OK grpc.call_duration=943.938µs
2026-09-14T17:39:08.453893312Z [34m2026-09-14 17:39:08.453 UTC 0781 INFO[0m [endorser] [34;1mcallChaincode[0m -> finished chaincode: kvstore duration: 0ms channel=mychannel txID=d2ba5130
2026-09-14T17:39:08.453937716Z [34m2026-09-14 17:39:08.453 UTC 0782 INFO[0m [endorser] [34;1mcallChaincode[0m -> finished chaincode: kvstore duration: 0ms channel=mychannel txID=1ef4aa9b
2026-09-14T17:39:08.453957473Z [34m2026-09-14 17:39:08.453 UTC 0783 INFO[0m [comm.grpc.server] [34;1mfunc1[0m -> unary call completed grpc.service=protos.Endorser grpc.method=ProcessProposal grpc.request_deadline=2026-09-14T17:39:38.452Z grpc.peer_address=172.18.0.5:55100 grpc.peer_subject="CN=peer0.org1.example.com,L=San Francisco,ST=California,C=US" grpc.code=OK grpc.call_duration=1.122096ms
2026-09-14T17:39:08.453995726Z [34m2026-09-14 17:39:08.453 UTC 0784 INFO[0m [comm.grpc.server] [34;1mfunc1[0m -> unary call completed grpc.service=protos.Endorser grpc.method=ProcessProposal grpc.request_deadline=2026-09-14T17:39:38.452Z grpc.peer_address=172.18.0.5:55100 grpc.peer_subject="CN=peer0.org1.example.com,L=San Francisco,ST=California,C=US" grpc.code=OK grpc.call_duration=1.163534ms
2026-09-14T17:39:08.493155031Z [34m2026-09-14 17:39:08.493 UTC 0785 INFO[0m [endorser] [34;1mcallChaincode[0m -> finished chaincode: kvstore duration: 0ms channel=mychannel txID=99b889e8
2026-09-14T17:39:08.493182623Z [34m2026-09-14 17:39:08.493 UTC 0786 INFO[0m [endorser] [34;1mcallChaincode[0m -> finished chaincode: kvstore duration: 0ms channel=mychannel txID=286f8c47
2026-09-14T17:39:08.493189366Z [34m2026-09-14 17:39:08.493 UTC 0787 INFO[0m [comm.grpc.server] [34;1mfunc1[0m -> unary call completed grpc.service=protos.Endorser grpc.method=ProcessProposal grpc.request_deadline=2026-09-14T17:39:38.492Z grpc.peer_address=172.18.0.5:55100 grpc.peer_subject="CN=peer0.org1.example.com,L=San Francisco,ST=California,C=US" grpc.code=OK grpc.call_duration=831.986µs
2026-09-14T17:39:08.493244601Z [34m2026-09-14 17:39:08.493 UTC 0788 INFO[0m [comm.grpc.server] [34;1mfunc1[0m -> unary call completed grpc.service=protos.Endorser grpc.method=ProcessProposal grpc.request_deadline=2026-09-14T17:39:38.492Z grpc.peer_address=172.18.0.5:55100 grpc.peer_subject="CN=peer0.org1.example.com,L=San Francisco,ST=California,C=US" grpc.code=OK grpc.call_duration=863.536µs
2026-09-14T17:39:08.533437865Z [34m2026-09-14 17:39:08.533 UTC 0789 INFO[0m [endorser] [34;1mcallChaincode[0m -> finished chaincode: kvstore duration: 0ms channel=mychannel txID=933726da
2026-09-14T17:39:08.533455528Z [34m2026-09-14 17:39:08.533 UTC 078a INFO[0m [endorser] [34;1mcallChaincode[0m -> finished chaincode: kvstore duration: 0ms channel=mychannel txID=545c1119
2026-09-14T17:39:08.533501766Z [34m2026-09-14 17:39:08.533 UTC 078b INFO[0m [comm.grpc.server] [34;1mfunc1[0m -> unary call completed grpc.service=protos.Endorser grpc.method=ProcessProposal grpc.request_deadline=2026-09-14T17:39:38.532Z grpc.peer_address=172.18.0.5:55100 grpc.peer_subject="CN=peer0.org1.example.com,L=San Francisco,ST=California,C=US" grpc.code=OK grpc.call_duration=866.903µs
2026-09-14T17:39:08.533590504Z [34m2026-09-14 17:39:08.533 UTC 078c INFO[0m [comm.grpc.server] [34;1mfunc1[0m -> unary call completed grpc.service=protos.Endorser grpc.method=ProcessProposal grpc.request_deadline=2026-09-14T17:39:38.532Z grpc.peer_address=172.18.0.5:55100 grpc.peer_subject="CN=peer0.org1.example.com,L=San Francisco,ST=California,C=US" grpc.code=OK grpc.call_duration=933.258µs
2026-09-14T17:39:08.573750536Z [34m2026-09-14 17:39:08.573 UTC 078d INFO[0m [endorser] [34;1mcallChaincode[0m -> finished chaincode: kvstore duration: 0ms channel=mychannel txID=3aae5ea5
2026-09-14T17:39:08.573858551Z [34m2026-09-14 17:39:08.573 UTC 078e INFO[0m [comm.grpc.server] [34;1mfunc1[0m -> unary call completed grpc.service=protos.Endorser grpc.method=ProcessProposal grpc.request_deadline=2026-09-14T17:39:38.572Z grpc.peer_address=172.18.0.5:55100 grpc.peer_subject="CN=peer0.org1.example.com,L=San Francisco,ST=California,C=US" grpc.code=OK grpc.call_duration=895.576µs
2026-09-14T17:39:08.574093396Z [34m2026-09-14 17:39:08.574 UTC 078f INFO[0m [endorser] [34;1mcallChaincode[0m -> finished chaincode: kvstore duration: 0ms channel=mychannel txID=32830f71
2026-09-14T17:39:08.574190720Z [34m2026-09-14 17:39:08.574 UTC 0790 INFO[0m [comm.grpc.server] [34;1mfunc1[0m -> unary call completed grpc.service=protos.Endorser grpc.method=ProcessProposal grpc.request_deadline=2026-09-14T17:39:38.572Z grpc.peer_address=172.18.0.5:55100 grpc.peer_subject="CN=peer0.org1.example.com,L=San Francisco,ST=California,C=US" grpc.code=OK grpc.call_duration=1.234829ms
2026-09-14T17:39:08.613813263Z [34m2026-09-14 17:39:08.613 UTC 0791 INFO[0m [endorser] [34;1mcallChaincode[0m -> finished chaincode: kvstore duration: 0ms channel=mychannel txID=260ff400
2026-09-14T17:39:08.613834213Z [34m2026-09-14 17:39:08.613 UTC 0792 INFO[0m [endorser] [34;1mcallChaincode[0m -> finished chaincode: kvstore duration: 0ms channel=mychannel txID=cd6ab71f
2026-09-14T17:39:08.613854101Z [34m2026-09-14 17:39:08.613 UTC 0793 INFO[0m [comm.grpc.server] [34;1mfunc1[0m -> unary call completed grpc.service=protos.Endorser grpc.method=ProcessProposal grpc.request_deadline=2026-09-14T17:39:38.612Z grpc.peer_address=172.18.0.5:55100 grpc.peer_subject="CN=peer0.org1.example.com,L=San Francisco,ST=California,C=US" grpc.code=OK grpc.call_duration=894.875µs
2026-09-14T17:39:08.613866504Z [34m2026-09-14 17:39:08.613 UTC 0794 INFO[0m [comm.grpc.server] [34;1mfunc1[0m -> unary call completed grpc.service=protos.Endorser grpc.method=ProcessProposal grpc.request_deadline=2026-09-14T17:39:38.612Z grpc.peer_address=172.18.0.5:55100 grpc.peer_subject="CN=peer0.org1.example.com,L=San Francisco,ST=California,C=US" grpc.code=OK grpc.call_duration=932.116µs
2026-09-14T17:39:08.653266285Z [34m2026-09-14 17:39:08.653 UTC 0795 INFO[0m [endorser] [34;1mcallChaincode[0m -> finished chaincode: kvstore duration: 0ms channel=mychannel txID=5e062d6b
2026-09-14T17:39:08.653282596Z [34m2026-09-14 17:39:08.653 UTC 0796 INFO[0m [endorser] [34;1mcallChaincode[0m -> finished chaincode: kvstore duration: 0ms channel=mychannel txID=00af169a
2026-09-14T17:39:08.653349152Z [34m2026-09-14 17:39:08.653 UTC 0797 INFO[0m [comm.grpc.server] [34;1mfunc1[0m -> unary call completed grpc.service=protos.Endorser grpc.method=ProcessProposal grpc.request_deadline=2026-09-14T17:39:38.652Z grpc.peer_address=172.18.0.5:55100 grpc.peer_subject="CN=peer0.org1.example.com,L=San Francisco,ST=California,C=US" grpc.code=OK grpc.call_duration=870.289µs
2026-09-14T17:39:08.653359071Z [34m2026-09-14 17:39:08.653 UTC 0798 INFO[0m [comm.grpc.server] [34;1mfunc1[0m -> unary call completed grpc.service=protos.Endorser grpc.method=ProcessProposal grpc.request_deadline=2026-09-14T17:39:38.652Z grpc.peer_address=172.18.0.5:55100 grpc.peer_subject="CN=peer0.org1.example.com,L=San Francisco,ST=California,C=US" grpc.code=OK grpc.call_duration=885.798µs
2026-09-14T17:39:08.693244663Z [34m2026-09-14 17:39:08.693 UTC 0799 INFO[0m [endorser] [34;1mcallChaincode[0m -> finished chaincode: kvstore duration: 0ms channel=mychannel txID=ed998b95
2026-09-14T17:39:08.693260313Z [34m2026-09-14 17:39:08.693 UTC 079a INFO[0m [endorser] [34;1mcallChaincode[0m -> finished chaincode: kvstore duration: 0ms channel=mychannel txID=581be020
2026-09-14T17:39:08.693341446Z [34m2026-09-14 17:39:08.693 UTC 079c INFO[0m [comm.grpc.server] [34;1mfunc1[0m -> unary call completed grpc.service=protos.Endorser grpc.method=ProcessProposal grpc.request_deadline=2026-09-14T17:39:38.692Z grpc.peer_address=172.18.0.5:55100 grpc.peer_subject="CN=peer0.org1.example.com,L=San Francisco,ST=California,C=US" grpc.code=OK grpc.call_duration=1.096318ms
2026-09-14T17:39:08.693411339Z [34m2026-09-14 17:39:08.693 UTC 079b INFO[0m [comm.grpc.server] [34;1mfunc1[0m -> unary call completed grpc.service=protos.Endorser grpc.method=ProcessProposal grpc.request_deadline=2026-09-14T17:39:38.692Z grpc.peer_address=172.18.0.5:55100 grpc.peer_subject="CN=peer0.org1.example.com,L=San Francisco,ST=California,C=US" grpc.code=OK grpc.call_duration=1.077381ms
2026-09-14T17:39:08.733570639Z [34m2026-09-14 17:39:08.733 UTC 079d INFO[0m [endorser] [34;1mcallChaincode[0m -> finished chaincode: kvstore duration: 0ms channel=mychannel txID=50df362d
2026-09-14T17:39:08.733587170Z [34m2026-09-14 17:39:08.733 UTC 079e INFO[0m [endorser] [34;1mcallChaincode[0m -> finished chaincode: kvstore duration: 0ms channel=mychannel txID=4085ae0b
2026-09-14T17:39:08.733633358Z [34m2026-09-14 17:39:08.733 UTC 079f INFO[0m [comm.grpc.server] [34;1mfunc1[0m -> unary call completed grpc.service=protos.Endorser grpc.method=ProcessProposal grpc.request_deadline=2026-09-14T17:39:38.732Z grpc.peer_address=172.18.0.5:55100 grpc.peer_subject="CN=peer0.org1.example.com,L=San Francisco,ST=California,C=US" grpc.code=OK grpc.call_duration=840.001µs
2026-09-14T17:39:08.733643757Z [34m2026-09-14 17:39:08.733 UTC 07a0 INFO[0m [comm.grpc.server] [34;1mfunc1[0m -> unary call completed grpc.service=protos.Endorser grpc.method=ProcessProposal grpc.request_deadline=2026-09-14T17:39:38.732Z grpc.peer_address=172.18.0.5:55100 grpc.peer_subject="CN=peer0.org1.example.com,L=San Francisco,ST=California,C=US" grpc.code=OK grpc.call_duration=834.111µs
2026-09-14T17:39:08.773510403Z [34m2026-09-14 17:39:08.773 UTC 07a1 INFO[0m [endorser] [34;1mcallChaincode[0m -> finished chaincode: kvstore duration: 0ms channel=mychannel txID=c985f12e
2026-09-14T17:39:08.773522747Z [34m2026-09-14 17:39:08.773 UTC 07a2 INFO[0m [endorser] [34;1mcallChaincode[0m -> finished chaincode: kvstore duration: 0ms channel=mychannel txID=7e8a2bc0
2026-09-14T17:39:08.773604211Z [34m2026-09-14 17:39:08.773 UTC 07a3 INFO[0m [comm.grpc.server] [34;1mfunc1[0m -> unary call completed grpc.service=protos.Endorser grpc.method=ProcessProposal grpc.request_deadline=2026-09-14T17:39:38.772Z grpc.peer_address=172.18.0.5:55100 grpc.peer_subject="CN=peer0.org1.example.com,L=San Francisco,ST=California,C=US" grpc.code=OK grpc.call_duration=743.339µs
2026-09-14T17:39:08.773609401Z [34m2026-09-14 17:39:08.773 UTC 07a4 INFO[0m [comm.grpc.server] [34;1mfunc1[0m -> unary call completed grpc.service=protos.Endorser grpc.method=ProcessProposal grpc.request_deadline=2026-09-14T17:39:38.772Z grpc.peer_address=172.18.0.5:55100 grpc.peer_subject="CN=peer0.org1.example.com,L=San Francisco,ST=California,C=US" grpc.code=OK grpc.call_duration=786.3µs
2026-09-14T17:39:08.813826330Z [34m2026-09-14 17:39:08.813 UTC 07a5 INFO[0m [endorser] [34;1mcallChaincode[0m -> finished chaincode: kvstore duration: 0ms channel=mychannel txID=7ae2618e
2026-09-14T17:39:08.813837421Z [34m2026-09-14 17:39:08.813 UTC 07a6 INFO[0m [endorser] [34;1mcallChaincode[0m -> finished chaincode: kvstore duration: 0ms channel=mychannel txID=c6ec9193
2026-09-14T17:39:08.813881765Z [34m2026-09-14 17:39:08.813 UTC 07a7 INFO[0m [comm.grpc.server] [34;1mfunc1[0m -> unary call completed grpc.service=protos.Endorser grpc.method=ProcessProposal grpc.request_deadline=2026-09-14T17:39:38.812Z grpc.peer_address=172.18.0.5:55100 grpc.peer_subject="CN=peer0.org1.example.com,L=San Francisco,ST=California,C=US" grpc.code=OK grpc.call_duration=899.564µs
2026-09-14T17:39:08.813921020Z [34m2026-09-14 17:39:08.813 UTC 07a8 INFO[0m [comm.grpc.server] [34;1mfunc1[0m -> unary call completed grpc.service=protos.Endorser grpc.method=ProcessProposal grpc.request_deadline=2026-09-14T17:39:38.812Z grpc.peer_address=172.18.0.5:55100 grpc.peer_subject="CN=peer0.org1.example.com,L=San Francisco,ST=California,C=US" grpc.code=OK grpc.call_duration=958.736µs
2026-09-14T17:39:08.853380694Z [34m2026-09-14 17:39:08.853 UTC 07a9 INFO[0m [endorser] [34;1mcallChaincode[0m -> finished chaincode: kvstore duration: 0ms channel=mychannel txID=ae9fc4e8
2026-09-14T17:39:08.853403788Z [34m2026-09-14 17:39:08.853 UTC 07aa INFO[0m [endorser] [34;1mcallChaincode[0m -> finished chaincode: kvstore duration: 0ms channel=mychannel txID=cc491855
2026-09-14T17:39:08.853431220Z [34m2026-09-14 17:39:08.853 UTC 07ab INFO[0m [comm.grpc.server] [34;1mfunc1[0m -> unary call completed grpc.service=protos.Endorser grpc.method=ProcessProposal grpc.request_deadline=2026-09-14T17:39:38.852Z grpc.peer_address=172.18.0.5:55100 grpc.peer_subject="CN=peer0.org1.example.com,L=San Francisco,ST=California,C=US" grpc.code=OK grpc.call_duration=849.209µs
2026-09-14T17:39:08.853458562Z [34m2026-09-14 17:39:08.853 UTC 07ac INFO[0m [comm.grpc.server] [34;1mfunc1[0m -> unary call completed grpc.service=protos.Endorser grpc.method=ProcessProposal grpc.request_deadline=2026-09-14T17:39:38.852Z grpc.peer_address=172.18.0.5:55100 grpc.peer_subject="CN=peer0.org1.example.com,L=San Francisco,ST=California,C=US" grpc.code=OK grpc.call_duration=821.486µs
2026-09-14T17:39:08.893413284Z [34m2026-09-14 17:39:08.893 UTC 07ad INFO[0m [endorser] [34;1mcallChaincode[0m -> finished chaincode: kvstore duration: 0ms channel=mychannel txID=4f2c5c94
2026-09-14T17:39:08.893430627Z [34m2026-09-14 17:39:08.893 UTC 07ae INFO[0m [endorser] [34;1mcallChaincode[0m -> finished chaincode: kvstore duration: 0ms channel=mychannel txID=542088fb
2026-09-14T17:39:08.893471144Z [34m2026-09-14 17:39:08.893 UTC 07af INFO[0m [comm.grpc.server] [34;1mfunc1[0m -> unary call completed grpc.service=protos.Endorser grpc.method=ProcessProposal grpc.request_deadline=2026-09-14T17:39:38.892Z grpc.peer_address=172.18.0.5:55100 grpc.peer_subject="CN=peer0.org1.example.com,L=San Francisco,ST=California,C=US" grpc.code=OK grpc.call_duration=815.164µs
2026-09-14T17:39:08.893490120Z [34m2026-09-14 17:39:08.893 UTC 07b0 INFO[0m [comm.grpc.server] [34;1mfunc1[0m -> unary call completed grpc.service=protos.Endorser grpc.method=ProcessProposal grpc.request_deadline=2026-09-14T17:39:38.892Z grpc.peer_address=172.18.0.5:55100 grpc.peer_subject="CN=peer0.org1.example.com,L=San Francisco,ST=California,C=US" grpc.code=OK grpc.call_duration=821.877µs
2026-09-14T17:39:08.933570561Z [34m2026-09-14 17:39:08.933 UTC 07b1 INFO[0m [endorser] [34;1mcallChaincode[0m -> finished chaincode: kvstore duration: 0ms channel=mychannel txID=0fac23d4
2026-09-14T17:39:08.933584307Z [34m2026-09-14 17:39:08.933 UTC 07b2 INFO[0m [endorser] [34;1mcallChaincode[0m -> finished chaincode: kvstore duration: 0ms channel=mychannel txID=ba9acace
2026-09-14T17:39:08.933626567Z [34m2026-09-14 17:39:08.933 UTC 07b3 INFO[0m [comm.grpc.server] [34;1mfunc1[0m -> unary call completed grpc.service=protos.Endorser grpc.method=ProcessProposal grpc.request_deadline=2026-09-14T17:39:38.932Z grpc.peer_address=172.18.0.5:55100 grpc.peer_subject="CN=peer0.org1.example.com,L=San Francisco,ST=California,C=US" grpc.code=OK grpc.call_duration=841.735µs
2026-09-14T17:39:08.933638840Z [34m2026-09-14 17:39:08.933 UTC 07b4 INFO[0m [comm.grpc.server] [34;1mfunc1[0m -> unary call completed grpc.service=protos.Endorser grpc.method=ProcessProposal grpc.request_deadline=2026-09-14T17:39:38.932Z grpc.peer_address=172.18.0.5:55100 grpc.peer_subject="CN=peer0.org1.example.com,L=San Francisco,ST=California,C=US" grpc.code=OK grpc.call_duration=848.718µs
2026-09-14T17:39:08.973680968Z [34m2026-09-14 17:39:08.973 UTC 07b5 INFO[0m [endorser] [34;1mcallChaincode[0m -> finished chaincode: kvstore duration: 0ms channel=mychannel txID=d3d4d343
2026-09-14T17:39:08.973698631Z [34m2026-09-14 17:39:08.973 UTC 07b6 INFO[0m [endorser] [34;1mcallChaincode[0m -> finished chaincode: kvstore duration: 0ms channel=mychannel txID=dd38e2f3
2026-09-14T17:39:08.973743236Z [34m2026-09-14 17:39:08.973 UTC 07b7 INFO[0m [comm.grpc.server] [34;1mfunc1[0m -> unary call completed grpc.service=protos.Endorser grpc.method=ProcessProposal grpc.request_deadline=2026-09-14T17:39:38.972Z grpc.peer_address=172.18.0.5:55100 grpc.peer_subject="CN=peer0.org1.example.com,L=San Francisco,ST=California,C=US" grpc.code=OK grpc.call_duration=899.264µs
2026-09-14T17:39:08.973791036Z [34m2026-09-14 17:39:08.973 UTC 07b8 INFO[0m [comm.grpc.server] [34;1mfunc1[0m -> unary call completed grpc.service=protos.Endorser grpc.method=ProcessProposal grpc.request_deadline=2026-09-14T17:39:38.972Z grpc.peer_address=172.18.0.5:55100 grpc.peer_subject="CN=peer0.org1.example.com,L=San Francisco,ST=California,C=US" grpc.code=OK grpc.call_duration=885.148µs
2026-09-14T17:39:09.013210184Z [34m2026-09-14 17:39:09.013 UTC 07b9 INFO[0m [endorser] [34;1mcallChaincode[0m -> finished chaincode: kvstore duration: 0ms channel=mychannel txID=7d3c7900
2026-09-14T17:39:09.013260560Z [34m2026-09-14 17:39:09.013 UTC 07ba INFO[0m [endorser] [34;1mcallChaincode[0m -> finished chaincode: kvstore duration: 0ms channel=mychannel txID=41944be8
2026-09-14T17:39:09.013277873Z [34m2026-09-14 17:39:09.013 UTC 07bb INFO[0m [comm.grpc.server] [34;1mfunc1[0m -> unary call completed grpc.service=protos.Endorser grpc.method=ProcessProposal grpc.request_deadline=2026-09-14T17:39:39.012Z grpc.peer_address=172.18.0.5:55100 grpc.peer_subject="CN=peer0.org1.example.com,L=San Francisco,ST=California,C=US" grpc.code=OK grpc.call_duration=971.791µs
2026-09-14T17:39:09.013327457Z [34m2026-09-14 17:39:09.013 UTC 07bc INFO[0m [comm.grpc.server] [34;1mfunc1[0m -> unary call completed grpc.service=protos.Endorser grpc.method=ProcessProposal grpc.request_deadline=2026-09-14T17:39:39.012Z grpc.peer_address=172.18.0.5:55100 grpc.peer_subject="CN=peer0.org1.example.com,L=San Francisco,ST=California,C=US" grpc.code=OK grpc.call_duration=1.037626ms
2026-09-14T17:39:09.053811582Z [34m2026-09-14 17:39:09.053 UTC 07bd INFO[0m [endorser] [34;1mcallChaincode[0m -> finished chaincode: kvstore duration: 0ms channel=mychannel txID=0e1f5e36
2026-09-14T17:39:09.053855786Z [34m2026-09-14 17:39:09.053 UTC 07be INFO[0m [endorser] [34;1mcallChaincode[0m -> finished chaincode: kvstore duration: 0ms channel=mychannel txID=f5e950b1
2026-09-14T17:39:09.053873720Z [34m2026-09-14 17:39:09.053 UTC 07bf INFO[0m [comm.grpc.server] [34;1mfunc1[0m -> unary call completed grpc.service=protos.Endorser grpc.method=ProcessProposal grpc.request_deadline=2026-09-14T17:39:39.052Z grpc.peer_address=172.18.0.5:55100 grpc.peer_subject="CN=peer0.org1.example.com,L=San Francisco,ST=California,C=US" grpc.code=OK grpc.call_duration=766.503µs
2026-09-14T17:39:09.053905180Z [34m2026-09-14 17:39:09.053 UTC 07c0 INFO[0m [comm.grpc.server] [34;1mfunc1[0m -> unary call completed grpc.service=protos.Endorser grpc.method=ProcessProposal grpc.request_deadline=2026-09-14T17:39:39.053Z grpc.peer_address=172.18.0.5:55100 grpc.peer_subject="CN=peer0.org1.example.com,L=San Francisco,ST=California,C=US" grpc.code=OK grpc.call_duration=811.819µs
2026-09-14T17:39:09.094145604Z [34m2026-09-14 17:39:09.094 UTC 07c1 INFO[0m [endorser] [34;1mcallChaincode[0m -> finished chaincode: kvstore duration: 0ms channel=mychannel txID=95d90e8b
2026-09-14T17:39:09.094162305Z [34m2026-09-14 17:39:09.094 UTC 07c2 INFO[0m [endorser] [34;1mcallChaincode[0m -> finished chaincode: kvstore duration: 0ms channel=mychannel txID=f183092f
2026-09-14T17:39:09.094200528Z [34m2026-09-14 17:39:09.094 UTC 07c4 INFO[0m [comm.grpc.server] [34;1mfunc1[0m -> unary call completed grpc.service=protos.Endorser grpc.method=ProcessProposal grpc.request_deadline=2026-09-14T17:39:39.093Z grpc.peer_address=172.18.0.5:55100 grpc.peer_subject="CN=peer0.org1.example.com,L=San Francisco,ST=California,C=US" grpc.code=OK grpc.call_duration=847.125µs
2026-09-14T17:39:09.094213582Z [34m2026-09-14 17:39:09.094 UTC 07c3 INFO[0m [comm.grpc.server] [34;1mfunc1[0m -> unary call completed grpc.service=protos.Endorser grpc.method=ProcessProposal grpc.request_deadline=2026-09-14T17:39:39.093Z grpc.peer_address=172.18.0.5:55100 grpc.peer_subject="CN=peer0.org1.example.com,L=San Francisco,ST=California,C=US" grpc.code=OK grpc.call_duration=847.155µs
2026-09-14T17:39:09.110663400Z [34m2026-09-14 17:39:09.110 UTC 07c5 INFO[0m [gossip.privdata] [34;1mStoreBlock[0m -> Received block [21] from buffer channel=mychannel
2026-09-14T17:39:09.126155724Z [34m2026-09-14 17:39:09.126 UTC 07c6 INFO[0m [committer.txvalidator] [34;1mValidate[0m -> [mychannel] Validated block [21] in 15ms
2026-09-14T17:39:09.183625282Z [34m2026-09-14 17:39:09.183 UTC 07c7 INFO[0m [kvledger] [34;1mcommit[0m -> [mychannel] Committed block [21] with 52 transaction(s) in 56ms (state_validation=0ms block_and_pvtdata_commit=33ms state_commit=11ms) commitHash=[8b0ba0e43e7f8baf1f599e3f4f3184d97846ae5d81aaa611f6b6a83ff0973e61]
2026-09-14T17:39:09.184559091Z [34m2026-09-14 17:39:09.184 UTC 07c8 INFO[0m [endorser] [34;1mcallChaincode[0m -> finished chaincode: kvstore duration: 0ms channel=mychannel txID=806337cf
2026-09-14T17:39:09.184575312Z [34m2026-09-14 17:39:09.184 UTC 07c9 INFO[0m [endorser] [34;1mcallChaincode[0m -> finished chaincode: kvstore duration: 0ms channel=mychannel txID=13545dbe
2026-09-14T17:39:09.184656165Z [34m2026-09-14 17:39:09.184 UTC 07ca INFO[0m [comm.grpc.server] [34;1mfunc1[0m -> unary call completed grpc.service=protos.Endorser grpc.method=ProcessProposal grpc.request_deadline=2026-09-14T17:39:39.133Z grpc.peer_address=172.18.0.5:55100 grpc.peer_subject="CN=peer0.org1.example.com,L=San Francisco,ST=California,C=US" grpc.code=OK grpc.call_duration=51.419846ms
2026-09-14T17:39:09.184678638Z [34m2026-09-14 17:39:09.184 UTC 07cb INFO[0m [comm.grpc.server] [34;1mfunc1[0m -> unary call completed grpc.service=protos.Endorser grpc.method=ProcessProposal grpc.request_deadline=2026-09-14T17:39:39.132Z grpc.peer_address=172.18.0.5:55100 grpc.peer_subject="CN=peer0.org1.example.com,L=San Francisco,ST=California,C=US" grpc.code=OK grpc.call_duration=51.647497ms
2026-09-14T17:39:09.191209462Z [34m2026-09-14 17:39:09.191 UTC 07cc INFO[0m [endorser] [34;1mcallChaincode[0m -> finished chaincode: kvstore duration: 0ms channel=mychannel txID=8ee12845
2026-09-14T17:39:09.191278943Z [34m2026-09-14 17:39:09.191 UTC 07cd INFO[0m [comm.grpc.server] [34;1mfunc1[0m -> unary call completed grpc.service=protos.Endorser grpc.method=ProcessProposal grpc.request_deadline=2026-09-14T17:39:39.19Z grpc.peer_address=172.18.0.5:55100 grpc.peer_subject="CN=peer0.org1.example.com,L=San Francisco,ST=California,C=US" grpc.code=OK grpc.call_duration=694.656µs
2026-09-14T17:39:09.191316174Z [34m2026-09-14 17:39:09.191 UTC 07ce INFO[0m [endorser] [34;1mcallChaincode[0m -> finished chaincode: kvstore duration: 0ms channel=mychannel txID=0fa47837
2026-09-14T17:39:09.191381648Z [34m2026-09-14 17:39:09.191 UTC 07cf INFO[0m [comm.grpc.server] [34;1mfunc1[0m -> unary call completed grpc.service=protos.Endorser grpc.method=ProcessProposal grpc.request_deadline=2026-09-14T17:39:39.19Z grpc.peer_address=172.18.0.5:55100 grpc.peer_subject="CN=peer0.org1.example.com,L=San Francisco,ST=California,C=US" grpc.code=OK grpc.call_duration=791.42µs
2026-09-14T17:39:09.213278637Z [34m2026-09-14 17:39:09.213 UTC 07d0 INFO[0m [endorser] [34;1mcallChaincode[0m -> finished chaincode: kvstore duration: 0ms channel=mychannel txID=817c90f6
2026-09-14T17:39:09.213289928Z [34m2026-09-14 17:39:09.213 UTC 07d1 INFO[0m [endorser] [34;1mcallChaincode[0m -> finished chaincode: kvstore duration: 0ms channel=mychannel txID=2ab25308
2026-09-14T17:39:09.213315817Z [34m2026-09-14 17:39:09.213 UTC 07d2 INFO[0m [comm.grpc.server] [34;1mfunc1[0m -> unary call completed grpc.service=protos.Endorser grpc.method=ProcessProposal grpc.request_deadline=2026-09-14T17:39:39.212Z grpc.peer_address=172.18.0.5:55100 grpc.peer_subject="CN=peer0.org1.example.com,L=San Francisco,ST=California,C=US" grpc.code=OK grpc.call_duration=935.853µs
2026-09-14T17:39:09.213357586Z [34m2026-09-14 17:39:09.213 UTC 07d3 INFO[0m [comm.grpc.server] [34;1mfunc1[0m -> unary call completed grpc.service=protos.Endorser grpc.method=ProcessProposal grpc.request_deadline=2026-09-14T17:39:39.212Z grpc.peer_address=172.18.0.5:55100 grpc.peer_subject="CN=peer0.org1.example.com,L=San Francisco,ST=California,C=US" grpc.code=OK grpc.call_duration=1.017227ms
2026-09-14T17:39:09.253666840Z [34m2026-09-14 17:39:09.253 UTC 07d4 INFO[0m [endorser] [34;1mcallChaincode[0m -> finished chaincode: kvstore duration: 0ms channel=mychannel txID=f14654f9
2026-09-14T17:39:09.253702378Z [34m2026-09-14 17:39:09.253 UTC 07d5 INFO[0m [endorser] [34;1mcallChaincode[0m -> finished chaincode: kvstore duration: 0ms channel=mychannel txID=40a69f15
2026-09-14T17:39:09.253719019Z [34m2026-09-14 17:39:09.253 UTC 07d6 INFO[0m [comm.grpc.server] [34;1mfunc1[0m -> unary call completed grpc.service=protos.Endorser grpc.method=ProcessProposal grpc.request_deadline=2026-09-14T17:39:39.252Z grpc.peer_address=172.18.0.5:55100 grpc.peer_subject="CN=peer0.org1.example.com,L=San Francisco,ST=California,C=US" grpc.code=OK grpc.call_duration=786.58µs
2026-09-14T17:39:09.253788651Z [34m2026-09-14 17:39:09.253 UTC 07d7 INFO[0m [comm.grpc.server] [34;1mfunc1[0m -> unary call completed grpc.service=protos.Endorser grpc.method=ProcessProposal grpc.request_deadline=2026-09-14T17:39:39.252Z grpc.peer_address=172.18.0.5:55100 grpc.peer_subject="CN=peer0.org1.example.com,L=San Francisco,ST=California,C=US" grpc.code=OK grpc.call_duration=837.617µs
2026-09-14T17:39:09.293240131Z [34m2026-09-14 17:39:09.293 UTC 07d8 INFO[0m [endorser] [34;1mcallChaincode[0m -> finished chaincode: kvstore duration: 0ms channel=mychannel txID=f76220a4
2026-09-14T17:39:09.293255830Z [34m2026-09-14 17:39:09.293 UTC 07d9 INFO[0m [endorser] [34;1mcallChaincode[0m -> finished chaincode: kvstore duration: 0ms channel=mychannel txID=48472a6a
2026-09-14T17:39:09.293292149Z [34m2026-09-14 17:39:09.293 UTC 07da INFO[0m [comm.grpc.server] [34;1mfunc1[0m -> unary call completed grpc.service=protos.Endorser grpc.method=ProcessProposal grpc.request_deadline=2026-09-14T17:39:39.292Z grpc.peer_address=172.18.0.5:55100 grpc.peer_subject="CN=peer0.org1.example.com,L=San Francisco,ST=California,C=US" grpc.code=OK grpc.call_duration=805.376µs
2026-09-14T17:39:09.293322326Z [34m2026-09-14 17:39:09.293 UTC 07db INFO[0m [comm.grpc.server] [34;1mfunc1[0m -> unary call completed grpc.service=protos.Endorser grpc.method=ProcessProposal grpc.request_deadline=2026-09-14T17:39:39.292Z grpc.peer_address=172.18.0.5:55100 grpc.peer_subject="CN=peer0.org1.example.com,L=San Francisco,ST=California,C=US" grpc.code=OK grpc.call_duration=841.685µs
2026-09-14T17:39:09.333330801Z [34m2026-09-14 17:39:09.333 UTC 07dc INFO[0m [endorser] [34;1mcallChaincode[0m -> finished chaincode: kvstore duration: 0ms channel=mychannel txID=66e37a7a
2026-09-14T17:39:09.333344467Z [34m2026-09-14 17:39:09.333 UTC 07dd INFO[0m [endorser] [34;1mcallChaincode[0m -> finished chaincode: kvstore duration: 0ms channel=mychannel txID=1b5bf489
2026-09-14T17:39:09.333383410Z [34m2026-09-14 17:39:09.333 UTC 07de INFO[0m [comm.grpc.server] [34;1mfunc1[0m -> unary call completed grpc.service=protos.Endorser grpc.method=ProcessProposal grpc.request_deadline=2026-09-14T17:39:39.332Z grpc.peer_address=172.18.0.5:55100 grpc.peer_subject="CN=peer0.org1.example.com,L=San Francisco,ST=California,C=US" grpc.code=OK grpc.call_duration=736.826µs
2026-09-14T17:39:09.333406815Z [34m2026-09-14 17:39:09.333 UTC 07df INFO[0m [comm.grpc.server] [34;1mfunc1[0m -> unary call completed grpc.service=protos.Endorser grpc.method=ProcessProposal grpc.request_deadline=2026-09-14T17:39:39.332Z grpc.peer_address=172.18.0.5:55100 grpc.peer_subject="CN=peer0.org1.example.com,L=San Francisco,ST=California,C=US" grpc.code=OK grpc.call_duration=761.583µs
2026-09-14T17:39:09.373418976Z [34m2026-09-14 17:39:09.373 UTC 07e0 INFO[0m [endorser] [34;1mcallChaincode[0m -> finished chaincode: kvstore duration: 0ms channel=mychannel txID=ca50c01b
2026-09-14T17:39:09.373454834Z [34m2026-09-14 17:39:09.373 UTC 07e1 INFO[0m [endorser] [34;1mcallChaincode[0m -> finished chaincode: kvstore duration: 0ms channel=mychannel txID=666591a9
2026-09-14T17:39:09.373470574Z [34m2026-09-14 17:39:09.373 UTC 07e2 INFO[0m [comm.grpc.server] [34;1mfunc1[0m -> unary call completed grpc.service=protos.Endorser grpc.method=ProcessProposal grpc.request_deadline=2026-09-14T17:39:39.372Z grpc.peer_address=172.18.0.5:55100 grpc.peer_subject="CN=peer0.org1.example.com,L=San Francisco,ST=California,C=US" grpc.code=OK grpc.call_duration=775.659µs
2026-09-14T17:39:09.373518345Z [34m2026-09-14 17:39:09.373 UTC 07e3 INFO[0m [comm.grpc.server] [34;1mfunc1[0m -> unary call completed grpc.service=protos.Endorser grpc.method=ProcessProposal grpc.request_deadline=2026-09-14T17:39:39.372Z grpc.peer_address=172.18.0.5:55100 grpc.peer_subject="CN=peer0.org1.example.com,L=San Francisco,ST=California,C=US" grpc.code=OK grpc.call_duration=793.613µs
2026-09-14T17:39:09.413177768Z [34m2026-09-14 17:39:09.413 UTC 07e4 INFO[0m [endorser] [34;1mcallChaincode[0m -> finished chaincode: kvstore duration: 0ms channel=mychannel txID=3af62596
2026-09-14T17:39:09.413202064Z [34m2026-09-14 17:39:09.413 UTC 07e5 INFO[0m [endorser] [34;1mcallChaincode[0m -> finished chaincode: kvstore duration: 0ms channel=mychannel txID=ab39cdc3
2026-09-14T17:39:09.413255365Z [34m2026-09-14 17:39:09.413 UTC 07e6 INFO[0m [comm.grpc.server] [34;1mfunc1[0m -> unary call completed grpc.service=protos.Endorser grpc.method=ProcessProposal grpc.request_deadline=2026-09-14T17:39:39.412Z grpc.peer_address=172.18.0.5:55100 grpc.peer_subject="CN=peer0.org1.example.com,L=San Francisco,ST=California,C=US" grpc.code=OK grpc.call_duration=845.602µs
2026-09-14T17:39:09.413266356Z [34m2026-09-14 17:39:09.413 UTC 07e7 INFO[0m [comm.grpc.server] [34;1mfunc1[0m -> unary call completed grpc.service=protos.Endorser grpc.method=ProcessProposal grpc.request_deadline=2026-09-14T17:39:39.412Z grpc.peer_address=172.18.0.5:55100 grpc.peer_subject="CN=peer0.org1.example.com,L=San Francisco,ST=California,C=US" grpc.code=OK grpc.call_duration=880.879µs
2026-09-14T17:39:09.452765235Z [34m2026-09-14 17:39:09.452 UTC 07e8 INFO[0m [endorser] [34;1mcallChaincode[0m -> finished chaincode: kvstore duration: 0ms channel=mychannel txID=af01cf82
2026-09-14T17:39:09.452777718Z [34m2026-09-14 17:39:09.452 UTC 07e9 INFO[0m [endorser] [34;1mcallChaincode[0m -> finished chaincode: kvstore duration: 0ms channel=mychannel txID=30a33473
2026-09-14T17:39:09.452824046Z [34m2026-09-14 17:39:09.452 UTC 07ea INFO[0m [comm.grpc.server] [34;1mfunc1[0m -> unary call completed grpc.service=protos.Endorser grpc.method=ProcessProposal grpc.request_deadline=2026-09-14T17:39:39.451Z grpc.peer_address=172.18.0.5:55100 grpc.peer_subject="CN=peer0.org1.example.com,L=San Francisco,ST=California,C=US" grpc.code=OK grpc.call_duration=787.772µs
2026-09-14T17:39:09.452829326Z [34m2026-09-14 17:39:09.452 UTC 07eb INFO[0m [comm.grpc.server] [34;1mfunc1[0m -> unary call completed grpc.service=protos.Endorser grpc.method=ProcessProposal grpc.request_deadline=2026-09-14T17:39:39.451Z grpc.peer_address=172.18.0.5:55100 grpc.peer_subject="CN=peer0.org1.example.com,L=San Francisco,ST=California,C=US" grpc.code=OK grpc.call_duration=797.712µs
2026-09-14T17:39:09.492881173Z [34m2026-09-14 17:39:09.492 UTC 07ec INFO[0m [endorser] [34;1mcallChaincode[0m -> finished chaincode: kvstore duration: 0ms channel=mychannel txID=1056dda0
2026-09-14T17:39:09.492900650Z [34m2026-09-14 17:39:09.492 UTC 07ed INFO[0m [endorser] [34;1mcallChaincode[0m -> finished chaincode: kvstore duration: 0ms channel=mychannel txID=c67d0eba
2026-09-14T17:39:09.492963479Z [34m2026-09-14 17:39:09.492 UTC 07ee INFO[0m [comm.grpc.server] [34;1mfunc1[0m -> unary call completed grpc.service=protos.Endorser grpc.method=ProcessProposal grpc.request_deadline=2026-09-14T17:39:39.492Z grpc.peer_address=172.18.0.5:55100 grpc.peer_subject="CN=peer0.org1.example.com,L=San Francisco,ST=California,C=US" grpc.code=OK grpc.call_duration=860.42µs
2026-09-14T17:39:09.492972977Z [34m2026-09-14 17:39:09.492 UTC 07ef INFO[0m [comm.grpc.server] [34;1mfunc1[0m -> unary call completed grpc.service=protos.Endorser grpc.method=ProcessProposal grpc.request_deadline=2026-09-14T17:39:39.492Z grpc.peer_address=172.18.0.5:55100 grpc.peer_subject="CN=peer0.org1.example.com,L=San Francisco,ST=California,C=US" grpc.code=OK grpc.call_duration=807.691µs
2026-09-14T17:39:09.533448917Z [34m2026-09-14 17:39:09.533 UTC 07f0 INFO[0m [endorser] [34;1mcallChaincode[0m -> finished chaincode: kvstore duration: 0ms channel=mychannel txID=c51937ac
2026-09-14T17:39:09.533464266Z [34m2026-09-14 17:39:09.533 UTC 07f1 INFO[0m [endorser] [34;1mcallChaincode[0m -> finished chaincode: kvstore duration: 0ms channel=mychannel txID=418cd136
2026-09-14T17:39:09.533505525Z [34m2026-09-14 17:39:09.533 UTC 07f2 INFO[0m [comm.grpc.server] [34;1mfunc1[0m -> unary call completed grpc.service=protos.Endorser grpc.method=ProcessProposal grpc.request_deadline=2026-09-14T17:39:39.532Z grpc.peer_address=172.18.0.5:55100 grpc.peer_subject="CN=peer0.org1.example.com,L=San Francisco,ST=California,C=US" grpc.code=OK grpc.call_duration=714.544µs
2026-09-14T17:39:09.533525192Z [34m2026-09-14 17:39:09.533 UTC 07f3 INFO[0m [comm.grpc.server] [34;1mfunc1[0m -> unary call completed grpc.service=protos.Endorser grpc.method=ProcessProposal grpc.request_deadline=2026-09-14T17:39:39.532Z grpc.peer_address=172.18.0.5:55100 grpc.peer_subject="CN=peer0.org1.example.com,L=San Francisco,ST=California,C=US" grpc.code=OK grpc.call_duration=693.504µs
2026-09-14T17:39:09.573975423Z [34m2026-09-14 17:39:09.573 UTC 07f4 INFO[0m [endorser] [34;1mcallChaincode[0m -> finished chaincode: kvstore duration: 0ms channel=mychannel txID=c385d494
2026-09-14T17:39:09.573991814Z [34m2026-09-14 17:39:09.573 UTC 07f5 INFO[0m [endorser] [34;1mcallChaincode[0m -> finished chaincode: kvstore duration: 0ms channel=mychannel txID=3a897aa6
2026-09-14T17:39:09.574029606Z [34m2026-09-14 17:39:09.573 UTC 07f6 INFO[0m [comm.grpc.server] [34;1mfunc1[0m -> unary call completed grpc.service=protos.Endorser grpc.method=ProcessProposal grpc.request_deadline=2026-09-14T17:39:39.573Z grpc.peer_address=172.18.0.5:55100 grpc.peer_subject="CN=peer0.org1.example.com,L=San Francisco,ST=California,C=US" grpc.code=OK grpc.call_duration=804.825µs
2026-09-14T17:39:09.574050696Z [34m2026-09-14 17:39:09.574 UTC 07f7 INFO[0m [comm.grpc.server] [34;1mfunc1[0m -> unary call completed grpc.service=protos.Endorser grpc.method=ProcessProposal grpc.request_deadline=2026-09-14T17:39:39.573Z grpc.peer_address=172.18.0.5:55100 grpc.peer_subject="CN=peer0.org1.example.com,L=San Francisco,ST=California,C=US" grpc.code=OK grpc.call_duration=833.479µs
2026-09-14T17:39:09.613364003Z [34m2026-09-14 17:39:09.613 UTC 07f8 INFO[0m [endorser] [34;1mcallChaincode[0m -> finished chaincode: kvstore duration: 0ms channel=mychannel txID=e61d71ff
2026-09-14T17:39:09.613378852Z [34m2026-09-14 17:39:09.613 UTC 07f9 INFO[0m [endorser] [34;1mcallChaincode[0m -> finished chaincode: kvstore duration: 0ms channel=mychannel txID=f9f1c05d
2026-09-14T17:39:09.613419358Z [34m2026-09-14 17:39:09.613 UTC 07fa INFO[0m [comm.grpc.server] [34;1mfunc1[0m -> unary call completed grpc.service=protos.Endorser grpc.method=ProcessProposal grpc.request_deadline=2026-09-14T17:39:39.612Z grpc.peer_address=172.18.0.5:55100 grpc.peer_subject="CN=peer0.org1.example.com,L=San Francisco,ST=California,C=US" grpc.code=OK grpc.call_duration=869.137µs
2026-09-14T17:39:09.613450127Z [34m2026-09-14 17:39:09.613 UTC 07fb INFO[0m [comm.grpc.server] [34;1mfunc1[0m -> unary call completed grpc.service=protos.Endorser grpc.method=ProcessProposal grpc.request_deadline=2026-09-14T17:39:39.612Z grpc.peer_address=172.18.0.5:55100 grpc.peer_subject="CN=peer0.org1.example.com,L=San Francisco,ST=California,C=US" grpc.code=OK grpc.call_duration=892.572µs
2026-09-14T17:39:09.653519797Z [34m2026-09-14 17:39:09.653 UTC 07fd INFO[0m [endorser] [34;1mcallChaincode[0m -> finished chaincode: kvstore duration: 0ms channel=mychannel txID=f182e2bc
2026-09-14T17:39:09.653551567Z [34m2026-09-14 17:39:09.653 UTC 07fc INFO[0m [endorser] [34;1mcallChaincode[0m -> finished chaincode: kvstore duration: 0ms channel=mychannel txID=710f9157
2026-09-14T17:39:09.653596402Z [34m2026-09-14 17:39:09.653 UTC 07fe INFO[0m [comm.grpc.server] [34;1mfunc1[0m -> unary call completed grpc.service=protos.Endorser grpc.method=ProcessProposal grpc.request_deadline=2026-09-14T17:39:39.652Z grpc.peer_address=172.18.0.5:55100 grpc.peer_subject="CN=peer0.org1.example.com,L=San Francisco,ST=California,C=US" grpc.code=OK grpc.call_duration=1.020023ms
2026-09-14T17:39:09.653623834Z [34m2026-09-14 17:39:09.653 UTC 07ff INFO[0m [comm.grpc.server] [34;1mfunc1[0m -> unary call completed grpc.service=protos.Endorser grpc.method=ProcessProposal grpc.request_deadline=2026-09-14T17:39:39.652Z grpc.peer_address=172.18.0.5:55100 grpc.peer_subject="CN=peer0.org1.example.com,L=San Francisco,ST=California,C=US" grpc.code=OK grpc.call_duration=1.04499ms
2026-09-14T17:39:09.693605007Z [34m2026-09-14 17:39:09.693 UTC 0800 INFO[0m [endorser] [34;1mcallChaincode[0m -> finished chaincode: kvstore duration: 0ms channel=mychannel txID=2da0f7da
2026-09-14T17:39:09.693622230Z [34m2026-09-14 17:39:09.693 UTC 0801 INFO[0m [endorser] [34;1mcallChaincode[0m -> finished chaincode: kvstore duration: 0ms channel=mychannel txID=a370ba25
2026-09-14T17:39:09.693661264Z [34m2026-09-14 17:39:09.693 UTC 0802 INFO[0m [comm.grpc.server] [34;1mfunc1[0m -> unary call completed grpc.service=protos.Endorser grpc.method=ProcessProposal grpc.request_deadline=2026-09-14T17:39:39.692Z grpc.peer_address=172.18.0.5:55100 grpc.peer_subject="CN=peer0.org1.example.com,L=San Francisco,ST=California,C=US" grpc.code=OK grpc.call_duration=718.431µs
2026-09-14T17:39:09.693677354Z [34m2026-09-14 17:39:09.693 UTC 0803 INFO[0m [comm.grpc.server] [34;1mfunc1[0m -> unary call completed grpc.service=protos.Endorser grpc.method=ProcessProposal grpc.request_deadline=2026-09-14T17:39:39.692Z grpc.peer_address=172.18.0.5:55100 grpc.peer_subject="CN=peer0.org1.example.com,L=San Francisco,ST=California,C=US" grpc.code=OK grpc.call_duration=773.476µs
2026-09-14T17:39:09.733542687Z [34m2026-09-14 17:39:09.733 UTC 0804 INFO[0m [endorser] [34;1mcallChaincode[0m -> finished chaincode: kvstore duration: 0ms channel=mychannel txID=a8d98ab4
2026-09-14T17:39:09.733553458Z [34m2026-09-14 17:39:09.733 UTC 0805 INFO[0m [endorser] [34;1mcallChaincode[0m -> finished chaincode: kvstore duration: 0ms channel=mychannel txID=c919475e
2026-09-14T17:39:09.733608352Z [34m2026-09-14 17:39:09.733 UTC 0806 INFO[0m [comm.grpc.server] [34;1mfunc1[0m -> unary call completed grpc.service=protos.Endorser grpc.method=ProcessProposal grpc.request_deadline=2026-09-14T17:39:39.732Z grpc.peer_address=172.18.0.5:55100 grpc.peer_subject="CN=peer0.org1.example.com,L=San Francisco,ST=California,C=US" grpc.code=OK grpc.call_duration=805.977µs
2026-09-14T17:39:09.733624172Z [34m2026-09-14 17:39:09.733 UTC 0807 INFO[0m [comm.grpc.server] [34;1mfunc1[0m -> unary call completed grpc.service=protos.Endorser grpc.method=ProcessProposal grpc.request_deadline=2026-09-14T17:39:39.732Z grpc.peer_address=172.18.0.5:55100 grpc.peer_subject="CN=peer0.org1.example.com,L=San Francisco,ST=California,C=US" grpc.code=OK grpc.call_duration=823.841µs
2026-09-14T17:39:09.773803570Z [34m2026-09-14 17:39:09.773 UTC 0808 INFO[0m [endorser] [34;1mcallChaincode[0m -> finished chaincode: kvstore duration: 0ms channel=mychannel txID=ed750c15
2026-09-14T17:39:09.773852002Z [34m2026-09-14 17:39:09.773 UTC 0809 INFO[0m [endorser] [34;1mcallChaincode[0m -> finished chaincode: kvstore duration: 0ms channel=mychannel txID=eadd45d5
2026-09-14T17:39:09.773893991Z [34m2026-09-14 17:39:09.773 UTC 080a INFO[0m [comm.grpc.server] [34;1mfunc1[0m -> unary call completed grpc.service=protos.Endorser grpc.method=ProcessProposal grpc.request_deadline=2026-09-14T17:39:39.772Z grpc.peer_address=172.18.0.5:55100 grpc.peer_subject="CN=peer0.org1.example.com,L=San Francisco,ST=California,C=US" grpc.code=OK grpc.call_duration=1.351952ms
2026-09-14T17:39:09.773955618Z [34m2026-09-14 17:39:09.773 UTC 080b INFO[0m [comm.grpc.server] [34;1mfunc1[0m -> unary call completed grpc.service=protos.Endorser grpc.method=ProcessProposal grpc.request_deadline=2026-09-14T17:39:39.772Z grpc.peer_address=172.18.0.5:55100 grpc.peer_subject="CN=peer0.org1.example.com,L=San Francisco,ST=California,C=US" grpc.code=OK grpc.call_duration=1.420231ms
2026-09-14T17:39:09.813093373Z [34m2026-09-14 17:39:09.813 UTC 080d INFO[0m [endorser] [34;1mcallChaincode[0m -> finished chaincode: kvstore duration: 0ms channel=mychannel txID=7e89c8c0
2026-09-14T17:39:09.813131766Z [34m2026-09-14 17:39:09.813 UTC 080c INFO[0m [endorser] [34;1mcallChaincode[0m -> finished chaincode: kvstore duration: 0ms channel=mychannel txID=0324eeb8
2026-09-14T17:39:09.813150391Z [34m2026-09-14 17:39:09.813 UTC 080e INFO[0m [comm.grpc.server] [34;1mfunc1[0m -> unary call completed grpc.service=protos.Endorser grpc.method=ProcessProposal grpc.request_deadline=2026-09-14T17:39:39.812Z grpc.peer_address=172.18.0.5:55100 grpc.peer_subject="CN=peer0.org1.example.com,L=San Francisco,ST=California,C=US" grpc.code=OK grpc.call_duration=796.389µs
2026-09-14T17:39:09.813199504Z [34m2026-09-14 17:39:09.813 UTC 080f INFO[0m [comm.grpc.server] [34;1mfunc1[0m -> unary call completed grpc.service=protos.Endorser grpc.method=ProcessProposal grpc.request_deadline=2026-09-14T17:39:39.812Z grpc.peer_address=172.18.0.5:55100 grpc.peer_subject="CN=peer0.org1.example.com,L=San Francisco,ST=California,C=US" grpc.code=OK grpc.call_duration=866.242µs
2026-09-14T17:39:09.853282811Z [34m2026-09-14 17:39:09.853 UTC 0811 INFO[0m [endorser] [34;1mcallChaincode[0m -> finished chaincode: kvstore duration: 0ms channel=mychannel txID=e0841ca9
2026-09-14T17:39:09.853295805Z [34m2026-09-14 17:39:09.853 UTC 0810 INFO[0m [endorser] [34;1mcallChaincode[0m -> finished chaincode: kvstore duration: 0ms channel=mychannel txID=24a62025
2026-09-14T17:39:09.853361620Z [34m2026-09-14 17:39:09.853 UTC 0812 INFO[0m [comm.grpc.server] [34;1mfunc1[0m -> unary call completed grpc.service=protos.Endorser grpc.method=ProcessProposal grpc.request_deadline=2026-09-14T17:39:39.852Z grpc.peer_address=172.18.0.5:55100 grpc.peer_subject="CN=peer0.org1.example.com,L=San Francisco,ST=California,C=US" grpc.code=OK grpc.call_duration=855.671µs
2026-09-14T17:39:09.853368824Z [34m2026-09-14 17:39:09.853 UTC 0813 INFO[0m [comm.grpc.server] [34;1mfunc1[0m -> unary call completed grpc.service=protos.Endorser grpc.method=ProcessProposal grpc.request_deadline=2026-09-14T17:39:39.852Z grpc.peer_address=172.18.0.5:55100 grpc.peer_subject="CN=peer0.org1.example.com,L=San Francisco,ST=California,C=US" grpc.code=OK grpc.call_duration=849.489µs
2026-09-14T17:39:09.893412865Z [34m2026-09-14 17:39:09.893 UTC 0814 INFO[0m [endorser] [34;1mcallChaincode[0m -> finished chaincode: kvstore duration: 0ms channel=mychannel txID=7ef1292b
2026-09-14T17:39:09.893427072Z [34m2026-09-14 17:39:09.893 UTC 0815 INFO[0m [endorser] [34;1mcallChaincode[0m -> finished chaincode: kvstore duration: 0ms channel=mychannel txID=c8684148
2026-09-14T17:39:09.893467749Z [34m2026-09-14 17:39:09.893 UTC 0816 INFO[0m [comm.grpc.server] [34;1mfunc1[0m -> unary call completed grpc.service=protos.Endorser grpc.method=ProcessProposal grpc.request_deadline=2026-09-14T17:39:39.892Z grpc.peer_address=172.18.0.5:55100 grpc.peer_subject="CN=peer0.org1.example.com,L=San Francisco,ST=California,C=US" grpc.code=OK grpc.call_duration=854.008µs
2026-09-14T17:39:09.893480544Z [34m2026-09-14 17:39:09.893 UTC 0817 INFO[0m [comm.grpc.server] [34;1mfunc1[0m -> unary call completed grpc.service=protos.Endorser grpc.method=ProcessProposal grpc.request_deadline=2026-09-14T17:39:39.892Z grpc.peer_address=172.18.0.5:55100 grpc.peer_subject="CN=peer0.org1.example.com,L=San Francisco,ST=California,C=US" grpc.code=OK grpc.call_duration=871.902µs
2026-09-14T17:39:09.934596697Z [34m2026-09-14 17:39:09.934 UTC 0818 INFO[0m [endorser] [34;1mcallChaincode[0m -> finished chaincode: kvstore duration: 0ms channel=mychannel txID=55c878a6
2026-09-14T17:39:09.934609110Z [34m2026-09-14 17:39:09.934 UTC 0819 INFO[0m [endorser] [34;1mcallChaincode[0m -> finished chaincode: kvstore duration: 0ms channel=mychannel txID=0728fa6d
2026-09-14T17:39:09.934652783Z [34m2026-09-14 17:39:09.934 UTC 081a INFO[0m [comm.grpc.server] [34;1mfunc1[0m -> unary call completed grpc.service=protos.Endorser grpc.method=ProcessProposal grpc.request_deadline=2026-09-14T17:39:39.933Z grpc.peer_address=172.18.0.5:55100 grpc.peer_subject="CN=peer0.org1.example.com,L=San Francisco,ST=California,C=US" grpc.code=OK grpc.call_duration=1.161851ms
2026-09-14T17:39:09.934678612Z [34m2026-09-14 17:39:09.934 UTC 081b INFO[0m [comm.grpc.server] [34;1mfunc1[0m -> unary call completed grpc.service=protos.Endorser grpc.method=ProcessProposal grpc.request_deadline=2026-09-14T17:39:39.933Z grpc.peer_address=172.18.0.5:55100 grpc.peer_subject="CN=peer0.org1.example.com,L=San Francisco,ST=California,C=US" grpc.code=OK grpc.call_duration=1.190195ms
2026-09-14T17:39:09.973877693Z [34m2026-09-14 17:39:09.973 UTC 081c INFO[0m [endorser] [34;1mcallChaincode[0m -> finished chaincode: kvstore duration: 0ms channel=mychannel txID=a2497174
2026-09-14T17:39:09.973889515Z [34m2026-09-14 17:39:09.973 UTC 081d INFO[0m [endorser] [34;1mcallChaincode[0m -> finished chaincode: kvstore duration: 0ms channel=mychannel txID=b2d1f46e
2026-09-14T17:39:09.973937777Z [34m2026-09-14 17:39:09.973 UTC 081e INFO[0m [comm.grpc.server] [34;1mfunc1[0m -> unary call completed grpc.service=protos.Endorser grpc.method=ProcessProposal grpc.request_deadline=2026-09-14T17:39:39.973Z grpc.peer_address=172.18.0.5:55100 grpc.peer_subject="CN=peer0.org1.example.com,L=San Francisco,ST=California,C=US" grpc.code=OK grpc.call_duration=853.176µs
2026-09-14T17:39:09.973947856Z [34m2026-09-14 17:39:09.973 UTC 081f INFO[0m [comm.grpc.server] [34;1mfunc1[0m -> unary call completed grpc.service=protos.Endorser grpc.method=ProcessProposal grpc.request_deadline=2026-09-14T17:39:39.972Z grpc.peer_address=172.18.0.5:55100 grpc.peer_subject="CN=peer0.org1.example.com,L=San Francisco,ST=California,C=US" grpc.code=OK grpc.call_duration=811.718µs
2026-09-14T17:39:10.013774506Z [34m2026-09-14 17:39:10.013 UTC 0820 INFO[0m [endorser] [34;1mcallChaincode[0m -> finished chaincode: kvstore duration: 0ms channel=mychannel txID=69e6c5a4
2026-09-14T17:39:10.013795185Z [34m2026-09-14 17:39:10.013 UTC 0821 INFO[0m [endorser] [34;1mcallChaincode[0m -> finished chaincode: kvstore duration: 0ms channel=mychannel txID=54621c67
2026-09-14T17:39:10.013844759Z [34m2026-09-14 17:39:10.013 UTC 0822 INFO[0m [comm.grpc.server] [34;1mfunc1[0m -> unary call completed grpc.service=protos.Endorser grpc.method=ProcessProposal grpc.request_deadline=2026-09-14T17:39:40.012Z grpc.peer_address=172.18.0.5:55100 grpc.peer_subject="CN=peer0.org1.example.com,L=San Francisco,ST=California,C=US" grpc.code=OK grpc.call_duration=1.320622ms
2026-09-14T17:39:10.013904573Z [34m2026-09-14 17:39:10.013 UTC 0823 INFO[0m [comm.grpc.server] [34;1mfunc1[0m -> unary call completed grpc.service=protos.Endorser grpc.method=ProcessProposal grpc.request_deadline=2026-09-14T17:39:40.012Z grpc.peer_address=172.18.0.5:55100 grpc.peer_subject="CN=peer0.org1.example.com,L=San Francisco,ST=California,C=US" grpc.code=OK grpc.call_duration=1.378551ms
2026-09-14T17:39:10.053786478Z [34m2026-09-14 17:39:10.053 UTC 0824 INFO[0m [endorser] [34;1mcallChaincode[0m -> finished chaincode: kvstore duration: 0ms channel=mychannel txID=9779e89d
2026-09-14T17:39:10.053813018Z [34m2026-09-14 17:39:10.053 UTC 0825 INFO[0m [endorser] [34;1mcallChaincode[0m -> finished chaincode: kvstore duration: 0ms channel=mychannel txID=d66f4db5
2026-09-14T17:39:10.053842053Z [34m2026-09-14 17:39:10.053 UTC 0826 INFO[0m [comm.grpc.server] [34;1mfunc1[0m -> unary call completed grpc.service=protos.Endorser grpc.method=ProcessProposal grpc.request_deadline=2026-09-14T17:39:40.052Z grpc.peer_address=172.18.0.5:55100 grpc.peer_subject="CN=peer0.org1.example.com,L=San Francisco,ST=California,C=US" grpc.code=OK grpc.call_duration=854.579µs
2026-09-14T17:39:10.053877380Z [34m2026-09-14 17:39:10.053 UTC 0827 INFO[0m [comm.grpc.server] [34;1mfunc1[0m -> unary call completed grpc.service=protos.Endorser grpc.method=ProcessProposal grpc.request_deadline=2026-09-14T17:39:40.052Z grpc.peer_address=172.18.0.5:55100 grpc.peer_subject="CN=peer0.org1.example.com,L=San Francisco,ST=California,C=US" grpc.code=OK grpc.call_duration=880.389µs
2026-09-14T17:39:10.093665287Z [34m2026-09-14 17:39:10.093 UTC 0828 INFO[0m [endorser] [34;1mcallChaincode[0m -> finished chaincode: kvstore duration: 0ms channel=mychannel txID=2516a1d9
2026-09-14T17:39:10.093682419Z [34m2026-09-14 17:39:10.093 UTC 0829 INFO[0m [endorser] [34;1mcallChaincode[0m -> finished chaincode: kvstore duration: 0ms channel=mychannel txID=d4db516a
2026-09-14T17:39:10.093744296Z [34m2026-09-14 17:39:10.093 UTC 082a INFO[0m [comm.grpc.server] [34;1mfunc1[0m -> unary call completed grpc.service=protos.Endorser grpc.method=ProcessProposal grpc.request_deadline=2026-09-14T17:39:40.092Z grpc.peer_address=172.18.0.5:55100 grpc.peer_subject="CN=peer0.org1.example.com,L=San Francisco,ST=California,C=US" grpc.code=OK grpc.call_duration=1.116104ms
2026-09-14T17:39:10.093753464Z [34m2026-09-14 17:39:10.093 UTC 082b INFO[0m [comm.grpc.server] [34;1mfunc1[0m -> unary call completed grpc.service=protos.Endorser grpc.method=ProcessProposal grpc.request_deadline=2026-09-14T17:39:40.092Z grpc.peer_address=172.18.0.5:55100 grpc.peer_subject="CN=peer0.org1.example.com,L=San Francisco,ST=California,C=US" grpc.code=OK grpc.call_duration=1.088452ms
2026-09-14T17:39:10.132851784Z [34m2026-09-14 17:39:10.132 UTC 082c INFO[0m [endorser] [34;1mcallChaincode[0m -> finished chaincode: kvstore duration: 0ms channel=mychannel txID=ce58b077
2026-09-14T17:39:10.132860921Z [34m2026-09-14 17:39:10.132 UTC 082d INFO[0m [endorser] [34;1mcallChaincode[0m -> finished chaincode: kvstore duration: 0ms channel=mychannel txID=49d9953e
2026-09-14T17:39:10.132904604Z [34m2026-09-14 17:39:10.132 UTC 082e INFO[0m [comm.grpc.server] [34;1mfunc1[0m -> unary call completed grpc.service=protos.Endorser grpc.method=ProcessProposal grpc.request_deadline=2026-09-14T17:39:40.132Z grpc.peer_address=172.18.0.5:55100 grpc.peer_subject="CN=peer0.org1.example.com,L=San Francisco,ST=California,C=US" grpc.code=OK grpc.call_duration=753.608µs
2026-09-14T17:39:10.132909082Z [34m2026-09-14 17:39:10.132 UTC 082f INFO[0m [comm.grpc.server] [34;1mfunc1[0m -> unary call completed grpc.service=protos.Endorser grpc.method=ProcessProposal grpc.request_deadline=2026-09-14T17:39:40.132Z grpc.peer_address=172.18.0.5:55100 grpc.peer_subject="CN=peer0.org1.example.com,L=San Francisco,ST=California,C=US" grpc.code=OK grpc.call_duration=751.624µs
2026-09-14T17:39:10.153051226Z [34m2026-09-14 17:39:10.152 UTC 0830 INFO[0m [gossip.privdata] [34;1mStoreBlock[0m -> Received block [22] from buffer channel=mychannel
2026-09-14T17:39:10.162124317Z [34m2026-09-14 17:39:10.162 UTC 0831 INFO[0m [committer.txvalidator] [34;1mValidate[0m -> [mychannel] Validated block [22] in 9ms
2026-09-14T17:39:10.194717422Z [34m2026-09-14 17:39:10.194 UTC 0832 INFO[0m [kvledger] [34;1mcommit[0m -> [mychannel] Committed block [22] with 52 transaction(s) in 32ms (state_validation=0ms block_and_pvtdata_commit=19ms state_commit=5ms) commitHash=[378a8546303fc834dea05af1aca8e3c5e2f66d5d68b5dcf40296b1fd8249fd75]
2026-09-14T17:39:10.196926557Z [34m2026-09-14 17:39:10.196 UTC 0833 INFO[0m [endorser] [34;1mcallChaincode[0m -> finished chaincode: kvstore duration: 0ms channel=mychannel txID=54b16848
2026-09-14T17:39:10.196938320Z [34m2026-09-14 17:39:10.196 UTC 0834 INFO[0m [endorser] [34;1mcallChaincode[0m -> finished chaincode: kvstore duration: 0ms channel=mychannel txID=637516d4
2026-09-14T17:39:10.196992492Z [34m2026-09-14 17:39:10.196 UTC 0835 INFO[0m [comm.grpc.server] [34;1mfunc1[0m -> unary call completed grpc.service=protos.Endorser grpc.method=ProcessProposal grpc.request_deadline=2026-09-14T17:39:40.196Z grpc.peer_address=172.18.0.5:55100 grpc.peer_subject="CN=peer0.org1.example.com,L=San Francisco,ST=California,C=US" grpc.code=OK grpc.call_duration=827.919µs
2026-09-14T17:39:10.197001189Z [34m2026-09-14 17:39:10.196 UTC 0836 INFO[0m [comm.grpc.server] [34;1mfunc1[0m -> unary call completed grpc.service=protos.Endorser grpc.method=ProcessProposal grpc.request_deadline=2026-09-14T17:39:40.196Z grpc.peer_address=172.18.0.5:55100 grpc.peer_subject="CN=peer0.org1.example.com,L=San Francisco,ST=California,C=US" grpc.code=OK grpc.call_duration=829.211µs
2026-09-14T17:39:10.212907607Z [34m2026-09-14 17:39:10.212 UTC 0837 INFO[0m [endorser] [34;1mcallChaincode[0m -> finished chaincode: kvstore duration: 0ms channel=mychannel txID=8766c800
2026-09-14T17:39:10.212919249Z [34m2026-09-14 17:39:10.212 UTC 0838 INFO[0m [endorser] [34;1mcallChaincode[0m -> finished chaincode: kvstore duration: 0ms channel=mychannel txID=de901ad4
2026-09-14T17:39:10.212960467Z [34m2026-09-14 17:39:10.212 UTC 0839 INFO[0m [comm.grpc.server] [34;1mfunc1[0m -> unary call completed grpc.service=protos.Endorser grpc.method=ProcessProposal grpc.request_deadline=2026-09-14T17:39:40.212Z grpc.peer_address=172.18.0.5:55100 grpc.peer_subject="CN=peer0.org1.example.com,L=San Francisco,ST=California,C=US" grpc.code=OK grpc.call_duration=817.769µs
2026-09-14T17:39:10.213022274Z [34m2026-09-14 17:39:10.212 UTC 083a INFO[0m [comm.grpc.server] [34;1mfunc1[0m -> unary call completed grpc.service=protos.Endorser grpc.method=ProcessProposal grpc.request_deadline=2026-09-14T17:39:40.212Z grpc.peer_address=172.18.0.5:55100 grpc.peer_subject="CN=peer0.org1.example.com,L=San Francisco,ST=California,C=US" grpc.code=OK grpc.call_duration=921.466µs
2026-09-14T17:39:10.253513062Z [34m2026-09-14 17:39:10.253 UTC 083b INFO[0m [endorser] [34;1mcallChaincode[0m -> finished chaincode: kvstore duration: 0ms channel=mychannel txID=4bd2de48
2026-09-14T17:39:10.253529494Z [34m2026-09-14 17:39:10.253 UTC 083c INFO[0m [endorser] [34;1mcallChaincode[0m -> finished chaincode: kvstore duration: 0ms channel=mychannel txID=eadb3ac6
2026-09-14T17:39:10.253557647Z [34m2026-09-14 17:39:10.253 UTC 083d INFO[0m [comm.grpc.server] [34;1mfunc1[0m -> unary call completed grpc.service=protos.Endorser grpc.method=ProcessProposal grpc.request_deadline=2026-09-14T17:39:40.252Z grpc.peer_address=172.18.0.5:55100 grpc.peer_subject="CN=peer0.org1.example.com,L=San Francisco,ST=California,C=US" grpc.code=OK grpc.call_duration=862.715µs
2026-09-14T17:39:10.253567576Z [34m2026-09-14 17:39:10.253 UTC 083e INFO[0m [comm.grpc.server] [34;1mfunc1[0m -> unary call completed grpc.service=protos.Endorser grpc.method=ProcessProposal grpc.request_deadline=2026-09-14T17:39:40.252Z grpc.peer_address=172.18.0.5:55100 grpc.peer_subject="CN=peer0.org1.example.com,L=San Francisco,ST=California,C=US" grpc.code=OK grpc.call_duration=867.093µs
2026-09-14T17:39:10.293877752Z [34m2026-09-14 17:39:10.293 UTC 083f INFO[0m [endorser] [34;1mcallChaincode[0m -> finished chaincode: kvstore duration: 0ms channel=mychannel txID=1fd7862a
2026-09-14T17:39:10.293920994Z [34m2026-09-14 17:39:10.293 UTC 0840 INFO[0m [endorser] [34;1mcallChaincode[0m -> finished chaincode: kvstore duration: 0ms channel=mychannel txID=2354e72c
2026-09-14T17:39:10.293938887Z [34m2026-09-14 17:39:10.293 UTC 0841 INFO[0m [comm.grpc.server] [34;1mfunc1[0m -> unary call completed grpc.service=protos.Endorser grpc.method=ProcessProposal grpc.request_deadline=2026-09-14T17:39:40.293Z grpc.peer_address=172.18.0.5:55100 grpc.peer_subject="CN=peer0.org1.example.com,L=San Francisco,ST=California,C=US" grpc.code=OK grpc.call_duration=794.566µs
2026-09-14T17:39:10.294032355Z [34m2026-09-14 17:39:10.293 UTC 0842 INFO[0m [comm.grpc.server] [34;1mfunc1[0m -> unary call completed grpc.service=protos.Endorser grpc.method=ProcessProposal grpc.request_deadline=2026-09-14T17:39:40.293Z grpc.peer_address=172.18.0.5:55100 grpc.peer_subject="CN=peer0.org1.example.com,L=San Francisco,ST=California,C=US" grpc.code=OK grpc.call_duration=823.46µs
2026-09-14T17:39:10.333331496Z [34m2026-09-14 17:39:10.333 UTC 0843 INFO[0m [endorser] [34;1mcallChaincode[0m -> finished chaincode: kvstore duration: 0ms channel=mychannel txID=84d3cbe6
2026-09-14T17:39:10.333349009Z [34m2026-09-14 17:39:10.333 UTC 0844 INFO[0m [endorser] [34;1mcallChaincode[0m -> finished chaincode: kvstore duration: 0ms channel=mychannel txID=6acbd8ea
2026-09-14T17:39:10.333375199Z [34m2026-09-14 17:39:10.333 UTC 0845 INFO[0m [comm.grpc.server] [34;1mfunc1[0m -> unary call completed grpc.service=protos.Endorser grpc.method=ProcessProposal grpc.request_deadline=2026-09-14T17:39:40.332Z grpc.peer_address=172.18.0.5:55100 grpc.peer_subject="CN=peer0.org1.example.com,L=San Francisco,ST=California,C=US" grpc.code=OK grpc.call_duration=783.354µs
2026-09-14T17:39:10.333383614Z [34m2026-09-14 17:39:10.333 UTC 0846 INFO[0m [comm.grpc.server] [34;1mfunc1[0m -> unary call completed grpc.service=protos.Endorser grpc.method=ProcessProposal grpc.request_deadline=2026-09-14T17:39:40.332Z grpc.peer_address=172.18.0.5:55100 grpc.peer_subject="CN=peer0.org1.example.com,L=San Francisco,ST=California,C=US" grpc.code=OK grpc.call_duration=779.807µs
2026-09-14T17:39:10.373910000Z [34m2026-09-14 17:39:10.373 UTC 0847 INFO[0m [endorser] [34;1mcallChaincode[0m -> finished chaincode: kvstore duration: 0ms channel=mychannel txID=bb6b5b60
2026-09-14T17:39:10.373934787Z [34m2026-09-14 17:39:10.373 UTC 0848 INFO[0m [endorser] [34;1mcallChaincode[0m -> finished chaincode: kvstore duration: 0ms channel=mychannel txID=08837d86
2026-09-14T17:39:10.373960977Z [34m2026-09-14 17:39:10.373 UTC 0849 INFO[0m [comm.grpc.server] [34;1mfunc1[0m -> unary call completed grpc.service=protos.Endorser grpc.method=ProcessProposal grpc.request_deadline=2026-09-14T17:39:40.372Z grpc.peer_address=172.18.0.5:55100 grpc.peer_subject="CN=peer0.org1.example.com,L=San Francisco,ST=California,C=US" grpc.code=OK grpc.call_duration=861.822µs
2026-09-14T17:39:10.373994230Z [34m2026-09-14 17:39:10.373 UTC 084a INFO[0m [comm.grpc.server] [34;1mfunc1[0m -> unary call completed grpc.service=protos.Endorser grpc.method=ProcessProposal grpc.request_deadline=2026-09-14T17:39:40.373Z grpc.peer_address=172.18.0.5:55100 grpc.peer_subject="CN=peer0.org1.example.com,L=San Francisco,ST=California,C=US" grpc.code=OK grpc.call_duration=890.297µs
2026-09-14T17:39:10.413364686Z [34m2026-09-14 17:39:10.413 UTC 084b INFO[0m [endorser] [34;1mcallChaincode[0m -> finished chaincode: kvstore duration: 0ms channel=mychannel txID=4fcffa35
2026-09-14T17:39:10.413376498Z [34m2026-09-14 17:39:10.413 UTC 084c INFO[0m [endorser] [34;1mcallChaincode[0m -> finished chaincode: kvstore duration: 0ms channel=mychannel txID=76a4fca9
2026-09-14T17:39:10.413428938Z [34m2026-09-14 17:39:10.413 UTC 084e INFO[0m [comm.grpc.server] [34;1mfunc1[0m -> unary call completed grpc.service=protos.Endorser grpc.method=ProcessProposal grpc.request_deadline=2026-09-14T17:39:40.412Z grpc.peer_address=172.18.0.5:55100 grpc.peer_subject="CN=peer0.org1.example.com,L=San Francisco,ST=California,C=US" grpc.code=OK grpc.call_duration=1.011296ms
2026-09-14T17:39:10.413439057Z [34m2026-09-14 17:39:10.413 UTC 084d INFO[0m [comm.grpc.server] [34;1mfunc1[0m -> unary call completed grpc.service=protos.Endorser grpc.method=ProcessProposal grpc.request_deadline=2026-09-14T17:39:40.412Z grpc.peer_address=172.18.0.5:55100 grpc.peer_subject="CN=peer0.org1.example.com,L=San Francisco,ST=California,C=US" grpc.code=OK grpc.call_duration=989.695µs
2026-09-14T17:39:10.453491895Z [34m2026-09-14 17:39:10.453 UTC 084f INFO[0m [endorser] [34;1mcallChaincode[0m -> finished chaincode: kvstore duration: 0ms channel=mychannel txID=5e941fbf
2026-09-14T17:39:10.453505211Z [34m2026-09-14 17:39:10.453 UTC 0850 INFO[0m [endorser] [34;1mcallChaincode[0m -> finished chaincode: kvstore duration: 0ms channel=mychannel txID=37ebac80
2026-09-14T17:39:10.453548803Z [34m2026-09-14 17:39:10.453 UTC 0851 INFO[0m [comm.grpc.server] [34;1mfunc1[0m -> unary call completed grpc.service=protos.Endorser grpc.method=ProcessProposal grpc.request_deadline=2026-09-14T17:39:40.452Z grpc.peer_address=172.18.0.5:55100 grpc.peer_subject="CN=peer0.org1.example.com,L=San Francisco,ST=California,C=US" grpc.code=OK grpc.call_duration=852.235µs
2026-09-14T17:39:10.453584100Z [34m2026-09-14 17:39:10.453 UTC 0852 INFO[0m [comm.grpc.server] [34;1mfunc1[0m -> unary call completed grpc.service=protos.Endorser grpc.method=ProcessProposal grpc.request_deadline=2026-09-14T17:39:40.452Z grpc.peer_address=172.18.0.5:55100 grpc.peer_subject="CN=peer0.org1.example.com,L=San Francisco,ST=California,C=US" grpc.code=OK grpc.call_duration=889.114µs
2026-09-14T17:39:10.494212950Z [34m2026-09-14 17:39:10.494 UTC 0853 INFO[0m [endorser] [34;1mcallChaincode[0m -> finished chaincode: kvstore duration: 0ms channel=mychannel txID=dffd9bd5
2026-09-14T17:39:10.494233299Z [34m2026-09-14 17:39:10.494 UTC 0854 INFO[0m [endorser] [34;1mcallChaincode[0m -> finished chaincode: kvstore duration: 0ms channel=mychannel txID=6613a75e
2026-09-14T17:39:10.494260160Z [34m2026-09-14 17:39:10.494 UTC 0855 INFO[0m [comm.grpc.server] [34;1mfunc1[0m -> unary call completed grpc.service=protos.Endorser grpc.method=ProcessProposal grpc.request_deadline=2026-09-14T17:39:40.493Z grpc.peer_address=172.18.0.5:55100 grpc.peer_subject="CN=peer0.org1.example.com,L=San Francisco,ST=California,C=US" grpc.code=OK grpc.call_duration=795.728µs
2026-09-14T17:39:10.494273214Z [34m2026-09-14 17:39:10.494 UTC 0856 INFO[0m [comm.grpc.server] [34;1mfunc1[0m -> unary call completed grpc.service=protos.Endorser grpc.method=ProcessProposal grpc.request_deadline=2026-09-14T17:39:40.493Z grpc.peer_address=172.18.0.5:55100 grpc.peer_subject="CN=peer0.org1.example.com,L=San Francisco,ST=California,C=US" grpc.code=OK grpc.call_duration=804.174µs
2026-09-14T17:39:10.533823110Z [34m2026-09-14 17:39:10.533 UTC 0857 INFO[0m [endorser] [34;1mcallChaincode[0m -> finished chaincode: kvstore duration: 0ms channel=mychannel txID=ab6014f0
2026-09-14T17:39:10.533838249Z [34m2026-09-14 17:39:10.533 UTC 0858 INFO[0m [endorser] [34;1mcallChaincode[0m -> finished chaincode: kvstore duration: 0ms channel=mychannel txID=616f3425
2026-09-14T17:39:10.533904765Z [34m2026-09-14 17:39:10.533 UTC 0859 INFO[0m [comm.grpc.server] [34;1mfunc1[0m -> unary call completed grpc.service=protos.Endorser grpc.method=ProcessProposal grpc.request_deadline=2026-09-14T17:39:40.533Z grpc.peer_address=172.18.0.5:55100 grpc.peer_subject="CN=peer0.org1.example.com,L=San Francisco,ST=California,C=US" grpc.code=OK grpc.call_duration=789.085µs
2026-09-14T17:39:10.533951203Z [34m2026-09-14 17:39:10.533 UTC 085a INFO[0m [comm.grpc.server] [34;1mfunc1[0m -> unary call completed grpc.service=protos.Endorser grpc.method=ProcessProposal grpc.request_deadline=2026-09-14T17:39:40.533Z grpc.peer_address=172.18.0.5:55100 grpc.peer_subject="CN=peer0.org1.example.com,L=San Francisco,ST=California,C=US" grpc.code=OK grpc.call_duration=826.366µs
2026-09-14T17:39:10.574079364Z [34m2026-09-14 17:39:10.574 UTC 085b INFO[0m [endorser] [34;1mcallChaincode[0m -> finished chaincode: kvstore duration: 0ms channel=mychannel txID=7224115d
2026-09-14T17:39:10.574126093Z [34m2026-09-14 17:39:10.574 UTC 085c INFO[0m [endorser] [34;1mcallChaincode[0m -> finished chaincode: kvstore duration: 0ms channel=mychannel txID=6d1f07ec
2026-09-14T17:39:10.574138306Z [34m2026-09-14 17:39:10.574 UTC 085d INFO[0m [comm.grpc.server] [34;1mfunc1[0m -> unary call completed grpc.service=protos.Endorser grpc.method=ProcessProposal grpc.request_deadline=2026-09-14T17:39:40.573Z grpc.peer_address=172.18.0.5:55100 grpc.peer_subject="CN=peer0.org1.example.com,L=San Francisco,ST=California,C=US" grpc.code=OK grpc.call_duration=1.021245ms
2026-09-14T17:39:10.574205433Z [34m2026-09-14 17:39:10.574 UTC 085e INFO[0m [comm.grpc.server] [34;1mfunc1[0m -> unary call completed grpc.service=protos.Endorser grpc.method=ProcessProposal grpc.request_deadline=2026-09-14T17:39:40.573Z grpc.peer_address=172.18.0.5:55100 grpc.peer_subject="CN=peer0.org1.example.com,L=San Francisco,ST=California,C=US" grpc.code=OK grpc.call_duration=1.051993ms
2026-09-14T17:39:10.613430423Z [34m2026-09-14 17:39:10.613 UTC 0860 INFO[0m [endorser] [34;1mcallChaincode[0m -> finished chaincode: kvstore duration: 0ms channel=mychannel txID=280b439e
2026-09-14T17:39:10.613463055Z [34m2026-09-14 17:39:10.613 UTC 085f INFO[0m [endorser] [34;1mcallChaincode[0m -> finished chaincode: kvstore duration: 0ms channel=mychannel txID=eb146c7c
2026-09-14T17:39:10.613483083Z [34m2026-09-14 17:39:10.613 UTC 0861 INFO[0m [comm.grpc.server] [34;1mfunc1[0m -> unary call completed grpc.service=protos.Endorser grpc.method=ProcessProposal grpc.request_deadline=2026-09-14T17:39:40.612Z grpc.peer_address=172.18.0.5:55100 grpc.peer_subject="CN=peer0.org1.example.com,L=San Francisco,ST=California,C=US" grpc.code=OK grpc.call_duration=876.28µs
2026-09-14T17:39:10.613529842Z [34m2026-09-14 17:39:10.613 UTC 0862 INFO[0m [comm.grpc.server] [34;1mfunc1[0m -> unary call completed grpc.service=protos.Endorser grpc.method=ProcessProposal grpc.request_deadline=2026-09-14T17:39:40.612Z grpc.peer_address=172.18.0.5:55100 grpc.peer_subject="CN=peer0.org1.example.com,L=San Francisco,ST=California,C=US" grpc.code=OK grpc.call_duration=896.429µs
2026-09-14T17:39:10.653357814Z [34m2026-09-14 17:39:10.653 UTC 0863 INFO[0m [endorser] [34;1mcallChaincode[0m -> finished chaincode: kvstore duration: 0ms channel=mychannel txID=05f1f23e
2026-09-14T17:39:10.653412738Z [34m2026-09-14 17:39:10.653 UTC 0864 INFO[0m [endorser] [34;1mcallChaincode[0m -> finished chaincode: kvstore duration: 0ms channel=mychannel txID=41b568c2
2026-09-14T17:39:10.653448797Z [34m2026-09-14 17:39:10.653 UTC 0865 INFO[0m [comm.grpc.server] [34;1mfunc1[0m -> unary call completed grpc.service=protos.Endorser grpc.method=ProcessProposal grpc.request_deadline=2026-09-14T17:39:40.652Z grpc.peer_address=172.18.0.5:55100 grpc.peer_subject="CN=peer0.org1.example.com,L=San Francisco,ST=California,C=US" grpc.code=OK grpc.call_duration=881.299µs
2026-09-14T17:39:10.653508530Z [34m2026-09-14 17:39:10.653 UTC 0866 INFO[0m [comm.grpc.server] [34;1mfunc1[0m -> unary call completed grpc.service=protos.Endorser grpc.method=ProcessProposal grpc.request_deadline=2026-09-14T17:39:40.652Z grpc.peer_address=172.18.0.5:55100 grpc.peer_subject="CN=peer0.org1.example.com,L=San Francisco,ST=California,C=US" grpc.code=OK grpc.call_duration=932.387µs
2026-09-14T17:39:10.693795151Z [34m2026-09-14 17:39:10.693 UTC 0867 INFO[0m [endorser] [34;1mcallChaincode[0m -> finished chaincode: kvstore duration: 0ms channel=mychannel txID=bafd79bb
2026-09-14T17:39:10.693819327Z [34m2026-09-14 17:39:10.693 UTC 0868 INFO[0m [endorser] [34;1mcallChaincode[0m -> finished chaincode: kvstore duration: 0ms channel=mychannel txID=c0eb8567
2026-09-14T17:39:10.693849615Z [34m2026-09-14 17:39:10.693 UTC 0869 INFO[0m [comm.grpc.server] [34;1mfunc1[0m -> unary call completed grpc.service=protos.Endorser grpc.method=ProcessProposal grpc.request_deadline=2026-09-14T17:39:40.692Z grpc.peer_address=172.18.0.5:55100 grpc.peer_subject="CN=peer0.org1.example.com,L=San Francisco,ST=California,C=US" grpc.code=OK grpc.call_duration=801.588µs
2026-09-14T17:39:10.693919407Z [34m2026-09-14 17:39:10.693 UTC 086a INFO[0m [comm.grpc.server] [34;1mfunc1[0m -> unary call completed grpc.service=protos.Endorser grpc.method=ProcessProposal grpc.request_deadline=2026-09-14T17:39:40.692Z grpc.peer_address=172.18.0.5:55100 grpc.peer_subject="CN=peer0.org1.example.com,L=San Francisco,ST=California,C=US" grpc.code=OK grpc.call_duration=815.625µs
2026-09-14T17:39:10.733803285Z [34m2026-09-14 17:39:10.733 UTC 086b INFO[0m [endorser] [34;1mcallChaincode[0m -> finished chaincode: kvstore duration: 0ms channel=mychannel txID=306d4acc
2026-09-14T17:39:10.733816099Z [34m2026-09-14 17:39:10.733 UTC 086c INFO[0m [endorser] [34;1mcallChaincode[0m -> finished chaincode: kvstore duration: 0ms channel=mychannel txID=335b4aa0
2026-09-14T17:39:10.733850885Z [34m2026-09-14 17:39:10.733 UTC 086e INFO[0m [comm.grpc.server] [34;1mfunc1[0m -> unary call completed grpc.service=protos.Endorser grpc.method=ProcessProposal grpc.request_deadline=2026-09-14T17:39:40.732Z grpc.peer_address=172.18.0.5:55100 grpc.peer_subject="CN=peer0.org1.example.com,L=San Francisco,ST=California,C=US" grpc.code=OK grpc.call_duration=763.226µs
2026-09-14T17:39:10.733860273Z [34m2026-09-14 17:39:10.733 UTC 086d INFO[0m [comm.grpc.server] [34;1mfunc1[0m -> unary call completed grpc.service=protos.Endorser grpc.method=ProcessProposal grpc.request_deadline=2026-09-14T17:39:40.733Z grpc.peer_address=172.18.0.5:55100 grpc.peer_subject="CN=peer0.org1.example.com,L=San Francisco,ST=California,C=US" grpc.code=OK grpc.call_duration=762.835µs
2026-09-14T17:39:10.774223650Z [34m2026-09-14 17:39:10.774 UTC 086f INFO[0m [endorser] [34;1mcallChaincode[0m -> finished chaincode: kvstore duration: 0ms channel=mychannel txID=2d64bd84
2026-09-14T17:39:10.774235633Z [34m2026-09-14 17:39:10.774 UTC 0870 INFO[0m [endorser] [34;1mcallChaincode[0m -> finished chaincode: kvstore duration: 0ms channel=mychannel txID=874984e8
2026-09-14T17:39:10.774314452Z [34m2026-09-14 17:39:10.774 UTC 0871 INFO[0m [comm.grpc.server] [34;1mfunc1[0m -> unary call completed grpc.service=protos.Endorser grpc.method=ProcessProposal grpc.request_deadline=2026-09-14T17:39:40.773Z grpc.peer_address=172.18.0.5:55100 grpc.peer_subject="CN=peer0.org1.example.com,L=San Francisco,ST=California,C=US" grpc.code=OK grpc.call_duration=814.643µs
2026-09-14T17:39:10.774329040Z [34m2026-09-14 17:39:10.774 UTC 0872 INFO[0m [comm.grpc.server] [34;1mfunc1[0m -> unary call completed grpc.service=protos.Endorser grpc.method=ProcessProposal grpc.request_deadline=2026-09-14T17:39:40.773Z grpc.peer_address=172.18.0.5:55100 grpc.peer_subject="CN=peer0.org1.example.com,L=San Francisco,ST=California,C=US" grpc.code=OK grpc.call_duration=816.316µs
2026-09-14T17:39:10.813436988Z [34m2026-09-14 17:39:10.813 UTC 0873 INFO[0m [endorser] [34;1mcallChaincode[0m -> finished chaincode: kvstore duration: 0ms channel=mychannel txID=baefcdd2
2026-09-14T17:39:10.813492964Z [34m2026-09-14 17:39:10.813 UTC 0874 INFO[0m [comm.grpc.server] [34;1mfunc1[0m -> unary call completed grpc.service=protos.Endorser grpc.method=ProcessProposal grpc.request_deadline=2026-09-14T17:39:40.812Z grpc.peer_address=172.18.0.5:55100 grpc.peer_subject="CN=peer0.org1.example.com,L=San Francisco,ST=California,C=US" grpc.code=OK grpc.call_duration=731.496µs
2026-09-14T17:39:10.813508935Z [34m2026-09-14 17:39:10.813 UTC 0875 INFO[0m [endorser] [34;1mcallChaincode[0m -> finished chaincode: kvstore duration: 0ms channel=mychannel txID=eb500fed
2026-09-14T17:39:10.813618332Z [34m2026-09-14 17:39:10.813 UTC 0876 INFO[0m [comm.grpc.server] [34;1mfunc1[0m -> unary call completed grpc.service=protos.Endorser grpc.method=ProcessProposal grpc.request_deadline=2026-09-14T17:39:40.812Z grpc.peer_address=172.18.0.5:55100 grpc.peer_subject="CN=peer0.org1.example.com,L=San Francisco,ST=California,C=US" grpc.code=OK grpc.call_duration=864.238µs
2026-09-14T17:39:10.853744810Z [34m2026-09-14 17:39:10.853 UTC 0877 INFO[0m [endorser] [34;1mcallChaincode[0m -> finished chaincode: kvstore duration: 0ms channel=mychannel txID=1d92f284
2026-09-14T17:39:10.853780508Z [34m2026-09-14 17:39:10.853 UTC 0878 INFO[0m [endorser] [34;1mcallChaincode[0m -> finished chaincode: kvstore duration: 0ms channel=mychannel txID=b32aadea
2026-09-14T17:39:10.853861962Z [34m2026-09-14 17:39:10.853 UTC 0879 INFO[0m [comm.grpc.server] [34;1mfunc1[0m -> unary call completed grpc.service=protos.Endorser grpc.method=ProcessProposal grpc.request_deadline=2026-09-14T17:39:40.852Z grpc.peer_address=172.18.0.5:55100 grpc.peer_subject="CN=peer0.org1.example.com,L=San Francisco,ST=California,C=US" grpc.code=OK grpc.call_duration=873.265µs
2026-09-14T17:39:10.853871520Z [34m2026-09-14 17:39:10.853 UTC 087a INFO[0m [comm.grpc.server] [34;1mfunc1[0m -> unary call completed grpc.service=protos.Endorser grpc.method=ProcessProposal grpc.request_deadline=2026-09-14T17:39:40.852Z grpc.peer_address=172.18.0.5:55100 grpc.peer_subject="CN=peer0.org1.example.com,L=San Francisco,ST=California,C=US" grpc.code=OK grpc.call_duration=876.291µs
2026-09-14T17:39:10.892898926Z [34m2026-09-14 17:39:10.892 UTC 087c INFO[0m [endorser] [34;1mcallChaincode[0m -> finished chaincode: kvstore duration: 0ms channel=mychannel txID=33bd51f7
2026-09-14T17:39:10.892928782Z [34m2026-09-14 17:39:10.892 UTC 087b INFO[0m [endorser] [34;1mcallChaincode[0m -> finished chaincode: kvstore duration: 0ms channel=mychannel txID=6bb267e9
2026-09-14T17:39:10.892942027Z [34m2026-09-14 17:39:10.892 UTC 087d INFO[0m [comm.grpc.server] [34;1mfunc1[0m -> unary call completed grpc.service=protos.Endorser grpc.method=ProcessProposal grpc.request_deadline=2026-09-14T17:39:40.892Z grpc.peer_address=172.18.0.5:55100 grpc.peer_subject="CN=peer0.org1.example.com,L=San Francisco,ST=California,C=US" grpc.code=OK grpc.call_duration=780.739µs
2026-09-14T17:39:10.892990479Z [34m2026-09-14 17:39:10.892 UTC 087e INFO[0m [comm.grpc.server] [34;1mfunc1[0m -> unary call completed grpc.service=protos.Endorser grpc.method=ProcessProposal grpc.request_deadline=2026-09-14T17:39:40.892Z grpc.peer_address=172.18.0.5:55100 grpc.peer_subject="CN=peer0.org1.example.com,L=San Francisco,ST=California,C=US" grpc.code=OK grpc.call_duration=834.461µs
2026-09-14T17:39:10.934571133Z [34m2026-09-14 17:39:10.934 UTC 087f INFO[0m [endorser] [34;1mcallChaincode[0m -> finished chaincode: kvstore duration: 0ms channel=mychannel txID=9c2e94d4
2026-09-14T17:39:10.934588947Z [34m2026-09-14 17:39:10.934 UTC 0880 INFO[0m [endorser] [34;1mcallChaincode[0m -> finished chaincode: kvstore duration: 0ms channel=mychannel txID=65544316
2026-09-14T17:39:10.934631437Z [34m2026-09-14 17:39:10.934 UTC 0881 INFO[0m [comm.grpc.server] [34;1mfunc1[0m -> unary call completed grpc.service=protos.Endorser grpc.method=ProcessProposal grpc.request_deadline=2026-09-14T17:39:40.933Z grpc.peer_address=172.18.0.5:55100 grpc.peer_subject="CN=peer0.org1.example.com,L=San Francisco,ST=California,C=US" grpc.code=OK grpc.call_duration=1.175828ms
2026-09-14T17:39:10.934655813Z [34m2026-09-14 17:39:10.934 UTC 0882 INFO[0m [comm.grpc.server] [34;1mfunc1[0m -> unary call completed grpc.service=protos.Endorser grpc.method=ProcessProposal grpc.request_deadline=2026-09-14T17:39:40.933Z grpc.peer_address=172.18.0.5:55100 grpc.peer_subject="CN=peer0.org1.example.com,L=San Francisco,ST=California,C=US" grpc.code=OK grpc.call_duration=1.121785ms
2026-09-14T17:39:10.972998001Z [34m2026-09-14 17:39:10.972 UTC 0883 INFO[0m [endorser] [34;1mcallChaincode[0m -> finished chaincode: kvstore duration: 0ms channel=mychannel txID=aed89d7d
2026-09-14T17:39:10.973010855Z [34m2026-09-14 17:39:10.972 UTC 0884 INFO[0m [endorser] [34;1mcallChaincode[0m -> finished chaincode: kvstore duration: 0ms channel=mychannel txID=b9409fec
2026-09-14T17:39:10.973061551Z [34m2026-09-14 17:39:10.973 UTC 0885 INFO[0m [comm.grpc.server] [34;1mfunc1[0m -> unary call completed grpc.service=protos.Endorser grpc.method=ProcessProposal grpc.request_deadline=2026-09-14T17:39:40.972Z grpc.peer_address=172.18.0.5:55100 grpc.peer_subject="CN=peer0.org1.example.com,L=San Francisco,ST=California,C=US" grpc.code=OK grpc.call_duration=823.019µs
2026-09-14T17:39:10.973094203Z [34m2026-09-14 17:39:10.973 UTC 0886 INFO[0m [comm.grpc.server] [34;1mfunc1[0m -> unary call completed grpc.service=protos.Endorser grpc.method=ProcessProposal grpc.request_deadline=2026-09-14T17:39:40.972Z grpc.peer_address=172.18.0.5:55100 grpc.peer_subject="CN=peer0.org1.example.com,L=San Francisco,ST=California,C=US" grpc.code=OK grpc.call_duration=858.015µs
2026-09-14T17:39:11.012859748Z [34m2026-09-14 17:39:11.012 UTC 0887 INFO[0m [endorser] [34;1mcallChaincode[0m -> finished chaincode: kvstore duration: 0ms channel=mychannel txID=e4d7fe2a
2026-09-14T17:39:11.012875688Z [34m2026-09-14 17:39:11.012 UTC 0888 INFO[0m [endorser] [34;1mcallChaincode[0m -> finished chaincode: kvstore duration: 0ms channel=mychannel txID=10c4f912
2026-09-14T17:39:11.012896618Z [34m2026-09-14 17:39:11.012 UTC 0889 INFO[0m [comm.grpc.server] [34;1mfunc1[0m -> unary call completed grpc.service=protos.Endorser grpc.method=ProcessProposal grpc.request_deadline=2026-09-14T17:39:41.012Z grpc.peer_address=172.18.0.5:55100 grpc.peer_subject="CN=peer0.org1.example.com,L=San Francisco,ST=California,C=US" grpc.code=OK grpc.call_duration=735.373µs
2026-09-14T17:39:11.012916505Z [34m2026-09-14 17:39:11.012 UTC 088a INFO[0m [comm.grpc.server] [34;1mfunc1[0m -> unary call completed grpc.service=protos.Endorser grpc.method=ProcessProposal grpc.request_deadline=2026-09-14T17:39:41.012Z grpc.peer_address=172.18.0.5:55100 grpc.peer_subject="CN=peer0.org1.example.com,L=San Francisco,ST=California,C=US" grpc.code=OK grpc.call_duration=789.646µs
2026-09-14T17:39:11.052931743Z [34m2026-09-14 17:39:11.052 UTC 088b INFO[0m [endorser] [34;1mcallChaincode[0m -> finished chaincode: kvstore duration: 0ms channel=mychannel txID=87658999
2026-09-14T17:39:11.052950388Z [34m2026-09-14 17:39:11.052 UTC 088c INFO[0m [endorser] [34;1mcallChaincode[0m -> finished chaincode: kvstore duration: 0ms channel=mychannel txID=776c3f05
2026-09-14T17:39:11.053026543Z [34m2026-09-14 17:39:11.052 UTC 088d INFO[0m [comm.grpc.server] [34;1mfunc1[0m -> unary call completed grpc.service=protos.Endorser grpc.method=ProcessProposal grpc.request_deadline=2026-09-14T17:39:41.052Z grpc.peer_address=172.18.0.5:55100 grpc.peer_subject="CN=peer0.org1.example.com,L=San Francisco,ST=California,C=US" grpc.code=OK grpc.call_duration=852.906µs
2026-09-14T17:39:11.053035700Z [34m2026-09-14 17:39:11.052 UTC 088e INFO[0m [comm.grpc.server] [34;1mfunc1[0m -> unary call completed grpc.service=protos.Endorser grpc.method=ProcessProposal grpc.request_deadline=2026-09-14T17:39:41.052Z grpc.peer_address=172.18.0.5:55100 grpc.peer_subject="CN=peer0.org1.example.com,L=San Francisco,ST=California,C=US" grpc.code=OK grpc.call_duration=907.62µs
2026-09-14T17:39:11.093365564Z [34m2026-09-14 17:39:11.093 UTC 088f INFO[0m [endorser] [34;1mcallChaincode[0m -> finished chaincode: kvstore duration: 0ms channel=mychannel txID=9e10e2f3
2026-09-14T17:39:11.093377737Z [34m2026-09-14 17:39:11.093 UTC 0890 INFO[0m [endorser] [34;1mcallChaincode[0m -> finished chaincode: kvstore duration: 0ms channel=mychannel txID=bc9832ff
2026-09-14T17:39:11.093433342Z [34m2026-09-14 17:39:11.093 UTC 0892 INFO[0m [comm.grpc.server] [34;1mfunc1[0m -> unary call completed grpc.service=protos.Endorser grpc.method=ProcessProposal grpc.request_deadline=2026-09-14T17:39:41.092Z grpc.peer_address=172.18.0.5:55100 grpc.peer_subject="CN=peer0.org1.example.com,L=San Francisco,ST=California,C=US" grpc.code=OK grpc.call_duration=977.822µs
2026-09-14T17:39:11.093439083Z [34m2026-09-14 17:39:11.093 UTC 0891 INFO[0m [comm.grpc.server] [34;1mfunc1[0m -> unary call completed grpc.service=protos.Endorser grpc.method=ProcessProposal grpc.request_deadline=2026-09-14T17:39:41.092Z grpc.peer_address=172.18.0.5:55100 grpc.peer_subject="CN=peer0.org1.example.com,L=San Francisco,ST=California,C=US" grpc.code=OK grpc.call_duration=943.898µs
2026-09-14T17:39:11.133773255Z [34m2026-09-14 17:39:11.133 UTC 0893 INFO[0m [endorser] [34;1mcallChaincode[0m -> finished chaincode: kvstore duration: 0ms channel=mychannel txID=491c2484
2026-09-14T17:39:11.133787322Z [34m2026-09-14 17:39:11.133 UTC 0894 INFO[0m [endorser] [34;1mcallChaincode[0m -> finished chaincode: kvstore duration: 0ms channel=mychannel txID=18bd47a0
2026-09-14T17:39:11.133827227Z [34m2026-09-14 17:39:11.133 UTC 0895 INFO[0m [comm.grpc.server] [34;1mfunc1[0m -> unary call completed grpc.service=protos.Endorser grpc.method=ProcessProposal grpc.request_deadline=2026-09-14T17:39:41.132Z grpc.peer_address=172.18.0.5:55100 grpc.peer_subject="CN=peer0.org1.example.com,L=San Francisco,ST=California,C=US" grpc.code=OK grpc.call_duration=850.863µs
2026-09-14T17:39:11.133841745Z [34m2026-09-14 17:39:11.133 UTC 0896 INFO[0m [comm.grpc.server] [34;1mfunc1[0m -> unary call completed grpc.service=protos.Endorser grpc.method=ProcessProposal grpc.request_deadline=2026-09-14T17:39:41.132Z grpc.peer_address=172.18.0.5:55100 grpc.peer_subject="CN=peer0.org1.example.com,L=San Francisco,ST=California,C=US" grpc.code=OK grpc.call_duration=867.173µs
2026-09-14T17:39:11.173098365Z [34m2026-09-14 17:39:11.172 UTC 0897 INFO[0m [endorser] [34;1mcallChaincode[0m -> finished chaincode: kvstore duration: 0ms channel=mychannel txID=b275f36b
2026-09-14T17:39:11.173152327Z [34m2026-09-14 17:39:11.173 UTC 0898 INFO[0m [endorser] [34;1mcallChaincode[0m -> finished chaincode: kvstore duration: 0ms channel=mychannel txID=c8f6a343
2026-09-14T17:39:11.173259530Z [34m2026-09-14 17:39:11.173 UTC 0899 INFO[0m [comm.grpc.server] [34;1mfunc1[0m -> unary call completed grpc.service=protos.Endorser grpc.method=ProcessProposal grpc.request_deadline=2026-09-14T17:39:41.172Z grpc.peer_address=172.18.0.5:55100 grpc.peer_subject="CN=peer0.org1.example.com,L=San Francisco,ST=California,C=US" grpc.code=OK grpc.call_duration=1.061301ms
2026-09-14T17:39:11.173295899Z [34m2026-09-14 17:39:11.173 UTC 089a INFO[0m [comm.grpc.server] [34;1mfunc1[0m -> unary call completed grpc.service=protos.Endorser grpc.method=ProcessProposal grpc.request_deadline=2026-09-14T17:39:41.172Z grpc.peer_address=172.18.0.5:55100 grpc.peer_subject="CN=peer0.org1.example.com,L=San Francisco,ST=California,C=US" grpc.code=OK grpc.call_duration=1.126164ms
2026-09-14T17:39:11.207933067Z [34m2026-09-14 17:39:11.207 UTC 089b INFO[0m [gossip.privdata] [34;1mStoreBlock[0m -> Received block [23] from buffer channel=mychannel
2026-09-14T17:39:11.220529374Z [34m2026-09-14 17:39:11.220 UTC 089c INFO[0m [endorser] [34;1mcallChaincode[0m -> finished chaincode: kvstore duration: 1ms channel=mychannel txID=646991f2
2026-09-14T17:39:11.220584919Z [34m2026-09-14 17:39:11.220 UTC 089d INFO[0m [comm.grpc.server] [34;1mfunc1[0m -> unary call completed grpc.service=protos.Endorser grpc.method=ProcessProposal grpc.request_deadline=2026-09-14T17:39:41.218Z grpc.peer_address=172.18.0.5:55100 grpc.peer_subject="CN=peer0.org1.example.com,L=San Francisco,ST=California,C=US" grpc.code=OK grpc.call_duration=1.6621ms
2026-09-14T17:39:11.220717159Z [34m2026-09-14 17:39:11.220 UTC 089e INFO[0m [endorser] [34;1mcallChaincode[0m -> finished chaincode: kvstore duration: 1ms channel=mychannel txID=95ea3ee1
2026-09-14T17:39:11.220736195Z [34m2026-09-14 17:39:11.220 UTC 089f INFO[0m [committer.txvalidator] [34;1mValidate[0m -> [mychannel] Validated block [23] in 12ms
2026-09-14T17:39:11.220792161Z [34m2026-09-14 17:39:11.220 UTC 08a0 INFO[0m [comm.grpc.server] [34;1mfunc1[0m -> unary call completed grpc.service=protos.Endorser grpc.method=ProcessProposal grpc.request_deadline=2026-09-14T17:39:41.218Z grpc.peer_address=172.18.0.5:55100 grpc.peer_subject="CN=peer0.org1.example.com,L=San Francisco,ST=California,C=US" grpc.code=OK grpc.call_duration=1.52011ms
2026-09-14T17:39:11.281184648Z [34m2026-09-14 17:39:11.281 UTC 08a1 INFO[0m [kvledger] [34;1mcommit[0m -> [mychannel] Committed block [23] with 54 transaction(s) in 59ms (state_validation=0ms block_and_pvtdata_commit=36ms state_commit=11ms) commitHash=[42c38e5b4c6363f6c0ccc4b7daca182c4ed57674d5a81c86c40aa1daf1173bab]
2026-09-14T17:39:11.281955258Z [34m2026-09-14 17:39:11.281 UTC 08a2 INFO[0m [endorser] [34;1mcallChaincode[0m -> finished chaincode: kvstore duration: 0ms channel=mychannel txID=72a419cc
2026-09-14T17:39:11.281979174Z [34m2026-09-14 17:39:11.281 UTC 08a3 INFO[0m [endorser] [34;1mcallChaincode[0m -> finished chaincode: kvstore duration: 0ms channel=mychannel txID=85a36ffb
2026-09-14T17:39:11.282028417Z [34m2026-09-14 17:39:11.281 UTC 08a4 INFO[0m [comm.grpc.server] [34;1mfunc1[0m -> unary call completed grpc.service=protos.Endorser grpc.method=ProcessProposal grpc.request_deadline=2026-09-14T17:39:41.276Z grpc.peer_address=172.18.0.5:55100 grpc.peer_subject="CN=peer0.org1.example.com,L=San Francisco,ST=California,C=US" grpc.code=OK grpc.call_duration=5.018248ms
2026-09-14T17:39:11.282059165Z [34m2026-09-14 17:39:11.282 UTC 08a5 INFO[0m [comm.grpc.server] [34;1mfunc1[0m -> unary call completed grpc.service=protos.Endorser grpc.method=ProcessProposal grpc.request_deadline=2026-09-14T17:39:41.276Z grpc.peer_address=172.18.0.5:55100 grpc.peer_subject="CN=peer0.org1.example.com,L=San Francisco,ST=California,C=US" grpc.code=OK grpc.call_duration=5.058003ms
2026-09-14T17:39:11.292820274Z [34m2026-09-14 17:39:11.292 UTC 08a6 INFO[0m [endorser] [34;1mcallChaincode[0m -> finished chaincode: kvstore duration: 0ms channel=mychannel txID=75b74791
2026-09-14T17:39:11.292833830Z [34m2026-09-14 17:39:11.292 UTC 08a7 INFO[0m [endorser] [34;1mcallChaincode[0m -> finished chaincode: kvstore duration: 0ms channel=mychannel txID=9116e0c4
2026-09-14T17:39:11.292884666Z [34m2026-09-14 17:39:11.292 UTC 08a8 INFO[0m [comm.grpc.server] [34;1mfunc1[0m -> unary call completed grpc.service=protos.Endorser grpc.method=ProcessProposal grpc.request_deadline=2026-09-14T17:39:41.292Z grpc.peer_address=172.18.0.5:55100 grpc.peer_subject="CN=peer0.org1.example.com,L=San Francisco,ST=California,C=US" grpc.code=OK grpc.call_duration=769.578µs
2026-09-14T17:39:11.292908652Z [34m2026-09-14 17:39:11.292 UTC 08a9 INFO[0m [comm.grpc.server] [34;1mfunc1[0m -> unary call completed grpc.service=protos.Endorser grpc.method=ProcessProposal grpc.request_deadline=2026-09-14T17:39:41.291Z grpc.peer_address=172.18.0.5:55100 grpc.peer_subject="CN=peer0.org1.example.com,L=San Francisco,ST=California,C=US" grpc.code=OK grpc.call_duration=835.854µs
2026-09-14T17:39:11.333657990Z [34m2026-09-14 17:39:11.333 UTC 08aa INFO[0m [endorser] [34;1mcallChaincode[0m -> finished chaincode: kvstore duration: 0ms channel=mychannel txID=9a8052ad
2026-09-14T17:39:11.333685462Z [34m2026-09-14 17:39:11.333 UTC 08ab INFO[0m [comm.grpc.server] [34;1mfunc1[0m -> unary call completed grpc.service=protos.Endorser grpc.method=ProcessProposal grpc.request_deadline=2026-09-14T17:39:41.332Z grpc.peer_address=172.18.0.5:55100 grpc.peer_subject="CN=peer0.org1.example.com,L=San Francisco,ST=California,C=US" grpc.code=OK grpc.call_duration=690.809µs
2026-09-14T17:39:11.333803957Z [34m2026-09-14 17:39:11.333 UTC 08ac INFO[0m [endorser] [34;1mcallChaincode[0m -> finished chaincode: kvstore duration: 0ms channel=mychannel txID=50a1c203
2026-09-14T17:39:11.333911040Z [34m2026-09-14 17:39:11.333 UTC 08ad INFO[0m [comm.grpc.server] [34;1mfunc1[0m -> unary call completed grpc.service=protos.Endorser grpc.method=ProcessProposal grpc.request_deadline=2026-09-14T17:39:41.332Z grpc.peer_address=172.18.0.5:55100 grpc.peer_subject="CN=peer0.org1.example.com,L=San Francisco,ST=California,C=US" grpc.code=OK grpc.call_duration=923.199µs
2026-09-14T17:39:11.373173531Z [34m2026-09-14 17:39:11.373 UTC 08ae INFO[0m [endorser] [34;1mcallChaincode[0m -> finished chaincode: kvstore duration: 0ms channel=mychannel txID=9c75e312
2026-09-14T17:39:11.373196855Z [34m2026-09-14 17:39:11.373 UTC 08af INFO[0m [endorser] [34;1mcallChaincode[0m -> finished chaincode: kvstore duration: 0ms channel=mychannel txID=38731d1e
2026-09-14T17:39:11.373230479Z [34m2026-09-14 17:39:11.373 UTC 08b0 INFO[0m [comm.grpc.server] [34;1mfunc1[0m -> unary call completed grpc.service=protos.Endorser grpc.method=ProcessProposal grpc.request_deadline=2026-09-14T17:39:41.372Z grpc.peer_address=172.18.0.5:55100 grpc.peer_subject="CN=peer0.org1.example.com,L=San Francisco,ST=California,C=US" grpc.code=OK grpc.call_duration=1.043297ms
2026-09-14T17:39:11.373259294Z [34m2026-09-14 17:39:11.373 UTC 08b1 INFO[0m [comm.grpc.server] [34;1mfunc1[0m -> unary call completed grpc.service=protos.Endorser grpc.method=ProcessProposal grpc.request_deadline=2026-09-14T17:39:41.372Z grpc.peer_address=172.18.0.5:55100 grpc.peer_subject="CN=peer0.org1.example.com,L=San Francisco,ST=California,C=US" grpc.code=OK grpc.call_duration=1.081449ms
2026-09-14T17:39:11.413578728Z [34m2026-09-14 17:39:11.413 UTC 08b2 INFO[0m [endorser] [34;1mcallChaincode[0m -> finished chaincode: kvstore duration: 0ms channel=mychannel txID=57be158a
2026-09-14T17:39:11.413590841Z [34m2026-09-14 17:39:11.413 UTC 08b3 INFO[0m [endorser] [34;1mcallChaincode[0m -> finished chaincode: kvstore duration: 0ms channel=mychannel txID=b7bb7c00
2026-09-14T17:39:11.413636938Z [34m2026-09-14 17:39:11.413 UTC 08b4 INFO[0m [comm.grpc.server] [34;1mfunc1[0m -> unary call completed grpc.service=protos.Endorser grpc.method=ProcessProposal grpc.request_deadline=2026-09-14T17:39:41.412Z grpc.peer_address=172.18.0.5:55100 grpc.peer_subject="CN=peer0.org1.example.com,L=San Francisco,ST=California,C=US" grpc.code=OK grpc.call_duration=722.949µs
2026-09-14T17:39:11.413646656Z [34m2026-09-14 17:39:11.413 UTC 08b5 INFO[0m [comm.grpc.server] [34;1mfunc1[0m -> unary call completed grpc.service=protos.Endorser grpc.method=ProcessProposal grpc.request_deadline=2026-09-14T17:39:41.412Z grpc.peer_address=172.18.0.5:55100 grpc.peer_subject="CN=peer0.org1.example.com,L=San Francisco,ST=California,C=US" grpc.code=OK grpc.call_duration=729.953µs
2026-09-14T17:39:11.454601935Z [34m2026-09-14 17:39:11.454 UTC 08b6 INFO[0m [endorser] [34;1mcallChaincode[0m -> finished chaincode: kvstore duration: 0ms channel=mychannel txID=a395c747
2026-09-14T17:39:11.454733685Z [34m2026-09-14 17:39:11.454 UTC 08b7 INFO[0m [endorser] [34;1mcallChaincode[0m -> finished chaincode: kvstore duration: 0ms channel=mychannel txID=bbc46a60
2026-09-14T17:39:11.454762129Z [34m2026-09-14 17:39:11.454 UTC 08b8 INFO[0m [comm.grpc.server] [34;1mfunc1[0m -> unary call completed grpc.service=protos.Endorser grpc.method=ProcessProposal grpc.request_deadline=2026-09-14T17:39:41.453Z grpc.peer_address=172.18.0.5:55100 grpc.peer_subject="CN=peer0.org1.example.com,L=San Francisco,ST=California,C=US" grpc.code=OK grpc.call_duration=1.290215ms
2026-09-14T17:39:11.454768661Z [34m2026-09-14 17:39:11.454 UTC 08b9 INFO[0m [comm.grpc.server] [34;1mfunc1[0m -> unary call completed grpc.service=protos.Endorser grpc.method=ProcessProposal grpc.request_deadline=2026-09-14T17:39:41.453Z grpc.peer_address=172.18.0.5:55100 grpc.peer_subject="CN=peer0.org1.example.com,L=San Francisco,ST=California,C=US" grpc.code=OK grpc.call_duration=1.310554ms
2026-09-14T17:39:11.493646273Z [34m2026-09-14 17:39:11.493 UTC 08ba INFO[0m [endorser] [34;1mcallChaincode[0m -> finished chaincode: kvstore duration: 0ms channel=mychannel txID=77ac8c6b
2026-09-14T17:39:11.493669688Z [34m2026-09-14 17:39:11.493 UTC 08bb INFO[0m [endorser] [34;1mcallChaincode[0m -> finished chaincode: kvstore duration: 0ms channel=mychannel txID=d22ea997
2026-09-14T17:39:11.493699153Z [34m2026-09-14 17:39:11.493 UTC 08bc INFO[0m [comm.grpc.server] [34;1mfunc1[0m -> unary call completed grpc.service=protos.Endorser grpc.method=ProcessProposal grpc.request_deadline=2026-09-14T17:39:41.492Z grpc.peer_address=172.18.0.5:55100 grpc.peer_subject="CN=peer0.org1.example.com,L=San Francisco,ST=California,C=US" grpc.code=OK grpc.call_duration=763.186µs
2026-09-14T17:39:11.493706588Z [34m2026-09-14 17:39:11.493 UTC 08bd INFO[0m [comm.grpc.server] [34;1mfunc1[0m -> unary call completed grpc.service=protos.Endorser grpc.method=ProcessProposal grpc.request_deadline=2026-09-14T17:39:41.492Z grpc.peer_address=172.18.0.5:55100 grpc.peer_subject="CN=peer0.org1.example.com,L=San Francisco,ST=California,C=US" grpc.code=OK grpc.call_duration=743.609µs
2026-09-14T17:39:11.533463515Z [34m2026-09-14 17:39:11.533 UTC 08be INFO[0m [endorser] [34;1mcallChaincode[0m -> finished chaincode: kvstore duration: 0ms channel=mychannel txID=9d45b793
2026-09-14T17:39:11.533482191Z [34m2026-09-14 17:39:11.533 UTC 08bf INFO[0m [endorser] [34;1mcallChaincode[0m -> finished chaincode: kvstore duration: 0ms channel=mychannel txID=105248e1
2026-09-14T17:39:11.533526034Z [34m2026-09-14 17:39:11.533 UTC 08c0 INFO[0m [comm.grpc.server] [34;1mfunc1[0m -> unary call completed grpc.service=protos.Endorser grpc.method=ProcessProposal grpc.request_deadline=2026-09-14T17:39:41.532Z grpc.peer_address=172.18.0.5:55100 grpc.peer_subject="CN=peer0.org1.example.com,L=San Francisco,ST=California,C=US" grpc.code=OK grpc.call_duration=1.127556ms
2026-09-14T17:39:11.533535622Z [34m2026-09-14 17:39:11.533 UTC 08c1 INFO[0m [comm.grpc.server] [34;1mfunc1[0m -> unary call completed grpc.service=protos.Endorser grpc.method=ProcessProposal grpc.request_deadline=2026-09-14T17:39:41.532Z grpc.peer_address=172.18.0.5:55100 grpc.peer_subject="CN=peer0.org1.example.com,L=San Francisco,ST=California,C=US" grpc.code=OK grpc.call_duration=1.143577ms
2026-09-14T17:39:11.573807737Z [34m2026-09-14 17:39:11.573 UTC 08c2 INFO[0m [endorser] [34;1mcallChaincode[0m -> finished chaincode: kvstore duration: 0ms channel=mychannel txID=eda5d93c
2026-09-14T17:39:11.573824358Z [34m2026-09-14 17:39:11.573 UTC 08c3 INFO[0m [endorser] [34;1mcallChaincode[0m -> finished chaincode: kvstore duration: 0ms channel=mychannel txID=3b0ccc4d
2026-09-14T17:39:11.573857862Z [34m2026-09-14 17:39:11.573 UTC 08c4 INFO[0m [comm.grpc.server] [34;1mfunc1[0m -> unary call completed grpc.service=protos.Endorser grpc.method=ProcessProposal grpc.request_deadline=2026-09-14T17:39:41.572Z grpc.peer_address=172.18.0.5:55100 grpc.peer_subject="CN=peer0.org1.example.com,L=San Francisco,ST=California,C=US" grpc.code=OK grpc.call_duration=769.779µs
2026-09-14T17:39:11.573872990Z [34m2026-09-14 17:39:11.573 UTC 08c5 INFO[0m [comm.grpc.server] [34;1mfunc1[0m -> unary call completed grpc.service=protos.Endorser grpc.method=ProcessProposal grpc.request_deadline=2026-09-14T17:39:41.572Z grpc.peer_address=172.18.0.5:55100 grpc.peer_subject="CN=peer0.org1.example.com,L=San Francisco,ST=California,C=US" grpc.code=OK grpc.call_duration=766.984µs
2026-09-14T17:39:11.613610822Z [34m2026-09-14 17:39:11.613 UTC 08c6 INFO[0m [endorser] [34;1mcallChaincode[0m -> finished chaincode: kvstore duration: 0ms channel=mychannel txID=fda78ef9
2026-09-14T17:39:11.613628786Z [34m2026-09-14 17:39:11.613 UTC 08c7 INFO[0m [endorser] [34;1mcallChaincode[0m -> finished chaincode: kvstore duration: 0ms channel=mychannel txID=dd763f3d
2026-09-14T17:39:11.613678471Z [34m2026-09-14 17:39:11.613 UTC 08c8 INFO[0m [comm.grpc.server] [34;1mfunc1[0m -> unary call completed grpc.service=protos.Endorser grpc.method=ProcessProposal grpc.request_deadline=2026-09-14T17:39:41.612Z grpc.peer_address=172.18.0.5:55100 grpc.peer_subject="CN=peer0.org1.example.com,L=San Francisco,ST=California,C=US" grpc.code=OK grpc.call_duration=783.705µs
2026-09-14T17:39:11.613694020Z [34m2026-09-14 17:39:11.613 UTC 08c9 INFO[0m [comm.grpc.server] [34;1mfunc1[0m -> unary call completed grpc.service=protos.Endorser grpc.method=ProcessProposal grpc.request_deadline=2026-09-14T17:39:41.612Z grpc.peer_address=172.18.0.5:55100 grpc.peer_subject="CN=peer0.org1.example.com,L=San Francisco,ST=California,C=US" grpc.code=OK grpc.call_duration=801.028µs
2026-09-14T17:39:11.653840586Z [34m2026-09-14 17:39:11.653 UTC 08ca INFO[0m [endorser] [34;1mcallChaincode[0m -> finished chaincode: kvstore duration: 0ms channel=mychannel txID=4b5cb99f
2026-09-14T17:39:11.653898787Z [34m2026-09-14 17:39:11.653 UTC 08cb INFO[0m [endorser] [34;1mcallChaincode[0m -> finished chaincode: kvstore duration: 0ms channel=mychannel txID=0071d52d
2026-09-14T17:39:11.653920127Z [34m2026-09-14 17:39:11.653 UTC 08cc INFO[0m [comm.grpc.server] [34;1mfunc1[0m -> unary call completed grpc.service=protos.Endorser grpc.method=ProcessProposal grpc.request_deadline=2026-09-14T17:39:41.652Z grpc.peer_address=172.18.0.5:55100 grpc.peer_subject="CN=peer0.org1.example.com,L=San Francisco,ST=California,C=US" grpc.code=OK grpc.call_duration=930.964µs
2026-09-14T17:39:11.653937410Z [34m2026-09-14 17:39:11.653 UTC 08cd INFO[0m [comm.grpc.server] [34;1mfunc1[0m -> unary call completed grpc.service=protos.Endorser grpc.method=ProcessProposal grpc.request_deadline=2026-09-14T17:39:41.652Z grpc.peer_address=172.18.0.5:55100 grpc.peer_subject="CN=peer0.org1.example.com,L=San Francisco,ST=California,C=US" grpc.code=OK grpc.call_duration=957.094µs
2026-09-14T17:39:11.693469923Z [34m2026-09-14 17:39:11.693 UTC 08ce INFO[0m [endorser] [34;1mcallChaincode[0m -> finished chaincode: kvstore duration: 0ms channel=mychannel txID=f2f7c5da
2026-09-14T17:39:11.693481645Z [34m2026-09-14 17:39:11.693 UTC 08cf INFO[0m [endorser] [34;1mcallChaincode[0m -> finished chaincode: kvstore duration: 0ms channel=mychannel txID=7d5f5ac7
2026-09-14T17:39:11.693532421Z [34m2026-09-14 17:39:11.693 UTC 08d1 INFO[0m [comm.grpc.server] [34;1mfunc1[0m -> unary call completed grpc.service=protos.Endorser grpc.method=ProcessProposal grpc.request_deadline=2026-09-14T17:39:41.692Z grpc.peer_address=172.18.0.5:55100 grpc.peer_subject="CN=peer0.org1.example.com,L=San Francisco,ST=California,C=US" grpc.code=OK grpc.call_duration=811.077µs
2026-09-14T17:39:11.693555685Z [34m2026-09-14 17:39:11.693 UTC 08d0 INFO[0m [comm.grpc.server] [34;1mfunc1[0m -> unary call completed grpc.service=protos.Endorser grpc.method=ProcessProposal grpc.request_deadline=2026-09-14T17:39:41.692Z grpc.peer_address=172.18.0.5:55100 grpc.peer_subject="CN=peer0.org1.example.com,L=San Francisco,ST=California,C=US" grpc.code=OK grpc.call_duration=794.966µs
2026-09-14T17:39:11.734115294Z [34m2026-09-14 17:39:11.734 UTC 08d2 INFO[0m [endorser] [34;1mcallChaincode[0m -> finished chaincode: kvstore duration: 0ms channel=mychannel txID=c9f6da2c
2026-09-14T17:39:11.734140863Z [34m2026-09-14 17:39:11.734 UTC 08d3 INFO[0m [endorser] [34;1mcallChaincode[0m -> finished chaincode: kvstore duration: 0ms channel=mychannel txID=9db2a95e
2026-09-14T17:39:11.734171551Z [34m2026-09-14 17:39:11.734 UTC 08d4 INFO[0m [comm.grpc.server] [34;1mfunc1[0m -> unary call completed grpc.service=protos.Endorser grpc.method=ProcessProposal grpc.request_deadline=2026-09-14T17:39:41.733Z grpc.peer_address=172.18.0.5:55100 grpc.peer_subject="CN=peer0.org1.example.com,L=San Francisco,ST=California,C=US" grpc.code=OK grpc.call_duration=965.549µs
2026-09-14T17:39:11.734233398Z [34m2026-09-14 17:39:11.734 UTC 08d5 INFO[0m [comm.grpc.server] [34;1mfunc1[0m -> unary call completed grpc.service=protos.Endorser grpc.method=ProcessProposal grpc.request_deadline=2026-09-14T17:39:41.733Z grpc.peer_address=172.18.0.5:55100 grpc.peer_subject="CN=peer0.org1.example.com,L=San Francisco,ST=California,C=US" grpc.code=OK grpc.call_duration=1.010765ms
2026-09-14T17:39:11.774065810Z [34m2026-09-14 17:39:11.774 UTC 08d6 INFO[0m [endorser] [34;1mcallChaincode[0m -> finished chaincode: kvstore duration: 0ms channel=mychannel txID=f53491c7
2026-09-14T17:39:11.774105084Z [34m2026-09-14 17:39:11.774 UTC 08d7 INFO[0m [endorser] [34;1mcallChaincode[0m -> finished chaincode: kvstore duration: 0ms channel=mychannel txID=c5e86da5
2026-09-14T17:39:11.774119131Z [34m2026-09-14 17:39:11.774 UTC 08d8 INFO[0m [comm.grpc.server] [34;1mfunc1[0m -> unary call completed grpc.service=protos.Endorser grpc.method=ProcessProposal grpc.request_deadline=2026-09-14T17:39:41.773Z grpc.peer_address=172.18.0.5:55100 grpc.peer_subject="CN=peer0.org1.example.com,L=San Francisco,ST=California,C=US" grpc.code=OK grpc.call_duration=977.892µs
2026-09-14T17:39:11.774168414Z [34m2026-09-14 17:39:11.774 UTC 08d9 INFO[0m [comm.grpc.server] [34;1mfunc1[0m -> unary call completed grpc.service=protos.Endorser grpc.method=ProcessProposal grpc.request_deadline=2026-09-14T17:39:41.773Z grpc.peer_address=172.18.0.5:55100 grpc.peer_subject="CN=peer0.org1.example.com,L=San Francisco,ST=California,C=US" grpc.code=OK grpc.call_duration=1.022457ms
2026-09-14T17:39:11.813465601Z [34m2026-09-14 17:39:11.813 UTC 08da INFO[0m [endorser] [34;1mcallChaincode[0m -> finished chaincode: kvstore duration: 0ms channel=mychannel txID=8a8fadc4
2026-09-14T17:39:11.813479858Z [34m2026-09-14 17:39:11.813 UTC 08db INFO[0m [endorser] [34;1mcallChaincode[0m -> finished chaincode: kvstore duration: 0ms channel=mychannel txID=06ef8e12
2026-09-14T17:39:11.813522839Z [34m2026-09-14 17:39:11.813 UTC 08dc INFO[0m [comm.grpc.server] [34;1mfunc1[0m -> unary call completed grpc.service=protos.Endorser grpc.method=ProcessProposal grpc.request_deadline=2026-09-14T17:39:41.812Z grpc.peer_address=172.18.0.5:55100 grpc.peer_subject="CN=peer0.org1.example.com,L=San Francisco,ST=California,C=US" grpc.code=OK grpc.call_duration=827.778µs
2026-09-14T17:39:11.813543899Z [34m2026-09-14 17:39:11.813 UTC 08dd INFO[0m [comm.grpc.server] [34;1mfunc1[0m -> unary call completed grpc.service=protos.Endorser grpc.method=ProcessProposal grpc.request_deadline=2026-09-14T17:39:41.812Z grpc.peer_address=172.18.0.5:55100 grpc.peer_subject="CN=peer0.org1.example.com,L=San Francisco,ST=California,C=US" grpc.code=OK grpc.call_duration=831.285µs
2026-09-14T17:39:11.853873192Z [34m2026-09-14 17:39:11.853 UTC 08de INFO[0m [endorser] [34;1mcallChaincode[0m -> finished chaincode: kvstore duration: 0ms channel=mychannel txID=87c843c7
2026-09-14T17:39:11.853885585Z [34m2026-09-14 17:39:11.853 UTC 08df INFO[0m [endorser] [34;1mcallChaincode[0m -> finished chaincode: kvstore duration: 0ms channel=mychannel txID=7ecc826f
2026-09-14T17:39:11.853919940Z [34m2026-09-14 17:39:11.853 UTC 08e0 INFO[0m [comm.grpc.server] [34;1mfunc1[0m -> unary call completed grpc.service=protos.Endorser grpc.method=ProcessProposal grpc.request_deadline=2026-09-14T17:39:41.853Z grpc.peer_address=172.18.0.5:55100 grpc.peer_subject="CN=peer0.org1.example.com,L=San Francisco,ST=California,C=US" grpc.code=OK grpc.call_duration=764.76µs
2026-09-14T17:39:11.853931933Z [34m2026-09-14 17:39:11.853 UTC 08e1 INFO[0m [comm.grpc.server] [34;1mfunc1[0m -> unary call completed grpc.service=protos.Endorser grpc.method=ProcessProposal grpc.request_deadline=2026-09-14T17:39:41.853Z grpc.peer_address=172.18.0.5:55100 grpc.peer_subject="CN=peer0.org1.example.com,L=San Francisco,ST=California,C=US" grpc.code=OK grpc.call_duration=778.094µs
2026-09-14T17:39:11.892865231Z [34m2026-09-14 17:39:11.892 UTC 08e2 INFO[0m [endorser] [34;1mcallChaincode[0m -> finished chaincode: kvstore duration: 0ms channel=mychannel txID=ba69c1b9
2026-09-14T17:39:11.892921187Z [34m2026-09-14 17:39:11.892 UTC 08e3 INFO[0m [endorser] [34;1mcallChaincode[0m -> finished chaincode: kvstore duration: 0ms channel=mychannel txID=25d098be
2026-09-14T17:39:11.892930385Z [34m2026-09-14 17:39:11.892 UTC 08e4 INFO[0m [comm.grpc.server] [34;1mfunc1[0m -> unary call completed grpc.service=protos.Endorser grpc.method=ProcessProposal grpc.request_deadline=2026-09-14T17:39:41.892Z grpc.peer_address=172.18.0.5:55100 grpc.peer_subject="CN=peer0.org1.example.com,L=San Francisco,ST=California,C=US" grpc.code=OK grpc.call_duration=844.731µs
2026-09-14T17:39:11.893031346Z [34m2026-09-14 17:39:11.892 UTC 08e5 INFO[0m [comm.grpc.server] [34;1mfunc1[0m -> unary call completed grpc.service=protos.Endorser grpc.method=ProcessProposal grpc.request_deadline=2026-09-14T17:39:41.891Z grpc.peer_address=172.18.0.5:55100 grpc.peer_subject="CN=peer0.org1.example.com,L=San Francisco,ST=California,C=US" grpc.code=OK grpc.call_duration=907.86µs
2026-09-14T17:39:11.933221715Z [34m2026-09-14 17:39:11.933 UTC 08e6 INFO[0m [endorser] [34;1mcallChaincode[0m -> finished chaincode: kvstore duration: 0ms channel=mychannel txID=509a180b
2026-09-14T17:39:11.933301376Z [34m2026-09-14 17:39:11.933 UTC 08e7 INFO[0m [endorser] [34;1mcallChaincode[0m -> finished chaincode: kvstore duration: 0ms channel=mychannel txID=871f3eb6
2026-09-14T17:39:11.933363013Z [34m2026-09-14 17:39:11.933 UTC 08e8 INFO[0m [comm.grpc.server] [34;1mfunc1[0m -> unary call completed grpc.service=protos.Endorser grpc.method=ProcessProposal grpc.request_deadline=2026-09-14T17:39:41.932Z grpc.peer_address=172.18.0.5:55100 grpc.peer_subject="CN=peer0.org1.example.com,L=San Francisco,ST=California,C=US" grpc.code=OK grpc.call_duration=753.998µs
2026-09-14T17:39:11.933379815Z [34m2026-09-14 17:39:11.933 UTC 08e9 INFO[0m [comm.grpc.server] [34;1mfunc1[0m -> unary call completed grpc.service=protos.Endorser grpc.method=ProcessProposal grpc.request_deadline=2026-09-14T17:39:41.932Z grpc.peer_address=172.18.0.5:55100 grpc.peer_subject="CN=peer0.org1.example.com,L=San Francisco,ST=California,C=US" grpc.code=OK grpc.call_duration=795.988µs
2026-09-14T17:39:11.973768119Z [34m2026-09-14 17:39:11.973 UTC 08ea INFO[0m [endorser] [34;1mcallChaincode[0m -> finished chaincode: kvstore duration: 0ms channel=mychannel txID=d352e88f
2026-09-14T17:39:11.973780052Z [34m2026-09-14 17:39:11.973 UTC 08eb INFO[0m [endorser] [34;1mcallChaincode[0m -> finished chaincode: kvstore duration: 0ms channel=mychannel txID=2efbaa11
2026-09-14T17:39:11.973833363Z [34m2026-09-14 17:39:11.973 UTC 08ed INFO[0m [comm.grpc.server] [34;1mfunc1[0m -> unary call completed grpc.service=protos.Endorser grpc.method=ProcessProposal grpc.request_deadline=2026-09-14T17:39:41.972Z grpc.peer_address=172.18.0.5:55100 grpc.peer_subject="CN=peer0.org1.example.com,L=San Francisco,ST=California,C=US" grpc.code=OK grpc.call_duration=835.253µs
2026-09-14T17:39:11.973841598Z [34m2026-09-14 17:39:11.973 UTC 08ec INFO[0m [comm.grpc.server] [34;1mfunc1[0m -> unary call completed grpc.service=protos.Endorser grpc.method=ProcessProposal grpc.request_deadline=2026-09-14T17:39:41.972Z grpc.peer_address=172.18.0.5:55100 grpc.peer_subject="CN=peer0.org1.example.com,L=San Francisco,ST=California,C=US" grpc.code=OK grpc.call_duration=821.917µs
2026-09-14T17:39:12.013161188Z [34m2026-09-14 17:39:12.013 UTC 08ee INFO[0m [endorser] [34;1mcallChaincode[0m -> finished chaincode: kvstore duration: 0ms channel=mychannel txID=9b8f7e82
2026-09-14T17:39:12.013177339Z [34m2026-09-14 17:39:12.013 UTC 08ef INFO[0m [endorser] [34;1mcallChaincode[0m -> finished chaincode: kvstore duration: 0ms channel=mychannel txID=8b301f9b
2026-09-14T17:39:12.013210582Z [34m2026-09-14 17:39:12.013 UTC 08f0 INFO[0m [comm.grpc.server] [34;1mfunc1[0m -> unary call completed grpc.service=protos.Endorser grpc.method=ProcessProposal grpc.request_deadline=2026-09-14T17:39:42.012Z grpc.peer_address=172.18.0.5:55100 grpc.peer_subject="CN=peer0.org1.example.com,L=San Francisco,ST=California,C=US" grpc.code=OK grpc.call_duration=956.041µs
2026-09-14T17:39:12.013220982Z [34m2026-09-14 17:39:12.013 UTC 08f1 INFO[0m [comm.grpc.server] [34;1mfunc1[0m -> unary call completed grpc.service=protos.Endorser grpc.method=ProcessProposal grpc.request_deadline=2026-09-14T17:39:42.012Z grpc.peer_address=172.18.0.5:55100 grpc.peer_subject="CN=peer0.org1.example.com,L=San Francisco,ST=California,C=US" grpc.code=OK grpc.call_duration=982.181µs
2026-09-14T17:39:12.054045082Z [34m2026-09-14 17:39:12.053 UTC 08f2 INFO[0m [endorser] [34;1mcallChaincode[0m -> finished chaincode: kvstore duration: 0ms channel=mychannel txID=c7916508
2026-09-14T17:39:12.054065491Z [34m2026-09-14 17:39:12.053 UTC 08f3 INFO[0m [endorser] [34;1mcallChaincode[0m -> finished chaincode: kvstore duration: 0ms channel=mychannel txID=88e072ff
2026-09-14T17:39:12.054112400Z [34m2026-09-14 17:39:12.054 UTC 08f4 INFO[0m [comm.grpc.server] [34;1mfunc1[0m -> unary call completed grpc.service=protos.Endorser grpc.method=ProcessProposal grpc.request_deadline=2026-09-14T17:39:42.053Z grpc.peer_address=172.18.0.5:55100 grpc.peer_subject="CN=peer0.org1.example.com,L=San Francisco,ST=California,C=US" grpc.code=OK grpc.call_duration=958.857µs
2026-09-14T17:39:12.054124472Z [34m2026-09-14 17:39:12.054 UTC 08f5 INFO[0m [comm.grpc.server] [34;1mfunc1[0m -> unary call completed grpc.service=protos.Endorser grpc.method=ProcessProposal grpc.request_deadline=2026-09-14T17:39:42.053Z grpc.peer_address=172.18.0.5:55100 grpc.peer_subject="CN=peer0.org1.example.com,L=San Francisco,ST=California,C=US" grpc.code=OK grpc.call_duration=1.00299ms
2026-09-14T17:39:12.093376063Z [34m2026-09-14 17:39:12.093 UTC 08f6 INFO[0m [endorser] [34;1mcallChaincode[0m -> finished chaincode: kvstore duration: 0ms channel=mychannel txID=5f4f45db
2026-09-14T17:39:12.093387795Z [34m2026-09-14 17:39:12.093 UTC 08f7 INFO[0m [endorser] [34;1mcallChaincode[0m -> finished chaincode: kvstore duration: 0ms channel=mychannel txID=5031efe3
2026-09-14T17:39:12.093428873Z [34m2026-09-14 17:39:12.093 UTC 08f8 INFO[0m [comm.grpc.server] [34;1mfunc1[0m -> unary call completed grpc.service=protos.Endorser grpc.method=ProcessProposal grpc.request_deadline=2026-09-14T17:39:42.092Z grpc.peer_address=172.18.0.5:55100 grpc.peer_subject="CN=peer0.org1.example.com,L=San Francisco,ST=California,C=US" grpc.code=OK grpc.call_duration=779.396µs
2026-09-14T17:39:12.093440926Z [34m2026-09-14 17:39:12.093 UTC 08f9 INFO[0m [comm.grpc.server] [34;1mfunc1[0m -> unary call completed grpc.service=protos.Endorser grpc.method=ProcessProposal grpc.request_deadline=2026-09-14T17:39:42.092Z grpc.peer_address=172.18.0.5:55100 grpc.peer_subject="CN=peer0.org1.example.com,L=San Francisco,ST=California,C=US" grpc.code=OK grpc.call_duration=774.157µs
2026-09-14T17:39:12.133627489Z [34m2026-09-14 17:39:12.133 UTC 08fa INFO[0m [endorser] [34;1mcallChaincode[0m -> finished chaincode: kvstore duration: 0ms channel=mychannel txID=1b070c8f
2026-09-14T17:39:12.133637157Z [34m2026-09-14 17:39:12.133 UTC 08fb INFO[0m [endorser] [34;1mcallChaincode[0m -> finished chaincode: kvstore duration: 0ms channel=mychannel txID=47a81d60
2026-09-14T17:39:12.133691039Z [34m2026-09-14 17:39:12.133 UTC 08fc INFO[0m [comm.grpc.server] [34;1mfunc1[0m -> unary call completed grpc.service=protos.Endorser grpc.method=ProcessProposal grpc.request_deadline=2026-09-14T17:39:42.132Z grpc.peer_address=172.18.0.5:55100 grpc.peer_subject="CN=peer0.org1.example.com,L=San Francisco,ST=California,C=US" grpc.code=OK grpc.call_duration=849.75µs
2026-09-14T17:39:12.133702441Z [34m2026-09-14 17:39:12.133 UTC 08fd INFO[0m [comm.grpc.server] [34;1mfunc1[0m -> unary call completed grpc.service=protos.Endorser grpc.method=ProcessProposal grpc.request_deadline=2026-09-14T17:39:42.132Z grpc.peer_address=172.18.0.5:55100 grpc.peer_subject="CN=peer0.org1.example.com,L=San Francisco,ST=California,C=US" grpc.code=OK grpc.call_duration=866.932µs
2026-09-14T17:39:12.173339081Z [34m2026-09-14 17:39:12.173 UTC 08fe INFO[0m [endorser] [34;1mcallChaincode[0m -> finished chaincode: kvstore duration: 0ms channel=mychannel txID=128de915
2026-09-14T17:39:12.173376832Z [34m2026-09-14 17:39:12.173 UTC 08ff INFO[0m [endorser] [34;1mcallChaincode[0m -> finished chaincode: kvstore duration: 0ms channel=mychannel txID=2d13f9d1
2026-09-14T17:39:12.173400918Z [34m2026-09-14 17:39:12.173 UTC 0900 INFO[0m [comm.grpc.server] [34;1mfunc1[0m -> unary call completed grpc.service=protos.Endorser grpc.method=ProcessProposal grpc.request_deadline=2026-09-14T17:39:42.172Z grpc.peer_address=172.18.0.5:55100 grpc.peer_subject="CN=peer0.org1.example.com,L=San Francisco,ST=California,C=US" grpc.code=OK grpc.call_duration=847.416µs
2026-09-14T17:39:12.173481371Z [34m2026-09-14 17:39:12.173 UTC 0901 INFO[0m [comm.grpc.server] [34;1mfunc1[0m -> unary call completed grpc.service=protos.Endorser grpc.method=ProcessProposal grpc.request_deadline=2026-09-14T17:39:42.172Z grpc.peer_address=172.18.0.5:55100 grpc.peer_subject="CN=peer0.org1.example.com,L=San Francisco,ST=California,C=US" grpc.code=OK grpc.call_duration=893.493µs
2026-09-14T17:39:12.213797168Z [34m2026-09-14 17:39:12.213 UTC 0902 INFO[0m [endorser] [34;1mcallChaincode[0m -> finished chaincode: kvstore duration: 0ms channel=mychannel txID=0eb9fad6
2026-09-14T17:39:12.213810082Z [34m2026-09-14 17:39:12.213 UTC 0903 INFO[0m [endorser] [34;1mcallChaincode[0m -> finished chaincode: kvstore duration: 0ms channel=mychannel txID=b48a48c1
2026-09-14T17:39:12.213890224Z [34m2026-09-14 17:39:12.213 UTC 0904 INFO[0m [comm.grpc.server] [34;1mfunc1[0m -> unary call completed grpc.service=protos.Endorser grpc.method=ProcessProposal grpc.request_deadline=2026-09-14T17:39:42.212Z grpc.peer_address=172.18.0.5:55100 grpc.peer_subject="CN=peer0.org1.example.com,L=San Francisco,ST=California,C=US" grpc.code=OK grpc.call_duration=1.042906ms
2026-09-14T17:39:12.213945369Z [34m2026-09-14 17:39:12.213 UTC 0905 INFO[0m [comm.grpc.server] [34;1mfunc1[0m -> unary call completed grpc.service=protos.Endorser grpc.method=ProcessProposal grpc.request_deadline=2026-09-14T17:39:42.212Z grpc.peer_address=172.18.0.5:55100 grpc.peer_subject="CN=peer0.org1.example.com,L=San Francisco,ST=California,C=US" grpc.code=OK grpc.call_duration=1.039239ms
2026-09-14T17:39:12.253494714Z [34m2026-09-14 17:39:12.253 UTC 0906 INFO[0m [endorser] [34;1mcallChaincode[0m -> finished chaincode: kvstore duration: 0ms channel=mychannel txID=59c0aacf
2026-09-14T17:39:12.253512618Z [34m2026-09-14 17:39:12.253 UTC 0907 INFO[0m [endorser] [34;1mcallChaincode[0m -> finished chaincode: kvstore duration: 0ms channel=mychannel txID=4593a6ad
2026-09-14T17:39:12.253551421Z [34m2026-09-14 17:39:12.253 UTC 0908 INFO[0m [comm.grpc.server] [34;1mfunc1[0m -> unary call completed grpc.service=protos.Endorser grpc.method=ProcessProposal grpc.request_deadline=2026-09-14T17:39:42.252Z grpc.peer_address=172.18.0.5:55100 grpc.peer_subject="CN=peer0.org1.example.com,L=San Francisco,ST=California,C=US" grpc.code=OK grpc.call_duration=846.544µs
2026-09-14T17:39:12.253570577Z [34m2026-09-14 17:39:12.253 UTC 0909 INFO[0m [comm.grpc.server] [34;1mfunc1[0m -> unary call completed grpc.service=protos.Endorser grpc.method=ProcessProposal grpc.request_deadline=2026-09-14T17:39:42.252Z grpc.peer_address=172.18.0.5:55100 grpc.peer_subject="CN=peer0.org1.example.com,L=San Francisco,ST=California,C=US" grpc.code=OK grpc.call_duration=875.128µs
2026-09-14T17:39:12.255236384Z [34m2026-09-14 17:39:12.255 UTC 090a INFO[0m [gossip.privdata] [34;1mStoreBlock[0m -> Received block [24] from buffer channel=mychannel
2026-09-14T17:39:12.264889193Z [34m2026-09-14 17:39:12.264 UTC 090b INFO[0m [committer.txvalidator] [34;1mValidate[0m -> [mychannel] Validated block [24] in 9ms
2026-09-14T17:39:12.311174511Z [34m2026-09-14 17:39:12.311 UTC 090c INFO[0m [kvledger] [34;1mcommit[0m -> [mychannel] Committed block [24] with 52 transaction(s) in 45ms (state_validation=0ms block_and_pvtdata_commit=23ms state_commit=10ms) commitHash=[e4f9677be0f3edd0733692a0c41457260f9aca6a7b9258094058f20d807db556]
2026-09-14T17:39:12.325695875Z [34m2026-09-14 17:39:12.325 UTC 090d INFO[0m [endorser] [34;1mcallChaincode[0m -> finished chaincode: kvstore duration: 0ms channel=mychannel txID=98d7ee64
2026-09-14T17:39:12.325711825Z [34m2026-09-14 17:39:12.325 UTC 090e INFO[0m [endorser] [34;1mcallChaincode[0m -> finished chaincode: kvstore duration: 0ms channel=mychannel txID=cb904839
2026-09-14T17:39:12.325752242Z [34m2026-09-14 17:39:12.325 UTC 090f INFO[0m [comm.grpc.server] [34;1mfunc1[0m -> unary call completed grpc.service=protos.Endorser grpc.method=ProcessProposal grpc.request_deadline=2026-09-14T17:39:42.324Z grpc.peer_address=172.18.0.5:55100 grpc.peer_subject="CN=peer0.org1.example.com,L=San Francisco,ST=California,C=US" grpc.code=OK grpc.call_duration=778.015µs
2026-09-14T17:39:12.325761720Z [34m2026-09-14 17:39:12.325 UTC 0910 INFO[0m [comm.grpc.server] [34;1mfunc1[0m -> unary call completed grpc.service=protos.Endorser grpc.method=ProcessProposal grpc.request_deadline=2026-09-14T17:39:42.324Z grpc.peer_address=172.18.0.5:55100 grpc.peer_subject="CN=peer0.org1.example.com,L=San Francisco,ST=California,C=US" grpc.code=OK grpc.call_duration=782.874µs
2026-09-14T17:39:12.332366083Z [34m2026-09-14 17:39:12.332 UTC 0911 INFO[0m [endorser] [34;1mcallChaincode[0m -> finished chaincode: kvstore duration: 0ms channel=mychannel txID=4def5349
2026-09-14T17:39:12.332376433Z [34m2026-09-14 17:39:12.332 UTC 0912 INFO[0m [endorser] [34;1mcallChaincode[0m -> finished chaincode: kvstore duration: 0ms channel=mychannel txID=145f5949
2026-09-14T17:39:12.332427720Z [34m2026-09-14 17:39:12.332 UTC 0913 INFO[0m [comm.grpc.server] [34;1mfunc1[0m -> unary call completed grpc.service=protos.Endorser grpc.method=ProcessProposal grpc.request_deadline=2026-09-14T17:39:42.331Z grpc.peer_address=172.18.0.5:55100 grpc.peer_subject="CN=peer0.org1.example.com,L=San Francisco,ST=California,C=US" grpc.code=OK grpc.call_duration=724.223µs
2026-09-14T17:39:12.332466874Z [34m2026-09-14 17:39:12.332 UTC 0914 INFO[0m [comm.grpc.server] [34;1mfunc1[0m -> unary call completed grpc.service=protos.Endorser grpc.method=ProcessProposal grpc.request_deadline=2026-09-14T17:39:42.331Z grpc.peer_address=172.18.0.5:55100 grpc.peer_subject="CN=peer0.org1.example.com,L=San Francisco,ST=California,C=US" grpc.code=OK grpc.call_duration=818.801µs
2026-09-14T17:39:12.373501122Z [34m2026-09-14 17:39:12.373 UTC 0915 INFO[0m [endorser] [34;1mcallChaincode[0m -> finished chaincode: kvstore duration: 0ms channel=mychannel txID=eee775fc
2026-09-14T17:39:12.373523986Z [34m2026-09-14 17:39:12.373 UTC 0916 INFO[0m [endorser] [34;1mcallChaincode[0m -> finished chaincode: kvstore duration: 0ms channel=mychannel txID=0c63346b
2026-09-14T17:39:12.373550436Z [34m2026-09-14 17:39:12.373 UTC 0917 INFO[0m [comm.grpc.server] [34;1mfunc1[0m -> unary call completed grpc.service=protos.Endorser grpc.method=ProcessProposal grpc.request_deadline=2026-09-14T17:39:42.372Z grpc.peer_address=172.18.0.5:55100 grpc.peer_subject="CN=peer0.org1.example.com,L=San Francisco,ST=California,C=US" grpc.code=OK grpc.call_duration=773.946µs
2026-09-14T17:39:12.373558601Z [34m2026-09-14 17:39:12.373 UTC 0918 INFO[0m [comm.grpc.server] [34;1mfunc1[0m -> unary call completed grpc.service=protos.Endorser grpc.method=ProcessProposal grpc.request_deadline=2026-09-14T17:39:42.372Z grpc.peer_address=172.18.0.5:55100 grpc.peer_subject="CN=peer0.org1.example.com,L=San Francisco,ST=California,C=US" grpc.code=OK grpc.call_duration=774.347µs
2026-09-14T17:39:12.413721118Z [34m2026-09-14 17:39:12.413 UTC 0919 INFO[0m [endorser] [34;1mcallChaincode[0m -> finished chaincode: kvstore duration: 0ms channel=mychannel txID=d0662683
2026-09-14T17:39:12.413765422Z [34m2026-09-14 17:39:12.413 UTC 091a INFO[0m [endorser] [34;1mcallChaincode[0m -> finished chaincode: kvstore duration: 0ms channel=mychannel txID=7b15f4ed
2026-09-14T17:39:12.413790049Z [34m2026-09-14 17:39:12.413 UTC 091b INFO[0m [comm.grpc.server] [34;1mfunc1[0m -> unary call completed grpc.service=protos.Endorser grpc.method=ProcessProposal grpc.request_deadline=2026-09-14T17:39:42.412Z grpc.peer_address=172.18.0.5:55100 grpc.peer_subject="CN=peer0.org1.example.com,L=San Francisco,ST=California,C=US" grpc.code=OK grpc.call_duration=784.947µs
2026-09-14T17:39:12.413824995Z [34m2026-09-14 17:39:12.413 UTC 091c INFO[0m [comm.grpc.server] [34;1mfunc1[0m -> unary call completed grpc.service=protos.Endorser grpc.method=ProcessProposal grpc.request_deadline=2026-09-14T17:39:42.412Z grpc.peer_address=172.18.0.5:55100 grpc.peer_subject="CN=peer0.org1.example.com,L=San Francisco,ST=California,C=US" grpc.code=OK grpc.call_duration=798.633µs
2026-09-14T17:39:12.453230788Z [34m2026-09-14 17:39:12.453 UTC 091e INFO[0m [endorser] [34;1mcallChaincode[0m -> finished chaincode: kvstore duration: 0ms channel=mychannel txID=d0ca6056
2026-09-14T17:39:12.453279571Z [34m2026-09-14 17:39:12.453 UTC 091d INFO[0m [endorser] [34;1mcallChaincode[0m -> finished chaincode: kvstore duration: 0ms channel=mychannel txID=e1fa8277
2026-09-14T17:39:12.453298627Z [34m2026-09-14 17:39:12.453 UTC 091f INFO[0m [comm.grpc.server] [34;1mfunc1[0m -> unary call completed grpc.service=protos.Endorser grpc.method=ProcessProposal grpc.request_deadline=2026-09-14T17:39:42.452Z grpc.peer_address=172.18.0.5:55100 grpc.peer_subject="CN=peer0.org1.example.com,L=San Francisco,ST=California,C=US" grpc.code=OK grpc.call_duration=888.373µs
2026-09-14T17:39:12.453349122Z [34m2026-09-14 17:39:12.453 UTC 0920 INFO[0m [comm.grpc.server] [34;1mfunc1[0m -> unary call completed grpc.service=protos.Endorser grpc.method=ProcessProposal grpc.request_deadline=2026-09-14T17:39:42.452Z grpc.peer_address=172.18.0.5:55100 grpc.peer_subject="CN=peer0.org1.example.com,L=San Francisco,ST=California,C=US" grpc.code=OK grpc.call_duration=952.615µs
2026-09-14T17:39:12.493151347Z [34m2026-09-14 17:39:12.493 UTC 0922 INFO[0m [endorser] [34;1mcallChaincode[0m -> finished chaincode: kvstore duration: 0ms channel=mychannel txID=ce92887a
2026-09-14T17:39:12.493194518Z [34m2026-09-14 17:39:12.493 UTC 0921 INFO[0m [endorser] [34;1mcallChaincode[0m -> finished chaincode: kvstore duration: 0ms channel=mychannel txID=334d1154
2026-09-14T17:39:12.493209417Z [34m2026-09-14 17:39:12.493 UTC 0923 INFO[0m [comm.grpc.server] [34;1mfunc1[0m -> unary call completed grpc.service=protos.Endorser grpc.method=ProcessProposal grpc.request_deadline=2026-09-14T17:39:42.492Z grpc.peer_address=172.18.0.5:55100 grpc.peer_subject="CN=peer0.org1.example.com,L=San Francisco,ST=California,C=US" grpc.code=OK grpc.call_duration=774.137µs
2026-09-14T17:39:12.493262317Z [34m2026-09-14 17:39:12.493 UTC 0924 INFO[0m [comm.grpc.server] [34;1mfunc1[0m -> unary call completed grpc.service=protos.Endorser grpc.method=ProcessProposal grpc.request_deadline=2026-09-14T17:39:42.492Z grpc.peer_address=172.18.0.5:55100 grpc.peer_subject="CN=peer0.org1.example.com,L=San Francisco,ST=California,C=US" grpc.code=OK grpc.call_duration=845.312µs
2026-09-14T17:39:12.533289617Z [34m2026-09-14 17:39:12.533 UTC 0925 INFO[0m [endorser] [34;1mcallChaincode[0m -> finished chaincode: kvstore duration: 0ms channel=mychannel txID=47d21d16
2026-09-14T17:39:12.533327609Z [34m2026-09-14 17:39:12.533 UTC 0926 INFO[0m [endorser] [34;1mcallChaincode[0m -> finished chaincode: kvstore duration: 0ms channel=mychannel txID=442d6af4
2026-09-14T17:39:12.533336025Z [34m2026-09-14 17:39:12.533 UTC 0927 INFO[0m [comm.grpc.server] [34;1mfunc1[0m -> unary call completed grpc.service=protos.Endorser grpc.method=ProcessProposal grpc.request_deadline=2026-09-14T17:39:42.532Z grpc.peer_address=172.18.0.5:55100 grpc.peer_subject="CN=peer0.org1.example.com,L=San Francisco,ST=California,C=US" grpc.code=OK grpc.call_duration=749.841µs
2026-09-14T17:39:12.533429192Z [34m2026-09-14 17:39:12.533 UTC 0928 INFO[0m [comm.grpc.server] [34;1mfunc1[0m -> unary call completed grpc.service=protos.Endorser grpc.method=ProcessProposal grpc.request_deadline=2026-09-14T17:39:42.532Z grpc.peer_address=172.18.0.5:55100 grpc.peer_subject="CN=peer0.org1.example.com,L=San Francisco,ST=California,C=US" grpc.code=OK grpc.call_duration=815.335µs
2026-09-14T17:39:12.574419016Z [34m2026-09-14 17:39:12.574 UTC 092a INFO[0m [endorser] [34;1mcallChaincode[0m -> finished chaincode: kvstore duration: 0ms channel=mychannel txID=25354c79
2026-09-14T17:39:12.574478018Z [34m2026-09-14 17:39:12.574 UTC 092b INFO[0m [comm.grpc.server] [34;1mfunc1[0m -> unary call completed grpc.service=protos.Endorser grpc.method=ProcessProposal grpc.request_deadline=2026-09-14T17:39:42.573Z grpc.peer_address=172.18.0.5:55100 grpc.peer_subject="CN=peer0.org1.example.com,L=San Francisco,ST=California,C=US" grpc.code=OK grpc.call_duration=824.292µs
2026-09-14T17:39:12.574500561Z [34m2026-09-14 17:39:12.574 UTC 0929 INFO[0m [endorser] [34;1mcallChaincode[0m -> finished chaincode: kvstore duration: 0ms channel=mychannel txID=0642ecf6
2026-09-14T17:39:12.574607353Z [34m2026-09-14 17:39:12.574 UTC 092c INFO[0m [comm.grpc.server] [34;1mfunc1[0m -> unary call completed grpc.service=protos.Endorser grpc.method=ProcessProposal grpc.request_deadline=2026-09-14T17:39:42.573Z grpc.peer_address=172.18.0.5:55100 grpc.peer_subject="CN=peer0.org1.example.com,L=San Francisco,ST=California,C=US" grpc.code=OK grpc.call_duration=949.399µs
2026-09-14T17:39:12.613603340Z [34m2026-09-14 17:39:12.613 UTC 092d INFO[0m [endorser] [34;1mcallChaincode[0m -> finished chaincode: kvstore duration: 0ms channel=mychannel txID=1f7cfaf2
2026-09-14T17:39:12.613642594Z [34m2026-09-14 17:39:12.613 UTC 092e INFO[0m [endorser] [34;1mcallChaincode[0m -> finished chaincode: kvstore duration: 0ms channel=mychannel txID=7f46931a
2026-09-14T17:39:12.613666169Z [34m2026-09-14 17:39:12.613 UTC 092f INFO[0m [comm.grpc.server] [34;1mfunc1[0m -> unary call completed grpc.service=protos.Endorser grpc.method=ProcessProposal grpc.request_deadline=2026-09-14T17:39:42.612Z grpc.peer_address=172.18.0.5:55100 grpc.peer_subject="CN=peer0.org1.example.com,L=San Francisco,ST=California,C=US" grpc.code=OK grpc.call_duration=877.693µs
2026-09-14T17:39:12.613710623Z [34m2026-09-14 17:39:12.613 UTC 0930 INFO[0m [comm.grpc.server] [34;1mfunc1[0m -> unary call completed grpc.service=protos.Endorser grpc.method=ProcessProposal grpc.request_deadline=2026-09-14T17:39:42.612Z grpc.peer_address=172.18.0.5:55100 grpc.peer_subject="CN=peer0.org1.example.com,L=San Francisco,ST=California,C=US" grpc.code=OK grpc.call_duration=921.577µs
2026-09-14T17:39:12.653719849Z [34m2026-09-14 17:39:12.653 UTC 0931 INFO[0m [endorser] [34;1mcallChaincode[0m -> finished chaincode: kvstore duration: 0ms channel=mychannel txID=959d55d0
2026-09-14T17:39:12.653734357Z [34m2026-09-14 17:39:12.653 UTC 0932 INFO[0m [endorser] [34;1mcallChaincode[0m -> finished chaincode: kvstore duration: 0ms channel=mychannel txID=9cd13cf0
2026-09-14T17:39:12.653783249Z [34m2026-09-14 17:39:12.653 UTC 0933 INFO[0m [comm.grpc.server] [34;1mfunc1[0m -> unary call completed grpc.service=protos.Endorser grpc.method=ProcessProposal grpc.request_deadline=2026-09-14T17:39:42.652Z grpc.peer_address=172.18.0.5:55100 grpc.peer_subject="CN=peer0.org1.example.com,L=San Francisco,ST=California,C=US" grpc.code=OK grpc.call_duration=838.027µs
2026-09-14T17:39:12.653795974Z [34m2026-09-14 17:39:12.653 UTC 0934 INFO[0m [comm.grpc.server] [34;1mfunc1[0m -> unary call completed grpc.service=protos.Endorser grpc.method=ProcessProposal grpc.request_deadline=2026-09-14T17:39:42.652Z grpc.peer_address=172.18.0.5:55100 grpc.peer_subject="CN=peer0.org1.example.com,L=San Francisco,ST=California,C=US" grpc.code=OK grpc.call_duration=853.998µs
2026-09-14T17:39:12.694048271Z [34m2026-09-14 17:39:12.693 UTC 0935 INFO[0m [endorser] [34;1mcallChaincode[0m -> finished chaincode: kvstore duration: 0ms channel=mychannel txID=ac07c533
2026-09-14T17:39:12.694064271Z [34m2026-09-14 17:39:12.693 UTC 0936 INFO[0m [endorser] [34;1mcallChaincode[0m -> finished chaincode: kvstore duration: 0ms channel=mychannel txID=bb5b6d9e
2026-09-14T17:39:12.694131659Z [34m2026-09-14 17:39:12.694 UTC 0937 INFO[0m [comm.grpc.server] [34;1mfunc1[0m -> unary call completed grpc.service=protos.Endorser grpc.method=ProcessProposal grpc.request_deadline=2026-09-14T17:39:42.693Z grpc.peer_address=172.18.0.5:55100 grpc.peer_subject="CN=peer0.org1.example.com,L=San Francisco,ST=California,C=US" grpc.code=OK grpc.call_duration=863.997µs
2026-09-14T17:39:12.694148510Z [34m2026-09-14 17:39:12.694 UTC 0938 INFO[0m [comm.grpc.server] [34;1mfunc1[0m -> unary call completed grpc.service=protos.Endorser grpc.method=ProcessProposal grpc.request_deadline=2026-09-14T17:39:42.693Z grpc.peer_address=172.18.0.5:55100 grpc.peer_subject="CN=peer0.org1.example.com,L=San Francisco,ST=California,C=US" grpc.code=OK grpc.call_duration=858.406µs
2026-09-14T17:39:12.733957587Z [34m2026-09-14 17:39:12.733 UTC 0939 INFO[0m [endorser] [34;1mcallChaincode[0m -> finished chaincode: kvstore duration: 0ms channel=mychannel txID=9c690ea2
2026-09-14T17:39:12.733975261Z [34m2026-09-14 17:39:12.733 UTC 093a INFO[0m [endorser] [34;1mcallChaincode[0m -> finished chaincode: kvstore duration: 0ms channel=mychannel txID=de3afdd9
2026-09-14T17:39:12.734009826Z [34m2026-09-14 17:39:12.733 UTC 093b INFO[0m [comm.grpc.server] [34;1mfunc1[0m -> unary call completed grpc.service=protos.Endorser grpc.method=ProcessProposal grpc.request_deadline=2026-09-14T17:39:42.732Z grpc.peer_address=172.18.0.5:55100 grpc.peer_subject="CN=peer0.org1.example.com,L=San Francisco,ST=California,C=US" grpc.code=OK grpc.call_duration=1.000225ms
2026-09-14T17:39:12.734034653Z [34m2026-09-14 17:39:12.734 UTC 093c INFO[0m [comm.grpc.server] [34;1mfunc1[0m -> unary call completed grpc.service=protos.Endorser grpc.method=ProcessProposal grpc.request_deadline=2026-09-14T17:39:42.732Z grpc.peer_address=172.18.0.5:55100 grpc.peer_subject="CN=peer0.org1.example.com,L=San Francisco,ST=California,C=US" grpc.code=OK grpc.call_duration=1.00262ms
2026-09-14T17:39:12.773185343Z [34m2026-09-14 17:39:12.773 UTC 093d INFO[0m [endorser] [34;1mcallChaincode[0m -> finished chaincode: kvstore duration: 0ms channel=mychannel txID=1b7b3556
2026-09-14T17:39:12.773197346Z [34m2026-09-14 17:39:12.773 UTC 093e INFO[0m [endorser] [34;1mcallChaincode[0m -> finished chaincode: kvstore duration: 0ms channel=mychannel txID=59680600
2026-09-14T17:39:12.773245487Z [34m2026-09-14 17:39:12.773 UTC 093f INFO[0m [comm.grpc.server] [34;1mfunc1[0m -> unary call completed grpc.service=protos.Endorser grpc.method=ProcessProposal grpc.request_deadline=2026-09-14T17:39:42.772Z grpc.peer_address=172.18.0.5:55100 grpc.peer_subject="CN=peer0.org1.example.com,L=San Francisco,ST=California,C=US" grpc.code=OK grpc.call_duration=773.676µs
2026-09-14T17:39:12.773265996Z [34m2026-09-14 17:39:12.773 UTC 0940 INFO[0m [comm.grpc.server] [34;1mfunc1[0m -> unary call completed grpc.service=protos.Endorser grpc.method=ProcessProposal grpc.request_deadline=2026-09-14T17:39:42.772Z grpc.peer_address=172.18.0.5:55100 grpc.peer_subject="CN=peer0.org1.example.com,L=San Francisco,ST=California,C=US" grpc.code=OK grpc.call_duration=818.211µs
2026-09-14T17:39:12.812942111Z [34m2026-09-14 17:39:12.812 UTC 0941 INFO[0m [endorser] [34;1mcallChaincode[0m -> finished chaincode: kvstore duration: 0ms channel=mychannel txID=007c0df7
2026-09-14T17:39:12.812966377Z [34m2026-09-14 17:39:12.812 UTC 0942 INFO[0m [endorser] [34;1mcallChaincode[0m -> finished chaincode: kvstore duration: 0ms channel=mychannel txID=67a5f441
2026-09-14T17:39:12.812999450Z [34m2026-09-14 17:39:12.812 UTC 0943 INFO[0m [comm.grpc.server] [34;1mfunc1[0m -> unary call completed grpc.service=protos.Endorser grpc.method=ProcessProposal grpc.request_deadline=2026-09-14T17:39:42.812Z grpc.peer_address=172.18.0.5:55100 grpc.peer_subject="CN=peer0.org1.example.com,L=San Francisco,ST=California,C=US" grpc.code=OK grpc.call_duration=786.83µs
2026-09-14T17:39:12.813064202Z [34m2026-09-14 17:39:12.813 UTC 0944 INFO[0m [comm.grpc.server] [34;1mfunc1[0m -> unary call completed grpc.service=protos.Endorser grpc.method=ProcessProposal grpc.request_deadline=2026-09-14T17:39:42.812Z grpc.peer_address=172.18.0.5:55100 grpc.peer_subject="CN=peer0.org1.example.com,L=San Francisco,ST=California,C=US" grpc.code=OK grpc.call_duration=837.637µs
2026-09-14T17:39:12.853255373Z [34m2026-09-14 17:39:12.853 UTC 0945 INFO[0m [endorser] [34;1mcallChaincode[0m -> finished chaincode: kvstore duration: 0ms channel=mychannel txID=daac34e4
2026-09-14T17:39:12.853287805Z [34m2026-09-14 17:39:12.853 UTC 0946 INFO[0m [endorser] [34;1mcallChaincode[0m -> finished chaincode: kvstore duration: 0ms channel=mychannel txID=36d858c0
2026-09-14T17:39:12.853315227Z [34m2026-09-14 17:39:12.853 UTC 0947 INFO[0m [comm.grpc.server] [34;1mfunc1[0m -> unary call completed grpc.service=protos.Endorser grpc.method=ProcessProposal grpc.request_deadline=2026-09-14T17:39:42.852Z grpc.peer_address=172.18.0.5:55100 grpc.peer_subject="CN=peer0.org1.example.com,L=San Francisco,ST=California,C=US" grpc.code=OK grpc.call_duration=875.519µs
2026-09-14T17:39:12.853381412Z [34m2026-09-14 17:39:12.853 UTC 0948 INFO[0m [comm.grpc.server] [34;1mfunc1[0m -> unary call completed grpc.service=protos.Endorser grpc.method=ProcessProposal grpc.request_deadline=2026-09-14T17:39:42.852Z grpc.peer_address=172.18.0.5:55100 grpc.peer_subject="CN=peer0.org1.example.com,L=San Francisco,ST=California,C=US" grpc.code=OK grpc.call_duration=947.165µs
2026-09-14T17:39:12.893381151Z [34m2026-09-14 17:39:12.893 UTC 094a INFO[0m [endorser] [34;1mcallChaincode[0m -> finished chaincode: kvstore duration: 0ms channel=mychannel txID=4988cfc4
2026-09-14T17:39:12.893436025Z [34m2026-09-14 17:39:12.893 UTC 0949 INFO[0m [endorser] [34;1mcallChaincode[0m -> finished chaincode: kvstore duration: 0ms channel=mychannel txID=5c2b25f9
2026-09-14T17:39:12.893465551Z [34m2026-09-14 17:39:12.893 UTC 094b INFO[0m [comm.grpc.server] [34;1mfunc1[0m -> unary call completed grpc.service=protos.Endorser grpc.method=ProcessProposal grpc.request_deadline=2026-09-14T17:39:42.892Z grpc.peer_address=172.18.0.5:55100 grpc.peer_subject="CN=peer0.org1.example.com,L=San Francisco,ST=California,C=US" grpc.code=OK grpc.call_duration=866.722µs
2026-09-14T17:39:12.893482373Z [34m2026-09-14 17:39:12.893 UTC 094c INFO[0m [comm.grpc.server] [34;1mfunc1[0m -> unary call completed grpc.service=protos.Endorser grpc.method=ProcessProposal grpc.request_deadline=2026-09-14T17:39:42.892Z grpc.peer_address=172.18.0.5:55100 grpc.peer_subject="CN=peer0.org1.example.com,L=San Francisco,ST=California,C=US" grpc.code=OK grpc.call_duration=889.595µs
2026-09-14T17:39:12.933892589Z [34m2026-09-14 17:39:12.933 UTC 094d INFO[0m [endorser] [34;1mcallChaincode[0m -> finished chaincode: kvstore duration: 0ms channel=mychannel txID=eb2398aa
2026-09-14T17:39:12.933911785Z [34m2026-09-14 17:39:12.933 UTC 094e INFO[0m [endorser] [34;1mcallChaincode[0m -> finished chaincode: kvstore duration: 0ms channel=mychannel txID=f815d076
2026-09-14T17:39:12.933936642Z [34m2026-09-14 17:39:12.933 UTC 094f INFO[0m [comm.grpc.server] [34;1mfunc1[0m -> unary call completed grpc.service=protos.Endorser grpc.method=ProcessProposal grpc.request_deadline=2026-09-14T17:39:42.932Z grpc.peer_address=172.18.0.5:55100 grpc.peer_subject="CN=peer0.org1.example.com,L=San Francisco,ST=California,C=US" grpc.code=OK grpc.call_duration=844.19µs
2026-09-14T17:39:12.933945719Z [34m2026-09-14 17:39:12.933 UTC 0950 INFO[0m [comm.grpc.server] [34;1mfunc1[0m -> unary call completed grpc.service=protos.Endorser grpc.method=ProcessProposal grpc.request_deadline=2026-09-14T17:39:42.932Z grpc.peer_address=172.18.0.5:55100 grpc.peer_subject="CN=peer0.org1.example.com,L=San Francisco,ST=California,C=US" grpc.code=OK grpc.call_duration=842.316µs
2026-09-14T17:39:12.973870626Z [34m2026-09-14 17:39:12.973 UTC 0951 INFO[0m [endorser] [34;1mcallChaincode[0m -> finished chaincode: kvstore duration: 0ms channel=mychannel txID=742ab42d
2026-09-14T17:39:12.973892126Z [34m2026-09-14 17:39:12.973 UTC 0952 INFO[0m [endorser] [34;1mcallChaincode[0m -> finished chaincode: kvstore duration: 0ms channel=mychannel txID=2013159c
2026-09-14T17:39:12.973913046Z [34m2026-09-14 17:39:12.973 UTC 0953 INFO[0m [comm.grpc.server] [34;1mfunc1[0m -> unary call completed grpc.service=protos.Endorser grpc.method=ProcessProposal grpc.request_deadline=2026-09-14T17:39:42.972Z grpc.peer_address=172.18.0.5:55100 grpc.peer_subject="CN=peer0.org1.example.com,L=San Francisco,ST=California,C=US" grpc.code=OK grpc.call_duration=839.811µs
2026-09-14T17:39:12.973993058Z [34m2026-09-14 17:39:12.973 UTC 0954 INFO[0m [comm.grpc.server] [34;1mfunc1[0m -> unary call completed grpc.service=protos.Endorser grpc.method=ProcessProposal grpc.request_deadline=2026-09-14T17:39:42.972Z grpc.peer_address=172.18.0.5:55100 grpc.peer_subject="CN=peer0.org1.example.com,L=San Francisco,ST=California,C=US" grpc.code=OK grpc.call_duration=935.282µs
2026-09-14T17:39:13.013453524Z [34m2026-09-14 17:39:13.013 UTC 0955 INFO[0m [endorser] [34;1mcallChaincode[0m -> finished chaincode: kvstore duration: 0ms channel=mychannel txID=1605491c
2026-09-14T17:39:13.013466198Z [34m2026-09-14 17:39:13.013 UTC 0956 INFO[0m [endorser] [34;1mcallChaincode[0m -> finished chaincode: kvstore duration: 0ms channel=mychannel txID=db2283a1
2026-09-14T17:39:13.013516584Z [34m2026-09-14 17:39:13.013 UTC 0957 INFO[0m [comm.grpc.server] [34;1mfunc1[0m -> unary call completed grpc.service=protos.Endorser grpc.method=ProcessProposal grpc.request_deadline=2026-09-14T17:39:43.012Z grpc.peer_address=172.18.0.5:55100 grpc.peer_subject="CN=peer0.org1.example.com,L=San Francisco,ST=California,C=US" grpc.code=OK grpc.call_duration=852.946µs
2026-09-14T17:39:13.013526703Z [34m2026-09-14 17:39:13.013 UTC 0958 INFO[0m [comm.grpc.server] [34;1mfunc1[0m -> unary call completed grpc.service=protos.Endorser grpc.method=ProcessProposal grpc.request_deadline=2026-09-14T17:39:43.012Z grpc.peer_address=172.18.0.5:55100 grpc.peer_subject="CN=peer0.org1.example.com,L=San Francisco,ST=California,C=US" grpc.code=OK grpc.call_duration=844.41µs
2026-09-14T17:39:13.053954322Z [34m2026-09-14 17:39:13.053 UTC 0959 INFO[0m [endorser] [34;1mcallChaincode[0m -> finished chaincode: kvstore duration: 0ms channel=mychannel txID=a34be6df
2026-09-14T17:39:13.054006010Z [34m2026-09-14 17:39:13.053 UTC 095a INFO[0m [comm.grpc.server] [34;1mfunc1[0m -> unary call completed grpc.service=protos.Endorser grpc.method=ProcessProposal grpc.request_deadline=2026-09-14T17:39:43.053Z grpc.peer_address=172.18.0.5:55100 grpc.peer_subject="CN=peer0.org1.example.com,L=San Francisco,ST=California,C=US" grpc.code=OK grpc.call_duration=825.534µs
2026-09-14T17:39:13.054045385Z [34m2026-09-14 17:39:13.054 UTC 095b INFO[0m [endorser] [34;1mcallChaincode[0m -> finished chaincode: kvstore duration: 0ms channel=mychannel txID=7f1f4643
2026-09-14T17:39:13.054154351Z [34m2026-09-14 17:39:13.054 UTC 095c INFO[0m [comm.grpc.server] [34;1mfunc1[0m -> unary call completed grpc.service=protos.Endorser grpc.method=ProcessProposal grpc.request_deadline=2026-09-14T17:39:43.053Z grpc.peer_address=172.18.0.5:55100 grpc.peer_subject="CN=peer0.org1.example.com,L=San Francisco,ST=California,C=US" grpc.code=OK grpc.call_duration=908.712µs
2026-09-14T17:39:13.093544705Z [34m2026-09-14 17:39:13.093 UTC 095d INFO[0m [endorser] [34;1mcallChaincode[0m -> finished chaincode: kvstore duration: 0ms channel=mychannel txID=076ff727
2026-09-14T17:39:13.093554955Z [34m2026-09-14 17:39:13.093 UTC 095e INFO[0m [endorser] [34;1mcallChaincode[0m -> finished chaincode: kvstore duration: 0ms channel=mychannel txID=6e500534
2026-09-14T17:39:13.093606041Z [34m2026-09-14 17:39:13.093 UTC 095f INFO[0m [comm.grpc.server] [34;1mfunc1[0m -> unary call completed grpc.service=protos.Endorser grpc.method=ProcessProposal grpc.request_deadline=2026-09-14T17:39:43.092Z grpc.peer_address=172.18.0.5:55100 grpc.peer_subject="CN=peer0.org1.example.com,L=San Francisco,ST=California,C=US" grpc.code=OK grpc.call_duration=985.487µs
2026-09-14T17:39:13.093628173Z [34m2026-09-14 17:39:13.093 UTC 0960 INFO[0m [comm.grpc.server] [34;1mfunc1[0m -> unary call completed grpc.service=protos.Endorser grpc.method=ProcessProposal grpc.request_deadline=2026-09-14T17:39:43.092Z grpc.peer_address=172.18.0.5:55100 grpc.peer_subject="CN=peer0.org1.example.com,L=San Francisco,ST=California,C=US" grpc.code=OK grpc.call_duration=886.38µs
2026-09-14T17:39:13.134533418Z [34m2026-09-14 17:39:13.134 UTC 0961 INFO[0m [endorser] [34;1mcallChaincode[0m -> finished chaincode: kvstore duration: 0ms channel=mychannel txID=2ee4abbf
2026-09-14T17:39:13.134551011Z [34m2026-09-14 17:39:13.134 UTC 0962 INFO[0m [endorser] [34;1mcallChaincode[0m -> finished chaincode: kvstore duration: 0ms channel=mychannel txID=2c651e14
2026-09-14T17:39:13.134590676Z [34m2026-09-14 17:39:13.134 UTC 0963 INFO[0m [comm.grpc.server] [34;1mfunc1[0m -> unary call completed grpc.service=protos.Endorser grpc.method=ProcessProposal grpc.request_deadline=2026-09-14T17:39:43.132Z grpc.peer_address=172.18.0.5:55100 grpc.peer_subject="CN=peer0.org1.example.com,L=San Francisco,ST=California,C=US" grpc.code=OK grpc.call_duration=2.267977ms
2026-09-14T17:39:13.134614381Z [34m2026-09-14 17:39:13.134 UTC 0964 INFO[0m [comm.grpc.server] [34;1mfunc1[0m -> unary call completed grpc.service=protos.Endorser grpc.method=ProcessProposal grpc.request_deadline=2026-09-14T17:39:43.132Z grpc.peer_address=172.18.0.5:55100 grpc.peer_subject="CN=peer0.org1.example.com,L=San Francisco,ST=California,C=US" grpc.code=OK grpc.call_duration=2.294017ms
2026-09-14T17:39:13.173698655Z [34m2026-09-14 17:39:13.173 UTC 0965 INFO[0m [endorser] [34;1mcallChaincode[0m -> finished chaincode: kvstore duration: 0ms channel=mychannel txID=188602e2
2026-09-14T17:39:13.173719274Z [34m2026-09-14 17:39:13.173 UTC 0966 INFO[0m [endorser] [34;1mcallChaincode[0m -> finished chaincode: kvstore duration: 0ms channel=mychannel txID=e4e315cc
2026-09-14T17:39:13.173771623Z [34m2026-09-14 17:39:13.173 UTC 0967 INFO[0m [comm.grpc.server] [34;1mfunc1[0m -> unary call completed grpc.service=protos.Endorser grpc.method=ProcessProposal grpc.request_deadline=2026-09-14T17:39:43.172Z grpc.peer_address=172.18.0.5:55100 grpc.peer_subject="CN=peer0.org1.example.com,L=San Francisco,ST=California,C=US" grpc.code=OK grpc.call_duration=742.196µs
2026-09-14T17:39:13.173781833Z [34m2026-09-14 17:39:13.173 UTC 0968 INFO[0m [comm.grpc.server] [34;1mfunc1[0m -> unary call completed grpc.service=protos.Endorser grpc.method=ProcessProposal grpc.request_deadline=2026-09-14T17:39:43.172Z grpc.peer_address=172.18.0.5:55100 grpc.peer_subject="CN=peer0.org1.example.com,L=San Francisco,ST=California,C=US" grpc.code=OK grpc.call_duration=860.731µs
2026-09-14T17:39:13.214018360Z [34m2026-09-14 17:39:13.213 UTC 0969 INFO[0m [endorser] [34;1mcallChaincode[0m -> finished chaincode: kvstore duration: 0ms channel=mychannel txID=98adc7dd
2026-09-14T17:39:13.214033629Z [34m2026-09-14 17:39:13.213 UTC 096a INFO[0m [endorser] [34;1mcallChaincode[0m -> finished chaincode: kvstore duration: 0ms channel=mychannel txID=45c55e34
2026-09-14T17:39:13.214073304Z [34m2026-09-14 17:39:13.214 UTC 096b INFO[0m [comm.grpc.server] [34;1mfunc1[0m -> unary call completed grpc.service=protos.Endorser grpc.method=ProcessProposal grpc.request_deadline=2026-09-14T17:39:43.213Z grpc.peer_address=172.18.0.5:55100 grpc.peer_subject="CN=peer0.org1.example.com,L=San Francisco,ST=California,C=US" grpc.code=OK grpc.call_duration=853.638µs
2026-09-14T17:39:13.214085968Z [34m2026-09-14 17:39:13.214 UTC 096c INFO[0m [comm.grpc.server] [34;1mfunc1[0m -> unary call completed grpc.service=protos.Endorser grpc.method=ProcessProposal grpc.request_deadline=2026-09-14T17:39:43.213Z grpc.peer_address=172.18.0.5:55100 grpc.peer_subject="CN=peer0.org1.example.com,L=San Francisco,ST=California,C=US" grpc.code=OK grpc.call_duration=857.745µs
2026-09-14T17:39:13.253629853Z [34m2026-09-14 17:39:13.253 UTC 096d INFO[0m [endorser] [34;1mcallChaincode[0m -> finished chaincode: kvstore duration: 0ms channel=mychannel txID=c1ca1a56
2026-09-14T17:39:13.253647306Z [34m2026-09-14 17:39:13.253 UTC 096e INFO[0m [endorser] [34;1mcallChaincode[0m -> finished chaincode: kvstore duration: 0ms channel=mychannel txID=62bd984a
2026-09-14T17:39:13.253690848Z [34m2026-09-14 17:39:13.253 UTC 096f INFO[0m [comm.grpc.server] [34;1mfunc1[0m -> unary call completed grpc.service=protos.Endorser grpc.method=ProcessProposal grpc.request_deadline=2026-09-14T17:39:43.252Z grpc.peer_address=172.18.0.5:55100 grpc.peer_subject="CN=peer0.org1.example.com,L=San Francisco,ST=California,C=US" grpc.code=OK grpc.call_duration=927.637µs
2026-09-14T17:39:13.253705786Z [34m2026-09-14 17:39:13.253 UTC 0970 INFO[0m [comm.grpc.server] [34;1mfunc1[0m -> unary call completed grpc.service=protos.Endorser grpc.method=ProcessProposal grpc.request_deadline=2026-09-14T17:39:43.252Z grpc.peer_address=172.18.0.5:55100 grpc.peer_subject="CN=peer0.org1.example.com,L=San Francisco,ST=California,C=US" grpc.code=OK grpc.call_duration=915.604µs
2026-09-14T17:39:13.293227189Z [34m2026-09-14 17:39:13.293 UTC 0971 INFO[0m [endorser] [34;1mcallChaincode[0m -> finished chaincode: kvstore duration: 0ms channel=mychannel txID=5bb407d8
2026-09-14T17:39:13.293270110Z [34m2026-09-14 17:39:13.293 UTC 0972 INFO[0m [endorser] [34;1mcallChaincode[0m -> finished chaincode: kvstore duration: 0ms channel=mychannel txID=a061f8f6
2026-09-14T17:39:13.293285920Z [34m2026-09-14 17:39:13.293 UTC 0973 INFO[0m [comm.grpc.server] [34;1mfunc1[0m -> unary call completed grpc.service=protos.Endorser grpc.method=ProcessProposal grpc.request_deadline=2026-09-14T17:39:43.292Z grpc.peer_address=172.18.0.5:55100 grpc.peer_subject="CN=peer0.org1.example.com,L=San Francisco,ST=California,C=US" grpc.code=OK grpc.call_duration=973.364µs
2026-09-14T17:39:13.293333580Z [34m2026-09-14 17:39:13.293 UTC 0974 INFO[0m [comm.grpc.server] [34;1mfunc1[0m -> unary call completed grpc.service=protos.Endorser grpc.method=ProcessProposal grpc.request_deadline=2026-09-14T17:39:43.292Z grpc.peer_address=172.18.0.5:55100 grpc.peer_subject="CN=peer0.org1.example.com,L=San Francisco,ST=California,C=US" grpc.code=OK grpc.call_duration=981.229µs
2026-09-14T17:39:13.296698536Z [34m2026-09-14 17:39:13.296 UTC 0975 INFO[0m [gossip.privdata] [34;1mStoreBlock[0m -> Received block [25] from buffer channel=mychannel
2026-09-14T17:39:13.305723085Z [34m2026-09-14 17:39:13.305 UTC 0976 INFO[0m [committer.txvalidator] [34;1mValidate[0m -> [mychannel] Validated block [25] in 9ms
2026-09-14T17:39:13.358391678Z [34m2026-09-14 17:39:13.358 UTC 0977 INFO[0m [kvledger] [34;1mcommit[0m -> [mychannel] Committed block [25] with 52 transaction(s) in 52ms (state_validation=0ms block_and_pvtdata_commit=27ms state_commit=11ms) commitHash=[4673601504f8064cac1d70c305c2f8aec204f391f87d7ae4e1b1039488bd5a3b]
2026-09-14T17:39:13.366399009Z [34m2026-09-14 17:39:13.366 UTC 0978 INFO[0m [endorser] [34;1mcallChaincode[0m -> finished chaincode: kvstore duration: 0ms channel=mychannel txID=22603116
2026-09-14T17:39:13.366411323Z [34m2026-09-14 17:39:13.366 UTC 0979 INFO[0m [endorser] [34;1mcallChaincode[0m -> finished chaincode: kvstore duration: 0ms channel=mychannel txID=e0a74bb3
2026-09-14T17:39:13.366462630Z [34m2026-09-14 17:39:13.366 UTC 097a INFO[0m [comm.grpc.server] [34;1mfunc1[0m -> unary call completed grpc.service=protos.Endorser grpc.method=ProcessProposal grpc.request_deadline=2026-09-14T17:39:43.365Z grpc.peer_address=172.18.0.5:55100 grpc.peer_subject="CN=peer0.org1.example.com,L=San Francisco,ST=California,C=US" grpc.code=OK grpc.call_duration=855.281µs
2026-09-14T17:39:13.366471697Z [34m2026-09-14 17:39:13.366 UTC 097b INFO[0m [comm.grpc.server] [34;1mfunc1[0m -> unary call completed grpc.service=protos.Endorser grpc.method=ProcessProposal grpc.request_deadline=2026-09-14T17:39:43.365Z grpc.peer_address=172.18.0.5:55100 grpc.peer_subject="CN=peer0.org1.example.com,L=San Francisco,ST=California,C=US" grpc.code=OK grpc.call_duration=883.063µs
2026-09-14T17:39:13.373084527Z [34m2026-09-14 17:39:13.373 UTC 097c INFO[0m [endorser] [34;1mcallChaincode[0m -> finished chaincode: kvstore duration: 0ms channel=mychannel txID=35bb33a5
2026-09-14T17:39:13.373132497Z [34m2026-09-14 17:39:13.373 UTC 097d INFO[0m [endorser] [34;1mcallChaincode[0m -> finished chaincode: kvstore duration: 0ms channel=mychannel txID=371a2226
2026-09-14T17:39:13.373170980Z [34m2026-09-14 17:39:13.373 UTC 097e INFO[0m [comm.grpc.server] [34;1mfunc1[0m -> unary call completed grpc.service=protos.Endorser grpc.method=ProcessProposal grpc.request_deadline=2026-09-14T17:39:43.372Z grpc.peer_address=172.18.0.5:55100 grpc.peer_subject="CN=peer0.org1.example.com,L=San Francisco,ST=California,C=US" grpc.code=OK grpc.call_duration=751.654µs
2026-09-14T17:39:13.373189175Z [34m2026-09-14 17:39:13.373 UTC 097f INFO[0m [comm.grpc.server] [34;1mfunc1[0m -> unary call completed grpc.service=protos.Endorser grpc.method=ProcessProposal grpc.request_deadline=2026-09-14T17:39:43.372Z grpc.peer_address=172.18.0.5:55100 grpc.peer_subject="CN=peer0.org1.example.com,L=San Francisco,ST=California,C=US" grpc.code=OK grpc.call_duration=792.401µs
2026-09-14T17:39:13.413808186Z [34m2026-09-14 17:39:13.413 UTC 0980 INFO[0m [endorser] [34;1mcallChaincode[0m -> finished chaincode: kvstore duration: 0ms channel=mychannel txID=ff056349
2026-09-14T17:39:13.413854243Z [34m2026-09-14 17:39:13.413 UTC 0981 INFO[0m [endorser] [34;1mcallChaincode[0m -> finished chaincode: kvstore duration: 0ms channel=mychannel txID=d6b07a45
2026-09-14T17:39:13.413874562Z [34m2026-09-14 17:39:13.413 UTC 0982 INFO[0m [comm.grpc.server] [34;1mfunc1[0m -> unary call completed grpc.service=protos.Endorser grpc.method=ProcessProposal grpc.request_deadline=2026-09-14T17:39:43.412Z grpc.peer_address=172.18.0.5:55100 grpc.peer_subject="CN=peer0.org1.example.com,L=San Francisco,ST=California,C=US" grpc.code=OK grpc.call_duration=799.004µs
2026-09-14T17:39:13.413916201Z [34m2026-09-14 17:39:13.413 UTC 0983 INFO[0m [comm.grpc.server] [34;1mfunc1[0m -> unary call completed grpc.service=protos.Endorser grpc.method=ProcessProposal grpc.request_deadline=2026-09-14T17:39:43.412Z grpc.peer_address=172.18.0.5:55100 grpc.peer_subject="CN=peer0.org1.example.com,L=San Francisco,ST=California,C=US" grpc.code=OK grpc.call_duration=822.739µs
2026-09-14T17:39:13.452899103Z [34m2026-09-14 17:39:13.452 UTC 0984 INFO[0m [endorser] [34;1mcallChaincode[0m -> finished chaincode: kvstore duration: 0ms channel=mychannel txID=985964b5
2026-09-14T17:39:13.452938397Z [34m2026-09-14 17:39:13.452 UTC 0985 INFO[0m [endorser] [34;1mcallChaincode[0m -> finished chaincode: kvstore duration: 0ms channel=mychannel txID=4b3a9b50
2026-09-14T17:39:13.452965839Z [34m2026-09-14 17:39:13.452 UTC 0986 INFO[0m [comm.grpc.server] [34;1mfunc1[0m -> unary call completed grpc.service=protos.Endorser grpc.method=ProcessProposal grpc.request_deadline=2026-09-14T17:39:43.452Z grpc.peer_address=172.18.0.5:55100 grpc.peer_subject="CN=peer0.org1.example.com,L=San Francisco,ST=California,C=US" grpc.code=OK grpc.call_duration=842.536µs
2026-09-14T17:39:13.453006587Z [34m2026-09-14 17:39:13.452 UTC 0987 INFO[0m [comm.grpc.server] [34;1mfunc1[0m -> unary call completed grpc.service=protos.Endorser grpc.method=ProcessProposal grpc.request_deadline=2026-09-14T17:39:43.452Z grpc.peer_address=172.18.0.5:55100 grpc.peer_subject="CN=peer0.org1.example.com,L=San Francisco,ST=California,C=US" grpc.code=OK grpc.call_duration=883.474µs
2026-09-14T17:39:13.493475264Z [34m2026-09-14 17:39:13.493 UTC 0988 INFO[0m [endorser] [34;1mcallChaincode[0m -> finished chaincode: kvstore duration: 0ms channel=mychannel txID=df782e8a
2026-09-14T17:39:13.493495993Z [34m2026-09-14 17:39:13.493 UTC 0989 INFO[0m [endorser] [34;1mcallChaincode[0m -> finished chaincode: kvstore duration: 0ms channel=mychannel txID=d44676e5
2026-09-14T17:39:13.493530719Z [34m2026-09-14 17:39:13.493 UTC 098a INFO[0m [comm.grpc.server] [34;1mfunc1[0m -> unary call completed grpc.service=protos.Endorser grpc.method=ProcessProposal grpc.request_deadline=2026-09-14T17:39:43.492Z grpc.peer_address=172.18.0.5:55100 grpc.peer_subject="CN=peer0.org1.example.com,L=San Francisco,ST=California,C=US" grpc.code=OK grpc.call_duration=797.832µs
2026-09-14T17:39:13.493540007Z [34m2026-09-14 17:39:13.493 UTC 098b INFO[0m [comm.grpc.server] [34;1mfunc1[0m -> unary call completed grpc.service=protos.Endorser grpc.method=ProcessProposal grpc.request_deadline=2026-09-14T17:39:43.492Z grpc.peer_address=172.18.0.5:55100 grpc.peer_subject="CN=peer0.org1.example.com,L=San Francisco,ST=California,C=US" grpc.code=OK grpc.call_duration=809.183µs
2026-09-14T17:39:13.533373159Z [34m2026-09-14 17:39:13.533 UTC 098c INFO[0m [endorser] [34;1mcallChaincode[0m -> finished chaincode: kvstore duration: 0ms channel=mychannel txID=626237c6
2026-09-14T17:39:13.533388669Z [34m2026-09-14 17:39:13.533 UTC 098d INFO[0m [endorser] [34;1mcallChaincode[0m -> finished chaincode: kvstore duration: 0ms channel=mychannel txID=c0eb61d0
2026-09-14T17:39:13.533404739Z [34m2026-09-14 17:39:13.533 UTC 098e INFO[0m [comm.grpc.server] [34;1mfunc1[0m -> unary call completed grpc.service=protos.Endorser grpc.method=ProcessProposal grpc.request_deadline=2026-09-14T17:39:43.532Z grpc.peer_address=172.18.0.5:55100 grpc.peer_subject="CN=peer0.org1.example.com,L=San Francisco,ST=California,C=US" grpc.code=OK grpc.call_duration=807.931µs
2026-09-14T17:39:13.533429827Z [34m2026-09-14 17:39:13.533 UTC 098f INFO[0m [comm.grpc.server] [34;1mfunc1[0m -> unary call completed grpc.service=protos.Endorser grpc.method=ProcessProposal grpc.request_deadline=2026-09-14T17:39:43.532Z grpc.peer_address=172.18.0.5:55100 grpc.peer_subject="CN=peer0.org1.example.com,L=San Francisco,ST=California,C=US" grpc.code=OK grpc.call_duration=829.592µs
2026-09-14T17:39:13.573598536Z [34m2026-09-14 17:39:13.573 UTC 0990 INFO[0m [endorser] [34;1mcallChaincode[0m -> finished chaincode: kvstore duration: 0ms channel=mychannel txID=b842a7ef
2026-09-14T17:39:13.573614055Z [34m2026-09-14 17:39:13.573 UTC 0991 INFO[0m [endorser] [34;1mcallChaincode[0m -> finished chaincode: kvstore duration: 0ms channel=mychannel txID=7847ef6c
2026-09-14T17:39:13.573657457Z [34m2026-09-14 17:39:13.573 UTC 0992 INFO[0m [comm.grpc.server] [34;1mfunc1[0m -> unary call completed grpc.service=protos.Endorser grpc.method=ProcessProposal grpc.request_deadline=2026-09-14T17:39:43.572Z grpc.peer_address=172.18.0.5:55100 grpc.peer_subject="CN=peer0.org1.example.com,L=San Francisco,ST=California,C=US" grpc.code=OK grpc.call_duration=766.031µs
2026-09-14T17:39:13.573674760Z [34m2026-09-14 17:39:13.573 UTC 0993 INFO[0m [comm.grpc.server] [34;1mfunc1[0m -> unary call completed grpc.service=protos.Endorser grpc.method=ProcessProposal grpc.request_deadline=2026-09-14T17:39:43.572Z grpc.peer_address=172.18.0.5:55100 grpc.peer_subject="CN=peer0.org1.example.com,L=San Francisco,ST=California,C=US" grpc.code=OK grpc.call_duration=763.697µs
2026-09-14T17:39:13.613963627Z [34m2026-09-14 17:39:13.613 UTC 0994 INFO[0m [endorser] [34;1mcallChaincode[0m -> finished chaincode: kvstore duration: 0ms channel=mychannel txID=f2ffb8fe
2026-09-14T17:39:13.613981270Z [34m2026-09-14 17:39:13.613 UTC 0995 INFO[0m [endorser] [34;1mcallChaincode[0m -> finished chaincode: kvstore duration: 0ms channel=mychannel txID=a1619c69
2026-09-14T17:39:13.614010375Z [34m2026-09-14 17:39:13.613 UTC 0996 INFO[0m [comm.grpc.server] [34;1mfunc1[0m -> unary call completed grpc.service=protos.Endorser grpc.method=ProcessProposal grpc.request_deadline=2026-09-14T17:39:43.613Z grpc.peer_address=172.18.0.5:55100 grpc.peer_subject="CN=peer0.org1.example.com,L=San Francisco,ST=California,C=US" grpc.code=OK grpc.call_duration=905.847µs
2026-09-14T17:39:13.614055200Z [34m2026-09-14 17:39:13.614 UTC 0997 INFO[0m [comm.grpc.server] [34;1mfunc1[0m -> unary call completed grpc.service=protos.Endorser grpc.method=ProcessProposal grpc.request_deadline=2026-09-14T17:39:43.613Z grpc.peer_address=172.18.0.5:55100 grpc.peer_subject="CN=peer0.org1.example.com,L=San Francisco,ST=California,C=US" grpc.code=OK grpc.call_duration=920.794µs
2026-09-14T17:39:13.653291873Z [34m2026-09-14 17:39:13.653 UTC 0998 INFO[0m [endorser] [34;1mcallChaincode[0m -> finished chaincode: kvstore duration: 0ms channel=mychannel txID=8ccd646b
2026-09-14T17:39:13.653303354Z [34m2026-09-14 17:39:13.653 UTC 0999 INFO[0m [endorser] [34;1mcallChaincode[0m -> finished chaincode: kvstore duration: 0ms channel=mychannel txID=aa03decc
2026-09-14T17:39:13.653361354Z [34m2026-09-14 17:39:13.653 UTC 099a INFO[0m [comm.grpc.server] [34;1mfunc1[0m -> unary call completed grpc.service=protos.Endorser grpc.method=ProcessProposal grpc.request_deadline=2026-09-14T17:39:43.652Z grpc.peer_address=172.18.0.5:55100 grpc.peer_subject="CN=peer0.org1.example.com,L=San Francisco,ST=California,C=US" grpc.code=OK grpc.call_duration=766.212µs
2026-09-14T17:39:13.653373417Z [34m2026-09-14 17:39:13.653 UTC 099b INFO[0m [comm.grpc.server] [34;1mfunc1[0m -> unary call completed grpc.service=protos.Endorser grpc.method=ProcessProposal grpc.request_deadline=2026-09-14T17:39:43.652Z grpc.peer_address=172.18.0.5:55100 grpc.peer_subject="CN=peer0.org1.example.com,L=San Francisco,ST=California,C=US" grpc.code=OK grpc.call_duration=788.975µs
2026-09-14T17:39:13.694040029Z [34m2026-09-14 17:39:13.693 UTC 099c INFO[0m [endorser] [34;1mcallChaincode[0m -> finished chaincode: kvstore duration: 0ms channel=mychannel txID=621d6e1a
2026-09-14T17:39:13.694057733Z [34m2026-09-14 17:39:13.693 UTC 099d INFO[0m [endorser] [34;1mcallChaincode[0m -> finished chaincode: kvstore duration: 0ms channel=mychannel txID=b7cd570a
2026-09-14T17:39:13.694085806Z [34m2026-09-14 17:39:13.694 UTC 099e INFO[0m [comm.grpc.server] [34;1mfunc1[0m -> unary call completed grpc.service=protos.Endorser grpc.method=ProcessProposal grpc.request_deadline=2026-09-14T17:39:43.693Z grpc.peer_address=172.18.0.5:55100 grpc.peer_subject="CN=peer0.org1.example.com,L=San Francisco,ST=California,C=US" grpc.code=OK grpc.call_duration=937.737µs
2026-09-14T17:39:13.694105012Z [34m2026-09-14 17:39:13.694 UTC 099f INFO[0m [comm.grpc.server] [34;1mfunc1[0m -> unary call completed grpc.service=protos.Endorser grpc.method=ProcessProposal grpc.request_deadline=2026-09-14T17:39:43.693Z grpc.peer_address=172.18.0.5:55100 grpc.peer_subject="CN=peer0.org1.example.com,L=San Francisco,ST=California,C=US" grpc.code=OK grpc.call_duration=921.786µs
2026-09-14T17:39:13.733596728Z [34m2026-09-14 17:39:13.733 UTC 09a0 INFO[0m [endorser] [34;1mcallChaincode[0m -> finished chaincode: kvstore duration: 0ms channel=mychannel txID=89ab5eff
2026-09-14T17:39:13.733612919Z [34m2026-09-14 17:39:13.733 UTC 09a1 INFO[0m [endorser] [34;1mcallChaincode[0m -> finished chaincode: kvstore duration: 0ms channel=mychannel txID=c4e7a5b9
2026-09-14T17:39:13.733664216Z [34m2026-09-14 17:39:13.733 UTC 09a2 INFO[0m [comm.grpc.server] [34;1mfunc1[0m -> unary call completed grpc.service=protos.Endorser grpc.method=ProcessProposal grpc.request_deadline=2026-09-14T17:39:43.732Z grpc.peer_address=172.18.0.5:55100 grpc.peer_subject="CN=peer0.org1.example.com,L=San Francisco,ST=California,C=US" grpc.code=OK grpc.call_duration=1.045351ms
2026-09-14T17:39:13.733682120Z [34m2026-09-14 17:39:13.733 UTC 09a3 INFO[0m [comm.grpc.server] [34;1mfunc1[0m -> unary call completed grpc.service=protos.Endorser grpc.method=ProcessProposal grpc.request_deadline=2026-09-14T17:39:43.732Z grpc.peer_address=172.18.0.5:55100 grpc.peer_subject="CN=peer0.org1.example.com,L=San Francisco,ST=California,C=US" grpc.code=OK grpc.call_duration=1.0236ms
2026-09-14T17:39:13.773454859Z [34m2026-09-14 17:39:13.773 UTC 09a4 INFO[0m [endorser] [34;1mcallChaincode[0m -> finished chaincode: kvstore duration: 0ms channel=mychannel txID=715d9162
2026-09-14T17:39:13.773468955Z [34m2026-09-14 17:39:13.773 UTC 09a5 INFO[0m [endorser] [34;1mcallChaincode[0m -> finished chaincode: kvstore duration: 0ms channel=mychannel txID=c05bd80a
2026-09-14T17:39:13.773508550Z [34m2026-09-14 17:39:13.773 UTC 09a6 INFO[0m [comm.grpc.server] [34;1mfunc1[0m -> unary call completed grpc.service=protos.Endorser grpc.method=ProcessProposal grpc.request_deadline=2026-09-14T17:39:43.772Z grpc.peer_address=172.18.0.5:55100 grpc.peer_subject="CN=peer0.org1.example.com,L=San Francisco,ST=California,C=US" grpc.code=OK grpc.call_duration=1.226133ms
2026-09-14T17:39:13.773540020Z [34m2026-09-14 17:39:13.773 UTC 09a7 INFO[0m [comm.grpc.server] [34;1mfunc1[0m -> unary call completed grpc.service=protos.Endorser grpc.method=ProcessProposal grpc.request_deadline=2026-09-14T17:39:43.772Z grpc.peer_address=172.18.0.5:55100 grpc.peer_subject="CN=peer0.org1.example.com,L=San Francisco,ST=California,C=US" grpc.code=OK grpc.call_duration=1.237254ms
2026-09-14T17:39:13.813660257Z [34m2026-09-14 17:39:13.813 UTC 09a8 INFO[0m [endorser] [34;1mcallChaincode[0m -> finished chaincode: kvstore duration: 0ms channel=mychannel txID=25f8b5d1
2026-09-14T17:39:13.813680676Z [34m2026-09-14 17:39:13.813 UTC 09a9 INFO[0m [endorser] [34;1mcallChaincode[0m -> finished chaincode: kvstore duration: 0ms channel=mychannel txID=99d603d3
2026-09-14T17:39:13.813719529Z [34m2026-09-14 17:39:13.813 UTC 09aa INFO[0m [comm.grpc.server] [34;1mfunc1[0m -> unary call completed grpc.service=protos.Endorser grpc.method=ProcessProposal grpc.request_deadline=2026-09-14T17:39:43.812Z grpc.peer_address=172.18.0.5:55100 grpc.peer_subject="CN=peer0.org1.example.com,L=San Francisco,ST=California,C=US" grpc.code=OK grpc.call_duration=839.4µs
2026-09-14T17:39:13.813775545Z [34m2026-09-14 17:39:13.813 UTC 09ab INFO[0m [comm.grpc.server] [34;1mfunc1[0m -> unary call completed grpc.service=protos.Endorser grpc.method=ProcessProposal grpc.request_deadline=2026-09-14T17:39:43.812Z grpc.peer_address=172.18.0.5:55100 grpc.peer_subject="CN=peer0.org1.example.com,L=San Francisco,ST=California,C=US" grpc.code=OK grpc.call_duration=893.853µs
2026-09-14T17:39:13.853499101Z [34m2026-09-14 17:39:13.853 UTC 09ac INFO[0m [endorser] [34;1mcallChaincode[0m -> finished chaincode: kvstore duration: 0ms channel=mychannel txID=425d00b1
2026-09-14T17:39:13.853549797Z [34m2026-09-14 17:39:13.853 UTC 09ad INFO[0m [endorser] [34;1mcallChaincode[0m -> finished chaincode: kvstore duration: 0ms channel=mychannel txID=4548c3c6
2026-09-14T17:39:13.853565847Z [34m2026-09-14 17:39:13.853 UTC 09ae INFO[0m [comm.grpc.server] [34;1mfunc1[0m -> unary call completed grpc.service=protos.Endorser grpc.method=ProcessProposal grpc.request_deadline=2026-09-14T17:39:43.852Z grpc.peer_address=172.18.0.5:55100 grpc.peer_subject="CN=peer0.org1.example.com,L=San Francisco,ST=California,C=US" grpc.code=OK grpc.call_duration=866.843µs
2026-09-14T17:39:13.853640519Z [34m2026-09-14 17:39:13.853 UTC 09af INFO[0m [comm.grpc.server] [34;1mfunc1[0m -> unary call completed grpc.service=protos.Endorser grpc.method=ProcessProposal grpc.request_deadline=2026-09-14T17:39:43.852Z grpc.peer_address=172.18.0.5:55100 grpc.peer_subject="CN=peer0.org1.example.com,L=San Francisco,ST=California,C=US" grpc.code=OK grpc.call_duration=929.781µs
2026-09-14T17:39:13.892968364Z [34m2026-09-14 17:39:13.892 UTC 09b0 INFO[0m [endorser] [34;1mcallChaincode[0m -> finished chaincode: kvstore duration: 0ms channel=mychannel txID=1951a3c9
2026-09-14T17:39:13.892985386Z [34m2026-09-14 17:39:13.892 UTC 09b1 INFO[0m [endorser] [34;1mcallChaincode[0m -> finished chaincode: kvstore duration: 0ms channel=mychannel txID=90c50676
2026-09-14T17:39:13.893024721Z [34m2026-09-14 17:39:13.892 UTC 09b2 INFO[0m [comm.grpc.server] [34;1mfunc1[0m -> unary call completed grpc.service=protos.Endorser grpc.method=ProcessProposal grpc.request_deadline=2026-09-14T17:39:43.892Z grpc.peer_address=172.18.0.5:55100 grpc.peer_subject="CN=peer0.org1.example.com,L=San Francisco,ST=California,C=US" grpc.code=OK grpc.call_duration=841.454µs
2026-09-14T17:39:13.893033678Z [34m2026-09-14 17:39:13.892 UTC 09b3 INFO[0m [comm.grpc.server] [34;1mfunc1[0m -> unary call completed grpc.service=protos.Endorser grpc.method=ProcessProposal grpc.request_deadline=2026-09-14T17:39:43.892Z grpc.peer_address=172.18.0.5:55100 grpc.peer_subject="CN=peer0.org1.example.com,L=San Francisco,ST=California,C=US" grpc.code=OK grpc.call_duration=845.873µs
2026-09-14T17:39:13.934242868Z [34m2026-09-14 17:39:13.934 UTC 09b4 INFO[0m [endorser] [34;1mcallChaincode[0m -> finished chaincode: kvstore duration: 0ms channel=mychannel txID=7a202abd
2026-09-14T17:39:13.934263798Z [34m2026-09-14 17:39:13.934 UTC 09b5 INFO[0m [endorser] [34;1mcallChaincode[0m -> finished chaincode: kvstore duration: 0ms channel=mychannel txID=884ba60b
2026-09-14T17:39:13.934312420Z [34m2026-09-14 17:39:13.934 UTC 09b6 INFO[0m [comm.grpc.server] [34;1mfunc1[0m -> unary call completed grpc.service=protos.Endorser grpc.method=ProcessProposal grpc.request_deadline=2026-09-14T17:39:43.933Z grpc.peer_address=172.18.0.5:55100 grpc.peer_subject="CN=peer0.org1.example.com,L=San Francisco,ST=California,C=US" grpc.code=OK grpc.call_duration=787.532µs
2026-09-14T17:39:13.934322799Z [34m2026-09-14 17:39:13.934 UTC 09b7 INFO[0m [comm.grpc.server] [34;1mfunc1[0m -> unary call completed grpc.service=protos.Endorser grpc.method=ProcessProposal grpc.request_deadline=2026-09-14T17:39:43.933Z grpc.peer_address=172.18.0.5:55100 grpc.peer_subject="CN=peer0.org1.example.com,L=San Francisco,ST=California,C=US" grpc.code=OK grpc.call_duration=786.41µs
2026-09-14T17:39:13.973699768Z [34m2026-09-14 17:39:13.973 UTC 09b8 INFO[0m [endorser] [34;1mcallChaincode[0m -> finished chaincode: kvstore duration: 0ms channel=mychannel txID=a8d696d4
2026-09-14T17:39:13.973732660Z [34m2026-09-14 17:39:13.973 UTC 09b9 INFO[0m [endorser] [34;1mcallChaincode[0m -> finished chaincode: kvstore duration: 0ms channel=mychannel txID=b9c9dfff
2026-09-14T17:39:13.973761505Z [34m2026-09-14 17:39:13.973 UTC 09ba INFO[0m [comm.grpc.server] [34;1mfunc1[0m -> unary call completed grpc.service=protos.Endorser grpc.method=ProcessProposal grpc.request_deadline=2026-09-14T17:39:43.972Z grpc.peer_address=172.18.0.5:55100 grpc.peer_subject="CN=peer0.org1.example.com,L=San Francisco,ST=California,C=US" grpc.code=OK grpc.call_duration=766.513µs
2026-09-14T17:39:13.973811359Z [34m2026-09-14 17:39:13.973 UTC 09bb INFO[0m [comm.grpc.server] [34;1mfunc1[0m -> unary call completed grpc.service=protos.Endorser grpc.method=ProcessProposal grpc.request_deadline=2026-09-14T17:39:43.972Z grpc.peer_address=172.18.0.5:55100 grpc.peer_subject="CN=peer0.org1.example.com,L=San Francisco,ST=California,C=US" grpc.code=OK grpc.call_duration=806.147µs
2026-09-14T17:39:14.013475702Z [34m2026-09-14 17:39:14.013 UTC 09bc INFO[0m [endorser] [34;1mcallChaincode[0m -> finished chaincode: kvstore duration: 0ms channel=mychannel txID=c885ae90
2026-09-14T17:39:14.013489729Z [34m2026-09-14 17:39:14.013 UTC 09bd INFO[0m [endorser] [34;1mcallChaincode[0m -> finished chaincode: kvstore duration: 0ms channel=mychannel txID=d6ec4f79
2026-09-14T17:39:14.013531759Z [34m2026-09-14 17:39:14.013 UTC 09be INFO[0m [comm.grpc.server] [34;1mfunc1[0m -> unary call completed grpc.service=protos.Endorser grpc.method=ProcessProposal grpc.request_deadline=2026-09-14T17:39:44.012Z grpc.peer_address=172.18.0.5:55100 grpc.peer_subject="CN=peer0.org1.example.com,L=San Francisco,ST=California,C=US" grpc.code=OK grpc.call_duration=1.036273ms
2026-09-14T17:39:14.013538501Z [34m2026-09-14 17:39:14.013 UTC 09bf INFO[0m [comm.grpc.server] [34;1mfunc1[0m -> unary call completed grpc.service=protos.Endorser grpc.method=ProcessProposal grpc.request_deadline=2026-09-14T17:39:44.012Z grpc.peer_address=172.18.0.5:55100 grpc.peer_subject="CN=peer0.org1.example.com,L=San Francisco,ST=California,C=US" grpc.code=OK grpc.call_duration=1.000656ms
2026-09-14T17:39:14.053213876Z [34m2026-09-14 17:39:14.053 UTC 09c0 INFO[0m [endorser] [34;1mcallChaincode[0m -> finished chaincode: kvstore duration: 0ms channel=mychannel txID=8b741a6d
2026-09-14T17:39:14.053233773Z [34m2026-09-14 17:39:14.053 UTC 09c1 INFO[0m [endorser] [34;1mcallChaincode[0m -> finished chaincode: kvstore duration: 0ms channel=mychannel txID=f7d2804f
2026-09-14T17:39:14.053275302Z [34m2026-09-14 17:39:14.053 UTC 09c2 INFO[0m [comm.grpc.server] [34;1mfunc1[0m -> unary call completed grpc.service=protos.Endorser grpc.method=ProcessProposal grpc.request_deadline=2026-09-14T17:39:44.052Z grpc.peer_address=172.18.0.5:55100 grpc.peer_subject="CN=peer0.org1.example.com,L=San Francisco,ST=California,C=US" grpc.code=OK grpc.call_duration=926.145µs
2026-09-14T17:39:14.053284870Z [34m2026-09-14 17:39:14.053 UTC 09c3 INFO[0m [comm.grpc.server] [34;1mfunc1[0m -> unary call completed grpc.service=protos.Endorser grpc.method=ProcessProposal grpc.request_deadline=2026-09-14T17:39:44.052Z grpc.peer_address=172.18.0.5:55100 grpc.peer_subject="CN=peer0.org1.example.com,L=San Francisco,ST=California,C=US" grpc.code=OK grpc.call_duration=941.423µs
2026-09-14T17:39:14.093517189Z [34m2026-09-14 17:39:14.093 UTC 09c4 INFO[0m [endorser] [34;1mcallChaincode[0m -> finished chaincode: kvstore duration: 0ms channel=mychannel txID=ed506c78
2026-09-14T17:39:14.093529553Z [34m2026-09-14 17:39:14.093 UTC 09c5 INFO[0m [endorser] [34;1mcallChaincode[0m -> finished chaincode: kvstore duration: 0ms channel=mychannel txID=f7e30406
2026-09-14T17:39:14.093576171Z [34m2026-09-14 17:39:14.093 UTC 09c7 INFO[0m [comm.grpc.server] [34;1mfunc1[0m -> unary call completed grpc.service=protos.Endorser grpc.method=ProcessProposal grpc.request_deadline=2026-09-14T17:39:44.092Z grpc.peer_address=172.18.0.5:55100 grpc.peer_subject="CN=peer0.org1.example.com,L=San Francisco,ST=California,C=US" grpc.code=OK grpc.call_duration=851.854µs
2026-09-14T17:39:14.093582333Z [34m2026-09-14 17:39:14.093 UTC 09c6 INFO[0m [comm.grpc.server] [34;1mfunc1[0m -> unary call completed grpc.service=protos.Endorser grpc.method=ProcessProposal grpc.request_deadline=2026-09-14T17:39:44.092Z grpc.peer_address=172.18.0.5:55100 grpc.peer_subject="CN=peer0.org1.example.com,L=San Francisco,ST=California,C=US" grpc.code=OK grpc.call_duration=846.935µs
2026-09-14T17:39:14.133941442Z [34m2026-09-14 17:39:14.133 UTC 09c8 INFO[0m [endorser] [34;1mcallChaincode[0m -> finished chaincode: kvstore duration: 0ms channel=mychannel txID=b2054cc5
2026-09-14T17:39:14.133981078Z [34m2026-09-14 17:39:14.133 UTC 09c9 INFO[0m [endorser] [34;1mcallChaincode[0m -> finished chaincode: kvstore duration: 0ms channel=mychannel txID=835ac689
2026-09-14T17:39:14.134016926Z [34m2026-09-14 17:39:14.133 UTC 09ca INFO[0m [comm.grpc.server] [34;1mfunc1[0m -> unary call completed grpc.service=protos.Endorser grpc.method=ProcessProposal grpc.request_deadline=2026-09-14T17:39:44.133Z grpc.peer_address=172.18.0.5:55100 grpc.peer_subject="CN=peer0.org1.example.com,L=San Francisco,ST=California,C=US" grpc.code=OK grpc.call_duration=856.222µs
2026-09-14T17:39:14.134036984Z [34m2026-09-14 17:39:14.134 UTC 09cb INFO[0m [comm.grpc.server] [34;1mfunc1[0m -> unary call completed grpc.service=protos.Endorser grpc.method=ProcessProposal grpc.request_deadline=2026-09-14T17:39:44.133Z grpc.peer_address=172.18.0.5:55100 grpc.peer_subject="CN=peer0.org1.example.com,L=San Francisco,ST=California,C=US" grpc.code=OK grpc.call_duration=890.537µs
2026-09-14T17:39:14.173993490Z [34m2026-09-14 17:39:14.173 UTC 09cd INFO[0m [endorser] [34;1mcallChaincode[0m -> finished chaincode: kvstore duration: 0ms channel=mychannel txID=ca54b19d
2026-09-14T17:39:14.174071007Z [34m2026-09-14 17:39:14.173 UTC 09cc INFO[0m [endorser] [34;1mcallChaincode[0m -> finished chaincode: kvstore duration: 0ms channel=mychannel txID=c51bf510
2026-09-14T17:39:14.174085424Z [34m2026-09-14 17:39:14.174 UTC 09ce INFO[0m [comm.grpc.server] [34;1mfunc1[0m -> unary call completed grpc.service=protos.Endorser grpc.method=ProcessProposal grpc.request_deadline=2026-09-14T17:39:44.173Z grpc.peer_address=172.18.0.5:55100 grpc.peer_subject="CN=peer0.org1.example.com,L=San Francisco,ST=California,C=US" grpc.code=OK grpc.call_duration=813.211µs
2026-09-14T17:39:14.174104090Z [34m2026-09-14 17:39:14.174 UTC 09cf INFO[0m [comm.grpc.server] [34;1mfunc1[0m -> unary call completed grpc.service=protos.Endorser grpc.method=ProcessProposal grpc.request_deadline=2026-09-14T17:39:44.173Z grpc.peer_address=172.18.0.5:55100 grpc.peer_subject="CN=peer0.org1.example.com,L=San Francisco,ST=California,C=US" grpc.code=OK grpc.call_duration=885.157µs
2026-09-14T17:39:14.213995443Z [34m2026-09-14 17:39:14.213 UTC 09d0 INFO[0m [endorser] [34;1mcallChaincode[0m -> finished chaincode: kvstore duration: 0ms channel=mychannel txID=a020afe9
2026-09-14T17:39:14.214007676Z [34m2026-09-14 17:39:14.213 UTC 09d1 INFO[0m [endorser] [34;1mcallChaincode[0m -> finished chaincode: kvstore duration: 0ms channel=mychannel txID=4e287d96
2026-09-14T17:39:14.214053864Z [34m2026-09-14 17:39:14.214 UTC 09d2 INFO[0m [comm.grpc.server] [34;1mfunc1[0m -> unary call completed grpc.service=protos.Endorser grpc.method=ProcessProposal grpc.request_deadline=2026-09-14T17:39:44.213Z grpc.peer_address=172.18.0.5:55100 grpc.peer_subject="CN=peer0.org1.example.com,L=San Francisco,ST=California,C=US" grpc.code=OK grpc.call_duration=739.12µs
2026-09-14T17:39:14.214072078Z [34m2026-09-14 17:39:14.214 UTC 09d3 INFO[0m [comm.grpc.server] [34;1mfunc1[0m -> unary call completed grpc.service=protos.Endorser grpc.method=ProcessProposal grpc.request_deadline=2026-09-14T17:39:44.213Z grpc.peer_address=172.18.0.5:55100 grpc.peer_subject="CN=peer0.org1.example.com,L=San Francisco,ST=California,C=US" grpc.code=OK grpc.call_duration=749.35µs
2026-09-14T17:39:14.253244600Z [34m2026-09-14 17:39:14.253 UTC 09d5 INFO[0m [endorser] [34;1mcallChaincode[0m -> finished chaincode: kvstore duration: 0ms channel=mychannel txID=63df8493
2026-09-14T17:39:14.253320413Z [34m2026-09-14 17:39:14.253 UTC 09d4 INFO[0m [endorser] [34;1mcallChaincode[0m -> finished chaincode: kvstore duration: 0ms channel=mychannel txID=7e96751f
2026-09-14T17:39:14.253334400Z [34m2026-09-14 17:39:14.253 UTC 09d6 INFO[0m [comm.grpc.server] [34;1mfunc1[0m -> unary call completed grpc.service=protos.Endorser grpc.method=ProcessProposal grpc.request_deadline=2026-09-14T17:39:44.252Z grpc.peer_address=172.18.0.5:55100 grpc.peer_subject="CN=peer0.org1.example.com,L=San Francisco,ST=California,C=US" grpc.code=OK grpc.call_duration=807.63µs
2026-09-14T17:39:14.253351532Z [34m2026-09-14 17:39:14.253 UTC 09d7 INFO[0m [comm.grpc.server] [34;1mfunc1[0m -> unary call completed grpc.service=protos.Endorser grpc.method=ProcessProposal grpc.request_deadline=2026-09-14T17:39:44.252Z grpc.peer_address=172.18.0.5:55100 grpc.peer_subject="CN=peer0.org1.example.com,L=San Francisco,ST=California,C=US" grpc.code=OK grpc.call_duration=850.13µs
2026-09-14T17:39:14.294266064Z [34m2026-09-14 17:39:14.294 UTC 09d9 INFO[0m [endorser] [34;1mcallChaincode[0m -> finished chaincode: kvstore duration: 0ms channel=mychannel txID=2705a5f6
2026-09-14T17:39:14.294300369Z [34m2026-09-14 17:39:14.294 UTC 09d8 INFO[0m [endorser] [34;1mcallChaincode[0m -> finished chaincode: kvstore duration: 0ms channel=mychannel txID=f2d516f1
2026-09-14T17:39:14.294325887Z [34m2026-09-14 17:39:14.294 UTC 09da INFO[0m [comm.grpc.server] [34;1mfunc1[0m -> unary call completed grpc.service=protos.Endorser grpc.method=ProcessProposal grpc.request_deadline=2026-09-14T17:39:44.293Z grpc.peer_address=172.18.0.5:55100 grpc.peer_subject="CN=peer0.org1.example.com,L=San Francisco,ST=California,C=US" grpc.code=OK grpc.call_duration=1.001628ms
2026-09-14T17:39:14.294359241Z [34m2026-09-14 17:39:14.294 UTC 09db INFO[0m [comm.grpc.server] [34;1mfunc1[0m -> unary call completed grpc.service=protos.Endorser grpc.method=ProcessProposal grpc.request_deadline=2026-09-14T17:39:44.293Z grpc.peer_address=172.18.0.5:55100 grpc.peer_subject="CN=peer0.org1.example.com,L=San Francisco,ST=California,C=US" grpc.code=OK grpc.call_duration=1.035943ms
2026-09-14T17:39:14.333102469Z [34m2026-09-14 17:39:14.333 UTC 09dc INFO[0m [endorser] [34;1mcallChaincode[0m -> finished chaincode: kvstore duration: 0ms channel=mychannel txID=be9d5a6e
2026-09-14T17:39:14.333117357Z [34m2026-09-14 17:39:14.333 UTC 09dd INFO[0m [endorser] [34;1mcallChaincode[0m -> finished chaincode: kvstore duration: 0ms channel=mychannel txID=926170c1
2026-09-14T17:39:14.333164506Z [34m2026-09-14 17:39:14.333 UTC 09de INFO[0m [comm.grpc.server] [34;1mfunc1[0m -> unary call completed grpc.service=protos.Endorser grpc.method=ProcessProposal grpc.request_deadline=2026-09-14T17:39:44.332Z grpc.peer_address=172.18.0.5:55100 grpc.peer_subject="CN=peer0.org1.example.com,L=San Francisco,ST=California,C=US" grpc.code=OK grpc.call_duration=896.559µs
2026-09-14T17:39:14.333210573Z [34m2026-09-14 17:39:14.333 UTC 09df INFO[0m [comm.grpc.server] [34;1mfunc1[0m -> unary call completed grpc.service=protos.Endorser grpc.method=ProcessProposal grpc.request_deadline=2026-09-14T17:39:44.332Z grpc.peer_address=172.18.0.5:55100 grpc.peer_subject="CN=peer0.org1.example.com,L=San Francisco,ST=California,C=US" grpc.code=OK grpc.call_duration=958.636µs
2026-09-14T17:39:14.343681433Z [34m2026-09-14 17:39:14.343 UTC 09e0 INFO[0m [gossip.privdata] [34;1mStoreBlock[0m -> Received block [26] from buffer channel=mychannel
2026-09-14T17:39:14.353559279Z [34m2026-09-14 17:39:14.353 UTC 09e1 INFO[0m [committer.txvalidator] [34;1mValidate[0m -> [mychannel] Validated block [26] in 9ms
2026-09-14T17:39:14.410801137Z [34m2026-09-14 17:39:14.410 UTC 09e2 INFO[0m [kvledger] [34;1mcommit[0m -> [mychannel] Committed block [26] with 52 transaction(s) in 56ms (state_validation=0ms block_and_pvtdata_commit=33ms state_commit=11ms) commitHash=[bf91c5a37f80860a6048f1abc876f923410b5defdc1d2463c4313a8a7228c87a]
2026-09-14T17:39:14.411794399Z [34m2026-09-14 17:39:14.411 UTC 09e3 INFO[0m [endorser] [34;1mcallChaincode[0m -> finished chaincode: kvstore duration: 0ms channel=mychannel txID=603a7341
2026-09-14T17:39:14.411826700Z [34m2026-09-14 17:39:14.411 UTC 09e4 INFO[0m [endorser] [34;1mcallChaincode[0m -> finished chaincode: kvstore duration: 0ms channel=mychannel txID=8b45667c
2026-09-14T17:39:14.411931448Z [34m2026-09-14 17:39:14.411 UTC 09e5 INFO[0m [comm.grpc.server] [34;1mfunc1[0m -> unary call completed grpc.service=protos.Endorser grpc.method=ProcessProposal grpc.request_deadline=2026-09-14T17:39:44.406Z grpc.peer_address=172.18.0.5:55100 grpc.peer_subject="CN=peer0.org1.example.com,L=San Francisco,ST=California,C=US" grpc.code=OK grpc.call_duration=5.09847ms
2026-09-14T17:39:14.411948120Z [34m2026-09-14 17:39:14.411 UTC 09e6 INFO[0m [comm.grpc.server] [34;1mfunc1[0m -> unary call completed grpc.service=protos.Endorser grpc.method=ProcessProposal grpc.request_deadline=2026-09-14T17:39:44.406Z grpc.peer_address=172.18.0.5:55100 grpc.peer_subject="CN=peer0.org1.example.com,L=San Francisco,ST=California,C=US" grpc.code=OK grpc.call_duration=5.091587ms
2026-09-14T17:39:14.413530979Z [34m2026-09-14 17:39:14.413 UTC 09e7 INFO[0m [endorser] [34;1mcallChaincode[0m -> finished chaincode: kvstore duration: 0ms channel=mychannel txID=a4f85688
2026-09-14T17:39:14.413538012Z [34m2026-09-14 17:39:14.413 UTC 09e8 INFO[0m [endorser] [34;1mcallChaincode[0m -> finished chaincode: kvstore duration: 0ms channel=mychannel txID=575359e4
2026-09-14T17:39:14.413615399Z [34m2026-09-14 17:39:14.413 UTC 09e9 INFO[0m [comm.grpc.server] [34;1mfunc1[0m -> unary call completed grpc.service=protos.Endorser grpc.method=ProcessProposal grpc.request_deadline=2026-09-14T17:39:44.412Z grpc.peer_address=172.18.0.5:55100 grpc.peer_subject="CN=peer0.org1.example.com,L=San Francisco,ST=California,C=US" grpc.code=OK grpc.call_duration=734.952µs
2026-09-14T17:39:14.413623745Z [34m2026-09-14 17:39:14.413 UTC 09ea INFO[0m [comm.grpc.server] [34;1mfunc1[0m -> unary call completed grpc.service=protos.Endorser grpc.method=ProcessProposal grpc.request_deadline=2026-09-14T17:39:44.412Z grpc.peer_address=172.18.0.5:55100 grpc.peer_subject="CN=peer0.org1.example.com,L=San Francisco,ST=California,C=US" grpc.code=OK grpc.call_duration=804.104µs
2026-09-14T17:39:14.453902181Z [34m2026-09-14 17:39:14.453 UTC 09ec INFO[0m [endorser] [34;1mcallChaincode[0m -> finished chaincode: kvstore duration: 0ms channel=mychannel txID=4f7627d2
2026-09-14T17:39:14.453944932Z [34m2026-09-14 17:39:14.453 UTC 09eb INFO[0m [endorser] [34;1mcallChaincode[0m -> finished chaincode: kvstore duration: 0ms channel=mychannel txID=27c6e681
2026-09-14T17:39:14.453958218Z [34m2026-09-14 17:39:14.453 UTC 09ed INFO[0m [comm.grpc.server] [34;1mfunc1[0m -> unary call completed grpc.service=protos.Endorser grpc.method=ProcessProposal grpc.request_deadline=2026-09-14T17:39:44.453Z grpc.peer_address=172.18.0.5:55100 grpc.peer_subject="CN=peer0.org1.example.com,L=San Francisco,ST=California,C=US" grpc.code=OK grpc.call_duration=613.241µs
2026-09-14T17:39:14.454009715Z [34m2026-09-14 17:39:14.453 UTC 09ee INFO[0m [comm.grpc.server] [34;1mfunc1[0m -> unary call completed grpc.service=protos.Endorser grpc.method=ProcessProposal grpc.request_deadline=2026-09-14T17:39:44.453Z grpc.peer_address=172.18.0.5:55100 grpc.peer_subject="CN=peer0.org1.example.com,L=San Francisco,ST=California,C=US" grpc.code=OK grpc.call_duration=832.067µs
2026-09-14T17:39:14.493012144Z [34m2026-09-14 17:39:14.492 UTC 09f0 INFO[0m [endorser] [34;1mcallChaincode[0m -> finished chaincode: kvstore duration: 0ms channel=mychannel txID=eb91ad85
2026-09-14T17:39:14.493060716Z [34m2026-09-14 17:39:14.492 UTC 09ef INFO[0m [endorser] [34;1mcallChaincode[0m -> finished chaincode: kvstore duration: 0ms channel=mychannel txID=b3e83705
2026-09-14T17:39:14.493088008Z [34m2026-09-14 17:39:14.493 UTC 09f1 INFO[0m [comm.grpc.server] [34;1mfunc1[0m -> unary call completed grpc.service=protos.Endorser grpc.method=ProcessProposal grpc.request_deadline=2026-09-14T17:39:44.492Z grpc.peer_address=172.18.0.5:55100 grpc.peer_subject="CN=peer0.org1.example.com,L=San Francisco,ST=California,C=US" grpc.code=OK grpc.call_duration=823.821µs
2026-09-14T17:39:14.493121041Z [34m2026-09-14 17:39:14.493 UTC 09f2 INFO[0m [comm.grpc.server] [34;1mfunc1[0m -> unary call completed grpc.service=protos.Endorser grpc.method=ProcessProposal grpc.request_deadline=2026-09-14T17:39:44.492Z grpc.peer_address=172.18.0.5:55100 grpc.peer_subject="CN=peer0.org1.example.com,L=San Francisco,ST=California,C=US" grpc.code=OK grpc.call_duration=860.44µs
2026-09-14T17:39:14.533447579Z [34m2026-09-14 17:39:14.533 UTC 09f3 INFO[0m [endorser] [34;1mcallChaincode[0m -> finished chaincode: kvstore duration: 0ms channel=mychannel txID=0ace51b6
2026-09-14T17:39:14.533460523Z [34m2026-09-14 17:39:14.533 UTC 09f4 INFO[0m [endorser] [34;1mcallChaincode[0m -> finished chaincode: kvstore duration: 0ms channel=mychannel txID=5f2e919f
2026-09-14T17:39:14.533509887Z [34m2026-09-14 17:39:14.533 UTC 09f5 INFO[0m [comm.grpc.server] [34;1mfunc1[0m -> unary call completed grpc.service=protos.Endorser grpc.method=ProcessProposal grpc.request_deadline=2026-09-14T17:39:44.532Z grpc.peer_address=172.18.0.5:55100 grpc.peer_subject="CN=peer0.org1.example.com,L=San Francisco,ST=California,C=US" grpc.code=OK grpc.call_duration=800.878µs
2026-09-14T17:39:14.533524675Z [34m2026-09-14 17:39:14.533 UTC 09f6 INFO[0m [comm.grpc.server] [34;1mfunc1[0m -> unary call completed grpc.service=protos.Endorser grpc.method=ProcessProposal grpc.request_deadline=2026-09-14T17:39:44.532Z grpc.peer_address=172.18.0.5:55100 grpc.peer_subject="CN=peer0.org1.example.com,L=San Francisco,ST=California,C=US" grpc.code=OK grpc.call_duration=805.877µs
2026-09-14T17:39:14.573106582Z [34m2026-09-14 17:39:14.573 UTC 09f7 INFO[0m [endorser] [34;1mcallChaincode[0m -> finished chaincode: kvstore duration: 0ms channel=mychannel txID=bfd91e51
2026-09-14T17:39:14.573171886Z [34m2026-09-14 17:39:14.573 UTC 09f8 INFO[0m [comm.grpc.server] [34;1mfunc1[0m -> unary call completed grpc.service=protos.Endorser grpc.method=ProcessProposal grpc.request_deadline=2026-09-14T17:39:44.572Z grpc.peer_address=172.18.0.5:55100 grpc.peer_subject="CN=peer0.org1.example.com,L=San Francisco,ST=California,C=US" grpc.code=OK grpc.call_duration=775.931µs
2026-09-14T17:39:14.573217031Z [34m2026-09-14 17:39:14.573 UTC 09f9 INFO[0m [endorser] [34;1mcallChaincode[0m -> finished chaincode: kvstore duration: 0ms channel=mychannel txID=28cd8675
2026-09-14T17:39:14.573324364Z [34m2026-09-14 17:39:14.573 UTC 09fa INFO[0m [comm.grpc.server] [34;1mfunc1[0m -> unary call completed grpc.service=protos.Endorser grpc.method=ProcessProposal grpc.request_deadline=2026-09-14T17:39:44.572Z grpc.peer_address=172.18.0.5:55100 grpc.peer_subject="CN=peer0.org1.example.com,L=San Francisco,ST=California,C=US" grpc.code=OK grpc.call_duration=907.68µs
2026-09-14T17:39:14.613796859Z [34m2026-09-14 17:39:14.613 UTC 09fb INFO[0m [endorser] [34;1mcallChaincode[0m -> finished chaincode: kvstore duration: 0ms channel=mychannel txID=d0e629f8
2026-09-14T17:39:14.613808130Z [34m2026-09-14 17:39:14.613 UTC 09fc INFO[0m [endorser] [34;1mcallChaincode[0m -> finished chaincode: kvstore duration: 0ms channel=mychannel txID=52efeb5b
2026-09-14T17:39:14.613824712Z [34m2026-09-14 17:39:14.613 UTC 09fe INFO[0m [comm.grpc.server] [34;1mfunc1[0m -> unary call completed grpc.service=protos.Endorser grpc.method=ProcessProposal grpc.request_deadline=2026-09-14T17:39:44.612Z grpc.peer_address=172.18.0.5:55100 grpc.peer_subject="CN=peer0.org1.example.com,L=San Francisco,ST=California,C=US" grpc.code=OK grpc.call_duration=818.631µs
2026-09-14T17:39:14.613834460Z [34m2026-09-14 17:39:14.613 UTC 09fd INFO[0m [comm.grpc.server] [34;1mfunc1[0m -> unary call completed grpc.service=protos.Endorser grpc.method=ProcessProposal grpc.request_deadline=2026-09-14T17:39:44.612Z grpc.peer_address=172.18.0.5:55100 grpc.peer_subject="CN=peer0.org1.example.com,L=San Francisco,ST=California,C=US" grpc.code=OK grpc.call_duration=813.732µs
2026-09-14T17:39:14.652900840Z [34m2026-09-14 17:39:14.652 UTC 09ff INFO[0m [endorser] [34;1mcallChaincode[0m -> finished chaincode: kvstore duration: 0ms channel=mychannel txID=17a86f51
2026-09-14T17:39:14.652914075Z [34m2026-09-14 17:39:14.652 UTC 0a00 INFO[0m [endorser] [34;1mcallChaincode[0m -> finished chaincode: kvstore duration: 0ms channel=mychannel txID=3366fd0f
2026-09-14T17:39:14.652964962Z [34m2026-09-14 17:39:14.652 UTC 0a01 INFO[0m [comm.grpc.server] [34;1mfunc1[0m -> unary call completed grpc.service=protos.Endorser grpc.method=ProcessProposal grpc.request_deadline=2026-09-14T17:39:44.651Z grpc.peer_address=172.18.0.5:55100 grpc.peer_subject="CN=peer0.org1.example.com,L=San Francisco,ST=California,C=US" grpc.code=OK grpc.call_duration=938.298µs
2026-09-14T17:39:14.652983647Z [34m2026-09-14 17:39:14.652 UTC 0a02 INFO[0m [comm.grpc.server] [34;1mfunc1[0m -> unary call completed grpc.service=protos.Endorser grpc.method=ProcessProposal grpc.request_deadline=2026-09-14T17:39:44.651Z grpc.peer_address=172.18.0.5:55100 grpc.peer_subject="CN=peer0.org1.example.com,L=San Francisco,ST=California,C=US" grpc.code=OK grpc.call_duration=965.209µs
2026-09-14T17:39:14.693093064Z [34m2026-09-14 17:39:14.693 UTC 0a03 INFO[0m [endorser] [34;1mcallChaincode[0m -> finished chaincode: kvstore duration: 0ms channel=mychannel txID=42882171
2026-09-14T17:39:14.693104365Z [34m2026-09-14 17:39:14.693 UTC 0a04 INFO[0m [endorser] [34;1mcallChaincode[0m -> finished chaincode: kvstore duration: 0ms channel=mychannel txID=72177520
2026-09-14T17:39:14.693183635Z [34m2026-09-14 17:39:14.693 UTC 0a05 INFO[0m [comm.grpc.server] [34;1mfunc1[0m -> unary call completed grpc.service=protos.Endorser grpc.method=ProcessProposal grpc.request_deadline=2026-09-14T17:39:44.692Z grpc.peer_address=172.18.0.5:55100 grpc.peer_subject="CN=peer0.org1.example.com,L=San Francisco,ST=California,C=US" grpc.code=OK grpc.call_duration=889.295µs
2026-09-14T17:39:14.693196259Z [34m2026-09-14 17:39:14.693 UTC 0a06 INFO[0m [comm.grpc.server] [34;1mfunc1[0m -> unary call completed grpc.service=protos.Endorser grpc.method=ProcessProposal grpc.request_deadline=2026-09-14T17:39:44.692Z grpc.peer_address=172.18.0.5:55100 grpc.peer_subject="CN=peer0.org1.example.com,L=San Francisco,ST=California,C=US" grpc.code=OK grpc.call_duration=891.088µs
2026-09-14T17:39:14.733438538Z [34m2026-09-14 17:39:14.733 UTC 0a07 INFO[0m [endorser] [34;1mcallChaincode[0m -> finished chaincode: kvstore duration: 0ms channel=mychannel txID=87253ad7
2026-09-14T17:39:14.733451592Z [34m2026-09-14 17:39:14.733 UTC 0a08 INFO[0m [endorser] [34;1mcallChaincode[0m -> finished chaincode: kvstore duration: 0ms channel=mychannel txID=d59051a3
2026-09-14T17:39:14.733516365Z [34m2026-09-14 17:39:14.733 UTC 0a09 INFO[0m [comm.grpc.server] [34;1mfunc1[0m -> unary call completed grpc.service=protos.Endorser grpc.method=ProcessProposal grpc.request_deadline=2026-09-14T17:39:44.732Z grpc.peer_address=172.18.0.5:55100 grpc.peer_subject="CN=peer0.org1.example.com,L=San Francisco,ST=California,C=US" grpc.code=OK grpc.call_duration=973.996µs
2026-09-14T17:39:14.733529830Z [34m2026-09-14 17:39:14.733 UTC 0a0a INFO[0m [comm.grpc.server] [34;1mfunc1[0m -> unary call completed grpc.service=protos.Endorser grpc.method=ProcessProposal grpc.request_deadline=2026-09-14T17:39:44.732Z grpc.peer_address=172.18.0.5:55100 grpc.peer_subject="CN=peer0.org1.example.com,L=San Francisco,ST=California,C=US" grpc.code=OK grpc.call_duration=919.613µs
2026-09-14T17:39:14.773937702Z [34m2026-09-14 17:39:14.773 UTC 0a0b INFO[0m [endorser] [34;1mcallChaincode[0m -> finished chaincode: kvstore duration: 0ms channel=mychannel txID=52e23c55
2026-09-14T17:39:14.773951128Z [34m2026-09-14 17:39:14.773 UTC 0a0c INFO[0m [endorser] [34;1mcallChaincode[0m -> finished chaincode: kvstore duration: 0ms channel=mychannel txID=0795dc08
2026-09-14T17:39:14.774002345Z [34m2026-09-14 17:39:14.773 UTC 0a0d INFO[0m [comm.grpc.server] [34;1mfunc1[0m -> unary call completed grpc.service=protos.Endorser grpc.method=ProcessProposal grpc.request_deadline=2026-09-14T17:39:44.773Z grpc.peer_address=172.18.0.5:55100 grpc.peer_subject="CN=peer0.org1.example.com,L=San Francisco,ST=California,C=US" grpc.code=OK grpc.call_duration=812.52µs
2026-09-14T17:39:14.774026691Z [34m2026-09-14 17:39:14.773 UTC 0a0e INFO[0m [comm.grpc.server] [34;1mfunc1[0m -> unary call completed grpc.service=protos.Endorser grpc.method=ProcessProposal grpc.request_deadline=2026-09-14T17:39:44.773Z grpc.peer_address=172.18.0.5:55100 grpc.peer_subject="CN=peer0.org1.example.com,L=San Francisco,ST=California,C=US" grpc.code=OK grpc.call_duration=837.487µs
2026-09-14T17:39:14.813314381Z [34m2026-09-14 17:39:14.813 UTC 0a0f INFO[0m [endorser] [34;1mcallChaincode[0m -> finished chaincode: kvstore duration: 0ms channel=mychannel txID=ad568c99
2026-09-14T17:39:14.813335310Z [34m2026-09-14 17:39:14.813 UTC 0a10 INFO[0m [endorser] [34;1mcallChaincode[0m -> finished chaincode: kvstore duration: 0ms channel=mychannel txID=bd0cb044
2026-09-14T17:39:14.813375987Z [34m2026-09-14 17:39:14.813 UTC 0a11 INFO[0m [comm.grpc.server] [34;1mfunc1[0m -> unary call completed grpc.service=protos.Endorser grpc.method=ProcessProposal grpc.request_deadline=2026-09-14T17:39:44.812Z grpc.peer_address=172.18.0.5:55100 grpc.peer_subject="CN=peer0.org1.example.com,L=San Francisco,ST=California,C=US" grpc.code=OK grpc.call_duration=742.306µs
2026-09-14T17:39:14.813388341Z [34m2026-09-14 17:39:14.813 UTC 0a12 INFO[0m [comm.grpc.server] [34;1mfunc1[0m -> unary call completed grpc.service=protos.Endorser grpc.method=ProcessProposal grpc.request_deadline=2026-09-14T17:39:44.812Z grpc.peer_address=172.18.0.5:55100 grpc.peer_subject="CN=peer0.org1.example.com,L=San Francisco,ST=California,C=US" grpc.code=OK grpc.call_duration=735.964µs
2026-09-14T17:39:14.854015268Z [34m2026-09-14 17:39:14.853 UTC 0a13 INFO[0m [endorser] [34;1mcallChaincode[0m -> finished chaincode: kvstore duration: 0ms channel=mychannel txID=c9f0a16c
2026-09-14T17:39:14.854029024Z [34m2026-09-14 17:39:14.853 UTC 0a14 INFO[0m [endorser] [34;1mcallChaincode[0m -> finished chaincode: kvstore duration: 0ms channel=mychannel txID=4381aa8a
2026-09-14T17:39:14.854061004Z [34m2026-09-14 17:39:14.854 UTC 0a16 INFO[0m [comm.grpc.server] [34;1mfunc1[0m -> unary call completed grpc.service=protos.Endorser grpc.method=ProcessProposal grpc.request_deadline=2026-09-14T17:39:44.853Z grpc.peer_address=172.18.0.5:55100 grpc.peer_subject="CN=peer0.org1.example.com,L=San Francisco,ST=California,C=US" grpc.code=OK grpc.call_duration=794.455µs
2026-09-14T17:39:14.854086262Z [34m2026-09-14 17:39:14.854 UTC 0a15 INFO[0m [comm.grpc.server] [34;1mfunc1[0m -> unary call completed grpc.service=protos.Endorser grpc.method=ProcessProposal grpc.request_deadline=2026-09-14T17:39:44.853Z grpc.peer_address=172.18.0.5:55100 grpc.peer_subject="CN=peer0.org1.example.com,L=San Francisco,ST=California,C=US" grpc.code=OK grpc.call_duration=764.98µs
2026-09-14T17:39:14.892961380Z [34m2026-09-14 17:39:14.892 UTC 0a17 INFO[0m [endorser] [34;1mcallChaincode[0m -> finished chaincode: kvstore duration: 0ms channel=mychannel txID=5738d66f
2026-09-14T17:39:14.893007007Z [34m2026-09-14 17:39:14.892 UTC 0a18 INFO[0m [endorser] [34;1mcallChaincode[0m -> finished chaincode: kvstore duration: 0ms channel=mychannel txID=8c456119
2026-09-14T17:39:14.893013479Z [34m2026-09-14 17:39:14.892 UTC 0a19 INFO[0m [comm.grpc.server] [34;1mfunc1[0m -> unary call completed grpc.service=protos.Endorser grpc.method=ProcessProposal grpc.request_deadline=2026-09-14T17:39:44.891Z grpc.peer_address=172.18.0.5:55100 grpc.peer_subject="CN=peer0.org1.example.com,L=San Francisco,ST=California,C=US" grpc.code=OK grpc.call_duration=919.953µs
2026-09-14T17:39:14.893064325Z [34m2026-09-14 17:39:14.893 UTC 0a1a INFO[0m [comm.grpc.server] [34;1mfunc1[0m -> unary call completed grpc.service=protos.Endorser grpc.method=ProcessProposal grpc.request_deadline=2026-09-14T17:39:44.891Z grpc.peer_address=172.18.0.5:55100 grpc.peer_subject="CN=peer0.org1.example.com,L=San Francisco,ST=California,C=US" grpc.code=OK grpc.call_duration=985.898µs
2026-09-14T17:39:14.932928036Z [34m2026-09-14 17:39:14.932 UTC 0a1b INFO[0m [endorser] [34;1mcallChaincode[0m -> finished chaincode: kvstore duration: 0ms channel=mychannel txID=d30fcc63
2026-09-14T17:39:14.932946291Z [34m2026-09-14 17:39:14.932 UTC 0a1c INFO[0m [endorser] [34;1mcallChaincode[0m -> finished chaincode: kvstore duration: 0ms channel=mychannel txID=e1cbc733
2026-09-14T17:39:14.932964886Z [34m2026-09-14 17:39:14.932 UTC 0a1d INFO[0m [comm.grpc.server] [34;1mfunc1[0m -> unary call completed grpc.service=protos.Endorser grpc.method=ProcessProposal grpc.request_deadline=2026-09-14T17:39:44.931Z grpc.peer_address=172.18.0.5:55100 grpc.peer_subject="CN=peer0.org1.example.com,L=San Francisco,ST=California,C=US" grpc.code=OK grpc.call_duration=891.208µs
2026-09-14T17:39:14.932988020Z [34m2026-09-14 17:39:14.932 UTC 0a1e INFO[0m [comm.grpc.server] [34;1mfunc1[0m -> unary call completed grpc.service=protos.Endorser grpc.method=ProcessProposal grpc.request_deadline=2026-09-14T17:39:44.932Z grpc.peer_address=172.18.0.5:55100 grpc.peer_subject="CN=peer0.org1.example.com,L=San Francisco,ST=California,C=US" grpc.code=OK grpc.call_duration=848.187µs
2026-09-14T17:39:14.973292035Z [34m2026-09-14 17:39:14.973 UTC 0a1f INFO[0m [endorser] [34;1mcallChaincode[0m -> finished chaincode: kvstore duration: 0ms channel=mychannel txID=25197155
2026-09-14T17:39:14.973311071Z [34m2026-09-14 17:39:14.973 UTC 0a20 INFO[0m [endorser] [34;1mcallChaincode[0m -> finished chaincode: kvstore duration: 0ms channel=mychannel txID=31581c1b
2026-09-14T17:39:14.973332021Z [34m2026-09-14 17:39:14.973 UTC 0a21 INFO[0m [comm.grpc.server] [34;1mfunc1[0m -> unary call completed grpc.service=protos.Endorser grpc.method=ProcessProposal grpc.request_deadline=2026-09-14T17:39:44.972Z grpc.peer_address=172.18.0.5:55100 grpc.peer_subject="CN=peer0.org1.example.com,L=San Francisco,ST=California,C=US" grpc.code=OK grpc.call_duration=837.787µs
2026-09-14T17:39:14.973341740Z [34m2026-09-14 17:39:14.973 UTC 0a22 INFO[0m [comm.grpc.server] [34;1mfunc1[0m -> unary call completed grpc.service=protos.Endorser grpc.method=ProcessProposal grpc.request_deadline=2026-09-14T17:39:44.972Z grpc.peer_address=172.18.0.5:55100 grpc.peer_subject="CN=peer0.org1.example.com,L=San Francisco,ST=California,C=US" grpc.code=OK grpc.call_duration=830.063µs
2026-09-14T17:39:15.014195116Z [34m2026-09-14 17:39:15.014 UTC 0a23 INFO[0m [endorser] [34;1mcallChaincode[0m -> finished chaincode: kvstore duration: 0ms channel=mychannel txID=c94022b9
2026-09-14T17:39:15.014208211Z [34m2026-09-14 17:39:15.014 UTC 0a24 INFO[0m [endorser] [34;1mcallChaincode[0m -> finished chaincode: kvstore duration: 0ms channel=mychannel txID=5af18b02
2026-09-14T17:39:15.014252234Z [34m2026-09-14 17:39:15.014 UTC 0a26 INFO[0m [comm.grpc.server] [34;1mfunc1[0m -> unary call completed grpc.service=protos.Endorser grpc.method=ProcessProposal grpc.request_deadline=2026-09-14T17:39:45.013Z grpc.peer_address=172.18.0.5:55100 grpc.peer_subject="CN=peer0.org1.example.com,L=San Francisco,ST=California,C=US" grpc.code=OK grpc.call_duration=945.271µs
2026-09-14T17:39:15.014260169Z [34m2026-09-14 17:39:15.014 UTC 0a25 INFO[0m [comm.grpc.server] [34;1mfunc1[0m -> unary call completed grpc.service=protos.Endorser grpc.method=ProcessProposal grpc.request_deadline=2026-09-14T17:39:45.013Z grpc.peer_address=172.18.0.5:55100 grpc.peer_subject="CN=peer0.org1.example.com,L=San Francisco,ST=California,C=US" grpc.code=OK grpc.call_duration=964.267µs
2026-09-14T17:39:15.054134119Z [34m2026-09-14 17:39:15.054 UTC 0a27 INFO[0m [endorser] [34;1mcallChaincode[0m -> finished chaincode: kvstore duration: 0ms channel=mychannel txID=a3382f33
2026-09-14T17:39:15.054156452Z [34m2026-09-14 17:39:15.054 UTC 0a28 INFO[0m [endorser] [34;1mcallChaincode[0m -> finished chaincode: kvstore duration: 0ms channel=mychannel txID=34b31ded
2026-09-14T17:39:15.054207428Z [34m2026-09-14 17:39:15.054 UTC 0a29 INFO[0m [comm.grpc.server] [34;1mfunc1[0m -> unary call completed grpc.service=protos.Endorser grpc.method=ProcessProposal grpc.request_deadline=2026-09-14T17:39:45.053Z grpc.peer_address=172.18.0.5:55100 grpc.peer_subject="CN=peer0.org1.example.com,L=San Francisco,ST=California,C=US" grpc.code=OK grpc.call_duration=916.055µs
2026-09-14T17:39:15.054217998Z [34m2026-09-14 17:39:15.054 UTC 0a2a INFO[0m [comm.grpc.server] [34;1mfunc1[0m -> unary call completed grpc.service=protos.Endorser grpc.method=ProcessProposal grpc.request_deadline=2026-09-14T17:39:45.053Z grpc.peer_address=172.18.0.5:55100 grpc.peer_subject="CN=peer0.org1.example.com,L=San Francisco,ST=California,C=US" grpc.code=OK grpc.call_duration=924.912µs
2026-09-14T17:39:15.093722288Z [34m2026-09-14 17:39:15.093 UTC 0a2b INFO[0m [endorser] [34;1mcallChaincode[0m -> finished chaincode: kvstore duration: 0ms channel=mychannel txID=b79ca8a4
2026-09-14T17:39:15.093742928Z [34m2026-09-14 17:39:15.093 UTC 0a2c INFO[0m [endorser] [34;1mcallChaincode[0m -> finished chaincode: kvstore duration: 0ms channel=mychannel txID=7dafa69e
2026-09-14T17:39:15.093793443Z [34m2026-09-14 17:39:15.093 UTC 0a2d INFO[0m [comm.grpc.server] [34;1mfunc1[0m -> unary call completed grpc.service=protos.Endorser grpc.method=ProcessProposal grpc.request_deadline=2026-09-14T17:39:45.092Z grpc.peer_address=172.18.0.5:55100 grpc.peer_subject="CN=peer0.org1.example.com,L=San Francisco,ST=California,C=US" grpc.code=OK grpc.call_duration=918.31µs
2026-09-14T17:39:15.093816627Z [34m2026-09-14 17:39:15.093 UTC 0a2e INFO[0m [comm.grpc.server] [34;1mfunc1[0m -> unary call completed grpc.service=protos.Endorser grpc.method=ProcessProposal grpc.request_deadline=2026-09-14T17:39:45.092Z grpc.peer_address=172.18.0.5:55100 grpc.peer_subject="CN=peer0.org1.example.com,L=San Francisco,ST=California,C=US" grpc.code=OK grpc.call_duration=888.694µs
2026-09-14T17:39:15.132860034Z [34m2026-09-14 17:39:15.132 UTC 0a2f INFO[0m [endorser] [34;1mcallChaincode[0m -> finished chaincode: kvstore duration: 0ms channel=mychannel txID=cb91247f
2026-09-14T17:39:15.132902124Z [34m2026-09-14 17:39:15.132 UTC 0a30 INFO[0m [endorser] [34;1mcallChaincode[0m -> finished chaincode: kvstore duration: 0ms channel=mychannel txID=4311040f
2026-09-14T17:39:15.132924456Z [34m2026-09-14 17:39:15.132 UTC 0a31 INFO[0m [comm.grpc.server] [34;1mfunc1[0m -> unary call completed grpc.service=protos.Endorser grpc.method=ProcessProposal grpc.request_deadline=2026-09-14T17:39:45.132Z grpc.peer_address=172.18.0.5:55100 grpc.peer_subject="CN=peer0.org1.example.com,L=San Francisco,ST=California,C=US" grpc.code=OK grpc.call_duration=823.23µs
2026-09-14T17:39:15.132962017Z [34m2026-09-14 17:39:15.132 UTC 0a32 INFO[0m [comm.grpc.server] [34;1mfunc1[0m -> unary call completed grpc.service=protos.Endorser grpc.method=ProcessProposal grpc.request_deadline=2026-09-14T17:39:45.132Z grpc.peer_address=172.18.0.5:55100 grpc.peer_subject="CN=peer0.org1.example.com,L=San Francisco,ST=California,C=US" grpc.code=OK grpc.call_duration=834.191µs
2026-09-14T17:39:15.172749584Z [34m2026-09-14 17:39:15.172 UTC 0a33 INFO[0m [endorser] [34;1mcallChaincode[0m -> finished chaincode: kvstore duration: 0ms channel=mychannel txID=cdb0067f
2026-09-14T17:39:15.172767929Z [34m2026-09-14 17:39:15.172 UTC 0a34 INFO[0m [endorser] [34;1mcallChaincode[0m -> finished chaincode: kvstore duration: 0ms channel=mychannel txID=2d00d9a4
2026-09-14T17:39:15.172809167Z [34m2026-09-14 17:39:15.172 UTC 0a35 INFO[0m [comm.grpc.server] [34;1mfunc1[0m -> unary call completed grpc.service=protos.Endorser grpc.method=ProcessProposal grpc.request_deadline=2026-09-14T17:39:45.171Z grpc.peer_address=172.18.0.5:55100 grpc.peer_subject="CN=peer0.org1.example.com,L=San Francisco,ST=California,C=US" grpc.code=OK grpc.call_duration=825.324µs
2026-09-14T17:39:15.172843522Z [34m2026-09-14 17:39:15.172 UTC 0a36 INFO[0m [comm.grpc.server] [34;1mfunc1[0m -> unary call completed grpc.service=protos.Endorser grpc.method=ProcessProposal grpc.request_deadline=2026-09-14T17:39:45.171Z grpc.peer_address=172.18.0.5:55100 grpc.peer_subject="CN=peer0.org1.example.com,L=San Francisco,ST=California,C=US" grpc.code=OK grpc.call_duration=816.457µs
2026-09-14T17:39:15.214009932Z [34m2026-09-14 17:39:15.213 UTC 0a37 INFO[0m [endorser] [34;1mcallChaincode[0m -> finished chaincode: kvstore duration: 0ms channel=mychannel txID=020cbf1e
2026-09-14T17:39:15.214024780Z [34m2026-09-14 17:39:15.213 UTC 0a38 INFO[0m [endorser] [34;1mcallChaincode[0m -> finished chaincode: kvstore duration: 0ms channel=mychannel txID=db611dff
2026-09-14T17:39:15.214070897Z [34m2026-09-14 17:39:15.214 UTC 0a3a INFO[0m [comm.grpc.server] [34;1mfunc1[0m -> unary call completed grpc.service=protos.Endorser grpc.method=ProcessProposal grpc.request_deadline=2026-09-14T17:39:45.212Z grpc.peer_address=172.18.0.5:55100 grpc.peer_subject="CN=peer0.org1.example.com,L=San Francisco,ST=California,C=US" grpc.code=OK grpc.call_duration=1.06641ms
2026-09-14T17:39:15.214079403Z [34m2026-09-14 17:39:15.214 UTC 0a39 INFO[0m [comm.grpc.server] [34;1mfunc1[0m -> unary call completed grpc.service=protos.Endorser grpc.method=ProcessProposal grpc.request_deadline=2026-09-14T17:39:45.212Z grpc.peer_address=172.18.0.5:55100 grpc.peer_subject="CN=peer0.org1.example.com,L=San Francisco,ST=California,C=US" grpc.code=OK grpc.call_duration=1.095004ms
2026-09-14T17:39:15.253107030Z [34m2026-09-14 17:39:15.253 UTC 0a3b INFO[0m [endorser] [34;1mcallChaincode[0m -> finished chaincode: kvstore duration: 0ms channel=mychannel txID=05dac2bf
2026-09-14T17:39:15.253148308Z [34m2026-09-14 17:39:15.253 UTC 0a3c INFO[0m [endorser] [34;1mcallChaincode[0m -> finished chaincode: kvstore duration: 0ms channel=mychannel txID=931097bf
2026-09-14T17:39:15.253163928Z [34m2026-09-14 17:39:15.253 UTC 0a3d INFO[0m [comm.grpc.server] [34;1mfunc1[0m -> unary call completed grpc.service=protos.Endorser grpc.method=ProcessProposal grpc.request_deadline=2026-09-14T17:39:45.252Z grpc.peer_address=172.18.0.5:55100 grpc.peer_subject="CN=peer0.org1.example.com,L=San Francisco,ST=California,C=US" grpc.code=OK grpc.call_duration=866.772µs
2026-09-14T17:39:15.253207140Z [34m2026-09-14 17:39:15.253 UTC 0a3e INFO[0m [comm.grpc.server] [34;1mfunc1[0m -> unary call completed grpc.service=protos.Endorser grpc.method=ProcessProposal grpc.request_deadline=2026-09-14T17:39:45.252Z grpc.peer_address=172.18.0.5:55100 grpc.peer_subject="CN=peer0.org1.example.com,L=San Francisco,ST=California,C=US" grpc.code=OK grpc.call_duration=909.373µs
2026-09-14T17:39:15.293227327Z [34m2026-09-14 17:39:15.293 UTC 0a40 INFO[0m [endorser] [34;1mcallChaincode[0m -> finished chaincode: kvstore duration: 0ms channel=mychannel txID=709de085
2026-09-14T17:39:15.293254519Z [34m2026-09-14 17:39:15.293 UTC 0a3f INFO[0m [endorser] [34;1mcallChaincode[0m -> finished chaincode: kvstore duration: 0ms channel=mychannel txID=681b9c3b
2026-09-14T17:39:15.293263055Z [34m2026-09-14 17:39:15.293 UTC 0a41 INFO[0m [comm.grpc.server] [34;1mfunc1[0m -> unary call completed grpc.service=protos.Endorser grpc.method=ProcessProposal grpc.request_deadline=2026-09-14T17:39:45.292Z grpc.peer_address=172.18.0.5:55100 grpc.peer_subject="CN=peer0.org1.example.com,L=San Francisco,ST=California,C=US" grpc.code=OK grpc.call_duration=757.415µs
2026-09-14T17:39:15.293313350Z [34m2026-09-14 17:39:15.293 UTC 0a42 INFO[0m [comm.grpc.server] [34;1mfunc1[0m -> unary call completed grpc.service=protos.Endorser grpc.method=ProcessProposal grpc.request_deadline=2026-09-14T17:39:45.292Z grpc.peer_address=172.18.0.5:55100 grpc.peer_subject="CN=peer0.org1.example.com,L=San Francisco,ST=California,C=US" grpc.code=OK grpc.call_duration=769.127µs
2026-09-14T17:39:15.333309362Z [34m2026-09-14 17:39:15.333 UTC 0a43 INFO[0m [endorser] [34;1mcallChaincode[0m -> finished chaincode: kvstore duration: 0ms channel=mychannel txID=5d87453d
2026-09-14T17:39:15.333349679Z [34m2026-09-14 17:39:15.333 UTC 0a44 INFO[0m [endorser] [34;1mcallChaincode[0m -> finished chaincode: kvstore duration: 0ms channel=mychannel txID=8d505cc6
2026-09-14T17:39:15.333370137Z [34m2026-09-14 17:39:15.333 UTC 0a45 INFO[0m [comm.grpc.server] [34;1mfunc1[0m -> unary call completed grpc.service=protos.Endorser grpc.method=ProcessProposal grpc.request_deadline=2026-09-14T17:39:45.332Z grpc.peer_address=172.18.0.5:55100 grpc.peer_subject="CN=peer0.org1.example.com,L=San Francisco,ST=California,C=US" grpc.code=OK grpc.call_duration=925.043µs
2026-09-14T17:39:15.333414571Z [34m2026-09-14 17:39:15.333 UTC 0a46 INFO[0m [comm.grpc.server] [34;1mfunc1[0m -> unary call completed grpc.service=protos.Endorser grpc.method=ProcessProposal grpc.request_deadline=2026-09-14T17:39:45.332Z grpc.peer_address=172.18.0.5:55100 grpc.peer_subject="CN=peer0.org1.example.com,L=San Francisco,ST=California,C=US" grpc.code=OK grpc.call_duration=944.078µs
2026-09-14T17:39:15.373393711Z [34m2026-09-14 17:39:15.373 UTC 0a48 INFO[0m [endorser] [34;1mcallChaincode[0m -> finished chaincode: kvstore duration: 0ms channel=mychannel txID=a2e31df7
2026-09-14T17:39:15.373429519Z [34m2026-09-14 17:39:15.373 UTC 0a47 INFO[0m [endorser] [34;1mcallChaincode[0m -> finished chaincode: kvstore duration: 0ms channel=mychannel txID=812d433d
2026-09-14T17:39:15.373441502Z [34m2026-09-14 17:39:15.373 UTC 0a49 INFO[0m [comm.grpc.server] [34;1mfunc1[0m -> unary call completed grpc.service=protos.Endorser grpc.method=ProcessProposal grpc.request_deadline=2026-09-14T17:39:45.372Z grpc.peer_address=172.18.0.5:55100 grpc.peer_subject="CN=peer0.org1.example.com,L=San Francisco,ST=California,C=US" grpc.code=OK grpc.call_duration=808.111µs
2026-09-14T17:39:15.373499291Z [34m2026-09-14 17:39:15.373 UTC 0a4a INFO[0m [comm.grpc.server] [34;1mfunc1[0m -> unary call completed grpc.service=protos.Endorser grpc.method=ProcessProposal grpc.request_deadline=2026-09-14T17:39:45.372Z grpc.peer_address=172.18.0.5:55100 grpc.peer_subject="CN=peer0.org1.example.com,L=San Francisco,ST=California,C=US" grpc.code=OK grpc.call_duration=855.321µs
2026-09-14T17:39:15.410183057Z [34m2026-09-14 17:39:15.410 UTC 0a4b INFO[0m [gossip.privdata] [34;1mStoreBlock[0m -> Received block [27] from buffer channel=mychannel
2026-09-14T17:39:15.416219044Z [34m2026-09-14 17:39:15.416 UTC 0a4c INFO[0m [endorser] [34;1mcallChaincode[0m -> finished chaincode: kvstore duration: 3ms channel=mychannel txID=f46d175d
2026-09-14T17:39:15.416266624Z [34m2026-09-14 17:39:15.416 UTC 0a4d INFO[0m [comm.grpc.server] [34;1mfunc1[0m -> unary call completed grpc.service=protos.Endorser grpc.method=ProcessProposal grpc.request_deadline=2026-09-14T17:39:45.412Z grpc.peer_address=172.18.0.5:55100 grpc.peer_subject="CN=peer0.org1.example.com,L=San Francisco,ST=California,C=US" grpc.code=OK grpc.call_duration=3.338967ms
2026-09-14T17:39:15.419880211Z [34m2026-09-14 17:39:15.419 UTC 0a4e INFO[0m [endorser] [34;1mcallChaincode[0m -> finished chaincode: kvstore duration: 6ms channel=mychannel txID=b24addfe
2026-09-14T17:39:15.419957557Z [34m2026-09-14 17:39:15.419 UTC 0a4f INFO[0m [comm.grpc.server] [34;1mfunc1[0m -> unary call completed grpc.service=protos.Endorser grpc.method=ProcessProposal grpc.request_deadline=2026-09-14T17:39:45.412Z grpc.peer_address=172.18.0.5:55100 grpc.peer_subject="CN=peer0.org1.example.com,L=San Francisco,ST=California,C=US" grpc.code=OK grpc.call_duration=6.724932ms
2026-09-14T17:39:15.420469157Z [34m2026-09-14 17:39:15.420 UTC 0a50 INFO[0m [committer.txvalidator] [34;1mValidate[0m -> [mychannel] Validated block [27] in 10ms
2026-09-14T17:39:15.499215781Z [34m2026-09-14 17:39:15.499 UTC 0a51 INFO[0m [kvledger] [34;1mcommit[0m -> [mychannel] Committed block [27] with 52 transaction(s) in 78ms (state_validation=0ms block_and_pvtdata_commit=44ms state_commit=14ms) commitHash=[76722bd77782aa3f7cc1b81bfd8153d49e5e68b8356cf3a3f4cd0b5517622304]
2026-09-14T17:39:15.509012383Z [34m2026-09-14 17:39:15.508 UTC 0a52 INFO[0m [endorser] [34;1mcallChaincode[0m -> finished chaincode: kvstore duration: 0ms channel=mychannel txID=5e5c81b5
2026-09-14T17:39:15.509022111Z [34m2026-09-14 17:39:15.508 UTC 0a53 INFO[0m [endorser] [34;1mcallChaincode[0m -> finished chaincode: kvstore duration: 0ms channel=mychannel txID=e0f77d59
2026-09-14T17:39:15.509072156Z [34m2026-09-14 17:39:15.509 UTC 0a55 INFO[0m [comm.grpc.server] [34;1mfunc1[0m -> unary call completed grpc.service=protos.Endorser grpc.method=ProcessProposal grpc.request_deadline=2026-09-14T17:39:45.507Z grpc.peer_address=172.18.0.5:55100 grpc.peer_subject="CN=peer0.org1.example.com,L=San Francisco,ST=California,C=US" grpc.code=OK grpc.call_duration=1.072983ms
2026-09-14T17:39:15.509107964Z [34m2026-09-14 17:39:15.509 UTC 0a54 INFO[0m [comm.grpc.server] [34;1mfunc1[0m -> unary call completed grpc.service=protos.Endorser grpc.method=ProcessProposal grpc.request_deadline=2026-09-14T17:39:45.507Z grpc.peer_address=172.18.0.5:55100 grpc.peer_subject="CN=peer0.org1.example.com,L=San Francisco,ST=California,C=US" grpc.code=OK grpc.call_duration=1.00818ms
2026-09-14T17:39:15.509171815Z [34m2026-09-14 17:39:15.509 UTC 0a56 INFO[0m [endorser] [34;1mcallChaincode[0m -> finished chaincode: kvstore duration: 0ms channel=mychannel txID=02bcb9d9
2026-09-14T17:39:15.509176203Z [34m2026-09-14 17:39:15.509 UTC 0a57 INFO[0m [endorser] [34;1mcallChaincode[0m -> finished chaincode: kvstore duration: 0ms channel=mychannel txID=35a3472d
2026-09-14T17:39:15.509219505Z [34m2026-09-14 17:39:15.509 UTC 0a58 INFO[0m [comm.grpc.server] [34;1mfunc1[0m -> unary call completed grpc.service=protos.Endorser grpc.method=ProcessProposal grpc.request_deadline=2026-09-14T17:39:45.508Z grpc.peer_address=172.18.0.5:55100 grpc.peer_subject="CN=peer0.org1.example.com,L=San Francisco,ST=California,C=US" grpc.code=OK grpc.call_duration=718.532µs
2026-09-14T17:39:15.509240775Z [34m2026-09-14 17:39:15.509 UTC 0a59 INFO[0m [comm.grpc.server] [34;1mfunc1[0m -> unary call completed grpc.service=protos.Endorser grpc.method=ProcessProposal grpc.request_deadline=2026-09-14T17:39:45.508Z grpc.peer_address=172.18.0.5:55100 grpc.peer_subject="CN=peer0.org1.example.com,L=San Francisco,ST=California,C=US" grpc.code=OK grpc.call_duration=775.389µs
2026-09-14T17:39:15.533414368Z [34m2026-09-14 17:39:15.533 UTC 0a5a INFO[0m [endorser] [34;1mcallChaincode[0m -> finished chaincode: kvstore duration: 0ms channel=mychannel txID=f7e2384b
2026-09-14T17:39:15.533435638Z [34m2026-09-14 17:39:15.533 UTC 0a5b INFO[0m [endorser] [34;1mcallChaincode[0m -> finished chaincode: kvstore duration: 0ms channel=mychannel txID=8e78104a
2026-09-14T17:39:15.533452640Z [34m2026-09-14 17:39:15.533 UTC 0a5c INFO[0m [comm.grpc.server] [34;1mfunc1[0m -> unary call completed grpc.service=protos.Endorser grpc.method=ProcessProposal grpc.request_deadline=2026-09-14T17:39:45.532Z grpc.peer_address=172.18.0.5:55100 grpc.peer_subject="CN=peer0.org1.example.com,L=San Francisco,ST=California,C=US" grpc.code=OK grpc.call_duration=786.47µs
2026-09-14T17:39:15.533504338Z [34m2026-09-14 17:39:15.533 UTC 0a5d INFO[0m [comm.grpc.server] [34;1mfunc1[0m -> unary call completed grpc.service=protos.Endorser grpc.method=ProcessProposal grpc.request_deadline=2026-09-14T17:39:45.532Z grpc.peer_address=172.18.0.5:55100 grpc.peer_subject="CN=peer0.org1.example.com,L=San Francisco,ST=California,C=US" grpc.code=OK grpc.call_duration=829.141µs
2026-09-14T17:39:15.572917696Z [34m2026-09-14 17:39:15.572 UTC 0a5e INFO[0m [endorser] [34;1mcallChaincode[0m -> finished chaincode: kvstore duration: 0ms channel=mychannel txID=55dc39c5
2026-09-14T17:39:15.572961239Z [34m2026-09-14 17:39:15.572 UTC 0a5f INFO[0m [endorser] [34;1mcallChaincode[0m -> finished chaincode: kvstore duration: 0ms channel=mychannel txID=5a61c391
2026-09-14T17:39:15.572984012Z [34m2026-09-14 17:39:15.572 UTC 0a60 INFO[0m [comm.grpc.server] [34;1mfunc1[0m -> unary call completed grpc.service=protos.Endorser grpc.method=ProcessProposal grpc.request_deadline=2026-09-14T17:39:45.572Z grpc.peer_address=172.18.0.5:55100 grpc.peer_subject="CN=peer0.org1.example.com,L=San Francisco,ST=California,C=US" grpc.code=OK grpc.call_duration=725.675µs
2026-09-14T17:39:15.573030620Z [34m2026-09-14 17:39:15.573 UTC 0a61 INFO[0m [comm.grpc.server] [34;1mfunc1[0m -> unary call completed grpc.service=protos.Endorser grpc.method=ProcessProposal grpc.request_deadline=2026-09-14T17:39:45.572Z grpc.peer_address=172.18.0.5:55100 grpc.peer_subject="CN=peer0.org1.example.com,L=San Francisco,ST=California,C=US" grpc.code=OK grpc.call_duration=771.491µs
2026-09-14T17:39:15.613489719Z [34m2026-09-14 17:39:15.613 UTC 0a62 INFO[0m [endorser] [34;1mcallChaincode[0m -> finished chaincode: kvstore duration: 0ms channel=mychannel txID=3a154b92
2026-09-14T17:39:15.613526709Z [34m2026-09-14 17:39:15.613 UTC 0a63 INFO[0m [endorser] [34;1mcallChaincode[0m -> finished chaincode: kvstore duration: 0ms channel=mychannel txID=ab5eef14
2026-09-14T17:39:15.613587805Z [34m2026-09-14 17:39:15.613 UTC 0a64 INFO[0m [comm.grpc.server] [34;1mfunc1[0m -> unary call completed grpc.service=protos.Endorser grpc.method=ProcessProposal grpc.request_deadline=2026-09-14T17:39:45.612Z grpc.peer_address=172.18.0.5:55100 grpc.peer_subject="CN=peer0.org1.example.com,L=San Francisco,ST=California,C=US" grpc.code=OK grpc.call_duration=1.103992ms
2026-09-14T17:39:15.613620818Z [34m2026-09-14 17:39:15.613 UTC 0a65 INFO[0m [comm.grpc.server] [34;1mfunc1[0m -> unary call completed grpc.service=protos.Endorser grpc.method=ProcessProposal grpc.request_deadline=2026-09-14T17:39:45.612Z grpc.peer_address=172.18.0.5:55100 grpc.peer_subject="CN=peer0.org1.example.com,L=San Francisco,ST=California,C=US" grpc.code=OK grpc.call_duration=1.138698ms
2026-09-14T17:39:15.653870159Z [34m2026-09-14 17:39:15.653 UTC 0a67 INFO[0m [endorser] [34;1mcallChaincode[0m -> finished chaincode: kvstore duration: 0ms channel=mychannel txID=21f4ccc9
2026-09-14T17:39:15.653917469Z [34m2026-09-14 17:39:15.653 UTC 0a66 INFO[0m [endorser] [34;1mcallChaincode[0m -> finished chaincode: kvstore duration: 0ms channel=mychannel txID=94bbf382
2026-09-14T17:39:15.653933670Z [34m2026-09-14 17:39:15.653 UTC 0a68 INFO[0m [comm.grpc.server] [34;1mfunc1[0m -> unary call completed grpc.service=protos.Endorser grpc.method=ProcessProposal grpc.request_deadline=2026-09-14T17:39:45.652Z grpc.peer_address=172.18.0.5:55100 grpc.peer_subject="CN=peer0.org1.example.com,L=San Francisco,ST=California,C=US" grpc.code=OK grpc.call_duration=1.25078ms
2026-09-14T17:39:15.653974617Z [34m2026-09-14 17:39:15.653 UTC 0a69 INFO[0m [comm.grpc.server] [34;1mfunc1[0m -> unary call completed grpc.service=protos.Endorser grpc.method=ProcessProposal grpc.request_deadline=2026-09-14T17:39:45.652Z grpc.peer_address=172.18.0.5:55100 grpc.peer_subject="CN=peer0.org1.example.com,L=San Francisco,ST=California,C=US" grpc.code=OK grpc.call_duration=1.290966ms
2026-09-14T17:39:15.693365923Z [34m2026-09-14 17:39:15.693 UTC 0a6a INFO[0m [endorser] [34;1mcallChaincode[0m -> finished chaincode: kvstore duration: 0ms channel=mychannel txID=631045fb
2026-09-14T17:39:15.693377485Z [34m2026-09-14 17:39:15.693 UTC 0a6b INFO[0m [endorser] [34;1mcallChaincode[0m -> finished chaincode: kvstore duration: 0ms channel=mychannel txID=76bc8588
2026-09-14T17:39:15.693387735Z [34m2026-09-14 17:39:15.693 UTC 0a6c INFO[0m [comm.grpc.server] [34;1mfunc1[0m -> unary call completed grpc.service=protos.Endorser grpc.method=ProcessProposal grpc.request_deadline=2026-09-14T17:39:45.692Z grpc.peer_address=172.18.0.5:55100 grpc.peer_subject="CN=peer0.org1.example.com,L=San Francisco,ST=California,C=US" grpc.code=OK grpc.call_duration=1.072822ms
2026-09-14T17:39:15.693448460Z [34m2026-09-14 17:39:15.693 UTC 0a6d INFO[0m [comm.grpc.server] [34;1mfunc1[0m -> unary call completed grpc.service=protos.Endorser grpc.method=ProcessProposal grpc.request_deadline=2026-09-14T17:39:45.692Z grpc.peer_address=172.18.0.5:55100 grpc.peer_subject="CN=peer0.org1.example.com,L=San Francisco,ST=California,C=US" grpc.code=OK grpc.call_duration=1.141272ms
2026-09-14T17:39:15.734127957Z [34m2026-09-14 17:39:15.734 UTC 0a6e INFO[0m [endorser] [34;1mcallChaincode[0m -> finished chaincode: kvstore duration: 0ms channel=mychannel txID=344fe8a1
2026-09-14T17:39:15.734144037Z [34m2026-09-14 17:39:15.734 UTC 0a6f INFO[0m [endorser] [34;1mcallChaincode[0m -> finished chaincode: kvstore duration: 0ms channel=mychannel txID=4f5b5c8f
2026-09-14T17:39:15.734181659Z [34m2026-09-14 17:39:15.734 UTC 0a70 INFO[0m [comm.grpc.server] [34;1mfunc1[0m -> unary call completed grpc.service=protos.Endorser grpc.method=ProcessProposal grpc.request_deadline=2026-09-14T17:39:45.733Z grpc.peer_address=172.18.0.5:55100 grpc.peer_subject="CN=peer0.org1.example.com,L=San Francisco,ST=California,C=US" grpc.code=OK grpc.call_duration=867.263µs
2026-09-14T17:39:15.734192479Z [34m2026-09-14 17:39:15.734 UTC 0a71 INFO[0m [comm.grpc.server] [34;1mfunc1[0m -> unary call completed grpc.service=protos.Endorser grpc.method=ProcessProposal grpc.request_deadline=2026-09-14T17:39:45.733Z grpc.peer_address=172.18.0.5:55100 grpc.peer_subject="CN=peer0.org1.example.com,L=San Francisco,ST=California,C=US" grpc.code=OK grpc.call_duration=811.638µs
2026-09-14T17:39:15.773355823Z [34m2026-09-14 17:39:15.773 UTC 0a72 INFO[0m [endorser] [34;1mcallChaincode[0m -> finished chaincode: kvstore duration: 0ms channel=mychannel txID=51018697
2026-09-14T17:39:15.773367716Z [34m2026-09-14 17:39:15.773 UTC 0a73 INFO[0m [endorser] [34;1mcallChaincode[0m -> finished chaincode: kvstore duration: 0ms channel=mychannel txID=93d38d49
2026-09-14T17:39:15.773408773Z [34m2026-09-14 17:39:15.773 UTC 0a74 INFO[0m [comm.grpc.server] [34;1mfunc1[0m -> unary call completed grpc.service=protos.Endorser grpc.method=ProcessProposal grpc.request_deadline=2026-09-14T17:39:45.772Z grpc.peer_address=172.18.0.5:55100 grpc.peer_subject="CN=peer0.org1.example.com,L=San Francisco,ST=California,C=US" grpc.code=OK grpc.call_duration=879.136µs
2026-09-14T17:39:15.773447176Z [34m2026-09-14 17:39:15.773 UTC 0a75 INFO[0m [comm.grpc.server] [34;1mfunc1[0m -> unary call completed grpc.service=protos.Endorser grpc.method=ProcessProposal grpc.request_deadline=2026-09-14T17:39:45.772Z grpc.peer_address=172.18.0.5:55100 grpc.peer_subject="CN=peer0.org1.example.com,L=San Francisco,ST=California,C=US" grpc.code=OK grpc.call_duration=879.837µs
2026-09-14T17:39:15.813729831Z [34m2026-09-14 17:39:15.813 UTC 0a76 INFO[0m [endorser] [34;1mcallChaincode[0m -> finished chaincode: kvstore duration: 0ms channel=mychannel txID=c33ef667
2026-09-14T17:39:15.813752955Z [34m2026-09-14 17:39:15.813 UTC 0a77 INFO[0m [endorser] [34;1mcallChaincode[0m -> finished chaincode: kvstore duration: 0ms channel=mychannel txID=8c1dd018
2026-09-14T17:39:15.813838046Z [34m2026-09-14 17:39:15.813 UTC 0a78 INFO[0m [comm.grpc.server] [34;1mfunc1[0m -> unary call completed grpc.service=protos.Endorser grpc.method=ProcessProposal grpc.request_deadline=2026-09-14T17:39:45.812Z grpc.peer_address=172.18.0.5:55100 grpc.peer_subject="CN=peer0.org1.example.com,L=San Francisco,ST=California,C=US" grpc.code=OK grpc.call_duration=924.231µs
2026-09-14T17:39:15.813851912Z [34m2026-09-14 17:39:15.813 UTC 0a79 INFO[0m [comm.grpc.server] [34;1mfunc1[0m -> unary call completed grpc.service=protos.Endorser grpc.method=ProcessProposal grpc.request_deadline=2026-09-14T17:39:45.812Z grpc.peer_address=172.18.0.5:55100 grpc.peer_subject="CN=peer0.org1.example.com,L=San Francisco,ST=California,C=US" grpc.code=OK grpc.call_duration=936.544µs
2026-09-14T17:39:15.853249300Z [34m2026-09-14 17:39:15.853 UTC 0a7a INFO[0m [endorser] [34;1mcallChaincode[0m -> finished chaincode: kvstore duration: 0ms channel=mychannel txID=44b095e6
2026-09-14T17:39:15.853262876Z [34m2026-09-14 17:39:15.853 UTC 0a7b INFO[0m [endorser] [34;1mcallChaincode[0m -> finished chaincode: kvstore duration: 0ms channel=mychannel txID=8a3c6cfd
2026-09-14T17:39:15.853310326Z [34m2026-09-14 17:39:15.853 UTC 0a7c INFO[0m [comm.grpc.server] [34;1mfunc1[0m -> unary call completed grpc.service=protos.Endorser grpc.method=ProcessProposal grpc.request_deadline=2026-09-14T17:39:45.852Z grpc.peer_address=172.18.0.5:55100 grpc.peer_subject="CN=peer0.org1.example.com,L=San Francisco,ST=California,C=US" grpc.code=OK grpc.call_duration=1.0448ms
2026-09-14T17:39:15.853324593Z [34m2026-09-14 17:39:15.853 UTC 0a7d INFO[0m [comm.grpc.server] [34;1mfunc1[0m -> unary call completed grpc.service=protos.Endorser grpc.method=ProcessProposal grpc.request_deadline=2026-09-14T17:39:45.852Z grpc.peer_address=172.18.0.5:55100 grpc.peer_subject="CN=peer0.org1.example.com,L=San Francisco,ST=California,C=US" grpc.code=OK grpc.call_duration=1.057093ms
2026-09-14T17:39:15.893789553Z [34m2026-09-14 17:39:15.893 UTC 0a7e INFO[0m [endorser] [34;1mcallChaincode[0m -> finished chaincode: kvstore duration: 0ms channel=mychannel txID=625c4ac7
2026-09-14T17:39:15.893806886Z [34m2026-09-14 17:39:15.893 UTC 0a7f INFO[0m [endorser] [34;1mcallChaincode[0m -> finished chaincode: kvstore duration: 0ms channel=mychannel txID=80a449d5
2026-09-14T17:39:15.893864174Z [34m2026-09-14 17:39:15.893 UTC 0a81 INFO[0m [comm.grpc.server] [34;1mfunc1[0m -> unary call completed grpc.service=protos.Endorser grpc.method=ProcessProposal grpc.request_deadline=2026-09-14T17:39:45.892Z grpc.peer_address=172.18.0.5:55100 grpc.peer_subject="CN=peer0.org1.example.com,L=San Francisco,ST=California,C=US" grpc.code=OK grpc.call_duration=966.682µs
2026-09-14T17:39:15.893907587Z [34m2026-09-14 17:39:15.893 UTC 0a80 INFO[0m [comm.grpc.server] [34;1mfunc1[0m -> unary call completed grpc.service=protos.Endorser grpc.method=ProcessProposal grpc.request_deadline=2026-09-14T17:39:45.892Z grpc.peer_address=172.18.0.5:55100 grpc.peer_subject="CN=peer0.org1.example.com,L=San Francisco,ST=California,C=US" grpc.code=OK grpc.call_duration=999.193µs
2026-09-14T17:39:15.933375949Z [34m2026-09-14 17:39:15.933 UTC 0a82 INFO[0m [endorser] [34;1mcallChaincode[0m -> finished chaincode: kvstore duration: 0ms channel=mychannel txID=d949f69c
2026-09-14T17:39:15.933418810Z [34m2026-09-14 17:39:15.933 UTC 0a83 INFO[0m [endorser] [34;1mcallChaincode[0m -> finished chaincode: kvstore duration: 0ms channel=mychannel txID=4c26e027
2026-09-14T17:39:15.933441793Z [34m2026-09-14 17:39:15.933 UTC 0a84 INFO[0m [comm.grpc.server] [34;1mfunc1[0m -> unary call completed grpc.service=protos.Endorser grpc.method=ProcessProposal grpc.request_deadline=2026-09-14T17:39:45.932Z grpc.peer_address=172.18.0.5:55100 grpc.peer_subject="CN=peer0.org1.example.com,L=San Francisco,ST=California,C=US" grpc.code=OK grpc.call_duration=836.234µs
2026-09-14T17:39:15.933473524Z [34m2026-09-14 17:39:15.933 UTC 0a85 INFO[0m [comm.grpc.server] [34;1mfunc1[0m -> unary call completed grpc.service=protos.Endorser grpc.method=ProcessProposal grpc.request_deadline=2026-09-14T17:39:45.932Z grpc.peer_address=172.18.0.5:55100 grpc.peer_subject="CN=peer0.org1.example.com,L=San Francisco,ST=California,C=US" grpc.code=OK grpc.call_duration=867.254µs
2026-09-14T17:39:15.973889341Z [34m2026-09-14 17:39:15.973 UTC 0a86 INFO[0m [endorser] [34;1mcallChaincode[0m -> finished chaincode: kvstore duration: 0ms channel=mychannel txID=328609e4
2026-09-14T17:39:15.973991294Z [34m2026-09-14 17:39:15.973 UTC 0a87 INFO[0m [endorser] [34;1mcallChaincode[0m -> finished chaincode: kvstore duration: 0ms channel=mychannel txID=96e30512
2026-09-14T17:39:15.974005040Z [34m2026-09-14 17:39:15.973 UTC 0a88 INFO[0m [comm.grpc.server] [34;1mfunc1[0m -> unary call completed grpc.service=protos.Endorser grpc.method=ProcessProposal grpc.request_deadline=2026-09-14T17:39:45.972Z grpc.peer_address=172.18.0.5:55100 grpc.peer_subject="CN=peer0.org1.example.com,L=San Francisco,ST=California,C=US" grpc.code=OK grpc.call_duration=1.049017ms
2026-09-14T17:39:15.974080673Z [34m2026-09-14 17:39:15.974 UTC 0a89 INFO[0m [comm.grpc.server] [34;1mfunc1[0m -> unary call completed grpc.service=protos.Endorser grpc.method=ProcessProposal grpc.request_deadline=2026-09-14T17:39:45.972Z grpc.peer_address=172.18.0.5:55100 grpc.peer_subject="CN=peer0.org1.example.com,L=San Francisco,ST=California,C=US" grpc.code=OK grpc.call_duration=1.149367ms
2026-09-14T17:39:16.012959558Z [34m2026-09-14 17:39:16.012 UTC 0a8a INFO[0m [endorser] [34;1mcallChaincode[0m -> finished chaincode: kvstore duration: 0ms channel=mychannel txID=60cfeda4
2026-09-14T17:39:16.012988543Z [34m2026-09-14 17:39:16.012 UTC 0a8b INFO[0m [endorser] [34;1mcallChaincode[0m -> finished chaincode: kvstore duration: 0ms channel=mychannel txID=761bad1e
2026-09-14T17:39:16.013010264Z [34m2026-09-14 17:39:16.012 UTC 0a8c INFO[0m [comm.grpc.server] [34;1mfunc1[0m -> unary call completed grpc.service=protos.Endorser grpc.method=ProcessProposal grpc.request_deadline=2026-09-14T17:39:46.012Z grpc.peer_address=172.18.0.5:55100 grpc.peer_subject="CN=peer0.org1.example.com,L=San Francisco,ST=California,C=US" grpc.code=OK grpc.call_duration=776.071µs
2026-09-14T17:39:16.013062744Z [34m2026-09-14 17:39:16.013 UTC 0a8d INFO[0m [comm.grpc.server] [34;1mfunc1[0m -> unary call completed grpc.service=protos.Endorser grpc.method=ProcessProposal grpc.request_deadline=2026-09-14T17:39:46.012Z grpc.peer_address=172.18.0.5:55100 grpc.peer_subject="CN=peer0.org1.example.com,L=San Francisco,ST=California,C=US" grpc.code=OK grpc.call_duration=820.655µs
2026-09-14T17:39:16.053119831Z [34m2026-09-14 17:39:16.053 UTC 0a8e INFO[0m [endorser] [34;1mcallChaincode[0m -> finished chaincode: kvstore duration: 0ms channel=mychannel txID=ed718105
2026-09-14T17:39:16.053238847Z [34m2026-09-14 17:39:16.053 UTC 0a90 INFO[0m [endorser] [34;1mcallChaincode[0m -> finished chaincode: kvstore duration: 0ms channel=mychannel txID=a80b8806
2026-09-14T17:39:16.053245509Z [34m2026-09-14 17:39:16.053 UTC 0a8f INFO[0m [comm.grpc.server] [34;1mfunc1[0m -> unary call completed grpc.service=protos.Endorser grpc.method=ProcessProposal grpc.request_deadline=2026-09-14T17:39:46.052Z grpc.peer_address=172.18.0.5:55100 grpc.peer_subject="CN=peer0.org1.example.com,L=San Francisco,ST=California,C=US" grpc.code=OK grpc.call_duration=787.051µs
2026-09-14T17:39:16.053308308Z [34m2026-09-14 17:39:16.053 UTC 0a91 INFO[0m [comm.grpc.server] [34;1mfunc1[0m -> unary call completed grpc.service=protos.Endorser grpc.method=ProcessProposal grpc.request_deadline=2026-09-14T17:39:46.052Z grpc.peer_address=172.18.0.5:55100 grpc.peer_subject="CN=peer0.org1.example.com,L=San Francisco,ST=California,C=US" grpc.code=OK grpc.call_duration=907.028µs
2026-09-14T17:39:16.093567639Z [34m2026-09-14 17:39:16.093 UTC 0a92 INFO[0m [endorser] [34;1mcallChaincode[0m -> finished chaincode: kvstore duration: 0ms channel=mychannel txID=bfd4ba51
2026-09-14T17:39:16.093580574Z [34m2026-09-14 17:39:16.093 UTC 0a93 INFO[0m [endorser] [34;1mcallChaincode[0m -> finished chaincode: kvstore duration: 0ms channel=mychannel txID=4b3c36a6
2026-09-14T17:39:16.093616732Z [34m2026-09-14 17:39:16.093 UTC 0a94 INFO[0m [comm.grpc.server] [34;1mfunc1[0m -> unary call completed grpc.service=protos.Endorser grpc.method=ProcessProposal grpc.request_deadline=2026-09-14T17:39:46.092Z grpc.peer_address=172.18.0.5:55100 grpc.peer_subject="CN=peer0.org1.example.com,L=San Francisco,ST=California,C=US" grpc.code=OK grpc.call_duration=729.423µs
2026-09-14T17:39:16.093635167Z [34m2026-09-14 17:39:16.093 UTC 0a95 INFO[0m [comm.grpc.server] [34;1mfunc1[0m -> unary call completed grpc.service=protos.Endorser grpc.method=ProcessProposal grpc.request_deadline=2026-09-14T17:39:46.092Z grpc.peer_address=172.18.0.5:55100 grpc.peer_subject="CN=peer0.org1.example.com,L=San Francisco,ST=California,C=US" grpc.code=OK grpc.call_duration=777.313µs
2026-09-14T17:39:16.132668515Z [34m2026-09-14 17:39:16.132 UTC 0a96 INFO[0m [endorser] [34;1mcallChaincode[0m -> finished chaincode: kvstore duration: 0ms channel=mychannel txID=f92df804
2026-09-14T17:39:16.132680678Z [34m2026-09-14 17:39:16.132 UTC 0a97 INFO[0m [endorser] [34;1mcallChaincode[0m -> finished chaincode: kvstore duration: 0ms channel=mychannel txID=9d995ff7
2026-09-14T17:39:16.132747735Z [34m2026-09-14 17:39:16.132 UTC 0a98 INFO[0m [comm.grpc.server] [34;1mfunc1[0m -> unary call completed grpc.service=protos.Endorser grpc.method=ProcessProposal grpc.request_deadline=2026-09-14T17:39:46.131Z grpc.peer_address=172.18.0.5:55100 grpc.peer_subject="CN=peer0.org1.example.com,L=San Francisco,ST=California,C=US" grpc.code=OK grpc.call_duration=794.645µs
2026-09-14T17:39:16.132787651Z [34m2026-09-14 17:39:16.132 UTC 0a99 INFO[0m [comm.grpc.server] [34;1mfunc1[0m -> unary call completed grpc.service=protos.Endorser grpc.method=ProcessProposal grpc.request_deadline=2026-09-14T17:39:46.131Z grpc.peer_address=172.18.0.5:55100 grpc.peer_subject="CN=peer0.org1.example.com,L=San Francisco,ST=California,C=US" grpc.code=OK grpc.call_duration=819.943µs
2026-09-14T17:39:16.172860679Z [34m2026-09-14 17:39:16.172 UTC 0a9a INFO[0m [endorser] [34;1mcallChaincode[0m -> finished chaincode: kvstore duration: 0ms channel=mychannel txID=1661c55d
2026-09-14T17:39:16.172903199Z [34m2026-09-14 17:39:16.172 UTC 0a9b INFO[0m [endorser] [34;1mcallChaincode[0m -> finished chaincode: kvstore duration: 0ms channel=mychannel txID=e8dcd0e0
2026-09-14T17:39:16.172911515Z [34m2026-09-14 17:39:16.172 UTC 0a9c INFO[0m [comm.grpc.server] [34;1mfunc1[0m -> unary call completed grpc.service=protos.Endorser grpc.method=ProcessProposal grpc.request_deadline=2026-09-14T17:39:46.172Z grpc.peer_address=172.18.0.5:55100 grpc.peer_subject="CN=peer0.org1.example.com,L=San Francisco,ST=California,C=US" grpc.code=OK grpc.call_duration=766.041µs
2026-09-14T17:39:16.173034468Z [34m2026-09-14 17:39:16.172 UTC 0a9d INFO[0m [comm.grpc.server] [34;1mfunc1[0m -> unary call completed grpc.service=protos.Endorser grpc.method=ProcessProposal grpc.request_deadline=2026-09-14T17:39:46.172Z grpc.peer_address=172.18.0.5:55100 grpc.peer_subject="CN=peer0.org1.example.com,L=San Francisco,ST=California,C=US" grpc.code=OK grpc.call_duration=797.792µs
2026-09-14T17:39:16.213795359Z [34m2026-09-14 17:39:16.213 UTC 0a9e INFO[0m [endorser] [34;1mcallChaincode[0m -> finished chaincode: kvstore duration: 0ms channel=mychannel txID=9510a3a5
2026-09-14T17:39:16.213811199Z [34m2026-09-14 17:39:16.213 UTC 0a9f INFO[0m [endorser] [34;1mcallChaincode[0m -> finished chaincode: kvstore duration: 0ms channel=mychannel txID=9ba7accc
2026-09-14T17:39:16.213865482Z [34m2026-09-14 17:39:16.213 UTC 0aa0 INFO[0m [comm.grpc.server] [34;1mfunc1[0m -> unary call completed grpc.service=protos.Endorser grpc.method=ProcessProposal grpc.request_deadline=2026-09-14T17:39:46.212Z grpc.peer_address=172.18.0.5:55100 grpc.peer_subject="CN=peer0.org1.example.com,L=San Francisco,ST=California,C=US" grpc.code=OK grpc.call_duration=830.543µs
2026-09-14T17:39:16.213883195Z [34m2026-09-14 17:39:16.213 UTC 0aa1 INFO[0m [comm.grpc.server] [34;1mfunc1[0m -> unary call completed grpc.service=protos.Endorser grpc.method=ProcessProposal grpc.request_deadline=2026-09-14T17:39:46.212Z grpc.peer_address=172.18.0.5:55100 grpc.peer_subject="CN=peer0.org1.example.com,L=San Francisco,ST=California,C=US" grpc.code=OK grpc.call_duration=850.551µs
2026-09-14T17:39:16.253385773Z [34m2026-09-14 17:39:16.253 UTC 0aa2 INFO[0m [endorser] [34;1mcallChaincode[0m -> finished chaincode: kvstore duration: 0ms channel=mychannel txID=7c1d5462
2026-09-14T17:39:16.253404298Z [34m2026-09-14 17:39:16.253 UTC 0aa3 INFO[0m [endorser] [34;1mcallChaincode[0m -> finished chaincode: kvstore duration: 0ms channel=mychannel txID=823f3e9a
2026-09-14T17:39:16.253412173Z [34m2026-09-14 17:39:16.253 UTC 0aa4 INFO[0m [comm.grpc.server] [34;1mfunc1[0m -> unary call completed grpc.service=protos.Endorser grpc.method=ProcessProposal grpc.request_deadline=2026-09-14T17:39:46.252Z grpc.peer_address=172.18.0.5:55100 grpc.peer_subject="CN=peer0.org1.example.com,L=San Francisco,ST=California,C=US" grpc.code=OK grpc.call_duration=904.694µs
2026-09-14T17:39:16.253426720Z [34m2026-09-14 17:39:16.253 UTC 0aa5 INFO[0m [comm.grpc.server] [34;1mfunc1[0m -> unary call completed grpc.service=protos.Endorser grpc.method=ProcessProposal grpc.request_deadline=2026-09-14T17:39:46.252Z grpc.peer_address=172.18.0.5:55100 grpc.peer_subject="CN=peer0.org1.example.com,L=San Francisco,ST=California,C=US" grpc.code=OK grpc.call_duration=850.672µs
2026-09-14T17:39:16.292781096Z [34m2026-09-14 17:39:16.292 UTC 0aa6 INFO[0m [endorser] [34;1mcallChaincode[0m -> finished chaincode: kvstore duration: 0ms channel=mychannel txID=5d0c8ab9
2026-09-14T17:39:16.292797197Z [34m2026-09-14 17:39:16.292 UTC 0aa7 INFO[0m [endorser] [34;1mcallChaincode[0m -> finished chaincode: kvstore duration: 0ms channel=mychannel txID=76c2c299
2026-09-14T17:39:16.292822645Z [34m2026-09-14 17:39:16.292 UTC 0aa8 INFO[0m [comm.grpc.server] [34;1mfunc1[0m -> unary call completed grpc.service=protos.Endorser grpc.method=ProcessProposal grpc.request_deadline=2026-09-14T17:39:46.292Z grpc.peer_address=172.18.0.5:55100 grpc.peer_subject="CN=peer0.org1.example.com,L=San Francisco,ST=California,C=US" grpc.code=OK grpc.call_duration=734.381µs
2026-09-14T17:39:16.292832313Z [34m2026-09-14 17:39:16.292 UTC 0aa9 INFO[0m [comm.grpc.server] [34;1mfunc1[0m -> unary call completed grpc.service=protos.Endorser grpc.method=ProcessProposal grpc.request_deadline=2026-09-14T17:39:46.291Z grpc.peer_address=172.18.0.5:55100 grpc.peer_subject="CN=peer0.org1.example.com,L=San Francisco,ST=California,C=US" grpc.code=OK grpc.call_duration=715.275µs
2026-09-14T17:39:16.332436693Z [34m2026-09-14 17:39:16.332 UTC 0aaa INFO[0m [endorser] [34;1mcallChaincode[0m -> finished chaincode: kvstore duration: 0ms channel=mychannel txID=c4829caa
2026-09-14T17:39:16.332485085Z [34m2026-09-14 17:39:16.332 UTC 0aab INFO[0m [comm.grpc.server] [34;1mfunc1[0m -> unary call completed grpc.service=protos.Endorser grpc.method=ProcessProposal grpc.request_deadline=2026-09-14T17:39:46.331Z grpc.peer_address=172.18.0.5:55100 grpc.peer_subject="CN=peer0.org1.example.com,L=San Francisco,ST=California,C=US" grpc.code=OK grpc.call_duration=705.045µs
2026-09-14T17:39:16.332515342Z [34m2026-09-14 17:39:16.332 UTC 0aac INFO[0m [endorser] [34;1mcallChaincode[0m -> finished chaincode: kvstore duration: 0ms channel=mychannel txID=5ff1adfa
2026-09-14T17:39:16.332623638Z [34m2026-09-14 17:39:16.332 UTC 0aad INFO[0m [comm.grpc.server] [34;1mfunc1[0m -> unary call completed grpc.service=protos.Endorser grpc.method=ProcessProposal grpc.request_deadline=2026-09-14T17:39:46.331Z grpc.peer_address=172.18.0.5:55100 grpc.peer_subject="CN=peer0.org1.example.com,L=San Francisco,ST=California,C=US" grpc.code=OK grpc.call_duration=806.719µs
2026-09-14T17:39:16.373868726Z [34m2026-09-14 17:39:16.373 UTC 0aae INFO[0m [endorser] [34;1mcallChaincode[0m -> finished chaincode: kvstore duration: 0ms channel=mychannel txID=dfffeaba
2026-09-14T17:39:16.373910796Z [34m2026-09-14 17:39:16.373 UTC 0aaf INFO[0m [endorser] [34;1mcallChaincode[0m -> finished chaincode: kvstore duration: 0ms channel=mychannel txID=76983eb5
2026-09-14T17:39:16.373938168Z [34m2026-09-14 17:39:16.373 UTC 0ab0 INFO[0m [comm.grpc.server] [34;1mfunc1[0m -> unary call completed grpc.service=protos.Endorser grpc.method=ProcessProposal grpc.request_deadline=2026-09-14T17:39:46.372Z grpc.peer_address=172.18.0.5:55100 grpc.peer_subject="CN=peer0.org1.example.com,L=San Francisco,ST=California,C=US" grpc.code=OK grpc.call_duration=952.575µs
2026-09-14T17:39:16.374016646Z [34m2026-09-14 17:39:16.373 UTC 0ab1 INFO[0m [comm.grpc.server] [34;1mfunc1[0m -> unary call completed grpc.service=protos.Endorser grpc.method=ProcessProposal grpc.request_deadline=2026-09-14T17:39:46.372Z grpc.peer_address=172.18.0.5:55100 grpc.peer_subject="CN=peer0.org1.example.com,L=San Francisco,ST=California,C=US" grpc.code=OK grpc.call_duration=1.085998ms
2026-09-14T17:39:16.413050886Z [34m2026-09-14 17:39:16.413 UTC 0ab3 INFO[0m [endorser] [34;1mcallChaincode[0m -> finished chaincode: kvstore duration: 0ms channel=mychannel txID=5eb2db8a
2026-09-14T17:39:16.413085191Z [34m2026-09-14 17:39:16.412 UTC 0ab2 INFO[0m [endorser] [34;1mcallChaincode[0m -> finished chaincode: kvstore duration: 0ms channel=mychannel txID=5082c08e
2026-09-14T17:39:16.413107363Z [34m2026-09-14 17:39:16.413 UTC 0ab4 INFO[0m [comm.grpc.server] [34;1mfunc1[0m -> unary call completed grpc.service=protos.Endorser grpc.method=ProcessProposal grpc.request_deadline=2026-09-14T17:39:46.412Z grpc.peer_address=172.18.0.5:55100 grpc.peer_subject="CN=peer0.org1.example.com,L=San Francisco,ST=California,C=US" grpc.code=OK grpc.call_duration=785.699µs
2026-09-14T17:39:16.413147399Z [34m2026-09-14 17:39:16.413 UTC 0ab5 INFO[0m [comm.grpc.server] [34;1mfunc1[0m -> unary call completed grpc.service=protos.Endorser grpc.method=ProcessProposal grpc.request_deadline=2026-09-14T17:39:46.412Z grpc.peer_address=172.18.0.5:55100 grpc.peer_subject="CN=peer0.org1.example.com,L=San Francisco,ST=California,C=US" grpc.code=OK grpc.call_duration=828.971µs
2026-09-14T17:39:16.454278832Z [34m2026-09-14 17:39:16.454 UTC 0ab6 INFO[0m [endorser] [34;1mcallChaincode[0m -> finished chaincode: kvstore duration: 0ms channel=mychannel txID=fd1d6ad7
2026-09-14T17:39:16.454354135Z [34m2026-09-14 17:39:16.454 UTC 0ab8 INFO[0m [gossip.privdata] [34;1mStoreBlock[0m -> Received block [28] from buffer channel=mychannel
2026-09-14T17:39:16.454529166Z [34m2026-09-14 17:39:16.454 UTC 0ab7 INFO[0m [comm.grpc.server] [34;1mfunc1[0m -> unary call completed grpc.service=protos.Endorser grpc.method=ProcessProposal grpc.request_deadline=2026-09-14T17:39:46.452Z grpc.peer_address=172.18.0.5:55100 grpc.peer_subject="CN=peer0.org1.example.com,L=San Francisco,ST=California,C=US" grpc.code=OK grpc.call_duration=1.416544ms
2026-09-14T17:39:16.456658831Z [34m2026-09-14 17:39:16.456 UTC 0ab9 INFO[0m [endorser] [34;1mcallChaincode[0m -> finished chaincode: kvstore duration: 2ms channel=mychannel txID=df998251
2026-09-14T17:39:16.456716751Z [34m2026-09-14 17:39:16.456 UTC 0aba INFO[0m [comm.grpc.server] [34;1mfunc1[0m -> unary call completed grpc.service=protos.Endorser grpc.method=ProcessProposal grpc.request_deadline=2026-09-14T17:39:46.452Z grpc.peer_address=172.18.0.5:55100 grpc.peer_subject="CN=peer0.org1.example.com,L=San Francisco,ST=California,C=US" grpc.code=OK grpc.call_duration=3.141472ms
2026-09-14T17:39:16.464082327Z [34m2026-09-14 17:39:16.464 UTC 0abb INFO[0m [committer.txvalidator] [34;1mValidate[0m -> [mychannel] Validated block [28] in 9ms
2026-09-14T17:39:16.537706646Z [34m2026-09-14 17:39:16.537 UTC 0abc INFO[0m [kvledger] [34;1mcommit[0m -> [mychannel] Committed block [28] with 54 transaction(s) in 73ms (state_validation=0ms block_and_pvtdata_commit=44ms state_commit=14ms) commitHash=[5b9c5159aee485a724c877d970b58d7416d20c2594dba5c7833dfbaff5dce956]
2026-09-14T17:39:16.547341441Z [34m2026-09-14 17:39:16.547 UTC 0abd INFO[0m [endorser] [34;1mcallChaincode[0m -> finished chaincode: kvstore duration: 0ms channel=mychannel txID=96208905
2026-09-14T17:39:16.547362391Z [34m2026-09-14 17:39:16.547 UTC 0abe INFO[0m [endorser] [34;1mcallChaincode[0m -> finished chaincode: kvstore duration: 0ms channel=mychannel txID=0cdab7da
2026-09-14T17:39:16.547399291Z [34m2026-09-14 17:39:16.547 UTC 0abf INFO[0m [comm.grpc.server] [34;1mfunc1[0m -> unary call completed grpc.service=protos.Endorser grpc.method=ProcessProposal grpc.request_deadline=2026-09-14T17:39:46.546Z grpc.peer_address=172.18.0.5:55100 grpc.peer_subject="CN=peer0.org1.example.com,L=San Francisco,ST=California,C=US" grpc.code=OK grpc.call_duration=1.077281ms
2026-09-14T17:39:16.547408238Z [34m2026-09-14 17:39:16.547 UTC 0ac0 INFO[0m [comm.grpc.server] [34;1mfunc1[0m -> unary call completed grpc.service=protos.Endorser grpc.method=ProcessProposal grpc.request_deadline=2026-09-14T17:39:46.546Z grpc.peer_address=172.18.0.5:55100 grpc.peer_subject="CN=peer0.org1.example.com,L=San Francisco,ST=California,C=US" grpc.code=OK grpc.call_duration=856.703µs
2026-09-14T17:39:16.547665195Z [34m2026-09-14 17:39:16.547 UTC 0ac1 INFO[0m [endorser] [34;1mcallChaincode[0m -> finished chaincode: kvstore duration: 0ms channel=mychannel txID=59a047f7
2026-09-14T17:39:16.547670465Z [34m2026-09-14 17:39:16.547 UTC 0ac2 INFO[0m [endorser] [34;1mcallChaincode[0m -> finished chaincode: kvstore duration: 0ms channel=mychannel txID=8809cd6b
2026-09-14T17:39:16.547729036Z [34m2026-09-14 17:39:16.547 UTC 0ac3 INFO[0m [comm.grpc.server] [34;1mfunc1[0m -> unary call completed grpc.service=protos.Endorser grpc.method=ProcessProposal grpc.request_deadline=2026-09-14T17:39:46.546Z grpc.peer_address=172.18.0.5:55100 grpc.peer_subject="CN=peer0.org1.example.com,L=San Francisco,ST=California,C=US" grpc.code=OK grpc.call_duration=830.053µs
2026-09-14T17:39:16.547750987Z [34m2026-09-14 17:39:16.547 UTC 0ac4 INFO[0m [comm.grpc.server] [34;1mfunc1[0m -> unary call completed grpc.service=protos.Endorser grpc.method=ProcessProposal grpc.request_deadline=2026-09-14T17:39:46.546Z grpc.peer_address=172.18.0.5:55100 grpc.peer_subject="CN=peer0.org1.example.com,L=San Francisco,ST=California,C=US" grpc.code=OK grpc.call_duration=980.978µs
2026-09-14T17:39:16.573136145Z [34m2026-09-14 17:39:16.573 UTC 0ac5 INFO[0m [endorser] [34;1mcallChaincode[0m -> finished chaincode: kvstore duration: 0ms channel=mychannel txID=70fb8080
2026-09-14T17:39:16.573148829Z [34m2026-09-14 17:39:16.573 UTC 0ac6 INFO[0m [endorser] [34;1mcallChaincode[0m -> finished chaincode: kvstore duration: 0ms channel=mychannel txID=e13efff3
2026-09-14T17:39:16.573165872Z [34m2026-09-14 17:39:16.573 UTC 0ac7 INFO[0m [comm.grpc.server] [34;1mfunc1[0m -> unary call completed grpc.service=protos.Endorser grpc.method=ProcessProposal grpc.request_deadline=2026-09-14T17:39:46.572Z grpc.peer_address=172.18.0.5:55100 grpc.peer_subject="CN=peer0.org1.example.com,L=San Francisco,ST=California,C=US" grpc.code=OK grpc.call_duration=978.844µs
2026-09-14T17:39:16.573190188Z [34m2026-09-14 17:39:16.573 UTC 0ac8 INFO[0m [comm.grpc.server] [34;1mfunc1[0m -> unary call completed grpc.service=protos.Endorser grpc.method=ProcessProposal grpc.request_deadline=2026-09-14T17:39:46.572Z grpc.peer_address=172.18.0.5:55100 grpc.peer_subject="CN=peer0.org1.example.com,L=San Francisco,ST=California,C=US" grpc.code=OK grpc.call_duration=976.47µs
2026-09-14T17:39:16.613493753Z [34m2026-09-14 17:39:16.613 UTC 0ac9 INFO[0m [endorser] [34;1mcallChaincode[0m -> finished chaincode: kvstore duration: 0ms channel=mychannel txID=03d68e74
2026-09-14T17:39:16.613538948Z [34m2026-09-14 17:39:16.613 UTC 0aca INFO[0m [endorser] [34;1mcallChaincode[0m -> finished chaincode: kvstore duration: 0ms channel=mychannel txID=3351bf6a
2026-09-14T17:39:16.613548146Z [34m2026-09-14 17:39:16.613 UTC 0acb INFO[0m [comm.grpc.server] [34;1mfunc1[0m -> unary call completed grpc.service=protos.Endorser grpc.method=ProcessProposal grpc.request_deadline=2026-09-14T17:39:46.612Z grpc.peer_address=172.18.0.5:55100 grpc.peer_subject="CN=peer0.org1.example.com,L=San Francisco,ST=California,C=US" grpc.code=OK grpc.call_duration=773.696µs
2026-09-14T17:39:16.613634099Z [34m2026-09-14 17:39:16.613 UTC 0acc INFO[0m [comm.grpc.server] [34;1mfunc1[0m -> unary call completed grpc.service=protos.Endorser grpc.method=ProcessProposal grpc.request_deadline=2026-09-14T17:39:46.612Z grpc.peer_address=172.18.0.5:55100 grpc.peer_subject="CN=peer0.org1.example.com,L=San Francisco,ST=California,C=US" grpc.code=OK grpc.call_duration=879.617µs
2026-09-14T17:39:16.653769815Z [34m2026-09-14 17:39:16.653 UTC 0acd INFO[0m [endorser] [34;1mcallChaincode[0m -> finished chaincode: kvstore duration: 0ms channel=mychannel txID=ef7434a9
2026-09-14T17:39:16.653782539Z [34m2026-09-14 17:39:16.653 UTC 0ace INFO[0m [endorser] [34;1mcallChaincode[0m -> finished chaincode: kvstore duration: 0ms channel=mychannel txID=14673a9c
2026-09-14T17:39:16.653822886Z [34m2026-09-14 17:39:16.653 UTC 0acf INFO[0m [comm.grpc.server] [34;1mfunc1[0m -> unary call completed grpc.service=protos.Endorser grpc.method=ProcessProposal grpc.request_deadline=2026-09-14T17:39:46.652Z grpc.peer_address=172.18.0.5:55100 grpc.peer_subject="CN=peer0.org1.example.com,L=San Francisco,ST=California,C=US" grpc.code=OK grpc.call_duration=952.595µs
2026-09-14T17:39:16.653841411Z [34m2026-09-14 17:39:16.653 UTC 0ad0 INFO[0m [comm.grpc.server] [34;1mfunc1[0m -> unary call completed grpc.service=protos.Endorser grpc.method=ProcessProposal grpc.request_deadline=2026-09-14T17:39:46.652Z grpc.peer_address=172.18.0.5:55100 grpc.peer_subject="CN=peer0.org1.example.com,L=San Francisco,ST=California,C=US" grpc.code=OK grpc.call_duration=952.465µs
2026-09-14T17:39:16.693107410Z [34m2026-09-14 17:39:16.693 UTC 0ad1 INFO[0m [endorser] [34;1mcallChaincode[0m -> finished chaincode: kvstore duration: 0ms channel=mychannel txID=c61c95fd
2026-09-14T17:39:16.693122839Z [34m2026-09-14 17:39:16.693 UTC 0ad2 INFO[0m [endorser] [34;1mcallChaincode[0m -> finished chaincode: kvstore duration: 0ms channel=mychannel txID=0c281d91
2026-09-14T17:39:16.693169597Z [34m2026-09-14 17:39:16.693 UTC 0ad4 INFO[0m [comm.grpc.server] [34;1mfunc1[0m -> unary call completed grpc.service=protos.Endorser grpc.method=ProcessProposal grpc.request_deadline=2026-09-14T17:39:46.692Z grpc.peer_address=172.18.0.5:55100 grpc.peer_subject="CN=peer0.org1.example.com,L=San Francisco,ST=California,C=US" grpc.code=OK grpc.call_duration=765.991µs
2026-09-14T17:39:16.693182983Z [34m2026-09-14 17:39:16.693 UTC 0ad3 INFO[0m [comm.grpc.server] [34;1mfunc1[0m -> unary call completed grpc.service=protos.Endorser grpc.method=ProcessProposal grpc.request_deadline=2026-09-14T17:39:46.692Z grpc.peer_address=172.18.0.5:55100 grpc.peer_subject="CN=peer0.org1.example.com,L=San Francisco,ST=California,C=US" grpc.code=OK grpc.call_duration=794.055µs
2026-09-14T17:39:16.733570486Z [34m2026-09-14 17:39:16.733 UTC 0ad5 INFO[0m [endorser] [34;1mcallChaincode[0m -> finished chaincode: kvstore duration: 0ms channel=mychannel txID=c23c2c13
2026-09-14T17:39:16.733581587Z [34m2026-09-14 17:39:16.733 UTC 0ad6 INFO[0m [endorser] [34;1mcallChaincode[0m -> finished chaincode: kvstore duration: 0ms channel=mychannel txID=7ba786e3
2026-09-14T17:39:16.733621122Z [34m2026-09-14 17:39:16.733 UTC 0ad7 INFO[0m [comm.grpc.server] [34;1mfunc1[0m -> unary call completed grpc.service=protos.Endorser grpc.method=ProcessProposal grpc.request_deadline=2026-09-14T17:39:46.732Z grpc.peer_address=172.18.0.5:55100 grpc.peer_subject="CN=peer0.org1.example.com,L=San Francisco,ST=California,C=US" grpc.code=OK grpc.call_duration=927.908µs
2026-09-14T17:39:16.733656920Z [34m2026-09-14 17:39:16.733 UTC 0ad8 INFO[0m [comm.grpc.server] [34;1mfunc1[0m -> unary call completed grpc.service=protos.Endorser grpc.method=ProcessProposal grpc.request_deadline=2026-09-14T17:39:46.732Z grpc.peer_address=172.18.0.5:55100 grpc.peer_subject="CN=peer0.org1.example.com,L=San Francisco,ST=California,C=US" grpc.code=OK grpc.call_duration=959.598µs
2026-09-14T17:39:16.773565607Z [34m2026-09-14 17:39:16.773 UTC 0ad9 INFO[0m [endorser] [34;1mcallChaincode[0m -> finished chaincode: kvstore duration: 0ms channel=mychannel txID=73824970
2026-09-14T17:39:16.773576467Z [34m2026-09-14 17:39:16.773 UTC 0ada INFO[0m [endorser] [34;1mcallChaincode[0m -> finished chaincode: kvstore duration: 0ms channel=mychannel txID=3ce31b38
2026-09-14T17:39:16.773620120Z [34m2026-09-14 17:39:16.773 UTC 0adb INFO[0m [comm.grpc.server] [34;1mfunc1[0m -> unary call completed grpc.service=protos.Endorser grpc.method=ProcessProposal grpc.request_deadline=2026-09-14T17:39:46.772Z grpc.peer_address=172.18.0.5:55100 grpc.peer_subject="CN=peer0.org1.example.com,L=San Francisco,ST=California,C=US" grpc.code=OK grpc.call_duration=722.098µs
2026-09-14T17:39:16.773628075Z [34m2026-09-14 17:39:16.773 UTC 0adc INFO[0m [comm.grpc.server] [34;1mfunc1[0m -> unary call completed grpc.service=protos.Endorser grpc.method=ProcessProposal grpc.request_deadline=2026-09-14T17:39:46.772Z grpc.peer_address=172.18.0.5:55100 grpc.peer_subject="CN=peer0.org1.example.com,L=San Francisco,ST=California,C=US" grpc.code=OK grpc.call_duration=742.798µs
2026-09-14T17:39:16.813257913Z [34m2026-09-14 17:39:16.813 UTC 0add INFO[0m [endorser] [34;1mcallChaincode[0m -> finished chaincode: kvstore duration: 0ms channel=mychannel txID=ef63545b
2026-09-14T17:39:16.813272972Z [34m2026-09-14 17:39:16.813 UTC 0ade INFO[0m [endorser] [34;1mcallChaincode[0m -> finished chaincode: kvstore duration: 0ms channel=mychannel txID=2d9bc2c8
2026-09-14T17:39:16.813331783Z [34m2026-09-14 17:39:16.813 UTC 0adf INFO[0m [comm.grpc.server] [34;1mfunc1[0m -> unary call completed grpc.service=protos.Endorser grpc.method=ProcessProposal grpc.request_deadline=2026-09-14T17:39:46.812Z grpc.peer_address=172.18.0.5:55100 grpc.peer_subject="CN=peer0.org1.example.com,L=San Francisco,ST=California,C=US" grpc.code=OK grpc.call_duration=887.321µs
2026-09-14T17:39:16.813361780Z [34m2026-09-14 17:39:16.813 UTC 0ae0 INFO[0m [comm.grpc.server] [34;1mfunc1[0m -> unary call completed grpc.service=protos.Endorser grpc.method=ProcessProposal grpc.request_deadline=2026-09-14T17:39:46.812Z grpc.peer_address=172.18.0.5:55100 grpc.peer_subject="CN=peer0.org1.example.com,L=San Francisco,ST=California,C=US" grpc.code=OK grpc.call_duration=880.819µs
2026-09-14T17:39:16.852878444Z [34m2026-09-14 17:39:16.852 UTC 0ae1 INFO[0m [endorser] [34;1mcallChaincode[0m -> finished chaincode: kvstore duration: 0ms channel=mychannel txID=9135d4da
2026-09-14T17:39:16.852932135Z [34m2026-09-14 17:39:16.852 UTC 0ae2 INFO[0m [endorser] [34;1mcallChaincode[0m -> finished chaincode: kvstore duration: 0ms channel=mychannel txID=ca1bd3d1
2026-09-14T17:39:16.852939149Z [34m2026-09-14 17:39:16.852 UTC 0ae3 INFO[0m [comm.grpc.server] [34;1mfunc1[0m -> unary call completed grpc.service=protos.Endorser grpc.method=ProcessProposal grpc.request_deadline=2026-09-14T17:39:46.851Z grpc.peer_address=172.18.0.5:55100 grpc.peer_subject="CN=peer0.org1.example.com,L=San Francisco,ST=California,C=US" grpc.code=OK grpc.call_duration=925.223µs
2026-09-14T17:39:16.853062162Z [34m2026-09-14 17:39:16.852 UTC 0ae4 INFO[0m [comm.grpc.server] [34;1mfunc1[0m -> unary call completed grpc.service=protos.Endorser grpc.method=ProcessProposal grpc.request_deadline=2026-09-14T17:39:46.851Z grpc.peer_address=172.18.0.5:55100 grpc.peer_subject="CN=peer0.org1.example.com,L=San Francisco,ST=California,C=US" grpc.code=OK grpc.call_duration=1.014893ms
2026-09-14T17:39:16.893170587Z [34m2026-09-14 17:39:16.893 UTC 0ae5 INFO[0m [endorser] [34;1mcallChaincode[0m -> finished chaincode: kvstore duration: 0ms channel=mychannel txID=ba025d2d
2026-09-14T17:39:16.893186106Z [34m2026-09-14 17:39:16.893 UTC 0ae6 INFO[0m [endorser] [34;1mcallChaincode[0m -> finished chaincode: kvstore duration: 0ms channel=mychannel txID=2b79c3fc
2026-09-14T17:39:16.893235960Z [34m2026-09-14 17:39:16.893 UTC 0ae7 INFO[0m [comm.grpc.server] [34;1mfunc1[0m -> unary call completed grpc.service=protos.Endorser grpc.method=ProcessProposal grpc.request_deadline=2026-09-14T17:39:46.891Z grpc.peer_address=172.18.0.5:55100 grpc.peer_subject="CN=peer0.org1.example.com,L=San Francisco,ST=California,C=US" grpc.code=OK grpc.call_duration=1.247363ms
2026-09-14T17:39:16.893280515Z [34m2026-09-14 17:39:16.893 UTC 0ae8 INFO[0m [comm.grpc.server] [34;1mfunc1[0m -> unary call completed grpc.service=protos.Endorser grpc.method=ProcessProposal grpc.request_deadline=2026-09-14T17:39:46.891Z grpc.peer_address=172.18.0.5:55100 grpc.peer_subject="CN=peer0.org1.example.com,L=San Francisco,ST=California,C=US" grpc.code=OK grpc.call_duration=1.247343ms
2026-09-14T17:39:16.933183040Z [34m2026-09-14 17:39:16.933 UTC 0ae9 INFO[0m [endorser] [34;1mcallChaincode[0m -> finished chaincode: kvstore duration: 0ms channel=mychannel txID=b8464801
2026-09-14T17:39:16.933245368Z [34m2026-09-14 17:39:16.933 UTC 0aea INFO[0m [endorser] [34;1mcallChaincode[0m -> finished chaincode: kvstore duration: 0ms channel=mychannel txID=e265e958
2026-09-14T17:39:16.933250237Z [34m2026-09-14 17:39:16.933 UTC 0aeb INFO[0m [comm.grpc.server] [34;1mfunc1[0m -> unary call completed grpc.service=protos.Endorser grpc.method=ProcessProposal grpc.request_deadline=2026-09-14T17:39:46.932Z grpc.peer_address=172.18.0.5:55100 grpc.peer_subject="CN=peer0.org1.example.com,L=San Francisco,ST=California,C=US" grpc.code=OK grpc.call_duration=810.816µs
2026-09-14T17:39:16.933311944Z [34m2026-09-14 17:39:16.933 UTC 0aec INFO[0m [comm.grpc.server] [34;1mfunc1[0m -> unary call completed grpc.service=protos.Endorser grpc.method=ProcessProposal grpc.request_deadline=2026-09-14T17:39:46.932Z grpc.peer_address=172.18.0.5:55100 grpc.peer_subject="CN=peer0.org1.example.com,L=San Francisco,ST=California,C=US" grpc.code=OK grpc.call_duration=874.557µs
2026-09-14T17:39:16.973427542Z [34m2026-09-14 17:39:16.973 UTC 0aed INFO[0m [endorser] [34;1mcallChaincode[0m -> finished chaincode: kvstore duration: 0ms channel=mychannel txID=a9458acb
2026-09-14T17:39:16.973439876Z [34m2026-09-14 17:39:16.973 UTC 0aee INFO[0m [endorser] [34;1mcallChaincode[0m -> finished chaincode: kvstore duration: 0ms channel=mychannel txID=63e3a324
2026-09-14T17:39:16.973459022Z [34m2026-09-14 17:39:16.973 UTC 0af0 INFO[0m [comm.grpc.server] [34;1mfunc1[0m -> unary call completed grpc.service=protos.Endorser grpc.method=ProcessProposal grpc.request_deadline=2026-09-14T17:39:46.972Z grpc.peer_address=172.18.0.5:55100 grpc.peer_subject="CN=peer0.org1.example.com,L=San Francisco,ST=California,C=US" grpc.code=OK grpc.call_duration=746.855µs
2026-09-14T17:39:16.973464733Z [34m2026-09-14 17:39:16.973 UTC 0aef INFO[0m [comm.grpc.server] [34;1mfunc1[0m -> unary call completed grpc.service=protos.Endorser grpc.method=ProcessProposal grpc.request_deadline=2026-09-14T17:39:46.972Z grpc.peer_address=172.18.0.5:55100 grpc.peer_subject="CN=peer0.org1.example.com,L=San Francisco,ST=California,C=US" grpc.code=OK grpc.call_duration=744.23µs
2026-09-14T17:39:17.013940404Z [34m2026-09-14 17:39:17.013 UTC 0af1 INFO[0m [endorser] [34;1mcallChaincode[0m -> finished chaincode: kvstore duration: 0ms channel=mychannel txID=b4399487
2026-09-14T17:39:17.013981672Z [34m2026-09-14 17:39:17.013 UTC 0af2 INFO[0m [endorser] [34;1mcallChaincode[0m -> finished chaincode: kvstore duration: 0ms channel=mychannel txID=15ce9ef8
2026-09-14T17:39:17.013991581Z [34m2026-09-14 17:39:17.013 UTC 0af3 INFO[0m [comm.grpc.server] [34;1mfunc1[0m -> unary call completed grpc.service=protos.Endorser grpc.method=ProcessProposal grpc.request_deadline=2026-09-14T17:39:47.013Z grpc.peer_address=172.18.0.5:55100 grpc.peer_subject="CN=peer0.org1.example.com,L=San Francisco,ST=California,C=US" grpc.code=OK grpc.call_duration=853.638µs
2026-09-14T17:39:17.014054841Z [34m2026-09-14 17:39:17.014 UTC 0af4 INFO[0m [comm.grpc.server] [34;1mfunc1[0m -> unary call completed grpc.service=protos.Endorser grpc.method=ProcessProposal grpc.request_deadline=2026-09-14T17:39:47.013Z grpc.peer_address=172.18.0.5:55100 grpc.peer_subject="CN=peer0.org1.example.com,L=San Francisco,ST=California,C=US" grpc.code=OK grpc.call_duration=908.321µs
2026-09-14T17:39:17.053290763Z [34m2026-09-14 17:39:17.053 UTC 0af5 INFO[0m [endorser] [34;1mcallChaincode[0m -> finished chaincode: kvstore duration: 0ms channel=mychannel txID=6c385fd6
2026-09-14T17:39:17.053312083Z [34m2026-09-14 17:39:17.053 UTC 0af6 INFO[0m [endorser] [34;1mcallChaincode[0m -> finished chaincode: kvstore duration: 0ms channel=mychannel txID=8a9bc244
2026-09-14T17:39:17.053348422Z [34m2026-09-14 17:39:17.053 UTC 0af7 INFO[0m [comm.grpc.server] [34;1mfunc1[0m -> unary call completed grpc.service=protos.Endorser grpc.method=ProcessProposal grpc.request_deadline=2026-09-14T17:39:47.052Z grpc.peer_address=172.18.0.5:55100 grpc.peer_subject="CN=peer0.org1.example.com,L=San Francisco,ST=California,C=US" grpc.code=OK grpc.call_duration=961.612µs
2026-09-14T17:39:17.053356337Z [34m2026-09-14 17:39:17.053 UTC 0af8 INFO[0m [comm.grpc.server] [34;1mfunc1[0m -> unary call completed grpc.service=protos.Endorser grpc.method=ProcessProposal grpc.request_deadline=2026-09-14T17:39:47.052Z grpc.peer_address=172.18.0.5:55100 grpc.peer_subject="CN=peer0.org1.example.com,L=San Francisco,ST=California,C=US" grpc.code=OK grpc.call_duration=964.918µs
2026-09-14T17:39:17.092892458Z [34m2026-09-14 17:39:17.092 UTC 0af9 INFO[0m [endorser] [34;1mcallChaincode[0m -> finished chaincode: kvstore duration: 0ms channel=mychannel txID=f1b6cdd6
2026-09-14T17:39:17.092982137Z [34m2026-09-14 17:39:17.092 UTC 0afa INFO[0m [comm.grpc.server] [34;1mfunc1[0m -> unary call completed grpc.service=protos.Endorser grpc.method=ProcessProposal grpc.request_deadline=2026-09-14T17:39:47.092Z grpc.peer_address=172.18.0.5:55100 grpc.peer_subject="CN=peer0.org1.example.com,L=San Francisco,ST=California,C=US" grpc.code=OK grpc.call_duration=867.043µs
2026-09-14T17:39:17.093017364Z [34m2026-09-14 17:39:17.092 UTC 0afb INFO[0m [endorser] [34;1mcallChaincode[0m -> finished chaincode: kvstore duration: 0ms channel=mychannel txID=729bdd8b
2026-09-14T17:39:17.093117083Z [34m2026-09-14 17:39:17.093 UTC 0afc INFO[0m [comm.grpc.server] [34;1mfunc1[0m -> unary call completed grpc.service=protos.Endorser grpc.method=ProcessProposal grpc.request_deadline=2026-09-14T17:39:47.092Z grpc.peer_address=172.18.0.5:55100 grpc.peer_subject="CN=peer0.org1.example.com,L=San Francisco,ST=California,C=US" grpc.code=OK grpc.call_duration=962.183µs
2026-09-14T17:39:17.133017043Z [34m2026-09-14 17:39:17.132 UTC 0afd INFO[0m [endorser] [34;1mcallChaincode[0m -> finished chaincode: kvstore duration: 0ms channel=mychannel txID=00fb4fed
2026-09-14T17:39:17.133058672Z [34m2026-09-14 17:39:17.133 UTC 0afe INFO[0m [endorser] [34;1mcallChaincode[0m -> finished chaincode: kvstore duration: 0ms channel=mychannel txID=e5c97914
2026-09-14T17:39:17.133069763Z [34m2026-09-14 17:39:17.133 UTC 0aff INFO[0m [comm.grpc.server] [34;1mfunc1[0m -> unary call completed grpc.service=protos.Endorser grpc.method=ProcessProposal grpc.request_deadline=2026-09-14T17:39:47.132Z grpc.peer_address=172.18.0.5:55100 grpc.peer_subject="CN=peer0.org1.example.com,L=San Francisco,ST=California,C=US" grpc.code=OK grpc.call_duration=798.543µs
2026-09-14T17:39:17.133146769Z [34m2026-09-14 17:39:17.133 UTC 0b00 INFO[0m [comm.grpc.server] [34;1mfunc1[0m -> unary call completed grpc.service=protos.Endorser grpc.method=ProcessProposal grpc.request_deadline=2026-09-14T17:39:47.132Z grpc.peer_address=172.18.0.5:55100 grpc.peer_subject="CN=peer0.org1.example.com,L=San Francisco,ST=California,C=US" grpc.code=OK grpc.call_duration=878.535µs
2026-09-14T17:39:17.173669760Z [34m2026-09-14 17:39:17.173 UTC 0b02 INFO[0m [endorser] [34;1mcallChaincode[0m -> finished chaincode: kvstore duration: 0ms channel=mychannel txID=69e6fcb8
2026-09-14T17:39:17.173712711Z [34m2026-09-14 17:39:17.173 UTC 0b01 INFO[0m [endorser] [34;1mcallChaincode[0m -> finished chaincode: kvstore duration: 0ms channel=mychannel txID=be972fe7
2026-09-14T17:39:17.173732819Z [34m2026-09-14 17:39:17.173 UTC 0b03 INFO[0m [comm.grpc.server] [34;1mfunc1[0m -> unary call completed grpc.service=protos.Endorser grpc.method=ProcessProposal grpc.request_deadline=2026-09-14T17:39:47.172Z grpc.peer_address=172.18.0.5:55100 grpc.peer_subject="CN=peer0.org1.example.com,L=San Francisco,ST=California,C=US" grpc.code=OK grpc.call_duration=816.908µs
2026-09-14T17:39:17.173774638Z [34m2026-09-14 17:39:17.173 UTC 0b04 INFO[0m [comm.grpc.server] [34;1mfunc1[0m -> unary call completed grpc.service=protos.Endorser grpc.method=ProcessProposal grpc.request_deadline=2026-09-14T17:39:47.172Z grpc.peer_address=172.18.0.5:55100 grpc.peer_subject="CN=peer0.org1.example.com,L=San Francisco,ST=California,C=US" grpc.code=OK grpc.call_duration=885.438µs
2026-09-14T17:39:17.213357447Z [34m2026-09-14 17:39:17.213 UTC 0b05 INFO[0m [endorser] [34;1mcallChaincode[0m -> finished chaincode: kvstore duration: 0ms channel=mychannel txID=32c740cc
2026-09-14T17:39:17.213375632Z [34m2026-09-14 17:39:17.213 UTC 0b06 INFO[0m [endorser] [34;1mcallChaincode[0m -> finished chaincode: kvstore duration: 0ms channel=mychannel txID=76e24f48
2026-09-14T17:39:17.213412873Z [34m2026-09-14 17:39:17.213 UTC 0b07 INFO[0m [comm.grpc.server] [34;1mfunc1[0m -> unary call completed grpc.service=protos.Endorser grpc.method=ProcessProposal grpc.request_deadline=2026-09-14T17:39:47.212Z grpc.peer_address=172.18.0.5:55100 grpc.peer_subject="CN=peer0.org1.example.com,L=San Francisco,ST=California,C=US" grpc.code=OK grpc.call_duration=813.171µs
2026-09-14T17:39:17.213422791Z [34m2026-09-14 17:39:17.213 UTC 0b08 INFO[0m [comm.grpc.server] [34;1mfunc1[0m -> unary call completed grpc.service=protos.Endorser grpc.method=ProcessProposal grpc.request_deadline=2026-09-14T17:39:47.212Z grpc.peer_address=172.18.0.5:55100 grpc.peer_subject="CN=peer0.org1.example.com,L=San Francisco,ST=California,C=US" grpc.code=OK grpc.call_duration=792.141µs
2026-09-14T17:39:17.253193286Z [34m2026-09-14 17:39:17.253 UTC 0b09 INFO[0m [endorser] [34;1mcallChaincode[0m -> finished chaincode: kvstore duration: 0ms channel=mychannel txID=179b5cfd
2026-09-14T17:39:17.253236308Z [34m2026-09-14 17:39:17.253 UTC 0b0a INFO[0m [endorser] [34;1mcallChaincode[0m -> finished chaincode: kvstore duration: 0ms channel=mychannel txID=bb3157e9
2026-09-14T17:39:17.253286843Z [34m2026-09-14 17:39:17.253 UTC 0b0b INFO[0m [comm.grpc.server] [34;1mfunc1[0m -> unary call completed grpc.service=protos.Endorser grpc.method=ProcessProposal grpc.request_deadline=2026-09-14T17:39:47.252Z grpc.peer_address=172.18.0.5:55100 grpc.peer_subject="CN=peer0.org1.example.com,L=San Francisco,ST=California,C=US" grpc.code=OK grpc.call_duration=928.89µs
2026-09-14T17:39:17.253299207Z [34m2026-09-14 17:39:17.253 UTC 0b0c INFO[0m [comm.grpc.server] [34;1mfunc1[0m -> unary call completed grpc.service=protos.Endorser grpc.method=ProcessProposal grpc.request_deadline=2026-09-14T17:39:47.252Z grpc.peer_address=172.18.0.5:55100 grpc.peer_subject="CN=peer0.org1.example.com,L=San Francisco,ST=California,C=US" grpc.code=OK grpc.call_duration=863.897µs
2026-09-14T17:39:17.293864998Z [34m2026-09-14 17:39:17.293 UTC 0b0d INFO[0m [endorser] [34;1mcallChaincode[0m -> finished chaincode: kvstore duration: 0ms channel=mychannel txID=f41a9d44
2026-09-14T17:39:17.293880377Z [34m2026-09-14 17:39:17.293 UTC 0b0e INFO[0m [endorser] [34;1mcallChaincode[0m -> finished chaincode: kvstore duration: 0ms channel=mychannel txID=9987fb4c
2026-09-14T17:39:17.293921786Z [34m2026-09-14 17:39:17.293 UTC 0b10 INFO[0m [comm.grpc.server] [34;1mfunc1[0m -> unary call completed grpc.service=protos.Endorser grpc.method=ProcessProposal grpc.request_deadline=2026-09-14T17:39:47.293Z grpc.peer_address=172.18.0.5:55100 grpc.peer_subject="CN=peer0.org1.example.com,L=San Francisco,ST=California,C=US" grpc.code=OK grpc.call_duration=783.144µs
2026-09-14T17:39:17.293931224Z [34m2026-09-14 17:39:17.293 UTC 0b0f INFO[0m [comm.grpc.server] [34;1mfunc1[0m -> unary call completed grpc.service=protos.Endorser grpc.method=ProcessProposal grpc.request_deadline=2026-09-14T17:39:47.293Z grpc.peer_address=172.18.0.5:55100 grpc.peer_subject="CN=peer0.org1.example.com,L=San Francisco,ST=California,C=US" grpc.code=OK grpc.call_duration=758.647µs
2026-09-14T17:39:17.333148330Z [34m2026-09-14 17:39:17.333 UTC 0b11 INFO[0m [endorser] [34;1mcallChaincode[0m -> finished chaincode: kvstore duration: 0ms channel=mychannel txID=55dc69b9
2026-09-14T17:39:17.333162758Z [34m2026-09-14 17:39:17.333 UTC 0b12 INFO[0m [endorser] [34;1mcallChaincode[0m -> finished chaincode: kvstore duration: 0ms channel=mychannel txID=ce7e6519
2026-09-14T17:39:17.333195660Z [34m2026-09-14 17:39:17.333 UTC 0b13 INFO[0m [comm.grpc.server] [34;1mfunc1[0m -> unary call completed grpc.service=protos.Endorser grpc.method=ProcessProposal grpc.request_deadline=2026-09-14T17:39:47.332Z grpc.peer_address=172.18.0.5:55100 grpc.peer_subject="CN=peer0.org1.example.com,L=San Francisco,ST=California,C=US" grpc.code=OK grpc.call_duration=728.951µs
2026-09-14T17:39:17.333201701Z [34m2026-09-14 17:39:17.333 UTC 0b14 INFO[0m [comm.grpc.server] [34;1mfunc1[0m -> unary call completed grpc.service=protos.Endorser grpc.method=ProcessProposal grpc.request_deadline=2026-09-14T17:39:47.332Z grpc.peer_address=172.18.0.5:55100 grpc.peer_subject="CN=peer0.org1.example.com,L=San Francisco,ST=California,C=US" grpc.code=OK grpc.call_duration=724.893µs
2026-09-14T17:39:17.373468326Z [34m2026-09-14 17:39:17.373 UTC 0b15 INFO[0m [endorser] [34;1mcallChaincode[0m -> finished chaincode: kvstore duration: 0ms channel=mychannel txID=a9ed65fe
2026-09-14T17:39:17.373479608Z [34m2026-09-14 17:39:17.373 UTC 0b16 INFO[0m [endorser] [34;1mcallChaincode[0m -> finished chaincode: kvstore duration: 0ms channel=mychannel txID=2c915b67
2026-09-14T17:39:17.373525665Z [34m2026-09-14 17:39:17.373 UTC 0b17 INFO[0m [comm.grpc.server] [34;1mfunc1[0m -> unary call completed grpc.service=protos.Endorser grpc.method=ProcessProposal grpc.request_deadline=2026-09-14T17:39:47.372Z grpc.peer_address=172.18.0.5:55100 grpc.peer_subject="CN=peer0.org1.example.com,L=San Francisco,ST=California,C=US" grpc.code=OK grpc.call_duration=860.801µs
2026-09-14T17:39:17.373559228Z [34m2026-09-14 17:39:17.373 UTC 0b18 INFO[0m [comm.grpc.server] [34;1mfunc1[0m -> unary call completed grpc.service=protos.Endorser grpc.method=ProcessProposal grpc.request_deadline=2026-09-14T17:39:47.372Z grpc.peer_address=172.18.0.5:55100 grpc.peer_subject="CN=peer0.org1.example.com,L=San Francisco,ST=California,C=US" grpc.code=OK grpc.call_duration=895.467µs
2026-09-14T17:39:17.414383360Z [34m2026-09-14 17:39:17.414 UTC 0b1a INFO[0m [endorser] [34;1mcallChaincode[0m -> finished chaincode: kvstore duration: 0ms channel=mychannel txID=3366d8ba
2026-09-14T17:39:17.414429066Z [34m2026-09-14 17:39:17.414 UTC 0b19 INFO[0m [endorser] [34;1mcallChaincode[0m -> finished chaincode: kvstore duration: 0ms channel=mychannel txID=56683c6d
2026-09-14T17:39:17.414450857Z [34m2026-09-14 17:39:17.414 UTC 0b1b INFO[0m [comm.grpc.server] [34;1mfunc1[0m -> unary call completed grpc.service=protos.Endorser grpc.method=ProcessProposal grpc.request_deadline=2026-09-14T17:39:47.413Z grpc.peer_address=172.18.0.5:55100 grpc.peer_subject="CN=peer0.org1.example.com,L=San Francisco,ST=California,C=US" grpc.code=OK grpc.call_duration=816.978µs
2026-09-14T17:39:17.414500832Z [34m2026-09-14 17:39:17.414 UTC 0b1c INFO[0m [comm.grpc.server] [34;1mfunc1[0m -> unary call completed grpc.service=protos.Endorser grpc.method=ProcessProposal grpc.request_deadline=2026-09-14T17:39:47.413Z grpc.peer_address=172.18.0.5:55100 grpc.peer_subject="CN=peer0.org1.example.com,L=San Francisco,ST=California,C=US" grpc.code=OK grpc.call_duration=823.851µs
2026-09-14T17:39:17.453589976Z [34m2026-09-14 17:39:17.453 UTC 0b1e INFO[0m [endorser] [34;1mcallChaincode[0m -> finished chaincode: kvstore duration: 0ms channel=mychannel txID=9d9db340
2026-09-14T17:39:17.453630272Z [34m2026-09-14 17:39:17.453 UTC 0b1d INFO[0m [endorser] [34;1mcallChaincode[0m -> finished chaincode: kvstore duration: 0ms channel=mychannel txID=56e30044
2026-09-14T17:39:17.453649158Z [34m2026-09-14 17:39:17.453 UTC 0b1f INFO[0m [comm.grpc.server] [34;1mfunc1[0m -> unary call completed grpc.service=protos.Endorser grpc.method=ProcessProposal grpc.request_deadline=2026-09-14T17:39:47.452Z grpc.peer_address=172.18.0.5:55100 grpc.peer_subject="CN=peer0.org1.example.com,L=San Francisco,ST=California,C=US" grpc.code=OK grpc.call_duration=935.092µs
2026-09-14T17:39:17.453695135Z [34m2026-09-14 17:39:17.453 UTC 0b20 INFO[0m [comm.grpc.server] [34;1mfunc1[0m -> unary call completed grpc.service=protos.Endorser grpc.method=ProcessProposal grpc.request_deadline=2026-09-14T17:39:47.452Z grpc.peer_address=172.18.0.5:55100 grpc.peer_subject="CN=peer0.org1.example.com,L=San Francisco,ST=California,C=US" grpc.code=OK grpc.call_duration=980.037µs
2026-09-14T17:39:17.486753061Z [34m2026-09-14 17:39:17.486 UTC 0b21 INFO[0m [gossip.privdata] [34;1mStoreBlock[0m -> Received block [29] from buffer channel=mychannel
2026-09-14T17:39:17.498210490Z [34m2026-09-14 17:39:17.498 UTC 0b22 INFO[0m [committer.txvalidator] [34;1mValidate[0m -> [mychannel] Validated block [29] in 11ms
2026-09-14T17:39:17.498730786Z [34m2026-09-14 17:39:17.498 UTC 0b23 INFO[0m [endorser] [34;1mcallChaincode[0m -> finished chaincode: kvstore duration: 2ms channel=mychannel txID=34a9e24c
2026-09-14T17:39:17.498833952Z [34m2026-09-14 17:39:17.498 UTC 0b24 INFO[0m [comm.grpc.server] [34;1mfunc1[0m -> unary call completed grpc.service=protos.Endorser grpc.method=ProcessProposal grpc.request_deadline=2026-09-14T17:39:47.495Z grpc.peer_address=172.18.0.5:55100 grpc.peer_subject="CN=peer0.org1.example.com,L=San Francisco,ST=California,C=US" grpc.code=OK grpc.call_duration=2.936745ms
2026-09-14T17:39:17.499016167Z [34m2026-09-14 17:39:17.498 UTC 0b25 INFO[0m [endorser] [34;1mcallChaincode[0m -> finished chaincode: kvstore duration: 0ms channel=mychannel txID=17c37234
2026-09-14T17:39:17.499073776Z [34m2026-09-14 17:39:17.499 UTC 0b26 INFO[0m [comm.grpc.server] [34;1mfunc1[0m -> unary call completed grpc.service=protos.Endorser grpc.method=ProcessProposal grpc.request_deadline=2026-09-14T17:39:47.498Z grpc.peer_address=172.18.0.5:55100 grpc.peer_subject="CN=peer0.org1.example.com,L=San Francisco,ST=California,C=US" grpc.code=OK grpc.call_duration=947.155µs
2026-09-14T17:39:17.541141874Z [34m2026-09-14 17:39:17.541 UTC 0b27 INFO[0m [kvledger] [34;1mcommit[0m -> [mychannel] Committed block [29] with 52 transaction(s) in 42ms (state_validation=0ms block_and_pvtdata_commit=21ms state_commit=9ms) commitHash=[94a42c68623f60e0108371641b00486a44169b9e5c9334e713f9b5b0693b2868]
2026-09-14T17:39:17.554105717Z [34m2026-09-14 17:39:17.554 UTC 0b28 INFO[0m [endorser] [34;1mcallChaincode[0m -> finished chaincode: kvstore duration: 0ms channel=mychannel txID=405ae4f0
2026-09-14T17:39:17.554119553Z [34m2026-09-14 17:39:17.554 UTC 0b29 INFO[0m [endorser] [34;1mcallChaincode[0m -> finished chaincode: kvstore duration: 0ms channel=mychannel txID=d1259d47
2026-09-14T17:39:17.554183485Z [34m2026-09-14 17:39:17.554 UTC 0b2a INFO[0m [comm.grpc.server] [34;1mfunc1[0m -> unary call completed grpc.service=protos.Endorser grpc.method=ProcessProposal grpc.request_deadline=2026-09-14T17:39:47.553Z grpc.peer_address=172.18.0.5:55100 grpc.peer_subject="CN=peer0.org1.example.com,L=San Francisco,ST=California,C=US" grpc.code=OK grpc.call_duration=953.767µs
2026-09-14T17:39:17.554192401Z [34m2026-09-14 17:39:17.554 UTC 0b2b INFO[0m [comm.grpc.server] [34;1mfunc1[0m -> unary call completed grpc.service=protos.Endorser grpc.method=ProcessProposal grpc.request_deadline=2026-09-14T17:39:47.553Z grpc.peer_address=172.18.0.5:55100 grpc.peer_subject="CN=peer0.org1.example.com,L=San Francisco,ST=California,C=US" grpc.code=OK grpc.call_duration=908.882µs
2026-09-14T17:39:17.573296839Z [34m2026-09-14 17:39:17.573 UTC 0b2c INFO[0m [endorser] [34;1mcallChaincode[0m -> finished chaincode: kvstore duration: 0ms channel=mychannel txID=3140a730
2026-09-14T17:39:17.573307199Z [34m2026-09-14 17:39:17.573 UTC 0b2d INFO[0m [endorser] [34;1mcallChaincode[0m -> finished chaincode: kvstore duration: 0ms channel=mychannel txID=a7a9e069
2026-09-14T17:39:17.573356132Z [34m2026-09-14 17:39:17.573 UTC 0b2e INFO[0m [comm.grpc.server] [34;1mfunc1[0m -> unary call completed grpc.service=protos.Endorser grpc.method=ProcessProposal grpc.request_deadline=2026-09-14T17:39:47.572Z grpc.peer_address=172.18.0.5:55100 grpc.peer_subject="CN=peer0.org1.example.com,L=San Francisco,ST=California,C=US" grpc.code=OK grpc.call_duration=721.136µs
2026-09-14T17:39:17.573370379Z [34m2026-09-14 17:39:17.573 UTC 0b2f INFO[0m [comm.grpc.server] [34;1mfunc1[0m -> unary call completed grpc.service=protos.Endorser grpc.method=ProcessProposal grpc.request_deadline=2026-09-14T17:39:47.572Z grpc.peer_address=172.18.0.5:55100 grpc.peer_subject="CN=peer0.org1.example.com,L=San Francisco,ST=California,C=US" grpc.code=OK grpc.call_duration=743.328µs
2026-09-14T17:39:17.613245021Z [34m2026-09-14 17:39:17.613 UTC 0b30 INFO[0m [endorser] [34;1mcallChaincode[0m -> finished chaincode: kvstore duration: 0ms channel=mychannel txID=d52d2a4c
2026-09-14T17:39:17.613259759Z [34m2026-09-14 17:39:17.613 UTC 0b31 INFO[0m [endorser] [34;1mcallChaincode[0m -> finished chaincode: kvstore duration: 0ms channel=mychannel txID=52d3bb69
2026-09-14T17:39:17.613312769Z [34m2026-09-14 17:39:17.613 UTC 0b32 INFO[0m [comm.grpc.server] [34;1mfunc1[0m -> unary call completed grpc.service=protos.Endorser grpc.method=ProcessProposal grpc.request_deadline=2026-09-14T17:39:47.612Z grpc.peer_address=172.18.0.5:55100 grpc.peer_subject="CN=peer0.org1.example.com,L=San Francisco,ST=California,C=US" grpc.code=OK grpc.call_duration=782.332µs
2026-09-14T17:39:17.613320323Z [34m2026-09-14 17:39:17.613 UTC 0b33 INFO[0m [comm.grpc.server] [34;1mfunc1[0m -> unary call completed grpc.service=protos.Endorser grpc.method=ProcessProposal grpc.request_deadline=2026-09-14T17:39:47.612Z grpc.peer_address=172.18.0.5:55100 grpc.peer_subject="CN=peer0.org1.example.com,L=San Francisco,ST=California,C=US" grpc.code=OK grpc.call_duration=784.737µs
2026-09-14T17:39:17.653564365Z [34m2026-09-14 17:39:17.653 UTC 0b34 INFO[0m [endorser] [34;1mcallChaincode[0m -> finished chaincode: kvstore duration: 0ms channel=mychannel txID=772278e8
2026-09-14T17:39:17.653610102Z [34m2026-09-14 17:39:17.653 UTC 0b35 INFO[0m [endorser] [34;1mcallChaincode[0m -> finished chaincode: kvstore duration: 0ms channel=mychannel txID=58823ca4
2026-09-14T17:39:17.653647212Z [34m2026-09-14 17:39:17.653 UTC 0b36 INFO[0m [comm.grpc.server] [34;1mfunc1[0m -> unary call completed grpc.service=protos.Endorser grpc.method=ProcessProposal grpc.request_deadline=2026-09-14T17:39:47.652Z grpc.peer_address=172.18.0.5:55100 grpc.peer_subject="CN=peer0.org1.example.com,L=San Francisco,ST=California,C=US" grpc.code=OK grpc.call_duration=989.023µs
2026-09-14T17:39:17.653704591Z [34m2026-09-14 17:39:17.653 UTC 0b37 INFO[0m [comm.grpc.server] [34;1mfunc1[0m -> unary call completed grpc.service=protos.Endorser grpc.method=ProcessProposal grpc.request_deadline=2026-09-14T17:39:47.652Z grpc.peer_address=172.18.0.5:55100 grpc.peer_subject="CN=peer0.org1.example.com,L=San Francisco,ST=California,C=US" grpc.code=OK grpc.call_duration=1.067553ms
2026-09-14T17:39:17.693770776Z [34m2026-09-14 17:39:17.693 UTC 0b38 INFO[0m [endorser] [34;1mcallChaincode[0m -> finished chaincode: kvstore duration: 0ms channel=mychannel txID=0d0943bf
2026-09-14T17:39:17.693783280Z [34m2026-09-14 17:39:17.693 UTC 0b39 INFO[0m [endorser] [34;1mcallChaincode[0m -> finished chaincode: kvstore duration: 0ms channel=mychannel txID=496c1a27
2026-09-14T17:39:17.693855056Z [34m2026-09-14 17:39:17.693 UTC 0b3a INFO[0m [comm.grpc.server] [34;1mfunc1[0m -> unary call completed grpc.service=protos.Endorser grpc.method=ProcessProposal grpc.request_deadline=2026-09-14T17:39:47.692Z grpc.peer_address=172.18.0.5:55100 grpc.peer_subject="CN=peer0.org1.example.com,L=San Francisco,ST=California,C=US" grpc.code=OK grpc.call_duration=897.24µs
2026-09-14T17:39:17.693870225Z [34m2026-09-14 17:39:17.693 UTC 0b3b INFO[0m [comm.grpc.server] [34;1mfunc1[0m -> unary call completed grpc.service=protos.Endorser grpc.method=ProcessProposal grpc.request_deadline=2026-09-14T17:39:47.692Z grpc.peer_address=172.18.0.5:55100 grpc.peer_subject="CN=peer0.org1.example.com,L=San Francisco,ST=California,C=US" grpc.code=OK grpc.call_duration=889.846µs
2026-09-14T17:39:17.732834702Z [34m2026-09-14 17:39:17.732 UTC 0b3c INFO[0m [endorser] [34;1mcallChaincode[0m -> finished chaincode: kvstore duration: 0ms channel=mychannel txID=74c1cb11
2026-09-14T17:39:17.732861764Z [34m2026-09-14 17:39:17.732 UTC 0b3d INFO[0m [endorser] [34;1mcallChaincode[0m -> finished chaincode: kvstore duration: 0ms channel=mychannel txID=07278ef0
2026-09-14T17:39:17.732867935Z [34m2026-09-14 17:39:17.732 UTC 0b3e INFO[0m [comm.grpc.server] [34;1mfunc1[0m -> unary call completed grpc.service=protos.Endorser grpc.method=ProcessProposal grpc.request_deadline=2026-09-14T17:39:47.732Z grpc.peer_address=172.18.0.5:55100 grpc.peer_subject="CN=peer0.org1.example.com,L=San Francisco,ST=California,C=US" grpc.code=OK grpc.call_duration=771.432µs
2026-09-14T17:39:17.732939611Z [34m2026-09-14 17:39:17.732 UTC 0b3f INFO[0m [comm.grpc.server] [34;1mfunc1[0m -> unary call completed grpc.service=protos.Endorser grpc.method=ProcessProposal grpc.request_deadline=2026-09-14T17:39:47.732Z grpc.peer_address=172.18.0.5:55100 grpc.peer_subject="CN=peer0.org1.example.com,L=San Francisco,ST=California,C=US" grpc.code=OK grpc.call_duration=813.341µs
2026-09-14T17:39:17.773416995Z [34m2026-09-14 17:39:17.773 UTC 0b40 INFO[0m [endorser] [34;1mcallChaincode[0m -> finished chaincode: kvstore duration: 0ms channel=mychannel txID=85cb5a69
2026-09-14T17:39:17.773432174Z [34m2026-09-14 17:39:17.773 UTC 0b41 INFO[0m [endorser] [34;1mcallChaincode[0m -> finished chaincode: kvstore duration: 0ms channel=mychannel txID=61e5e993
2026-09-14T17:39:17.773475205Z [34m2026-09-14 17:39:17.773 UTC 0b42 INFO[0m [comm.grpc.server] [34;1mfunc1[0m -> unary call completed grpc.service=protos.Endorser grpc.method=ProcessProposal grpc.request_deadline=2026-09-14T17:39:47.772Z grpc.peer_address=172.18.0.5:55100 grpc.peer_subject="CN=peer0.org1.example.com,L=San Francisco,ST=California,C=US" grpc.code=OK grpc.call_duration=1.072472ms
2026-09-14T17:39:17.773482449Z [34m2026-09-14 17:39:17.773 UTC 0b43 INFO[0m [comm.grpc.server] [34;1mfunc1[0m -> unary call completed grpc.service=protos.Endorser grpc.method=ProcessProposal grpc.request_deadline=2026-09-14T17:39:47.772Z grpc.peer_address=172.18.0.5:55100 grpc.peer_subject="CN=peer0.org1.example.com,L=San Francisco,ST=California,C=US" grpc.code=OK grpc.call_duration=1.073273ms
2026-09-14T17:39:17.813736871Z [34m2026-09-14 17:39:17.813 UTC 0b44 INFO[0m [endorser] [34;1mcallChaincode[0m -> finished chaincode: kvstore duration: 0ms channel=mychannel txID=7c4706c9
2026-09-14T17:39:17.813769443Z [34m2026-09-14 17:39:17.813 UTC 0b45 INFO[0m [endorser] [34;1mcallChaincode[0m -> finished chaincode: kvstore duration: 0ms channel=mychannel txID=9e332f47
2026-09-14T17:39:17.813796013Z [34m2026-09-14 17:39:17.813 UTC 0b46 INFO[0m [comm.grpc.server] [34;1mfunc1[0m -> unary call completed grpc.service=protos.Endorser grpc.method=ProcessProposal grpc.request_deadline=2026-09-14T17:39:47.812Z grpc.peer_address=172.18.0.5:55100 grpc.peer_subject="CN=peer0.org1.example.com,L=San Francisco,ST=California,C=US" grpc.code=OK grpc.call_duration=833.76µs
2026-09-14T17:39:17.813823896Z [34m2026-09-14 17:39:17.813 UTC 0b47 INFO[0m [comm.grpc.server] [34;1mfunc1[0m -> unary call completed grpc.service=protos.Endorser grpc.method=ProcessProposal grpc.request_deadline=2026-09-14T17:39:47.812Z grpc.peer_address=172.18.0.5:55100 grpc.peer_subject="CN=peer0.org1.example.com,L=San Francisco,ST=California,C=US" grpc.code=OK grpc.call_duration=885.527µs
2026-09-14T17:39:17.853385355Z [34m2026-09-14 17:39:17.853 UTC 0b48 INFO[0m [endorser] [34;1mcallChaincode[0m -> finished chaincode: kvstore duration: 0ms channel=mychannel txID=415852b9
2026-09-14T17:39:17.853400875Z [34m2026-09-14 17:39:17.853 UTC 0b49 INFO[0m [endorser] [34;1mcallChaincode[0m -> finished chaincode: kvstore duration: 0ms channel=mychannel txID=efea9640
2026-09-14T17:39:17.853453053Z [34m2026-09-14 17:39:17.853 UTC 0b4a INFO[0m [comm.grpc.server] [34;1mfunc1[0m -> unary call completed grpc.service=protos.Endorser grpc.method=ProcessProposal grpc.request_deadline=2026-09-14T17:39:47.852Z grpc.peer_address=172.18.0.5:55100 grpc.peer_subject="CN=peer0.org1.example.com,L=San Francisco,ST=California,C=US" grpc.code=OK grpc.call_duration=901.859µs
2026-09-14T17:39:17.853479113Z [34m2026-09-14 17:39:17.853 UTC 0b4b INFO[0m [comm.grpc.server] [34;1mfunc1[0m -> unary call completed grpc.service=protos.Endorser grpc.method=ProcessProposal grpc.request_deadline=2026-09-14T17:39:47.852Z grpc.peer_address=172.18.0.5:55100 grpc.peer_subject="CN=peer0.org1.example.com,L=San Francisco,ST=California,C=US" grpc.code=OK grpc.call_duration=943.889µs
2026-09-14T17:39:17.893476077Z [34m2026-09-14 17:39:17.893 UTC 0b4c INFO[0m [endorser] [34;1mcallChaincode[0m -> finished chaincode: kvstore duration: 0ms channel=mychannel txID=1dbb7bcc
2026-09-14T17:39:17.893489292Z [34m2026-09-14 17:39:17.893 UTC 0b4d INFO[0m [endorser] [34;1mcallChaincode[0m -> finished chaincode: kvstore duration: 0ms channel=mychannel txID=092de204
2026-09-14T17:39:17.893534898Z [34m2026-09-14 17:39:17.893 UTC 0b4e INFO[0m [comm.grpc.server] [34;1mfunc1[0m -> unary call completed grpc.service=protos.Endorser grpc.method=ProcessProposal grpc.request_deadline=2026-09-14T17:39:47.892Z grpc.peer_address=172.18.0.5:55100 grpc.peer_subject="CN=peer0.org1.example.com,L=San Francisco,ST=California,C=US" grpc.code=OK grpc.call_duration=764.709µs
2026-09-14T17:39:17.893552151Z [34m2026-09-14 17:39:17.893 UTC 0b4f INFO[0m [comm.grpc.server] [34;1mfunc1[0m -> unary call completed grpc.service=protos.Endorser grpc.method=ProcessProposal grpc.request_deadline=2026-09-14T17:39:47.892Z grpc.peer_address=172.18.0.5:55100 grpc.peer_subject="CN=peer0.org1.example.com,L=San Francisco,ST=California,C=US" grpc.code=OK grpc.call_duration=819.382µs
2026-09-14T17:39:17.933894960Z [34m2026-09-14 17:39:17.933 UTC 0b51 INFO[0m [endorser] [34;1mcallChaincode[0m -> finished chaincode: kvstore duration: 0ms channel=mychannel txID=ff1330f9
2026-09-14T17:39:17.933942159Z [34m2026-09-14 17:39:17.933 UTC 0b50 INFO[0m [endorser] [34;1mcallChaincode[0m -> finished chaincode: kvstore duration: 0ms channel=mychannel txID=3b50f3fd
2026-09-14T17:39:17.933951587Z [34m2026-09-14 17:39:17.933 UTC 0b52 INFO[0m [comm.grpc.server] [34;1mfunc1[0m -> unary call completed grpc.service=protos.Endorser grpc.method=ProcessProposal grpc.request_deadline=2026-09-14T17:39:47.932Z grpc.peer_address=172.18.0.5:55100 grpc.peer_subject="CN=peer0.org1.example.com,L=San Francisco,ST=California,C=US" grpc.code=OK grpc.call_duration=848.227µs
2026-09-14T17:39:17.934014116Z [34m2026-09-14 17:39:17.933 UTC 0b53 INFO[0m [comm.grpc.server] [34;1mfunc1[0m -> unary call completed grpc.service=protos.Endorser grpc.method=ProcessProposal grpc.request_deadline=2026-09-14T17:39:47.933Z grpc.peer_address=172.18.0.5:55100 grpc.peer_subject="CN=peer0.org1.example.com,L=San Francisco,ST=California,C=US" grpc.code=OK grpc.call_duration=910.665µs
2026-09-14T17:39:17.972887831Z [34m2026-09-14 17:39:17.972 UTC 0b54 INFO[0m [endorser] [34;1mcallChaincode[0m -> finished chaincode: kvstore duration: 0ms channel=mychannel txID=746d0d51
2026-09-14T17:39:17.972899924Z [34m2026-09-14 17:39:17.972 UTC 0b55 INFO[0m [endorser] [34;1mcallChaincode[0m -> finished chaincode: kvstore duration: 0ms channel=mychannel txID=2594a567
2026-09-14T17:39:17.972947294Z [34m2026-09-14 17:39:17.972 UTC 0b56 INFO[0m [comm.grpc.server] [34;1mfunc1[0m -> unary call completed grpc.service=protos.Endorser grpc.method=ProcessProposal grpc.request_deadline=2026-09-14T17:39:47.972Z grpc.peer_address=172.18.0.5:55100 grpc.peer_subject="CN=peer0.org1.example.com,L=San Francisco,ST=California,C=US" grpc.code=OK grpc.call_duration=753.057µs
2026-09-14T17:39:17.972955419Z [34m2026-09-14 17:39:17.972 UTC 0b57 INFO[0m [comm.grpc.server] [34;1mfunc1[0m -> unary call completed grpc.service=protos.Endorser grpc.method=ProcessProposal grpc.request_deadline=2026-09-14T17:39:47.972Z grpc.peer_address=172.18.0.5:55100 grpc.peer_subject="CN=peer0.org1.example.com,L=San Francisco,ST=California,C=US" grpc.code=OK grpc.call_duration=776.742µs
2026-09-14T17:39:18.013091577Z [34m2026-09-14 17:39:18.013 UTC 0b58 INFO[0m [endorser] [34;1mcallChaincode[0m -> finished chaincode: kvstore duration: 0ms channel=mychannel txID=6532b2b9
2026-09-14T17:39:18.013103149Z [34m2026-09-14 17:39:18.013 UTC 0b59 INFO[0m [endorser] [34;1mcallChaincode[0m -> finished chaincode: kvstore duration: 0ms channel=mychannel txID=e63b7958
2026-09-14T17:39:18.013129058Z [34m2026-09-14 17:39:18.013 UTC 0b5a INFO[0m [comm.grpc.server] [34;1mfunc1[0m -> unary call completed grpc.service=protos.Endorser grpc.method=ProcessProposal grpc.request_deadline=2026-09-14T17:39:48.012Z grpc.peer_address=172.18.0.5:55100 grpc.peer_subject="CN=peer0.org1.example.com,L=San Francisco,ST=California,C=US" grpc.code=OK grpc.call_duration=762.996µs
2026-09-14T17:39:18.013138345Z [34m2026-09-14 17:39:18.013 UTC 0b5b INFO[0m [comm.grpc.server] [34;1mfunc1[0m -> unary call completed grpc.service=protos.Endorser grpc.method=ProcessProposal grpc.request_deadline=2026-09-14T17:39:48.012Z grpc.peer_address=172.18.0.5:55100 grpc.peer_subject="CN=peer0.org1.example.com,L=San Francisco,ST=California,C=US" grpc.code=OK grpc.call_duration=752.757µs
2026-09-14T17:39:18.053645316Z [34m2026-09-14 17:39:18.053 UTC 0b5c INFO[0m [endorser] [34;1mcallChaincode[0m -> finished chaincode: kvstore duration: 0ms channel=mychannel txID=802c2083
2026-09-14T17:39:18.053666255Z [34m2026-09-14 17:39:18.053 UTC 0b5d INFO[0m [endorser] [34;1mcallChaincode[0m -> finished chaincode: kvstore duration: 0ms channel=mychannel txID=e0a6d601
2026-09-14T17:39:18.053693687Z [34m2026-09-14 17:39:18.053 UTC 0b5e INFO[0m [comm.grpc.server] [34;1mfunc1[0m -> unary call completed grpc.service=protos.Endorser grpc.method=ProcessProposal grpc.request_deadline=2026-09-14T17:39:48.052Z grpc.peer_address=172.18.0.5:55100 grpc.peer_subject="CN=peer0.org1.example.com,L=San Francisco,ST=California,C=US" grpc.code=OK grpc.call_duration=744.331µs
2026-09-14T17:39:18.053705780Z [34m2026-09-14 17:39:18.053 UTC 0b5f INFO[0m [comm.grpc.server] [34;1mfunc1[0m -> unary call completed grpc.service=protos.Endorser grpc.method=ProcessProposal grpc.request_deadline=2026-09-14T17:39:48.052Z grpc.peer_address=172.18.0.5:55100 grpc.peer_subject="CN=peer0.org1.example.com,L=San Francisco,ST=California,C=US" grpc.code=OK grpc.call_duration=778.736µs
2026-09-14T17:39:18.093005804Z [34m2026-09-14 17:39:18.092 UTC 0b60 INFO[0m [endorser] [34;1mcallChaincode[0m -> finished chaincode: kvstore duration: 0ms channel=mychannel txID=b23c1943
2026-09-14T17:39:18.093016404Z [34m2026-09-14 17:39:18.092 UTC 0b61 INFO[0m [endorser] [34;1mcallChaincode[0m -> finished chaincode: kvstore duration: 0ms channel=mychannel txID=b9443423
2026-09-14T17:39:18.093100703Z [34m2026-09-14 17:39:18.093 UTC 0b62 INFO[0m [comm.grpc.server] [34;1mfunc1[0m -> unary call completed grpc.service=protos.Endorser grpc.method=ProcessProposal grpc.request_deadline=2026-09-14T17:39:48.092Z grpc.peer_address=172.18.0.5:55100 grpc.peer_subject="CN=peer0.org1.example.com,L=San Francisco,ST=California,C=US" grpc.code=OK grpc.call_duration=857.825µs
2026-09-14T17:39:18.093111734Z [34m2026-09-14 17:39:18.093 UTC 0b63 INFO[0m [comm.grpc.server] [34;1mfunc1[0m -> unary call completed grpc.service=protos.Endorser grpc.method=ProcessProposal grpc.request_deadline=2026-09-14T17:39:48.092Z grpc.peer_address=172.18.0.5:55100 grpc.peer_subject="CN=peer0.org1.example.com,L=San Francisco,ST=California,C=US" grpc.code=OK grpc.call_duration=859.739µs
2026-09-14T17:39:18.133068071Z [34m2026-09-14 17:39:18.133 UTC 0b65 INFO[0m [endorser] [34;1mcallChaincode[0m -> finished chaincode: kvstore duration: 0ms channel=mychannel txID=4a55bc60
2026-09-14T17:39:18.133106654Z [34m2026-09-14 17:39:18.133 UTC 0b64 INFO[0m [endorser] [34;1mcallChaincode[0m -> finished chaincode: kvstore duration: 0ms channel=mychannel txID=a6e8bd4e
2026-09-14T17:39:18.133131151Z [34m2026-09-14 17:39:18.133 UTC 0b66 INFO[0m [comm.grpc.server] [34;1mfunc1[0m -> unary call completed grpc.service=protos.Endorser grpc.method=ProcessProposal grpc.request_deadline=2026-09-14T17:39:48.132Z grpc.peer_address=172.18.0.5:55100 grpc.peer_subject="CN=peer0.org1.example.com,L=San Francisco,ST=California,C=US" grpc.code=OK grpc.call_duration=773.786µs
2026-09-14T17:39:18.133166798Z [34m2026-09-14 17:39:18.133 UTC 0b67 INFO[0m [comm.grpc.server] [34;1mfunc1[0m -> unary call completed grpc.service=protos.Endorser grpc.method=ProcessProposal grpc.request_deadline=2026-09-14T17:39:48.132Z grpc.peer_address=172.18.0.5:55100 grpc.peer_subject="CN=peer0.org1.example.com,L=San Francisco,ST=California,C=US" grpc.code=OK grpc.call_duration=815.796µs
2026-09-14T17:39:18.173914084Z [34m2026-09-14 17:39:18.173 UTC 0b68 INFO[0m [endorser] [34;1mcallChaincode[0m -> finished chaincode: kvstore duration: 0ms channel=mychannel txID=03710131
2026-09-14T17:39:18.173925275Z [34m2026-09-14 17:39:18.173 UTC 0b69 INFO[0m [endorser] [34;1mcallChaincode[0m -> finished chaincode: kvstore duration: 0ms channel=mychannel txID=70cc2884
2026-09-14T17:39:18.173970511Z [34m2026-09-14 17:39:18.173 UTC 0b6a INFO[0m [comm.grpc.server] [34;1mfunc1[0m -> unary call completed grpc.service=protos.Endorser grpc.method=ProcessProposal grpc.request_deadline=2026-09-14T17:39:48.172Z grpc.peer_address=172.18.0.5:55100 grpc.peer_subject="CN=peer0.org1.example.com,L=San Francisco,ST=California,C=US" grpc.code=OK grpc.call_duration=1.030853ms
2026-09-14T17:39:18.173983425Z [34m2026-09-14 17:39:18.173 UTC 0b6b INFO[0m [comm.grpc.server] [34;1mfunc1[0m -> unary call completed grpc.service=protos.Endorser grpc.method=ProcessProposal grpc.request_deadline=2026-09-14T17:39:48.172Z grpc.peer_address=172.18.0.5:55100 grpc.peer_subject="CN=peer0.org1.example.com,L=San Francisco,ST=California,C=US" grpc.code=OK grpc.call_duration=1.033237ms
2026-09-14T17:39:18.213479190Z [34m2026-09-14 17:39:18.213 UTC 0b6c INFO[0m [endorser] [34;1mcallChaincode[0m -> finished chaincode: kvstore duration: 0ms channel=mychannel txID=368d62bf
2026-09-14T17:39:18.213501602Z [34m2026-09-14 17:39:18.213 UTC 0b6d INFO[0m [endorser] [34;1mcallChaincode[0m -> finished chaincode: kvstore duration: 0ms channel=mychannel txID=f7a9d7f1
2026-09-14T17:39:18.213567998Z [34m2026-09-14 17:39:18.213 UTC 0b6e INFO[0m [comm.grpc.server] [34;1mfunc1[0m -> unary call completed grpc.service=protos.Endorser grpc.method=ProcessProposal grpc.request_deadline=2026-09-14T17:39:48.212Z grpc.peer_address=172.18.0.5:55100 grpc.peer_subject="CN=peer0.org1.example.com,L=San Francisco,ST=California,C=US" grpc.code=OK grpc.call_duration=824.853µs
2026-09-14T17:39:18.213618754Z [34m2026-09-14 17:39:18.213 UTC 0b6f INFO[0m [comm.grpc.server] [34;1mfunc1[0m -> unary call completed grpc.service=protos.Endorser grpc.method=ProcessProposal grpc.request_deadline=2026-09-14T17:39:48.212Z grpc.peer_address=172.18.0.5:55100 grpc.peer_subject="CN=peer0.org1.example.com,L=San Francisco,ST=California,C=US" grpc.code=OK grpc.call_duration=870.029µs
2026-09-14T17:39:18.253707572Z [34m2026-09-14 17:39:18.253 UTC 0b70 INFO[0m [endorser] [34;1mcallChaincode[0m -> finished chaincode: kvstore duration: 0ms channel=mychannel txID=e2b15974
2026-09-14T17:39:18.253735475Z [34m2026-09-14 17:39:18.253 UTC 0b71 INFO[0m [endorser] [34;1mcallChaincode[0m -> finished chaincode: kvstore duration: 0ms channel=mychannel txID=dca638aa
2026-09-14T17:39:18.253772836Z [34m2026-09-14 17:39:18.253 UTC 0b72 INFO[0m [comm.grpc.server] [34;1mfunc1[0m -> unary call completed grpc.service=protos.Endorser grpc.method=ProcessProposal grpc.request_deadline=2026-09-14T17:39:48.252Z grpc.peer_address=172.18.0.5:55100 grpc.peer_subject="CN=peer0.org1.example.com,L=San Francisco,ST=California,C=US" grpc.code=OK grpc.call_duration=905.536µs
2026-09-14T17:39:18.253835955Z [34m2026-09-14 17:39:18.253 UTC 0b73 INFO[0m [comm.grpc.server] [34;1mfunc1[0m -> unary call completed grpc.service=protos.Endorser grpc.method=ProcessProposal grpc.request_deadline=2026-09-14T17:39:48.252Z grpc.peer_address=172.18.0.5:55100 grpc.peer_subject="CN=peer0.org1.example.com,L=San Francisco,ST=California,C=US" grpc.code=OK grpc.call_duration=938.388µs
2026-09-14T17:39:18.293960621Z [34m2026-09-14 17:39:18.293 UTC 0b74 INFO[0m [endorser] [34;1mcallChaincode[0m -> finished chaincode: kvstore duration: 0ms channel=mychannel txID=2bea5d13
2026-09-14T17:39:18.293974668Z [34m2026-09-14 17:39:18.293 UTC 0b75 INFO[0m [endorser] [34;1mcallChaincode[0m -> finished chaincode: kvstore duration: 0ms channel=mychannel txID=1869102a
2026-09-14T17:39:18.294017880Z [34m2026-09-14 17:39:18.293 UTC 0b76 INFO[0m [comm.grpc.server] [34;1mfunc1[0m -> unary call completed grpc.service=protos.Endorser grpc.method=ProcessProposal grpc.request_deadline=2026-09-14T17:39:48.293Z grpc.peer_address=172.18.0.5:55100 grpc.peer_subject="CN=peer0.org1.example.com,L=San Francisco,ST=California,C=US" grpc.code=OK grpc.call_duration=901.298µs
2026-09-14T17:39:18.294026787Z [34m2026-09-14 17:39:18.293 UTC 0b77 INFO[0m [comm.grpc.server] [34;1mfunc1[0m -> unary call completed grpc.service=protos.Endorser grpc.method=ProcessProposal grpc.request_deadline=2026-09-14T17:39:48.293Z grpc.peer_address=172.18.0.5:55100 grpc.peer_subject="CN=peer0.org1.example.com,L=San Francisco,ST=California,C=US" grpc.code=OK grpc.call_duration=866.292µs
2026-09-14T17:39:18.333281284Z [34m2026-09-14 17:39:18.333 UTC 0b78 INFO[0m [endorser] [34;1mcallChaincode[0m -> finished chaincode: kvstore duration: 0ms channel=mychannel txID=d910a0fc
2026-09-14T17:39:18.333294198Z [34m2026-09-14 17:39:18.333 UTC 0b79 INFO[0m [endorser] [34;1mcallChaincode[0m -> finished chaincode: kvstore duration: 0ms channel=mychannel txID=bf1d2aa0
2026-09-14T17:39:18.333337080Z [34m2026-09-14 17:39:18.333 UTC 0b7a INFO[0m [comm.grpc.server] [34;1mfunc1[0m -> unary call completed grpc.service=protos.Endorser grpc.method=ProcessProposal grpc.request_deadline=2026-09-14T17:39:48.332Z grpc.peer_address=172.18.0.5:55100 grpc.peer_subject="CN=peer0.org1.example.com,L=San Francisco,ST=California,C=US" grpc.code=OK grpc.call_duration=784.206µs
2026-09-14T17:39:18.333344093Z [34m2026-09-14 17:39:18.333 UTC 0b7b INFO[0m [comm.grpc.server] [34;1mfunc1[0m -> unary call completed grpc.service=protos.Endorser grpc.method=ProcessProposal grpc.request_deadline=2026-09-14T17:39:48.332Z grpc.peer_address=172.18.0.5:55100 grpc.peer_subject="CN=peer0.org1.example.com,L=San Francisco,ST=California,C=US" grpc.code=OK grpc.call_duration=778.655µs
2026-09-14T17:39:18.373578838Z [34m2026-09-14 17:39:18.373 UTC 0b7c INFO[0m [endorser] [34;1mcallChaincode[0m -> finished chaincode: kvstore duration: 0ms channel=mychannel txID=4f56543e
2026-09-14T17:39:18.373626388Z [34m2026-09-14 17:39:18.373 UTC 0b7d INFO[0m [endorser] [34;1mcallChaincode[0m -> finished chaincode: kvstore duration: 0ms channel=mychannel txID=76a1988d
2026-09-14T17:39:18.373650664Z [34m2026-09-14 17:39:18.373 UTC 0b7e INFO[0m [comm.grpc.server] [34;1mfunc1[0m -> unary call completed grpc.service=protos.Endorser grpc.method=ProcessProposal grpc.request_deadline=2026-09-14T17:39:48.372Z grpc.peer_address=172.18.0.5:55100 grpc.peer_subject="CN=peer0.org1.example.com,L=San Francisco,ST=California,C=US" grpc.code=OK grpc.call_duration=772.844µs
2026-09-14T17:39:18.373691721Z [34m2026-09-14 17:39:18.373 UTC 0b7f INFO[0m [comm.grpc.server] [34;1mfunc1[0m -> unary call completed grpc.service=protos.Endorser grpc.method=ProcessProposal grpc.request_deadline=2026-09-14T17:39:48.372Z grpc.peer_address=172.18.0.5:55100 grpc.peer_subject="CN=peer0.org1.example.com,L=San Francisco,ST=California,C=US" grpc.code=OK grpc.call_duration=819.583µs
2026-09-14T17:39:18.414073184Z [34m2026-09-14 17:39:18.414 UTC 0b80 INFO[0m [endorser] [34;1mcallChaincode[0m -> finished chaincode: kvstore duration: 0ms channel=mychannel txID=9b5c7d92
2026-09-14T17:39:18.414089405Z [34m2026-09-14 17:39:18.414 UTC 0b81 INFO[0m [endorser] [34;1mcallChaincode[0m -> finished chaincode: kvstore duration: 0ms channel=mychannel txID=93c06604
2026-09-14T17:39:18.414128499Z [34m2026-09-14 17:39:18.414 UTC 0b82 INFO[0m [comm.grpc.server] [34;1mfunc1[0m -> unary call completed grpc.service=protos.Endorser grpc.method=ProcessProposal grpc.request_deadline=2026-09-14T17:39:48.413Z grpc.peer_address=172.18.0.5:55100 grpc.peer_subject="CN=peer0.org1.example.com,L=San Francisco,ST=California,C=US" grpc.code=OK grpc.call_duration=903.201µs
2026-09-14T17:39:18.414144188Z [34m2026-09-14 17:39:18.414 UTC 0b83 INFO[0m [comm.grpc.server] [34;1mfunc1[0m -> unary call completed grpc.service=protos.Endorser grpc.method=ProcessProposal grpc.request_deadline=2026-09-14T17:39:48.413Z grpc.peer_address=172.18.0.5:55100 grpc.peer_subject="CN=peer0.org1.example.com,L=San Francisco,ST=California,C=US" grpc.code=OK grpc.call_duration=869.798µs
2026-09-14T17:39:18.453672965Z [34m2026-09-14 17:39:18.453 UTC 0b85 INFO[0m [endorser] [34;1mcallChaincode[0m -> finished chaincode: kvstore duration: 0ms channel=mychannel txID=43bcc172
2026-09-14T17:39:18.453716859Z [34m2026-09-14 17:39:18.453 UTC 0b84 INFO[0m [endorser] [34;1mcallChaincode[0m -> finished chaincode: kvstore duration: 0ms channel=mychannel txID=f7071cfa
2026-09-14T17:39:18.453750472Z [34m2026-09-14 17:39:18.453 UTC 0b86 INFO[0m [comm.grpc.server] [34;1mfunc1[0m -> unary call completed grpc.service=protos.Endorser grpc.method=ProcessProposal grpc.request_deadline=2026-09-14T17:39:48.452Z grpc.peer_address=172.18.0.5:55100 grpc.peer_subject="CN=peer0.org1.example.com,L=San Francisco,ST=California,C=US" grpc.code=OK grpc.call_duration=880.308µs
2026-09-14T17:39:18.453782663Z [34m2026-09-14 17:39:18.453 UTC 0b87 INFO[0m [comm.grpc.server] [34;1mfunc1[0m -> unary call completed grpc.service=protos.Endorser grpc.method=ProcessProposal grpc.request_deadline=2026-09-14T17:39:48.452Z grpc.peer_address=172.18.0.5:55100 grpc.peer_subject="CN=peer0.org1.example.com,L=San Francisco,ST=California,C=US" grpc.code=OK grpc.call_duration=922.708µs
2026-09-14T17:39:18.493629964Z [34m2026-09-14 17:39:18.493 UTC 0b88 INFO[0m [endorser] [34;1mcallChaincode[0m -> finished chaincode: kvstore duration: 0ms channel=mychannel txID=bfcd7025
2026-09-14T17:39:18.493647988Z [34m2026-09-14 17:39:18.493 UTC 0b89 INFO[0m [endorser] [34;1mcallChaincode[0m -> finished chaincode: kvstore duration: 0ms channel=mychannel txID=e0f530fe
2026-09-14T17:39:18.493690488Z [34m2026-09-14 17:39:18.493 UTC 0b8a INFO[0m [comm.grpc.server] [34;1mfunc1[0m -> unary call completed grpc.service=protos.Endorser grpc.method=ProcessProposal grpc.request_deadline=2026-09-14T17:39:48.492Z grpc.peer_address=172.18.0.5:55100 grpc.peer_subject="CN=peer0.org1.example.com,L=San Francisco,ST=California,C=US" grpc.code=OK grpc.call_duration=798.262µs
2026-09-14T17:39:18.493699956Z [34m2026-09-14 17:39:18.493 UTC 0b8b INFO[0m [comm.grpc.server] [34;1mfunc1[0m -> unary call completed grpc.service=protos.Endorser grpc.method=ProcessProposal grpc.request_deadline=2026-09-14T17:39:48.492Z grpc.peer_address=172.18.0.5:55100 grpc.peer_subject="CN=peer0.org1.example.com,L=San Francisco,ST=California,C=US" grpc.code=OK grpc.call_duration=797.421µs
2026-09-14T17:39:18.533108966Z [34m2026-09-14 17:39:18.533 UTC 0b8c INFO[0m [endorser] [34;1mcallChaincode[0m -> finished chaincode: kvstore duration: 0ms channel=mychannel txID=dc311519
2026-09-14T17:39:18.533127191Z [34m2026-09-14 17:39:18.533 UTC 0b8d INFO[0m [endorser] [34;1mcallChaincode[0m -> finished chaincode: kvstore duration: 0ms channel=mychannel txID=a1a62310
2026-09-14T17:39:18.533169962Z [34m2026-09-14 17:39:18.533 UTC 0b8e INFO[0m [comm.grpc.server] [34;1mfunc1[0m -> unary call completed grpc.service=protos.Endorser grpc.method=ProcessProposal grpc.request_deadline=2026-09-14T17:39:48.532Z grpc.peer_address=172.18.0.5:55100 grpc.peer_subject="CN=peer0.org1.example.com,L=San Francisco,ST=California,C=US" grpc.code=OK grpc.call_duration=828.79µs
2026-09-14T17:39:18.533186353Z [34m2026-09-14 17:39:18.533 UTC 0b8f INFO[0m [comm.grpc.server] [34;1mfunc1[0m -> unary call completed grpc.service=protos.Endorser grpc.method=ProcessProposal grpc.request_deadline=2026-09-14T17:39:48.532Z grpc.peer_address=172.18.0.5:55100 grpc.peer_subject="CN=peer0.org1.example.com,L=San Francisco,ST=California,C=US" grpc.code=OK grpc.call_duration=874.277µs
2026-09-14T17:39:18.549819699Z [34m2026-09-14 17:39:18.549 UTC 0b90 INFO[0m [gossip.privdata] [34;1mStoreBlock[0m -> Received block [30] from buffer channel=mychannel
2026-09-14T17:39:18.563612212Z [34m2026-09-14 17:39:18.563 UTC 0b91 INFO[0m [committer.txvalidator] [34;1mValidate[0m -> [mychannel] Validated block [30] in 13ms
2026-09-14T17:39:18.646849045Z [34m2026-09-14 17:39:18.646 UTC 0b92 INFO[0m [kvledger] [34;1mcommit[0m -> [mychannel] Committed block [30] with 52 transaction(s) in 82ms (state_validation=0ms block_and_pvtdata_commit=44ms state_commit=17ms) commitHash=[e57b18ddb6d0a895b234d0c37d7183f8a883c91141ea7c7a473b6364ac2c7a6c]
2026-09-14T17:39:18.660509868Z [34m2026-09-14 17:39:18.660 UTC 0b93 INFO[0m [endorser] [34;1mcallChaincode[0m -> finished chaincode: kvstore duration: 0ms channel=mychannel txID=5127bd05
2026-09-14T17:39:18.660520639Z [34m2026-09-14 17:39:18.660 UTC 0b94 INFO[0m [endorser] [34;1mcallChaincode[0m -> finished chaincode: kvstore duration: 0ms channel=mychannel txID=04a77152
2026-09-14T17:39:18.660564833Z [34m2026-09-14 17:39:18.660 UTC 0b96 INFO[0m [comm.grpc.server] [34;1mfunc1[0m -> unary call completed grpc.service=protos.Endorser grpc.method=ProcessProposal grpc.request_deadline=2026-09-14T17:39:48.659Z grpc.peer_address=172.18.0.5:55100 grpc.peer_subject="CN=peer0.org1.example.com,L=San Francisco,ST=California,C=US" grpc.code=OK grpc.call_duration=1.348786ms
2026-09-14T17:39:18.660585351Z [34m2026-09-14 17:39:18.660 UTC 0b97 INFO[0m [endorser] [34;1mcallChaincode[0m -> finished chaincode: kvstore duration: 0ms channel=mychannel txID=744e1250
2026-09-14T17:39:18.660611271Z [34m2026-09-14 17:39:18.660 UTC 0b98 INFO[0m [endorser] [34;1mcallChaincode[0m -> finished chaincode: kvstore duration: 0ms channel=mychannel txID=8f2a78cd
2026-09-14T17:39:18.660629325Z [34m2026-09-14 17:39:18.660 UTC 0b99 INFO[0m [comm.grpc.server] [34;1mfunc1[0m -> unary call completed grpc.service=protos.Endorser grpc.method=ProcessProposal grpc.request_deadline=2026-09-14T17:39:48.659Z grpc.peer_address=172.18.0.5:55100 grpc.peer_subject="CN=peer0.org1.example.com,L=San Francisco,ST=California,C=US" grpc.code=OK grpc.call_duration=569.469µs
2026-09-14T17:39:18.660666115Z [34m2026-09-14 17:39:18.660 UTC 0b9a INFO[0m [comm.grpc.server] [34;1mfunc1[0m -> unary call completed grpc.service=protos.Endorser grpc.method=ProcessProposal grpc.request_deadline=2026-09-14T17:39:48.659Z grpc.peer_address=172.18.0.5:55100 grpc.peer_subject="CN=peer0.org1.example.com,L=San Francisco,ST=California,C=US" grpc.code=OK grpc.call_duration=878.935µs
2026-09-14T17:39:18.660690080Z [34m2026-09-14 17:39:18.660 UTC 0b95 INFO[0m [comm.grpc.server] [34;1mfunc1[0m -> unary call completed grpc.service=protos.Endorser grpc.method=ProcessProposal grpc.request_deadline=2026-09-14T17:39:48.659Z grpc.peer_address=172.18.0.5:55100 grpc.peer_subject="CN=peer0.org1.example.com,L=San Francisco,ST=California,C=US" grpc.code=OK grpc.call_duration=1.376749ms
2026-09-14T17:39:18.660699428Z [34m2026-09-14 17:39:18.660 UTC 0b9b INFO[0m [endorser] [34;1mcallChaincode[0m -> finished chaincode: kvstore duration: 0ms channel=mychannel txID=0ef17fcd
2026-09-14T17:39:18.660726178Z [34m2026-09-14 17:39:18.660 UTC 0b9c INFO[0m [endorser] [34;1mcallChaincode[0m -> finished chaincode: kvstore duration: 0ms channel=mychannel txID=c44dbeba
2026-09-14T17:39:18.660750645Z [34m2026-09-14 17:39:18.660 UTC 0b9d INFO[0m [comm.grpc.server] [34;1mfunc1[0m -> unary call completed grpc.service=protos.Endorser grpc.method=ProcessProposal grpc.request_deadline=2026-09-14T17:39:48.659Z grpc.peer_address=172.18.0.5:55100 grpc.peer_subject="CN=peer0.org1.example.com,L=San Francisco,ST=California,C=US" grpc.code=OK grpc.call_duration=970.649µs
2026-09-14T17:39:18.660797463Z [34m2026-09-14 17:39:18.660 UTC 0b9e INFO[0m [comm.grpc.server] [34;1mfunc1[0m -> unary call completed grpc.service=protos.Endorser grpc.method=ProcessProposal grpc.request_deadline=2026-09-14T17:39:48.659Z grpc.peer_address=172.18.0.5:55100 grpc.peer_subject="CN=peer0.org1.example.com,L=San Francisco,ST=California,C=US" grpc.code=OK grpc.call_duration=676.222µs
2026-09-14T17:39:18.693568286Z [34m2026-09-14 17:39:18.693 UTC 0b9f INFO[0m [endorser] [34;1mcallChaincode[0m -> finished chaincode: kvstore duration: 0ms channel=mychannel txID=e8a72f77
2026-09-14T17:39:18.693603062Z [34m2026-09-14 17:39:18.693 UTC 0ba0 INFO[0m [endorser] [34;1mcallChaincode[0m -> finished chaincode: kvstore duration: 0ms channel=mychannel txID=419fc83c
2026-09-14T17:39:18.693621206Z [34m2026-09-14 17:39:18.693 UTC 0ba1 INFO[0m [comm.grpc.server] [34;1mfunc1[0m -> unary call completed grpc.service=protos.Endorser grpc.method=ProcessProposal grpc.request_deadline=2026-09-14T17:39:48.692Z grpc.peer_address=172.18.0.5:55100 grpc.peer_subject="CN=peer0.org1.example.com,L=San Francisco,ST=California,C=US" grpc.code=OK grpc.call_duration=757.746µs
2026-09-14T17:39:18.693673265Z [34m2026-09-14 17:39:18.693 UTC 0ba2 INFO[0m [comm.grpc.server] [34;1mfunc1[0m -> unary call completed grpc.service=protos.Endorser grpc.method=ProcessProposal grpc.request_deadline=2026-09-14T17:39:48.692Z grpc.peer_address=172.18.0.5:55100 grpc.peer_subject="CN=peer0.org1.example.com,L=San Francisco,ST=California,C=US" grpc.code=OK grpc.call_duration=785.839µs
2026-09-14T17:39:18.733739540Z [34m2026-09-14 17:39:18.733 UTC 0ba3 INFO[0m [endorser] [34;1mcallChaincode[0m -> finished chaincode: kvstore duration: 0ms channel=mychannel txID=f61841ef
2026-09-14T17:39:18.733753857Z [34m2026-09-14 17:39:18.733 UTC 0ba4 INFO[0m [endorser] [34;1mcallChaincode[0m -> finished chaincode: kvstore duration: 0ms channel=mychannel txID=25c6a3a2
2026-09-14T17:39:18.733813410Z [34m2026-09-14 17:39:18.733 UTC 0ba5 INFO[0m [comm.grpc.server] [34;1mfunc1[0m -> unary call completed grpc.service=protos.Endorser grpc.method=ProcessProposal grpc.request_deadline=2026-09-14T17:39:48.732Z grpc.peer_address=172.18.0.5:55100 grpc.peer_subject="CN=peer0.org1.example.com,L=San Francisco,ST=California,C=US" grpc.code=OK grpc.call_duration=813.761µs
2026-09-14T17:39:18.733822207Z [34m2026-09-14 17:39:18.733 UTC 0ba6 INFO[0m [comm.grpc.server] [34;1mfunc1[0m -> unary call completed grpc.service=protos.Endorser grpc.method=ProcessProposal grpc.request_deadline=2026-09-14T17:39:48.732Z grpc.peer_address=172.18.0.5:55100 grpc.peer_subject="CN=peer0.org1.example.com,L=San Francisco,ST=California,C=US" grpc.code=OK grpc.call_duration=755.522µs
2026-09-14T17:39:18.773232138Z [34m2026-09-14 17:39:18.773 UTC 0ba7 INFO[0m [endorser] [34;1mcallChaincode[0m -> finished chaincode: kvstore duration: 0ms channel=mychannel txID=c1392f18
2026-09-14T17:39:18.773244392Z [34m2026-09-14 17:39:18.773 UTC 0ba8 INFO[0m [endorser] [34;1mcallChaincode[0m -> finished chaincode: kvstore duration: 0ms channel=mychannel txID=f109e038
2026-09-14T17:39:18.773291872Z [34m2026-09-14 17:39:18.773 UTC 0ba9 INFO[0m [comm.grpc.server] [34;1mfunc1[0m -> unary call completed grpc.service=protos.Endorser grpc.method=ProcessProposal grpc.request_deadline=2026-09-14T17:39:48.772Z grpc.peer_address=172.18.0.5:55100 grpc.peer_subject="CN=peer0.org1.example.com,L=San Francisco,ST=California,C=US" grpc.code=OK grpc.call_duration=793.133µs
2026-09-14T17:39:18.773309695Z [34m2026-09-14 17:39:18.773 UTC 0baa INFO[0m [comm.grpc.server] [34;1mfunc1[0m -> unary call completed grpc.service=protos.Endorser grpc.method=ProcessProposal grpc.request_deadline=2026-09-14T17:39:48.772Z grpc.peer_address=172.18.0.5:55100 grpc.peer_subject="CN=peer0.org1.example.com,L=San Francisco,ST=California,C=US" grpc.code=OK grpc.call_duration=816.487µs
2026-09-14T17:39:18.812778969Z [34m2026-09-14 17:39:18.812 UTC 0bab INFO[0m [endorser] [34;1mcallChaincode[0m -> finished chaincode: kvstore duration: 0ms channel=mychannel txID=9e65806d
2026-09-14T17:39:18.812798897Z [34m2026-09-14 17:39:18.812 UTC 0bac INFO[0m [endorser] [34;1mcallChaincode[0m -> finished chaincode: kvstore duration: 0ms channel=mychannel txID=4a0710cf
2026-09-14T17:39:18.812847589Z [34m2026-09-14 17:39:18.812 UTC 0bad INFO[0m [comm.grpc.server] [34;1mfunc1[0m -> unary call completed grpc.service=protos.Endorser grpc.method=ProcessProposal grpc.request_deadline=2026-09-14T17:39:48.811Z grpc.peer_address=172.18.0.5:55100 grpc.peer_subject="CN=peer0.org1.example.com,L=San Francisco,ST=California,C=US" grpc.code=OK grpc.call_duration=755.301µs
2026-09-14T17:39:18.812862217Z [34m2026-09-14 17:39:18.812 UTC 0bae INFO[0m [comm.grpc.server] [34;1mfunc1[0m -> unary call completed grpc.service=protos.Endorser grpc.method=ProcessProposal grpc.request_deadline=2026-09-14T17:39:48.812Z grpc.peer_address=172.18.0.5:55100 grpc.peer_subject="CN=peer0.org1.example.com,L=San Francisco,ST=California,C=US" grpc.code=OK grpc.call_duration=757.345µs
2026-09-14T17:39:18.853130405Z [34m2026-09-14 17:39:18.853 UTC 0baf INFO[0m [endorser] [34;1mcallChaincode[0m -> finished chaincode: kvstore duration: 0ms channel=mychannel txID=194a7d4c
2026-09-14T17:39:18.853171353Z [34m2026-09-14 17:39:18.853 UTC 0bb0 INFO[0m [endorser] [34;1mcallChaincode[0m -> finished chaincode: kvstore duration: 0ms channel=mychannel txID=48df0566
2026-09-14T17:39:18.853191631Z [34m2026-09-14 17:39:18.853 UTC 0bb1 INFO[0m [comm.grpc.server] [34;1mfunc1[0m -> unary call completed grpc.service=protos.Endorser grpc.method=ProcessProposal grpc.request_deadline=2026-09-14T17:39:48.852Z grpc.peer_address=172.18.0.5:55100 grpc.peer_subject="CN=peer0.org1.example.com,L=San Francisco,ST=California,C=US" grpc.code=OK grpc.call_duration=920.654µs
2026-09-14T17:39:18.853243850Z [34m2026-09-14 17:39:18.853 UTC 0bb2 INFO[0m [comm.grpc.server] [34;1mfunc1[0m -> unary call completed grpc.service=protos.Endorser grpc.method=ProcessProposal grpc.request_deadline=2026-09-14T17:39:48.852Z grpc.peer_address=172.18.0.5:55100 grpc.peer_subject="CN=peer0.org1.example.com,L=San Francisco,ST=California,C=US" grpc.code=OK grpc.call_duration=964.287µs
2026-09-14T17:39:18.893244752Z [34m2026-09-14 17:39:18.893 UTC 0bb3 INFO[0m [endorser] [34;1mcallChaincode[0m -> finished chaincode: kvstore duration: 0ms channel=mychannel txID=72e2cd53
2026-09-14T17:39:18.893257275Z [34m2026-09-14 17:39:18.893 UTC 0bb4 INFO[0m [endorser] [34;1mcallChaincode[0m -> finished chaincode: kvstore duration: 0ms channel=mychannel txID=177d85cf
2026-09-14T17:39:18.893305467Z [34m2026-09-14 17:39:18.893 UTC 0bb5 INFO[0m [comm.grpc.server] [34;1mfunc1[0m -> unary call completed grpc.service=protos.Endorser grpc.method=ProcessProposal grpc.request_deadline=2026-09-14T17:39:48.892Z grpc.peer_address=172.18.0.5:55100 grpc.peer_subject="CN=peer0.org1.example.com,L=San Francisco,ST=California,C=US" grpc.code=OK grpc.call_duration=776.471µs
2026-09-14T17:39:18.893312420Z [34m2026-09-14 17:39:18.893 UTC 0bb6 INFO[0m [comm.grpc.server] [34;1mfunc1[0m -> unary call completed grpc.service=protos.Endorser grpc.method=ProcessProposal grpc.request_deadline=2026-09-14T17:39:48.892Z grpc.peer_address=172.18.0.5:55100 grpc.peer_subject="CN=peer0.org1.example.com,L=San Francisco,ST=California,C=US" grpc.code=OK grpc.call_duration=778.686µs
2026-09-14T17:39:18.933142277Z [34m2026-09-14 17:39:18.933 UTC 0bb7 INFO[0m [endorser] [34;1mcallChaincode[0m -> finished chaincode: kvstore duration: 0ms channel=mychannel txID=e21bda54
2026-09-14T17:39:18.933176352Z [34m2026-09-14 17:39:18.933 UTC 0bb8 INFO[0m [endorser] [34;1mcallChaincode[0m -> finished chaincode: kvstore duration: 0ms channel=mychannel txID=afef0230
2026-09-14T17:39:18.933199656Z [34m2026-09-14 17:39:18.933 UTC 0bb9 INFO[0m [comm.grpc.server] [34;1mfunc1[0m -> unary call completed grpc.service=protos.Endorser grpc.method=ProcessProposal grpc.request_deadline=2026-09-14T17:39:48.932Z grpc.peer_address=172.18.0.5:55100 grpc.peer_subject="CN=peer0.org1.example.com,L=San Francisco,ST=California,C=US" grpc.code=OK grpc.call_duration=836.054µs
2026-09-14T17:39:18.933234021Z [34m2026-09-14 17:39:18.933 UTC 0bba INFO[0m [comm.grpc.server] [34;1mfunc1[0m -> unary call completed grpc.service=protos.Endorser grpc.method=ProcessProposal grpc.request_deadline=2026-09-14T17:39:48.932Z grpc.peer_address=172.18.0.5:55100 grpc.peer_subject="CN=peer0.org1.example.com,L=San Francisco,ST=California,C=US" grpc.code=OK grpc.call_duration=855.341µs
2026-09-14T17:39:18.973019645Z [34m2026-09-14 17:39:18.972 UTC 0bbb INFO[0m [endorser] [34;1mcallChaincode[0m -> finished chaincode: kvstore duration: 0ms channel=mychannel txID=d6d833d3
2026-09-14T17:39:18.973073186Z [34m2026-09-14 17:39:18.973 UTC 0bbc INFO[0m [endorser] [34;1mcallChaincode[0m -> finished chaincode: kvstore duration: 0ms channel=mychannel txID=7d5d25f0
2026-09-14T17:39:18.973098033Z [34m2026-09-14 17:39:18.973 UTC 0bbd INFO[0m [comm.grpc.server] [34;1mfunc1[0m -> unary call completed grpc.service=protos.Endorser grpc.method=ProcessProposal grpc.request_deadline=2026-09-14T17:39:48.972Z grpc.peer_address=172.18.0.5:55100 grpc.peer_subject="CN=peer0.org1.example.com,L=San Francisco,ST=California,C=US" grpc.code=OK grpc.call_duration=819.994µs
2026-09-14T17:39:18.973167545Z [34m2026-09-14 17:39:18.973 UTC 0bbe INFO[0m [comm.grpc.server] [34;1mfunc1[0m -> unary call completed grpc.service=protos.Endorser grpc.method=ProcessProposal grpc.request_deadline=2026-09-14T17:39:48.972Z grpc.peer_address=172.18.0.5:55100 grpc.peer_subject="CN=peer0.org1.example.com,L=San Francisco,ST=California,C=US" grpc.code=OK grpc.call_duration=860.922µs
2026-09-14T17:39:19.013172604Z [34m2026-09-14 17:39:19.013 UTC 0bbf INFO[0m [endorser] [34;1mcallChaincode[0m -> finished chaincode: kvstore duration: 0ms channel=mychannel txID=565f212d
2026-09-14T17:39:19.013183976Z [34m2026-09-14 17:39:19.013 UTC 0bc0 INFO[0m [endorser] [34;1mcallChaincode[0m -> finished chaincode: kvstore duration: 0ms channel=mychannel txID=ad7464b0
2026-09-14T17:39:19.013237086Z [34m2026-09-14 17:39:19.013 UTC 0bc1 INFO[0m [comm.grpc.server] [34;1mfunc1[0m -> unary call completed grpc.service=protos.Endorser grpc.method=ProcessProposal grpc.request_deadline=2026-09-14T17:39:49.012Z grpc.peer_address=172.18.0.5:55100 grpc.peer_subject="CN=peer0.org1.example.com,L=San Francisco,ST=California,C=US" grpc.code=OK grpc.call_duration=836.275µs
2026-09-14T17:39:19.013255601Z [34m2026-09-14 17:39:19.013 UTC 0bc2 INFO[0m [comm.grpc.server] [34;1mfunc1[0m -> unary call completed grpc.service=protos.Endorser grpc.method=ProcessProposal grpc.request_deadline=2026-09-14T17:39:49.012Z grpc.peer_address=172.18.0.5:55100 grpc.peer_subject="CN=peer0.org1.example.com,L=San Francisco,ST=California,C=US" grpc.code=OK grpc.call_duration=851.533µs
2026-09-14T17:39:19.053868723Z [34m2026-09-14 17:39:19.053 UTC 0bc3 INFO[0m [endorser] [34;1mcallChaincode[0m -> finished chaincode: kvstore duration: 0ms channel=mychannel txID=04814d50
2026-09-14T17:39:19.053883191Z [34m2026-09-14 17:39:19.053 UTC 0bc4 INFO[0m [endorser] [34;1mcallChaincode[0m -> finished chaincode: kvstore duration: 0ms channel=mychannel txID=a0e9f0e3
2026-09-14T17:39:19.053926132Z [34m2026-09-14 17:39:19.053 UTC 0bc5 INFO[0m [comm.grpc.server] [34;1mfunc1[0m -> unary call completed grpc.service=protos.Endorser grpc.method=ProcessProposal grpc.request_deadline=2026-09-14T17:39:49.052Z grpc.peer_address=172.18.0.5:55100 grpc.peer_subject="CN=peer0.org1.example.com,L=San Francisco,ST=California,C=US" grpc.code=OK grpc.call_duration=864.177µs
2026-09-14T17:39:19.053934989Z [34m2026-09-14 17:39:19.053 UTC 0bc6 INFO[0m [comm.grpc.server] [34;1mfunc1[0m -> unary call completed grpc.service=protos.Endorser grpc.method=ProcessProposal grpc.request_deadline=2026-09-14T17:39:49.052Z grpc.peer_address=172.18.0.5:55100 grpc.peer_subject="CN=peer0.org1.example.com,L=San Francisco,ST=California,C=US" grpc.code=OK grpc.call_duration=869.928µs
2026-09-14T17:39:19.093785776Z [34m2026-09-14 17:39:19.093 UTC 0bc7 INFO[0m [endorser] [34;1mcallChaincode[0m -> finished chaincode: kvstore duration: 0ms channel=mychannel txID=680bb8a5
2026-09-14T17:39:19.093799672Z [34m2026-09-14 17:39:19.093 UTC 0bc8 INFO[0m [endorser] [34;1mcallChaincode[0m -> finished chaincode: kvstore duration: 0ms channel=mychannel txID=04fc99fa
2026-09-14T17:39:19.093850539Z [34m2026-09-14 17:39:19.093 UTC 0bc9 INFO[0m [comm.grpc.server] [34;1mfunc1[0m -> unary call completed grpc.service=protos.Endorser grpc.method=ProcessProposal grpc.request_deadline=2026-09-14T17:39:49.092Z grpc.peer_address=172.18.0.5:55100 grpc.peer_subject="CN=peer0.org1.example.com,L=San Francisco,ST=California,C=US" grpc.code=OK grpc.call_duration=831.665µs
2026-09-14T17:39:19.093863693Z [34m2026-09-14 17:39:19.093 UTC 0bca INFO[0m [comm.grpc.server] [34;1mfunc1[0m -> unary call completed grpc.service=protos.Endorser grpc.method=ProcessProposal grpc.request_deadline=2026-09-14T17:39:49.092Z grpc.peer_address=172.18.0.5:55100 grpc.peer_subject="CN=peer0.org1.example.com,L=San Francisco,ST=California,C=US" grpc.code=OK grpc.call_duration=856.122µs
2026-09-14T17:39:19.139022918Z [34m2026-09-14 17:39:19.137 UTC 0bcb INFO[0m [endorser] [34;1mcallChaincode[0m -> finished chaincode: kvstore duration: 1ms channel=mychannel txID=8effade2
2026-09-14T17:39:19.139038919Z [34m2026-09-14 17:39:19.137 UTC 0bcc INFO[0m [endorser] [34;1mcallChaincode[0m -> finished chaincode: kvstore duration: 1ms channel=mychannel txID=07f0c815
2026-09-14T17:39:19.139085717Z [34m2026-09-14 17:39:19.139 UTC 0bcd INFO[0m [comm.grpc.server] [34;1mfunc1[0m -> unary call completed grpc.service=protos.Endorser grpc.method=ProcessProposal grpc.request_deadline=2026-09-14T17:39:49.134Z grpc.peer_address=172.18.0.5:55100 grpc.peer_subject="CN=peer0.org1.example.com,L=San Francisco,ST=California,C=US" grpc.code=OK grpc.call_duration=4.236778ms
2026-09-14T17:39:19.139102339Z [34m2026-09-14 17:39:19.139 UTC 0bce INFO[0m [comm.grpc.server] [34;1mfunc1[0m -> unary call completed grpc.service=protos.Endorser grpc.method=ProcessProposal grpc.request_deadline=2026-09-14T17:39:49.134Z grpc.peer_address=172.18.0.5:55100 grpc.peer_subject="CN=peer0.org1.example.com,L=San Francisco,ST=California,C=US" grpc.code=OK grpc.call_duration=4.237689ms
2026-09-14T17:39:19.173396548Z [34m2026-09-14 17:39:19.173 UTC 0bcf INFO[0m [endorser] [34;1mcallChaincode[0m -> finished chaincode: kvstore duration: 0ms channel=mychannel txID=b9a2bb98
2026-09-14T17:39:19.173408471Z [34m2026-09-14 17:39:19.173 UTC 0bd0 INFO[0m [endorser] [34;1mcallChaincode[0m -> finished chaincode: kvstore duration: 0ms channel=mychannel txID=bae5390a
2026-09-14T17:39:19.173463845Z [34m2026-09-14 17:39:19.173 UTC 0bd1 INFO[0m [comm.grpc.server] [34;1mfunc1[0m -> unary call completed grpc.service=protos.Endorser grpc.method=ProcessProposal grpc.request_deadline=2026-09-14T17:39:49.172Z grpc.peer_address=172.18.0.5:55100 grpc.peer_subject="CN=peer0.org1.example.com,L=San Francisco,ST=California,C=US" grpc.code=OK grpc.call_duration=809.003µs
2026-09-14T17:39:19.173508700Z [34m2026-09-14 17:39:19.173 UTC 0bd2 INFO[0m [comm.grpc.server] [34;1mfunc1[0m -> unary call completed grpc.service=protos.Endorser grpc.method=ProcessProposal grpc.request_deadline=2026-09-14T17:39:49.172Z grpc.peer_address=172.18.0.5:55100 grpc.peer_subject="CN=peer0.org1.example.com,L=San Francisco,ST=California,C=US" grpc.code=OK grpc.call_duration=867.905µs
2026-09-14T17:39:19.214223855Z [34m2026-09-14 17:39:19.214 UTC 0bd3 INFO[0m [endorser] [34;1mcallChaincode[0m -> finished chaincode: kvstore duration: 0ms channel=mychannel txID=76f056ad
2026-09-14T17:39:19.214279240Z [34m2026-09-14 17:39:19.214 UTC 0bd4 INFO[0m [endorser] [34;1mcallChaincode[0m -> finished chaincode: kvstore duration: 0ms channel=mychannel txID=4e4b78a8
2026-09-14T17:39:19.214292776Z [34m2026-09-14 17:39:19.214 UTC 0bd5 INFO[0m [comm.grpc.server] [34;1mfunc1[0m -> unary call completed grpc.service=protos.Endorser grpc.method=ProcessProposal grpc.request_deadline=2026-09-14T17:39:49.213Z grpc.peer_address=172.18.0.5:55100 grpc.peer_subject="CN=peer0.org1.example.com,L=San Francisco,ST=California,C=US" grpc.code=OK grpc.call_duration=913.441µs
2026-09-14T17:39:19.214386914Z [34m2026-09-14 17:39:19.214 UTC 0bd6 INFO[0m [comm.grpc.server] [34;1mfunc1[0m -> unary call completed grpc.service=protos.Endorser grpc.method=ProcessProposal grpc.request_deadline=2026-09-14T17:39:49.213Z grpc.peer_address=172.18.0.5:55100 grpc.peer_subject="CN=peer0.org1.example.com,L=San Francisco,ST=California,C=US" grpc.code=OK grpc.call_duration=999.604µs
2026-09-14T17:39:19.253445260Z [34m2026-09-14 17:39:19.253 UTC 0bd7 INFO[0m [endorser] [34;1mcallChaincode[0m -> finished chaincode: kvstore duration: 0ms channel=mychannel txID=dbc3ce49
2026-09-14T17:39:19.253457323Z [34m2026-09-14 17:39:19.253 UTC 0bd8 INFO[0m [endorser] [34;1mcallChaincode[0m -> finished chaincode: kvstore duration: 0ms channel=mychannel txID=d25d3e61
2026-09-14T17:39:19.253504262Z [34m2026-09-14 17:39:19.253 UTC 0bd9 INFO[0m [comm.grpc.server] [34;1mfunc1[0m -> unary call completed grpc.service=protos.Endorser grpc.method=ProcessProposal grpc.request_deadline=2026-09-14T17:39:49.252Z grpc.peer_address=172.18.0.5:55100 grpc.peer_subject="CN=peer0.org1.example.com,L=San Francisco,ST=California,C=US" grpc.code=OK grpc.call_duration=993.843µs
2026-09-14T17:39:19.253516575Z [34m2026-09-14 17:39:19.253 UTC 0bda INFO[0m [comm.grpc.server] [34;1mfunc1[0m -> unary call completed grpc.service=protos.Endorser grpc.method=ProcessProposal grpc.request_deadline=2026-09-14T17:39:49.252Z grpc.peer_address=172.18.0.5:55100 grpc.peer_subject="CN=peer0.org1.example.com,L=San Francisco,ST=California,C=US" grpc.code=OK grpc.call_duration=993.823µs
2026-09-14T17:39:19.293553505Z [34m2026-09-14 17:39:19.293 UTC 0bdb INFO[0m [endorser] [34;1mcallChaincode[0m -> finished chaincode: kvstore duration: 0ms channel=mychannel txID=b465c578
2026-09-14T17:39:19.293581117Z [34m2026-09-14 17:39:19.293 UTC 0bdc INFO[0m [endorser] [34;1mcallChaincode[0m -> finished chaincode: kvstore duration: 0ms channel=mychannel txID=54c3165a
2026-09-14T17:39:19.293622977Z [34m2026-09-14 17:39:19.293 UTC 0bdd INFO[0m [comm.grpc.server] [34;1mfunc1[0m -> unary call completed grpc.service=protos.Endorser grpc.method=ProcessProposal grpc.request_deadline=2026-09-14T17:39:49.292Z grpc.peer_address=172.18.0.5:55100 grpc.peer_subject="CN=peer0.org1.example.com,L=San Francisco,ST=California,C=US" grpc.code=OK grpc.call_duration=803.162µs
2026-09-14T17:39:19.293638807Z [34m2026-09-14 17:39:19.293 UTC 0bde INFO[0m [comm.grpc.server] [34;1mfunc1[0m -> unary call completed grpc.service=protos.Endorser grpc.method=ProcessProposal grpc.request_deadline=2026-09-14T17:39:49.292Z grpc.peer_address=172.18.0.5:55100 grpc.peer_subject="CN=peer0.org1.example.com,L=San Francisco,ST=California,C=US" grpc.code=OK grpc.call_duration=795.597µs
2026-09-14T17:39:19.333501607Z [34m2026-09-14 17:39:19.333 UTC 0bdf INFO[0m [endorser] [34;1mcallChaincode[0m -> finished chaincode: kvstore duration: 0ms channel=mychannel txID=8fd83b2c
2026-09-14T17:39:19.333551732Z [34m2026-09-14 17:39:19.333 UTC 0be0 INFO[0m [comm.grpc.server] [34;1mfunc1[0m -> unary call completed grpc.service=protos.Endorser grpc.method=ProcessProposal grpc.request_deadline=2026-09-14T17:39:49.332Z grpc.peer_address=172.18.0.5:55100 grpc.peer_subject="CN=peer0.org1.example.com,L=San Francisco,ST=California,C=US" grpc.code=OK grpc.call_duration=737.507µs
2026-09-14T17:39:19.333589724Z [34m2026-09-14 17:39:19.333 UTC 0be1 INFO[0m [endorser] [34;1mcallChaincode[0m -> finished chaincode: kvstore duration: 0ms channel=mychannel txID=a4593577
2026-09-14T17:39:19.333703580Z [34m2026-09-14 17:39:19.333 UTC 0be2 INFO[0m [comm.grpc.server] [34;1mfunc1[0m -> unary call completed grpc.service=protos.Endorser grpc.method=ProcessProposal grpc.request_deadline=2026-09-14T17:39:49.332Z grpc.peer_address=172.18.0.5:55100 grpc.peer_subject="CN=peer0.org1.example.com,L=San Francisco,ST=California,C=US" grpc.code=OK grpc.call_duration=882.201µs
2026-09-14T17:39:19.373863673Z [34m2026-09-14 17:39:19.373 UTC 0be3 INFO[0m [endorser] [34;1mcallChaincode[0m -> finished chaincode: kvstore duration: 0ms channel=mychannel txID=ba70ad63
2026-09-14T17:39:19.373880515Z [34m2026-09-14 17:39:19.373 UTC 0be4 INFO[0m [endorser] [34;1mcallChaincode[0m -> finished chaincode: kvstore duration: 0ms channel=mychannel txID=ce6a5cd4
2026-09-14T17:39:19.373914008Z [34m2026-09-14 17:39:19.373 UTC 0be5 INFO[0m [comm.grpc.server] [34;1mfunc1[0m -> unary call completed grpc.service=protos.Endorser grpc.method=ProcessProposal grpc.request_deadline=2026-09-14T17:39:49.373Z grpc.peer_address=172.18.0.5:55100 grpc.peer_subject="CN=peer0.org1.example.com,L=San Francisco,ST=California,C=US" grpc.code=OK grpc.call_duration=772.734µs
2026-09-14T17:39:19.373921282Z [34m2026-09-14 17:39:19.373 UTC 0be6 INFO[0m [comm.grpc.server] [34;1mfunc1[0m -> unary call completed grpc.service=protos.Endorser grpc.method=ProcessProposal grpc.request_deadline=2026-09-14T17:39:49.373Z grpc.peer_address=172.18.0.5:55100 grpc.peer_subject="CN=peer0.org1.example.com,L=San Francisco,ST=California,C=US" grpc.code=OK grpc.call_duration=781.03µs
2026-09-14T17:39:19.414381094Z [34m2026-09-14 17:39:19.414 UTC 0be7 INFO[0m [endorser] [34;1mcallChaincode[0m -> finished chaincode: kvstore duration: 0ms channel=mychannel txID=12fb33fe
2026-09-14T17:39:19.414397896Z [34m2026-09-14 17:39:19.414 UTC 0be8 INFO[0m [endorser] [34;1mcallChaincode[0m -> finished chaincode: kvstore duration: 0ms channel=mychannel txID=420af4d7
2026-09-14T17:39:19.414432862Z [34m2026-09-14 17:39:19.414 UTC 0be9 INFO[0m [comm.grpc.server] [34;1mfunc1[0m -> unary call completed grpc.service=protos.Endorser grpc.method=ProcessProposal grpc.request_deadline=2026-09-14T17:39:49.413Z grpc.peer_address=172.18.0.5:55100 grpc.peer_subject="CN=peer0.org1.example.com,L=San Francisco,ST=California,C=US" grpc.code=OK grpc.call_duration=902.48µs
2026-09-14T17:39:19.414460825Z [34m2026-09-14 17:39:19.414 UTC 0bea INFO[0m [comm.grpc.server] [34;1mfunc1[0m -> unary call completed grpc.service=protos.Endorser grpc.method=ProcessProposal grpc.request_deadline=2026-09-14T17:39:49.413Z grpc.peer_address=172.18.0.5:55100 grpc.peer_subject="CN=peer0.org1.example.com,L=San Francisco,ST=California,C=US" grpc.code=OK grpc.call_duration=928.118µs
2026-09-14T17:39:19.453506616Z [34m2026-09-14 17:39:19.453 UTC 0beb INFO[0m [endorser] [34;1mcallChaincode[0m -> finished chaincode: kvstore duration: 0ms channel=mychannel txID=f899883e
2026-09-14T17:39:19.453520212Z [34m2026-09-14 17:39:19.453 UTC 0bec INFO[0m [endorser] [34;1mcallChaincode[0m -> finished chaincode: kvstore duration: 0ms channel=mychannel txID=951f44af
2026-09-14T17:39:19.453561120Z [34m2026-09-14 17:39:19.453 UTC 0bed INFO[0m [comm.grpc.server] [34;1mfunc1[0m -> unary call completed grpc.service=protos.Endorser grpc.method=ProcessProposal grpc.request_deadline=2026-09-14T17:39:49.452Z grpc.peer_address=172.18.0.5:55100 grpc.peer_subject="CN=peer0.org1.example.com,L=San Francisco,ST=California,C=US" grpc.code=OK grpc.call_duration=756.453µs
2026-09-14T17:39:19.453566851Z [34m2026-09-14 17:39:19.453 UTC 0bee INFO[0m [comm.grpc.server] [34;1mfunc1[0m -> unary call completed grpc.service=protos.Endorser grpc.method=ProcessProposal grpc.request_deadline=2026-09-14T17:39:49.452Z grpc.peer_address=172.18.0.5:55100 grpc.peer_subject="CN=peer0.org1.example.com,L=San Francisco,ST=California,C=US" grpc.code=OK grpc.call_duration=755.933µs
2026-09-14T17:39:19.493477361Z [34m2026-09-14 17:39:19.493 UTC 0bef INFO[0m [endorser] [34;1mcallChaincode[0m -> finished chaincode: kvstore duration: 0ms channel=mychannel txID=c78711d5
2026-09-14T17:39:19.493504562Z [34m2026-09-14 17:39:19.493 UTC 0bf0 INFO[0m [endorser] [34;1mcallChaincode[0m -> finished chaincode: kvstore duration: 0ms channel=mychannel txID=b27bfecf
2026-09-14T17:39:19.493532365Z [34m2026-09-14 17:39:19.493 UTC 0bf2 INFO[0m [comm.grpc.server] [34;1mfunc1[0m -> unary call completed grpc.service=protos.Endorser grpc.method=ProcessProposal grpc.request_deadline=2026-09-14T17:39:49.492Z grpc.peer_address=172.18.0.5:55100 grpc.peer_subject="CN=peer0.org1.example.com,L=San Francisco,ST=California,C=US" grpc.code=OK grpc.call_duration=1.117548ms
2026-09-14T17:39:19.493540881Z [34m2026-09-14 17:39:19.493 UTC 0bf1 INFO[0m [comm.grpc.server] [34;1mfunc1[0m -> unary call completed grpc.service=protos.Endorser grpc.method=ProcessProposal grpc.request_deadline=2026-09-14T17:39:49.492Z grpc.peer_address=172.18.0.5:55100 grpc.peer_subject="CN=peer0.org1.example.com,L=San Francisco,ST=California,C=US" grpc.code=OK grpc.call_duration=1.143277ms
2026-09-14T17:39:19.533461110Z [34m2026-09-14 17:39:19.533 UTC 0bf3 INFO[0m [endorser] [34;1mcallChaincode[0m -> finished chaincode: kvstore duration: 0ms channel=mychannel txID=7a59dc8b
2026-09-14T17:39:19.533477982Z [34m2026-09-14 17:39:19.533 UTC 0bf4 INFO[0m [endorser] [34;1mcallChaincode[0m -> finished chaincode: kvstore duration: 0ms channel=mychannel txID=b3d31fa9
2026-09-14T17:39:19.533514130Z [34m2026-09-14 17:39:19.533 UTC 0bf5 INFO[0m [comm.grpc.server] [34;1mfunc1[0m -> unary call completed grpc.service=protos.Endorser grpc.method=ProcessProposal grpc.request_deadline=2026-09-14T17:39:49.532Z grpc.peer_address=172.18.0.5:55100 grpc.peer_subject="CN=peer0.org1.example.com,L=San Francisco,ST=California,C=US" grpc.code=OK grpc.call_duration=810.245µs
2026-09-14T17:39:19.533525201Z [34m2026-09-14 17:39:19.533 UTC 0bf6 INFO[0m [comm.grpc.server] [34;1mfunc1[0m -> unary call completed grpc.service=protos.Endorser grpc.method=ProcessProposal grpc.request_deadline=2026-09-14T17:39:49.532Z grpc.peer_address=172.18.0.5:55100 grpc.peer_subject="CN=peer0.org1.example.com,L=San Francisco,ST=California,C=US" grpc.code=OK grpc.call_duration=813.832µs
2026-09-14T17:39:19.573001158Z [34m2026-09-14 17:39:19.572 UTC 0bf7 INFO[0m [endorser] [34;1mcallChaincode[0m -> finished chaincode: kvstore duration: 0ms channel=mychannel txID=e13ac115
2026-09-14T17:39:19.573045632Z [34m2026-09-14 17:39:19.572 UTC 0bf8 INFO[0m [endorser] [34;1mcallChaincode[0m -> finished chaincode: kvstore duration: 0ms channel=mychannel txID=98a0ae31
2026-09-14T17:39:19.573058286Z [34m2026-09-14 17:39:19.573 UTC 0bf9 INFO[0m [comm.grpc.server] [34;1mfunc1[0m -> unary call completed grpc.service=protos.Endorser grpc.method=ProcessProposal grpc.request_deadline=2026-09-14T17:39:49.572Z grpc.peer_address=172.18.0.5:55100 grpc.peer_subject="CN=peer0.org1.example.com,L=San Francisco,ST=California,C=US" grpc.code=OK grpc.call_duration=875.97µs
2026-09-14T17:39:19.573104885Z [34m2026-09-14 17:39:19.573 UTC 0bfa INFO[0m [comm.grpc.server] [34;1mfunc1[0m -> unary call completed grpc.service=protos.Endorser grpc.method=ProcessProposal grpc.request_deadline=2026-09-14T17:39:49.572Z grpc.peer_address=172.18.0.5:55100 grpc.peer_subject="CN=peer0.org1.example.com,L=San Francisco,ST=California,C=US" grpc.code=OK grpc.call_duration=921.807µs
2026-09-14T17:39:19.581705230Z [34m2026-09-14 17:39:19.581 UTC 0bfb INFO[0m [gossip.privdata] [34;1mStoreBlock[0m -> Received block [31] from buffer channel=mychannel
2026-09-14T17:39:19.592869914Z [34m2026-09-14 17:39:19.592 UTC 0bfc INFO[0m [committer.txvalidator] [34;1mValidate[0m -> [mychannel] Validated block [31] in 11ms
2026-09-14T17:39:19.644549554Z [34m2026-09-14 17:39:19.644 UTC 0bfd INFO[0m [kvledger] [34;1mcommit[0m -> [mychannel] Committed block [31] with 52 transaction(s) in 51ms (state_validation=0ms block_and_pvtdata_commit=30ms state_commit=10ms) commitHash=[78c17a33a7703b5fd49866da4c4edb3139e64245f0551d300681dee673728521]
2026-09-14T17:39:19.645333890Z [34m2026-09-14 17:39:19.645 UTC 0bfe INFO[0m [endorser] [34;1mcallChaincode[0m -> finished chaincode: kvstore duration: 0ms channel=mychannel txID=ce52eff0
2026-09-14T17:39:19.645347446Z [34m2026-09-14 17:39:19.645 UTC 0bff INFO[0m [endorser] [34;1mcallChaincode[0m -> finished chaincode: kvstore duration: 0ms channel=mychannel txID=3db5fb7e
2026-09-14T17:39:19.645423670Z [34m2026-09-14 17:39:19.645 UTC 0c00 INFO[0m [comm.grpc.server] [34;1mfunc1[0m -> unary call completed grpc.service=protos.Endorser grpc.method=ProcessProposal grpc.request_deadline=2026-09-14T17:39:49.64Z grpc.peer_address=172.18.0.5:55100 grpc.peer_subject="CN=peer0.org1.example.com,L=San Francisco,ST=California,C=US" grpc.code=OK grpc.call_duration=4.386151ms
2026-09-14T17:39:19.645431806Z [34m2026-09-14 17:39:19.645 UTC 0c01 INFO[0m [comm.grpc.server] [34;1mfunc1[0m -> unary call completed grpc.service=protos.Endorser grpc.method=ProcessProposal grpc.request_deadline=2026-09-14T17:39:49.64Z grpc.peer_address=172.18.0.5:55100 grpc.peer_subject="CN=peer0.org1.example.com,L=San Francisco,ST=California,C=US" grpc.code=OK grpc.call_duration=4.560561ms
2026-09-14T17:39:19.653155741Z [34m2026-09-14 17:39:19.653 UTC 0c02 INFO[0m [endorser] [34;1mcallChaincode[0m -> finished chaincode: kvstore duration: 0ms channel=mychannel txID=4dd205c3
2026-09-14T17:39:19.653202339Z [34m2026-09-14 17:39:19.653 UTC 0c03 INFO[0m [endorser] [34;1mcallChaincode[0m -> finished chaincode: kvstore duration: 0ms channel=mychannel txID=6d59ddb4
2026-09-14T17:39:19.653211527Z [34m2026-09-14 17:39:19.653 UTC 0c04 INFO[0m [comm.grpc.server] [34;1mfunc1[0m -> unary call completed grpc.service=protos.Endorser grpc.method=ProcessProposal grpc.request_deadline=2026-09-14T17:39:49.652Z grpc.peer_address=172.18.0.5:55100 grpc.peer_subject="CN=peer0.org1.example.com,L=San Francisco,ST=California,C=US" grpc.code=OK grpc.call_duration=633.841µs
2026-09-14T17:39:19.653263655Z [34m2026-09-14 17:39:19.653 UTC 0c05 INFO[0m [comm.grpc.server] [34;1mfunc1[0m -> unary call completed grpc.service=protos.Endorser grpc.method=ProcessProposal grpc.request_deadline=2026-09-14T17:39:49.652Z grpc.peer_address=172.18.0.5:55100 grpc.peer_subject="CN=peer0.org1.example.com,L=San Francisco,ST=California,C=US" grpc.code=OK grpc.call_duration=732.137µs
2026-09-14T17:39:19.693393331Z [34m2026-09-14 17:39:19.693 UTC 0c06 INFO[0m [endorser] [34;1mcallChaincode[0m -> finished chaincode: kvstore duration: 0ms channel=mychannel txID=031f8f57
2026-09-14T17:39:19.693415834Z [34m2026-09-14 17:39:19.693 UTC 0c07 INFO[0m [endorser] [34;1mcallChaincode[0m -> finished chaincode: kvstore duration: 0ms channel=mychannel txID=39fd915b
2026-09-14T17:39:19.693448195Z [34m2026-09-14 17:39:19.693 UTC 0c08 INFO[0m [comm.grpc.server] [34;1mfunc1[0m -> unary call completed grpc.service=protos.Endorser grpc.method=ProcessProposal grpc.request_deadline=2026-09-14T17:39:49.692Z grpc.peer_address=172.18.0.5:55100 grpc.peer_subject="CN=peer0.org1.example.com,L=San Francisco,ST=California,C=US" grpc.code=OK grpc.call_duration=1.010084ms
2026-09-14T17:39:19.693459005Z [34m2026-09-14 17:39:19.693 UTC 0c09 INFO[0m [comm.grpc.server] [34;1mfunc1[0m -> unary call completed grpc.service=protos.Endorser grpc.method=ProcessProposal grpc.request_deadline=2026-09-14T17:39:49.692Z grpc.peer_address=172.18.0.5:55100 grpc.peer_subject="CN=peer0.org1.example.com,L=San Francisco,ST=California,C=US" grpc.code=OK grpc.call_duration=983.704µs
2026-09-14T17:39:19.734171966Z [34m2026-09-14 17:39:19.734 UTC 0c0a INFO[0m [endorser] [34;1mcallChaincode[0m -> finished chaincode: kvstore duration: 0ms channel=mychannel txID=9e899944
2026-09-14T17:39:19.734230667Z [34m2026-09-14 17:39:19.734 UTC 0c0b INFO[0m [endorser] [34;1mcallChaincode[0m -> finished chaincode: kvstore duration: 0ms channel=mychannel txID=3f649df4
2026-09-14T17:39:19.734265934Z [34m2026-09-14 17:39:19.734 UTC 0c0c INFO[0m [comm.grpc.server] [34;1mfunc1[0m -> unary call completed grpc.service=protos.Endorser grpc.method=ProcessProposal grpc.request_deadline=2026-09-14T17:39:49.733Z grpc.peer_address=172.18.0.5:55100 grpc.peer_subject="CN=peer0.org1.example.com,L=San Francisco,ST=California,C=US" grpc.code=OK grpc.call_duration=833.97µs
2026-09-14T17:39:19.734307523Z [34m2026-09-14 17:39:19.734 UTC 0c0d INFO[0m [comm.grpc.server] [34;1mfunc1[0m -> unary call completed grpc.service=protos.Endorser grpc.method=ProcessProposal grpc.request_deadline=2026-09-14T17:39:49.733Z grpc.peer_address=172.18.0.5:55100 grpc.peer_subject="CN=peer0.org1.example.com,L=San Francisco,ST=California,C=US" grpc.code=OK grpc.call_duration=833.328µs
2026-09-14T17:39:19.774430646Z [34m2026-09-14 17:39:19.774 UTC 0c0f INFO[0m [endorser] [34;1mcallChaincode[0m -> finished chaincode: kvstore duration: 0ms channel=mychannel txID=af6d85e5
2026-09-14T17:39:19.774467987Z [34m2026-09-14 17:39:19.774 UTC 0c0e INFO[0m [endorser] [34;1mcallChaincode[0m -> finished chaincode: kvstore duration: 0ms channel=mychannel txID=af23526a
2026-09-14T17:39:19.774493035Z [34m2026-09-14 17:39:19.774 UTC 0c10 INFO[0m [comm.grpc.server] [34;1mfunc1[0m -> unary call completed grpc.service=protos.Endorser grpc.method=ProcessProposal grpc.request_deadline=2026-09-14T17:39:49.773Z grpc.peer_address=172.18.0.5:55100 grpc.peer_subject="CN=peer0.org1.example.com,L=San Francisco,ST=California,C=US" grpc.code=OK grpc.call_duration=856.633µs
2026-09-14T17:39:19.774530596Z [34m2026-09-14 17:39:19.774 UTC 0c11 INFO[0m [comm.grpc.server] [34;1mfunc1[0m -> unary call completed grpc.service=protos.Endorser grpc.method=ProcessProposal grpc.request_deadline=2026-09-14T17:39:49.773Z grpc.peer_address=172.18.0.5:55100 grpc.peer_subject="CN=peer0.org1.example.com,L=San Francisco,ST=California,C=US" grpc.code=OK grpc.call_duration=892.21µs
2026-09-14T17:39:19.812932428Z [34m2026-09-14 17:39:19.812 UTC 0c12 INFO[0m [endorser] [34;1mcallChaincode[0m -> finished chaincode: kvstore duration: 0ms channel=mychannel txID=6b0e8152
2026-09-14T17:39:19.812956433Z [34m2026-09-14 17:39:19.812 UTC 0c13 INFO[0m [endorser] [34;1mcallChaincode[0m -> finished chaincode: kvstore duration: 0ms channel=mychannel txID=f18b48ef
2026-09-14T17:39:19.812963316Z [34m2026-09-14 17:39:19.812 UTC 0c14 INFO[0m [comm.grpc.server] [34;1mfunc1[0m -> unary call completed grpc.service=protos.Endorser grpc.method=ProcessProposal grpc.request_deadline=2026-09-14T17:39:49.812Z grpc.peer_address=172.18.0.5:55100 grpc.peer_subject="CN=peer0.org1.example.com,L=San Francisco,ST=California,C=US" grpc.code=OK grpc.call_duration=744.881µs
2026-09-14T17:39:19.813052415Z [34m2026-09-14 17:39:19.813 UTC 0c15 INFO[0m [comm.grpc.server] [34;1mfunc1[0m -> unary call completed grpc.service=protos.Endorser grpc.method=ProcessProposal grpc.request_deadline=2026-09-14T17:39:49.812Z grpc.peer_address=172.18.0.5:55100 grpc.peer_subject="CN=peer0.org1.example.com,L=San Francisco,ST=California,C=US" grpc.code=OK grpc.call_duration=772.854µs
2026-09-14T17:39:19.853976466Z [34m2026-09-14 17:39:19.853 UTC 0c16 INFO[0m [endorser] [34;1mcallChaincode[0m -> finished chaincode: kvstore duration: 0ms channel=mychannel txID=cfee2c4a
2026-09-14T17:39:19.854038473Z [34m2026-09-14 17:39:19.854 UTC 0c17 INFO[0m [comm.grpc.server] [34;1mfunc1[0m -> unary call completed grpc.service=protos.Endorser grpc.method=ProcessProposal grpc.request_deadline=2026-09-14T17:39:49.853Z grpc.peer_address=172.18.0.5:55100 grpc.peer_subject="CN=peer0.org1.example.com,L=San Francisco,ST=California,C=US" grpc.code=OK grpc.call_duration=756.714µs
2026-09-14T17:39:19.854058110Z [34m2026-09-14 17:39:19.854 UTC 0c18 INFO[0m [endorser] [34;1mcallChaincode[0m -> finished chaincode: kvstore duration: 0ms channel=mychannel txID=451af45d
2026-09-14T17:39:19.854134054Z [34m2026-09-14 17:39:19.854 UTC 0c19 INFO[0m [comm.grpc.server] [34;1mfunc1[0m -> unary call completed grpc.service=protos.Endorser grpc.method=ProcessProposal grpc.request_deadline=2026-09-14T17:39:49.853Z grpc.peer_address=172.18.0.5:55100 grpc.peer_subject="CN=peer0.org1.example.com,L=San Francisco,ST=California,C=US" grpc.code=OK grpc.call_duration=821.035µs
2026-09-14T17:39:19.893250971Z [34m2026-09-14 17:39:19.893 UTC 0c1b INFO[0m [endorser] [34;1mcallChaincode[0m -> finished chaincode: kvstore duration: 0ms channel=mychannel txID=1b818946
2026-09-14T17:39:19.893288722Z [34m2026-09-14 17:39:19.893 UTC 0c1a INFO[0m [endorser] [34;1mcallChaincode[0m -> finished chaincode: kvstore duration: 0ms channel=mychannel txID=4e906a87
2026-09-14T17:39:19.893303831Z [34m2026-09-14 17:39:19.893 UTC 0c1c INFO[0m [comm.grpc.server] [34;1mfunc1[0m -> unary call completed grpc.service=protos.Endorser grpc.method=ProcessProposal grpc.request_deadline=2026-09-14T17:39:49.892Z grpc.peer_address=172.18.0.5:55100 grpc.peer_subject="CN=peer0.org1.example.com,L=San Francisco,ST=California,C=US" grpc.code=OK grpc.call_duration=755.601µs
2026-09-14T17:39:19.893346372Z [34m2026-09-14 17:39:19.893 UTC 0c1d INFO[0m [comm.grpc.server] [34;1mfunc1[0m -> unary call completed grpc.service=protos.Endorser grpc.method=ProcessProposal grpc.request_deadline=2026-09-14T17:39:49.892Z grpc.peer_address=172.18.0.5:55100 grpc.peer_subject="CN=peer0.org1.example.com,L=San Francisco,ST=California,C=US" grpc.code=OK grpc.call_duration=796.599µs
2026-09-14T17:39:19.933852130Z [34m2026-09-14 17:39:19.933 UTC 0c1e INFO[0m [endorser] [34;1mcallChaincode[0m -> finished chaincode: kvstore duration: 0ms channel=mychannel txID=64ac52af
2026-09-14T17:39:19.933870835Z [34m2026-09-14 17:39:19.933 UTC 0c1f INFO[0m [endorser] [34;1mcallChaincode[0m -> finished chaincode: kvstore duration: 0ms channel=mychannel txID=7800bfc1
2026-09-14T17:39:19.933949224Z [34m2026-09-14 17:39:19.933 UTC 0c20 INFO[0m [comm.grpc.server] [34;1mfunc1[0m -> unary call completed grpc.service=protos.Endorser grpc.method=ProcessProposal grpc.request_deadline=2026-09-14T17:39:49.932Z grpc.peer_address=172.18.0.5:55100 grpc.peer_subject="CN=peer0.org1.example.com,L=San Francisco,ST=California,C=US" grpc.code=OK grpc.call_duration=1.129079ms
2026-09-14T17:39:19.933963471Z [34m2026-09-14 17:39:19.933 UTC 0c21 INFO[0m [comm.grpc.server] [34;1mfunc1[0m -> unary call completed grpc.service=protos.Endorser grpc.method=ProcessProposal grpc.request_deadline=2026-09-14T17:39:49.932Z grpc.peer_address=172.18.0.5:55100 grpc.peer_subject="CN=peer0.org1.example.com,L=San Francisco,ST=California,C=US" grpc.code=OK grpc.call_duration=1.095406ms
2026-09-14T17:39:19.973402297Z [34m2026-09-14 17:39:19.973 UTC 0c22 INFO[0m [endorser] [34;1mcallChaincode[0m -> finished chaincode: kvstore duration: 0ms channel=mychannel txID=5d8f23f3
2026-09-14T17:39:19.973421985Z [34m2026-09-14 17:39:19.973 UTC 0c23 INFO[0m [endorser] [34;1mcallChaincode[0m -> finished chaincode: kvstore duration: 0ms channel=mychannel txID=4e35f927
2026-09-14T17:39:19.973450138Z [34m2026-09-14 17:39:19.973 UTC 0c24 INFO[0m [comm.grpc.server] [34;1mfunc1[0m -> unary call completed grpc.service=protos.Endorser grpc.method=ProcessProposal grpc.request_deadline=2026-09-14T17:39:49.972Z grpc.peer_address=172.18.0.5:55100 grpc.peer_subject="CN=peer0.org1.example.com,L=San Francisco,ST=California,C=US" grpc.code=OK grpc.call_duration=926.906µs
2026-09-14T17:39:19.973499842Z [34m2026-09-14 17:39:19.973 UTC 0c25 INFO[0m [comm.grpc.server] [34;1mfunc1[0m -> unary call completed grpc.service=protos.Endorser grpc.method=ProcessProposal grpc.request_deadline=2026-09-14T17:39:49.972Z grpc.peer_address=172.18.0.5:55100 grpc.peer_subject="CN=peer0.org1.example.com,L=San Francisco,ST=California,C=US" grpc.code=OK grpc.call_duration=994.224µs
2026-09-14T17:39:20.013401917Z [34m2026-09-14 17:39:20.013 UTC 0c26 INFO[0m [endorser] [34;1mcallChaincode[0m -> finished chaincode: kvstore duration: 0ms channel=mychannel txID=231e2827
2026-09-14T17:39:20.013415502Z [34m2026-09-14 17:39:20.013 UTC 0c27 INFO[0m [endorser] [34;1mcallChaincode[0m -> finished chaincode: kvstore duration: 0ms channel=mychannel txID=430d371d
2026-09-14T17:39:20.013478652Z [34m2026-09-14 17:39:20.013 UTC 0c28 INFO[0m [comm.grpc.server] [34;1mfunc1[0m -> unary call completed grpc.service=protos.Endorser grpc.method=ProcessProposal grpc.request_deadline=2026-09-14T17:39:50.012Z grpc.peer_address=172.18.0.5:55100 grpc.peer_subject="CN=peer0.org1.example.com,L=San Francisco,ST=California,C=US" grpc.code=OK grpc.call_duration=884.436µs
2026-09-14T17:39:20.013500053Z [34m2026-09-14 17:39:20.013 UTC 0c29 INFO[0m [comm.grpc.server] [34;1mfunc1[0m -> unary call completed grpc.service=protos.Endorser grpc.method=ProcessProposal grpc.request_deadline=2026-09-14T17:39:50.012Z grpc.peer_address=172.18.0.5:55100 grpc.peer_subject="CN=peer0.org1.example.com,L=San Francisco,ST=California,C=US" grpc.code=OK grpc.call_duration=913.06µs
2026-09-14T17:39:20.053846990Z [34m2026-09-14 17:39:20.053 UTC 0c2a INFO[0m [endorser] [34;1mcallChaincode[0m -> finished chaincode: kvstore duration: 0ms channel=mychannel txID=4d9d78bf
2026-09-14T17:39:20.053864012Z [34m2026-09-14 17:39:20.053 UTC 0c2b INFO[0m [endorser] [34;1mcallChaincode[0m -> finished chaincode: kvstore duration: 0ms channel=mychannel txID=0593c1cf
2026-09-14T17:39:20.053908386Z [34m2026-09-14 17:39:20.053 UTC 0c2c INFO[0m [comm.grpc.server] [34;1mfunc1[0m -> unary call completed grpc.service=protos.Endorser grpc.method=ProcessProposal grpc.request_deadline=2026-09-14T17:39:50.052Z grpc.peer_address=172.18.0.5:55100 grpc.peer_subject="CN=peer0.org1.example.com,L=San Francisco,ST=California,C=US" grpc.code=OK grpc.call_duration=775.599µs
2026-09-14T17:39:20.053922764Z [34m2026-09-14 17:39:20.053 UTC 0c2d INFO[0m [comm.grpc.server] [34;1mfunc1[0m -> unary call completed grpc.service=protos.Endorser grpc.method=ProcessProposal grpc.request_deadline=2026-09-14T17:39:50.053Z grpc.peer_address=172.18.0.5:55100 grpc.peer_subject="CN=peer0.org1.example.com,L=San Francisco,ST=California,C=US" grpc.code=OK grpc.call_duration=808.372µs
2026-09-14T17:39:20.092806438Z [34m2026-09-14 17:39:20.092 UTC 0c2e INFO[0m [endorser] [34;1mcallChaincode[0m -> finished chaincode: kvstore duration: 0ms channel=mychannel txID=a3fe1758
2026-09-14T17:39:20.092819543Z [34m2026-09-14 17:39:20.092 UTC 0c2f INFO[0m [endorser] [34;1mcallChaincode[0m -> finished chaincode: kvstore duration: 0ms channel=mychannel txID=6b5be577
2026-09-14T17:39:20.092856513Z [34m2026-09-14 17:39:20.092 UTC 0c30 INFO[0m [comm.grpc.server] [34;1mfunc1[0m -> unary call completed grpc.service=protos.Endorser grpc.method=ProcessProposal grpc.request_deadline=2026-09-14T17:39:50.091Z grpc.peer_address=172.18.0.5:55100 grpc.peer_subject="CN=peer0.org1.example.com,L=San Francisco,ST=California,C=US" grpc.code=OK grpc.call_duration=787.722µs
2026-09-14T17:39:20.092886370Z [34m2026-09-14 17:39:20.092 UTC 0c31 INFO[0m [comm.grpc.server] [34;1mfunc1[0m -> unary call completed grpc.service=protos.Endorser grpc.method=ProcessProposal grpc.request_deadline=2026-09-14T17:39:50.091Z grpc.peer_address=172.18.0.5:55100 grpc.peer_subject="CN=peer0.org1.example.com,L=San Francisco,ST=California,C=US" grpc.code=OK grpc.call_duration=811.928µs
2026-09-14T17:39:20.133315293Z [34m2026-09-14 17:39:20.133 UTC 0c32 INFO[0m [endorser] [34;1mcallChaincode[0m -> finished chaincode: kvstore duration: 0ms channel=mychannel txID=fe15cb4f
2026-09-14T17:39:20.133363544Z [34m2026-09-14 17:39:20.133 UTC 0c33 INFO[0m [endorser] [34;1mcallChaincode[0m -> finished chaincode: kvstore duration: 0ms channel=mychannel txID=08402bf4
2026-09-14T17:39:20.133410042Z [34m2026-09-14 17:39:20.133 UTC 0c34 INFO[0m [comm.grpc.server] [34;1mfunc1[0m -> unary call completed grpc.service=protos.Endorser grpc.method=ProcessProposal grpc.request_deadline=2026-09-14T17:39:50.132Z grpc.peer_address=172.18.0.5:55100 grpc.peer_subject="CN=peer0.org1.example.com,L=San Francisco,ST=California,C=US" grpc.code=OK grpc.call_duration=1.19258ms
2026-09-14T17:39:20.133447022Z [34m2026-09-14 17:39:20.133 UTC 0c35 INFO[0m [comm.grpc.server] [34;1mfunc1[0m -> unary call completed grpc.service=protos.Endorser grpc.method=ProcessProposal grpc.request_deadline=2026-09-14T17:39:50.132Z grpc.peer_address=172.18.0.5:55100 grpc.peer_subject="CN=peer0.org1.example.com,L=San Francisco,ST=California,C=US" grpc.code=OK grpc.call_duration=1.236924ms
2026-09-14T17:39:20.173652001Z [34m2026-09-14 17:39:20.173 UTC 0c36 INFO[0m [endorser] [34;1mcallChaincode[0m -> finished chaincode: kvstore duration: 0ms channel=mychannel txID=a8b28e48
2026-09-14T17:39:20.173689091Z [34m2026-09-14 17:39:20.173 UTC 0c37 INFO[0m [endorser] [34;1mcallChaincode[0m -> finished chaincode: kvstore duration: 0ms channel=mychannel txID=41c30900
2026-09-14T17:39:20.173709009Z [34m2026-09-14 17:39:20.173 UTC 0c38 INFO[0m [comm.grpc.server] [34;1mfunc1[0m -> unary call completed grpc.service=protos.Endorser grpc.method=ProcessProposal grpc.request_deadline=2026-09-14T17:39:50.172Z grpc.peer_address=172.18.0.5:55100 grpc.peer_subject="CN=peer0.org1.example.com,L=San Francisco,ST=California,C=US" grpc.code=OK grpc.call_duration=1.076339ms
2026-09-14T17:39:20.173766698Z [34m2026-09-14 17:39:20.173 UTC 0c39 INFO[0m [comm.grpc.server] [34;1mfunc1[0m -> unary call completed grpc.service=protos.Endorser grpc.method=ProcessProposal grpc.request_deadline=2026-09-14T17:39:50.172Z grpc.peer_address=172.18.0.5:55100 grpc.peer_subject="CN=peer0.org1.example.com,L=San Francisco,ST=California,C=US" grpc.code=OK grpc.call_duration=1.167002ms
2026-09-14T17:39:20.213849044Z [34m2026-09-14 17:39:20.213 UTC 0c3b INFO[0m [endorser] [34;1mcallChaincode[0m -> finished chaincode: kvstore duration: 0ms channel=mychannel txID=d07264e7
2026-09-14T17:39:20.213898588Z [34m2026-09-14 17:39:20.213 UTC 0c3a INFO[0m [endorser] [34;1mcallChaincode[0m -> finished chaincode: kvstore duration: 0ms channel=mychannel txID=02686238
2026-09-14T17:39:20.213934606Z [34m2026-09-14 17:39:20.213 UTC 0c3c INFO[0m [comm.grpc.server] [34;1mfunc1[0m -> unary call completed grpc.service=protos.Endorser grpc.method=ProcessProposal grpc.request_deadline=2026-09-14T17:39:50.212Z grpc.peer_address=172.18.0.5:55100 grpc.peer_subject="CN=peer0.org1.example.com,L=San Francisco,ST=California,C=US" grpc.code=OK grpc.call_duration=1.061772ms
2026-09-14T17:39:20.213960686Z [34m2026-09-14 17:39:20.213 UTC 0c3d INFO[0m [comm.grpc.server] [34;1mfunc1[0m -> unary call completed grpc.service=protos.Endorser grpc.method=ProcessProposal grpc.request_deadline=2026-09-14T17:39:50.212Z grpc.peer_address=172.18.0.5:55100 grpc.peer_subject="CN=peer0.org1.example.com,L=San Francisco,ST=California,C=US" grpc.code=OK grpc.call_duration=1.103391ms
2026-09-14T17:39:20.253089816Z [34m2026-09-14 17:39:20.253 UTC 0c3e INFO[0m [endorser] [34;1mcallChaincode[0m -> finished chaincode: kvstore duration: 0ms channel=mychannel txID=21c50f4f
2026-09-14T17:39:20.253101598Z [34m2026-09-14 17:39:20.253 UTC 0c3f INFO[0m [endorser] [34;1mcallChaincode[0m -> finished chaincode: kvstore duration: 0ms channel=mychannel txID=ffbed302
2026-09-14T17:39:20.253142225Z [34m2026-09-14 17:39:20.253 UTC 0c40 INFO[0m [comm.grpc.server] [34;1mfunc1[0m -> unary call completed grpc.service=protos.Endorser grpc.method=ProcessProposal grpc.request_deadline=2026-09-14T17:39:50.252Z grpc.peer_address=172.18.0.5:55100 grpc.peer_subject="CN=peer0.org1.example.com,L=San Francisco,ST=California,C=US" grpc.code=OK grpc.call_duration=780.198µs
2026-09-14T17:39:20.253167784Z [34m2026-09-14 17:39:20.253 UTC 0c41 INFO[0m [comm.grpc.server] [34;1mfunc1[0m -> unary call completed grpc.service=protos.Endorser grpc.method=ProcessProposal grpc.request_deadline=2026-09-14T17:39:50.252Z grpc.peer_address=172.18.0.5:55100 grpc.peer_subject="CN=peer0.org1.example.com,L=San Francisco,ST=California,C=US" grpc.code=OK grpc.call_duration=813µs
2026-09-14T17:39:20.293235201Z [34m2026-09-14 17:39:20.293 UTC 0c42 INFO[0m [endorser] [34;1mcallChaincode[0m -> finished chaincode: kvstore duration: 0ms channel=mychannel txID=7ece5ab8
2026-09-14T17:39:20.293278984Z [34m2026-09-14 17:39:20.293 UTC 0c43 INFO[0m [endorser] [34;1mcallChaincode[0m -> finished chaincode: kvstore duration: 0ms channel=mychannel txID=fe827208
2026-09-14T17:39:20.293287801Z [34m2026-09-14 17:39:20.293 UTC 0c44 INFO[0m [comm.grpc.server] [34;1mfunc1[0m -> unary call completed grpc.service=protos.Endorser grpc.method=ProcessProposal grpc.request_deadline=2026-09-14T17:39:50.292Z grpc.peer_address=172.18.0.5:55100 grpc.peer_subject="CN=peer0.org1.example.com,L=San Francisco,ST=California,C=US" grpc.code=OK grpc.call_duration=1.157463ms
2026-09-14T17:39:20.293357954Z [34m2026-09-14 17:39:20.293 UTC 0c45 INFO[0m [comm.grpc.server] [34;1mfunc1[0m -> unary call completed grpc.service=protos.Endorser grpc.method=ProcessProposal grpc.request_deadline=2026-09-14T17:39:50.292Z grpc.peer_address=172.18.0.5:55100 grpc.peer_subject="CN=peer0.org1.example.com,L=San Francisco,ST=California,C=US" grpc.code=OK grpc.call_duration=1.251631ms
2026-09-14T17:39:20.333265659Z [34m2026-09-14 17:39:20.333 UTC 0c46 INFO[0m [endorser] [34;1mcallChaincode[0m -> finished chaincode: kvstore duration: 0ms channel=mychannel txID=a362106c
2026-09-14T17:39:20.333279926Z [34m2026-09-14 17:39:20.333 UTC 0c47 INFO[0m [endorser] [34;1mcallChaincode[0m -> finished chaincode: kvstore duration: 0ms channel=mychannel txID=3f6df0b2
2026-09-14T17:39:20.333326945Z [34m2026-09-14 17:39:20.333 UTC 0c48 INFO[0m [comm.grpc.server] [34;1mfunc1[0m -> unary call completed grpc.service=protos.Endorser grpc.method=ProcessProposal grpc.request_deadline=2026-09-14T17:39:50.332Z grpc.peer_address=172.18.0.5:55100 grpc.peer_subject="CN=peer0.org1.example.com,L=San Francisco,ST=California,C=US" grpc.code=OK grpc.call_duration=850.552µs
2026-09-14T17:39:20.333374646Z [34m2026-09-14 17:39:20.333 UTC 0c49 INFO[0m [comm.grpc.server] [34;1mfunc1[0m -> unary call completed grpc.service=protos.Endorser grpc.method=ProcessProposal grpc.request_deadline=2026-09-14T17:39:50.332Z grpc.peer_address=172.18.0.5:55100 grpc.peer_subject="CN=peer0.org1.example.com,L=San Francisco,ST=California,C=US" grpc.code=OK grpc.call_duration=824.512µs
2026-09-14T17:39:20.373811523Z [34m2026-09-14 17:39:20.373 UTC 0c4a INFO[0m [endorser] [34;1mcallChaincode[0m -> finished chaincode: kvstore duration: 0ms channel=mychannel txID=9c49a6dd
2026-09-14T17:39:20.373852371Z [34m2026-09-14 17:39:20.373 UTC 0c4b INFO[0m [endorser] [34;1mcallChaincode[0m -> finished chaincode: kvstore duration: 0ms channel=mychannel txID=f0ff797c
2026-09-14T17:39:20.373875404Z [34m2026-09-14 17:39:20.373 UTC 0c4c INFO[0m [comm.grpc.server] [34;1mfunc1[0m -> unary call completed grpc.service=protos.Endorser grpc.method=ProcessProposal grpc.request_deadline=2026-09-14T17:39:50.372Z grpc.peer_address=172.18.0.5:55100 grpc.peer_subject="CN=peer0.org1.example.com,L=San Francisco,ST=California,C=US" grpc.code=OK grpc.call_duration=920.304µs
2026-09-14T17:39:20.373922584Z [34m2026-09-14 17:39:20.373 UTC 0c4d INFO[0m [comm.grpc.server] [34;1mfunc1[0m -> unary call completed grpc.service=protos.Endorser grpc.method=ProcessProposal grpc.request_deadline=2026-09-14T17:39:50.372Z grpc.peer_address=172.18.0.5:55100 grpc.peer_subject="CN=peer0.org1.example.com,L=San Francisco,ST=California,C=US" grpc.code=OK grpc.call_duration=969.167µs
2026-09-14T17:39:20.413419150Z [34m2026-09-14 17:39:20.413 UTC 0c4e INFO[0m [endorser] [34;1mcallChaincode[0m -> finished chaincode: kvstore duration: 0ms channel=mychannel txID=6d6bc450
2026-09-14T17:39:20.413431083Z [34m2026-09-14 17:39:20.413 UTC 0c4f INFO[0m [endorser] [34;1mcallChaincode[0m -> finished chaincode: kvstore duration: 0ms channel=mychannel txID=cc47f561
2026-09-14T17:39:20.413493150Z [34m2026-09-14 17:39:20.413 UTC 0c50 INFO[0m [comm.grpc.server] [34;1mfunc1[0m -> unary call completed grpc.service=protos.Endorser grpc.method=ProcessProposal grpc.request_deadline=2026-09-14T17:39:50.412Z grpc.peer_address=172.18.0.5:55100 grpc.peer_subject="CN=peer0.org1.example.com,L=San Francisco,ST=California,C=US" grpc.code=OK grpc.call_duration=825.864µs
2026-09-14T17:39:20.413517897Z [34m2026-09-14 17:39:20.413 UTC 0c51 INFO[0m [comm.grpc.server] [34;1mfunc1[0m -> unary call completed grpc.service=protos.Endorser grpc.method=ProcessProposal grpc.request_deadline=2026-09-14T17:39:50.412Z grpc.peer_address=172.18.0.5:55100 grpc.peer_subject="CN=peer0.org1.example.com,L=San Francisco,ST=California,C=US" grpc.code=OK grpc.call_duration=867.294µs
2026-09-14T17:39:20.454252690Z [34m2026-09-14 17:39:20.454 UTC 0c52 INFO[0m [endorser] [34;1mcallChaincode[0m -> finished chaincode: kvstore duration: 0ms channel=mychannel txID=a5a6c586
2026-09-14T17:39:20.454269732Z [34m2026-09-14 17:39:20.454 UTC 0c53 INFO[0m [endorser] [34;1mcallChaincode[0m -> finished chaincode: kvstore duration: 0ms channel=mychannel txID=ad3350cc
2026-09-14T17:39:20.454305981Z [34m2026-09-14 17:39:20.454 UTC 0c54 INFO[0m [comm.grpc.server] [34;1mfunc1[0m -> unary call completed grpc.service=protos.Endorser grpc.method=ProcessProposal grpc.request_deadline=2026-09-14T17:39:50.453Z grpc.peer_address=172.18.0.5:55100 grpc.peer_subject="CN=peer0.org1.example.com,L=San Francisco,ST=California,C=US" grpc.code=OK grpc.call_duration=870.96µs
2026-09-14T17:39:20.454323524Z [34m2026-09-14 17:39:20.454 UTC 0c55 INFO[0m [comm.grpc.server] [34;1mfunc1[0m -> unary call completed grpc.service=protos.Endorser grpc.method=ProcessProposal grpc.request_deadline=2026-09-14T17:39:50.453Z grpc.peer_address=172.18.0.5:55100 grpc.peer_subject="CN=peer0.org1.example.com,L=San Francisco,ST=California,C=US" grpc.code=OK grpc.call_duration=850.802µs
2026-09-14T17:39:20.494283138Z [34m2026-09-14 17:39:20.494 UTC 0c56 INFO[0m [endorser] [34;1mcallChaincode[0m -> finished chaincode: kvstore duration: 0ms channel=mychannel txID=4c31e630
2026-09-14T17:39:20.494309417Z [34m2026-09-14 17:39:20.494 UTC 0c57 INFO[0m [endorser] [34;1mcallChaincode[0m -> finished chaincode: kvstore duration: 0ms channel=mychannel txID=fe9a2631
2026-09-14T17:39:20.494328203Z [34m2026-09-14 17:39:20.494 UTC 0c59 INFO[0m [comm.grpc.server] [34;1mfunc1[0m -> unary call completed grpc.service=protos.Endorser grpc.method=ProcessProposal grpc.request_deadline=2026-09-14T17:39:50.493Z grpc.peer_address=172.18.0.5:55100 grpc.peer_subject="CN=peer0.org1.example.com,L=San Francisco,ST=California,C=US" grpc.code=OK grpc.call_duration=947.785µs
2026-09-14T17:39:20.494336980Z [34m2026-09-14 17:39:20.494 UTC 0c58 INFO[0m [comm.grpc.server] [34;1mfunc1[0m -> unary call completed grpc.service=protos.Endorser grpc.method=ProcessProposal grpc.request_deadline=2026-09-14T17:39:50.493Z grpc.peer_address=172.18.0.5:55100 grpc.peer_subject="CN=peer0.org1.example.com,L=San Francisco,ST=California,C=US" grpc.code=OK grpc.call_duration=943.227µs
2026-09-14T17:39:20.533265409Z [34m2026-09-14 17:39:20.533 UTC 0c5a INFO[0m [endorser] [34;1mcallChaincode[0m -> finished chaincode: kvstore duration: 0ms channel=mychannel txID=ba8aca32
2026-09-14T17:39:20.533286048Z [34m2026-09-14 17:39:20.533 UTC 0c5b INFO[0m [endorser] [34;1mcallChaincode[0m -> finished chaincode: kvstore duration: 0ms channel=mychannel txID=c0c6b226
2026-09-14T17:39:20.533325333Z [34m2026-09-14 17:39:20.533 UTC 0c5c INFO[0m [comm.grpc.server] [34;1mfunc1[0m -> unary call completed grpc.service=protos.Endorser grpc.method=ProcessProposal grpc.request_deadline=2026-09-14T17:39:50.532Z grpc.peer_address=172.18.0.5:55100 grpc.peer_subject="CN=peer0.org1.example.com,L=San Francisco,ST=California,C=US" grpc.code=OK grpc.call_duration=779.116µs
2026-09-14T17:39:20.533352284Z [34m2026-09-14 17:39:20.533 UTC 0c5d INFO[0m [comm.grpc.server] [34;1mfunc1[0m -> unary call completed grpc.service=protos.Endorser grpc.method=ProcessProposal grpc.request_deadline=2026-09-14T17:39:50.532Z grpc.peer_address=172.18.0.5:55100 grpc.peer_subject="CN=peer0.org1.example.com,L=San Francisco,ST=California,C=US" grpc.code=OK grpc.call_duration=777.253µs
2026-09-14T17:39:20.573483442Z [34m2026-09-14 17:39:20.573 UTC 0c5e INFO[0m [endorser] [34;1mcallChaincode[0m -> finished chaincode: kvstore duration: 0ms channel=mychannel txID=9a631fa9
2026-09-14T17:39:20.573495906Z [34m2026-09-14 17:39:20.573 UTC 0c5f INFO[0m [endorser] [34;1mcallChaincode[0m -> finished chaincode: kvstore duration: 0ms channel=mychannel txID=6f003c10
2026-09-14T17:39:20.573540260Z [34m2026-09-14 17:39:20.573 UTC 0c60 INFO[0m [comm.grpc.server] [34;1mfunc1[0m -> unary call completed grpc.service=protos.Endorser grpc.method=ProcessProposal grpc.request_deadline=2026-09-14T17:39:50.572Z grpc.peer_address=172.18.0.5:55100 grpc.peer_subject="CN=peer0.org1.example.com,L=San Francisco,ST=California,C=US" grpc.code=OK grpc.call_duration=840.052µs
2026-09-14T17:39:20.573549007Z [34m2026-09-14 17:39:20.573 UTC 0c61 INFO[0m [comm.grpc.server] [34;1mfunc1[0m -> unary call completed grpc.service=protos.Endorser grpc.method=ProcessProposal grpc.request_deadline=2026-09-14T17:39:50.572Z grpc.peer_address=172.18.0.5:55100 grpc.peer_subject="CN=peer0.org1.example.com,L=San Francisco,ST=California,C=US" grpc.code=OK grpc.call_duration=870.179µs
2026-09-14T17:39:20.613776638Z [34m2026-09-14 17:39:20.613 UTC 0c63 INFO[0m [endorser] [34;1mcallChaincode[0m -> finished chaincode: kvstore duration: 0ms channel=mychannel txID=349019b2
2026-09-14T17:39:20.613806605Z [34m2026-09-14 17:39:20.613 UTC 0c62 INFO[0m [endorser] [34;1mcallChaincode[0m -> finished chaincode: kvstore duration: 0ms channel=mychannel txID=96faaa4e
2026-09-14T17:39:20.613826202Z [34m2026-09-14 17:39:20.613 UTC 0c64 INFO[0m [comm.grpc.server] [34;1mfunc1[0m -> unary call completed grpc.service=protos.Endorser grpc.method=ProcessProposal grpc.request_deadline=2026-09-14T17:39:50.612Z grpc.peer_address=172.18.0.5:55100 grpc.peer_subject="CN=peer0.org1.example.com,L=San Francisco,ST=California,C=US" grpc.code=OK grpc.call_duration=926.595µs
2026-09-14T17:39:20.613853103Z [34m2026-09-14 17:39:20.613 UTC 0c65 INFO[0m [comm.grpc.server] [34;1mfunc1[0m -> unary call completed grpc.service=protos.Endorser grpc.method=ProcessProposal grpc.request_deadline=2026-09-14T17:39:50.612Z grpc.peer_address=172.18.0.5:55100 grpc.peer_subject="CN=peer0.org1.example.com,L=San Francisco,ST=California,C=US" grpc.code=OK grpc.call_duration=952.175µs
2026-09-14T17:39:20.625746177Z [34m2026-09-14 17:39:20.625 UTC 0c66 INFO[0m [gossip.privdata] [34;1mStoreBlock[0m -> Received block [32] from buffer channel=mychannel
2026-09-14T17:39:20.637082968Z [34m2026-09-14 17:39:20.636 UTC 0c67 INFO[0m [committer.txvalidator] [34;1mValidate[0m -> [mychannel] Validated block [32] in 10ms
2026-09-14T17:39:20.684887004Z [34m2026-09-14 17:39:20.684 UTC 0c68 INFO[0m [kvledger] [34;1mcommit[0m -> [mychannel] Committed block [32] with 52 transaction(s) in 47ms (state_validation=0ms block_and_pvtdata_commit=25ms state_commit=10ms) commitHash=[b1fe7825b514f5a280b79577a75aae9d50a905ff4f93b535a681afc0ff67a520]
2026-09-14T17:39:20.692913172Z [34m2026-09-14 17:39:20.692 UTC 0c69 INFO[0m [endorser] [34;1mcallChaincode[0m -> finished chaincode: kvstore duration: 0ms channel=mychannel txID=790e6c89
2026-09-14T17:39:20.692926076Z [34m2026-09-14 17:39:20.692 UTC 0c6a INFO[0m [endorser] [34;1mcallChaincode[0m -> finished chaincode: kvstore duration: 0ms channel=mychannel txID=baf96bc5
2026-09-14T17:39:20.692981241Z [34m2026-09-14 17:39:20.692 UTC 0c6b INFO[0m [comm.grpc.server] [34;1mfunc1[0m -> unary call completed grpc.service=protos.Endorser grpc.method=ProcessProposal grpc.request_deadline=2026-09-14T17:39:50.692Z grpc.peer_address=172.18.0.5:55100 grpc.peer_subject="CN=peer0.org1.example.com,L=San Francisco,ST=California,C=US" grpc.code=OK grpc.call_duration=859.018µs
2026-09-14T17:39:20.692994426Z [34m2026-09-14 17:39:20.692 UTC 0c6c INFO[0m [comm.grpc.server] [34;1mfunc1[0m -> unary call completed grpc.service=protos.Endorser grpc.method=ProcessProposal grpc.request_deadline=2026-09-14T17:39:50.691Z grpc.peer_address=172.18.0.5:55100 grpc.peer_subject="CN=peer0.org1.example.com,L=San Francisco,ST=California,C=US" grpc.code=OK grpc.call_duration=891.098µs
2026-09-14T17:39:20.693027038Z [34m2026-09-14 17:39:20.693 UTC 0c6d INFO[0m [endorser] [34;1mcallChaincode[0m -> finished chaincode: kvstore duration: 0ms channel=mychannel txID=18ce9d12
2026-09-14T17:39:20.693092732Z [34m2026-09-14 17:39:20.693 UTC 0c6e INFO[0m [comm.grpc.server] [34;1mfunc1[0m -> unary call completed grpc.service=protos.Endorser grpc.method=ProcessProposal grpc.request_deadline=2026-09-14T17:39:50.692Z grpc.peer_address=172.18.0.5:55100 grpc.peer_subject="CN=peer0.org1.example.com,L=San Francisco,ST=California,C=US" grpc.code=OK grpc.call_duration=628.972µs
2026-09-14T17:39:20.693108011Z [34m2026-09-14 17:39:20.693 UTC 0c6f INFO[0m [endorser] [34;1mcallChaincode[0m -> finished chaincode: kvstore duration: 0ms channel=mychannel txID=0dbe061c
2026-09-14T17:39:20.693163356Z [34m2026-09-14 17:39:20.693 UTC 0c70 INFO[0m [comm.grpc.server] [34;1mfunc1[0m -> unary call completed grpc.service=protos.Endorser grpc.method=ProcessProposal grpc.request_deadline=2026-09-14T17:39:50.692Z grpc.peer_address=172.18.0.5:55100 grpc.peer_subject="CN=peer0.org1.example.com,L=San Francisco,ST=California,C=US" grpc.code=OK grpc.call_duration=591.591µs
2026-09-14T17:39:20.733680506Z [34m2026-09-14 17:39:20.733 UTC 0c71 INFO[0m [endorser] [34;1mcallChaincode[0m -> finished chaincode: kvstore duration: 0ms channel=mychannel txID=46a232c1
2026-09-14T17:39:20.733692629Z [34m2026-09-14 17:39:20.733 UTC 0c72 INFO[0m [endorser] [34;1mcallChaincode[0m -> finished chaincode: kvstore duration: 0ms channel=mychannel txID=9c8254a1
2026-09-14T17:39:20.733721925Z [34m2026-09-14 17:39:20.733 UTC 0c73 INFO[0m [comm.grpc.server] [34;1mfunc1[0m -> unary call completed grpc.service=protos.Endorser grpc.method=ProcessProposal grpc.request_deadline=2026-09-14T17:39:50.732Z grpc.peer_address=172.18.0.5:55100 grpc.peer_subject="CN=peer0.org1.example.com,L=San Francisco,ST=California,C=US" grpc.code=OK grpc.call_duration=797.15µs
2026-09-14T17:39:20.733726934Z [34m2026-09-14 17:39:20.733 UTC 0c74 INFO[0m [comm.grpc.server] [34;1mfunc1[0m -> unary call completed grpc.service=protos.Endorser grpc.method=ProcessProposal grpc.request_deadline=2026-09-14T17:39:50.732Z grpc.peer_address=172.18.0.5:55100 grpc.peer_subject="CN=peer0.org1.example.com,L=San Francisco,ST=California,C=US" grpc.code=OK grpc.call_duration=809.373µs
2026-09-14T17:39:20.773511245Z [34m2026-09-14 17:39:20.773 UTC 0c75 INFO[0m [endorser] [34;1mcallChaincode[0m -> finished chaincode: kvstore duration: 0ms channel=mychannel txID=b83faca6
2026-09-14T17:39:20.773630491Z [34m2026-09-14 17:39:20.773 UTC 0c76 INFO[0m [endorser] [34;1mcallChaincode[0m -> finished chaincode: kvstore duration: 0ms channel=mychannel txID=bd8b1fa4
2026-09-14T17:39:20.773636763Z [34m2026-09-14 17:39:20.773 UTC 0c77 INFO[0m [comm.grpc.server] [34;1mfunc1[0m -> unary call completed grpc.service=protos.Endorser grpc.method=ProcessProposal grpc.request_deadline=2026-09-14T17:39:50.772Z grpc.peer_address=172.18.0.5:55100 grpc.peer_subject="CN=peer0.org1.example.com,L=San Francisco,ST=California,C=US" grpc.code=OK grpc.call_duration=785.308µs
2026-09-14T17:39:20.773729589Z [34m2026-09-14 17:39:20.773 UTC 0c78 INFO[0m [comm.grpc.server] [34;1mfunc1[0m -> unary call completed grpc.service=protos.Endorser grpc.method=ProcessProposal grpc.request_deadline=2026-09-14T17:39:50.772Z grpc.peer_address=172.18.0.5:55100 grpc.peer_subject="CN=peer0.org1.example.com,L=San Francisco,ST=California,C=US" grpc.code=OK grpc.call_duration=873.214µs
2026-09-14T17:39:20.813747683Z [34m2026-09-14 17:39:20.813 UTC 0c7a INFO[0m [endorser] [34;1mcallChaincode[0m -> finished chaincode: kvstore duration: 0ms channel=mychannel txID=68a8a38c
2026-09-14T17:39:20.813787689Z [34m2026-09-14 17:39:20.813 UTC 0c79 INFO[0m [endorser] [34;1mcallChaincode[0m -> finished chaincode: kvstore duration: 0ms channel=mychannel txID=bd4dcb67
2026-09-14T17:39:20.813852041Z [34m2026-09-14 17:39:20.813 UTC 0c7b INFO[0m [comm.grpc.server] [34;1mfunc1[0m -> unary call completed grpc.service=protos.Endorser grpc.method=ProcessProposal grpc.request_deadline=2026-09-14T17:39:50.812Z grpc.peer_address=172.18.0.5:55100 grpc.peer_subject="CN=peer0.org1.example.com,L=San Francisco,ST=California,C=US" grpc.code=OK grpc.call_duration=1.026806ms
2026-09-14T17:39:20.813863002Z [34m2026-09-14 17:39:20.813 UTC 0c7c INFO[0m [comm.grpc.server] [34;1mfunc1[0m -> unary call completed grpc.service=protos.Endorser grpc.method=ProcessProposal grpc.request_deadline=2026-09-14T17:39:50.812Z grpc.peer_address=172.18.0.5:55100 grpc.peer_subject="CN=peer0.org1.example.com,L=San Francisco,ST=California,C=US" grpc.code=OK grpc.call_duration=1.040762ms
2026-09-14T17:39:20.853350752Z [34m2026-09-14 17:39:20.853 UTC 0c7d INFO[0m [endorser] [34;1mcallChaincode[0m -> finished chaincode: kvstore duration: 0ms channel=mychannel txID=be0d6633
2026-09-14T17:39:20.853388954Z [34m2026-09-14 17:39:20.853 UTC 0c7e INFO[0m [endorser] [34;1mcallChaincode[0m -> finished chaincode: kvstore duration: 0ms channel=mychannel txID=35fa5643
2026-09-14T17:39:20.853403291Z [34m2026-09-14 17:39:20.853 UTC 0c7f INFO[0m [comm.grpc.server] [34;1mfunc1[0m -> unary call completed grpc.service=protos.Endorser grpc.method=ProcessProposal grpc.request_deadline=2026-09-14T17:39:50.852Z grpc.peer_address=172.18.0.5:55100 grpc.peer_subject="CN=peer0.org1.example.com,L=San Francisco,ST=California,C=US" grpc.code=OK grpc.call_duration=805.106µs
2026-09-14T17:39:20.853492110Z [34m2026-09-14 17:39:20.853 UTC 0c80 INFO[0m [comm.grpc.server] [34;1mfunc1[0m -> unary call completed grpc.service=protos.Endorser grpc.method=ProcessProposal grpc.request_deadline=2026-09-14T17:39:50.852Z grpc.peer_address=172.18.0.5:55100 grpc.peer_subject="CN=peer0.org1.example.com,L=San Francisco,ST=California,C=US" grpc.code=OK grpc.call_duration=894.064µs
2026-09-14T17:39:20.893525422Z [34m2026-09-14 17:39:20.893 UTC 0c81 INFO[0m [endorser] [34;1mcallChaincode[0m -> finished chaincode: kvstore duration: 0ms channel=mychannel txID=ae475def
2026-09-14T17:39:20.893538697Z [34m2026-09-14 17:39:20.893 UTC 0c82 INFO[0m [endorser] [34;1mcallChaincode[0m -> finished chaincode: kvstore duration: 0ms channel=mychannel txID=14693dbe
2026-09-14T17:39:20.893590496Z [34m2026-09-14 17:39:20.893 UTC 0c83 INFO[0m [comm.grpc.server] [34;1mfunc1[0m -> unary call completed grpc.service=protos.Endorser grpc.method=ProcessProposal grpc.request_deadline=2026-09-14T17:39:50.892Z grpc.peer_address=172.18.0.5:55100 grpc.peer_subject="CN=peer0.org1.example.com,L=San Francisco,ST=California,C=US" grpc.code=OK grpc.call_duration=896.889µs
2026-09-14T17:39:20.893627345Z [34m2026-09-14 17:39:20.893 UTC 0c84 INFO[0m [comm.grpc.server] [34;1mfunc1[0m -> unary call completed grpc.service=protos.Endorser grpc.method=ProcessProposal grpc.request_deadline=2026-09-14T17:39:50.892Z grpc.peer_address=172.18.0.5:55100 grpc.peer_subject="CN=peer0.org1.example.com,L=San Francisco,ST=California,C=US" grpc.code=OK grpc.call_duration=931.665µs
2026-09-14T17:39:20.934564021Z [34m2026-09-14 17:39:20.934 UTC 0c85 INFO[0m [endorser] [34;1mcallChaincode[0m -> finished chaincode: kvstore duration: 0ms channel=mychannel txID=e801cab6
2026-09-14T17:39:20.934583157Z [34m2026-09-14 17:39:20.934 UTC 0c86 INFO[0m [endorser] [34;1mcallChaincode[0m -> finished chaincode: kvstore duration: 0ms channel=mychannel txID=92ac9b94
2026-09-14T17:39:20.934621259Z [34m2026-09-14 17:39:20.934 UTC 0c87 INFO[0m [comm.grpc.server] [34;1mfunc1[0m -> unary call completed grpc.service=protos.Endorser grpc.method=ProcessProposal grpc.request_deadline=2026-09-14T17:39:50.933Z grpc.peer_address=172.18.0.5:55100 grpc.peer_subject="CN=peer0.org1.example.com,L=San Francisco,ST=California,C=US" grpc.code=OK grpc.call_duration=907.158µs
2026-09-14T17:39:20.934688727Z [34m2026-09-14 17:39:20.934 UTC 0c88 INFO[0m [comm.grpc.server] [34;1mfunc1[0m -> unary call completed grpc.service=protos.Endorser grpc.method=ProcessProposal grpc.request_deadline=2026-09-14T17:39:50.933Z grpc.peer_address=172.18.0.5:55100 grpc.peer_subject="CN=peer0.org1.example.com,L=San Francisco,ST=California,C=US" grpc.code=OK grpc.call_duration=949.88µs
2026-09-14T17:39:20.973850218Z [34m2026-09-14 17:39:20.973 UTC 0c89 INFO[0m [endorser] [34;1mcallChaincode[0m -> finished chaincode: kvstore duration: 0ms channel=mychannel txID=1bcc2201
2026-09-14T17:39:20.973866028Z [34m2026-09-14 17:39:20.973 UTC 0c8a INFO[0m [endorser] [34;1mcallChaincode[0m -> finished chaincode: kvstore duration: 0ms channel=mychannel txID=4cbb2faa
2026-09-14T17:39:20.973915171Z [34m2026-09-14 17:39:20.973 UTC 0c8b INFO[0m [comm.grpc.server] [34;1mfunc1[0m -> unary call completed grpc.service=protos.Endorser grpc.method=ProcessProposal grpc.request_deadline=2026-09-14T17:39:50.972Z grpc.peer_address=172.18.0.5:55100 grpc.peer_subject="CN=peer0.org1.example.com,L=San Francisco,ST=California,C=US" grpc.code=OK grpc.call_duration=1.221284ms
2026-09-14T17:39:20.973945889Z [34m2026-09-14 17:39:20.973 UTC 0c8c INFO[0m [comm.grpc.server] [34;1mfunc1[0m -> unary call completed grpc.service=protos.Endorser grpc.method=ProcessProposal grpc.request_deadline=2026-09-14T17:39:50.972Z grpc.peer_address=172.18.0.5:55100 grpc.peer_subject="CN=peer0.org1.example.com,L=San Francisco,ST=California,C=US" grpc.code=OK grpc.call_duration=1.259386ms
2026-09-14T17:39:21.013214153Z [34m2026-09-14 17:39:21.013 UTC 0c8d INFO[0m [endorser] [34;1mcallChaincode[0m -> finished chaincode: kvstore duration: 0ms channel=mychannel txID=cd01de2b
2026-09-14T17:39:21.013227178Z [34m2026-09-14 17:39:21.013 UTC 0c8e INFO[0m [endorser] [34;1mcallChaincode[0m -> finished chaincode: kvstore duration: 0ms channel=mychannel txID=ed43a2e9
2026-09-14T17:39:21.013279156Z [34m2026-09-14 17:39:21.013 UTC 0c8f INFO[0m [comm.grpc.server] [34;1mfunc1[0m -> unary call completed grpc.service=protos.Endorser grpc.method=ProcessProposal grpc.request_deadline=2026-09-14T17:39:51.012Z grpc.peer_address=172.18.0.5:55100 grpc.peer_subject="CN=peer0.org1.example.com,L=San Francisco,ST=California,C=US" grpc.code=OK grpc.call_duration=915.564µs
2026-09-14T17:39:21.013300046Z [34m2026-09-14 17:39:21.013 UTC 0c90 INFO[0m [comm.grpc.server] [34;1mfunc1[0m -> unary call completed grpc.service=protos.Endorser grpc.method=ProcessProposal grpc.request_deadline=2026-09-14T17:39:51.012Z grpc.peer_address=172.18.0.5:55100 grpc.peer_subject="CN=peer0.org1.example.com,L=San Francisco,ST=California,C=US" grpc.code=OK grpc.call_duration=945.191µs
2026-09-14T17:39:21.053546873Z [34m2026-09-14 17:39:21.053 UTC 0c91 INFO[0m [endorser] [34;1mcallChaincode[0m -> finished chaincode: kvstore duration: 0ms channel=mychannel txID=43a2e26f
2026-09-14T17:39:21.053559337Z [34m2026-09-14 17:39:21.053 UTC 0c92 INFO[0m [endorser] [34;1mcallChaincode[0m -> finished chaincode: kvstore duration: 0ms channel=mychannel txID=387c93a5
2026-09-14T17:39:21.053600315Z [34m2026-09-14 17:39:21.053 UTC 0c93 INFO[0m [comm.grpc.server] [34;1mfunc1[0m -> unary call completed grpc.service=protos.Endorser grpc.method=ProcessProposal grpc.request_deadline=2026-09-14T17:39:51.052Z grpc.peer_address=172.18.0.5:55100 grpc.peer_subject="CN=peer0.org1.example.com,L=San Francisco,ST=California,C=US" grpc.code=OK grpc.call_duration=815.044µs
2026-09-14T17:39:21.053636072Z [34m2026-09-14 17:39:21.053 UTC 0c94 INFO[0m [comm.grpc.server] [34;1mfunc1[0m -> unary call completed grpc.service=protos.Endorser grpc.method=ProcessProposal grpc.request_deadline=2026-09-14T17:39:51.052Z grpc.peer_address=172.18.0.5:55100 grpc.peer_subject="CN=peer0.org1.example.com,L=San Francisco,ST=California,C=US" grpc.code=OK grpc.call_duration=853.428µs
2026-09-14T17:39:21.093747574Z [34m2026-09-14 17:39:21.093 UTC 0c95 INFO[0m [endorser] [34;1mcallChaincode[0m -> finished chaincode: kvstore duration: 0ms channel=mychannel txID=e35edeea
2026-09-14T17:39:21.093762101Z [34m2026-09-14 17:39:21.093 UTC 0c96 INFO[0m [endorser] [34;1mcallChaincode[0m -> finished chaincode: kvstore duration: 0ms channel=mychannel txID=3c1a77fb
2026-09-14T17:39:21.093858284Z [34m2026-09-14 17:39:21.093 UTC 0c97 INFO[0m [comm.grpc.server] [34;1mfunc1[0m -> unary call completed grpc.service=protos.Endorser grpc.method=ProcessProposal grpc.request_deadline=2026-09-14T17:39:51.092Z grpc.peer_address=172.18.0.5:55100 grpc.peer_subject="CN=peer0.org1.example.com,L=San Francisco,ST=California,C=US" grpc.code=OK grpc.call_duration=1.062694ms
2026-09-14T17:39:21.093866880Z [34m2026-09-14 17:39:21.093 UTC 0c98 INFO[0m [comm.grpc.server] [34;1mfunc1[0m -> unary call completed grpc.service=protos.Endorser grpc.method=ProcessProposal grpc.request_deadline=2026-09-14T17:39:51.092Z grpc.peer_address=172.18.0.5:55100 grpc.peer_subject="CN=peer0.org1.example.com,L=San Francisco,ST=California,C=US" grpc.code=OK grpc.call_duration=1.028178ms
2026-09-14T17:39:21.133158939Z [34m2026-09-14 17:39:21.133 UTC 0c99 INFO[0m [endorser] [34;1mcallChaincode[0m -> finished chaincode: kvstore duration: 0ms channel=mychannel txID=16fc79b3
2026-09-14T17:39:21.133176973Z [34m2026-09-14 17:39:21.133 UTC 0c9a INFO[0m [endorser] [34;1mcallChaincode[0m -> finished chaincode: kvstore duration: 0ms channel=mychannel txID=83264979
2026-09-14T17:39:21.133208803Z [34m2026-09-14 17:39:21.133 UTC 0c9b INFO[0m [comm.grpc.server] [34;1mfunc1[0m -> unary call completed grpc.service=protos.Endorser grpc.method=ProcessProposal grpc.request_deadline=2026-09-14T17:39:51.132Z grpc.peer_address=172.18.0.5:55100 grpc.peer_subject="CN=peer0.org1.example.com,L=San Francisco,ST=California,C=US" grpc.code=OK grpc.call_duration=900.987µs
2026-09-14T17:39:21.133220205Z [34m2026-09-14 17:39:21.133 UTC 0c9c INFO[0m [comm.grpc.server] [34;1mfunc1[0m -> unary call completed grpc.service=protos.Endorser grpc.method=ProcessProposal grpc.request_deadline=2026-09-14T17:39:51.132Z grpc.peer_address=172.18.0.5:55100 grpc.peer_subject="CN=peer0.org1.example.com,L=San Francisco,ST=California,C=US" grpc.code=OK grpc.call_duration=897.37µs
2026-09-14T17:39:21.174642460Z [34m2026-09-14 17:39:21.174 UTC 0c9d INFO[0m [endorser] [34;1mcallChaincode[0m -> finished chaincode: kvstore duration: 0ms channel=mychannel txID=e3081ca2
2026-09-14T17:39:21.174696221Z [34m2026-09-14 17:39:21.174 UTC 0c9e INFO[0m [endorser] [34;1mcallChaincode[0m -> finished chaincode: kvstore duration: 0ms channel=mychannel txID=833c8bf6
2026-09-14T17:39:21.174711821Z [34m2026-09-14 17:39:21.174 UTC 0c9f INFO[0m [comm.grpc.server] [34;1mfunc1[0m -> unary call completed grpc.service=protos.Endorser grpc.method=ProcessProposal grpc.request_deadline=2026-09-14T17:39:51.173Z grpc.peer_address=172.18.0.5:55100 grpc.peer_subject="CN=peer0.org1.example.com,L=San Francisco,ST=California,C=US" grpc.code=OK grpc.call_duration=856.663µs
2026-09-14T17:39:21.174757628Z [34m2026-09-14 17:39:21.174 UTC 0ca0 INFO[0m [comm.grpc.server] [34;1mfunc1[0m -> unary call completed grpc.service=protos.Endorser grpc.method=ProcessProposal grpc.request_deadline=2026-09-14T17:39:51.173Z grpc.peer_address=172.18.0.5:55100 grpc.peer_subject="CN=peer0.org1.example.com,L=San Francisco,ST=California,C=US" grpc.code=OK grpc.call_duration=828.76µs
2026-09-14T17:39:21.213720523Z [34m2026-09-14 17:39:21.213 UTC 0ca1 INFO[0m [endorser] [34;1mcallChaincode[0m -> finished chaincode: kvstore duration: 0ms channel=mychannel txID=9296532d
2026-09-14T17:39:21.213775838Z [34m2026-09-14 17:39:21.213 UTC 0ca2 INFO[0m [endorser] [34;1mcallChaincode[0m -> finished chaincode: kvstore duration: 0ms channel=mychannel txID=99cd8697
2026-09-14T17:39:21.213802709Z [34m2026-09-14 17:39:21.213 UTC 0ca3 INFO[0m [comm.grpc.server] [34;1mfunc1[0m -> unary call completed grpc.service=protos.Endorser grpc.method=ProcessProposal grpc.request_deadline=2026-09-14T17:39:51.212Z grpc.peer_address=172.18.0.5:55100 grpc.peer_subject="CN=peer0.org1.example.com,L=San Francisco,ST=California,C=US" grpc.code=OK grpc.call_duration=998.442µs
2026-09-14T17:39:21.213845710Z [34m2026-09-14 17:39:21.213 UTC 0ca4 INFO[0m [comm.grpc.server] [34;1mfunc1[0m -> unary call completed grpc.service=protos.Endorser grpc.method=ProcessProposal grpc.request_deadline=2026-09-14T17:39:51.212Z grpc.peer_address=172.18.0.5:55100 grpc.peer_subject="CN=peer0.org1.example.com,L=San Francisco,ST=California,C=US" grpc.code=OK grpc.call_duration=1.101718ms
2026-09-14T17:39:21.252994357Z [34m2026-09-14 17:39:21.252 UTC 0ca5 INFO[0m [endorser] [34;1mcallChaincode[0m -> finished chaincode: kvstore duration: 0ms channel=mychannel txID=34593c4f
2026-09-14T17:39:21.253007021Z [34m2026-09-14 17:39:21.252 UTC 0ca6 INFO[0m [endorser] [34;1mcallChaincode[0m -> finished chaincode: kvstore duration: 0ms channel=mychannel txID=3a413831
2026-09-14T17:39:21.253056184Z [34m2026-09-14 17:39:21.253 UTC 0ca7 INFO[0m [comm.grpc.server] [34;1mfunc1[0m -> unary call completed grpc.service=protos.Endorser grpc.method=ProcessProposal grpc.request_deadline=2026-09-14T17:39:51.252Z grpc.peer_address=172.18.0.5:55100 grpc.peer_subject="CN=peer0.org1.example.com,L=San Francisco,ST=California,C=US" grpc.code=OK grpc.call_duration=818.541µs
2026-09-14T17:39:21.253070932Z [34m2026-09-14 17:39:21.253 UTC 0ca8 INFO[0m [comm.grpc.server] [34;1mfunc1[0m -> unary call completed grpc.service=protos.Endorser grpc.method=ProcessProposal grpc.request_deadline=2026-09-14T17:39:51.252Z grpc.peer_address=172.18.0.5:55100 grpc.peer_subject="CN=peer0.org1.example.com,L=San Francisco,ST=California,C=US" grpc.code=OK grpc.call_duration=831.676µs
2026-09-14T17:39:21.293716395Z [34m2026-09-14 17:39:21.293 UTC 0caa INFO[0m [endorser] [34;1mcallChaincode[0m -> finished chaincode: kvstore duration: 0ms channel=mychannel txID=c9e208c6
2026-09-14T17:39:21.293779194Z [34m2026-09-14 17:39:21.293 UTC 0ca9 INFO[0m [endorser] [34;1mcallChaincode[0m -> finished chaincode: kvstore duration: 0ms channel=mychannel txID=7a708875
2026-09-14T17:39:21.293784825Z [34m2026-09-14 17:39:21.293 UTC 0cab INFO[0m [comm.grpc.server] [34;1mfunc1[0m -> unary call completed grpc.service=protos.Endorser grpc.method=ProcessProposal grpc.request_deadline=2026-09-14T17:39:51.292Z grpc.peer_address=172.18.0.5:55100 grpc.peer_subject="CN=peer0.org1.example.com,L=San Francisco,ST=California,C=US" grpc.code=OK grpc.call_duration=826.816µs
2026-09-14T17:39:21.293855319Z [34m2026-09-14 17:39:21.293 UTC 0cac INFO[0m [comm.grpc.server] [34;1mfunc1[0m -> unary call completed grpc.service=protos.Endorser grpc.method=ProcessProposal grpc.request_deadline=2026-09-14T17:39:51.292Z grpc.peer_address=172.18.0.5:55100 grpc.peer_subject="CN=peer0.org1.example.com,L=San Francisco,ST=California,C=US" grpc.code=OK grpc.call_duration=887.201µs
2026-09-14T17:39:21.334122635Z [34m2026-09-14 17:39:21.334 UTC 0cad INFO[0m [endorser] [34;1mcallChaincode[0m -> finished chaincode: kvstore duration: 0ms channel=mychannel txID=34267511
2026-09-14T17:39:21.334139467Z [34m2026-09-14 17:39:21.334 UTC 0cae INFO[0m [endorser] [34;1mcallChaincode[0m -> finished chaincode: kvstore duration: 0ms channel=mychannel txID=e83b5a65
2026-09-14T17:39:21.334175545Z [34m2026-09-14 17:39:21.334 UTC 0caf INFO[0m [comm.grpc.server] [34;1mfunc1[0m -> unary call completed grpc.service=protos.Endorser grpc.method=ProcessProposal grpc.request_deadline=2026-09-14T17:39:51.332Z grpc.peer_address=172.18.0.5:55100 grpc.peer_subject="CN=peer0.org1.example.com,L=San Francisco,ST=California,C=US" grpc.code=OK grpc.call_duration=1.085116ms
2026-09-14T17:39:21.334182889Z [34m2026-09-14 17:39:21.334 UTC 0cb0 INFO[0m [comm.grpc.server] [34;1mfunc1[0m -> unary call completed grpc.service=protos.Endorser grpc.method=ProcessProposal grpc.request_deadline=2026-09-14T17:39:51.333Z grpc.peer_address=172.18.0.5:55100 grpc.peer_subject="CN=peer0.org1.example.com,L=San Francisco,ST=California,C=US" grpc.code=OK grpc.call_duration=1.085136ms
2026-09-14T17:39:21.373666581Z [34m2026-09-14 17:39:21.373 UTC 0cb1 INFO[0m [endorser] [34;1mcallChaincode[0m -> finished chaincode: kvstore duration: 0ms channel=mychannel txID=a1ff38d0
2026-09-14T17:39:21.373681640Z [34m2026-09-14 17:39:21.373 UTC 0cb2 INFO[0m [endorser] [34;1mcallChaincode[0m -> finished chaincode: kvstore duration: 0ms channel=mychannel txID=b4c0dea3
2026-09-14T17:39:21.373731094Z [34m2026-09-14 17:39:21.373 UTC 0cb3 INFO[0m [comm.grpc.server] [34;1mfunc1[0m -> unary call completed grpc.service=protos.Endorser grpc.method=ProcessProposal grpc.request_deadline=2026-09-14T17:39:51.372Z grpc.peer_address=172.18.0.5:55100 grpc.peer_subject="CN=peer0.org1.example.com,L=San Francisco,ST=California,C=US" grpc.code=OK grpc.call_duration=939.961µs
2026-09-14T17:39:21.373762633Z [34m2026-09-14 17:39:21.373 UTC 0cb4 INFO[0m [comm.grpc.server] [34;1mfunc1[0m -> unary call completed grpc.service=protos.Endorser grpc.method=ProcessProposal grpc.request_deadline=2026-09-14T17:39:51.372Z grpc.peer_address=172.18.0.5:55100 grpc.peer_subject="CN=peer0.org1.example.com,L=San Francisco,ST=California,C=US" grpc.code=OK grpc.call_duration=964.919µs
2026-09-14T17:39:21.413182194Z [34m2026-09-14 17:39:21.413 UTC 0cb5 INFO[0m [endorser] [34;1mcallChaincode[0m -> finished chaincode: kvstore duration: 0ms channel=mychannel txID=69fb820f
2026-09-14T17:39:21.413196631Z [34m2026-09-14 17:39:21.413 UTC 0cb6 INFO[0m [endorser] [34;1mcallChaincode[0m -> finished chaincode: kvstore duration: 0ms channel=mychannel txID=055bd02f
2026-09-14T17:39:21.413250463Z [34m2026-09-14 17:39:21.413 UTC 0cb7 INFO[0m [comm.grpc.server] [34;1mfunc1[0m -> unary call completed grpc.service=protos.Endorser grpc.method=ProcessProposal grpc.request_deadline=2026-09-14T17:39:51.412Z grpc.peer_address=172.18.0.5:55100 grpc.peer_subject="CN=peer0.org1.example.com,L=San Francisco,ST=California,C=US" grpc.code=OK grpc.call_duration=1.033608ms
2026-09-14T17:39:21.413260783Z [34m2026-09-14 17:39:21.413 UTC 0cb8 INFO[0m [comm.grpc.server] [34;1mfunc1[0m -> unary call completed grpc.service=protos.Endorser grpc.method=ProcessProposal grpc.request_deadline=2026-09-14T17:39:51.412Z grpc.peer_address=172.18.0.5:55100 grpc.peer_subject="CN=peer0.org1.example.com,L=San Francisco,ST=California,C=US" grpc.code=OK grpc.call_duration=1.03435ms
2026-09-14T17:39:21.453245805Z [34m2026-09-14 17:39:21.453 UTC 0cb9 INFO[0m [endorser] [34;1mcallChaincode[0m -> finished chaincode: kvstore duration: 0ms channel=mychannel txID=22f81ddd
2026-09-14T17:39:21.453306269Z [34m2026-09-14 17:39:21.453 UTC 0cba INFO[0m [comm.grpc.server] [34;1mfunc1[0m -> unary call completed grpc.service=protos.Endorser grpc.method=ProcessProposal grpc.request_deadline=2026-09-14T17:39:51.452Z grpc.peer_address=172.18.0.5:55100 grpc.peer_subject="CN=peer0.org1.example.com,L=San Francisco,ST=California,C=US" grpc.code=OK grpc.call_duration=776.3µs
2026-09-14T17:39:21.453504174Z [34m2026-09-14 17:39:21.453 UTC 0cbb INFO[0m [endorser] [34;1mcallChaincode[0m -> finished chaincode: kvstore duration: 0ms channel=mychannel txID=d4e1e65a
2026-09-14T17:39:21.453593213Z [34m2026-09-14 17:39:21.453 UTC 0cbc INFO[0m [comm.grpc.server] [34;1mfunc1[0m -> unary call completed grpc.service=protos.Endorser grpc.method=ProcessProposal grpc.request_deadline=2026-09-14T17:39:51.452Z grpc.peer_address=172.18.0.5:55100 grpc.peer_subject="CN=peer0.org1.example.com,L=San Francisco,ST=California,C=US" grpc.code=OK grpc.call_duration=1.009553ms
2026-09-14T17:39:21.493466573Z [34m2026-09-14 17:39:21.493 UTC 0cbd INFO[0m [endorser] [34;1mcallChaincode[0m -> finished chaincode: kvstore duration: 0ms channel=mychannel txID=a903ce58
2026-09-14T17:39:21.493493484Z [34m2026-09-14 17:39:21.493 UTC 0cbe INFO[0m [endorser] [34;1mcallChaincode[0m -> finished chaincode: kvstore duration: 0ms channel=mychannel txID=ccfb105a
2026-09-14T17:39:21.493542166Z [34m2026-09-14 17:39:21.493 UTC 0cbf INFO[0m [comm.grpc.server] [34;1mfunc1[0m -> unary call completed grpc.service=protos.Endorser grpc.method=ProcessProposal grpc.request_deadline=2026-09-14T17:39:51.492Z grpc.peer_address=172.18.0.5:55100 grpc.peer_subject="CN=peer0.org1.example.com,L=San Francisco,ST=California,C=US" grpc.code=OK grpc.call_duration=839.621µs
2026-09-14T17:39:21.493553348Z [34m2026-09-14 17:39:21.493 UTC 0cc0 INFO[0m [comm.grpc.server] [34;1mfunc1[0m -> unary call completed grpc.service=protos.Endorser grpc.method=ProcessProposal grpc.request_deadline=2026-09-14T17:39:51.492Z grpc.peer_address=172.18.0.5:55100 grpc.peer_subject="CN=peer0.org1.example.com,L=San Francisco,ST=California,C=US" grpc.code=OK grpc.call_duration=859.609µs
2026-09-14T17:39:21.533088557Z [34m2026-09-14 17:39:21.533 UTC 0cc1 INFO[0m [endorser] [34;1mcallChaincode[0m -> finished chaincode: kvstore duration: 0ms channel=mychannel txID=25623c69
2026-09-14T17:39:21.533145034Z [34m2026-09-14 17:39:21.533 UTC 0cc2 INFO[0m [endorser] [34;1mcallChaincode[0m -> finished chaincode: kvstore duration: 0ms channel=mychannel txID=59261848
2026-09-14T17:39:21.533155955Z [34m2026-09-14 17:39:21.533 UTC 0cc3 INFO[0m [comm.grpc.server] [34;1mfunc1[0m -> unary call completed grpc.service=protos.Endorser grpc.method=ProcessProposal grpc.request_deadline=2026-09-14T17:39:51.532Z grpc.peer_address=172.18.0.5:55100 grpc.peer_subject="CN=peer0.org1.example.com,L=San Francisco,ST=California,C=US" grpc.code=OK grpc.call_duration=894.665µs
2026-09-14T17:39:21.533224996Z [34m2026-09-14 17:39:21.533 UTC 0cc4 INFO[0m [comm.grpc.server] [34;1mfunc1[0m -> unary call completed grpc.service=protos.Endorser grpc.method=ProcessProposal grpc.request_deadline=2026-09-14T17:39:51.532Z grpc.peer_address=172.18.0.5:55100 grpc.peer_subject="CN=peer0.org1.example.com,L=San Francisco,ST=California,C=US" grpc.code=OK grpc.call_duration=959.778µs
2026-09-14T17:39:21.573349422Z [34m2026-09-14 17:39:21.573 UTC 0cc5 INFO[0m [endorser] [34;1mcallChaincode[0m -> finished chaincode: kvstore duration: 0ms channel=mychannel txID=ccb86060
2026-09-14T17:39:21.573364260Z [34m2026-09-14 17:39:21.573 UTC 0cc6 INFO[0m [endorser] [34;1mcallChaincode[0m -> finished chaincode: kvstore duration: 0ms channel=mychannel txID=cae30cd4
2026-09-14T17:39:21.573418543Z [34m2026-09-14 17:39:21.573 UTC 0cc7 INFO[0m [comm.grpc.server] [34;1mfunc1[0m -> unary call completed grpc.service=protos.Endorser grpc.method=ProcessProposal grpc.request_deadline=2026-09-14T17:39:51.572Z grpc.peer_address=172.18.0.5:55100 grpc.peer_subject="CN=peer0.org1.example.com,L=San Francisco,ST=California,C=US" grpc.code=OK grpc.call_duration=1.051041ms
2026-09-14T17:39:21.573440164Z [34m2026-09-14 17:39:21.573 UTC 0cc8 INFO[0m [comm.grpc.server] [34;1mfunc1[0m -> unary call completed grpc.service=protos.Endorser grpc.method=ProcessProposal grpc.request_deadline=2026-09-14T17:39:51.572Z grpc.peer_address=172.18.0.5:55100 grpc.peer_subject="CN=peer0.org1.example.com,L=San Francisco,ST=California,C=US" grpc.code=OK grpc.call_duration=1.100065ms
2026-09-14T17:39:21.613682282Z [34m2026-09-14 17:39:21.613 UTC 0cca INFO[0m [endorser] [34;1mcallChaincode[0m -> finished chaincode: kvstore duration: 0ms channel=mychannel txID=75a086a4
2026-09-14T17:39:21.613725013Z [34m2026-09-14 17:39:21.613 UTC 0cc9 INFO[0m [endorser] [34;1mcallChaincode[0m -> finished chaincode: kvstore duration: 0ms channel=mychannel txID=ce32ffcb
2026-09-14T17:39:21.613740222Z [34m2026-09-14 17:39:21.613 UTC 0ccb INFO[0m [comm.grpc.server] [34;1mfunc1[0m -> unary call completed grpc.service=protos.Endorser grpc.method=ProcessProposal grpc.request_deadline=2026-09-14T17:39:51.612Z grpc.peer_address=172.18.0.5:55100 grpc.peer_subject="CN=peer0.org1.example.com,L=San Francisco,ST=California,C=US" grpc.code=OK grpc.call_duration=801.609µs
2026-09-14T17:39:21.613794395Z [34m2026-09-14 17:39:21.613 UTC 0ccc INFO[0m [comm.grpc.server] [34;1mfunc1[0m -> unary call completed grpc.service=protos.Endorser grpc.method=ProcessProposal grpc.request_deadline=2026-09-14T17:39:51.612Z grpc.peer_address=172.18.0.5:55100 grpc.peer_subject="CN=peer0.org1.example.com,L=San Francisco,ST=California,C=US" grpc.code=OK grpc.call_duration=854.098µs
2026-09-14T17:39:21.654304972Z [34m2026-09-14 17:39:21.654 UTC 0cce INFO[0m [endorser] [34;1mcallChaincode[0m -> finished chaincode: kvstore duration: 0ms channel=mychannel txID=00474b1c
2026-09-14T17:39:21.654337514Z [34m2026-09-14 17:39:21.654 UTC 0ccd INFO[0m [endorser] [34;1mcallChaincode[0m -> finished chaincode: kvstore duration: 0ms channel=mychannel txID=4db47b45
2026-09-14T17:39:21.654401886Z [34m2026-09-14 17:39:21.654 UTC 0ccf INFO[0m [comm.grpc.server] [34;1mfunc1[0m -> unary call completed grpc.service=protos.Endorser grpc.method=ProcessProposal grpc.request_deadline=2026-09-14T17:39:51.652Z grpc.peer_address=172.18.0.5:55100 grpc.peer_subject="CN=peer0.org1.example.com,L=San Francisco,ST=California,C=US" grpc.code=OK grpc.call_duration=1.278512ms
2026-09-14T17:39:21.654408128Z [34m2026-09-14 17:39:21.654 UTC 0cd0 INFO[0m [comm.grpc.server] [34;1mfunc1[0m -> unary call completed grpc.service=protos.Endorser grpc.method=ProcessProposal grpc.request_deadline=2026-09-14T17:39:51.652Z grpc.peer_address=172.18.0.5:55100 grpc.peer_subject="CN=peer0.org1.example.com,L=San Francisco,ST=California,C=US" grpc.code=OK grpc.call_duration=1.284013ms
2026-09-14T17:39:21.668203777Z [34m2026-09-14 17:39:21.668 UTC 0cd1 INFO[0m [gossip.privdata] [34;1mStoreBlock[0m -> Received block [33] from buffer channel=mychannel
2026-09-14T17:39:21.677625990Z [34m2026-09-14 17:39:21.677 UTC 0cd2 INFO[0m [committer.txvalidator] [34;1mValidate[0m -> [mychannel] Validated block [33] in 9ms
2026-09-14T17:39:21.714369520Z [34m2026-09-14 17:39:21.714 UTC 0cd3 INFO[0m [kvledger] [34;1mcommit[0m -> [mychannel] Committed block [33] with 52 transaction(s) in 36ms (state_validation=0ms block_and_pvtdata_commit=18ms state_commit=5ms) commitHash=[0b7ba48a2f373d1fa7e071b0e663b15ee7e097414d16678538b7ac79616d6a3b]
2026-09-14T17:39:21.715221885Z [34m2026-09-14 17:39:21.715 UTC 0cd4 INFO[0m [endorser] [34;1mcallChaincode[0m -> finished chaincode: kvstore duration: 0ms channel=mychannel txID=bef025d9
2026-09-14T17:39:21.715244268Z [34m2026-09-14 17:39:21.715 UTC 0cd5 INFO[0m [endorser] [34;1mcallChaincode[0m -> finished chaincode: kvstore duration: 0ms channel=mychannel txID=a0ee36ef
2026-09-14T17:39:21.715330260Z [34m2026-09-14 17:39:21.715 UTC 0cd6 INFO[0m [comm.grpc.server] [34;1mfunc1[0m -> unary call completed grpc.service=protos.Endorser grpc.method=ProcessProposal grpc.request_deadline=2026-09-14T17:39:51.71Z grpc.peer_address=172.18.0.5:55100 grpc.peer_subject="CN=peer0.org1.example.com,L=San Francisco,ST=California,C=US" grpc.code=OK grpc.call_duration=4.720564ms
2026-09-14T17:39:21.715343315Z [34m2026-09-14 17:39:21.715 UTC 0cd7 INFO[0m [comm.grpc.server] [34;1mfunc1[0m -> unary call completed grpc.service=protos.Endorser grpc.method=ProcessProposal grpc.request_deadline=2026-09-14T17:39:51.71Z grpc.peer_address=172.18.0.5:55100 grpc.peer_subject="CN=peer0.org1.example.com,L=San Francisco,ST=California,C=US" grpc.code=OK grpc.call_duration=4.91343ms
2026-09-14T17:39:21.732990723Z [34m2026-09-14 17:39:21.732 UTC 0cd8 INFO[0m [endorser] [34;1mcallChaincode[0m -> finished chaincode: kvstore duration: 0ms channel=mychannel txID=5ad87bd8
2026-09-14T17:39:21.733002415Z [34m2026-09-14 17:39:21.732 UTC 0cd9 INFO[0m [endorser] [34;1mcallChaincode[0m -> finished chaincode: kvstore duration: 0ms channel=mychannel txID=74188132
2026-09-14T17:39:21.733050215Z [34m2026-09-14 17:39:21.733 UTC 0cda INFO[0m [comm.grpc.server] [34;1mfunc1[0m -> unary call completed grpc.service=protos.Endorser grpc.method=ProcessProposal grpc.request_deadline=2026-09-14T17:39:51.732Z grpc.peer_address=172.18.0.5:55100 grpc.peer_subject="CN=peer0.org1.example.com,L=San Francisco,ST=California,C=US" grpc.code=OK grpc.call_duration=697.14µs
2026-09-14T17:39:21.733068540Z [34m2026-09-14 17:39:21.733 UTC 0cdb INFO[0m [comm.grpc.server] [34;1mfunc1[0m -> unary call completed grpc.service=protos.Endorser grpc.method=ProcessProposal grpc.request_deadline=2026-09-14T17:39:51.732Z grpc.peer_address=172.18.0.5:55100 grpc.peer_subject="CN=peer0.org1.example.com,L=San Francisco,ST=California,C=US" grpc.code=OK grpc.call_duration=764.589µs
2026-09-14T17:39:21.774045832Z [34m2026-09-14 17:39:21.773 UTC 0cdc INFO[0m [endorser] [34;1mcallChaincode[0m -> finished chaincode: kvstore duration: 0ms channel=mychannel txID=09ba4adc
2026-09-14T17:39:21.774084726Z [34m2026-09-14 17:39:21.773 UTC 0cdd INFO[0m [endorser] [34;1mcallChaincode[0m -> finished chaincode: kvstore duration: 0ms channel=mychannel txID=851dab1c
2026-09-14T17:39:21.774100826Z [34m2026-09-14 17:39:21.774 UTC 0cde INFO[0m [comm.grpc.server] [34;1mfunc1[0m -> unary call completed grpc.service=protos.Endorser grpc.method=ProcessProposal grpc.request_deadline=2026-09-14T17:39:51.773Z grpc.peer_address=172.18.0.5:55100 grpc.peer_subject="CN=peer0.org1.example.com,L=San Francisco,ST=California,C=US" grpc.code=OK grpc.call_duration=1.005676ms
2026-09-14T17:39:21.774157404Z [34m2026-09-14 17:39:21.774 UTC 0cdf INFO[0m [comm.grpc.server] [34;1mfunc1[0m -> unary call completed grpc.service=protos.Endorser grpc.method=ProcessProposal grpc.request_deadline=2026-09-14T17:39:51.772Z grpc.peer_address=172.18.0.5:55100 grpc.peer_subject="CN=peer0.org1.example.com,L=San Francisco,ST=California,C=US" grpc.code=OK grpc.call_duration=1.026655ms
2026-09-14T17:39:21.813267437Z [34m2026-09-14 17:39:21.813 UTC 0ce1 INFO[0m [endorser] [34;1mcallChaincode[0m -> finished chaincode: kvstore duration: 0ms channel=mychannel txID=33cc1a86
2026-09-14T17:39:21.813309206Z [34m2026-09-14 17:39:21.813 UTC 0ce0 INFO[0m [endorser] [34;1mcallChaincode[0m -> finished chaincode: kvstore duration: 0ms channel=mychannel txID=b131280c
2026-09-14T17:39:21.813340626Z [34m2026-09-14 17:39:21.813 UTC 0ce2 INFO[0m [comm.grpc.server] [34;1mfunc1[0m -> unary call completed grpc.service=protos.Endorser grpc.method=ProcessProposal grpc.request_deadline=2026-09-14T17:39:51.812Z grpc.peer_address=172.18.0.5:55100 grpc.peer_subject="CN=peer0.org1.example.com,L=San Francisco,ST=California,C=US" grpc.code=OK grpc.call_duration=781.51µs
2026-09-14T17:39:21.813380051Z [34m2026-09-14 17:39:21.813 UTC 0ce3 INFO[0m [comm.grpc.server] [34;1mfunc1[0m -> unary call completed grpc.service=protos.Endorser grpc.method=ProcessProposal grpc.request_deadline=2026-09-14T17:39:51.812Z grpc.peer_address=172.18.0.5:55100 grpc.peer_subject="CN=peer0.org1.example.com,L=San Francisco,ST=California,C=US" grpc.code=OK grpc.call_duration=864.358µs
2026-09-14T17:39:21.853459511Z [34m2026-09-14 17:39:21.853 UTC 0ce4 INFO[0m [endorser] [34;1mcallChaincode[0m -> finished chaincode: kvstore duration: 0ms channel=mychannel txID=d0b550d8
2026-09-14T17:39:21.853472336Z [34m2026-09-14 17:39:21.853 UTC 0ce5 INFO[0m [endorser] [34;1mcallChaincode[0m -> finished chaincode: kvstore duration: 0ms channel=mychannel txID=949baf28
2026-09-14T17:39:21.853530516Z [34m2026-09-14 17:39:21.853 UTC 0ce6 INFO[0m [comm.grpc.server] [34;1mfunc1[0m -> unary call completed grpc.service=protos.Endorser grpc.method=ProcessProposal grpc.request_deadline=2026-09-14T17:39:51.852Z grpc.peer_address=172.18.0.5:55100 grpc.peer_subject="CN=peer0.org1.example.com,L=San Francisco,ST=California,C=US" grpc.code=OK grpc.call_duration=867.393µs
2026-09-14T17:39:21.853540755Z [34m2026-09-14 17:39:21.853 UTC 0ce7 INFO[0m [comm.grpc.server] [34;1mfunc1[0m -> unary call completed grpc.service=protos.Endorser grpc.method=ProcessProposal grpc.request_deadline=2026-09-14T17:39:51.852Z grpc.peer_address=172.18.0.5:55100 grpc.peer_subject="CN=peer0.org1.example.com,L=San Francisco,ST=California,C=US" grpc.code=OK grpc.call_duration=867.493µs
2026-09-14T17:39:21.893627510Z [34m2026-09-14 17:39:21.893 UTC 0ce8 INFO[0m [endorser] [34;1mcallChaincode[0m -> finished chaincode: kvstore duration: 0ms channel=mychannel txID=fd6396f9
2026-09-14T17:39:21.893642228Z [34m2026-09-14 17:39:21.893 UTC 0ce9 INFO[0m [endorser] [34;1mcallChaincode[0m -> finished chaincode: kvstore duration: 0ms channel=mychannel txID=a58e35fb
2026-09-14T17:39:21.893689688Z [34m2026-09-14 17:39:21.893 UTC 0cea INFO[0m [comm.grpc.server] [34;1mfunc1[0m -> unary call completed grpc.service=protos.Endorser grpc.method=ProcessProposal grpc.request_deadline=2026-09-14T17:39:51.892Z grpc.peer_address=172.18.0.5:55100 grpc.peer_subject="CN=peer0.org1.example.com,L=San Francisco,ST=California,C=US" grpc.code=OK grpc.call_duration=813.692µs
2026-09-14T17:39:21.893705267Z [34m2026-09-14 17:39:21.893 UTC 0ceb INFO[0m [comm.grpc.server] [34;1mfunc1[0m -> unary call completed grpc.service=protos.Endorser grpc.method=ProcessProposal grpc.request_deadline=2026-09-14T17:39:51.892Z grpc.peer_address=172.18.0.5:55100 grpc.peer_subject="CN=peer0.org1.example.com,L=San Francisco,ST=California,C=US" grpc.code=OK grpc.call_duration=805.065µs
2026-09-14T17:39:21.933014779Z [34m2026-09-14 17:39:21.932 UTC 0cec INFO[0m [endorser] [34;1mcallChaincode[0m -> finished chaincode: kvstore duration: 0ms channel=mychannel txID=9d288eb9
2026-09-14T17:39:21.933027122Z [34m2026-09-14 17:39:21.932 UTC 0ced INFO[0m [endorser] [34;1mcallChaincode[0m -> finished chaincode: kvstore duration: 0ms channel=mychannel txID=1e708508
2026-09-14T17:39:21.933080003Z [34m2026-09-14 17:39:21.933 UTC 0cee INFO[0m [comm.grpc.server] [34;1mfunc1[0m -> unary call completed grpc.service=protos.Endorser grpc.method=ProcessProposal grpc.request_deadline=2026-09-14T17:39:51.932Z grpc.peer_address=172.18.0.5:55100 grpc.peer_subject="CN=peer0.org1.example.com,L=San Francisco,ST=California,C=US" grpc.code=OK grpc.call_duration=893.282µs
2026-09-14T17:39:21.933088409Z [34m2026-09-14 17:39:21.933 UTC 0cef INFO[0m [comm.grpc.server] [34;1mfunc1[0m -> unary call completed grpc.service=protos.Endorser grpc.method=ProcessProposal grpc.request_deadline=2026-09-14T17:39:51.932Z grpc.peer_address=172.18.0.5:55100 grpc.peer_subject="CN=peer0.org1.example.com,L=San Francisco,ST=California,C=US" grpc.code=OK grpc.call_duration=889.465µs
2026-09-14T17:39:21.973571464Z [34m2026-09-14 17:39:21.973 UTC 0cf0 INFO[0m [endorser] [34;1mcallChaincode[0m -> finished chaincode: kvstore duration: 0ms channel=mychannel txID=bff5f808
2026-09-14T17:39:21.973593135Z [34m2026-09-14 17:39:21.973 UTC 0cf1 INFO[0m [endorser] [34;1mcallChaincode[0m -> finished chaincode: kvstore duration: 0ms channel=mychannel txID=9aa53802
2026-09-14T17:39:21.973600789Z [34m2026-09-14 17:39:21.973 UTC 0cf2 INFO[0m [comm.grpc.server] [34;1mfunc1[0m -> unary call completed grpc.service=protos.Endorser grpc.method=ProcessProposal grpc.request_deadline=2026-09-14T17:39:51.972Z grpc.peer_address=172.18.0.5:55100 grpc.peer_subject="CN=peer0.org1.example.com,L=San Francisco,ST=California,C=US" grpc.code=OK grpc.call_duration=738.148µs
2026-09-14T17:39:21.973689457Z [34m2026-09-14 17:39:21.973 UTC 0cf3 INFO[0m [comm.grpc.server] [34;1mfunc1[0m -> unary call completed grpc.service=protos.Endorser grpc.method=ProcessProposal grpc.request_deadline=2026-09-14T17:39:51.972Z grpc.peer_address=172.18.0.5:55100 grpc.peer_subject="CN=peer0.org1.example.com,L=San Francisco,ST=California,C=US" grpc.code=OK grpc.call_duration=821.065µs
2026-09-14T17:39:22.013969148Z [34m2026-09-14 17:39:22.013 UTC 0cf4 INFO[0m [endorser] [34;1mcallChaincode[0m -> finished chaincode: kvstore duration: 0ms channel=mychannel txID=b0b29ebc
2026-09-14T17:39:22.013980659Z [34m2026-09-14 17:39:22.013 UTC 0cf5 INFO[0m [endorser] [34;1mcallChaincode[0m -> finished chaincode: kvstore duration: 0ms channel=mychannel txID=38235ac7
2026-09-14T17:39:22.014044039Z [34m2026-09-14 17:39:22.014 UTC 0cf6 INFO[0m [comm.grpc.server] [34;1mfunc1[0m -> unary call completed grpc.service=protos.Endorser grpc.method=ProcessProposal grpc.request_deadline=2026-09-14T17:39:52.013Z grpc.peer_address=172.18.0.5:55100 grpc.peer_subject="CN=peer0.org1.example.com,L=San Francisco,ST=California,C=US" grpc.code=OK grpc.call_duration=779.297µs
2026-09-14T17:39:22.014070399Z [34m2026-09-14 17:39:22.014 UTC 0cf7 INFO[0m [comm.grpc.server] [34;1mfunc1[0m -> unary call completed grpc.service=protos.Endorser grpc.method=ProcessProposal grpc.request_deadline=2026-09-14T17:39:52.013Z grpc.peer_address=172.18.0.5:55100 grpc.peer_subject="CN=peer0.org1.example.com,L=San Francisco,ST=California,C=US" grpc.code=OK grpc.call_duration=822.178µs
2026-09-14T17:39:22.053375593Z [34m2026-09-14 17:39:22.053 UTC 0cf8 INFO[0m [endorser] [34;1mcallChaincode[0m -> finished chaincode: kvstore duration: 0ms channel=mychannel txID=e1b767cd
2026-09-14T17:39:22.053407454Z [34m2026-09-14 17:39:22.053 UTC 0cf9 INFO[0m [endorser] [34;1mcallChaincode[0m -> finished chaincode: kvstore duration: 0ms channel=mychannel txID=f3103b02
2026-09-14T17:39:22.053427041Z [34m2026-09-14 17:39:22.053 UTC 0cfa INFO[0m [comm.grpc.server] [34;1mfunc1[0m -> unary call completed grpc.service=protos.Endorser grpc.method=ProcessProposal grpc.request_deadline=2026-09-14T17:39:52.052Z grpc.peer_address=172.18.0.5:55100 grpc.peer_subject="CN=peer0.org1.example.com,L=San Francisco,ST=California,C=US" grpc.code=OK grpc.call_duration=806.127µs
2026-09-14T17:39:22.053516610Z [34m2026-09-14 17:39:22.053 UTC 0cfb INFO[0m [comm.grpc.server] [34;1mfunc1[0m -> unary call completed grpc.service=protos.Endorser grpc.method=ProcessProposal grpc.request_deadline=2026-09-14T17:39:52.052Z grpc.peer_address=172.18.0.5:55100 grpc.peer_subject="CN=peer0.org1.example.com,L=San Francisco,ST=California,C=US" grpc.code=OK grpc.call_duration=863.096µs
2026-09-14T17:39:22.093907862Z [34m2026-09-14 17:39:22.093 UTC 0cfc INFO[0m [endorser] [34;1mcallChaincode[0m -> finished chaincode: kvstore duration: 0ms channel=mychannel txID=df9d85c7
2026-09-14T17:39:22.093931777Z [34m2026-09-14 17:39:22.093 UTC 0cfd INFO[0m [endorser] [34;1mcallChaincode[0m -> finished chaincode: kvstore duration: 0ms channel=mychannel txID=233188f5
2026-09-14T17:39:22.094165220Z [34m2026-09-14 17:39:22.094 UTC 0cfe INFO[0m [comm.grpc.server] [34;1mfunc1[0m -> unary call completed grpc.service=protos.Endorser grpc.method=ProcessProposal grpc.request_deadline=2026-09-14T17:39:52.092Z grpc.peer_address=172.18.0.5:55100 grpc.peer_subject="CN=peer0.org1.example.com,L=San Francisco,ST=California,C=US" grpc.code=OK grpc.call_duration=1.216064ms
2026-09-14T17:39:22.094174357Z [34m2026-09-14 17:39:22.094 UTC 0cff INFO[0m [comm.grpc.server] [34;1mfunc1[0m -> unary call completed grpc.service=protos.Endorser grpc.method=ProcessProposal grpc.request_deadline=2026-09-14T17:39:52.092Z grpc.peer_address=172.18.0.5:55100 grpc.peer_subject="CN=peer0.org1.example.com,L=San Francisco,ST=California,C=US" grpc.code=OK grpc.call_duration=1.227876ms
2026-09-14T17:39:22.133707723Z [34m2026-09-14 17:39:22.133 UTC 0d00 INFO[0m [endorser] [34;1mcallChaincode[0m -> finished chaincode: kvstore duration: 0ms channel=mychannel txID=1f0f9da5
2026-09-14T17:39:22.133746647Z [34m2026-09-14 17:39:22.133 UTC 0d01 INFO[0m [endorser] [34;1mcallChaincode[0m -> finished chaincode: kvstore duration: 0ms channel=mychannel txID=2668b315
2026-09-14T17:39:22.133779349Z [34m2026-09-14 17:39:22.133 UTC 0d02 INFO[0m [comm.grpc.server] [34;1mfunc1[0m -> unary call completed grpc.service=protos.Endorser grpc.method=ProcessProposal grpc.request_deadline=2026-09-14T17:39:52.132Z grpc.peer_address=172.18.0.5:55100 grpc.peer_subject="CN=peer0.org1.example.com,L=San Francisco,ST=California,C=US" grpc.code=OK grpc.call_duration=809.934µs
2026-09-14T17:39:22.133811319Z [34m2026-09-14 17:39:22.133 UTC 0d03 INFO[0m [comm.grpc.server] [34;1mfunc1[0m -> unary call completed grpc.service=protos.Endorser grpc.method=ProcessProposal grpc.request_deadline=2026-09-14T17:39:52.132Z grpc.peer_address=172.18.0.5:55100 grpc.peer_subject="CN=peer0.org1.example.com,L=San Francisco,ST=California,C=US" grpc.code=OK grpc.call_duration=811.307µs
2026-09-14T17:39:22.172857613Z [34m2026-09-14 17:39:22.172 UTC 0d04 INFO[0m [endorser] [34;1mcallChaincode[0m -> finished chaincode: kvstore duration: 0ms channel=mychannel txID=4f815350
2026-09-14T17:39:22.172870587Z [34m2026-09-14 17:39:22.172 UTC 0d05 INFO[0m [endorser] [34;1mcallChaincode[0m -> finished chaincode: kvstore duration: 0ms channel=mychannel txID=e83b6ce1
2026-09-14T17:39:22.172899733Z [34m2026-09-14 17:39:22.172 UTC 0d06 INFO[0m [comm.grpc.server] [34;1mfunc1[0m -> unary call completed grpc.service=protos.Endorser grpc.method=ProcessProposal grpc.request_deadline=2026-09-14T17:39:52.171Z grpc.peer_address=172.18.0.5:55100 grpc.peer_subject="CN=peer0.org1.example.com,L=San Francisco,ST=California,C=US" grpc.code=OK grpc.call_duration=872.273µs
2026-09-14T17:39:22.172916585Z [34m2026-09-14 17:39:22.172 UTC 0d07 INFO[0m [comm.grpc.server] [34;1mfunc1[0m -> unary call completed grpc.service=protos.Endorser grpc.method=ProcessProposal grpc.request_deadline=2026-09-14T17:39:52.171Z grpc.peer_address=172.18.0.5:55100 grpc.peer_subject="CN=peer0.org1.example.com,L=San Francisco,ST=California,C=US" grpc.code=OK grpc.call_duration=921.096µs
2026-09-14T17:39:22.213580673Z [34m2026-09-14 17:39:22.213 UTC 0d08 INFO[0m [endorser] [34;1mcallChaincode[0m -> finished chaincode: kvstore duration: 0ms channel=mychannel txID=6a9048d9
2026-09-14T17:39:22.213592806Z [34m2026-09-14 17:39:22.213 UTC 0d09 INFO[0m [endorser] [34;1mcallChaincode[0m -> finished chaincode: kvstore duration: 0ms channel=mychannel txID=f69a09f8
2026-09-14T17:39:22.213653431Z [34m2026-09-14 17:39:22.213 UTC 0d0a INFO[0m [comm.grpc.server] [34;1mfunc1[0m -> unary call completed grpc.service=protos.Endorser grpc.method=ProcessProposal grpc.request_deadline=2026-09-14T17:39:52.212Z grpc.peer_address=172.18.0.5:55100 grpc.peer_subject="CN=peer0.org1.example.com,L=San Francisco,ST=California,C=US" grpc.code=OK grpc.call_duration=791.951µs
2026-09-14T17:39:22.213667828Z [34m2026-09-14 17:39:22.213 UTC 0d0b INFO[0m [comm.grpc.server] [34;1mfunc1[0m -> unary call completed grpc.service=protos.Endorser grpc.method=ProcessProposal grpc.request_deadline=2026-09-14T17:39:52.212Z grpc.peer_address=172.18.0.5:55100 grpc.peer_subject="CN=peer0.org1.example.com,L=San Francisco,ST=California,C=US" grpc.code=OK grpc.call_duration=848.307µs
2026-09-14T17:39:22.253695261Z [34m2026-09-14 17:39:22.253 UTC 0d0c INFO[0m [endorser] [34;1mcallChaincode[0m -> finished chaincode: kvstore duration: 0ms channel=mychannel txID=0615e122
2026-09-14T17:39:22.253713415Z [34m2026-09-14 17:39:22.253 UTC 0d0d INFO[0m [endorser] [34;1mcallChaincode[0m -> finished chaincode: kvstore duration: 0ms channel=mychannel txID=357d944b
2026-09-14T17:39:22.253734685Z [34m2026-09-14 17:39:22.253 UTC 0d0e INFO[0m [comm.grpc.server] [34;1mfunc1[0m -> unary call completed grpc.service=protos.Endorser grpc.method=ProcessProposal grpc.request_deadline=2026-09-14T17:39:52.252Z grpc.peer_address=172.18.0.5:55100 grpc.peer_subject="CN=peer0.org1.example.com,L=San Francisco,ST=California,C=US" grpc.code=OK grpc.call_duration=777.974µs
2026-09-14T17:39:22.253824525Z [34m2026-09-14 17:39:22.253 UTC 0d0f INFO[0m [comm.grpc.server] [34;1mfunc1[0m -> unary call completed grpc.service=protos.Endorser grpc.method=ProcessProposal grpc.request_deadline=2026-09-14T17:39:52.252Z grpc.peer_address=172.18.0.5:55100 grpc.peer_subject="CN=peer0.org1.example.com,L=San Francisco,ST=California,C=US" grpc.code=OK grpc.call_duration=795.327µs
2026-09-14T17:39:22.705402727Z [34m2026-09-14 17:39:22.705 UTC 0d10 INFO[0m [gossip.privdata] [34;1mStoreBlock[0m -> Received block [34] from buffer channel=mychannel
2026-09-14T17:39:22.711322333Z [34m2026-09-14 17:39:22.711 UTC 0d11 INFO[0m [committer.txvalidator] [34;1mValidate[0m -> [mychannel] Validated block [34] in 5ms
2026-09-14T17:39:22.758535731Z [34m2026-09-14 17:39:22.758 UTC 0d12 INFO[0m [kvledger] [34;1mcommit[0m -> [mychannel] Committed block [34] with 34 transaction(s) in 46ms (state_validation=0ms block_and_pvtdata_commit=26ms state_commit=10ms) commitHash=[3e6635a5f9305f00f22fac6c3d25ae560c4e1e88811083898bfb28c62ed54464]
