2026-09-16T10:18:08.780665611Z I20260916 10:18:08.780582   147 transaction_manager_impl.cpp:120] Total, abort: 3 commit: 354
2026-09-16T10:18:08.780679947Z I20260916 10:18:08.780601   147 transaction_manager_impl.cpp:62] Finish with epoch id=2882
2026-09-16T10:18:08.784606664Z I20260916 10:18:08.784523    44 block_storage_to_file.cpp:46] block store in file successfully, epoch=2882
2026-09-16T10:18:08.809921156Z I20260916 10:18:08.809844   143 consensus_control_block.h:289] consensus of epoch=2883 has reach, all vote yes.
2026-09-16T10:18:08.922630494Z I20260916 10:18:08.922551   150 epoch_txn_queue_manager.h:17] All threads reached barrier, epoch: 2884, count: 4
2026-09-16T10:18:08.931610900Z I20260916 10:18:08.931509   147 transaction_manager_impl.cpp:120] Total, abort: 2 commit: 528
2026-09-16T10:18:08.931622055Z I20260916 10:18:08.931540   147 transaction_manager_impl.cpp:62] Finish with epoch id=2883
2026-09-16T10:18:08.938264672Z I20260916 10:18:08.938176    44 block_storage_to_file.cpp:46] block store in file successfully, epoch=2883
2026-09-16T10:18:09.010140834Z I20260916 10:18:09.010071   143 consensus_control_block.h:289] consensus of epoch=2884 has reach, all vote yes.
2026-09-16T10:18:09.023515896Z I20260916 10:18:09.023424   150 epoch_txn_queue_manager.h:17] All threads reached barrier, epoch: 2885, count: 4
2026-09-16T10:18:09.037948064Z I20260916 10:18:09.037837   147 transaction_manager_impl.cpp:120] Total, abort: 14 commit: 1452
2026-09-16T10:18:09.037984399Z I20260916 10:18:09.037873   147 transaction_manager_impl.cpp:62] Finish with epoch id=2884
2026-09-16T10:18:09.051778647Z I20260916 10:18:09.051630    44 block_storage_to_file.cpp:46] block store in file successfully, epoch=2884
2026-09-16T10:18:09.076432396Z I20260916 10:18:09.076354   152 epoch_txn_queue_manager.h:17] All threads reached barrier, epoch: 2886, count: 4
2026-09-16T10:18:09.078725042Z I20260916 10:18:09.078635   143 consensus_control_block.h:289] consensus of epoch=2885 has reach, all vote yes.
2026-09-16T10:18:09.089526944Z I20260916 10:18:09.089404   147 transaction_manager_impl.cpp:120] Total, abort: 5 commit: 1009
2026-09-16T10:18:09.089540688Z I20260916 10:18:09.089418   147 transaction_manager_impl.cpp:62] Finish with epoch id=2885
2026-09-16T10:18:09.098524784Z I20260916 10:18:09.098397    44 block_storage_to_file.cpp:46] block store in file successfully, epoch=2885
2026-09-16T10:18:09.110412311Z I20260916 10:18:09.110333   143 consensus_control_block.h:289] consensus of epoch=2886 has reach, all vote yes.
2026-09-16T10:18:09.221545063Z I20260916 10:18:09.221423   149 epoch_txn_queue_manager.h:17] All threads reached barrier, epoch: 2887, count: 4
2026-09-16T10:18:09.227399550Z [epoch] I20260916 10:18:09.227267     7 chain_client.cpp:83] Sending Request to epoch_server_group at qps=0 latency=0
2026-09-16T10:18:09.231827870Z I20260916 10:18:09.231628   147 transaction_manager_impl.cpp:120] Total, abort: 0 commit: 555
2026-09-16T10:18:09.231840214Z I20260916 10:18:09.231657   147 transaction_manager_impl.cpp:62] Finish with epoch id=2886
2026-09-16T10:18:09.238112432Z I20260916 10:18:09.237977    44 block_storage_to_file.cpp:46] block store in file successfully, epoch=2886
2026-09-16T10:18:09.276030220Z I20260916 10:18:09.275905   143 consensus_control_block.h:289] consensus of epoch=2887 has reach, all vote yes.
2026-09-16T10:18:09.322265832Z I20260916 10:18:09.322140   149 epoch_txn_queue_manager.h:17] All threads reached barrier, epoch: 2888, count: 4
2026-09-16T10:18:09.338855067Z I20260916 10:18:09.338763   147 transaction_manager_impl.cpp:120] Total, abort: 13 commit: 1430
2026-09-16T10:18:09.338872141Z I20260916 10:18:09.338779   147 transaction_manager_impl.cpp:62] Finish with epoch id=2887
2026-09-16T10:18:09.352701913Z I20260916 10:18:09.352591    44 block_storage_to_file.cpp:46] block store in file successfully, epoch=2887
2026-09-16T10:18:09.411239344Z I20260916 10:18:09.411137   143 consensus_control_block.h:289] consensus of epoch=2888 has reach, all vote yes.
2026-09-16T10:18:09.422951136Z I20260916 10:18:09.422835   149 epoch_txn_queue_manager.h:17] All threads reached barrier, epoch: 2889, count: 4
2026-09-16T10:18:09.434484016Z I20260916 10:18:09.434386   147 transaction_manager_impl.cpp:120] Total, abort: 6 commit: 1006
2026-09-16T10:18:09.434487696Z I20260916 10:18:09.434401   147 transaction_manager_impl.cpp:62] Finish with epoch id=2888
2026-09-16T10:18:09.443927108Z I20260916 10:18:09.443774    44 block_storage_to_file.cpp:46] block store in file successfully, epoch=2888
2026-09-16T10:18:09.511557684Z I20260916 10:18:09.511459   143 consensus_control_block.h:289] consensus of epoch=2889 has reach, all vote yes.
2026-09-16T10:18:09.523584173Z I20260916 10:18:09.523430   149 epoch_txn_queue_manager.h:17] All threads reached barrier, epoch: 2890, count: 4
2026-09-16T10:18:09.535215075Z I20260916 10:18:09.535110   147 transaction_manager_impl.cpp:120] Total, abort: 5 commit: 1006
2026-09-16T10:18:09.535226800Z I20260916 10:18:09.535123   147 transaction_manager_impl.cpp:62] Finish with epoch id=2889
2026-09-16T10:18:09.544154384Z I20260916 10:18:09.544054    44 block_storage_to_file.cpp:46] block store in file successfully, epoch=2889
2026-09-16T10:18:09.611895049Z I20260916 10:18:09.611690   143 consensus_control_block.h:289] consensus of epoch=2890 has reach, all vote yes.
2026-09-16T10:18:09.624258090Z I20260916 10:18:09.624089   149 epoch_txn_queue_manager.h:17] All threads reached barrier, epoch: 2891, count: 4
2026-09-16T10:18:09.645787521Z I20260916 10:18:09.640501   147 transaction_manager_impl.cpp:120] Total, abort: 6 commit: 1004
2026-09-16T10:18:09.645822836Z I20260916 10:18:09.640530   147 transaction_manager_impl.cpp:62] Finish with epoch id=2890
2026-09-16T10:18:09.650533424Z I20260916 10:18:09.650395    44 block_storage_to_file.cpp:46] block store in file successfully, epoch=2890
2026-09-16T10:18:09.712115644Z I20260916 10:18:09.711970   143 consensus_control_block.h:289] consensus of epoch=2891 has reach, all vote yes.
2026-09-16T10:18:09.724814562Z I20260916 10:18:09.724720   149 epoch_txn_queue_manager.h:17] All threads reached barrier, epoch: 2892, count: 4
2026-09-16T10:18:09.736541137Z I20260916 10:18:09.736407   147 transaction_manager_impl.cpp:120] Total, abort: 4 commit: 1007
2026-09-16T10:18:09.736564471Z I20260916 10:18:09.736423   147 transaction_manager_impl.cpp:62] Finish with epoch id=2891
2026-09-16T10:18:09.745786065Z I20260916 10:18:09.745671    44 block_storage_to_file.cpp:46] block store in file successfully, epoch=2891
2026-09-16T10:18:09.812495478Z I20260916 10:18:09.812356   143 consensus_control_block.h:289] consensus of epoch=2892 has reach, all vote yes.
2026-09-16T10:18:09.825747975Z I20260916 10:18:09.825559   149 epoch_txn_queue_manager.h:17] All threads reached barrier, epoch: 2893, count: 4
2026-09-16T10:18:09.841037684Z I20260916 10:18:09.840920   147 transaction_manager_impl.cpp:120] Total, abort: 5 commit: 1009
2026-09-16T10:18:09.841054143Z I20260916 10:18:09.840942   147 transaction_manager_impl.cpp:62] Finish with epoch id=2892
2026-09-16T10:18:09.852177225Z I20260916 10:18:09.852015    44 block_storage_to_file.cpp:46] block store in file successfully, epoch=2892
2026-09-16T10:18:09.889934317Z I20260916 10:18:09.889722   150 epoch_txn_queue_manager.h:17] All threads reached barrier, epoch: 2894, count: 4
2026-09-16T10:18:09.898885915Z I20260916 10:18:09.898778   143 consensus_control_block.h:289] consensus of epoch=2893 has reach, all vote yes.
2026-09-16T10:18:09.910032808Z I20260916 10:18:09.909914   147 transaction_manager_impl.cpp:120] Total, abort: 7 commit: 1004
2026-09-16T10:18:09.910049143Z I20260916 10:18:09.909940   147 transaction_manager_impl.cpp:62] Finish with epoch id=2893
2026-09-16T10:18:09.913031375Z I20260916 10:18:09.912897   143 consensus_control_block.h:289] consensus of epoch=2894 has reach, all vote yes.
2026-09-16T10:18:09.921881862Z I20260916 10:18:09.921778    44 block_storage_to_file.cpp:46] block store in file successfully, epoch=2893
2026-09-16T10:18:10.025748622Z I20260916 10:18:10.025671   151 epoch_txn_queue_manager.h:17] All threads reached barrier, epoch: 2895, count: 4
2026-09-16T10:18:10.035185008Z I20260916 10:18:10.035089   147 transaction_manager_impl.cpp:120] Total, abort: 0 commit: 587
2026-09-16T10:18:10.035194956Z I20260916 10:18:10.035108   147 transaction_manager_impl.cpp:62] Finish with epoch id=2894
2026-09-16T10:18:10.041567869Z I20260916 10:18:10.041486    44 block_storage_to_file.cpp:46] block store in file successfully, epoch=2894
2026-09-16T10:18:10.115353873Z I20260916 10:18:10.115235   143 consensus_control_block.h:289] consensus of epoch=2895 has reach, all vote yes.
2026-09-16T10:18:10.126829937Z I20260916 10:18:10.126720   151 epoch_txn_queue_manager.h:17] All threads reached barrier, epoch: 2896, count: 4
2026-09-16T10:18:10.143098921Z I20260916 10:18:10.143005   147 transaction_manager_impl.cpp:120] Total, abort: 9 commit: 1411
2026-09-16T10:18:10.143109381Z I20260916 10:18:10.143030   147 transaction_manager_impl.cpp:62] Finish with epoch id=2895
2026-09-16T10:18:10.156445129Z I20260916 10:18:10.156291    44 block_storage_to_file.cpp:46] block store in file successfully, epoch=2895
2026-09-16T10:18:10.178386039Z I20260916 10:18:10.178264   143 consensus_control_block.h:289] consensus of epoch=2896 has reach, all vote yes.
2026-09-16T10:18:10.178404040Z I20260916 10:18:10.178282   149 epoch_txn_queue_manager.h:17] All threads reached barrier, epoch: 2897, count: 4
2026-09-16T10:18:10.187977143Z I20260916 10:18:10.186802   147 transaction_manager_impl.cpp:120] Total, abort: 6 commit: 1006
2026-09-16T10:18:10.187995385Z I20260916 10:18:10.186825   147 transaction_manager_impl.cpp:62] Finish with epoch id=2896
2026-09-16T10:18:10.195684021Z I20260916 10:18:10.195554    44 block_storage_to_file.cpp:46] block store in file successfully, epoch=2896
2026-09-16T10:18:10.215591644Z I20260916 10:18:10.215456   143 consensus_control_block.h:289] consensus of epoch=2897 has reach, all vote yes.
2026-09-16T10:18:10.227428185Z [epoch] I20260916 10:18:10.227321     7 chain_client.cpp:83] Sending Request to epoch_server_group at qps=0 latency=0
2026-09-16T10:18:10.289038136Z I20260916 10:18:10.288913   149 epoch_txn_queue_manager.h:17] All threads reached barrier, epoch: 2898, count: 4
2026-09-16T10:18:10.297322488Z I20260916 10:18:10.297149   147 transaction_manager_impl.cpp:120] Total, abort: 0 commit: 529
2026-09-16T10:18:10.297346884Z I20260916 10:18:10.297175   147 transaction_manager_impl.cpp:62] Finish with epoch id=2897
2026-09-16T10:18:10.302701959Z I20260916 10:18:10.302609    44 block_storage_to_file.cpp:46] block store in file successfully, epoch=2897
2026-09-16T10:18:10.315857634Z I20260916 10:18:10.315773   143 consensus_control_block.h:289] consensus of epoch=2898 has reach, all vote yes.
2026-09-16T10:18:10.325620913Z I20260916 10:18:10.325539   152 epoch_txn_queue_manager.h:17] All threads reached barrier, epoch: 2899, count: 4
2026-09-16T10:18:10.337033038Z I20260916 10:18:10.336912   147 transaction_manager_impl.cpp:120] Total, abort: 11 commit: 1102
2026-09-16T10:18:10.337052621Z I20260916 10:18:10.336932   147 transaction_manager_impl.cpp:62] Finish with epoch id=2898
2026-09-16T10:18:10.346982301Z I20260916 10:18:10.346849    44 block_storage_to_file.cpp:46] block store in file successfully, epoch=2898
2026-09-16T10:18:10.416076854Z I20260916 10:18:10.415994   143 consensus_control_block.h:289] consensus of epoch=2899 has reach, all vote yes.
2026-09-16T10:18:10.426383855Z I20260916 10:18:10.426271   152 epoch_txn_queue_manager.h:17] All threads reached barrier, epoch: 2900, count: 4
2026-09-16T10:18:10.432030585Z I20260916 10:18:10.431879   147 transaction_manager_impl.cpp:120] Total, abort: 6 commit: 350
2026-09-16T10:18:10.432051455Z I20260916 10:18:10.431943   147 transaction_manager_impl.cpp:62] Finish with epoch id=2899
2026-09-16T10:18:10.436163920Z I20260916 10:18:10.436071    44 block_storage_to_file.cpp:46] block store in file successfully, epoch=2899
2026-09-16T10:18:10.516328614Z I20260916 10:18:10.516186   143 consensus_control_block.h:289] consensus of epoch=2900 has reach, all vote yes.
2026-09-16T10:18:10.527023309Z I20260916 10:18:10.526930   152 epoch_txn_queue_manager.h:17] All threads reached barrier, epoch: 2901, count: 4
2026-09-16T10:18:10.537894798Z I20260916 10:18:10.537798   147 transaction_manager_impl.cpp:120] Total, abort: 15 commit: 998
2026-09-16T10:18:10.537904255Z I20260916 10:18:10.537813   147 transaction_manager_impl.cpp:62] Finish with epoch id=2900
2026-09-16T10:18:10.546871244Z I20260916 10:18:10.546764    44 block_storage_to_file.cpp:46] block store in file successfully, epoch=2900
2026-09-16T10:18:10.616612712Z I20260916 10:18:10.616489   143 consensus_control_block.h:289] consensus of epoch=2901 has reach, all vote yes.
2026-09-16T10:18:10.627985023Z I20260916 10:18:10.627806   152 epoch_txn_queue_manager.h:17] All threads reached barrier, epoch: 2902, count: 4
2026-09-16T10:18:10.639703051Z I20260916 10:18:10.639608   147 transaction_manager_impl.cpp:120] Total, abort: 7 commit: 1002
2026-09-16T10:18:10.639721880Z I20260916 10:18:10.639631   147 transaction_manager_impl.cpp:62] Finish with epoch id=2901
2026-09-16T10:18:10.649719786Z I20260916 10:18:10.649592    44 block_storage_to_file.cpp:46] block store in file successfully, epoch=2901
2026-09-16T10:18:10.682198903Z I20260916 10:18:10.682071   149 epoch_txn_queue_manager.h:17] All threads reached barrier, epoch: 2903, count: 4
2026-09-16T10:18:10.683063539Z I20260916 10:18:10.682981   143 consensus_control_block.h:289] consensus of epoch=2902 has reach, all vote yes.
2026-09-16T10:18:10.692072386Z I20260916 10:18:10.691934   147 transaction_manager_impl.cpp:120] Total, abort: 6 commit: 1006
2026-09-16T10:18:10.692089876Z I20260916 10:18:10.691956   147 transaction_manager_impl.cpp:62] Finish with epoch id=2902
2026-09-16T10:18:10.700902141Z I20260916 10:18:10.700762    44 block_storage_to_file.cpp:46] block store in file successfully, epoch=2902
2026-09-16T10:18:10.716843117Z I20260916 10:18:10.716743   143 consensus_control_block.h:289] consensus of epoch=2903 has reach, all vote yes.
2026-09-16T10:18:10.827122435Z I20260916 10:18:10.827042   150 epoch_txn_queue_manager.h:17] All threads reached barrier, epoch: 2904, count: 4
2026-09-16T10:18:10.835762828Z I20260916 10:18:10.835675   147 transaction_manager_impl.cpp:120] Total, abort: 0 commit: 554
2026-09-16T10:18:10.835772710Z I20260916 10:18:10.835707   147 transaction_manager_impl.cpp:62] Finish with epoch id=2903
2026-09-16T10:18:10.841654213Z I20260916 10:18:10.841536    44 block_storage_to_file.cpp:46] block store in file successfully, epoch=2903
2026-09-16T10:18:10.917327655Z I20260916 10:18:10.917227   143 consensus_control_block.h:289] consensus of epoch=2904 has reach, all vote yes.
2026-09-16T10:18:10.927902776Z I20260916 10:18:10.927829   150 epoch_txn_queue_manager.h:17] All threads reached barrier, epoch: 2905, count: 4
2026-09-16T10:18:10.942974842Z I20260916 10:18:10.942873   147 transaction_manager_impl.cpp:120] Total, abort: 12 commit: 1427
2026-09-16T10:18:10.942987514Z I20260916 10:18:10.942888   147 transaction_manager_impl.cpp:62] Finish with epoch id=2904
2026-09-16T10:18:10.956384125Z I20260916 10:18:10.956252    44 block_storage_to_file.cpp:46] block store in file successfully, epoch=2904
2026-09-16T10:18:11.017650139Z I20260916 10:18:11.017513   143 consensus_control_block.h:289] consensus of epoch=2905 has reach, all vote yes.
2026-09-16T10:18:11.028567683Z I20260916 10:18:11.028471   150 epoch_txn_queue_manager.h:17] All threads reached barrier, epoch: 2906, count: 4
2026-09-16T10:18:11.042613505Z I20260916 10:18:11.042465   147 transaction_manager_impl.cpp:120] Total, abort: 4 commit: 1012
2026-09-16T10:18:11.042629859Z I20260916 10:18:11.042526   147 transaction_manager_impl.cpp:62] Finish with epoch id=2905
2026-09-16T10:18:11.052934635Z I20260916 10:18:11.052762    44 block_storage_to_file.cpp:46] block store in file successfully, epoch=2905
2026-09-16T10:18:11.117903505Z I20260916 10:18:11.117756   143 consensus_control_block.h:289] consensus of epoch=2906 has reach, all vote yes.
2026-09-16T10:18:11.129293866Z I20260916 10:18:11.129184   150 epoch_txn_queue_manager.h:17] All threads reached barrier, epoch: 2907, count: 4
2026-09-16T10:18:11.138602965Z I20260916 10:18:11.138495   147 transaction_manager_impl.cpp:120] Total, abort: 6 commit: 1003
2026-09-16T10:18:11.138618131Z I20260916 10:18:11.138521   147 transaction_manager_impl.cpp:62] Finish with epoch id=2906
2026-09-16T10:18:11.147685918Z I20260916 10:18:11.147539    44 block_storage_to_file.cpp:46] block store in file successfully, epoch=2906
2026-09-16T10:18:11.181854585Z I20260916 10:18:11.181742   152 epoch_txn_queue_manager.h:17] All threads reached barrier, epoch: 2908, count: 4
2026-09-16T10:18:11.186397921Z I20260916 10:18:11.186306   143 consensus_control_block.h:289] consensus of epoch=2907 has reach, all vote yes.
2026-09-16T10:18:11.195039668Z I20260916 10:18:11.194908   147 transaction_manager_impl.cpp:120] Total, abort: 9 commit: 1005
2026-09-16T10:18:11.195057294Z I20260916 10:18:11.194924   147 transaction_manager_impl.cpp:62] Finish with epoch id=2907
2026-09-16T10:18:11.204103691Z I20260916 10:18:11.203972    44 block_storage_to_file.cpp:46] block store in file successfully, epoch=2907
2026-09-16T10:18:11.218111948Z I20260916 10:18:11.218005   143 consensus_control_block.h:289] consensus of epoch=2908 has reach, all vote yes.
2026-09-16T10:18:11.227531864Z [epoch] I20260916 10:18:11.227411     7 chain_client.cpp:83] Sending Request to epoch_server_group at qps=0 latency=0
2026-09-16T10:18:11.326897359Z I20260916 10:18:11.326740   149 epoch_txn_queue_manager.h:17] All threads reached barrier, epoch: 2909, count: 4
2026-09-16T10:18:11.338100231Z I20260916 10:18:11.337973   147 transaction_manager_impl.cpp:120] Total, abort: 0 commit: 529
2026-09-16T10:18:11.338111992Z I20260916 10:18:11.338001   147 transaction_manager_impl.cpp:62] Finish with epoch id=2908
2026-09-16T10:18:11.346956795Z I20260916 10:18:11.346791    44 block_storage_to_file.cpp:46] block store in file successfully, epoch=2908
2026-09-16T10:18:11.418586609Z I20260916 10:18:11.418454   143 consensus_control_block.h:289] consensus of epoch=2909 has reach, all vote yes.
2026-09-16T10:18:11.427516971Z I20260916 10:18:11.427419   149 epoch_txn_queue_manager.h:17] All threads reached barrier, epoch: 2910, count: 4
2026-09-16T10:18:11.442837505Z I20260916 10:18:11.442709   147 transaction_manager_impl.cpp:120] Total, abort: 15 commit: 1454
2026-09-16T10:18:11.442860155Z I20260916 10:18:11.442729   147 transaction_manager_impl.cpp:62] Finish with epoch id=2909
2026-09-16T10:18:11.456339351Z I20260916 10:18:11.456233    44 block_storage_to_file.cpp:46] block store in file successfully, epoch=2909
2026-09-16T10:18:11.518794496Z I20260916 10:18:11.518695   143 consensus_control_block.h:289] consensus of epoch=2910 has reach, all vote yes.
2026-09-16T10:18:11.528229977Z I20260916 10:18:11.528100   149 epoch_txn_queue_manager.h:17] All threads reached barrier, epoch: 2911, count: 4
2026-09-16T10:18:11.540693583Z I20260916 10:18:11.540607   147 transaction_manager_impl.cpp:120] Total, abort: 6 commit: 1006
2026-09-16T10:18:11.540706204Z I20260916 10:18:11.540621   147 transaction_manager_impl.cpp:62] Finish with epoch id=2910
2026-09-16T10:18:11.550349639Z I20260916 10:18:11.550264    44 block_storage_to_file.cpp:46] block store in file successfully, epoch=2910
2026-09-16T10:18:11.619053995Z I20260916 10:18:11.618922   143 consensus_control_block.h:289] consensus of epoch=2911 has reach, all vote yes.
2026-09-16T10:18:11.628947807Z I20260916 10:18:11.628852   149 epoch_txn_queue_manager.h:17] All threads reached barrier, epoch: 2912, count: 4
2026-09-16T10:18:11.640399185Z I20260916 10:18:11.640305   147 transaction_manager_impl.cpp:120] Total, abort: 4 commit: 1006
2026-09-16T10:18:11.640403773Z I20260916 10:18:11.640319   147 transaction_manager_impl.cpp:62] Finish with epoch id=2911
2026-09-16T10:18:11.650692040Z I20260916 10:18:11.650602    44 block_storage_to_file.cpp:46] block store in file successfully, epoch=2911
2026-09-16T10:18:11.719414062Z I20260916 10:18:11.719249   143 consensus_control_block.h:289] consensus of epoch=2912 has reach, all vote yes.
2026-09-16T10:18:11.729848207Z I20260916 10:18:11.729732   149 epoch_txn_queue_manager.h:17] All threads reached barrier, epoch: 2913, count: 4
2026-09-16T10:18:11.743468545Z I20260916 10:18:11.743335   147 transaction_manager_impl.cpp:120] Total, abort: 5 commit: 1006
2026-09-16T10:18:11.743485795Z I20260916 10:18:11.743361   147 transaction_manager_impl.cpp:62] Finish with epoch id=2912
2026-09-16T10:18:11.752803156Z I20260916 10:18:11.752647    44 block_storage_to_file.cpp:46] block store in file successfully, epoch=2912
2026-09-16T10:18:11.819589653Z I20260916 10:18:11.819483   143 consensus_control_block.h:289] consensus of epoch=2913 has reach, all vote yes.
2026-09-16T10:18:11.830683294Z I20260916 10:18:11.830559   149 epoch_txn_queue_manager.h:17] All threads reached barrier, epoch: 2914, count: 4
2026-09-16T10:18:11.843846969Z I20260916 10:18:11.843655   147 transaction_manager_impl.cpp:120] Total, abort: 5 commit: 1012
2026-09-16T10:18:11.843861805Z I20260916 10:18:11.843688   147 transaction_manager_impl.cpp:62] Finish with epoch id=2913
2026-09-16T10:18:11.853057165Z I20260916 10:18:11.852979    44 block_storage_to_file.cpp:46] block store in file successfully, epoch=2913
2026-09-16T10:18:11.919830292Z I20260916 10:18:11.919708   143 consensus_control_block.h:289] consensus of epoch=2914 has reach, all vote yes.
2026-09-16T10:18:11.931231415Z I20260916 10:18:11.931080   149 epoch_txn_queue_manager.h:17] All threads reached barrier, epoch: 2915, count: 4
2026-09-16T10:18:11.943880936Z I20260916 10:18:11.943776   147 transaction_manager_impl.cpp:120] Total, abort: 5 commit: 1005
2026-09-16T10:18:11.943893380Z I20260916 10:18:11.943791   147 transaction_manager_impl.cpp:62] Finish with epoch id=2914
2026-09-16T10:18:11.953634721Z I20260916 10:18:11.953540    44 block_storage_to_file.cpp:46] block store in file successfully, epoch=2914
2026-09-16T10:18:12.020103466Z I20260916 10:18:12.019968   143 consensus_control_block.h:289] consensus of epoch=2915 has reach, all vote yes.
2026-09-16T10:18:12.031375907Z I20260916 10:18:12.031211   151 epoch_txn_queue_manager.h:17] All threads reached barrier, epoch: 2916, count: 4
2026-09-16T10:18:12.044154231Z I20260916 10:18:12.044023   147 transaction_manager_impl.cpp:120] Total, abort: 6 commit: 1005
2026-09-16T10:18:12.044177475Z I20260916 10:18:12.044052   147 transaction_manager_impl.cpp:62] Finish with epoch id=2915
2026-09-16T10:18:12.054564216Z I20260916 10:18:12.054463    44 block_storage_to_file.cpp:46] block store in file successfully, epoch=2915
2026-09-16T10:18:12.120405736Z I20260916 10:18:12.120265   143 consensus_control_block.h:289] consensus of epoch=2916 has reach, all vote yes.
2026-09-16T10:18:12.131922240Z I20260916 10:18:12.131836   151 epoch_txn_queue_manager.h:17] All threads reached barrier, epoch: 2917, count: 4
2026-09-16T10:18:12.142595928Z I20260916 10:18:12.142498   147 transaction_manager_impl.cpp:120] Total, abort: 6 commit: 979
2026-09-16T10:18:12.142605811Z I20260916 10:18:12.142513   147 transaction_manager_impl.cpp:62] Finish with epoch id=2916
2026-09-16T10:18:12.151810047Z I20260916 10:18:12.151724    44 block_storage_to_file.cpp:46] block store in file successfully, epoch=2916
2026-09-16T10:18:12.220668924Z I20260916 10:18:12.220513   143 consensus_control_block.h:289] consensus of epoch=2917 has reach, all vote yes.
2026-09-16T10:18:12.227576601Z [epoch] I20260916 10:18:12.227442     7 chain_client.cpp:83] Sending Request to epoch_server_group at qps=0 latency=0
2026-09-16T10:18:12.231301235Z I20260916 10:18:12.231218   150 epoch_txn_queue_manager.h:17] All threads reached barrier, epoch: 2918, count: 4
2026-09-16T10:18:12.248320286Z I20260916 10:18:12.246812   147 transaction_manager_impl.cpp:120] Total, abort: 4 commit: 1016
2026-09-16T10:18:12.248336629Z I20260916 10:18:12.246846   147 transaction_manager_impl.cpp:62] Finish with epoch id=2917
2026-09-16T10:18:12.257458296Z I20260916 10:18:12.257350    44 block_storage_to_file.cpp:46] block store in file successfully, epoch=2917
2026-09-16T10:18:12.277387950Z I20260916 10:18:12.277266   143 consensus_control_block.h:289] consensus of epoch=2918 has reach, all vote yes.
2026-09-16T10:18:12.331988039Z I20260916 10:18:12.331856   150 epoch_txn_queue_manager.h:17] All threads reached barrier, epoch: 2919, count: 4
2026-09-16T10:18:12.344102709Z I20260916 10:18:12.343858   147 transaction_manager_impl.cpp:120] Total, abort: 7 commit: 978
2026-09-16T10:18:12.344116790Z I20260916 10:18:12.343873   147 transaction_manager_impl.cpp:62] Finish with epoch id=2918
2026-09-16T10:18:12.353544695Z I20260916 10:18:12.353447    44 block_storage_to_file.cpp:46] block store in file successfully, epoch=2918
2026-09-16T10:18:12.421209668Z I20260916 10:18:12.421051   143 consensus_control_block.h:289] consensus of epoch=2919 has reach, all vote yes.
2026-09-16T10:18:12.432677983Z I20260916 10:18:12.432569   150 epoch_txn_queue_manager.h:17] All threads reached barrier, epoch: 2920, count: 4
2026-09-16T10:18:12.447025757Z I20260916 10:18:12.446861   147 transaction_manager_impl.cpp:120] Total, abort: 7 commit: 1005
2026-09-16T10:18:12.447038272Z I20260916 10:18:12.446882   147 transaction_manager_impl.cpp:62] Finish with epoch id=2919
2026-09-16T10:18:12.456646681Z I20260916 10:18:12.456517    44 block_storage_to_file.cpp:46] block store in file successfully, epoch=2919
2026-09-16T10:18:12.521411483Z I20260916 10:18:12.521274   143 consensus_control_block.h:289] consensus of epoch=2920 has reach, all vote yes.
2026-09-16T10:18:12.539230420Z I20260916 10:18:12.538586   150 epoch_txn_queue_manager.h:17] All threads reached barrier, epoch: 2921, count: 4
2026-09-16T10:18:12.555357060Z I20260916 10:18:12.555195   147 transaction_manager_impl.cpp:120] Total, abort: 7 commit: 1005
2026-09-16T10:18:12.555387091Z I20260916 10:18:12.555229   147 transaction_manager_impl.cpp:62] Finish with epoch id=2920
2026-09-16T10:18:12.568690293Z I20260916 10:18:12.568534    44 block_storage_to_file.cpp:46] block store in file successfully, epoch=2920
2026-09-16T10:18:12.621667171Z I20260916 10:18:12.621533   143 consensus_control_block.h:289] consensus of epoch=2921 has reach, all vote yes.
2026-09-16T10:18:12.632406342Z I20260916 10:18:12.632339   152 epoch_txn_queue_manager.h:17] All threads reached barrier, epoch: 2922, count: 4
2026-09-16T10:18:12.641957641Z I20260916 10:18:12.641858   147 transaction_manager_impl.cpp:120] Total, abort: 5 commit: 981
2026-09-16T10:18:12.641968142Z I20260916 10:18:12.641872   147 transaction_manager_impl.cpp:62] Finish with epoch id=2921
2026-09-16T10:18:12.651108129Z I20260916 10:18:12.651013    44 block_storage_to_file.cpp:46] block store in file successfully, epoch=2921
2026-09-16T10:18:12.721903804Z I20260916 10:18:12.721792   143 consensus_control_block.h:289] consensus of epoch=2922 has reach, all vote yes.
2026-09-16T10:18:12.733027154Z I20260916 10:18:12.732954   152 epoch_txn_queue_manager.h:17] All threads reached barrier, epoch: 2923, count: 4
2026-09-16T10:18:12.746362877Z I20260916 10:18:12.746243   147 transaction_manager_impl.cpp:120] Total, abort: 7 commit: 1004
2026-09-16T10:18:12.746380248Z I20260916 10:18:12.746258   147 transaction_manager_impl.cpp:62] Finish with epoch id=2922
2026-09-16T10:18:12.756877177Z I20260916 10:18:12.756681    44 block_storage_to_file.cpp:46] block store in file successfully, epoch=2922
2026-09-16T10:18:12.822107136Z I20260916 10:18:12.822008   143 consensus_control_block.h:289] consensus of epoch=2923 has reach, all vote yes.
2026-09-16T10:18:12.833773802Z I20260916 10:18:12.833655   152 epoch_txn_queue_manager.h:17] All threads reached barrier, epoch: 2924, count: 4
2026-09-16T10:18:12.844115450Z I20260916 10:18:12.843995   147 transaction_manager_impl.cpp:120] Total, abort: 6 commit: 1004
2026-09-16T10:18:12.844125273Z I20260916 10:18:12.844014   147 transaction_manager_impl.cpp:62] Finish with epoch id=2923
2026-09-16T10:18:12.854106163Z I20260916 10:18:12.853983    44 block_storage_to_file.cpp:46] block store in file successfully, epoch=2923
2026-09-16T10:18:12.922349865Z I20260916 10:18:12.922251   143 consensus_control_block.h:289] consensus of epoch=2924 has reach, all vote yes.
2026-09-16T10:18:12.928736917Z I20260916 10:18:12.928630   149 epoch_txn_queue_manager.h:17] All threads reached barrier, epoch: 2925, count: 4
2026-09-16T10:18:12.942791607Z I20260916 10:18:12.942605   147 transaction_manager_impl.cpp:120] Total, abort: 5 commit: 1005
2026-09-16T10:18:12.942813959Z I20260916 10:18:12.942631   147 transaction_manager_impl.cpp:62] Finish with epoch id=2924
2026-09-16T10:18:12.952439004Z I20260916 10:18:12.952291    44 block_storage_to_file.cpp:46] block store in file successfully, epoch=2924
2026-09-16T10:18:13.022655892Z I20260916 10:18:13.022501   143 consensus_control_block.h:289] consensus of epoch=2925 has reach, all vote yes.
2026-09-16T10:18:13.029389215Z I20260916 10:18:13.029300   149 epoch_txn_queue_manager.h:17] All threads reached barrier, epoch: 2926, count: 4
2026-09-16T10:18:13.040691558Z I20260916 10:18:13.040580   147 transaction_manager_impl.cpp:120] Total, abort: 7 commit: 978
2026-09-16T10:18:13.040728505Z I20260916 10:18:13.040606   147 transaction_manager_impl.cpp:62] Finish with epoch id=2925
2026-09-16T10:18:13.049794877Z I20260916 10:18:13.049651    44 block_storage_to_file.cpp:46] block store in file successfully, epoch=2925
2026-09-16T10:18:13.122980517Z I20260916 10:18:13.122822   143 consensus_control_block.h:289] consensus of epoch=2926 has reach, all vote yes.
2026-09-16T10:18:13.130240436Z I20260916 10:18:13.130137   149 epoch_txn_queue_manager.h:17] All threads reached barrier, epoch: 2927, count: 4
2026-09-16T10:18:13.145921444Z I20260916 10:18:13.145740   147 transaction_manager_impl.cpp:120] Total, abort: 5 commit: 1008
2026-09-16T10:18:13.145945011Z I20260916 10:18:13.145766   147 transaction_manager_impl.cpp:62] Finish with epoch id=2926
2026-09-16T10:18:13.155471143Z I20260916 10:18:13.155331    44 block_storage_to_file.cpp:46] block store in file successfully, epoch=2926
2026-09-16T10:18:13.223165902Z I20260916 10:18:13.223047   143 consensus_control_block.h:289] consensus of epoch=2927 has reach, all vote yes.
2026-09-16T10:18:13.227614127Z [epoch] I20260916 10:18:13.227528     7 chain_client.cpp:83] Sending Request to epoch_server_group at qps=0 latency=0
2026-09-16T10:18:13.231260645Z I20260916 10:18:13.231086   150 epoch_txn_queue_manager.h:17] All threads reached barrier, epoch: 2928, count: 4
2026-09-16T10:18:13.242358600Z I20260916 10:18:13.242187   147 transaction_manager_impl.cpp:120] Total, abort: 7 commit: 1006
2026-09-16T10:18:13.242395207Z I20260916 10:18:13.242208   147 transaction_manager_impl.cpp:62] Finish with epoch id=2927
2026-09-16T10:18:13.251766844Z I20260916 10:18:13.251621    44 block_storage_to_file.cpp:46] block store in file successfully, epoch=2927
2026-09-16T10:18:13.276302607Z I20260916 10:18:13.276193   143 consensus_control_block.h:289] consensus of epoch=2928 has reach, all vote yes.
2026-09-16T10:18:13.332084697Z I20260916 10:18:13.331979   150 epoch_txn_queue_manager.h:17] All threads reached barrier, epoch: 2929, count: 4
2026-09-16T10:18:13.351273306Z I20260916 10:18:13.351104   147 transaction_manager_impl.cpp:120] Total, abort: 7 commit: 1011
2026-09-16T10:18:13.351295459Z I20260916 10:18:13.351130   147 transaction_manager_impl.cpp:62] Finish with epoch id=2928
2026-09-16T10:18:13.360506850Z I20260916 10:18:13.360409    44 block_storage_to_file.cpp:46] block store in file successfully, epoch=2928
2026-09-16T10:18:13.423712500Z I20260916 10:18:13.423552   143 consensus_control_block.h:289] consensus of epoch=2929 has reach, all vote yes.
2026-09-16T10:18:13.432606029Z I20260916 10:18:13.432499   150 epoch_txn_queue_manager.h:17] All threads reached barrier, epoch: 2930, count: 4
2026-09-16T10:18:13.442859032Z I20260916 10:18:13.442724   147 transaction_manager_impl.cpp:120] Total, abort: 7 commit: 1005
2026-09-16T10:18:13.442876273Z I20260916 10:18:13.442749   147 transaction_manager_impl.cpp:62] Finish with epoch id=2929
2026-09-16T10:18:13.452994493Z I20260916 10:18:13.452893    44 block_storage_to_file.cpp:46] block store in file successfully, epoch=2929
2026-09-16T10:18:13.524035610Z I20260916 10:18:13.523902   143 consensus_control_block.h:289] consensus of epoch=2930 has reach, all vote yes.
2026-09-16T10:18:13.533574299Z I20260916 10:18:13.533493   150 epoch_txn_queue_manager.h:17] All threads reached barrier, epoch: 2931, count: 4
2026-09-16T10:18:13.546461301Z I20260916 10:18:13.546378   147 transaction_manager_impl.cpp:120] Total, abort: 5 commit: 1006
2026-09-16T10:18:13.546471276Z I20260916 10:18:13.546396   147 transaction_manager_impl.cpp:62] Finish with epoch id=2930
2026-09-16T10:18:13.556620337Z I20260916 10:18:13.556516    44 block_storage_to_file.cpp:46] block store in file successfully, epoch=2930
2026-09-16T10:18:13.624262019Z I20260916 10:18:13.624155   143 consensus_control_block.h:289] consensus of epoch=2931 has reach, all vote yes.
2026-09-16T10:18:13.634398362Z I20260916 10:18:13.634300   150 epoch_txn_queue_manager.h:17] All threads reached barrier, epoch: 2932, count: 4
2026-09-16T10:18:13.648386353Z I20260916 10:18:13.648281   147 transaction_manager_impl.cpp:120] Total, abort: 4 commit: 1007
2026-09-16T10:18:13.648397909Z I20260916 10:18:13.648311   147 transaction_manager_impl.cpp:62] Finish with epoch id=2931
2026-09-16T10:18:13.657914848Z I20260916 10:18:13.657810    44 block_storage_to_file.cpp:46] block store in file successfully, epoch=2931
2026-09-16T10:18:13.724458637Z I20260916 10:18:13.724356   143 consensus_control_block.h:289] consensus of epoch=2932 has reach, all vote yes.
2026-09-16T10:18:13.734969056Z I20260916 10:18:13.734768   150 epoch_txn_queue_manager.h:17] All threads reached barrier, epoch: 2933, count: 4
2026-09-16T10:18:13.745781607Z I20260916 10:18:13.745643   147 transaction_manager_impl.cpp:120] Total, abort: 5 commit: 1006
2026-09-16T10:18:13.745794447Z I20260916 10:18:13.745657   147 transaction_manager_impl.cpp:62] Finish with epoch id=2932
2026-09-16T10:18:13.755440958Z I20260916 10:18:13.755255    44 block_storage_to_file.cpp:46] block store in file successfully, epoch=2932
2026-09-16T10:18:13.824721766Z I20260916 10:18:13.824587   143 consensus_control_block.h:289] consensus of epoch=2933 has reach, all vote yes.
2026-09-16T10:18:13.835636962Z I20260916 10:18:13.835562   150 epoch_txn_queue_manager.h:17] All threads reached barrier, epoch: 2934, count: 4
2026-09-16T10:18:13.845331454Z I20260916 10:18:13.845257   147 transaction_manager_impl.cpp:120] Total, abort: 4 commit: 1006
2026-09-16T10:18:13.845339454Z I20260916 10:18:13.845274   147 transaction_manager_impl.cpp:62] Finish with epoch id=2933
2026-09-16T10:18:13.855211455Z I20260916 10:18:13.855093    44 block_storage_to_file.cpp:46] block store in file successfully, epoch=2933
2026-09-16T10:18:13.924954167Z I20260916 10:18:13.924829   143 consensus_control_block.h:289] consensus of epoch=2934 has reach, all vote yes.
2026-09-16T10:18:13.936439163Z I20260916 10:18:13.936266   150 epoch_txn_queue_manager.h:17] All threads reached barrier, epoch: 2935, count: 4
2026-09-16T10:18:13.950493236Z I20260916 10:18:13.950402   147 transaction_manager_impl.cpp:120] Total, abort: 8 commit: 1006
2026-09-16T10:18:13.950504402Z I20260916 10:18:13.950414   147 transaction_manager_impl.cpp:62] Finish with epoch id=2934
2026-09-16T10:18:13.960352520Z I20260916 10:18:13.960273    44 block_storage_to_file.cpp:46] block store in file successfully, epoch=2934
2026-09-16T10:18:14.025243856Z I20260916 10:18:14.025095   143 consensus_control_block.h:289] consensus of epoch=2935 has reach, all vote yes.
2026-09-16T10:18:14.037264184Z I20260916 10:18:14.037062   150 epoch_txn_queue_manager.h:17] All threads reached barrier, epoch: 2936, count: 4
2026-09-16T10:18:14.049614668Z I20260916 10:18:14.049515   147 transaction_manager_impl.cpp:120] Total, abort: 7 commit: 1004
2026-09-16T10:18:14.049628026Z I20260916 10:18:14.049528   147 transaction_manager_impl.cpp:62] Finish with epoch id=2935
2026-09-16T10:18:14.059580863Z I20260916 10:18:14.059438    44 block_storage_to_file.cpp:46] block store in file successfully, epoch=2935
2026-09-16T10:18:14.125399038Z I20260916 10:18:14.125309   143 consensus_control_block.h:289] consensus of epoch=2936 has reach, all vote yes.
2026-09-16T10:18:14.137984347Z I20260916 10:18:14.137918   150 epoch_txn_queue_manager.h:17] All threads reached barrier, epoch: 2937, count: 4
2026-09-16T10:18:14.149604288Z I20260916 10:18:14.149502   147 transaction_manager_impl.cpp:120] Total, abort: 7 commit: 1006
2026-09-16T10:18:14.149618713Z I20260916 10:18:14.149518   147 transaction_manager_impl.cpp:62] Finish with epoch id=2936
2026-09-16T10:18:14.159364643Z I20260916 10:18:14.159274    44 block_storage_to_file.cpp:46] block store in file successfully, epoch=2936
2026-09-16T10:18:14.225689842Z I20260916 10:18:14.225562   143 consensus_control_block.h:289] consensus of epoch=2937 has reach, all vote yes.
2026-09-16T10:18:14.227767795Z [epoch] I20260916 10:18:14.227586     7 chain_client.cpp:83] Sending Request to epoch_server_group at qps=0 latency=0
2026-09-16T10:18:14.237098452Z I20260916 10:18:14.236905   151 epoch_txn_queue_manager.h:17] All threads reached barrier, epoch: 2938, count: 4
2026-09-16T10:18:14.251340774Z I20260916 10:18:14.251240   147 transaction_manager_impl.cpp:120] Total, abort: 4 commit: 1007
2026-09-16T10:18:14.251359733Z I20260916 10:18:14.251255   147 transaction_manager_impl.cpp:62] Finish with epoch id=2937
2026-09-16T10:18:14.261093088Z I20260916 10:18:14.261000    44 block_storage_to_file.cpp:46] block store in file successfully, epoch=2937
2026-09-16T10:18:14.276235149Z I20260916 10:18:14.276126   143 consensus_control_block.h:289] consensus of epoch=2938 has reach, all vote yes.
2026-09-16T10:18:14.337752889Z I20260916 10:18:14.337668   151 epoch_txn_queue_manager.h:17] All threads reached barrier, epoch: 2939, count: 4
2026-09-16T10:18:14.349293700Z I20260916 10:18:14.349179   147 transaction_manager_impl.cpp:120] Total, abort: 4 commit: 958
2026-09-16T10:18:14.349315108Z I20260916 10:18:14.349192   147 transaction_manager_impl.cpp:62] Finish with epoch id=2938
2026-09-16T10:18:14.358833106Z I20260916 10:18:14.358739    44 block_storage_to_file.cpp:46] block store in file successfully, epoch=2938
2026-09-16T10:18:14.426249397Z I20260916 10:18:14.426102   143 consensus_control_block.h:289] consensus of epoch=2939 has reach, all vote yes.
2026-09-16T10:18:14.438469622Z I20260916 10:18:14.438352   151 epoch_txn_queue_manager.h:17] All threads reached barrier, epoch: 2940, count: 4
2026-09-16T10:18:14.449641710Z I20260916 10:18:14.449541   147 transaction_manager_impl.cpp:120] Total, abort: 7 commit: 1004
2026-09-16T10:18:14.449658866Z I20260916 10:18:14.449556   147 transaction_manager_impl.cpp:62] Finish with epoch id=2939
2026-09-16T10:18:14.459474094Z I20260916 10:18:14.459288    44 block_storage_to_file.cpp:46] block store in file successfully, epoch=2939
2026-09-16T10:18:14.526427606Z I20260916 10:18:14.526307   143 consensus_control_block.h:289] consensus of epoch=2940 has reach, all vote yes.
2026-09-16T10:18:14.537068965Z I20260916 10:18:14.536970   152 epoch_txn_queue_manager.h:17] All threads reached barrier, epoch: 2941, count: 4
2026-09-16T10:18:14.550784096Z I20260916 10:18:14.550578   147 transaction_manager_impl.cpp:120] Total, abort: 7 commit: 1006
2026-09-16T10:18:14.550805705Z I20260916 10:18:14.550606   147 transaction_manager_impl.cpp:62] Finish with epoch id=2940
2026-09-16T10:18:14.560424994Z I20260916 10:18:14.560266    44 block_storage_to_file.cpp:46] block store in file successfully, epoch=2940
2026-09-16T10:18:14.626656684Z I20260916 10:18:14.626523   143 consensus_control_block.h:289] consensus of epoch=2941 has reach, all vote yes.
2026-09-16T10:18:14.637902911Z I20260916 10:18:14.637770   152 epoch_txn_queue_manager.h:17] All threads reached barrier, epoch: 2942, count: 4
2026-09-16T10:18:14.649121117Z I20260916 10:18:14.649008   147 transaction_manager_impl.cpp:120] Total, abort: 5 commit: 978
2026-09-16T10:18:14.649134774Z I20260916 10:18:14.649024   147 transaction_manager_impl.cpp:62] Finish with epoch id=2941
2026-09-16T10:18:14.658626986Z I20260916 10:18:14.658488    44 block_storage_to_file.cpp:46] block store in file successfully, epoch=2941
2026-09-16T10:18:14.726914609Z I20260916 10:18:14.726789   143 consensus_control_block.h:289] consensus of epoch=2942 has reach, all vote yes.
2026-09-16T10:18:14.738456722Z I20260916 10:18:14.738374   152 epoch_txn_queue_manager.h:17] All threads reached barrier, epoch: 2943, count: 4
2026-09-16T10:18:14.751277616Z I20260916 10:18:14.751185   147 transaction_manager_impl.cpp:120] Total, abort: 6 commit: 1006
2026-09-16T10:18:14.751292265Z I20260916 10:18:14.751199   147 transaction_manager_impl.cpp:62] Finish with epoch id=2942
2026-09-16T10:18:14.761333344Z I20260916 10:18:14.761250    44 block_storage_to_file.cpp:46] block store in file successfully, epoch=2942
2026-09-16T10:18:14.827205437Z I20260916 10:18:14.827065   143 consensus_control_block.h:289] consensus of epoch=2943 has reach, all vote yes.
2026-09-16T10:18:14.839165907Z I20260916 10:18:14.839094   152 epoch_txn_queue_manager.h:17] All threads reached barrier, epoch: 2944, count: 4
2026-09-16T10:18:14.850427848Z I20260916 10:18:14.850330   147 transaction_manager_impl.cpp:120] Total, abort: 6 commit: 1005
2026-09-16T10:18:14.850438913Z I20260916 10:18:14.850343   147 transaction_manager_impl.cpp:62] Finish with epoch id=2943
2026-09-16T10:18:14.859783098Z I20260916 10:18:14.859706    44 block_storage_to_file.cpp:46] block store in file successfully, epoch=2943
2026-09-16T10:18:14.928046728Z I20260916 10:18:14.927949   143 consensus_control_block.h:289] consensus of epoch=2944 has reach, all vote yes.
2026-09-16T10:18:15.013891290Z I20260916 10:18:15.013584   149 epoch_txn_queue_manager.h:17] All threads reached barrier, epoch: 2945, count: 4
2026-09-16T10:18:15.028078998Z I20260916 10:18:15.027971   143 consensus_control_block.h:289] consensus of epoch=2945 has reach, all vote yes.
2026-09-16T10:18:15.033493689Z I20260916 10:18:15.033382   147 transaction_manager_impl.cpp:120] Total, abort: 5 commit: 1005
2026-09-16T10:18:15.033505256Z I20260916 10:18:15.033402   147 transaction_manager_impl.cpp:62] Finish with epoch id=2944
2026-09-16T10:18:15.041972500Z I20260916 10:18:15.041895    44 block_storage_to_file.cpp:46] block store in file successfully, epoch=2944
2026-09-16T10:18:15.213942388Z I20260916 10:18:15.213819   151 epoch_txn_queue_manager.h:17] All threads reached barrier, epoch: 2946, count: 4
2026-09-16T10:18:15.220278769Z I20260916 10:18:15.220211   147 transaction_manager_impl.cpp:120] Total, abort: 4 commit: 331
2026-09-16T10:18:15.220285503Z I20260916 10:18:15.220227   147 transaction_manager_impl.cpp:62] Finish with epoch id=2945
2026-09-16T10:18:15.223376477Z I20260916 10:18:15.223286    44 block_storage_to_file.cpp:46] block store in file successfully, epoch=2945
2026-09-16T10:18:15.227761136Z [epoch] I20260916 10:18:15.227643     7 chain_client.cpp:83] Sending Request to epoch_server_group at qps=0 latency=0
2026-09-16T10:18:15.228827774Z I20260916 10:18:15.228740   143 consensus_control_block.h:289] consensus of epoch=2946 has reach, all vote yes.
2026-09-16T10:18:15.410145878Z I20260916 10:18:15.409976   150 epoch_txn_queue_manager.h:17] All threads reached barrier, epoch: 2947, count: 4
2026-09-16T10:18:15.410525999Z I20260916 10:18:15.410434   147 transaction_manager_impl.cpp:120] Total, abort: 8 commit: 0
2026-09-16T10:18:15.410529325Z I20260916 10:18:15.410465   147 transaction_manager_impl.cpp:62] Finish with epoch id=2946
2026-09-16T10:18:15.411055801Z I20260916 10:18:15.410952    44 block_storage_to_file.cpp:46] block store in file successfully, epoch=2946
2026-09-16T10:18:15.429426663Z I20260916 10:18:15.429265   143 consensus_control_block.h:289] consensus of epoch=2947 has reach, all vote yes.
2026-09-16T10:18:15.611568894Z I20260916 10:18:15.611467   150 epoch_txn_queue_manager.h:17] All threads reached barrier, epoch: 2948, count: 4
2026-09-16T10:18:15.612093784Z I20260916 10:18:15.611864   147 transaction_manager_impl.cpp:120] Total, abort: 8 commit: 0
2026-09-16T10:18:15.612121409Z I20260916 10:18:15.611990   147 transaction_manager_impl.cpp:62] Finish with epoch id=2947
2026-09-16T10:18:15.612433464Z I20260916 10:18:15.612363    44 block_storage_to_file.cpp:46] block store in file successfully, epoch=2947
2026-09-16T10:18:15.630307148Z I20260916 10:18:15.630157   143 consensus_control_block.h:289] consensus of epoch=2948 has reach, all vote yes.
2026-09-16T10:18:15.741718523Z I20260916 10:18:15.741588   149 epoch_txn_queue_manager.h:17] All threads reached barrier, epoch: 2949, count: 4
2026-09-16T10:18:15.742152284Z I20260916 10:18:15.741988   147 transaction_manager_impl.cpp:120] Total, abort: 8 commit: 0
2026-09-16T10:18:15.742207284Z I20260916 10:18:15.742089   147 transaction_manager_impl.cpp:62] Finish with epoch id=2948
2026-09-16T10:18:15.743121759Z I20260916 10:18:15.743059    44 block_storage_to_file.cpp:46] block store in file successfully, epoch=2948
2026-09-16T10:18:15.830712323Z I20260916 10:18:15.830607   143 consensus_control_block.h:289] consensus of epoch=2949 has reach, all vote yes.
2026-09-16T10:18:15.842325726Z I20260916 10:18:15.842223   149 epoch_txn_queue_manager.h:17] All threads reached barrier, epoch: 2950, count: 4
2026-09-16T10:18:15.850015038Z I20260916 10:18:15.849867   147 transaction_manager_impl.cpp:120] Total, abort: 8 commit: 811
2026-09-16T10:18:15.850036487Z I20260916 10:18:15.849895   147 transaction_manager_impl.cpp:62] Finish with epoch id=2949
2026-09-16T10:18:15.861750422Z I20260916 10:18:15.861626    44 block_storage_to_file.cpp:46] block store in file successfully, epoch=2949
2026-09-16T10:18:15.930997667Z I20260916 10:18:15.930897   143 consensus_control_block.h:289] consensus of epoch=2950 has reach, all vote yes.
2026-09-16T10:18:15.939221525Z I20260916 10:18:15.939148   152 epoch_txn_queue_manager.h:17] All threads reached barrier, epoch: 2951, count: 4
2026-09-16T10:18:15.949509933Z I20260916 10:18:15.949352   147 transaction_manager_impl.cpp:120] Total, abort: 4 commit: 907
2026-09-16T10:18:15.949524679Z I20260916 10:18:15.949374   147 transaction_manager_impl.cpp:62] Finish with epoch id=2950
2026-09-16T10:18:15.957903371Z I20260916 10:18:15.957784    44 block_storage_to_file.cpp:46] block store in file successfully, epoch=2950
2026-09-16T10:18:16.031301591Z I20260916 10:18:16.031210   143 consensus_control_block.h:289] consensus of epoch=2951 has reach, all vote yes.
2026-09-16T10:18:16.039755773Z I20260916 10:18:16.039692   152 epoch_txn_queue_manager.h:17] All threads reached barrier, epoch: 2952, count: 4
2026-09-16T10:18:16.051500906Z I20260916 10:18:16.051385   147 transaction_manager_impl.cpp:120] Total, abort: 5 commit: 886
2026-09-16T10:18:16.051515179Z I20260916 10:18:16.051400   147 transaction_manager_impl.cpp:62] Finish with epoch id=2951
2026-09-16T10:18:16.059074118Z I20260916 10:18:16.058933    44 block_storage_to_file.cpp:46] block store in file successfully, epoch=2951
2026-09-16T10:18:16.131595350Z I20260916 10:18:16.131484   143 consensus_control_block.h:289] consensus of epoch=2952 has reach, all vote yes.
2026-09-16T10:18:16.140563002Z I20260916 10:18:16.140498   151 epoch_txn_queue_manager.h:17] All threads reached barrier, epoch: 2953, count: 4
2026-09-16T10:18:16.151592110Z I20260916 10:18:16.151455   147 transaction_manager_impl.cpp:120] Total, abort: 5 commit: 904
2026-09-16T10:18:16.151607486Z I20260916 10:18:16.151484   147 transaction_manager_impl.cpp:62] Finish with epoch id=2952
2026-09-16T10:18:16.160179252Z I20260916 10:18:16.160084    44 block_storage_to_file.cpp:46] block store in file successfully, epoch=2952
2026-09-16T10:18:16.227882721Z [epoch] I20260916 10:18:16.227735     7 chain_client.cpp:83] Sending Request to epoch_server_group at qps=0 latency=0
2026-09-16T10:18:16.231774282Z I20260916 10:18:16.231685   143 consensus_control_block.h:289] consensus of epoch=2953 has reach, all vote yes.
2026-09-16T10:18:16.241324137Z I20260916 10:18:16.241218   151 epoch_txn_queue_manager.h:17] All threads reached barrier, epoch: 2954, count: 4
2026-09-16T10:18:16.251359160Z I20260916 10:18:16.251281   147 transaction_manager_impl.cpp:120] Total, abort: 10 commit: 900
2026-09-16T10:18:16.251366550Z I20260916 10:18:16.251300   147 transaction_manager_impl.cpp:62] Finish with epoch id=2953
2026-09-16T10:18:16.259393205Z I20260916 10:18:16.259225    44 block_storage_to_file.cpp:46] block store in file successfully, epoch=2953
2026-09-16T10:18:16.276397048Z I20260916 10:18:16.276265   143 consensus_control_block.h:289] consensus of epoch=2954 has reach, all vote yes.
2026-09-16T10:18:16.342311120Z I20260916 10:18:16.341970   152 epoch_txn_queue_manager.h:17] All threads reached barrier, epoch: 2955, count: 4
2026-09-16T10:18:16.355044133Z I20260916 10:18:16.354956   147 transaction_manager_impl.cpp:120] Total, abort: 5 commit: 909
2026-09-16T10:18:16.355053759Z I20260916 10:18:16.354969   147 transaction_manager_impl.cpp:62] Finish with epoch id=2954
2026-09-16T10:18:16.363908128Z I20260916 10:18:16.363822    44 block_storage_to_file.cpp:46] block store in file successfully, epoch=2954
2026-09-16T10:18:16.432486200Z I20260916 10:18:16.432372   143 consensus_control_block.h:289] consensus of epoch=2955 has reach, all vote yes.
2026-09-16T10:18:16.442948333Z I20260916 10:18:16.442675   151 epoch_txn_queue_manager.h:17] All threads reached barrier, epoch: 2956, count: 4
2026-09-16T10:18:16.454697661Z I20260916 10:18:16.454401   147 transaction_manager_impl.cpp:120] Total, abort: 4 commit: 906
2026-09-16T10:18:16.454744813Z I20260916 10:18:16.454429   147 transaction_manager_impl.cpp:62] Finish with epoch id=2955
2026-09-16T10:18:16.465033512Z I20260916 10:18:16.464859    44 block_storage_to_file.cpp:46] block store in file successfully, epoch=2955
2026-09-16T10:18:16.503285180Z I20260916 10:18:16.503170   151 epoch_txn_queue_manager.h:17] All threads reached barrier, epoch: 2957, count: 4
2026-09-16T10:18:16.505372516Z I20260916 10:18:16.505286   143 consensus_control_block.h:289] consensus of epoch=2956 has reach, all vote yes.
2026-09-16T10:18:16.513445108Z I20260916 10:18:16.513316   147 transaction_manager_impl.cpp:120] Total, abort: 5 commit: 902
2026-09-16T10:18:16.513466306Z I20260916 10:18:16.513348   147 transaction_manager_impl.cpp:62] Finish with epoch id=2956
2026-09-16T10:18:16.522129809Z I20260916 10:18:16.521991    44 block_storage_to_file.cpp:46] block store in file successfully, epoch=2956
2026-09-16T10:18:16.532841221Z I20260916 10:18:16.532776   143 consensus_control_block.h:289] consensus of epoch=2957 has reach, all vote yes.
2026-09-16T10:18:16.644240469Z I20260916 10:18:16.644167   151 epoch_txn_queue_manager.h:17] All threads reached barrier, epoch: 2958, count: 4
2026-09-16T10:18:16.653692677Z I20260916 10:18:16.653342   147 transaction_manager_impl.cpp:120] Total, abort: 1 commit: 544
2026-09-16T10:18:16.653753167Z I20260916 10:18:16.653369   147 transaction_manager_impl.cpp:62] Finish with epoch id=2957
2026-09-16T10:18:16.658547634Z I20260916 10:18:16.658447    44 block_storage_to_file.cpp:46] block store in file successfully, epoch=2957
2026-09-16T10:18:16.733399997Z I20260916 10:18:16.733250   143 consensus_control_block.h:289] consensus of epoch=2958 has reach, all vote yes.
2026-09-16T10:18:16.744667419Z I20260916 10:18:16.744621   152 epoch_txn_queue_manager.h:17] All threads reached barrier, epoch: 2959, count: 4
2026-09-16T10:18:16.757189675Z I20260916 10:18:16.757076   147 transaction_manager_impl.cpp:120] Total, abort: 9 commit: 1274
2026-09-16T10:18:16.757210968Z I20260916 10:18:16.757099   147 transaction_manager_impl.cpp:62] Finish with epoch id=2958
2026-09-16T10:18:16.769545531Z I20260916 10:18:16.769378    44 block_storage_to_file.cpp:46] block store in file successfully, epoch=2958
2026-09-16T10:18:16.833657403Z I20260916 10:18:16.833540   143 consensus_control_block.h:289] consensus of epoch=2959 has reach, all vote yes.
2026-09-16T10:18:16.845482723Z I20260916 10:18:16.845358   152 epoch_txn_queue_manager.h:17] All threads reached barrier, epoch: 2960, count: 4
2026-09-16T10:18:16.860691974Z I20260916 10:18:16.860581   147 transaction_manager_impl.cpp:120] Total, abort: 7 commit: 888
2026-09-16T10:18:16.860709024Z I20260916 10:18:16.860596   147 transaction_manager_impl.cpp:62] Finish with epoch id=2959
2026-09-16T10:18:16.869111455Z I20260916 10:18:16.869014    44 block_storage_to_file.cpp:46] block store in file successfully, epoch=2959
2026-09-16T10:18:16.933954111Z I20260916 10:18:16.933823   143 consensus_control_block.h:289] consensus of epoch=2960 has reach, all vote yes.
2026-09-16T10:18:16.944014134Z I20260916 10:18:16.943918   150 epoch_txn_queue_manager.h:17] All threads reached barrier, epoch: 2961, count: 4
2026-09-16T10:18:16.953806307Z I20260916 10:18:16.953012   147 transaction_manager_impl.cpp:120] Total, abort: 6 commit: 903
2026-09-16T10:18:16.953817820Z I20260916 10:18:16.953030   147 transaction_manager_impl.cpp:62] Finish with epoch id=2960
2026-09-16T10:18:16.962560049Z I20260916 10:18:16.962464    44 block_storage_to_file.cpp:46] block store in file successfully, epoch=2960
2026-09-16T10:18:17.034200788Z I20260916 10:18:17.034078   143 consensus_control_block.h:289] consensus of epoch=2961 has reach, all vote yes.
2026-09-16T10:18:17.044675391Z I20260916 10:18:17.044601   150 epoch_txn_queue_manager.h:17] All threads reached barrier, epoch: 2962, count: 4
2026-09-16T10:18:17.056475989Z I20260916 10:18:17.054998   147 transaction_manager_impl.cpp:120] Total, abort: 6 commit: 882
2026-09-16T10:18:17.056497933Z I20260916 10:18:17.055019   147 transaction_manager_impl.cpp:62] Finish with epoch id=2961
2026-09-16T10:18:17.064020006Z I20260916 10:18:17.063939    44 block_storage_to_file.cpp:46] block store in file successfully, epoch=2961
2026-09-16T10:18:17.134548085Z I20260916 10:18:17.134402   143 consensus_control_block.h:289] consensus of epoch=2962 has reach, all vote yes.
2026-09-16T10:18:17.145410763Z I20260916 10:18:17.145340   150 epoch_txn_queue_manager.h:17] All threads reached barrier, epoch: 2963, count: 4
2026-09-16T10:18:17.161943941Z I20260916 10:18:17.161784   147 transaction_manager_impl.cpp:120] Total, abort: 7 commit: 904
2026-09-16T10:18:17.161971852Z I20260916 10:18:17.161834   147 transaction_manager_impl.cpp:62] Finish with epoch id=2962
2026-09-16T10:18:17.170403862Z I20260916 10:18:17.170318    44 block_storage_to_file.cpp:46] block store in file successfully, epoch=2962
2026-09-16T10:18:17.228082394Z [epoch] I20260916 10:18:17.227852     7 chain_client.cpp:83] Sending Request to epoch_server_group at qps=0 latency=0
2026-09-16T10:18:17.234820246Z I20260916 10:18:17.234679   143 consensus_control_block.h:289] consensus of epoch=2963 has reach, all vote yes.
2026-09-16T10:18:17.246265674Z I20260916 10:18:17.246157   150 epoch_txn_queue_manager.h:17] All threads reached barrier, epoch: 2964, count: 4
2026-09-16T10:18:17.257384745Z I20260916 10:18:17.257310   147 transaction_manager_impl.cpp:120] Total, abort: 4 commit: 906
2026-09-16T10:18:17.257394259Z I20260916 10:18:17.257324   147 transaction_manager_impl.cpp:62] Finish with epoch id=2963
2026-09-16T10:18:17.266586328Z I20260916 10:18:17.266475    44 block_storage_to_file.cpp:46] block store in file successfully, epoch=2963
2026-09-16T10:18:17.276430587Z I20260916 10:18:17.276335   143 consensus_control_block.h:289] consensus of epoch=2964 has reach, all vote yes.
2026-09-16T10:18:17.346837748Z I20260916 10:18:17.346776   150 epoch_txn_queue_manager.h:17] All threads reached barrier, epoch: 2965, count: 4
2026-09-16T10:18:17.357117432Z I20260916 10:18:17.356947   147 transaction_manager_impl.cpp:120] Total, abort: 6 commit: 904
2026-09-16T10:18:17.357131161Z I20260916 10:18:17.356966   147 transaction_manager_impl.cpp:62] Finish with epoch id=2964
2026-09-16T10:18:17.366815671Z I20260916 10:18:17.366726    44 block_storage_to_file.cpp:46] block store in file successfully, epoch=2964
2026-09-16T10:18:17.435358612Z I20260916 10:18:17.435221   143 consensus_control_block.h:289] consensus of epoch=2965 has reach, all vote yes.
2026-09-16T10:18:17.444127749Z I20260916 10:18:17.443996   149 epoch_txn_queue_manager.h:17] All threads reached barrier, epoch: 2966, count: 4
2026-09-16T10:18:17.460730780Z I20260916 10:18:17.459337   147 transaction_manager_impl.cpp:120] Total, abort: 5 commit: 906
2026-09-16T10:18:17.460771846Z I20260916 10:18:17.459370   147 transaction_manager_impl.cpp:62] Finish with epoch id=2965
2026-09-16T10:18:17.468123703Z I20260916 10:18:17.467937    44 block_storage_to_file.cpp:46] block store in file successfully, epoch=2965
2026-09-16T10:18:17.535613563Z I20260916 10:18:17.535494   143 consensus_control_block.h:289] consensus of epoch=2966 has reach, all vote yes.
2026-09-16T10:18:17.545041483Z I20260916 10:18:17.544938   149 epoch_txn_queue_manager.h:17] All threads reached barrier, epoch: 2967, count: 4
2026-09-16T10:18:17.556464171Z I20260916 10:18:17.556300   147 transaction_manager_impl.cpp:120] Total, abort: 5 commit: 887
2026-09-16T10:18:17.556489077Z I20260916 10:18:17.556320   147 transaction_manager_impl.cpp:62] Finish with epoch id=2966
2026-09-16T10:18:17.564984196Z I20260916 10:18:17.564805    44 block_storage_to_file.cpp:46] block store in file successfully, epoch=2966
2026-09-16T10:18:17.635971035Z I20260916 10:18:17.635793   143 consensus_control_block.h:289] consensus of epoch=2967 has reach, all vote yes.
2026-09-16T10:18:17.646015444Z I20260916 10:18:17.645911   149 epoch_txn_queue_manager.h:17] All threads reached barrier, epoch: 2968, count: 4
2026-09-16T10:18:17.656095798Z I20260916 10:18:17.655915   147 transaction_manager_impl.cpp:120] Total, abort: 8 commit: 901
2026-09-16T10:18:17.656120043Z I20260916 10:18:17.656045   147 transaction_manager_impl.cpp:62] Finish with epoch id=2967
2026-09-16T10:18:17.665241041Z I20260916 10:18:17.665107    44 block_storage_to_file.cpp:46] block store in file successfully, epoch=2967
2026-09-16T10:18:17.736206772Z I20260916 10:18:17.736078   143 consensus_control_block.h:289] consensus of epoch=2968 has reach, all vote yes.
2026-09-16T10:18:17.746646419Z I20260916 10:18:17.746531   149 epoch_txn_queue_manager.h:17] All threads reached barrier, epoch: 2969, count: 4
2026-09-16T10:18:17.758427305Z I20260916 10:18:17.758275   147 transaction_manager_impl.cpp:120] Total, abort: 7 commit: 909
2026-09-16T10:18:17.758442198Z I20260916 10:18:17.758318   147 transaction_manager_impl.cpp:62] Finish with epoch id=2968
2026-09-16T10:18:17.767460356Z I20260916 10:18:17.767355    44 block_storage_to_file.cpp:46] block store in file successfully, epoch=2968
2026-09-16T10:18:17.836485906Z I20260916 10:18:17.836354   143 consensus_control_block.h:289] consensus of epoch=2969 has reach, all vote yes.
2026-09-16T10:18:17.846588210Z I20260916 10:18:17.846495   151 epoch_txn_queue_manager.h:17] All threads reached barrier, epoch: 2970, count: 4
2026-09-16T10:18:17.858511406Z I20260916 10:18:17.858354   147 transaction_manager_impl.cpp:120] Total, abort: 6 commit: 905
2026-09-16T10:18:17.858526189Z I20260916 10:18:17.858378   147 transaction_manager_impl.cpp:62] Finish with epoch id=2969
2026-09-16T10:18:17.867694139Z I20260916 10:18:17.867606    44 block_storage_to_file.cpp:46] block store in file successfully, epoch=2969
2026-09-16T10:18:17.936764273Z I20260916 10:18:17.936633   143 consensus_control_block.h:289] consensus of epoch=2970 has reach, all vote yes.
2026-09-16T10:18:17.947208921Z I20260916 10:18:17.947148   151 epoch_txn_queue_manager.h:17] All threads reached barrier, epoch: 2971, count: 4
2026-09-16T10:18:17.956896587Z I20260916 10:18:17.956765   147 transaction_manager_impl.cpp:120] Total, abort: 6 commit: 883
2026-09-16T10:18:17.956915257Z I20260916 10:18:17.956797   147 transaction_manager_impl.cpp:62] Finish with epoch id=2970
2026-09-16T10:18:17.965122612Z I20260916 10:18:17.965046    44 block_storage_to_file.cpp:46] block store in file successfully, epoch=2970
2026-09-16T10:18:18.037130239Z I20260916 10:18:18.036989   143 consensus_control_block.h:289] consensus of epoch=2971 has reach, all vote yes.
2026-09-16T10:18:18.047812203Z I20260916 10:18:18.047731   151 epoch_txn_queue_manager.h:17] All threads reached barrier, epoch: 2972, count: 4
2026-09-16T10:18:18.059392546Z I20260916 10:18:18.059245   147 transaction_manager_impl.cpp:120] Total, abort: 8 commit: 902
2026-09-16T10:18:18.059411795Z I20260916 10:18:18.059268   147 transaction_manager_impl.cpp:62] Finish with epoch id=2971
2026-09-16T10:18:18.067539347Z I20260916 10:18:18.067395    44 block_storage_to_file.cpp:46] block store in file successfully, epoch=2971
2026-09-16T10:18:18.137368301Z I20260916 10:18:18.137240   143 consensus_control_block.h:289] consensus of epoch=2972 has reach, all vote yes.
2026-09-16T10:18:18.155081857Z I20260916 10:18:18.154896   151 epoch_txn_queue_manager.h:17] All threads reached barrier, epoch: 2973, count: 4
2026-09-16T10:18:18.179665494Z I20260916 10:18:18.178123   147 transaction_manager_impl.cpp:120] Total, abort: 7 commit: 906
2026-09-16T10:18:18.179683322Z I20260916 10:18:18.178148   147 transaction_manager_impl.cpp:62] Finish with epoch id=2972
2026-09-16T10:18:18.189213644Z I20260916 10:18:18.189098    44 block_storage_to_file.cpp:46] block store in file successfully, epoch=2972
2026-09-16T10:18:18.228165319Z [epoch] I20260916 10:18:18.227965     7 chain_client.cpp:83] Sending Request to epoch_server_group at qps=0 latency=0
2026-09-16T10:18:18.237640741Z I20260916 10:18:18.237509   143 consensus_control_block.h:289] consensus of epoch=2973 has reach, all vote yes.
2026-09-16T10:18:18.246844823Z I20260916 10:18:18.246729   152 epoch_txn_queue_manager.h:17] All threads reached barrier, epoch: 2974, count: 4
2026-09-16T10:18:18.256759632Z I20260916 10:18:18.255694   147 transaction_manager_impl.cpp:120] Total, abort: 5 commit: 903
2026-09-16T10:18:18.256771230Z I20260916 10:18:18.255713   147 transaction_manager_impl.cpp:62] Finish with epoch id=2973
2026-09-16T10:18:18.264739163Z I20260916 10:18:18.264627    44 block_storage_to_file.cpp:46] block store in file successfully, epoch=2973
2026-09-16T10:18:18.276701005Z I20260916 10:18:18.276575   143 consensus_control_block.h:289] consensus of epoch=2974 has reach, all vote yes.
2026-09-16T10:18:18.301956509Z I20260916 10:18:18.301821   149 epoch_txn_queue_manager.h:17] All threads reached barrier, epoch: 2975, count: 4
2026-09-16T10:18:18.314747140Z I20260916 10:18:18.314622   147 transaction_manager_impl.cpp:120] Total, abort: 5 commit: 891
2026-09-16T10:18:18.314760521Z I20260916 10:18:18.314643   147 transaction_manager_impl.cpp:62] Finish with epoch id=2974
2026-09-16T10:18:18.322553789Z I20260916 10:18:18.322443    44 block_storage_to_file.cpp:46] block store in file successfully, epoch=2974
2026-09-16T10:18:18.337934011Z I20260916 10:18:18.337811   143 consensus_control_block.h:289] consensus of epoch=2975 has reach, all vote yes.
2026-09-16T10:18:18.402517670Z I20260916 10:18:18.402395   149 epoch_txn_queue_manager.h:17] All threads reached barrier, epoch: 2976, count: 4
2026-09-16T10:18:18.409885946Z I20260916 10:18:18.409797   147 transaction_manager_impl.cpp:120] Total, abort: 1 commit: 497
2026-09-16T10:18:18.409907311Z I20260916 10:18:18.409811   147 transaction_manager_impl.cpp:62] Finish with epoch id=2975
2026-09-16T10:18:18.415270575Z I20260916 10:18:18.415158    44 block_storage_to_file.cpp:46] block store in file successfully, epoch=2975
2026-09-16T10:18:18.438219079Z I20260916 10:18:18.438108   143 consensus_control_block.h:289] consensus of epoch=2976 has reach, all vote yes.
2026-09-16T10:18:18.549045309Z I20260916 10:18:18.548877   152 epoch_txn_queue_manager.h:17] All threads reached barrier, epoch: 2977, count: 4
2026-09-16T10:18:18.560349460Z I20260916 10:18:18.560279   147 transaction_manager_impl.cpp:120] Total, abort: 6 commit: 903
2026-09-16T10:18:18.560358752Z I20260916 10:18:18.560309   147 transaction_manager_impl.cpp:62] Finish with epoch id=2976
2026-09-16T10:18:18.568839329Z I20260916 10:18:18.568710    44 block_storage_to_file.cpp:46] block store in file successfully, epoch=2976
2026-09-16T10:18:18.638800585Z I20260916 10:18:18.638705   143 consensus_control_block.h:289] consensus of epoch=2977 has reach, all vote yes.
2026-09-16T10:18:18.649865421Z I20260916 10:18:18.649672   152 epoch_txn_queue_manager.h:17] All threads reached barrier, epoch: 2978, count: 4
2026-09-16T10:18:18.663939397Z I20260916 10:18:18.663786   147 transaction_manager_impl.cpp:120] Total, abort: 11 commit: 1311
2026-09-16T10:18:18.663976441Z I20260916 10:18:18.663806   147 transaction_manager_impl.cpp:62] Finish with epoch id=2977
2026-09-16T10:18:18.676357837Z I20260916 10:18:18.676272    44 block_storage_to_file.cpp:46] block store in file successfully, epoch=2977
2026-09-16T10:18:18.704210817Z I20260916 10:18:18.704080   143 consensus_control_block.h:289] consensus of epoch=2978 has reach, all vote yes.
2026-09-16T10:18:18.704851311Z I20260916 10:18:18.704764   149 epoch_txn_queue_manager.h:17] All threads reached barrier, epoch: 2979, count: 4
2026-09-16T10:18:18.712129603Z I20260916 10:18:18.712016   147 transaction_manager_impl.cpp:120] Total, abort: 7 commit: 905
2026-09-16T10:18:18.712147274Z I20260916 10:18:18.712033   147 transaction_manager_impl.cpp:62] Finish with epoch id=2978
2026-09-16T10:18:18.720234747Z I20260916 10:18:18.720120    44 block_storage_to_file.cpp:46] block store in file successfully, epoch=2978
2026-09-16T10:18:18.739081114Z I20260916 10:18:18.738936   143 consensus_control_block.h:289] consensus of epoch=2979 has reach, all vote yes.
2026-09-16T10:18:18.805505300Z I20260916 10:18:18.805362   149 epoch_txn_queue_manager.h:17] All threads reached barrier, epoch: 2980, count: 4
2026-09-16T10:18:18.814377122Z I20260916 10:18:18.814170   147 transaction_manager_impl.cpp:120] Total, abort: 0 commit: 499
2026-09-16T10:18:18.814391890Z I20260916 10:18:18.814201   147 transaction_manager_impl.cpp:62] Finish with epoch id=2979
2026-09-16T10:18:18.820955202Z I20260916 10:18:18.820844    44 block_storage_to_file.cpp:46] block store in file successfully, epoch=2979
2026-09-16T10:18:18.839299762Z I20260916 10:18:18.839175   143 consensus_control_block.h:289] consensus of epoch=2980 has reach, all vote yes.
2026-09-16T10:18:18.951329107Z I20260916 10:18:18.951122   150 epoch_txn_queue_manager.h:17] All threads reached barrier, epoch: 2981, count: 4
2026-09-16T10:18:18.963946492Z I20260916 10:18:18.963706   147 transaction_manager_impl.cpp:120] Total, abort: 5 commit: 904
2026-09-16T10:18:18.963961174Z I20260916 10:18:18.963737   147 transaction_manager_impl.cpp:62] Finish with epoch id=2980
2026-09-16T10:18:18.972587199Z I20260916 10:18:18.972472    44 block_storage_to_file.cpp:46] block store in file successfully, epoch=2980
2026-09-16T10:18:19.039900124Z I20260916 10:18:19.039775   143 consensus_control_block.h:289] consensus of epoch=2981 has reach, all vote yes.
2026-09-16T10:18:19.046958628Z I20260916 10:18:19.046849   149 epoch_txn_queue_manager.h:17] All threads reached barrier, epoch: 2982, count: 4
2026-09-16T10:18:19.058716365Z I20260916 10:18:19.058573   147 transaction_manager_impl.cpp:120] Total, abort: 10 commit: 1288
2026-09-16T10:18:19.058737989Z I20260916 10:18:19.058591   147 transaction_manager_impl.cpp:62] Finish with epoch id=2981
2026-09-16T10:18:19.070623201Z I20260916 10:18:19.070492    44 block_storage_to_file.cpp:46] block store in file successfully, epoch=2981
2026-09-16T10:18:19.140287595Z I20260916 10:18:19.140208   143 consensus_control_block.h:289] consensus of epoch=2982 has reach, all vote yes.
2026-09-16T10:18:19.147787425Z I20260916 10:18:19.147688   149 epoch_txn_queue_manager.h:17] All threads reached barrier, epoch: 2983, count: 4
2026-09-16T10:18:19.159362030Z I20260916 10:18:19.159181   147 transaction_manager_impl.cpp:120] Total, abort: 6 commit: 884
2026-09-16T10:18:19.159379269Z I20260916 10:18:19.159235   147 transaction_manager_impl.cpp:62] Finish with epoch id=2982
2026-09-16T10:18:19.167806498Z I20260916 10:18:19.167657    44 block_storage_to_file.cpp:46] block store in file successfully, epoch=2982
2026-09-16T10:18:19.228243013Z [epoch] I20260916 10:18:19.228070     7 chain_client.cpp:83] Sending Request to epoch_server_group at qps=0 latency=0
2026-09-16T10:18:19.240567045Z I20260916 10:18:19.240480   143 consensus_control_block.h:289] consensus of epoch=2983 has reach, all vote yes.
2026-09-16T10:18:19.248455142Z I20260916 10:18:19.248355   149 epoch_txn_queue_manager.h:17] All threads reached barrier, epoch: 2984, count: 4
2026-09-16T10:18:19.259948361Z I20260916 10:18:19.259800   147 transaction_manager_impl.cpp:120] Total, abort: 8 commit: 904
2026-09-16T10:18:19.259977288Z I20260916 10:18:19.259819   147 transaction_manager_impl.cpp:62] Finish with epoch id=2983
2026-09-16T10:18:19.268641492Z I20260916 10:18:19.268507    44 block_storage_to_file.cpp:46] block store in file successfully, epoch=2983
2026-09-16T10:18:19.276626471Z I20260916 10:18:19.276523   143 consensus_control_block.h:289] consensus of epoch=2984 has reach, all vote yes.
2026-09-16T10:18:19.349210193Z I20260916 10:18:19.349105   149 epoch_txn_queue_manager.h:17] All threads reached barrier, epoch: 2985, count: 4
2026-09-16T10:18:19.357933949Z I20260916 10:18:19.357826   147 transaction_manager_impl.cpp:120] Total, abort: 7 commit: 905
2026-09-16T10:18:19.357947624Z I20260916 10:18:19.357844   147 transaction_manager_impl.cpp:62] Finish with epoch id=2984
2026-09-16T10:18:19.366508409Z I20260916 10:18:19.366422    44 block_storage_to_file.cpp:46] block store in file successfully, epoch=2984
2026-09-16T10:18:19.441236893Z I20260916 10:18:19.441151   143 consensus_control_block.h:289] consensus of epoch=2985 has reach, all vote yes.
2026-09-16T10:18:19.449859234Z I20260916 10:18:19.449769   149 epoch_txn_queue_manager.h:17] All threads reached barrier, epoch: 2986, count: 4
2026-09-16T10:18:19.461083824Z I20260916 10:18:19.460944   147 transaction_manager_impl.cpp:120] Total, abort: 8 commit: 903
2026-09-16T10:18:19.461110335Z I20260916 10:18:19.460965   147 transaction_manager_impl.cpp:62] Finish with epoch id=2985
2026-09-16T10:18:19.469475844Z I20260916 10:18:19.469347    44 block_storage_to_file.cpp:46] block store in file successfully, epoch=2985
2026-09-16T10:18:19.541373679Z I20260916 10:18:19.541247   143 consensus_control_block.h:289] consensus of epoch=2986 has reach, all vote yes.
2026-09-16T10:18:19.550816421Z I20260916 10:18:19.550688   149 epoch_txn_queue_manager.h:17] All threads reached barrier, epoch: 2987, count: 4
2026-09-16T10:18:19.564293107Z I20260916 10:18:19.564209   147 transaction_manager_impl.cpp:120] Total, abort: 6 commit: 904
2026-09-16T10:18:19.564305552Z I20260916 10:18:19.564231   147 transaction_manager_impl.cpp:62] Finish with epoch id=2986
2026-09-16T10:18:19.572839758Z I20260916 10:18:19.572731    44 block_storage_to_file.cpp:46] block store in file successfully, epoch=2986
2026-09-16T10:18:19.641657145Z I20260916 10:18:19.641546   143 consensus_control_block.h:289] consensus of epoch=2987 has reach, all vote yes.
2026-09-16T10:18:19.651347299Z I20260916 10:18:19.651222   149 epoch_txn_queue_manager.h:17] All threads reached barrier, epoch: 2988, count: 4
2026-09-16T10:18:19.660952248Z I20260916 10:18:19.660867   147 transaction_manager_impl.cpp:120] Total, abort: 7 commit: 905
2026-09-16T10:18:19.660957982Z I20260916 10:18:19.660887   147 transaction_manager_impl.cpp:62] Finish with epoch id=2987
2026-09-16T10:18:19.669352387Z I20260916 10:18:19.669219    44 block_storage_to_file.cpp:46] block store in file successfully, epoch=2987
2026-09-16T10:18:19.742026589Z I20260916 10:18:19.741927   143 consensus_control_block.h:289] consensus of epoch=2988 has reach, all vote yes.
2026-09-16T10:18:19.752192225Z I20260916 10:18:19.752085   149 epoch_txn_queue_manager.h:17] All threads reached barrier, epoch: 2989, count: 4
2026-09-16T10:18:19.764510209Z I20260916 10:18:19.764415   147 transaction_manager_impl.cpp:120] Total, abort: 7 commit: 910
2026-09-16T10:18:19.764521394Z I20260916 10:18:19.764436   147 transaction_manager_impl.cpp:62] Finish with epoch id=2988
2026-09-16T10:18:19.773402041Z I20260916 10:18:19.773325    44 block_storage_to_file.cpp:46] block store in file successfully, epoch=2988
2026-09-16T10:18:19.842204672Z I20260916 10:18:19.842095   143 consensus_control_block.h:289] consensus of epoch=2989 has reach, all vote yes.
2026-09-16T10:18:19.852793664Z I20260916 10:18:19.852689   149 epoch_txn_queue_manager.h:17] All threads reached barrier, epoch: 2990, count: 4
2026-09-16T10:18:19.862156536Z I20260916 10:18:19.862022   147 transaction_manager_impl.cpp:120] Total, abort: 8 commit: 903
2026-09-16T10:18:19.862176161Z I20260916 10:18:19.862080   147 transaction_manager_impl.cpp:62] Finish with epoch id=2989
2026-09-16T10:18:19.870547411Z I20260916 10:18:19.870376    44 block_storage_to_file.cpp:46] block store in file successfully, epoch=2989
2026-09-16T10:18:19.942452530Z I20260916 10:18:19.942323   143 consensus_control_block.h:289] consensus of epoch=2990 has reach, all vote yes.
2026-09-16T10:18:19.953531061Z I20260916 10:18:19.953409   149 epoch_txn_queue_manager.h:17] All threads reached barrier, epoch: 2991, count: 4
2026-09-16T10:18:19.963969675Z I20260916 10:18:19.963882   147 transaction_manager_impl.cpp:120] Total, abort: 7 commit: 905
2026-09-16T10:18:19.963983198Z I20260916 10:18:19.963907   147 transaction_manager_impl.cpp:62] Finish with epoch id=2990
2026-09-16T10:18:19.972457103Z I20260916 10:18:19.972368    44 block_storage_to_file.cpp:46] block store in file successfully, epoch=2990
2026-09-16T10:18:20.042799383Z I20260916 10:18:20.042730   143 consensus_control_block.h:289] consensus of epoch=2991 has reach, all vote yes.
2026-09-16T10:18:20.054234068Z I20260916 10:18:20.054128   149 epoch_txn_queue_manager.h:17] All threads reached barrier, epoch: 2992, count: 4
2026-09-16T10:18:20.064876732Z I20260916 10:18:20.064779   147 transaction_manager_impl.cpp:120] Total, abort: 6 commit: 904
2026-09-16T10:18:20.064901178Z I20260916 10:18:20.064826   147 transaction_manager_impl.cpp:62] Finish with epoch id=2991
2026-09-16T10:18:20.073658032Z I20260916 10:18:20.073554    44 block_storage_to_file.cpp:46] block store in file successfully, epoch=2991
2026-09-16T10:18:20.143063518Z I20260916 10:18:20.142982   143 consensus_control_block.h:289] consensus of epoch=2992 has reach, all vote yes.
2026-09-16T10:18:20.153728837Z I20260916 10:18:20.153606   150 epoch_txn_queue_manager.h:17] All threads reached barrier, epoch: 2993, count: 4
2026-09-16T10:18:20.164296223Z I20260916 10:18:20.164183   147 transaction_manager_impl.cpp:120] Total, abort: 5 commit: 902
2026-09-16T10:18:20.164307695Z I20260916 10:18:20.164197   147 transaction_manager_impl.cpp:62] Finish with epoch id=2992
2026-09-16T10:18:20.172977382Z I20260916 10:18:20.172858    44 block_storage_to_file.cpp:46] block store in file successfully, epoch=2992
2026-09-16T10:18:20.228341104Z [epoch] I20260916 10:18:20.228173     7 chain_client.cpp:83] Sending Request to epoch_server_group at qps=0 latency=0
2026-09-16T10:18:20.243436134Z I20260916 10:18:20.243286   143 consensus_control_block.h:289] consensus of epoch=2993 has reach, all vote yes.
2026-09-16T10:18:20.254618967Z I20260916 10:18:20.254487   150 epoch_txn_queue_manager.h:17] All threads reached barrier, epoch: 2994, count: 4
2026-09-16T10:18:20.266872606Z I20260916 10:18:20.266705   147 transaction_manager_impl.cpp:120] Total, abort: 4 commit: 885
2026-09-16T10:18:20.266884031Z I20260916 10:18:20.266738   147 transaction_manager_impl.cpp:62] Finish with epoch id=2993
2026-09-16T10:18:20.275077879Z I20260916 10:18:20.274935    44 block_storage_to_file.cpp:46] block store in file successfully, epoch=2993
2026-09-16T10:18:20.276941659Z I20260916 10:18:20.276837   143 consensus_control_block.h:289] consensus of epoch=2994 has reach, all vote yes.
2026-09-16T10:18:20.355324979Z I20260916 10:18:20.355135   150 epoch_txn_queue_manager.h:17] All threads reached barrier, epoch: 2995, count: 4
2026-09-16T10:18:20.365774823Z I20260916 10:18:20.365686   147 transaction_manager_impl.cpp:120] Total, abort: 7 commit: 904
2026-09-16T10:18:20.365788917Z I20260916 10:18:20.365711   147 transaction_manager_impl.cpp:62] Finish with epoch id=2994
2026-09-16T10:18:20.374702747Z I20260916 10:18:20.374614    44 block_storage_to_file.cpp:46] block store in file successfully, epoch=2994
2026-09-16T10:18:20.444049509Z I20260916 10:18:20.444000   143 consensus_control_block.h:289] consensus of epoch=2995 has reach, all vote yes.
2026-09-16T10:18:20.455068218Z I20260916 10:18:20.454933   151 epoch_txn_queue_manager.h:17] All threads reached barrier, epoch: 2996, count: 4
2026-09-16T10:18:20.473215149Z I20260916 10:18:20.473063   147 transaction_manager_impl.cpp:120] Total, abort: 4 commit: 907
2026-09-16T10:18:20.473235049Z I20260916 10:18:20.473083   147 transaction_manager_impl.cpp:62] Finish with epoch id=2995
2026-09-16T10:18:20.481541801Z I20260916 10:18:20.481462    44 block_storage_to_file.cpp:46] block store in file successfully, epoch=2995
2026-09-16T10:18:20.544542279Z I20260916 10:18:20.544422   143 consensus_control_block.h:289] consensus of epoch=2996 has reach, all vote yes.
2026-09-16T10:18:20.555782816Z I20260916 10:18:20.555653   151 epoch_txn_queue_manager.h:17] All threads reached barrier, epoch: 2997, count: 4
2026-09-16T10:18:20.567482969Z I20260916 10:18:20.567335   147 transaction_manager_impl.cpp:120] Total, abort: 8 commit: 879
2026-09-16T10:18:20.567499009Z I20260916 10:18:20.567379   147 transaction_manager_impl.cpp:62] Finish with epoch id=2996
2026-09-16T10:18:20.575480788Z I20260916 10:18:20.575369    44 block_storage_to_file.cpp:46] block store in file successfully, epoch=2996
2026-09-16T10:18:20.644693955Z I20260916 10:18:20.644598   143 consensus_control_block.h:289] consensus of epoch=2997 has reach, all vote yes.
2026-09-16T10:18:20.655285344Z I20260916 10:18:20.655187   152 epoch_txn_queue_manager.h:17] All threads reached barrier, epoch: 2998, count: 4
2026-09-16T10:18:20.668490338Z I20260916 10:18:20.668392   147 transaction_manager_impl.cpp:120] Total, abort: 7 commit: 903
2026-09-16T10:18:20.668503839Z I20260916 10:18:20.668453   147 transaction_manager_impl.cpp:62] Finish with epoch id=2997
2026-09-16T10:18:20.679078225Z I20260916 10:18:20.678970    44 block_storage_to_file.cpp:46] block store in file successfully, epoch=2997
2026-09-16T10:18:20.708213653Z I20260916 10:18:20.708084   150 epoch_txn_queue_manager.h:17] All threads reached barrier, epoch: 2999, count: 4
2026-09-16T10:18:20.711043532Z I20260916 10:18:20.710949   143 consensus_control_block.h:289] consensus of epoch=2998 has reach, all vote yes.
2026-09-16T10:18:20.721745356Z I20260916 10:18:20.721640   147 transaction_manager_impl.cpp:120] Total, abort: 8 commit: 881
2026-09-16T10:18:20.721760836Z I20260916 10:18:20.721660   147 transaction_manager_impl.cpp:62] Finish with epoch id=2998
2026-09-16T10:18:20.729865116Z I20260916 10:18:20.729775    44 block_storage_to_file.cpp:46] block store in file successfully, epoch=2998
2026-09-16T10:18:20.744866222Z I20260916 10:18:20.744796   143 consensus_control_block.h:289] consensus of epoch=2999 has reach, all vote yes.
2026-09-16T10:18:20.856457707Z I20260916 10:18:20.856369   152 epoch_txn_queue_manager.h:17] All threads reached barrier, epoch: 3000, count: 4
2026-09-16T10:18:20.863985326Z I20260916 10:18:20.863868   147 transaction_manager_impl.cpp:120] Total, abort: 0 commit: 499
2026-09-16T10:18:20.863999143Z I20260916 10:18:20.863881   147 transaction_manager_impl.cpp:62] Finish with epoch id=2999
2026-09-16T10:18:20.870400527Z I20260916 10:18:20.870314    44 block_storage_to_file.cpp:46] block store in file successfully, epoch=2999
2026-09-16T10:18:20.945426507Z I20260916 10:18:20.945318   143 consensus_control_block.h:289] consensus of epoch=3000 has reach, all vote yes.
2026-09-16T10:18:20.950644328Z I20260916 10:18:20.950521   149 epoch_txn_queue_manager.h:17] All threads reached barrier, epoch: 3001, count: 4
2026-09-16T10:18:20.965972421Z I20260916 10:18:20.965072   147 transaction_manager_impl.cpp:120] Total, abort: 12 commit: 1311
2026-09-16T10:18:20.965986241Z I20260916 10:18:20.965102   147 transaction_manager_impl.cpp:62] Finish with epoch id=3000
2026-09-16T10:18:20.977247596Z I20260916 10:18:20.977130    44 block_storage_to_file.cpp:46] block store in file successfully, epoch=3000
2026-09-16T10:18:21.011061960Z I20260916 10:18:21.010907   149 epoch_txn_queue_manager.h:17] All threads reached barrier, epoch: 3002, count: 4
2026-09-16T10:18:21.012343457Z I20260916 10:18:21.012252   143 consensus_control_block.h:289] consensus of epoch=3001 has reach, all vote yes.
2026-09-16T10:18:21.022333041Z I20260916 10:18:21.022197   147 transaction_manager_impl.cpp:120] Total, abort: 5 commit: 882
2026-09-16T10:18:21.022354398Z I20260916 10:18:21.022217   147 transaction_manager_impl.cpp:62] Finish with epoch id=3001
2026-09-16T10:18:21.031374619Z I20260916 10:18:21.031198    44 block_storage_to_file.cpp:46] block store in file successfully, epoch=3001
2026-09-16T10:18:21.045670763Z I20260916 10:18:21.045554   143 consensus_control_block.h:289] consensus of epoch=3002 has reach, all vote yes.
2026-09-16T10:18:21.109627205Z I20260916 10:18:21.109524   151 epoch_txn_queue_manager.h:17] All threads reached barrier, epoch: 3003, count: 4
2026-09-16T10:18:21.116261314Z I20260916 10:18:21.116163   147 transaction_manager_impl.cpp:120] Total, abort: 1 commit: 543
2026-09-16T10:18:21.116275959Z I20260916 10:18:21.116179   147 transaction_manager_impl.cpp:62] Finish with epoch id=3002
2026-09-16T10:18:21.121543482Z I20260916 10:18:21.121407    44 block_storage_to_file.cpp:46] block store in file successfully, epoch=3002
2026-09-16T10:18:21.145987468Z I20260916 10:18:21.145860   143 consensus_control_block.h:289] consensus of epoch=3003 has reach, all vote yes.
2026-09-16T10:18:21.228605955Z [epoch] I20260916 10:18:21.228268     7 chain_client.cpp:83] Sending Request to epoch_server_group at qps=0 latency=0
2026-09-16T10:18:21.253281983Z I20260916 10:18:21.253185   151 epoch_txn_queue_manager.h:17] All threads reached barrier, epoch: 3004, count: 4
2026-09-16T10:18:21.262369713Z I20260916 10:18:21.262269   147 transaction_manager_impl.cpp:120] Total, abort: 6 commit: 861
2026-09-16T10:18:21.262382467Z I20260916 10:18:21.262284   147 transaction_manager_impl.cpp:62] Finish with epoch id=3003
2026-09-16T10:18:21.271342004Z I20260916 10:18:21.271260    44 block_storage_to_file.cpp:46] block store in file successfully, epoch=3003
2026-09-16T10:18:21.277005182Z I20260916 10:18:21.276898   143 consensus_control_block.h:289] consensus of epoch=3004 has reach, all vote yes.
2026-09-16T10:18:21.354975058Z I20260916 10:18:21.354907   151 epoch_txn_queue_manager.h:17] All threads reached barrier, epoch: 3005, count: 4
2026-09-16T10:18:21.367262849Z I20260916 10:18:21.367128   147 transaction_manager_impl.cpp:120] Total, abort: 11 commit: 1323
2026-09-16T10:18:21.367280428Z I20260916 10:18:21.367154   147 transaction_manager_impl.cpp:62] Finish with epoch id=3004
2026-09-16T10:18:21.379595594Z I20260916 10:18:21.379480    44 block_storage_to_file.cpp:46] block store in file successfully, epoch=3004
2026-09-16T10:18:21.446765620Z I20260916 10:18:21.446676   143 consensus_control_block.h:289] consensus of epoch=3005 has reach, all vote yes.
2026-09-16T10:18:21.455408625Z I20260916 10:18:21.455243   149 epoch_txn_queue_manager.h:17] All threads reached barrier, epoch: 3006, count: 4
2026-09-16T10:18:21.465326172Z I20260916 10:18:21.465209   147 transaction_manager_impl.cpp:120] Total, abort: 7 commit: 907
2026-09-16T10:18:21.465354929Z I20260916 10:18:21.465232   147 transaction_manager_impl.cpp:62] Finish with epoch id=3005
2026-09-16T10:18:21.474326462Z I20260916 10:18:21.474226    44 block_storage_to_file.cpp:46] block store in file successfully, epoch=3005
2026-09-16T10:18:21.515701428Z I20260916 10:18:21.515583   151 epoch_txn_queue_manager.h:17] All threads reached barrier, epoch: 3007, count: 4
2026-09-16T10:18:21.518104061Z I20260916 10:18:21.518025   143 consensus_control_block.h:289] consensus of epoch=3006 has reach, all vote yes.
2026-09-16T10:18:21.527512788Z I20260916 10:18:21.527369   147 transaction_manager_impl.cpp:120] Total, abort: 5 commit: 906
2026-09-16T10:18:21.527533895Z I20260916 10:18:21.527386   147 transaction_manager_impl.cpp:62] Finish with epoch id=3006
2026-09-16T10:18:21.536420003Z I20260916 10:18:21.536320    44 block_storage_to_file.cpp:46] block store in file successfully, epoch=3006
2026-09-16T10:18:21.547098904Z I20260916 10:18:21.546967   143 consensus_control_block.h:289] consensus of epoch=3007 has reach, all vote yes.
2026-09-16T10:18:21.656720642Z I20260916 10:18:21.656621   149 epoch_txn_queue_manager.h:17] All threads reached barrier, epoch: 3008, count: 4
2026-09-16T10:18:21.665784145Z I20260916 10:18:21.665531   147 transaction_manager_impl.cpp:120] Total, abort: 4 commit: 545
2026-09-16T10:18:21.665797748Z I20260916 10:18:21.665572   147 transaction_manager_impl.cpp:62] Finish with epoch id=3007
2026-09-16T10:18:21.671272780Z I20260916 10:18:21.671193    44 block_storage_to_file.cpp:46] block store in file successfully, epoch=3007
2026-09-16T10:18:21.747683286Z I20260916 10:18:21.747547   143 consensus_control_block.h:289] consensus of epoch=3008 has reach, all vote yes.
2026-09-16T10:18:21.757828115Z I20260916 10:18:21.757681   151 epoch_txn_queue_manager.h:17] All threads reached barrier, epoch: 3009, count: 4
2026-09-16T10:18:21.770406741Z I20260916 10:18:21.770309   147 transaction_manager_impl.cpp:120] Total, abort: 8 commit: 1262
2026-09-16T10:18:21.770422304Z I20260916 10:18:21.770339   147 transaction_manager_impl.cpp:62] Finish with epoch id=3008
2026-09-16T10:18:21.781274143Z I20260916 10:18:21.781203    44 block_storage_to_file.cpp:46] block store in file successfully, epoch=3008
2026-09-16T10:18:21.848188364Z I20260916 10:18:21.848107   143 consensus_control_block.h:289] consensus of epoch=3009 has reach, all vote yes.
2026-09-16T10:18:21.858349438Z I20260916 10:18:21.858237   151 epoch_txn_queue_manager.h:17] All threads reached barrier, epoch: 3010, count: 4
2026-09-16T10:18:21.869774198Z I20260916 10:18:21.869716   147 transaction_manager_impl.cpp:120] Total, abort: 6 commit: 908
2026-09-16T10:18:21.869778925Z I20260916 10:18:21.869730   147 transaction_manager_impl.cpp:62] Finish with epoch id=3009
2026-09-16T10:18:21.878667086Z I20260916 10:18:21.878517    44 block_storage_to_file.cpp:46] block store in file successfully, epoch=3009
2026-09-16T10:18:21.948371717Z I20260916 10:18:21.948233   143 consensus_control_block.h:289] consensus of epoch=3010 has reach, all vote yes.
2026-09-16T10:18:21.958977067Z I20260916 10:18:21.958905   151 epoch_txn_queue_manager.h:17] All threads reached barrier, epoch: 3011, count: 4
2026-09-16T10:18:21.968808250Z I20260916 10:18:21.968681   147 transaction_manager_impl.cpp:120] Total, abort: 4 commit: 904
2026-09-16T10:18:21.968833533Z I20260916 10:18:21.968700   147 transaction_manager_impl.cpp:62] Finish with epoch id=3010
2026-09-16T10:18:21.976785868Z I20260916 10:18:21.976677    44 block_storage_to_file.cpp:46] block store in file successfully, epoch=3010
2026-09-16T10:18:22.048637816Z I20260916 10:18:22.048537   143 consensus_control_block.h:289] consensus of epoch=3011 has reach, all vote yes.
2026-09-16T10:18:22.059715237Z I20260916 10:18:22.059620   151 epoch_txn_queue_manager.h:17] All threads reached barrier, epoch: 3012, count: 4
2026-09-16T10:18:22.071520969Z I20260916 10:18:22.071448   147 transaction_manager_impl.cpp:120] Total, abort: 4 commit: 909
2026-09-16T10:18:22.071663961Z I20260916 10:18:22.071548   147 transaction_manager_impl.cpp:62] Finish with epoch id=3011
2026-09-16T10:18:22.080229575Z I20260916 10:18:22.080132    44 block_storage_to_file.cpp:46] block store in file successfully, epoch=3011
2026-09-16T10:18:22.148874671Z I20260916 10:18:22.148780   143 consensus_control_block.h:289] consensus of epoch=3012 has reach, all vote yes.
2026-09-16T10:18:22.159216794Z I20260916 10:18:22.159164   152 epoch_txn_queue_manager.h:17] All threads reached barrier, epoch: 3013, count: 4
2026-09-16T10:18:22.171756173Z I20260916 10:18:22.171651   147 transaction_manager_impl.cpp:120] Total, abort: 5 commit: 904
2026-09-16T10:18:22.171782926Z I20260916 10:18:22.171675   147 transaction_manager_impl.cpp:62] Finish with epoch id=3012
2026-09-16T10:18:22.179768298Z I20260916 10:18:22.179678    44 block_storage_to_file.cpp:46] block store in file successfully, epoch=3012
2026-09-16T10:18:22.228556977Z [epoch] I20260916 10:18:22.228382     7 chain_client.cpp:83] Sending Request to epoch_server_group at qps=0 latency=0
2026-09-16T10:18:22.249135762Z I20260916 10:18:22.248980   143 consensus_control_block.h:289] consensus of epoch=3013 has reach, all vote yes.
2026-09-16T10:18:22.260161005Z I20260916 10:18:22.260058   152 epoch_txn_queue_manager.h:17] All threads reached barrier, epoch: 3014, count: 4
2026-09-16T10:18:22.269317492Z I20260916 10:18:22.269187   147 transaction_manager_impl.cpp:120] Total, abort: 12 commit: 855
2026-09-16T10:18:22.269340138Z I20260916 10:18:22.269204   147 transaction_manager_impl.cpp:62] Finish with epoch id=3013
2026-09-16T10:18:22.277396927Z I20260916 10:18:22.277277   143 consensus_control_block.h:289] consensus of epoch=3014 has reach, all vote yes.
2026-09-16T10:18:22.277409996Z I20260916 10:18:22.277335    44 block_storage_to_file.cpp:46] block store in file successfully, epoch=3013
2026-09-16T10:18:22.360969693Z I20260916 10:18:22.360889   152 epoch_txn_queue_manager.h:17] All threads reached barrier, epoch: 3015, count: 4
2026-09-16T10:18:22.373951594Z I20260916 10:18:22.373848   147 transaction_manager_impl.cpp:120] Total, abort: 5 commit: 901
2026-09-16T10:18:22.373965538Z I20260916 10:18:22.373863   147 transaction_manager_impl.cpp:62] Finish with epoch id=3014
2026-09-16T10:18:22.382067008Z I20260916 10:18:22.381930    44 block_storage_to_file.cpp:46] block store in file successfully, epoch=3014
2026-09-16T10:18:22.412877662Z I20260916 10:18:22.412724   151 epoch_txn_queue_manager.h:17] All threads reached barrier, epoch: 3016, count: 4
2026-09-16T10:18:22.415027770Z I20260916 10:18:22.414944   143 consensus_control_block.h:289] consensus of epoch=3015 has reach, all vote yes.
2026-09-16T10:18:22.426859829Z I20260916 10:18:22.426771   147 transaction_manager_impl.cpp:120] Total, abort: 6 commit: 909
2026-09-16T10:18:22.426872697Z I20260916 10:18:22.426785   147 transaction_manager_impl.cpp:62] Finish with epoch id=3015
2026-09-16T10:18:22.435056419Z I20260916 10:18:22.434957    44 block_storage_to_file.cpp:46] block store in file successfully, epoch=3015
2026-09-16T10:18:22.449656935Z I20260916 10:18:22.449568   143 consensus_control_block.h:289] consensus of epoch=3016 has reach, all vote yes.
2026-09-16T10:18:22.553712544Z I20260916 10:18:22.553524   149 epoch_txn_queue_manager.h:17] All threads reached barrier, epoch: 3017, count: 4
2026-09-16T10:18:22.560718661Z I20260916 10:18:22.560576   147 transaction_manager_impl.cpp:120] Total, abort: 0 commit: 498
2026-09-16T10:18:22.560749230Z I20260916 10:18:22.560595   147 transaction_manager_impl.cpp:62] Finish with epoch id=3016
2026-09-16T10:18:22.567473246Z I20260916 10:18:22.567386    44 block_storage_to_file.cpp:46] block store in file successfully, epoch=3016
2026-09-16T10:18:22.650221253Z I20260916 10:18:22.650095   143 consensus_control_block.h:289] consensus of epoch=3017 has reach, all vote yes.
2026-09-16T10:18:22.654371292Z I20260916 10:18:22.654258   151 epoch_txn_queue_manager.h:17] All threads reached barrier, epoch: 3018, count: 4
2026-09-16T10:18:22.667651362Z I20260916 10:18:22.667554   147 transaction_manager_impl.cpp:120] Total, abort: 11 commit: 1266
2026-09-16T10:18:22.667663645Z I20260916 10:18:22.667572   147 transaction_manager_impl.cpp:62] Finish with epoch id=3017
2026-09-16T10:18:22.679042476Z I20260916 10:18:22.678927    44 block_storage_to_file.cpp:46] block store in file successfully, epoch=3017
2026-09-16T10:18:22.714773571Z I20260916 10:18:22.714632   151 epoch_txn_queue_manager.h:17] All threads reached barrier, epoch: 3019, count: 4
2026-09-16T10:18:22.717108891Z I20260916 10:18:22.717001   143 consensus_control_block.h:289] consensus of epoch=3018 has reach, all vote yes.
2026-09-16T10:18:22.727556914Z I20260916 10:18:22.727440   147 transaction_manager_impl.cpp:120] Total, abort: 6 commit: 906
2026-09-16T10:18:22.727570458Z I20260916 10:18:22.727460   147 transaction_manager_impl.cpp:62] Finish with epoch id=3018
2026-09-16T10:18:22.736956571Z I20260916 10:18:22.736847    44 block_storage_to_file.cpp:46] block store in file successfully, epoch=3018
2026-09-16T10:18:22.750513896Z I20260916 10:18:22.750394   143 consensus_control_block.h:289] consensus of epoch=3019 has reach, all vote yes.
2026-09-16T10:18:22.856291279Z I20260916 10:18:22.856175   151 epoch_txn_queue_manager.h:17] All threads reached barrier, epoch: 3020, count: 4
2026-09-16T10:18:22.864761655Z I20260916 10:18:22.864629   147 transaction_manager_impl.cpp:120] Total, abort: 1 commit: 542
2026-09-16T10:18:22.864776249Z I20260916 10:18:22.864650   147 transaction_manager_impl.cpp:62] Finish with epoch id=3019
2026-09-16T10:18:22.870593784Z I20260916 10:18:22.870504    44 block_storage_to_file.cpp:46] block store in file successfully, epoch=3019
2026-09-16T10:18:22.951004637Z I20260916 10:18:22.950904   143 consensus_control_block.h:289] consensus of epoch=3020 has reach, all vote yes.
2026-09-16T10:18:22.956651598Z I20260916 10:18:22.956544   151 epoch_txn_queue_manager.h:17] All threads reached barrier, epoch: 3021, count: 4
2026-09-16T10:18:22.975137402Z I20260916 10:18:22.975013   147 transaction_manager_impl.cpp:120] Total, abort: 17 commit: 1262
2026-09-16T10:18:22.975159500Z I20260916 10:18:22.975036   147 transaction_manager_impl.cpp:62] Finish with epoch id=3020
2026-09-16T10:18:22.986209375Z I20260916 10:18:22.986080    44 block_storage_to_file.cpp:46] block store in file successfully, epoch=3020
2026-09-16T10:18:23.051363722Z I20260916 10:18:23.051189   143 consensus_control_block.h:289] consensus of epoch=3021 has reach, all vote yes.
2026-09-16T10:18:23.058288615Z I20260916 10:18:23.058192   151 epoch_txn_queue_manager.h:17] All threads reached barrier, epoch: 3022, count: 4
2026-09-16T10:18:23.069924406Z I20260916 10:18:23.069763   147 transaction_manager_impl.cpp:120] Total, abort: 5 commit: 904
2026-09-16T10:18:23.069939124Z I20260916 10:18:23.069780   147 transaction_manager_impl.cpp:62] Finish with epoch id=3021
2026-09-16T10:18:23.078726750Z I20260916 10:18:23.078650    44 block_storage_to_file.cpp:46] block store in file successfully, epoch=3021
2026-09-16T10:18:23.151609540Z I20260916 10:18:23.151470   143 consensus_control_block.h:289] consensus of epoch=3022 has reach, all vote yes.
2026-09-16T10:18:23.158235269Z I20260916 10:18:23.158090   151 epoch_txn_queue_manager.h:17] All threads reached barrier, epoch: 3023, count: 4
2026-09-16T10:18:23.168076863Z I20260916 10:18:23.167876   147 transaction_manager_impl.cpp:120] Total, abort: 5 commit: 905
2026-09-16T10:18:23.168094471Z I20260916 10:18:23.167898   147 transaction_manager_impl.cpp:62] Finish with epoch id=3022
2026-09-16T10:18:23.176789874Z I20260916 10:18:23.176679    44 block_storage_to_file.cpp:46] block store in file successfully, epoch=3022
2026-09-16T10:18:23.228646749Z [epoch] I20260916 10:18:23.228479     7 chain_client.cpp:83] Sending Request to epoch_server_group at qps=0 latency=0
2026-09-16T10:18:23.251910107Z I20260916 10:18:23.251809   143 consensus_control_block.h:289] consensus of epoch=3023 has reach, all vote yes.
2026-09-16T10:18:23.259059813Z I20260916 10:18:23.258942   151 epoch_txn_queue_manager.h:17] All threads reached barrier, epoch: 3024, count: 4
2026-09-16T10:18:23.270395157Z I20260916 10:18:23.270298   147 transaction_manager_impl.cpp:120] Total, abort: 6 commit: 906
2026-09-16T10:18:23.270408178Z I20260916 10:18:23.270316   147 transaction_manager_impl.cpp:62] Finish with epoch id=3023
2026-09-16T10:18:23.277387395Z I20260916 10:18:23.277266   143 consensus_control_block.h:289] consensus of epoch=3024 has reach, all vote yes.
2026-09-16T10:18:23.278915936Z I20260916 10:18:23.278800    44 block_storage_to_file.cpp:46] block store in file successfully, epoch=3023
2026-09-16T10:18:23.359763571Z I20260916 10:18:23.359642   151 epoch_txn_queue_manager.h:17] All threads reached barrier, epoch: 3025, count: 4
2026-09-16T10:18:23.370451503Z I20260916 10:18:23.370368   147 transaction_manager_impl.cpp:120] Total, abort: 4 commit: 904
2026-09-16T10:18:23.370459230Z I20260916 10:18:23.370380   147 transaction_manager_impl.cpp:62] Finish with epoch id=3024
2026-09-16T10:18:23.378626664Z I20260916 10:18:23.378481    44 block_storage_to_file.cpp:46] block store in file successfully, epoch=3024
2026-09-16T10:18:23.452500236Z I20260916 10:18:23.452358   143 consensus_control_block.h:289] consensus of epoch=3025 has reach, all vote yes.
2026-09-16T10:18:23.460592023Z I20260916 10:18:23.460511   151 epoch_txn_queue_manager.h:17] All threads reached barrier, epoch: 3026, count: 4
2026-09-16T10:18:23.473532026Z I20260916 10:18:23.473419   147 transaction_manager_impl.cpp:120] Total, abort: 8 commit: 905
2026-09-16T10:18:23.473544001Z I20260916 10:18:23.473451   147 transaction_manager_impl.cpp:62] Finish with epoch id=3025
2026-09-16T10:18:23.482329917Z I20260916 10:18:23.482244    44 block_storage_to_file.cpp:46] block store in file successfully, epoch=3025
2026-09-16T10:18:23.552861628Z I20260916 10:18:23.552765   143 consensus_control_block.h:289] consensus of epoch=3026 has reach, all vote yes.
2026-09-16T10:18:23.561175719Z I20260916 10:18:23.560974   151 epoch_txn_queue_manager.h:17] All threads reached barrier, epoch: 3027, count: 4
2026-09-16T10:18:23.571670442Z I20260916 10:18:23.571575   147 transaction_manager_impl.cpp:120] Total, abort: 7 commit: 904
2026-09-16T10:18:23.571680455Z I20260916 10:18:23.571593   147 transaction_manager_impl.cpp:62] Finish with epoch id=3026
2026-09-16T10:18:23.580261620Z I20260916 10:18:23.580170    44 block_storage_to_file.cpp:46] block store in file successfully, epoch=3026
2026-09-16T10:18:23.653093714Z I20260916 10:18:23.653029   143 consensus_control_block.h:289] consensus of epoch=3027 has reach, all vote yes.
2026-09-16T10:18:23.661808268Z I20260916 10:18:23.661688   151 epoch_txn_queue_manager.h:17] All threads reached barrier, epoch: 3028, count: 4
2026-09-16T10:18:23.675632278Z I20260916 10:18:23.675485   147 transaction_manager_impl.cpp:120] Total, abort: 6 commit: 902
2026-09-16T10:18:23.675646710Z I20260916 10:18:23.675503   147 transaction_manager_impl.cpp:62] Finish with epoch id=3027
2026-09-16T10:18:23.684221470Z I20260916 10:18:23.684144    44 block_storage_to_file.cpp:46] block store in file successfully, epoch=3027
2026-09-16T10:18:23.753386344Z I20260916 10:18:23.753301   143 consensus_control_block.h:289] consensus of epoch=3028 has reach, all vote yes.
2026-09-16T10:18:23.762590294Z I20260916 10:18:23.762544   151 epoch_txn_queue_manager.h:17] All threads reached barrier, epoch: 3029, count: 4
2026-09-16T10:18:23.772055046Z I20260916 10:18:23.771917   147 transaction_manager_impl.cpp:120] Total, abort: 4 commit: 906
2026-09-16T10:18:23.772079189Z I20260916 10:18:23.771942   147 transaction_manager_impl.cpp:62] Finish with epoch id=3028
2026-09-16T10:18:23.781078114Z I20260916 10:18:23.780985    44 block_storage_to_file.cpp:46] block store in file successfully, epoch=3028
2026-09-16T10:18:23.853656801Z I20260916 10:18:23.853518   143 consensus_control_block.h:289] consensus of epoch=3029 has reach, all vote yes.
2026-09-16T10:18:23.863330013Z I20260916 10:18:23.863257   151 epoch_txn_queue_manager.h:17] All threads reached barrier, epoch: 3030, count: 4
2026-09-16T10:18:23.875464931Z I20260916 10:18:23.875397   147 transaction_manager_impl.cpp:120] Total, abort: 6 commit: 907
2026-09-16T10:18:23.875473055Z I20260916 10:18:23.875419   147 transaction_manager_impl.cpp:62] Finish with epoch id=3029
2026-09-16T10:18:23.884268724Z I20260916 10:18:23.884193    44 block_storage_to_file.cpp:46] block store in file successfully, epoch=3029
2026-09-16T10:18:23.953936539Z I20260916 10:18:23.953850   143 consensus_control_block.h:289] consensus of epoch=3030 has reach, all vote yes.
2026-09-16T10:18:23.964273092Z I20260916 10:18:23.964147   151 epoch_txn_queue_manager.h:17] All threads reached barrier, epoch: 3031, count: 4
2026-09-16T10:18:23.976415352Z I20260916 10:18:23.975376   147 transaction_manager_impl.cpp:120] Total, abort: 7 commit: 901
2026-09-16T10:18:23.976432093Z I20260916 10:18:23.975399   147 transaction_manager_impl.cpp:62] Finish with epoch id=3030
2026-09-16T10:18:23.983949772Z I20260916 10:18:23.983858    44 block_storage_to_file.cpp:46] block store in file successfully, epoch=3030
2026-09-16T10:18:24.054287688Z I20260916 10:18:24.054154   143 consensus_control_block.h:289] consensus of epoch=3031 has reach, all vote yes.
2026-09-16T10:18:24.064753545Z I20260916 10:18:24.064652   151 epoch_txn_queue_manager.h:17] All threads reached barrier, epoch: 3032, count: 4
2026-09-16T10:18:24.077545822Z I20260916 10:18:24.077456   147 transaction_manager_impl.cpp:120] Total, abort: 6 commit: 902
2026-09-16T10:18:24.077558266Z I20260916 10:18:24.077476   147 transaction_manager_impl.cpp:62] Finish with epoch id=3031
2026-09-16T10:18:24.086452593Z I20260916 10:18:24.086369    44 block_storage_to_file.cpp:46] block store in file successfully, epoch=3031
2026-09-16T10:18:24.154581087Z I20260916 10:18:24.154495   143 consensus_control_block.h:289] consensus of epoch=3032 has reach, all vote yes.
2026-09-16T10:18:24.165567865Z I20260916 10:18:24.165493   151 epoch_txn_queue_manager.h:17] All threads reached barrier, epoch: 3033, count: 4
2026-09-16T10:18:24.178023196Z I20260916 10:18:24.177906   147 transaction_manager_impl.cpp:120] Total, abort: 8 commit: 904
2026-09-16T10:18:24.178038910Z I20260916 10:18:24.177950   147 transaction_manager_impl.cpp:62] Finish with epoch id=3032
2026-09-16T10:18:24.186431504Z I20260916 10:18:24.186298    44 block_storage_to_file.cpp:46] block store in file successfully, epoch=3032
2026-09-16T10:18:24.228732102Z [epoch] I20260916 10:18:24.228567     7 chain_client.cpp:83] Sending Request to epoch_server_group at qps=0 latency=0
2026-09-16T10:18:24.254879364Z I20260916 10:18:24.254739   143 consensus_control_block.h:289] consensus of epoch=3033 has reach, all vote yes.
2026-09-16T10:18:24.266139239Z I20260916 10:18:24.266031   151 epoch_txn_queue_manager.h:17] All threads reached barrier, epoch: 3034, count: 4
2026-09-16T10:18:24.276217594Z I20260916 10:18:24.276110   147 transaction_manager_impl.cpp:120] Total, abort: 4 commit: 908
2026-09-16T10:18:24.276226839Z I20260916 10:18:24.276129   147 transaction_manager_impl.cpp:62] Finish with epoch id=3033
2026-09-16T10:18:24.278266553Z I20260916 10:18:24.278111   143 consensus_control_block.h:289] consensus of epoch=3034 has reach, all vote yes.
2026-09-16T10:18:24.284970841Z I20260916 10:18:24.284829    44 block_storage_to_file.cpp:46] block store in file successfully, epoch=3033
2026-09-16T10:18:24.366015259Z I20260916 10:18:24.365909   149 epoch_txn_queue_manager.h:17] All threads reached barrier, epoch: 3035, count: 4
2026-09-16T10:18:24.376176523Z I20260916 10:18:24.376034   147 transaction_manager_impl.cpp:120] Total, abort: 5 commit: 906
2026-09-16T10:18:24.376190855Z I20260916 10:18:24.376092   147 transaction_manager_impl.cpp:62] Finish with epoch id=3034
2026-09-16T10:18:24.385212332Z I20260916 10:18:24.385078    44 block_storage_to_file.cpp:46] block store in file successfully, epoch=3034
2026-09-16T10:18:24.455503367Z I20260916 10:18:24.455389   143 consensus_control_block.h:289] consensus of epoch=3035 has reach, all vote yes.
2026-09-16T10:18:24.466161178Z I20260916 10:18:24.466066   152 epoch_txn_queue_manager.h:17] All threads reached barrier, epoch: 3036, count: 4
2026-09-16T10:18:24.474867330Z I20260916 10:18:24.474757   147 transaction_manager_impl.cpp:120] Total, abort: 7 commit: 883
2026-09-16T10:18:24.474887891Z I20260916 10:18:24.474778   147 transaction_manager_impl.cpp:62] Finish with epoch id=3035
2026-09-16T10:18:24.487692970Z I20260916 10:18:24.487586    44 block_storage_to_file.cpp:46] block store in file successfully, epoch=3035
2026-09-16T10:18:24.555746605Z I20260916 10:18:24.555658   143 consensus_control_block.h:289] consensus of epoch=3036 has reach, all vote yes.
2026-09-16T10:18:24.566678072Z I20260916 10:18:24.566614   152 epoch_txn_queue_manager.h:17] All threads reached barrier, epoch: 3037, count: 4
2026-09-16T10:18:24.584407702Z I20260916 10:18:24.584249   147 transaction_manager_impl.cpp:120] Total, abort: 4 commit: 844
2026-09-16T10:18:24.584435102Z I20260916 10:18:24.584278   147 transaction_manager_impl.cpp:62] Finish with epoch id=3036
2026-09-16T10:18:24.592243401Z I20260916 10:18:24.592146    44 block_storage_to_file.cpp:46] block store in file successfully, epoch=3036
2026-09-16T10:18:24.655996708Z I20260916 10:18:24.655862   143 consensus_control_block.h:289] consensus of epoch=3037 has reach, all vote yes.
2026-09-16T10:18:24.660750712Z I20260916 10:18:24.660571   150 epoch_txn_queue_manager.h:17] All threads reached barrier, epoch: 3038, count: 4
2026-09-16T10:18:24.672175324Z I20260916 10:18:24.672029   147 transaction_manager_impl.cpp:120] Total, abort: 4 commit: 930
2026-09-16T10:18:24.672200764Z I20260916 10:18:24.672045   147 transaction_manager_impl.cpp:62] Finish with epoch id=3037
2026-09-16T10:18:24.680728682Z I20260916 10:18:24.680627    44 block_storage_to_file.cpp:46] block store in file successfully, epoch=3037
2026-09-16T10:18:24.756263789Z I20260916 10:18:24.756147   143 consensus_control_block.h:289] consensus of epoch=3038 has reach, all vote yes.
2026-09-16T10:18:24.761328162Z I20260916 10:18:24.761209   150 epoch_txn_queue_manager.h:17] All threads reached barrier, epoch: 3039, count: 4
2026-09-16T10:18:24.773342507Z I20260916 10:18:24.773258   147 transaction_manager_impl.cpp:120] Total, abort: 6 commit: 883
2026-09-16T10:18:24.773356302Z I20260916 10:18:24.773272   147 transaction_manager_impl.cpp:62] Finish with epoch id=3038
2026-09-16T10:18:24.781567266Z I20260916 10:18:24.781472    44 block_storage_to_file.cpp:46] block store in file successfully, epoch=3038
2026-09-16T10:18:24.856568983Z I20260916 10:18:24.856447   143 consensus_control_block.h:289] consensus of epoch=3039 has reach, all vote yes.
2026-09-16T10:18:24.862168315Z I20260916 10:18:24.862074   150 epoch_txn_queue_manager.h:17] All threads reached barrier, epoch: 3040, count: 4
2026-09-16T10:18:24.872360094Z I20260916 10:18:24.872262   147 transaction_manager_impl.cpp:120] Total, abort: 6 commit: 906
2026-09-16T10:18:24.872375765Z I20260916 10:18:24.872318   147 transaction_manager_impl.cpp:62] Finish with epoch id=3039
2026-09-16T10:18:24.880748483Z I20260916 10:18:24.880600    44 block_storage_to_file.cpp:46] block store in file successfully, epoch=3039
2026-09-16T10:18:24.957432116Z I20260916 10:18:24.957333   143 consensus_control_block.h:289] consensus of epoch=3040 has reach, all vote yes.
2026-09-16T10:18:24.962835995Z I20260916 10:18:24.962725   150 epoch_txn_queue_manager.h:17] All threads reached barrier, epoch: 3041, count: 4
2026-09-16T10:18:24.977221656Z I20260916 10:18:24.977140   147 transaction_manager_impl.cpp:120] Total, abort: 8 commit: 905
2026-09-16T10:18:24.977231948Z I20260916 10:18:24.977161   147 transaction_manager_impl.cpp:62] Finish with epoch id=3040
2026-09-16T10:18:24.985106471Z I20260916 10:18:24.985014    44 block_storage_to_file.cpp:46] block store in file successfully, epoch=3040
2026-09-16T10:18:25.057604360Z I20260916 10:18:25.057535   143 consensus_control_block.h:289] consensus of epoch=3041 has reach, all vote yes.
2026-09-16T10:18:25.063562086Z I20260916 10:18:25.063476   150 epoch_txn_queue_manager.h:17] All threads reached barrier, epoch: 3042, count: 4
2026-09-16T10:18:25.075000756Z I20260916 10:18:25.074904   147 transaction_manager_impl.cpp:120] Total, abort: 5 commit: 904
2026-09-16T10:18:25.075009173Z I20260916 10:18:25.074919   147 transaction_manager_impl.cpp:62] Finish with epoch id=3041
2026-09-16T10:18:25.083138074Z I20260916 10:18:25.082989    44 block_storage_to_file.cpp:46] block store in file successfully, epoch=3041
2026-09-16T10:18:25.157835308Z I20260916 10:18:25.157758   143 consensus_control_block.h:289] consensus of epoch=3042 has reach, all vote yes.
2026-09-16T10:18:25.164161456Z I20260916 10:18:25.164083   150 epoch_txn_queue_manager.h:17] All threads reached barrier, epoch: 3043, count: 4
2026-09-16T10:18:25.174031688Z I20260916 10:18:25.173883   147 transaction_manager_impl.cpp:120] Total, abort: 8 commit: 905
2026-09-16T10:18:25.174049353Z I20260916 10:18:25.173902   147 transaction_manager_impl.cpp:62] Finish with epoch id=3042
2026-09-16T10:18:25.182721573Z I20260916 10:18:25.182580    44 block_storage_to_file.cpp:46] block store in file successfully, epoch=3042
2026-09-16T10:18:25.224824786Z I20260916 10:18:25.224718   152 epoch_txn_queue_manager.h:17] All threads reached barrier, epoch: 3044, count: 4
2026-09-16T10:18:25.227166070Z I20260916 10:18:25.227108   143 consensus_control_block.h:289] consensus of epoch=3043 has reach, all vote yes.
2026-09-16T10:18:25.228803673Z [epoch] I20260916 10:18:25.228659     7 chain_client.cpp:83] Sending Request to epoch_server_group at qps=0 latency=0
2026-09-16T10:18:25.240984895Z I20260916 10:18:25.240844   147 transaction_manager_impl.cpp:120] Total, abort: 6 commit: 905
2026-09-16T10:18:25.241004764Z I20260916 10:18:25.240875   147 transaction_manager_impl.cpp:62] Finish with epoch id=3043
2026-09-16T10:18:25.249618029Z I20260916 10:18:25.249531    44 block_storage_to_file.cpp:46] block store in file successfully, epoch=3043
2026-09-16T10:18:25.258046567Z I20260916 10:18:25.257977   143 consensus_control_block.h:289] consensus of epoch=3044 has reach, all vote yes.
2026-09-16T10:18:25.326066763Z I20260916 10:18:25.325979   152 epoch_txn_queue_manager.h:17] All threads reached barrier, epoch: 3045, count: 4
2026-09-16T10:18:25.332027973Z I20260916 10:18:25.331934   147 transaction_manager_impl.cpp:120] Total, abort: 5 commit: 547
2026-09-16T10:18:25.332039671Z I20260916 10:18:25.331949   147 transaction_manager_impl.cpp:62] Finish with epoch id=3044
2026-09-16T10:18:25.337363443Z I20260916 10:18:25.337275    44 block_storage_to_file.cpp:46] block store in file successfully, epoch=3044
2026-09-16T10:18:25.358285716Z I20260916 10:18:25.358203   143 consensus_control_block.h:289] consensus of epoch=3045 has reach, all vote yes.
2026-09-16T10:18:25.468165345Z I20260916 10:18:25.468060   150 epoch_txn_queue_manager.h:17] All threads reached barrier, epoch: 3046, count: 4
2026-09-16T10:18:25.479827699Z I20260916 10:18:25.479722   147 transaction_manager_impl.cpp:120] Total, abort: 6 commit: 906
2026-09-16T10:18:25.479842320Z I20260916 10:18:25.479753   147 transaction_manager_impl.cpp:62] Finish with epoch id=3045
2026-09-16T10:18:25.488834968Z I20260916 10:18:25.488687    44 block_storage_to_file.cpp:46] block store in file successfully, epoch=3045
2026-09-16T10:18:25.528444588Z I20260916 10:18:25.528347   150 epoch_txn_queue_manager.h:17] All threads reached barrier, epoch: 3047, count: 4
2026-09-16T10:18:25.530297628Z I20260916 10:18:25.530212   143 consensus_control_block.h:289] consensus of epoch=3046 has reach, all vote yes.
2026-09-16T10:18:25.543360668Z I20260916 10:18:25.543263   147 transaction_manager_impl.cpp:120] Total, abort: 12 commit: 1265
2026-09-16T10:18:25.543373957Z I20260916 10:18:25.543280   147 transaction_manager_impl.cpp:62] Finish with epoch id=3046
2026-09-16T10:18:25.554652797Z I20260916 10:18:25.554528    44 block_storage_to_file.cpp:46] block store in file successfully, epoch=3046
2026-09-16T10:18:25.558765564Z I20260916 10:18:25.558656   143 consensus_control_block.h:289] consensus of epoch=3047 has reach, all vote yes.
2026-09-16T10:18:25.626849901Z I20260916 10:18:25.626689   151 epoch_txn_queue_manager.h:17] All threads reached barrier, epoch: 3048, count: 4
2026-09-16T10:18:25.633829776Z I20260916 10:18:25.633726   147 transaction_manager_impl.cpp:120] Total, abort: 4 commit: 543
2026-09-16T10:18:25.633844076Z I20260916 10:18:25.633744   147 transaction_manager_impl.cpp:62] Finish with epoch id=3047
2026-09-16T10:18:25.638950320Z I20260916 10:18:25.638797    44 block_storage_to_file.cpp:46] block store in file successfully, epoch=3047
2026-09-16T10:18:25.659024046Z I20260916 10:18:25.658888   143 consensus_control_block.h:289] consensus of epoch=3048 has reach, all vote yes.
2026-09-16T10:18:25.770342512Z I20260916 10:18:25.770243   150 epoch_txn_queue_manager.h:17] All threads reached barrier, epoch: 3049, count: 4
2026-09-16T10:18:25.781499488Z I20260916 10:18:25.781373   147 transaction_manager_impl.cpp:120] Total, abort: 6 commit: 858
2026-09-16T10:18:25.781522966Z I20260916 10:18:25.781388   147 transaction_manager_impl.cpp:62] Finish with epoch id=3048
2026-09-16T10:18:25.789970505Z I20260916 10:18:25.789877    44 block_storage_to_file.cpp:46] block store in file successfully, epoch=3048
2026-09-16T10:18:25.859627506Z I20260916 10:18:25.859526   143 consensus_control_block.h:289] consensus of epoch=3049 has reach, all vote yes.
2026-09-16T10:18:25.870308494Z I20260916 10:18:25.870213   151 epoch_txn_queue_manager.h:17] All threads reached barrier, epoch: 3050, count: 4
2026-09-16T10:18:25.883869659Z I20260916 10:18:25.883773   147 transaction_manager_impl.cpp:120] Total, abort: 12 commit: 1311
2026-09-16T10:18:25.883886380Z I20260916 10:18:25.883787   147 transaction_manager_impl.cpp:62] Finish with epoch id=3049
2026-09-16T10:18:25.895802198Z I20260916 10:18:25.895689    44 block_storage_to_file.cpp:46] block store in file successfully, epoch=3049
2026-09-16T10:18:25.959924569Z I20260916 10:18:25.959748   143 consensus_control_block.h:289] consensus of epoch=3050 has reach, all vote yes.
2026-09-16T10:18:25.971133648Z I20260916 10:18:25.971030   151 epoch_txn_queue_manager.h:17] All threads reached barrier, epoch: 3051, count: 4
2026-09-16T10:18:25.983500593Z I20260916 10:18:25.983382   147 transaction_manager_impl.cpp:120] Total, abort: 7 commit: 882
2026-09-16T10:18:25.983519305Z I20260916 10:18:25.983407   147 transaction_manager_impl.cpp:62] Finish with epoch id=3050
2026-09-16T10:18:25.992212925Z I20260916 10:18:25.992081    44 block_storage_to_file.cpp:46] block store in file successfully, epoch=3050
2026-09-16T10:18:26.060252551Z I20260916 10:18:26.060120   143 consensus_control_block.h:289] consensus of epoch=3051 has reach, all vote yes.
2026-09-16T10:18:26.070845792Z I20260916 10:18:26.070717   152 epoch_txn_queue_manager.h:17] All threads reached barrier, epoch: 3052, count: 4
2026-09-16T10:18:26.079889273Z I20260916 10:18:26.079777   147 transaction_manager_impl.cpp:120] Total, abort: 7 commit: 903
2026-09-16T10:18:26.079893908Z I20260916 10:18:26.079795   147 transaction_manager_impl.cpp:62] Finish with epoch id=3051
2026-09-16T10:18:26.088160740Z I20260916 10:18:26.088073    44 block_storage_to_file.cpp:46] block store in file successfully, epoch=3051
2026-09-16T10:18:26.160522499Z I20260916 10:18:26.160430   143 consensus_control_block.h:289] consensus of epoch=3052 has reach, all vote yes.
2026-09-16T10:18:26.171501306Z I20260916 10:18:26.171413   152 epoch_txn_queue_manager.h:17] All threads reached barrier, epoch: 3053, count: 4
2026-09-16T10:18:26.183727122Z I20260916 10:18:26.183635   147 transaction_manager_impl.cpp:120] Total, abort: 4 commit: 882
2026-09-16T10:18:26.183741040Z I20260916 10:18:26.183650   147 transaction_manager_impl.cpp:62] Finish with epoch id=3052
2026-09-16T10:18:26.192211576Z I20260916 10:18:26.192086    44 block_storage_to_file.cpp:46] block store in file successfully, epoch=3052
2026-09-16T10:18:26.228963858Z [epoch] I20260916 10:18:26.228768     7 chain_client.cpp:83] Sending Request to epoch_server_group at qps=0 latency=0
2026-09-16T10:18:26.260847570Z I20260916 10:18:26.260793   143 consensus_control_block.h:289] consensus of epoch=3053 has reach, all vote yes.
2026-09-16T10:18:26.269851768Z I20260916 10:18:26.269748   149 epoch_txn_queue_manager.h:17] All threads reached barrier, epoch: 3054, count: 4
2026-09-16T10:18:26.277709078Z I20260916 10:18:26.277571   143 consensus_control_block.h:289] consensus of epoch=3054 has reach, all vote yes.
2026-09-16T10:18:26.280047087Z I20260916 10:18:26.279960   147 transaction_manager_impl.cpp:120] Total, abort: 4 commit: 906
2026-09-16T10:18:26.280054459Z I20260916 10:18:26.279976   147 transaction_manager_impl.cpp:62] Finish with epoch id=3053
2026-09-16T10:18:26.288508646Z I20260916 10:18:26.288350    44 block_storage_to_file.cpp:46] block store in file successfully, epoch=3053
2026-09-16T10:18:26.370552366Z I20260916 10:18:26.370409   149 epoch_txn_queue_manager.h:17] All threads reached barrier, epoch: 3055, count: 4
2026-09-16T10:18:26.382644803Z I20260916 10:18:26.382454   147 transaction_manager_impl.cpp:120] Total, abort: 8 commit: 882
2026-09-16T10:18:26.382665197Z I20260916 10:18:26.382493   147 transaction_manager_impl.cpp:62] Finish with epoch id=3054
2026-09-16T10:18:26.391236705Z I20260916 10:18:26.391077    44 block_storage_to_file.cpp:46] block store in file successfully, epoch=3054
2026-09-16T10:18:26.461277471Z I20260916 10:18:26.461197   143 consensus_control_block.h:289] consensus of epoch=3055 has reach, all vote yes.
2026-09-16T10:18:26.471227316Z I20260916 10:18:26.471119   149 epoch_txn_queue_manager.h:17] All threads reached barrier, epoch: 3056, count: 4
2026-09-16T10:18:26.482282350Z I20260916 10:18:26.482187   147 transaction_manager_impl.cpp:120] Total, abort: 7 commit: 903
2026-09-16T10:18:26.482293294Z I20260916 10:18:26.482201   147 transaction_manager_impl.cpp:62] Finish with epoch id=3055
2026-09-16T10:18:26.491188758Z I20260916 10:18:26.491044    44 block_storage_to_file.cpp:46] block store in file successfully, epoch=3055
2026-09-16T10:18:26.561575443Z I20260916 10:18:26.561482   143 consensus_control_block.h:289] consensus of epoch=3056 has reach, all vote yes.
2026-09-16T10:18:26.571938541Z I20260916 10:18:26.571820   149 epoch_txn_queue_manager.h:17] All threads reached barrier, epoch: 3057, count: 4
2026-09-16T10:18:26.581222325Z I20260916 10:18:26.581128   147 transaction_manager_impl.cpp:120] Total, abort: 5 commit: 910
2026-09-16T10:18:26.581234777Z I20260916 10:18:26.581142   147 transaction_manager_impl.cpp:62] Finish with epoch id=3056
2026-09-16T10:18:26.589457942Z I20260916 10:18:26.589322    44 block_storage_to_file.cpp:46] block store in file successfully, epoch=3056
2026-09-16T10:18:26.661935676Z I20260916 10:18:26.661767   143 consensus_control_block.h:289] consensus of epoch=3057 has reach, all vote yes.
2026-09-16T10:18:26.672841007Z I20260916 10:18:26.672698   149 epoch_txn_queue_manager.h:17] All threads reached barrier, epoch: 3058, count: 4
2026-09-16T10:18:26.686055938Z I20260916 10:18:26.685961   147 transaction_manager_impl.cpp:120] Total, abort: 7 commit: 909
2026-09-16T10:18:26.686068507Z I20260916 10:18:26.685981   147 transaction_manager_impl.cpp:62] Finish with epoch id=3057
2026-09-16T10:18:26.694761715Z I20260916 10:18:26.694680    44 block_storage_to_file.cpp:46] block store in file successfully, epoch=3057
2026-09-16T10:18:26.762406129Z I20260916 10:18:26.762319   143 consensus_control_block.h:289] consensus of epoch=3058 has reach, all vote yes.
2026-09-16T10:18:26.769319879Z I20260916 10:18:26.769194   151 epoch_txn_queue_manager.h:17] All threads reached barrier, epoch: 3059, count: 4
2026-09-16T10:18:26.780509299Z I20260916 10:18:26.780423   147 transaction_manager_impl.cpp:120] Total, abort: 5 commit: 908
2026-09-16T10:18:26.780519507Z I20260916 10:18:26.780444   147 transaction_manager_impl.cpp:62] Finish with epoch id=3058
2026-09-16T10:18:26.788721597Z I20260916 10:18:26.788570    44 block_storage_to_file.cpp:46] block store in file successfully, epoch=3058
2026-09-16T10:18:26.862691683Z I20260916 10:18:26.862596   143 consensus_control_block.h:289] consensus of epoch=3059 has reach, all vote yes.
2026-09-16T10:18:26.870039998Z I20260916 10:18:26.869954   151 epoch_txn_queue_manager.h:17] All threads reached barrier, epoch: 3060, count: 4
2026-09-16T10:18:26.881123760Z I20260916 10:18:26.881031   147 transaction_manager_impl.cpp:120] Total, abort: 7 commit: 883
2026-09-16T10:18:26.881139411Z I20260916 10:18:26.881044   147 transaction_manager_impl.cpp:62] Finish with epoch id=3059
2026-09-16T10:18:26.889284386Z I20260916 10:18:26.889183    44 block_storage_to_file.cpp:46] block store in file successfully, epoch=3059
2026-09-16T10:18:26.962887503Z I20260916 10:18:26.962778   143 consensus_control_block.h:289] consensus of epoch=3060 has reach, all vote yes.
2026-09-16T10:18:26.970789855Z I20260916 10:18:26.970697   151 epoch_txn_queue_manager.h:17] All threads reached barrier, epoch: 3061, count: 4
2026-09-16T10:18:26.982378826Z I20260916 10:18:26.981282   147 transaction_manager_impl.cpp:120] Total, abort: 6 commit: 900
2026-09-16T10:18:26.982389278Z I20260916 10:18:26.981319   147 transaction_manager_impl.cpp:62] Finish with epoch id=3060
2026-09-16T10:18:26.989537151Z I20260916 10:18:26.989427    44 block_storage_to_file.cpp:46] block store in file successfully, epoch=3060
2026-09-16T10:18:27.023812236Z I20260916 10:18:27.023710   143 consensus_control_block.h:289] consensus of epoch=3061 has reach, all vote yes.
2026-09-16T10:18:27.025262065Z I20260916 10:18:27.025192   149 epoch_txn_queue_manager.h:17] All threads reached barrier, epoch: 3062, count: 4
2026-09-16T10:18:27.036568601Z I20260916 10:18:27.035473   147 transaction_manager_impl.cpp:120] Total, abort: 7 commit: 906
2026-09-16T10:18:27.036587375Z I20260916 10:18:27.035495   147 transaction_manager_impl.cpp:62] Finish with epoch id=3061
2026-09-16T10:18:27.044392003Z I20260916 10:18:27.044282    44 block_storage_to_file.cpp:46] block store in file successfully, epoch=3061
2026-09-16T10:18:27.063092190Z I20260916 10:18:27.062978   143 consensus_control_block.h:289] consensus of epoch=3062 has reach, all vote yes.
2026-09-16T10:18:27.172696784Z I20260916 10:18:27.172524   151 epoch_txn_queue_manager.h:17] All threads reached barrier, epoch: 3063, count: 4
2026-09-16T10:18:27.181227403Z I20260916 10:18:27.180284   147 transaction_manager_impl.cpp:120] Total, abort: 5 commit: 474
2026-09-16T10:18:27.181240800Z I20260916 10:18:27.180300   147 transaction_manager_impl.cpp:62] Finish with epoch id=3062
2026-09-16T10:18:27.187424534Z I20260916 10:18:27.187325    44 block_storage_to_file.cpp:46] block store in file successfully, epoch=3062
2026-09-16T10:18:27.229062034Z [epoch] I20260916 10:18:27.228890     7 chain_client.cpp:83] Sending Request to epoch_server_group at qps=0 latency=0
2026-09-16T10:18:27.263661663Z I20260916 10:18:27.263561   143 consensus_control_block.h:289] consensus of epoch=3063 has reach, all vote yes.
2026-09-16T10:18:27.272956448Z I20260916 10:18:27.272855   151 epoch_txn_queue_manager.h:17] All threads reached barrier, epoch: 3064, count: 4
2026-09-16T10:18:27.285955751Z I20260916 10:18:27.285816   147 transaction_manager_impl.cpp:120] Total, abort: 8 commit: 1331
2026-09-16T10:18:27.285971677Z I20260916 10:18:27.285841   147 transaction_manager_impl.cpp:62] Finish with epoch id=3063
2026-09-16T10:18:27.298776933Z I20260916 10:18:27.298679    44 block_storage_to_file.cpp:46] block store in file successfully, epoch=3063
2026-09-16T10:18:27.363969519Z I20260916 10:18:27.363812   143 consensus_control_block.h:289] consensus of epoch=3064 has reach, all vote yes.
2026-09-16T10:18:27.373721889Z I20260916 10:18:27.373597   151 epoch_txn_queue_manager.h:17] All threads reached barrier, epoch: 3065, count: 4
2026-09-16T10:18:27.385298493Z I20260916 10:18:27.385149   147 transaction_manager_impl.cpp:120] Total, abort: 5 commit: 889
2026-09-16T10:18:27.385313037Z I20260916 10:18:27.385190   147 transaction_manager_impl.cpp:62] Finish with epoch id=3064
2026-09-16T10:18:27.394099972Z I20260916 10:18:27.393991    44 block_storage_to_file.cpp:46] block store in file successfully, epoch=3064
2026-09-16T10:18:27.464182110Z I20260916 10:18:27.464063   143 consensus_control_block.h:289] consensus of epoch=3065 has reach, all vote yes.
2026-09-16T10:18:27.474443372Z I20260916 10:18:27.474344   151 epoch_txn_queue_manager.h:17] All threads reached barrier, epoch: 3066, count: 4
2026-09-16T10:18:27.485599039Z I20260916 10:18:27.485397   147 transaction_manager_impl.cpp:120] Total, abort: 5 commit: 906
2026-09-16T10:18:27.485628493Z I20260916 10:18:27.485419   147 transaction_manager_impl.cpp:62] Finish with epoch id=3065
2026-09-16T10:18:27.494785294Z I20260916 10:18:27.494668    44 block_storage_to_file.cpp:46] block store in file successfully, epoch=3065
2026-09-16T10:18:27.564494745Z I20260916 10:18:27.564363   143 consensus_control_block.h:289] consensus of epoch=3066 has reach, all vote yes.
2026-09-16T10:18:27.575168715Z I20260916 10:18:27.575093   151 epoch_txn_queue_manager.h:17] All threads reached barrier, epoch: 3067, count: 4
2026-09-16T10:18:27.588063812Z I20260916 10:18:27.587829   147 transaction_manager_impl.cpp:120] Total, abort: 6 commit: 907
2026-09-16T10:18:27.588085373Z I20260916 10:18:27.587857   147 transaction_manager_impl.cpp:62] Finish with epoch id=3066
2026-09-16T10:18:27.596933220Z I20260916 10:18:27.596823    44 block_storage_to_file.cpp:46] block store in file successfully, epoch=3066
2026-09-16T10:18:27.664879937Z I20260916 10:18:27.664683   143 consensus_control_block.h:289] consensus of epoch=3067 has reach, all vote yes.
2026-09-16T10:18:27.673375145Z I20260916 10:18:27.673306   152 epoch_txn_queue_manager.h:17] All threads reached barrier, epoch: 3068, count: 4
2026-09-16T10:18:27.684894543Z I20260916 10:18:27.684806   147 transaction_manager_impl.cpp:120] Total, abort: 7 commit: 903
2026-09-16T10:18:27.684904528Z I20260916 10:18:27.684819   147 transaction_manager_impl.cpp:62] Finish with epoch id=3067
2026-09-16T10:18:27.693965356Z I20260916 10:18:27.693840    44 block_storage_to_file.cpp:46] block store in file successfully, epoch=3067
2026-09-16T10:18:27.765107701Z I20260916 10:18:27.764983   143 consensus_control_block.h:289] consensus of epoch=3068 has reach, all vote yes.
2026-09-16T10:18:27.774005018Z I20260916 10:18:27.773883   152 epoch_txn_queue_manager.h:17] All threads reached barrier, epoch: 3069, count: 4
2026-09-16T10:18:27.786187092Z I20260916 10:18:27.786094   147 transaction_manager_impl.cpp:120] Total, abort: 6 commit: 883
2026-09-16T10:18:27.786199317Z I20260916 10:18:27.786108   147 transaction_manager_impl.cpp:62] Finish with epoch id=3068
2026-09-16T10:18:27.794673485Z I20260916 10:18:27.794575    44 block_storage_to_file.cpp:46] block store in file successfully, epoch=3068
2026-09-16T10:18:27.831676133Z I20260916 10:18:27.831338   149 epoch_txn_queue_manager.h:17] All threads reached barrier, epoch: 3070, count: 4
2026-09-16T10:18:27.837453929Z I20260916 10:18:27.836229   143 consensus_control_block.h:289] consensus of epoch=3069 has reach, all vote yes.
2026-09-16T10:18:27.845528625Z I20260916 10:18:27.845371   147 transaction_manager_impl.cpp:120] Total, abort: 5 commit: 904
2026-09-16T10:18:27.845555112Z I20260916 10:18:27.845398   147 transaction_manager_impl.cpp:62] Finish with epoch id=3069
2026-09-16T10:18:27.858036496Z I20260916 10:18:27.857928    44 block_storage_to_file.cpp:46] block store in file successfully, epoch=3069
2026-09-16T10:18:27.865411565Z I20260916 10:18:27.865319   143 consensus_control_block.h:289] consensus of epoch=3070 has reach, all vote yes.
2026-09-16T10:18:27.887938696Z I20260916 10:18:27.887755   151 epoch_txn_queue_manager.h:17] All threads reached barrier, epoch: 3071, count: 4
2026-09-16T10:18:27.893038565Z I20260916 10:18:27.892951   147 transaction_manager_impl.cpp:120] Total, abort: 6 commit: 460
2026-09-16T10:18:27.893053455Z I20260916 10:18:27.892969   147 transaction_manager_impl.cpp:62] Finish with epoch id=3070
2026-09-16T10:18:27.897377050Z I20260916 10:18:27.897279    44 block_storage_to_file.cpp:46] block store in file successfully, epoch=3070
2026-09-16T10:18:27.965720667Z I20260916 10:18:27.965564   143 consensus_control_block.h:289] consensus of epoch=3071 has reach, all vote yes.
2026-09-16T10:18:27.975551031Z I20260916 10:18:27.975455   152 epoch_txn_queue_manager.h:17] All threads reached barrier, epoch: 3072, count: 4
2026-09-16T10:18:27.982893047Z I20260916 10:18:27.982753   147 transaction_manager_impl.cpp:120] Total, abort: 0 commit: 563
2026-09-16T10:18:27.982916651Z I20260916 10:18:27.982769   147 transaction_manager_impl.cpp:62] Finish with epoch id=3071
2026-09-16T10:18:27.988571004Z I20260916 10:18:27.988423    44 block_storage_to_file.cpp:46] block store in file successfully, epoch=3071
2026-09-16T10:18:28.065994807Z I20260916 10:18:28.065874   143 consensus_control_block.h:289] consensus of epoch=3072 has reach, all vote yes.
2026-09-16T10:18:28.076149260Z I20260916 10:18:28.076078   152 epoch_txn_queue_manager.h:17] All threads reached barrier, epoch: 3073, count: 4
2026-09-16T10:18:28.087784530Z I20260916 10:18:28.087688   147 transaction_manager_impl.cpp:120] Total, abort: 5 commit: 791
2026-09-16T10:18:28.087796406Z I20260916 10:18:28.087702   147 transaction_manager_impl.cpp:62] Finish with epoch id=3072
2026-09-16T10:18:28.095458860Z I20260916 10:18:28.095391    44 block_storage_to_file.cpp:46] block store in file successfully, epoch=3072
2026-09-16T10:18:28.166275214Z I20260916 10:18:28.166136   143 consensus_control_block.h:289] consensus of epoch=3073 has reach, all vote yes.
2026-09-16T10:18:28.176742045Z I20260916 10:18:28.176668   152 epoch_txn_queue_manager.h:17] All threads reached barrier, epoch: 3074, count: 4
2026-09-16T10:18:28.190618875Z I20260916 10:18:28.190526   147 transaction_manager_impl.cpp:120] Total, abort: 7 commit: 905
2026-09-16T10:18:28.190630851Z I20260916 10:18:28.190546   147 transaction_manager_impl.cpp:62] Finish with epoch id=3073
2026-09-16T10:18:28.198787670Z I20260916 10:18:28.198693    44 block_storage_to_file.cpp:46] block store in file successfully, epoch=3073
2026-09-16T10:18:28.229149095Z [epoch] I20260916 10:18:28.228976     7 chain_client.cpp:83] Sending Request to epoch_server_group at qps=0 latency=0
2026-09-16T10:18:28.266531033Z I20260916 10:18:28.266384   143 consensus_control_block.h:289] consensus of epoch=3074 has reach, all vote yes.
2026-09-16T10:18:28.277495475Z I20260916 10:18:28.277413   152 epoch_txn_queue_manager.h:17] All threads reached barrier, epoch: 3075, count: 4
2026-09-16T10:18:28.290368305Z I20260916 10:18:28.290262   147 transaction_manager_impl.cpp:120] Total, abort: 6 commit: 904
2026-09-16T10:18:28.290382177Z I20260916 10:18:28.290331   147 transaction_manager_impl.cpp:62] Finish with epoch id=3074
2026-09-16T10:18:28.298925557Z I20260916 10:18:28.298835    44 block_storage_to_file.cpp:46] block store in file successfully, epoch=3074
2026-09-16T10:18:28.334775677Z I20260916 10:18:28.334664   149 epoch_txn_queue_manager.h:17] All threads reached barrier, epoch: 3076, count: 4
2026-09-16T10:18:28.336445719Z I20260916 10:18:28.336369   143 consensus_control_block.h:289] consensus of epoch=3075 has reach, all vote yes.
2026-09-16T10:18:28.346855501Z I20260916 10:18:28.346746   147 transaction_manager_impl.cpp:120] Total, abort: 6 commit: 905
2026-09-16T10:18:28.346870856Z I20260916 10:18:28.346766   147 transaction_manager_impl.cpp:62] Finish with epoch id=3075
2026-09-16T10:18:28.355868141Z I20260916 10:18:28.355769    44 block_storage_to_file.cpp:46] block store in file successfully, epoch=3075
2026-09-16T10:18:28.366808062Z I20260916 10:18:28.366724   143 consensus_control_block.h:289] consensus of epoch=3076 has reach, all vote yes.
2026-09-16T10:18:28.428592889Z I20260916 10:18:28.428458   152 epoch_txn_queue_manager.h:17] All threads reached barrier, epoch: 3077, count: 4
2026-09-16T10:18:28.437754264Z I20260916 10:18:28.437615   147 transaction_manager_impl.cpp:120] Total, abort: 5 commit: 522
2026-09-16T10:18:28.437766748Z I20260916 10:18:28.437681   147 transaction_manager_impl.cpp:62] Finish with epoch id=3076
2026-09-16T10:18:28.442970684Z I20260916 10:18:28.442883    44 block_storage_to_file.cpp:46] block store in file successfully, epoch=3076
2026-09-16T10:18:28.467216880Z I20260916 10:18:28.467134   143 consensus_control_block.h:289] consensus of epoch=3077 has reach, all vote yes.
2026-09-16T10:18:28.576610675Z I20260916 10:18:28.576474   149 epoch_txn_queue_manager.h:17] All threads reached barrier, epoch: 3078, count: 4
2026-09-16T10:18:28.591606985Z I20260916 10:18:28.590181   147 transaction_manager_impl.cpp:120] Total, abort: 5 commit: 837
2026-09-16T10:18:28.591624961Z I20260916 10:18:28.590200   147 transaction_manager_impl.cpp:62] Finish with epoch id=3077
2026-09-16T10:18:28.610820071Z I20260916 10:18:28.610652    44 block_storage_to_file.cpp:46] block store in file successfully, epoch=3077
2026-09-16T10:18:28.667922403Z I20260916 10:18:28.667799   143 consensus_control_block.h:289] consensus of epoch=3078 has reach, all vote yes.
2026-09-16T10:18:28.777947252Z I20260916 10:18:28.777786   149 epoch_txn_queue_manager.h:17] All threads reached barrier, epoch: 3079, count: 4
2026-09-16T10:18:28.794731250Z I20260916 10:18:28.794598   147 transaction_manager_impl.cpp:120] Total, abort: 8 commit: 1330
2026-09-16T10:18:28.794756073Z I20260916 10:18:28.794618   147 transaction_manager_impl.cpp:62] Finish with epoch id=3078
2026-09-16T10:18:28.808441440Z I20260916 10:18:28.808300    44 block_storage_to_file.cpp:46] block store in file successfully, epoch=3078
2026-09-16T10:18:28.868402846Z I20260916 10:18:28.868348   143 consensus_control_block.h:289] consensus of epoch=3079 has reach, all vote yes.
2026-09-16T10:18:28.878689901Z I20260916 10:18:28.878582   149 epoch_txn_queue_manager.h:17] All threads reached barrier, epoch: 3080, count: 4
2026-09-16T10:18:28.896474629Z I20260916 10:18:28.896323   147 transaction_manager_impl.cpp:120] Total, abort: 29 commit: 1796
2026-09-16T10:18:28.896497542Z I20260916 10:18:28.896339   147 transaction_manager_impl.cpp:62] Finish with epoch id=3079
2026-09-16T10:18:28.914987631Z I20260916 10:18:28.914806    44 block_storage_to_file.cpp:46] block store in file successfully, epoch=3079
2026-09-16T10:18:28.968670384Z I20260916 10:18:28.968595   143 consensus_control_block.h:289] consensus of epoch=3080 has reach, all vote yes.
2026-09-16T10:18:28.978566581Z I20260916 10:18:28.978488   150 epoch_txn_queue_manager.h:17] All threads reached barrier, epoch: 3081, count: 4
2026-09-16T10:18:28.986758457Z I20260916 10:18:28.986660   147 transaction_manager_impl.cpp:120] Total, abort: 5 commit: 905
2026-09-16T10:18:28.986770524Z I20260916 10:18:28.986675   147 transaction_manager_impl.cpp:62] Finish with epoch id=3080
2026-09-16T10:18:28.995616807Z I20260916 10:18:28.995500    44 block_storage_to_file.cpp:46] block store in file successfully, epoch=3080
2026-09-16T10:18:29.068926551Z I20260916 10:18:29.068776   143 consensus_control_block.h:289] consensus of epoch=3081 has reach, all vote yes.
2026-09-16T10:18:29.079214495Z I20260916 10:18:29.079118   150 epoch_txn_queue_manager.h:17] All threads reached barrier, epoch: 3082, count: 4
2026-09-16T10:18:29.090752463Z I20260916 10:18:29.090642   147 transaction_manager_impl.cpp:120] Total, abort: 5 commit: 880
2026-09-16T10:18:29.090766215Z I20260916 10:18:29.090656   147 transaction_manager_impl.cpp:62] Finish with epoch id=3081
2026-09-16T10:18:29.098925945Z I20260916 10:18:29.098842    44 block_storage_to_file.cpp:46] block store in file successfully, epoch=3081
2026-09-16T10:18:29.169241871Z I20260916 10:18:29.169116   143 consensus_control_block.h:289] consensus of epoch=3082 has reach, all vote yes.
2026-09-16T10:18:29.180032713Z I20260916 10:18:29.179900   150 epoch_txn_queue_manager.h:17] All threads reached barrier, epoch: 3083, count: 4
2026-09-16T10:18:29.190026731Z I20260916 10:18:29.189934   147 transaction_manager_impl.cpp:120] Total, abort: 4 commit: 916
2026-09-16T10:18:29.190041432Z I20260916 10:18:29.189954   147 transaction_manager_impl.cpp:62] Finish with epoch id=3082
2026-09-16T10:18:29.198908366Z I20260916 10:18:29.198804    44 block_storage_to_file.cpp:46] block store in file successfully, epoch=3082
2026-09-16T10:18:29.229220875Z [epoch] I20260916 10:18:29.229076     7 chain_client.cpp:83] Sending Request to epoch_server_group at qps=0 latency=0
2026-09-16T10:18:29.269449621Z I20260916 10:18:29.269361   143 consensus_control_block.h:289] consensus of epoch=3083 has reach, all vote yes.
2026-09-16T10:18:29.280628969Z I20260916 10:18:29.280572   150 epoch_txn_queue_manager.h:17] All threads reached barrier, epoch: 3084, count: 4
2026-09-16T10:18:29.292719950Z I20260916 10:18:29.292621   147 transaction_manager_impl.cpp:120] Total, abort: 6 commit: 903
2026-09-16T10:18:29.292730501Z I20260916 10:18:29.292634   147 transaction_manager_impl.cpp:62] Finish with epoch id=3083
2026-09-16T10:18:29.300539726Z I20260916 10:18:29.300410    44 block_storage_to_file.cpp:46] block store in file successfully, epoch=3083
2026-09-16T10:18:29.332219075Z I20260916 10:18:29.332139   143 consensus_control_block.h:289] consensus of epoch=3084 has reach, all vote yes.
2026-09-16T10:18:29.335043895Z I20260916 10:18:29.334982   149 epoch_txn_queue_manager.h:17] All threads reached barrier, epoch: 3085, count: 4
2026-09-16T10:18:29.345109733Z I20260916 10:18:29.344967   147 transaction_manager_impl.cpp:120] Total, abort: 5 commit: 905
2026-09-16T10:18:29.345125714Z I20260916 10:18:29.344987   147 transaction_manager_impl.cpp:62] Finish with epoch id=3084
2026-09-16T10:18:29.353381028Z I20260916 10:18:29.353205    44 block_storage_to_file.cpp:46] block store in file successfully, epoch=3084
2026-09-16T10:18:29.369768449Z I20260916 10:18:29.369655   143 consensus_control_block.h:289] consensus of epoch=3085 has reach, all vote yes.
2026-09-16T10:18:29.479988716Z I20260916 10:18:29.479873   151 epoch_txn_queue_manager.h:17] All threads reached barrier, epoch: 3086, count: 4
2026-09-16T10:18:29.487525379Z I20260916 10:18:29.487430   147 transaction_manager_impl.cpp:120] Total, abort: 5 commit: 479
2026-09-16T10:18:29.487535878Z I20260916 10:18:29.487445   147 transaction_manager_impl.cpp:62] Finish with epoch id=3085
2026-09-16T10:18:29.493948247Z I20260916 10:18:29.493804    44 block_storage_to_file.cpp:46] block store in file successfully, epoch=3085
2026-09-16T10:18:29.570384983Z I20260916 10:18:29.570251   143 consensus_control_block.h:289] consensus of epoch=3086 has reach, all vote yes.
2026-09-16T10:18:29.580872840Z I20260916 10:18:29.580768   151 epoch_txn_queue_manager.h:17] All threads reached barrier, epoch: 3087, count: 4
2026-09-16T10:18:29.595050103Z I20260916 10:18:29.594950   147 transaction_manager_impl.cpp:120] Total, abort: 8 commit: 1313
2026-09-16T10:18:29.595073213Z I20260916 10:18:29.594966   147 transaction_manager_impl.cpp:62] Finish with epoch id=3086
2026-09-16T10:18:29.606929379Z I20260916 10:18:29.606838    44 block_storage_to_file.cpp:46] block store in file successfully, epoch=3086
2026-09-16T10:18:29.634857681Z I20260916 10:18:29.634764   143 consensus_control_block.h:289] consensus of epoch=3087 has reach, all vote yes.
2026-09-16T10:18:29.637845122Z I20260916 10:18:29.637516   149 epoch_txn_queue_manager.h:17] All threads reached barrier, epoch: 3088, count: 4
2026-09-16T10:18:29.647400691Z I20260916 10:18:29.647275   147 transaction_manager_impl.cpp:120] Total, abort: 7 commit: 905
2026-09-16T10:18:29.647421577Z I20260916 10:18:29.647298   147 transaction_manager_impl.cpp:62] Finish with epoch id=3087
2026-09-16T10:18:29.655693626Z I20260916 10:18:29.655553    44 block_storage_to_file.cpp:46] block store in file successfully, epoch=3087
2026-09-16T10:18:29.670641199Z I20260916 10:18:29.670501   143 consensus_control_block.h:289] consensus of epoch=3088 has reach, all vote yes.
2026-09-16T10:18:29.780966531Z I20260916 10:18:29.780865   152 epoch_txn_queue_manager.h:17] All threads reached barrier, epoch: 3089, count: 4
2026-09-16T10:18:29.788375146Z I20260916 10:18:29.788264   147 transaction_manager_impl.cpp:120] Total, abort: 6 commit: 496
2026-09-16T10:18:29.788387470Z I20260916 10:18:29.788317   147 transaction_manager_impl.cpp:62] Finish with epoch id=3088
2026-09-16T10:18:29.793245254Z I20260916 10:18:29.793069    44 block_storage_to_file.cpp:46] block store in file successfully, epoch=3088
2026-09-16T10:18:29.871177989Z I20260916 10:18:29.871021   143 consensus_control_block.h:289] consensus of epoch=3089 has reach, all vote yes.
2026-09-16T10:18:29.879187759Z I20260916 10:18:29.879096   149 epoch_txn_queue_manager.h:17] All threads reached barrier, epoch: 3090, count: 4
2026-09-16T10:18:29.892226458Z I20260916 10:18:29.891446   147 transaction_manager_impl.cpp:120] Total, abort: 7 commit: 1295
2026-09-16T10:18:29.892233056Z I20260916 10:18:29.891474   147 transaction_manager_impl.cpp:62] Finish with epoch id=3089
2026-09-16T10:18:29.903354988Z I20260916 10:18:29.903219    44 block_storage_to_file.cpp:46] block store in file successfully, epoch=3089
2026-09-16T10:18:29.971431738Z I20260916 10:18:29.971318   143 consensus_control_block.h:289] consensus of epoch=3090 has reach, all vote yes.
2026-09-16T10:18:29.979916043Z I20260916 10:18:29.979831   149 epoch_txn_queue_manager.h:17] All threads reached barrier, epoch: 3091, count: 4
2026-09-16T10:18:29.989390188Z I20260916 10:18:29.989256   147 transaction_manager_impl.cpp:120] Total, abort: 6 commit: 888
2026-09-16T10:18:29.989412483Z I20260916 10:18:29.989277   147 transaction_manager_impl.cpp:62] Finish with epoch id=3090
2026-09-16T10:18:29.998012257Z I20260916 10:18:29.997864    44 block_storage_to_file.cpp:46] block store in file successfully, epoch=3090
2026-09-16T10:18:30.071800885Z I20260916 10:18:30.071615   143 consensus_control_block.h:289] consensus of epoch=3091 has reach, all vote yes.
2026-09-16T10:18:30.080709306Z I20260916 10:18:30.080618   149 epoch_txn_queue_manager.h:17] All threads reached barrier, epoch: 3092, count: 4
2026-09-16T10:18:30.092563598Z I20260916 10:18:30.092417   147 transaction_manager_impl.cpp:120] Total, abort: 4 commit: 910
2026-09-16T10:18:30.092579916Z I20260916 10:18:30.092468   147 transaction_manager_impl.cpp:62] Finish with epoch id=3091
2026-09-16T10:18:30.100726751Z I20260916 10:18:30.100607    44 block_storage_to_file.cpp:46] block store in file successfully, epoch=3091
2026-09-16T10:18:30.172120898Z I20260916 10:18:30.171944   143 consensus_control_block.h:289] consensus of epoch=3092 has reach, all vote yes.
2026-09-16T10:18:30.181448663Z I20260916 10:18:30.181350   149 epoch_txn_queue_manager.h:17] All threads reached barrier, epoch: 3093, count: 4
2026-09-16T10:18:30.192269694Z I20260916 10:18:30.192163   147 transaction_manager_impl.cpp:120] Total, abort: 6 commit: 904
2026-09-16T10:18:30.192285311Z I20260916 10:18:30.192183   147 transaction_manager_impl.cpp:62] Finish with epoch id=3092
2026-09-16T10:18:30.200602269Z I20260916 10:18:30.200484    44 block_storage_to_file.cpp:46] block store in file successfully, epoch=3092
2026-09-16T10:18:30.229301439Z [epoch] I20260916 10:18:30.229166     7 chain_client.cpp:83] Sending Request to epoch_server_group at qps=0 latency=0
2026-09-16T10:18:30.272224265Z I20260916 10:18:30.272095   143 consensus_control_block.h:289] consensus of epoch=3093 has reach, all vote yes.
2026-09-16T10:18:30.282127744Z I20260916 10:18:30.282042   149 epoch_txn_queue_manager.h:17] All threads reached barrier, epoch: 3094, count: 4
2026-09-16T10:18:30.293087210Z I20260916 10:18:30.292948   147 transaction_manager_impl.cpp:120] Total, abort: 7 commit: 905
2026-09-16T10:18:30.293106399Z I20260916 10:18:30.292963   147 transaction_manager_impl.cpp:62] Finish with epoch id=3093
2026-09-16T10:18:30.301280852Z I20260916 10:18:30.301210    44 block_storage_to_file.cpp:46] block store in file successfully, epoch=3093
2026-09-16T10:18:30.372606565Z I20260916 10:18:30.372501   143 consensus_control_block.h:289] consensus of epoch=3094 has reach, all vote yes.
2026-09-16T10:18:30.382797681Z I20260916 10:18:30.382716   149 epoch_txn_queue_manager.h:17] All threads reached barrier, epoch: 3095, count: 4
2026-09-16T10:18:30.391903292Z I20260916 10:18:30.391796   147 transaction_manager_impl.cpp:120] Total, abort: 4 commit: 905
2026-09-16T10:18:30.391923819Z I20260916 10:18:30.391810   147 transaction_manager_impl.cpp:62] Finish with epoch id=3094
2026-09-16T10:18:30.400084852Z I20260916 10:18:30.399967    44 block_storage_to_file.cpp:46] block store in file successfully, epoch=3094
2026-09-16T10:18:30.472907997Z I20260916 10:18:30.472764   143 consensus_control_block.h:289] consensus of epoch=3095 has reach, all vote yes.
2026-09-16T10:18:30.483483313Z I20260916 10:18:30.483381   149 epoch_txn_queue_manager.h:17] All threads reached barrier, epoch: 3096, count: 4
2026-09-16T10:18:30.498311911Z I20260916 10:18:30.497028   147 transaction_manager_impl.cpp:120] Total, abort: 8 commit: 902
2026-09-16T10:18:30.498332059Z I20260916 10:18:30.497048   147 transaction_manager_impl.cpp:62] Finish with epoch id=3095
2026-09-16T10:18:30.507294773Z I20260916 10:18:30.507195    44 block_storage_to_file.cpp:46] block store in file successfully, epoch=3095
2026-09-16T10:18:30.573158361Z I20260916 10:18:30.573022   143 consensus_control_block.h:289] consensus of epoch=3096 has reach, all vote yes.
2026-09-16T10:18:30.581475052Z I20260916 10:18:30.581372   150 epoch_txn_queue_manager.h:17] All threads reached barrier, epoch: 3097, count: 4
2026-09-16T10:18:30.592656849Z I20260916 10:18:30.591620   147 transaction_manager_impl.cpp:120] Total, abort: 10 commit: 903
2026-09-16T10:18:30.592671665Z I20260916 10:18:30.591640   147 transaction_manager_impl.cpp:62] Finish with epoch id=3096
2026-09-16T10:18:30.599549569Z I20260916 10:18:30.599459    44 block_storage_to_file.cpp:46] block store in file successfully, epoch=3096
2026-09-16T10:18:30.673521230Z I20260916 10:18:30.673424   143 consensus_control_block.h:289] consensus of epoch=3097 has reach, all vote yes.
2026-09-16T10:18:30.682664383Z I20260916 10:18:30.682497   150 epoch_txn_queue_manager.h:17] All threads reached barrier, epoch: 3098, count: 4
2026-09-16T10:18:30.697295808Z I20260916 10:18:30.695735   147 transaction_manager_impl.cpp:120] Total, abort: 7 commit: 884
2026-09-16T10:18:30.697315757Z I20260916 10:18:30.695756   147 transaction_manager_impl.cpp:62] Finish with epoch id=3097
2026-09-16T10:18:30.705543440Z I20260916 10:18:30.705447    44 block_storage_to_file.cpp:46] block store in file successfully, epoch=3097
2026-09-16T10:18:30.773756319Z I20260916 10:18:30.773628   143 consensus_control_block.h:289] consensus of epoch=3098 has reach, all vote yes.
2026-09-16T10:18:30.783003920Z I20260916 10:18:30.782920   150 epoch_txn_queue_manager.h:17] All threads reached barrier, epoch: 3099, count: 4
2026-09-16T10:18:30.794314346Z I20260916 10:18:30.794225   147 transaction_manager_impl.cpp:120] Total, abort: 5 commit: 903
2026-09-16T10:18:30.794326006Z I20260916 10:18:30.794240   147 transaction_manager_impl.cpp:62] Finish with epoch id=3098
2026-09-16T10:18:30.802163415Z I20260916 10:18:30.802033    44 block_storage_to_file.cpp:46] block store in file successfully, epoch=3098
2026-09-16T10:18:30.874088306Z I20260916 10:18:30.873924   143 consensus_control_block.h:289] consensus of epoch=3099 has reach, all vote yes.
2026-09-16T10:18:30.884476370Z I20260916 10:18:30.884354   150 epoch_txn_queue_manager.h:17] All threads reached barrier, epoch: 3100, count: 4
2026-09-16T10:18:30.896652208Z I20260916 10:18:30.896540   147 transaction_manager_impl.cpp:120] Total, abort: 6 commit: 906
2026-09-16T10:18:30.896665069Z I20260916 10:18:30.896567   147 transaction_manager_impl.cpp:62] Finish with epoch id=3099
2026-09-16T10:18:30.906013411Z I20260916 10:18:30.905890    44 block_storage_to_file.cpp:46] block store in file successfully, epoch=3099
2026-09-16T10:18:30.974344678Z I20260916 10:18:30.974232   143 consensus_control_block.h:289] consensus of epoch=3100 has reach, all vote yes.
2026-09-16T10:18:30.984837684Z I20260916 10:18:30.984781   150 epoch_txn_queue_manager.h:17] All threads reached barrier, epoch: 3101, count: 4
2026-09-16T10:18:30.993768876Z I20260916 10:18:30.993685   147 transaction_manager_impl.cpp:120] Total, abort: 5 commit: 909
2026-09-16T10:18:30.994904004Z I20260916 10:18:30.993767   147 transaction_manager_impl.cpp:62] Finish with epoch id=3100
2026-09-16T10:18:31.003950223Z I20260916 10:18:31.003830    44 block_storage_to_file.cpp:46] block store in file successfully, epoch=3100
2026-09-16T10:18:31.074675877Z I20260916 10:18:31.074566   143 consensus_control_block.h:289] consensus of epoch=3101 has reach, all vote yes.
2026-09-16T10:18:31.085524836Z I20260916 10:18:31.085414   150 epoch_txn_queue_manager.h:17] All threads reached barrier, epoch: 3102, count: 4
2026-09-16T10:18:31.096109649Z I20260916 10:18:31.095985   147 transaction_manager_impl.cpp:120] Total, abort: 5 commit: 902
2026-09-16T10:18:31.096124728Z I20260916 10:18:31.096004   147 transaction_manager_impl.cpp:62] Finish with epoch id=3101
2026-09-16T10:18:31.104837553Z I20260916 10:18:31.104599    44 block_storage_to_file.cpp:46] block store in file successfully, epoch=3101
2026-09-16T10:18:31.174924953Z I20260916 10:18:31.174765   143 consensus_control_block.h:289] consensus of epoch=3102 has reach, all vote yes.
2026-09-16T10:18:31.185948653Z I20260916 10:18:31.185861   150 epoch_txn_queue_manager.h:17] All threads reached barrier, epoch: 3103, count: 4
2026-09-16T10:18:31.195422238Z I20260916 10:18:31.195264   147 transaction_manager_impl.cpp:120] Total, abort: 5 commit: 908
2026-09-16T10:18:31.195447424Z I20260916 10:18:31.195289   147 transaction_manager_impl.cpp:62] Finish with epoch id=3102
2026-09-16T10:18:31.203961159Z I20260916 10:18:31.203806    44 block_storage_to_file.cpp:46] block store in file successfully, epoch=3102
2026-09-16T10:18:31.229418866Z [epoch] I20260916 10:18:31.229260     7 chain_client.cpp:83] Sending Request to epoch_server_group at qps=0 latency=0
2026-09-16T10:18:31.275144395Z I20260916 10:18:31.275022   143 consensus_control_block.h:289] consensus of epoch=3103 has reach, all vote yes.
2026-09-16T10:18:31.286791964Z I20260916 10:18:31.286648   151 epoch_txn_queue_manager.h:17] All threads reached barrier, epoch: 3104, count: 4
2026-09-16T10:18:31.303377315Z I20260916 10:18:31.303233   147 transaction_manager_impl.cpp:120] Total, abort: 5 commit: 904
2026-09-16T10:18:31.303399619Z I20260916 10:18:31.303262   147 transaction_manager_impl.cpp:62] Finish with epoch id=3103
2026-09-16T10:18:31.312208128Z I20260916 10:18:31.312103    44 block_storage_to_file.cpp:46] block store in file successfully, epoch=3103
2026-09-16T10:18:31.375475810Z I20260916 10:18:31.375303   143 consensus_control_block.h:289] consensus of epoch=3104 has reach, all vote yes.
2026-09-16T10:18:31.386599017Z I20260916 10:18:31.386499   152 epoch_txn_queue_manager.h:17] All threads reached barrier, epoch: 3105, count: 4
2026-09-16T10:18:31.395416800Z I20260916 10:18:31.395325   147 transaction_manager_impl.cpp:120] Total, abort: 6 commit: 881
2026-09-16T10:18:31.395426594Z I20260916 10:18:31.395339   147 transaction_manager_impl.cpp:62] Finish with epoch id=3104
2026-09-16T10:18:31.403229594Z I20260916 10:18:31.403115    44 block_storage_to_file.cpp:46] block store in file successfully, epoch=3104
2026-09-16T10:18:31.475903626Z I20260916 10:18:31.475828   143 consensus_control_block.h:289] consensus of epoch=3105 has reach, all vote yes.
2026-09-16T10:18:31.480851917Z I20260916 10:18:31.480698   149 epoch_txn_queue_manager.h:17] All threads reached barrier, epoch: 3106, count: 4
2026-09-16T10:18:31.492949528Z I20260916 10:18:31.492795   147 transaction_manager_impl.cpp:120] Total, abort: 4 commit: 888
2026-09-16T10:18:31.492974407Z I20260916 10:18:31.492815   147 transaction_manager_impl.cpp:62] Finish with epoch id=3105
2026-09-16T10:18:31.502474279Z I20260916 10:18:31.502388    44 block_storage_to_file.cpp:46] block store in file successfully, epoch=3105
2026-09-16T10:18:31.576191664Z I20260916 10:18:31.576114   143 consensus_control_block.h:289] consensus of epoch=3106 has reach, all vote yes.
2026-09-16T10:18:31.581708882Z I20260916 10:18:31.581586   149 epoch_txn_queue_manager.h:17] All threads reached barrier, epoch: 3107, count: 4
2026-09-16T10:18:31.592684736Z I20260916 10:18:31.592582   147 transaction_manager_impl.cpp:120] Total, abort: 4 commit: 885
2026-09-16T10:18:31.592698165Z I20260916 10:18:31.592604   147 transaction_manager_impl.cpp:62] Finish with epoch id=3106
2026-09-16T10:18:31.600683974Z I20260916 10:18:31.600596    44 block_storage_to_file.cpp:46] block store in file successfully, epoch=3106
2026-09-16T10:18:31.676509854Z I20260916 10:18:31.676398   143 consensus_control_block.h:289] consensus of epoch=3107 has reach, all vote yes.
2026-09-16T10:18:31.682321727Z I20260916 10:18:31.682225   149 epoch_txn_queue_manager.h:17] All threads reached barrier, epoch: 3108, count: 4
2026-09-16T10:18:31.694555906Z I20260916 10:18:31.694399   147 transaction_manager_impl.cpp:120] Total, abort: 7 commit: 903
2026-09-16T10:18:31.694577559Z I20260916 10:18:31.694414   147 transaction_manager_impl.cpp:62] Finish with epoch id=3107
2026-09-16T10:18:31.702637355Z I20260916 10:18:31.702522    44 block_storage_to_file.cpp:46] block store in file successfully, epoch=3107
2026-09-16T10:18:31.776677305Z I20260916 10:18:31.776594   143 consensus_control_block.h:289] consensus of epoch=3108 has reach, all vote yes.
2026-09-16T10:18:31.782996389Z I20260916 10:18:31.782891   149 epoch_txn_queue_manager.h:17] All threads reached barrier, epoch: 3109, count: 4
2026-09-16T10:18:31.794558266Z I20260916 10:18:31.794418   147 transaction_manager_impl.cpp:120] Total, abort: 9 commit: 903
2026-09-16T10:18:31.794575405Z I20260916 10:18:31.794480   147 transaction_manager_impl.cpp:62] Finish with epoch id=3108
2026-09-16T10:18:31.803118520Z I20260916 10:18:31.802982    44 block_storage_to_file.cpp:46] block store in file successfully, epoch=3108
2026-09-16T10:18:31.840533971Z I20260916 10:18:31.840384   151 epoch_txn_queue_manager.h:17] All threads reached barrier, epoch: 3110, count: 4
2026-09-16T10:18:31.842569338Z I20260916 10:18:31.842445   143 consensus_control_block.h:289] consensus of epoch=3109 has reach, all vote yes.
2026-09-16T10:18:31.852296715Z I20260916 10:18:31.852205   147 transaction_manager_impl.cpp:120] Total, abort: 6 commit: 901
2026-09-16T10:18:31.852301664Z I20260916 10:18:31.852221   147 transaction_manager_impl.cpp:62] Finish with epoch id=3109
2026-09-16T10:18:31.860742913Z I20260916 10:18:31.860658    44 block_storage_to_file.cpp:46] block store in file successfully, epoch=3109
2026-09-16T10:18:31.876880059Z I20260916 10:18:31.876802   143 consensus_control_block.h:289] consensus of epoch=3110 has reach, all vote yes.
2026-09-16T10:18:31.984424285Z I20260916 10:18:31.984288   149 epoch_txn_queue_manager.h:17] All threads reached barrier, epoch: 3111, count: 4
2026-09-16T10:18:31.992767691Z I20260916 10:18:31.992638   147 transaction_manager_impl.cpp:120] Total, abort: 4 commit: 500
2026-09-16T10:18:31.992811698Z I20260916 10:18:31.992699   147 transaction_manager_impl.cpp:62] Finish with epoch id=3110
2026-09-16T10:18:31.997894366Z I20260916 10:18:31.997746    44 block_storage_to_file.cpp:46] block store in file successfully, epoch=3110
2026-09-16T10:18:32.077451326Z I20260916 10:18:32.077391   143 consensus_control_block.h:289] consensus of epoch=3111 has reach, all vote yes.
2026-09-16T10:18:32.085000981Z I20260916 10:18:32.084919   149 epoch_txn_queue_manager.h:17] All threads reached barrier, epoch: 3112, count: 4
2026-09-16T10:18:32.098093475Z I20260916 10:18:32.097966   147 transaction_manager_impl.cpp:120] Total, abort: 13 commit: 1305
2026-09-16T10:18:32.098115718Z I20260916 10:18:32.097992   147 transaction_manager_impl.cpp:62] Finish with epoch id=3111
2026-09-16T10:18:32.110344097Z I20260916 10:18:32.110211    44 block_storage_to_file.cpp:46] block store in file successfully, epoch=3111
2026-09-16T10:18:32.177759328Z I20260916 10:18:32.177641   143 consensus_control_block.h:289] consensus of epoch=3112 has reach, all vote yes.
2026-09-16T10:18:32.185809543Z I20260916 10:18:32.185566   149 epoch_txn_queue_manager.h:17] All threads reached barrier, epoch: 3113, count: 4
2026-09-16T10:18:32.199586364Z I20260916 10:18:32.199496   147 transaction_manager_impl.cpp:120] Total, abort: 4 commit: 905
2026-09-16T10:18:32.199597873Z I20260916 10:18:32.199512   147 transaction_manager_impl.cpp:62] Finish with epoch id=3112
2026-09-16T10:18:32.208332268Z I20260916 10:18:32.208169    44 block_storage_to_file.cpp:46] block store in file successfully, epoch=3112
2026-09-16T10:18:32.229491098Z [epoch] I20260916 10:18:32.229352     7 chain_client.cpp:83] Sending Request to epoch_server_group at qps=0 latency=0
2026-09-16T10:18:32.277790528Z I20260916 10:18:32.277638   143 consensus_control_block.h:289] consensus of epoch=3113 has reach, all vote yes.
2026-09-16T10:18:32.286428384Z I20260916 10:18:32.286337   149 epoch_txn_queue_manager.h:17] All threads reached barrier, epoch: 3114, count: 4
2026-09-16T10:18:32.296549219Z I20260916 10:18:32.296437   147 transaction_manager_impl.cpp:120] Total, abort: 6 commit: 905
2026-09-16T10:18:32.296562582Z I20260916 10:18:32.296456   147 transaction_manager_impl.cpp:62] Finish with epoch id=3113
2026-09-16T10:18:32.304823145Z I20260916 10:18:32.304665    44 block_storage_to_file.cpp:46] block store in file successfully, epoch=3113
2026-09-16T10:18:32.378238607Z I20260916 10:18:32.378136   143 consensus_control_block.h:289] consensus of epoch=3114 has reach, all vote yes.
2026-09-16T10:18:32.387334307Z I20260916 10:18:32.387245   149 epoch_txn_queue_manager.h:17] All threads reached barrier, epoch: 3115, count: 4
2026-09-16T10:18:32.401240364Z I20260916 10:18:32.400604   147 transaction_manager_impl.cpp:120] Total, abort: 6 commit: 906
2026-09-16T10:18:32.401955838Z I20260916 10:18:32.400668   147 transaction_manager_impl.cpp:62] Finish with epoch id=3114
2026-09-16T10:18:32.410758296Z I20260916 10:18:32.410606    44 block_storage_to_file.cpp:46] block store in file successfully, epoch=3114
2026-09-16T10:18:32.478567510Z I20260916 10:18:32.478395   143 consensus_control_block.h:289] consensus of epoch=3115 has reach, all vote yes.
2026-09-16T10:18:32.487943815Z I20260916 10:18:32.487833   149 epoch_txn_queue_manager.h:17] All threads reached barrier, epoch: 3116, count: 4
2026-09-16T10:18:32.500134619Z I20260916 10:18:32.500028   147 transaction_manager_impl.cpp:120] Total, abort: 6 commit: 905
2026-09-16T10:18:32.500148226Z I20260916 10:18:32.500043   147 transaction_manager_impl.cpp:62] Finish with epoch id=3115
2026-09-16T10:18:32.509963769Z I20260916 10:18:32.509874    44 block_storage_to_file.cpp:46] block store in file successfully, epoch=3115
2026-09-16T10:18:32.578798329Z I20260916 10:18:32.578634   143 consensus_control_block.h:289] consensus of epoch=3116 has reach, all vote yes.
2026-09-16T10:18:32.588711222Z I20260916 10:18:32.588626   149 epoch_txn_queue_manager.h:17] All threads reached barrier, epoch: 3117, count: 4
2026-09-16T10:18:32.599942219Z I20260916 10:18:32.599838   147 transaction_manager_impl.cpp:120] Total, abort: 7 commit: 903
2026-09-16T10:18:32.599956966Z I20260916 10:18:32.599857   147 transaction_manager_impl.cpp:62] Finish with epoch id=3116
2026-09-16T10:18:32.608351102Z I20260916 10:18:32.608250    44 block_storage_to_file.cpp:46] block store in file successfully, epoch=3116
2026-09-16T10:18:32.679118014Z I20260916 10:18:32.678946   143 consensus_control_block.h:289] consensus of epoch=3117 has reach, all vote yes.
2026-09-16T10:18:32.689221731Z I20260916 10:18:32.689119   149 epoch_txn_queue_manager.h:17] All threads reached barrier, epoch: 3118, count: 4
2026-09-16T10:18:32.705476320Z I20260916 10:18:32.700021   147 transaction_manager_impl.cpp:120] Total, abort: 5 commit: 902
2026-09-16T10:18:32.705522815Z I20260916 10:18:32.700085   147 transaction_manager_impl.cpp:62] Finish with epoch id=3117
2026-09-16T10:18:32.710276079Z I20260916 10:18:32.710170    44 block_storage_to_file.cpp:46] block store in file successfully, epoch=3117
2026-09-16T10:18:32.779491767Z I20260916 10:18:32.779266   143 consensus_control_block.h:289] consensus of epoch=3118 has reach, all vote yes.
2026-09-16T10:18:32.790300187Z I20260916 10:18:32.790180   149 epoch_txn_queue_manager.h:17] All threads reached barrier, epoch: 3119, count: 4
2026-09-16T10:18:32.802773588Z I20260916 10:18:32.802661   147 transaction_manager_impl.cpp:120] Total, abort: 5 commit: 907
2026-09-16T10:18:32.802786529Z I20260916 10:18:32.802680   147 transaction_manager_impl.cpp:62] Finish with epoch id=3118
2026-09-16T10:18:32.811466950Z I20260916 10:18:32.811342    44 block_storage_to_file.cpp:46] block store in file successfully, epoch=3118
2026-09-16T10:18:32.879926166Z I20260916 10:18:32.879807   143 consensus_control_block.h:289] consensus of epoch=3119 has reach, all vote yes.
2026-09-16T10:18:32.890088323Z I20260916 10:18:32.889995   152 epoch_txn_queue_manager.h:17] All threads reached barrier, epoch: 3120, count: 4
2026-09-16T10:18:32.904773326Z I20260916 10:18:32.904657   147 transaction_manager_impl.cpp:120] Total, abort: 4 commit: 912
2026-09-16T10:18:32.904965983Z I20260916 10:18:32.904855   147 transaction_manager_impl.cpp:62] Finish with epoch id=3119
2026-09-16T10:18:32.913237477Z I20260916 10:18:32.913147    44 block_storage_to_file.cpp:46] block store in file successfully, epoch=3119
2026-09-16T10:18:32.980258974Z I20260916 10:18:32.980175   143 consensus_control_block.h:289] consensus of epoch=3120 has reach, all vote yes.
2026-09-16T10:18:32.990765377Z I20260916 10:18:32.990664   152 epoch_txn_queue_manager.h:17] All threads reached barrier, epoch: 3121, count: 4
2026-09-16T10:18:32.999610452Z I20260916 10:18:32.999470   147 transaction_manager_impl.cpp:120] Total, abort: 9 commit: 880
2026-09-16T10:18:32.999635993Z I20260916 10:18:32.999495   147 transaction_manager_impl.cpp:62] Finish with epoch id=3120
2026-09-16T10:18:33.008446969Z I20260916 10:18:33.008340    44 block_storage_to_file.cpp:46] block store in file successfully, epoch=3120
2026-09-16T10:18:33.080458132Z I20260916 10:18:33.080385   143 consensus_control_block.h:289] consensus of epoch=3121 has reach, all vote yes.
2026-09-16T10:18:33.091748810Z I20260916 10:18:33.091646   152 epoch_txn_queue_manager.h:17] All threads reached barrier, epoch: 3122, count: 4
2026-09-16T10:18:33.102439483Z I20260916 10:18:33.102306   147 transaction_manager_impl.cpp:120] Total, abort: 5 commit: 904
2026-09-16T10:18:33.102462218Z I20260916 10:18:33.102331   147 transaction_manager_impl.cpp:62] Finish with epoch id=3121
2026-09-16T10:18:33.112236699Z I20260916 10:18:33.112128    44 block_storage_to_file.cpp:46] block store in file successfully, epoch=3121
2026-09-16T10:18:33.180662554Z I20260916 10:18:33.180557   143 consensus_control_block.h:289] consensus of epoch=3122 has reach, all vote yes.
2026-09-16T10:18:33.191983960Z I20260916 10:18:33.191844   150 epoch_txn_queue_manager.h:17] All threads reached barrier, epoch: 3123, count: 4
2026-09-16T10:18:33.201970366Z I20260916 10:18:33.201828   147 transaction_manager_impl.cpp:120] Total, abort: 7 commit: 905
2026-09-16T10:18:33.201983301Z I20260916 10:18:33.201848   147 transaction_manager_impl.cpp:62] Finish with epoch id=3122
2026-09-16T10:18:33.211132699Z I20260916 10:18:33.211028    44 block_storage_to_file.cpp:46] block store in file successfully, epoch=3122
2026-09-16T10:18:33.229574974Z [epoch] I20260916 10:18:33.229432     7 chain_client.cpp:83] Sending Request to epoch_server_group at qps=0 latency=0
2026-09-16T10:18:33.243526725Z I20260916 10:18:33.243369   149 epoch_txn_queue_manager.h:17] All threads reached barrier, epoch: 3124, count: 4
2026-09-16T10:18:33.244820245Z I20260916 10:18:33.244699   143 consensus_control_block.h:289] consensus of epoch=3123 has reach, all vote yes.
2026-09-16T10:18:33.253192490Z I20260916 10:18:33.253083   147 transaction_manager_impl.cpp:120] Total, abort: 8 commit: 880
2026-09-16T10:18:33.253206600Z I20260916 10:18:33.253115   147 transaction_manager_impl.cpp:62] Finish with epoch id=3123
2026-09-16T10:18:33.261577248Z I20260916 10:18:33.261446    44 block_storage_to_file.cpp:46] block store in file successfully, epoch=3123
2026-09-16T10:18:33.277928944Z I20260916 10:18:33.277842   143 consensus_control_block.h:289] consensus of epoch=3124 has reach, all vote yes.
2026-09-16T10:18:33.344346930Z I20260916 10:18:33.344236   149 epoch_txn_queue_manager.h:17] All threads reached barrier, epoch: 3125, count: 4
2026-09-16T10:18:33.351124207Z I20260916 10:18:33.351011   147 transaction_manager_impl.cpp:120] Total, abort: 4 commit: 501
2026-09-16T10:18:33.355970054Z I20260916 10:18:33.351105   147 transaction_manager_impl.cpp:62] Finish with epoch id=3124
2026-09-16T10:18:33.356794509Z I20260916 10:18:33.356700    44 block_storage_to_file.cpp:46] block store in file successfully, epoch=3124
2026-09-16T10:18:33.381091495Z I20260916 10:18:33.380945   143 consensus_control_block.h:289] consensus of epoch=3125 has reach, all vote yes.
2026-09-16T10:18:33.492097313Z I20260916 10:18:33.491966   151 epoch_txn_queue_manager.h:17] All threads reached barrier, epoch: 3126, count: 4
2026-09-16T10:18:33.503728349Z I20260916 10:18:33.503597   147 transaction_manager_impl.cpp:120] Total, abort: 6 commit: 904
2026-09-16T10:18:33.503745008Z I20260916 10:18:33.503647   147 transaction_manager_impl.cpp:62] Finish with epoch id=3125
2026-09-16T10:18:33.512632347Z I20260916 10:18:33.512535    44 block_storage_to_file.cpp:46] block store in file successfully, epoch=3125
2026-09-16T10:18:33.581687316Z I20260916 10:18:33.581549   143 consensus_control_block.h:289] consensus of epoch=3126 has reach, all vote yes.
2026-09-16T10:18:33.592606658Z I20260916 10:18:33.592463   151 epoch_txn_queue_manager.h:17] All threads reached barrier, epoch: 3127, count: 4
2026-09-16T10:18:33.606776827Z I20260916 10:18:33.606662   147 transaction_manager_impl.cpp:120] Total, abort: 6 commit: 1289
2026-09-16T10:18:33.606792657Z I20260916 10:18:33.606684   147 transaction_manager_impl.cpp:62] Finish with epoch id=3126
2026-09-16T10:18:33.619026562Z I20260916 10:18:33.618932    44 block_storage_to_file.cpp:46] block store in file successfully, epoch=3126
2026-09-16T10:18:33.682010303Z I20260916 10:18:33.681843   143 consensus_control_block.h:289] consensus of epoch=3127 has reach, all vote yes.
2026-09-16T10:18:33.693220247Z I20260916 10:18:33.693109   151 epoch_txn_queue_manager.h:17] All threads reached barrier, epoch: 3128, count: 4
2026-09-16T10:18:33.705982963Z I20260916 10:18:33.705902   147 transaction_manager_impl.cpp:120] Total, abort: 4 commit: 904
2026-09-16T10:18:33.705993423Z I20260916 10:18:33.705920   147 transaction_manager_impl.cpp:62] Finish with epoch id=3127
2026-09-16T10:18:33.715499566Z I20260916 10:18:33.715380    44 block_storage_to_file.cpp:46] block store in file successfully, epoch=3127
2026-09-16T10:18:33.782270602Z I20260916 10:18:33.782179   143 consensus_control_block.h:289] consensus of epoch=3128 has reach, all vote yes.
2026-09-16T10:18:33.787416313Z I20260916 10:18:33.787339   149 epoch_txn_queue_manager.h:17] All threads reached barrier, epoch: 3129, count: 4
2026-09-16T10:18:33.803744826Z I20260916 10:18:33.796188   147 transaction_manager_impl.cpp:120] Total, abort: 6 commit: 906
2026-09-16T10:18:33.803757437Z I20260916 10:18:33.796206   147 transaction_manager_impl.cpp:62] Finish with epoch id=3128
2026-09-16T10:18:33.804610203Z I20260916 10:18:33.804498    44 block_storage_to_file.cpp:46] block store in file successfully, epoch=3128
2026-09-16T10:18:33.882495796Z I20260916 10:18:33.882356   143 consensus_control_block.h:289] consensus of epoch=3129 has reach, all vote yes.
2026-09-16T10:18:33.888111206Z I20260916 10:18:33.888022   149 epoch_txn_queue_manager.h:17] All threads reached barrier, epoch: 3130, count: 4
2026-09-16T10:18:33.897465479Z I20260916 10:18:33.897379   147 transaction_manager_impl.cpp:120] Total, abort: 4 commit: 884
2026-09-16T10:18:33.897475314Z I20260916 10:18:33.897423   147 transaction_manager_impl.cpp:62] Finish with epoch id=3129
2026-09-16T10:18:33.906049412Z I20260916 10:18:33.905956    44 block_storage_to_file.cpp:46] block store in file successfully, epoch=3129
2026-09-16T10:18:33.982827038Z I20260916 10:18:33.982758   143 consensus_control_block.h:289] consensus of epoch=3130 has reach, all vote yes.
2026-09-16T10:18:33.989646714Z I20260916 10:18:33.989539   149 epoch_txn_queue_manager.h:17] All threads reached barrier, epoch: 3131, count: 4
2026-09-16T10:18:34.004559849Z I20260916 10:18:34.004446   147 transaction_manager_impl.cpp:120] Total, abort: 8 commit: 900
2026-09-16T10:18:34.004573792Z I20260916 10:18:34.004482   147 transaction_manager_impl.cpp:62] Finish with epoch id=3130
2026-09-16T10:18:34.013067002Z I20260916 10:18:34.012984    44 block_storage_to_file.cpp:46] block store in file successfully, epoch=3130
2026-09-16T10:18:34.083096360Z I20260916 10:18:34.082966   143 consensus_control_block.h:289] consensus of epoch=3131 has reach, all vote yes.
2026-09-16T10:18:34.090401504Z I20260916 10:18:34.090320   149 epoch_txn_queue_manager.h:17] All threads reached barrier, epoch: 3132, count: 4
2026-09-16T10:18:34.100247442Z I20260916 10:18:34.100157   147 transaction_manager_impl.cpp:120] Total, abort: 5 commit: 911
2026-09-16T10:18:34.100254863Z I20260916 10:18:34.100170   147 transaction_manager_impl.cpp:62] Finish with epoch id=3131
2026-09-16T10:18:34.108797601Z I20260916 10:18:34.108722    44 block_storage_to_file.cpp:46] block store in file successfully, epoch=3131
2026-09-16T10:18:34.183486456Z I20260916 10:18:34.183382   143 consensus_control_block.h:289] consensus of epoch=3132 has reach, all vote yes.
2026-09-16T10:18:34.191443387Z I20260916 10:18:34.191346   149 epoch_txn_queue_manager.h:17] All threads reached barrier, epoch: 3133, count: 4
2026-09-16T10:18:34.203956233Z I20260916 10:18:34.203845   147 transaction_manager_impl.cpp:120] Total, abort: 10 commit: 901
2026-09-16T10:18:34.203987274Z I20260916 10:18:34.203866   147 transaction_manager_impl.cpp:62] Finish with epoch id=3132
2026-09-16T10:18:34.212550312Z I20260916 10:18:34.212464    44 block_storage_to_file.cpp:46] block store in file successfully, epoch=3132
2026-09-16T10:18:34.229658181Z [epoch] I20260916 10:18:34.229518     7 chain_client.cpp:83] Sending Request to epoch_server_group at qps=0 latency=0
2026-09-16T10:18:34.277962451Z I20260916 10:18:34.277855   143 consensus_control_block.h:289] consensus of epoch=3133 has reach, all vote yes.
2026-09-16T10:18:34.291824866Z I20260916 10:18:34.291708   149 epoch_txn_queue_manager.h:17] All threads reached barrier, epoch: 3134, count: 4
2026-09-16T10:18:34.301677880Z I20260916 10:18:34.301601   147 transaction_manager_impl.cpp:120] Total, abort: 6 commit: 903
2026-09-16T10:18:34.301734411Z I20260916 10:18:34.301673   147 transaction_manager_impl.cpp:62] Finish with epoch id=3133
2026-09-16T10:18:34.310953299Z I20260916 10:18:34.310853    44 block_storage_to_file.cpp:46] block store in file successfully, epoch=3133
2026-09-16T10:18:34.384083220Z I20260916 10:18:34.383971   143 consensus_control_block.h:289] consensus of epoch=3134 has reach, all vote yes.
2026-09-16T10:18:34.392663322Z I20260916 10:18:34.392539   149 epoch_txn_queue_manager.h:17] All threads reached barrier, epoch: 3135, count: 4
2026-09-16T10:18:34.403411496Z I20260916 10:18:34.403255   147 transaction_manager_impl.cpp:120] Total, abort: 7 commit: 904
2026-09-16T10:18:34.403432429Z I20260916 10:18:34.403280   147 transaction_manager_impl.cpp:62] Finish with epoch id=3134
2026-09-16T10:18:34.411733907Z I20260916 10:18:34.411576    44 block_storage_to_file.cpp:46] block store in file successfully, epoch=3134
2026-09-16T10:18:34.484317740Z I20260916 10:18:34.484222   143 consensus_control_block.h:289] consensus of epoch=3135 has reach, all vote yes.
2026-09-16T10:18:34.493275189Z I20260916 10:18:34.493149   149 epoch_txn_queue_manager.h:17] All threads reached barrier, epoch: 3136, count: 4
2026-09-16T10:18:34.505190444Z I20260916 10:18:34.505086   147 transaction_manager_impl.cpp:120] Total, abort: 5 commit: 904
2026-09-16T10:18:34.505205395Z I20260916 10:18:34.505105   147 transaction_manager_impl.cpp:62] Finish with epoch id=3135
2026-09-16T10:18:34.513622654Z I20260916 10:18:34.513478    44 block_storage_to_file.cpp:46] block store in file successfully, epoch=3135
2026-09-16T10:18:34.584539079Z I20260916 10:18:34.584396   143 consensus_control_block.h:289] consensus of epoch=3136 has reach, all vote yes.
2026-09-16T10:18:34.594135500Z I20260916 10:18:34.594038   149 epoch_txn_queue_manager.h:17] All threads reached barrier, epoch: 3137, count: 4
2026-09-16T10:18:34.606236000Z I20260916 10:18:34.606155   147 transaction_manager_impl.cpp:120] Total, abort: 9 commit: 900
2026-09-16T10:18:34.606248707Z I20260916 10:18:34.606175   147 transaction_manager_impl.cpp:62] Finish with epoch id=3136
2026-09-16T10:18:34.614793306Z I20260916 10:18:34.614681    44 block_storage_to_file.cpp:46] block store in file successfully, epoch=3136
2026-09-16T10:18:34.684770651Z I20260916 10:18:34.684648   143 consensus_control_block.h:289] consensus of epoch=3137 has reach, all vote yes.
2026-09-16T10:18:34.694729089Z I20260916 10:18:34.694597   149 epoch_txn_queue_manager.h:17] All threads reached barrier, epoch: 3138, count: 4
2026-09-16T10:18:34.707077863Z I20260916 10:18:34.706974   147 transaction_manager_impl.cpp:120] Total, abort: 7 commit: 906
2026-09-16T10:18:34.707091717Z I20260916 10:18:34.706988   147 transaction_manager_impl.cpp:62] Finish with epoch id=3137
2026-09-16T10:18:34.715887142Z I20260916 10:18:34.715788    44 block_storage_to_file.cpp:46] block store in file successfully, epoch=3137
2026-09-16T10:18:34.785025768Z I20260916 10:18:34.784933   143 consensus_control_block.h:289] consensus of epoch=3138 has reach, all vote yes.
2026-09-16T10:18:34.795575036Z I20260916 10:18:34.795485   149 epoch_txn_queue_manager.h:17] All threads reached barrier, epoch: 3139, count: 4
2026-09-16T10:18:34.805458765Z I20260916 10:18:34.805339   147 transaction_manager_impl.cpp:120] Total, abort: 7 commit: 904
2026-09-16T10:18:34.805482851Z I20260916 10:18:34.805358   147 transaction_manager_impl.cpp:62] Finish with epoch id=3138
2026-09-16T10:18:34.814872475Z I20260916 10:18:34.814776    44 block_storage_to_file.cpp:46] block store in file successfully, epoch=3138
2026-09-16T10:18:34.885294850Z I20260916 10:18:34.885231   143 consensus_control_block.h:289] consensus of epoch=3139 has reach, all vote yes.
2026-09-16T10:18:34.896443531Z I20260916 10:18:34.896322   149 epoch_txn_queue_manager.h:17] All threads reached barrier, epoch: 3140, count: 4
2026-09-16T10:18:34.906054680Z I20260916 10:18:34.905913   147 transaction_manager_impl.cpp:120] Total, abort: 6 commit: 903
2026-09-16T10:18:34.906069883Z I20260916 10:18:34.905937   147 transaction_manager_impl.cpp:62] Finish with epoch id=3139
2026-09-16T10:18:34.914149212Z I20260916 10:18:34.914009    44 block_storage_to_file.cpp:46] block store in file successfully, epoch=3139
2026-09-16T10:18:34.985614891Z I20260916 10:18:34.985481   143 consensus_control_block.h:289] consensus of epoch=3140 has reach, all vote yes.
2026-09-16T10:18:34.995534592Z I20260916 10:18:34.995427   152 epoch_txn_queue_manager.h:17] All threads reached barrier, epoch: 3141, count: 4
2026-09-16T10:18:35.004287746Z I20260916 10:18:35.004205   147 transaction_manager_impl.cpp:120] Total, abort: 6 commit: 905
2026-09-16T10:18:35.004293125Z I20260916 10:18:35.004223   147 transaction_manager_impl.cpp:62] Finish with epoch id=3140
2026-09-16T10:18:35.013651211Z I20260916 10:18:35.013586    44 block_storage_to_file.cpp:46] block store in file successfully, epoch=3140
2026-09-16T10:18:35.085987017Z I20260916 10:18:35.085898   143 consensus_control_block.h:289] consensus of epoch=3141 has reach, all vote yes.
2026-09-16T10:18:35.096505199Z I20260916 10:18:35.096285   152 epoch_txn_queue_manager.h:17] All threads reached barrier, epoch: 3142, count: 4
2026-09-16T10:18:35.109604283Z I20260916 10:18:35.109472   147 transaction_manager_impl.cpp:120] Total, abort: 7 commit: 881
2026-09-16T10:18:35.109617986Z I20260916 10:18:35.109489   147 transaction_manager_impl.cpp:62] Finish with epoch id=3141
2026-09-16T10:18:35.118252369Z I20260916 10:18:35.118161    44 block_storage_to_file.cpp:46] block store in file successfully, epoch=3141
2026-09-16T10:18:35.186205712Z I20260916 10:18:35.186136   143 consensus_control_block.h:289] consensus of epoch=3142 has reach, all vote yes.
2026-09-16T10:18:35.197206541Z I20260916 10:18:35.197054   151 epoch_txn_queue_manager.h:17] All threads reached barrier, epoch: 3143, count: 4
2026-09-16T10:18:35.210858225Z I20260916 10:18:35.210741   147 transaction_manager_impl.cpp:120] Total, abort: 4 commit: 908
2026-09-16T10:18:35.210875877Z I20260916 10:18:35.210765   147 transaction_manager_impl.cpp:62] Finish with epoch id=3142
2026-09-16T10:18:35.219133910Z I20260916 10:18:35.219050    44 block_storage_to_file.cpp:46] block store in file successfully, epoch=3142
2026-09-16T10:18:35.229803733Z [epoch] I20260916 10:18:35.229615     7 chain_client.cpp:83] Sending Request to epoch_server_group at qps=0 latency=0
2026-09-16T10:18:35.256431467Z I20260916 10:18:35.256319   150 epoch_txn_queue_manager.h:17] All threads reached barrier, epoch: 3144, count: 4
2026-09-16T10:18:35.258871343Z I20260916 10:18:35.258728   143 consensus_control_block.h:289] consensus of epoch=3143 has reach, all vote yes.
2026-09-16T10:18:35.270159779Z I20260916 10:18:35.270063   147 transaction_manager_impl.cpp:120] Total, abort: 6 commit: 924
2026-09-16T10:18:35.270174802Z I20260916 10:18:35.270078   147 transaction_manager_impl.cpp:62] Finish with epoch id=3143
2026-09-16T10:18:35.278841527Z I20260916 10:18:35.278731    44 block_storage_to_file.cpp:46] block store in file successfully, epoch=3143
2026-09-16T10:18:35.279538179Z I20260916 10:18:35.279448   143 consensus_control_block.h:289] consensus of epoch=3144 has reach, all vote yes.
2026-09-16T10:18:35.397231776Z I20260916 10:18:35.397168   150 epoch_txn_queue_manager.h:17] All threads reached barrier, epoch: 3145, count: 4
2026-09-16T10:18:35.404595666Z I20260916 10:18:35.404502   147 transaction_manager_impl.cpp:120] Total, abort: 5 commit: 499
2026-09-16T10:18:35.404608270Z I20260916 10:18:35.404515   147 transaction_manager_impl.cpp:62] Finish with epoch id=3144
2026-09-16T10:18:35.411154848Z I20260916 10:18:35.411072    44 block_storage_to_file.cpp:46] block store in file successfully, epoch=3144
2026-09-16T10:18:35.487162303Z I20260916 10:18:35.487080   143 consensus_control_block.h:289] consensus of epoch=3145 has reach, all vote yes.
2026-09-16T10:18:35.498710307Z I20260916 10:18:35.498607   150 epoch_txn_queue_manager.h:17] All threads reached barrier, epoch: 3146, count: 4
2026-09-16T10:18:35.513736705Z I20260916 10:18:35.513572   147 transaction_manager_impl.cpp:120] Total, abort: 9 commit: 1266
2026-09-16T10:18:35.513762406Z I20260916 10:18:35.513599   147 transaction_manager_impl.cpp:62] Finish with epoch id=3145
2026-09-16T10:18:35.526092980Z I20260916 10:18:35.525940    44 block_storage_to_file.cpp:46] block store in file successfully, epoch=3145
2026-09-16T10:18:35.587298908Z I20260916 10:18:35.587153   143 consensus_control_block.h:289] consensus of epoch=3146 has reach, all vote yes.
2026-09-16T10:18:35.597587688Z I20260916 10:18:35.597486   149 epoch_txn_queue_manager.h:17] All threads reached barrier, epoch: 3147, count: 4
2026-09-16T10:18:35.611010643Z I20260916 10:18:35.610932   147 transaction_manager_impl.cpp:120] Total, abort: 6 commit: 906
2026-09-16T10:18:35.611024867Z I20260916 10:18:35.610960   147 transaction_manager_impl.cpp:62] Finish with epoch id=3146
2026-09-16T10:18:35.619857202Z I20260916 10:18:35.619678    44 block_storage_to_file.cpp:46] block store in file successfully, epoch=3146
2026-09-16T10:18:35.687672266Z I20260916 10:18:35.687546   143 consensus_control_block.h:289] consensus of epoch=3147 has reach, all vote yes.
2026-09-16T10:18:35.698495333Z I20260916 10:18:35.698355   149 epoch_txn_queue_manager.h:17] All threads reached barrier, epoch: 3148, count: 4
2026-09-16T10:18:35.710595037Z I20260916 10:18:35.710500   147 transaction_manager_impl.cpp:120] Total, abort: 7 commit: 880
2026-09-16T10:18:35.710605251Z I20260916 10:18:35.710515   147 transaction_manager_impl.cpp:62] Finish with epoch id=3147
2026-09-16T10:18:35.719033831Z I20260916 10:18:35.718899    44 block_storage_to_file.cpp:46] block store in file successfully, epoch=3147
2026-09-16T10:18:35.751360841Z I20260916 10:18:35.751231   151 epoch_txn_queue_manager.h:17] All threads reached barrier, epoch: 3149, count: 4
2026-09-16T10:18:35.753354618Z I20260916 10:18:35.753257   143 consensus_control_block.h:289] consensus of epoch=3148 has reach, all vote yes.
2026-09-16T10:18:35.763921326Z I20260916 10:18:35.763815   147 transaction_manager_impl.cpp:120] Total, abort: 7 commit: 904
2026-09-16T10:18:35.763937935Z I20260916 10:18:35.763839   147 transaction_manager_impl.cpp:62] Finish with epoch id=3148
2026-09-16T10:18:35.772299756Z I20260916 10:18:35.772197    44 block_storage_to_file.cpp:46] block store in file successfully, epoch=3148
2026-09-16T10:18:35.788402394Z I20260916 10:18:35.788321   143 consensus_control_block.h:289] consensus of epoch=3149 has reach, all vote yes.
2026-09-16T10:18:35.892789380Z I20260916 10:18:35.892567   151 epoch_txn_queue_manager.h:17] All threads reached barrier, epoch: 3150, count: 4
2026-09-16T10:18:35.900415999Z I20260916 10:18:35.900331   147 transaction_manager_impl.cpp:120] Total, abort: 4 commit: 519
2026-09-16T10:18:35.900431283Z I20260916 10:18:35.900372   147 transaction_manager_impl.cpp:62] Finish with epoch id=3149
2026-09-16T10:18:35.908498078Z I20260916 10:18:35.908396    44 block_storage_to_file.cpp:46] block store in file successfully, epoch=3149
2026-09-16T10:18:35.988782418Z I20260916 10:18:35.988709   143 consensus_control_block.h:289] consensus of epoch=3150 has reach, all vote yes.
2026-09-16T10:18:35.993010633Z I20260916 10:18:35.992863   151 epoch_txn_queue_manager.h:17] All threads reached barrier, epoch: 3151, count: 4
2026-09-16T10:18:36.007572339Z I20260916 10:18:36.007472   147 transaction_manager_impl.cpp:120] Total, abort: 13 commit: 1258
2026-09-16T10:18:36.007583888Z I20260916 10:18:36.007488   147 transaction_manager_impl.cpp:62] Finish with epoch id=3150
2026-09-16T10:18:36.019378865Z I20260916 10:18:36.019294    44 block_storage_to_file.cpp:46] block store in file successfully, epoch=3150
2026-09-16T10:18:36.089051611Z I20260916 10:18:36.088974   143 consensus_control_block.h:289] consensus of epoch=3151 has reach, all vote yes.
2026-09-16T10:18:36.093912454Z I20260916 10:18:36.093807   151 epoch_txn_queue_manager.h:17] All threads reached barrier, epoch: 3152, count: 4
2026-09-16T10:18:36.106287514Z I20260916 10:18:36.106204   147 transaction_manager_impl.cpp:120] Total, abort: 7 commit: 909
2026-09-16T10:18:36.106297388Z I20260916 10:18:36.106217   147 transaction_manager_impl.cpp:62] Finish with epoch id=3151
2026-09-16T10:18:36.114813315Z I20260916 10:18:36.114708    44 block_storage_to_file.cpp:46] block store in file successfully, epoch=3151
2026-09-16T10:18:36.189257104Z I20260916 10:18:36.189167   143 consensus_control_block.h:289] consensus of epoch=3152 has reach, all vote yes.
2026-09-16T10:18:36.194661586Z I20260916 10:18:36.194545   152 epoch_txn_queue_manager.h:17] All threads reached barrier, epoch: 3153, count: 4
2026-09-16T10:18:36.208556654Z I20260916 10:18:36.208416   147 transaction_manager_impl.cpp:120] Total, abort: 4 commit: 905
2026-09-16T10:18:36.208567211Z I20260916 10:18:36.208438   147 transaction_manager_impl.cpp:62] Finish with epoch id=3152
2026-09-16T10:18:36.217282758Z I20260916 10:18:36.217208    44 block_storage_to_file.cpp:46] block store in file successfully, epoch=3152
2026-09-16T10:18:36.229869337Z [epoch] I20260916 10:18:36.229722     7 chain_client.cpp:83] Sending Request to epoch_server_group at qps=0 latency=0
2026-09-16T10:18:36.278002621Z I20260916 10:18:36.277866   143 consensus_control_block.h:289] consensus of epoch=3153 has reach, all vote yes.
2026-09-16T10:18:36.295180582Z I20260916 10:18:36.295099   152 epoch_txn_queue_manager.h:17] All threads reached barrier, epoch: 3154, count: 4
2026-09-16T10:18:36.305882152Z I20260916 10:18:36.305765   147 transaction_manager_impl.cpp:120] Total, abort: 5 commit: 905
2026-09-16T10:18:36.305893941Z I20260916 10:18:36.305783   147 transaction_manager_impl.cpp:62] Finish with epoch id=3153
2026-09-16T10:18:36.314815905Z I20260916 10:18:36.314735    44 block_storage_to_file.cpp:46] block store in file successfully, epoch=3153
2026-09-16T10:18:36.389666367Z I20260916 10:18:36.389561   143 consensus_control_block.h:289] consensus of epoch=3154 has reach, all vote yes.
2026-09-16T10:18:36.395983569Z I20260916 10:18:36.395920   152 epoch_txn_queue_manager.h:17] All threads reached barrier, epoch: 3155, count: 4
2026-09-16T10:18:36.408598498Z I20260916 10:18:36.407207   147 transaction_manager_impl.cpp:120] Total, abort: 5 commit: 903
2026-09-16T10:18:36.408623257Z I20260916 10:18:36.407224   147 transaction_manager_impl.cpp:62] Finish with epoch id=3154
2026-09-16T10:18:36.416170287Z I20260916 10:18:36.416082    44 block_storage_to_file.cpp:46] block store in file successfully, epoch=3154
2026-09-16T10:18:36.489868997Z I20260916 10:18:36.489744   143 consensus_control_block.h:289] consensus of epoch=3155 has reach, all vote yes.
2026-09-16T10:18:36.497142860Z I20260916 10:18:36.496902   152 epoch_txn_queue_manager.h:17] All threads reached barrier, epoch: 3156, count: 4
2026-09-16T10:18:36.511741672Z I20260916 10:18:36.511586   147 transaction_manager_impl.cpp:120] Total, abort: 6 commit: 908
2026-09-16T10:18:36.511763100Z I20260916 10:18:36.511611   147 transaction_manager_impl.cpp:62] Finish with epoch id=3155
2026-09-16T10:18:36.520020932Z I20260916 10:18:36.519939    44 block_storage_to_file.cpp:46] block store in file successfully, epoch=3155
2026-09-16T10:18:36.590079116Z I20260916 10:18:36.589960   143 consensus_control_block.h:289] consensus of epoch=3156 has reach, all vote yes.
2026-09-16T10:18:36.597875140Z I20260916 10:18:36.597716   152 epoch_txn_queue_manager.h:17] All threads reached barrier, epoch: 3157, count: 4
2026-09-16T10:18:36.609176110Z I20260916 10:18:36.608620   147 transaction_manager_impl.cpp:120] Total, abort: 8 commit: 900
2026-09-16T10:18:36.609195817Z I20260916 10:18:36.608640   147 transaction_manager_impl.cpp:62] Finish with epoch id=3156
2026-09-16T10:18:36.618273516Z I20260916 10:18:36.618188    44 block_storage_to_file.cpp:46] block store in file successfully, epoch=3156
2026-09-16T10:18:36.690372667Z I20260916 10:18:36.690243   143 consensus_control_block.h:289] consensus of epoch=3157 has reach, all vote yes.
2026-09-16T10:18:36.699185775Z I20260916 10:18:36.699061   152 epoch_txn_queue_manager.h:17] All threads reached barrier, epoch: 3158, count: 4
2026-09-16T10:18:36.709117864Z I20260916 10:18:36.709033   147 transaction_manager_impl.cpp:120] Total, abort: 8 commit: 904
2026-09-16T10:18:36.709131045Z I20260916 10:18:36.709052   147 transaction_manager_impl.cpp:62] Finish with epoch id=3157
2026-09-16T10:18:36.717311772Z I20260916 10:18:36.717181    44 block_storage_to_file.cpp:46] block store in file successfully, epoch=3157
2026-09-16T10:18:36.790704551Z I20260916 10:18:36.790601   143 consensus_control_block.h:289] consensus of epoch=3158 has reach, all vote yes.
2026-09-16T10:18:36.799740020Z I20260916 10:18:36.799647   152 epoch_txn_queue_manager.h:17] All threads reached barrier, epoch: 3159, count: 4
2026-09-16T10:18:36.809380031Z I20260916 10:18:36.809262   147 transaction_manager_impl.cpp:120] Total, abort: 6 commit: 906
2026-09-16T10:18:36.809398664Z I20260916 10:18:36.809285   147 transaction_manager_impl.cpp:62] Finish with epoch id=3158
2026-09-16T10:18:36.818295243Z I20260916 10:18:36.818190    44 block_storage_to_file.cpp:46] block store in file successfully, epoch=3158
2026-09-16T10:18:36.890959044Z I20260916 10:18:36.890834   143 consensus_control_block.h:289] consensus of epoch=3159 has reach, all vote yes.
2026-09-16T10:18:36.900388275Z I20260916 10:18:36.900301   152 epoch_txn_queue_manager.h:17] All threads reached barrier, epoch: 3160, count: 4
2026-09-16T10:18:36.909909830Z I20260916 10:18:36.909771   147 transaction_manager_impl.cpp:120] Total, abort: 5 commit: 904
2026-09-16T10:18:36.909924331Z I20260916 10:18:36.909814   147 transaction_manager_impl.cpp:62] Finish with epoch id=3159
2026-09-16T10:18:36.918287053Z I20260916 10:18:36.918177    44 block_storage_to_file.cpp:46] block store in file successfully, epoch=3159
2026-09-16T10:18:36.991274148Z I20260916 10:18:36.991190   143 consensus_control_block.h:289] consensus of epoch=3160 has reach, all vote yes.
2026-09-16T10:18:37.001405795Z I20260916 10:18:37.001271   152 epoch_txn_queue_manager.h:17] All threads reached barrier, epoch: 3161, count: 4
2026-09-16T10:18:37.013095990Z I20260916 10:18:37.013011   147 transaction_manager_impl.cpp:120] Total, abort: 8 commit: 904
2026-09-16T10:18:37.013112986Z I20260916 10:18:37.013031   147 transaction_manager_impl.cpp:62] Finish with epoch id=3160
2026-09-16T10:18:37.021337089Z I20260916 10:18:37.021215    44 block_storage_to_file.cpp:46] block store in file successfully, epoch=3160
2026-09-16T10:18:37.091625157Z I20260916 10:18:37.091521   143 consensus_control_block.h:289] consensus of epoch=3161 has reach, all vote yes.
2026-09-16T10:18:37.101860720Z I20260916 10:18:37.101766   152 epoch_txn_queue_manager.h:17] All threads reached barrier, epoch: 3162, count: 4
2026-09-16T10:18:37.111164017Z I20260916 10:18:37.111084   147 transaction_manager_impl.cpp:120] Total, abort: 6 commit: 902
2026-09-16T10:18:37.111175444Z I20260916 10:18:37.111104   147 transaction_manager_impl.cpp:62] Finish with epoch id=3161
2026-09-16T10:18:37.119347171Z I20260916 10:18:37.119251    44 block_storage_to_file.cpp:46] block store in file successfully, epoch=3161
2026-09-16T10:18:37.191896660Z I20260916 10:18:37.191735   143 consensus_control_block.h:289] consensus of epoch=3162 has reach, all vote yes.
2026-09-16T10:18:37.202607680Z I20260916 10:18:37.202538   152 epoch_txn_queue_manager.h:17] All threads reached barrier, epoch: 3163, count: 4
2026-09-16T10:18:37.219728207Z I20260916 10:18:37.219573   147 transaction_manager_impl.cpp:120] Total, abort: 7 commit: 903
2026-09-16T10:18:37.219775477Z I20260916 10:18:37.219622   147 transaction_manager_impl.cpp:62] Finish with epoch id=3162
2026-09-16T10:18:37.227865475Z I20260916 10:18:37.227736    44 block_storage_to_file.cpp:46] block store in file successfully, epoch=3162
2026-09-16T10:18:37.229954920Z [epoch] I20260916 10:18:37.229811     7 chain_client.cpp:83] Sending Request to epoch_server_group at qps=0 latency=0
2026-09-16T10:18:37.278189743Z I20260916 10:18:37.278049   143 consensus_control_block.h:289] consensus of epoch=3163 has reach, all vote yes.
2026-09-16T10:18:37.303407339Z I20260916 10:18:37.303263   152 epoch_txn_queue_manager.h:17] All threads reached barrier, epoch: 3164, count: 4
2026-09-16T10:18:37.315215758Z I20260916 10:18:37.315094   147 transaction_manager_impl.cpp:120] Total, abort: 4 commit: 910
2026-09-16T10:18:37.315226184Z I20260916 10:18:37.315107   147 transaction_manager_impl.cpp:62] Finish with epoch id=3163
2026-09-16T10:18:37.323718186Z I20260916 10:18:37.323604    44 block_storage_to_file.cpp:46] block store in file successfully, epoch=3163
2026-09-16T10:18:37.392486082Z I20260916 10:18:37.392359   143 consensus_control_block.h:289] consensus of epoch=3164 has reach, all vote yes.
2026-09-16T10:18:37.404295429Z I20260916 10:18:37.404201   152 epoch_txn_queue_manager.h:17] All threads reached barrier, epoch: 3165, count: 4
2026-09-16T10:18:37.414384090Z I20260916 10:18:37.414281   147 transaction_manager_impl.cpp:120] Total, abort: 10 commit: 898
2026-09-16T10:18:37.414397715Z I20260916 10:18:37.414296   147 transaction_manager_impl.cpp:62] Finish with epoch id=3164
2026-09-16T10:18:37.422080349Z I20260916 10:18:37.421954    44 block_storage_to_file.cpp:46] block store in file successfully, epoch=3164
2026-09-16T10:18:37.492739914Z I20260916 10:18:37.492599   143 consensus_control_block.h:289] consensus of epoch=3165 has reach, all vote yes.
2026-09-16T10:18:37.504183014Z I20260916 10:18:37.503986   151 epoch_txn_queue_manager.h:17] All threads reached barrier, epoch: 3166, count: 4
2026-09-16T10:18:37.516231883Z I20260916 10:18:37.516142   147 transaction_manager_impl.cpp:120] Total, abort: 7 commit: 905
2026-09-16T10:18:37.516243409Z I20260916 10:18:37.516160   147 transaction_manager_impl.cpp:62] Finish with epoch id=3165
2026-09-16T10:18:37.524292535Z I20260916 10:18:37.524169    44 block_storage_to_file.cpp:46] block store in file successfully, epoch=3165
2026-09-16T10:18:37.593076036Z I20260916 10:18:37.592909   143 consensus_control_block.h:289] consensus of epoch=3166 has reach, all vote yes.
2026-09-16T10:18:37.604558220Z I20260916 10:18:37.604465   151 epoch_txn_queue_manager.h:17] All threads reached barrier, epoch: 3167, count: 4
2026-09-16T10:18:37.616725474Z I20260916 10:18:37.615504   147 transaction_manager_impl.cpp:120] Total, abort: 7 commit: 882
2026-09-16T10:18:37.616743148Z I20260916 10:18:37.615541   147 transaction_manager_impl.cpp:62] Finish with epoch id=3166
2026-09-16T10:18:37.624276424Z I20260916 10:18:37.624148    44 block_storage_to_file.cpp:46] block store in file successfully, epoch=3166
2026-09-16T10:18:37.693335245Z I20260916 10:18:37.693218   143 consensus_control_block.h:289] consensus of epoch=3167 has reach, all vote yes.
2026-09-16T10:18:37.704140001Z I20260916 10:18:37.704067   150 epoch_txn_queue_manager.h:17] All threads reached barrier, epoch: 3168, count: 4
2026-09-16T10:18:37.715629340Z I20260916 10:18:37.715505   147 transaction_manager_impl.cpp:120] Total, abort: 7 commit: 902
2026-09-16T10:18:37.715645244Z I20260916 10:18:37.715538   147 transaction_manager_impl.cpp:62] Finish with epoch id=3167
2026-09-16T10:18:37.727583013Z I20260916 10:18:37.727463    44 block_storage_to_file.cpp:46] block store in file successfully, epoch=3167
2026-09-16T10:18:37.793628022Z I20260916 10:18:37.793506   143 consensus_control_block.h:289] consensus of epoch=3168 has reach, all vote yes.
2026-09-16T10:18:37.804960241Z I20260916 10:18:37.804826   150 epoch_txn_queue_manager.h:17] All threads reached barrier, epoch: 3169, count: 4
2026-09-16T10:18:37.819398878Z I20260916 10:18:37.817802   147 transaction_manager_impl.cpp:120] Total, abort: 6 commit: 882
2026-09-16T10:18:37.819470661Z I20260916 10:18:37.817822   147 transaction_manager_impl.cpp:62] Finish with epoch id=3168
2026-09-16T10:18:37.830014585Z I20260916 10:18:37.829921    44 block_storage_to_file.cpp:46] block store in file successfully, epoch=3168
2026-09-16T10:18:37.894059758Z I20260916 10:18:37.894001   143 consensus_control_block.h:289] consensus of epoch=3169 has reach, all vote yes.
2026-09-16T10:18:37.905668361Z I20260916 10:18:37.905566   150 epoch_txn_queue_manager.h:17] All threads reached barrier, epoch: 3170, count: 4
2026-09-16T10:18:37.917692056Z I20260916 10:18:37.917568   147 transaction_manager_impl.cpp:120] Total, abort: 7 commit: 901
2026-09-16T10:18:37.917710013Z I20260916 10:18:37.917583   147 transaction_manager_impl.cpp:62] Finish with epoch id=3169
2026-09-16T10:18:37.926274995Z I20260916 10:18:37.926126    44 block_storage_to_file.cpp:46] block store in file successfully, epoch=3169
2026-09-16T10:18:37.994357412Z I20260916 10:18:37.994302   143 consensus_control_block.h:289] consensus of epoch=3170 has reach, all vote yes.
2026-09-16T10:18:38.004617843Z I20260916 10:18:38.004513   149 epoch_txn_queue_manager.h:17] All threads reached barrier, epoch: 3171, count: 4
2026-09-16T10:18:38.014338040Z I20260916 10:18:38.014209   147 transaction_manager_impl.cpp:120] Total, abort: 7 commit: 905
2026-09-16T10:18:38.014355783Z I20260916 10:18:38.014235   147 transaction_manager_impl.cpp:62] Finish with epoch id=3170
2026-09-16T10:18:38.022714314Z I20260916 10:18:38.022606    44 block_storage_to_file.cpp:46] block store in file successfully, epoch=3170
2026-09-16T10:18:38.094663816Z I20260916 10:18:38.094573   143 consensus_control_block.h:289] consensus of epoch=3171 has reach, all vote yes.
2026-09-16T10:18:38.105254579Z I20260916 10:18:38.105062   149 epoch_txn_queue_manager.h:17] All threads reached barrier, epoch: 3172, count: 4
2026-09-16T10:18:38.116508278Z I20260916 10:18:38.116370   147 transaction_manager_impl.cpp:120] Total, abort: 4 commit: 884
2026-09-16T10:18:38.116525534Z I20260916 10:18:38.116389   147 transaction_manager_impl.cpp:62] Finish with epoch id=3171
2026-09-16T10:18:38.124931351Z I20260916 10:18:38.124771    44 block_storage_to_file.cpp:46] block store in file successfully, epoch=3171
2026-09-16T10:18:38.159605831Z I20260916 10:18:38.159456   152 epoch_txn_queue_manager.h:17] All threads reached barrier, epoch: 3173, count: 4
2026-09-16T10:18:38.161860352Z I20260916 10:18:38.161641   143 consensus_control_block.h:289] consensus of epoch=3172 has reach, all vote yes.
2026-09-16T10:18:38.170346126Z I20260916 10:18:38.170259   147 transaction_manager_impl.cpp:120] Total, abort: 7 commit: 904
2026-09-16T10:18:38.170357077Z I20260916 10:18:38.170274   147 transaction_manager_impl.cpp:62] Finish with epoch id=3172
2026-09-16T10:18:38.179054483Z I20260916 10:18:38.178958    44 block_storage_to_file.cpp:46] block store in file successfully, epoch=3172
2026-09-16T10:18:38.194913245Z I20260916 10:18:38.194801   143 consensus_control_block.h:289] consensus of epoch=3173 has reach, all vote yes.
2026-09-16T10:18:38.230061938Z [epoch] I20260916 10:18:38.229899     7 chain_client.cpp:83] Sending Request to epoch_server_group at qps=0 latency=0
2026-09-16T10:18:38.306625799Z I20260916 10:18:38.306509   149 epoch_txn_queue_manager.h:17] All threads reached barrier, epoch: 3174, count: 4
2026-09-16T10:18:38.314529673Z I20260916 10:18:38.314479   147 transaction_manager_impl.cpp:120] Total, abort: 5 commit: 521
2026-09-16T10:18:38.314534730Z I20260916 10:18:38.314493   147 transaction_manager_impl.cpp:62] Finish with epoch id=3173
2026-09-16T10:18:38.320403896Z I20260916 10:18:38.320288    44 block_storage_to_file.cpp:46] block store in file successfully, epoch=3173
2026-09-16T10:18:38.395398812Z I20260916 10:18:38.395321   143 consensus_control_block.h:289] consensus of epoch=3174 has reach, all vote yes.
2026-09-16T10:18:38.401223889Z I20260916 10:18:38.401154   152 epoch_txn_queue_manager.h:17] All threads reached barrier, epoch: 3175, count: 4
2026-09-16T10:18:38.414797113Z I20260916 10:18:38.414708   147 transaction_manager_impl.cpp:120] Total, abort: 7 commit: 1288
2026-09-16T10:18:38.414807192Z I20260916 10:18:38.414722   147 transaction_manager_impl.cpp:62] Finish with epoch id=3174
2026-09-16T10:18:38.426708912Z I20260916 10:18:38.426614    44 block_storage_to_file.cpp:46] block store in file successfully, epoch=3174
2026-09-16T10:18:38.459844857Z I20260916 10:18:38.459756   150 epoch_txn_queue_manager.h:17] All threads reached barrier, epoch: 3176, count: 4
2026-09-16T10:18:38.461810732Z I20260916 10:18:38.461725   143 consensus_control_block.h:289] consensus of epoch=3175 has reach, all vote yes.
2026-09-16T10:18:38.470367715Z I20260916 10:18:38.470259   147 transaction_manager_impl.cpp:120] Total, abort: 7 commit: 882
2026-09-16T10:18:38.470382372Z I20260916 10:18:38.470281   147 transaction_manager_impl.cpp:62] Finish with epoch id=3175
2026-09-16T10:18:38.478727272Z I20260916 10:18:38.478607    44 block_storage_to_file.cpp:46] block store in file successfully, epoch=3175
2026-09-16T10:18:38.495709169Z I20260916 10:18:38.495566   143 consensus_control_block.h:289] consensus of epoch=3176 has reach, all vote yes.
2026-09-16T10:18:38.603013346Z I20260916 10:18:38.602890   152 epoch_txn_queue_manager.h:17] All threads reached barrier, epoch: 3177, count: 4
2026-09-16T10:18:38.611568485Z I20260916 10:18:38.611374   147 transaction_manager_impl.cpp:120] Total, abort: 4 commit: 498
2026-09-16T10:18:38.613201117Z I20260916 10:18:38.611430   147 transaction_manager_impl.cpp:62] Finish with epoch id=3176
2026-09-16T10:18:38.616848044Z I20260916 10:18:38.616770    44 block_storage_to_file.cpp:46] block store in file successfully, epoch=3176
2026-09-16T10:18:38.696260036Z I20260916 10:18:38.696144   143 consensus_control_block.h:289] consensus of epoch=3177 has reach, all vote yes.
2026-09-16T10:18:38.703620131Z I20260916 10:18:38.703466   152 epoch_txn_queue_manager.h:17] All threads reached barrier, epoch: 3178, count: 4
2026-09-16T10:18:38.717911662Z I20260916 10:18:38.717809   147 transaction_manager_impl.cpp:120] Total, abort: 6 commit: 1312
2026-09-16T10:18:38.717925001Z I20260916 10:18:38.717829   147 transaction_manager_impl.cpp:62] Finish with epoch id=3177
2026-09-16T10:18:38.729678773Z I20260916 10:18:38.729586    44 block_storage_to_file.cpp:46] block store in file successfully, epoch=3177
2026-09-16T10:18:38.796508218Z I20260916 10:18:38.796372   143 consensus_control_block.h:289] consensus of epoch=3178 has reach, all vote yes.
2026-09-16T10:18:38.804343612Z I20260916 10:18:38.804194   152 epoch_txn_queue_manager.h:17] All threads reached barrier, epoch: 3179, count: 4
2026-09-16T10:18:38.816728275Z I20260916 10:18:38.816607   147 transaction_manager_impl.cpp:120] Total, abort: 4 commit: 908
2026-09-16T10:18:38.816741876Z I20260916 10:18:38.816634   147 transaction_manager_impl.cpp:62] Finish with epoch id=3178
2026-09-16T10:18:38.825515451Z I20260916 10:18:38.825389    44 block_storage_to_file.cpp:46] block store in file successfully, epoch=3178
2026-09-16T10:18:38.896784246Z I20260916 10:18:38.896647   143 consensus_control_block.h:289] consensus of epoch=3179 has reach, all vote yes.
2026-09-16T10:18:38.904852394Z I20260916 10:18:38.904752   152 epoch_txn_queue_manager.h:17] All threads reached barrier, epoch: 3180, count: 4
2026-09-16T10:18:38.915133885Z I20260916 10:18:38.915041   147 transaction_manager_impl.cpp:120] Total, abort: 5 commit: 905
2026-09-16T10:18:38.915143535Z I20260916 10:18:38.915063   147 transaction_manager_impl.cpp:62] Finish with epoch id=3179
2026-09-16T10:18:38.923955701Z I20260916 10:18:38.923880    44 block_storage_to_file.cpp:46] block store in file successfully, epoch=3179
2026-09-16T10:18:38.997145060Z I20260916 10:18:38.997007   143 consensus_control_block.h:289] consensus of epoch=3180 has reach, all vote yes.
2026-09-16T10:18:39.010493912Z I20260916 10:18:39.010298   151 epoch_txn_queue_manager.h:17] All threads reached barrier, epoch: 3181, count: 4
2026-09-16T10:18:39.040795183Z I20260916 10:18:39.039435   147 transaction_manager_impl.cpp:120] Total, abort: 5 commit: 907
2026-09-16T10:18:39.040816260Z I20260916 10:18:39.039455   147 transaction_manager_impl.cpp:62] Finish with epoch id=3180
2026-09-16T10:18:39.047929248Z I20260916 10:18:39.047827    44 block_storage_to_file.cpp:46] block store in file successfully, epoch=3180
2026-09-16T10:18:39.097519468Z I20260916 10:18:39.097409   143 consensus_control_block.h:289] consensus of epoch=3181 has reach, all vote yes.
2026-09-16T10:18:39.105309901Z I20260916 10:18:39.105136   151 epoch_txn_queue_manager.h:17] All threads reached barrier, epoch: 3182, count: 4
2026-09-16T10:18:39.117063663Z I20260916 10:18:39.116911   147 transaction_manager_impl.cpp:120] Total, abort: 4 commit: 845
2026-09-16T10:18:39.117090400Z I20260916 10:18:39.116940   147 transaction_manager_impl.cpp:62] Finish with epoch id=3181
2026-09-16T10:18:39.125444412Z I20260916 10:18:39.125304    44 block_storage_to_file.cpp:46] block store in file successfully, epoch=3181
2026-09-16T10:18:39.160402808Z I20260916 10:18:39.160286   149 epoch_txn_queue_manager.h:17] All threads reached barrier, epoch: 3183, count: 4
2026-09-16T10:18:39.162537728Z I20260916 10:18:39.162446   143 consensus_control_block.h:289] consensus of epoch=3182 has reach, all vote yes.
2026-09-16T10:18:39.172176824Z I20260916 10:18:39.172106   147 transaction_manager_impl.cpp:120] Total, abort: 7 commit: 931
2026-09-16T10:18:39.172181950Z I20260916 10:18:39.172118   147 transaction_manager_impl.cpp:62] Finish with epoch id=3182
2026-09-16T10:18:39.180659558Z I20260916 10:18:39.180506    44 block_storage_to_file.cpp:46] block store in file successfully, epoch=3182
2026-09-16T10:18:39.197805323Z I20260916 10:18:39.197669   143 consensus_control_block.h:289] consensus of epoch=3183 has reach, all vote yes.
2026-09-16T10:18:39.230144836Z [epoch] I20260916 10:18:39.230000     7 chain_client.cpp:83] Sending Request to epoch_server_group at qps=0 latency=0
2026-09-16T10:18:39.306919180Z I20260916 10:18:39.306675   151 epoch_txn_queue_manager.h:17] All threads reached barrier, epoch: 3184, count: 4
2026-09-16T10:18:39.315201687Z I20260916 10:18:39.315039   147 transaction_manager_impl.cpp:120] Total, abort: 5 commit: 520
2026-09-16T10:18:39.315272869Z I20260916 10:18:39.315053   147 transaction_manager_impl.cpp:62] Finish with epoch id=3183
2026-09-16T10:18:39.321414607Z I20260916 10:18:39.321313    44 block_storage_to_file.cpp:46] block store in file successfully, epoch=3183
2026-09-16T10:18:39.398420182Z I20260916 10:18:39.398339   143 consensus_control_block.h:289] consensus of epoch=3184 has reach, all vote yes.
2026-09-16T10:18:39.407352697Z I20260916 10:18:39.407279   151 epoch_txn_queue_manager.h:17] All threads reached barrier, epoch: 3185, count: 4
2026-09-16T10:18:39.421332499Z I20260916 10:18:39.421200   147 transaction_manager_impl.cpp:120] Total, abort: 6 commit: 1289
2026-09-16T10:18:39.421360613Z I20260916 10:18:39.421218   147 transaction_manager_impl.cpp:62] Finish with epoch id=3184
2026-09-16T10:18:39.433282575Z I20260916 10:18:39.433173    44 block_storage_to_file.cpp:46] block store in file successfully, epoch=3184
2026-09-16T10:18:39.498804435Z I20260916 10:18:39.498647   143 consensus_control_block.h:289] consensus of epoch=3185 has reach, all vote yes.
2026-09-16T10:18:39.508083161Z I20260916 10:18:39.508019   151 epoch_txn_queue_manager.h:17] All threads reached barrier, epoch: 3186, count: 4
2026-09-16T10:18:39.517332328Z I20260916 10:18:39.517200   147 transaction_manager_impl.cpp:120] Total, abort: 8 commit: 903
2026-09-16T10:18:39.517359462Z I20260916 10:18:39.517225   147 transaction_manager_impl.cpp:62] Finish with epoch id=3185
2026-09-16T10:18:39.526517590Z I20260916 10:18:39.526404    44 block_storage_to_file.cpp:46] block store in file successfully, epoch=3185
2026-09-16T10:18:39.598991704Z I20260916 10:18:39.598914   143 consensus_control_block.h:289] consensus of epoch=3186 has reach, all vote yes.
2026-09-16T10:18:39.608917519Z I20260916 10:18:39.608677   151 epoch_txn_queue_manager.h:17] All threads reached barrier, epoch: 3187, count: 4
2026-09-16T10:18:39.621727957Z I20260916 10:18:39.621615   147 transaction_manager_impl.cpp:120] Total, abort: 7 commit: 903
2026-09-16T10:18:39.621744146Z I20260916 10:18:39.621629   147 transaction_manager_impl.cpp:62] Finish with epoch id=3186
2026-09-16T10:18:39.630536708Z I20260916 10:18:39.630440    44 block_storage_to_file.cpp:46] block store in file successfully, epoch=3186
2026-09-16T10:18:39.699378473Z I20260916 10:18:39.699239   143 consensus_control_block.h:289] consensus of epoch=3187 has reach, all vote yes.
2026-09-16T10:18:39.709604164Z I20260916 10:18:39.709517   151 epoch_txn_queue_manager.h:17] All threads reached barrier, epoch: 3188, count: 4
2026-09-16T10:18:39.721373359Z I20260916 10:18:39.721293   147 transaction_manager_impl.cpp:120] Total, abort: 7 commit: 905
2026-09-16T10:18:39.721379354Z I20260916 10:18:39.721308   147 transaction_manager_impl.cpp:62] Finish with epoch id=3187
2026-09-16T10:18:39.730459349Z I20260916 10:18:39.730356    44 block_storage_to_file.cpp:46] block store in file successfully, epoch=3187
2026-09-16T10:18:39.799637681Z I20260916 10:18:39.799522   143 consensus_control_block.h:289] consensus of epoch=3188 has reach, all vote yes.
2026-09-16T10:18:39.810315496Z I20260916 10:18:39.810212   151 epoch_txn_queue_manager.h:17] All threads reached barrier, epoch: 3189, count: 4
2026-09-16T10:18:39.820474662Z I20260916 10:18:39.820354   147 transaction_manager_impl.cpp:120] Total, abort: 6 commit: 903
2026-09-16T10:18:39.820491766Z I20260916 10:18:39.820380   147 transaction_manager_impl.cpp:62] Finish with epoch id=3188
2026-09-16T10:18:39.829054788Z I20260916 10:18:39.828926    44 block_storage_to_file.cpp:46] block store in file successfully, epoch=3188
2026-09-16T10:18:39.899902717Z I20260916 10:18:39.899827   143 consensus_control_block.h:289] consensus of epoch=3189 has reach, all vote yes.
2026-09-16T10:18:39.910937392Z I20260916 10:18:39.910861   151 epoch_txn_queue_manager.h:17] All threads reached barrier, epoch: 3190, count: 4
2026-09-16T10:18:39.921270522Z I20260916 10:18:39.921154   147 transaction_manager_impl.cpp:120] Total, abort: 5 commit: 916
2026-09-16T10:18:39.921287833Z I20260916 10:18:39.921177   147 transaction_manager_impl.cpp:62] Finish with epoch id=3189
2026-09-16T10:18:39.929887633Z I20260916 10:18:39.929741    44 block_storage_to_file.cpp:46] block store in file successfully, epoch=3189
2026-09-16T10:18:40.000187542Z I20260916 10:18:40.000082   143 consensus_control_block.h:289] consensus of epoch=3190 has reach, all vote yes.
2026-09-16T10:18:40.011710449Z I20260916 10:18:40.011610   151 epoch_txn_queue_manager.h:17] All threads reached barrier, epoch: 3191, count: 4
2026-09-16T10:18:40.022628202Z I20260916 10:18:40.022507   147 transaction_manager_impl.cpp:120] Total, abort: 7 commit: 900
2026-09-16T10:18:40.022646282Z I20260916 10:18:40.022526   147 transaction_manager_impl.cpp:62] Finish with epoch id=3190
2026-09-16T10:18:40.031674175Z I20260916 10:18:40.031527    44 block_storage_to_file.cpp:46] block store in file successfully, epoch=3190
2026-09-16T10:18:40.100440031Z I20260916 10:18:40.100325   143 consensus_control_block.h:289] consensus of epoch=3191 has reach, all vote yes.
2026-09-16T10:18:40.109353013Z I20260916 10:18:40.109226   152 epoch_txn_queue_manager.h:17] All threads reached barrier, epoch: 3192, count: 4
2026-09-16T10:18:40.122568934Z I20260916 10:18:40.122359   147 transaction_manager_impl.cpp:120] Total, abort: 5 commit: 906
2026-09-16T10:18:40.122617959Z I20260916 10:18:40.122376   147 transaction_manager_impl.cpp:62] Finish with epoch id=3191
2026-09-16T10:18:40.131241250Z I20260916 10:18:40.131076    44 block_storage_to_file.cpp:46] block store in file successfully, epoch=3191
2026-09-16T10:18:40.200693432Z I20260916 10:18:40.200562   143 consensus_control_block.h:289] consensus of epoch=3192 has reach, all vote yes.
2026-09-16T10:18:40.209816557Z I20260916 10:18:40.209749   152 epoch_txn_queue_manager.h:17] All threads reached barrier, epoch: 3193, count: 4
2026-09-16T10:18:40.221920980Z I20260916 10:18:40.221758   147 transaction_manager_impl.cpp:120] Total, abort: 5 commit: 881
2026-09-16T10:18:40.221936314Z I20260916 10:18:40.221776   147 transaction_manager_impl.cpp:62] Finish with epoch id=3192
2026-09-16T10:18:40.230262444Z [epoch] I20260916 10:18:40.230106     7 chain_client.cpp:83] Sending Request to epoch_server_group at qps=0 latency=0
2026-09-16T10:18:40.230523632Z I20260916 10:18:40.230419    44 block_storage_to_file.cpp:46] block store in file successfully, epoch=3192
2026-09-16T10:18:40.278379183Z I20260916 10:18:40.278278   143 consensus_control_block.h:289] consensus of epoch=3193 has reach, all vote yes.
2026-09-16T10:18:40.310585529Z I20260916 10:18:40.310495   152 epoch_txn_queue_manager.h:17] All threads reached barrier, epoch: 3194, count: 4
2026-09-16T10:18:40.322684231Z I20260916 10:18:40.322594   147 transaction_manager_impl.cpp:120] Total, abort: 4 commit: 909
2026-09-16T10:18:40.322695075Z I20260916 10:18:40.322607   147 transaction_manager_impl.cpp:62] Finish with epoch id=3193
2026-09-16T10:18:40.332533216Z I20260916 10:18:40.332435    44 block_storage_to_file.cpp:46] block store in file successfully, epoch=3193
2026-09-16T10:18:40.401199392Z I20260916 10:18:40.401073   143 consensus_control_block.h:289] consensus of epoch=3194 has reach, all vote yes.
2026-09-16T10:18:40.411525681Z I20260916 10:18:40.411240   152 epoch_txn_queue_manager.h:17] All threads reached barrier, epoch: 3195, count: 4
2026-09-16T10:18:40.421593894Z I20260916 10:18:40.420557   147 transaction_manager_impl.cpp:120] Total, abort: 7 commit: 902
2026-09-16T10:18:40.421615018Z I20260916 10:18:40.420583   147 transaction_manager_impl.cpp:62] Finish with epoch id=3194
2026-09-16T10:18:40.429184839Z I20260916 10:18:40.429088    44 block_storage_to_file.cpp:46] block store in file successfully, epoch=3194
2026-09-16T10:18:40.501565025Z I20260916 10:18:40.501444   143 consensus_control_block.h:289] consensus of epoch=3195 has reach, all vote yes.
2026-09-16T10:18:40.512105626Z I20260916 10:18:40.511997   152 epoch_txn_queue_manager.h:17] All threads reached barrier, epoch: 3196, count: 4
2026-09-16T10:18:40.522582387Z I20260916 10:18:40.522406   147 transaction_manager_impl.cpp:120] Total, abort: 5 commit: 905
2026-09-16T10:18:40.522604911Z I20260916 10:18:40.522469   147 transaction_manager_impl.cpp:62] Finish with epoch id=3195
2026-09-16T10:18:40.530705349Z I20260916 10:18:40.530548    44 block_storage_to_file.cpp:46] block store in file successfully, epoch=3195
2026-09-16T10:18:40.602046966Z I20260916 10:18:40.601897   143 consensus_control_block.h:289] consensus of epoch=3196 has reach, all vote yes.
2026-09-16T10:18:40.612711712Z I20260916 10:18:40.612569   152 epoch_txn_queue_manager.h:17] All threads reached barrier, epoch: 3197, count: 4
2026-09-16T10:18:40.622865048Z I20260916 10:18:40.622778   147 transaction_manager_impl.cpp:120] Total, abort: 7 commit: 904
2026-09-16T10:18:40.622874648Z I20260916 10:18:40.622794   147 transaction_manager_impl.cpp:62] Finish with epoch id=3196
2026-09-16T10:18:40.630879026Z I20260916 10:18:40.630722    44 block_storage_to_file.cpp:46] block store in file successfully, epoch=3196
2026-09-16T10:18:40.702398278Z I20260916 10:18:40.702225   143 consensus_control_block.h:289] consensus of epoch=3197 has reach, all vote yes.
2026-09-16T10:18:40.713708761Z I20260916 10:18:40.713562   152 epoch_txn_queue_manager.h:17] All threads reached barrier, epoch: 3198, count: 4
2026-09-16T10:18:40.725204798Z I20260916 10:18:40.725100   147 transaction_manager_impl.cpp:120] Total, abort: 7 commit: 905
2026-09-16T10:18:40.725225875Z I20260916 10:18:40.725114   147 transaction_manager_impl.cpp:62] Finish with epoch id=3197
2026-09-16T10:18:40.733599134Z I20260916 10:18:40.733508    44 block_storage_to_file.cpp:46] block store in file successfully, epoch=3197
2026-09-16T10:18:40.802671457Z I20260916 10:18:40.802556   143 consensus_control_block.h:289] consensus of epoch=3198 has reach, all vote yes.
2026-09-16T10:18:40.812372996Z I20260916 10:18:40.812305   150 epoch_txn_queue_manager.h:17] All threads reached barrier, epoch: 3199, count: 4
2026-09-16T10:18:40.822716026Z I20260916 10:18:40.822566   147 transaction_manager_impl.cpp:120] Total, abort: 6 commit: 903
2026-09-16T10:18:40.822730350Z I20260916 10:18:40.822603   147 transaction_manager_impl.cpp:62] Finish with epoch id=3198
2026-09-16T10:18:40.831123617Z I20260916 10:18:40.831034    44 block_storage_to_file.cpp:46] block store in file successfully, epoch=3198
2026-09-16T10:18:40.902826746Z I20260916 10:18:40.902760   143 consensus_control_block.h:289] consensus of epoch=3199 has reach, all vote yes.
2026-09-16T10:18:40.912960631Z I20260916 10:18:40.912843   150 epoch_txn_queue_manager.h:17] All threads reached barrier, epoch: 3200, count: 4
2026-09-16T10:18:40.924702502Z I20260916 10:18:40.924609   147 transaction_manager_impl.cpp:120] Total, abort: 7 commit: 882
2026-09-16T10:18:40.924717633Z I20260916 10:18:40.924656   147 transaction_manager_impl.cpp:62] Finish with epoch id=3199
2026-09-16T10:18:40.933170514Z I20260916 10:18:40.933075    44 block_storage_to_file.cpp:46] block store in file successfully, epoch=3199
2026-09-16T10:18:41.003258445Z I20260916 10:18:41.003142   143 consensus_control_block.h:289] consensus of epoch=3200 has reach, all vote yes.
2026-09-16T10:18:41.013673394Z I20260916 10:18:41.013564   150 epoch_txn_queue_manager.h:17] All threads reached barrier, epoch: 3201, count: 4
2026-09-16T10:18:41.023359678Z I20260916 10:18:41.023252   147 transaction_manager_impl.cpp:120] Total, abort: 4 commit: 908
2026-09-16T10:18:41.023373980Z I20260916 10:18:41.023305   147 transaction_manager_impl.cpp:62] Finish with epoch id=3200
2026-09-16T10:18:41.031482493Z I20260916 10:18:41.031354    44 block_storage_to_file.cpp:46] block store in file successfully, epoch=3200
2026-09-16T10:18:41.103549054Z I20260916 10:18:41.103470   143 consensus_control_block.h:289] consensus of epoch=3201 has reach, all vote yes.
2026-09-16T10:18:41.114967775Z I20260916 10:18:41.114740   150 epoch_txn_queue_manager.h:17] All threads reached barrier, epoch: 3202, count: 4
2026-09-16T10:18:41.126535718Z I20260916 10:18:41.126401   147 transaction_manager_impl.cpp:120] Total, abort: 4 commit: 905
2026-09-16T10:18:41.126557372Z I20260916 10:18:41.126420   147 transaction_manager_impl.cpp:62] Finish with epoch id=3201
2026-09-16T10:18:41.135353374Z I20260916 10:18:41.135211    44 block_storage_to_file.cpp:46] block store in file successfully, epoch=3201
2026-09-16T10:18:41.203748680Z I20260916 10:18:41.203630   143 consensus_control_block.h:289] consensus of epoch=3202 has reach, all vote yes.
2026-09-16T10:18:41.214980957Z I20260916 10:18:41.214897   150 epoch_txn_queue_manager.h:17] All threads reached barrier, epoch: 3203, count: 4
2026-09-16T10:18:41.224554216Z I20260916 10:18:41.224442   147 transaction_manager_impl.cpp:120] Total, abort: 8 commit: 904
2026-09-16T10:18:41.224566404Z I20260916 10:18:41.224457   147 transaction_manager_impl.cpp:62] Finish with epoch id=3202
2026-09-16T10:18:41.230426437Z [epoch] I20260916 10:18:41.230208     7 chain_client.cpp:83] Sending Request to epoch_server_group at qps=0 latency=0
2026-09-16T10:18:41.234748508Z I20260916 10:18:41.234671    44 block_storage_to_file.cpp:46] block store in file successfully, epoch=3202
2026-09-16T10:18:41.278604094Z I20260916 10:18:41.278479   143 consensus_control_block.h:289] consensus of epoch=3203 has reach, all vote yes.
2026-09-16T10:18:41.310890830Z I20260916 10:18:41.310734   151 epoch_txn_queue_manager.h:17] All threads reached barrier, epoch: 3204, count: 4
2026-09-16T10:18:41.322693484Z I20260916 10:18:41.322616   147 transaction_manager_impl.cpp:120] Total, abort: 5 commit: 880
2026-09-16T10:18:41.322705791Z I20260916 10:18:41.322630   147 transaction_manager_impl.cpp:62] Finish with epoch id=3203
2026-09-16T10:18:41.330606191Z I20260916 10:18:41.330475    44 block_storage_to_file.cpp:46] block store in file successfully, epoch=3203
2026-09-16T10:18:41.404223476Z I20260916 10:18:41.404075   143 consensus_control_block.h:289] consensus of epoch=3204 has reach, all vote yes.
2026-09-16T10:18:41.411448402Z I20260916 10:18:41.411351   151 epoch_txn_queue_manager.h:17] All threads reached barrier, epoch: 3205, count: 4
2026-09-16T10:18:41.423866925Z I20260916 10:18:41.423743   147 transaction_manager_impl.cpp:120] Total, abort: 5 commit: 882
2026-09-16T10:18:41.423881575Z I20260916 10:18:41.423768   147 transaction_manager_impl.cpp:62] Finish with epoch id=3204
2026-09-16T10:18:41.432151215Z I20260916 10:18:41.432020    44 block_storage_to_file.cpp:46] block store in file successfully, epoch=3204
2026-09-16T10:18:41.504483652Z I20260916 10:18:41.504354   143 consensus_control_block.h:289] consensus of epoch=3205 has reach, all vote yes.
2026-09-16T10:18:41.512182915Z I20260916 10:18:41.512108   151 epoch_txn_queue_manager.h:17] All threads reached barrier, epoch: 3206, count: 4
2026-09-16T10:18:41.521985721Z I20260916 10:18:41.521801   147 transaction_manager_impl.cpp:120] Total, abort: 8 commit: 904
2026-09-16T10:18:41.522002362Z I20260916 10:18:41.521827   147 transaction_manager_impl.cpp:62] Finish with epoch id=3205
2026-09-16T10:18:41.530929558Z I20260916 10:18:41.530827    44 block_storage_to_file.cpp:46] block store in file successfully, epoch=3205
2026-09-16T10:18:41.604767762Z I20260916 10:18:41.604696   143 consensus_control_block.h:289] consensus of epoch=3206 has reach, all vote yes.
2026-09-16T10:18:41.613088807Z I20260916 10:18:41.612938   151 epoch_txn_queue_manager.h:17] All threads reached barrier, epoch: 3207, count: 4
2026-09-16T10:18:41.625782319Z I20260916 10:18:41.625658   147 transaction_manager_impl.cpp:120] Total, abort: 9 commit: 900
2026-09-16T10:18:41.625796433Z I20260916 10:18:41.625679   147 transaction_manager_impl.cpp:62] Finish with epoch id=3206
2026-09-16T10:18:41.634936833Z I20260916 10:18:41.634842    44 block_storage_to_file.cpp:46] block store in file successfully, epoch=3206
2026-09-16T10:18:41.705017964Z I20260916 10:18:41.704877   143 consensus_control_block.h:289] consensus of epoch=3207 has reach, all vote yes.
2026-09-16T10:18:41.713571223Z I20260916 10:18:41.713461   151 epoch_txn_queue_manager.h:17] All threads reached barrier, epoch: 3208, count: 4
2026-09-16T10:18:41.724808526Z I20260916 10:18:41.724686   147 transaction_manager_impl.cpp:120] Total, abort: 7 commit: 901
2026-09-16T10:18:41.724821098Z I20260916 10:18:41.724706   147 transaction_manager_impl.cpp:62] Finish with epoch id=3207
2026-09-16T10:18:41.733500341Z I20260916 10:18:41.733407    44 block_storage_to_file.cpp:46] block store in file successfully, epoch=3207
2026-09-16T10:18:41.805456448Z I20260916 10:18:41.805284   143 consensus_control_block.h:289] consensus of epoch=3208 has reach, all vote yes.
2026-09-16T10:18:41.814734235Z I20260916 10:18:41.814586   151 epoch_txn_queue_manager.h:17] All threads reached barrier, epoch: 3209, count: 4
2026-09-16T10:18:41.827353090Z I20260916 10:18:41.827208   147 transaction_manager_impl.cpp:120] Total, abort: 7 commit: 908
2026-09-16T10:18:41.827378212Z I20260916 10:18:41.827229   147 transaction_manager_impl.cpp:62] Finish with epoch id=3208
2026-09-16T10:18:41.836549134Z I20260916 10:18:41.836450    44 block_storage_to_file.cpp:46] block store in file successfully, epoch=3208
2026-09-16T10:18:41.905672449Z I20260916 10:18:41.905614   143 consensus_control_block.h:289] consensus of epoch=3209 has reach, all vote yes.
2026-09-16T10:18:41.915001287Z I20260916 10:18:41.914937   151 epoch_txn_queue_manager.h:17] All threads reached barrier, epoch: 3210, count: 4
2026-09-16T10:18:41.927140944Z I20260916 10:18:41.925756   147 transaction_manager_impl.cpp:120] Total, abort: 7 commit: 904
2026-09-16T10:18:41.927170761Z I20260916 10:18:41.925771   147 transaction_manager_impl.cpp:62] Finish with epoch id=3209
2026-09-16T10:18:41.934587407Z I20260916 10:18:41.934504    44 block_storage_to_file.cpp:46] block store in file successfully, epoch=3209
2026-09-16T10:18:42.005996401Z I20260916 10:18:42.005860   143 consensus_control_block.h:289] consensus of epoch=3210 has reach, all vote yes.
2026-09-16T10:18:42.015534745Z I20260916 10:18:42.015430   151 epoch_txn_queue_manager.h:17] All threads reached barrier, epoch: 3211, count: 4
2026-09-16T10:18:42.028290085Z I20260916 10:18:42.028173   147 transaction_manager_impl.cpp:120] Total, abort: 6 commit: 912
2026-09-16T10:18:42.028304737Z I20260916 10:18:42.028201   147 transaction_manager_impl.cpp:62] Finish with epoch id=3210
2026-09-16T10:18:42.036868893Z I20260916 10:18:42.036777    44 block_storage_to_file.cpp:46] block store in file successfully, epoch=3210
2026-09-16T10:18:42.106201011Z I20260916 10:18:42.106081   143 consensus_control_block.h:289] consensus of epoch=3211 has reach, all vote yes.
2026-09-16T10:18:42.116251734Z I20260916 10:18:42.116190   151 epoch_txn_queue_manager.h:17] All threads reached barrier, epoch: 3212, count: 4
2026-09-16T10:18:42.125939990Z I20260916 10:18:42.125799   147 transaction_manager_impl.cpp:120] Total, abort: 7 commit: 902
2026-09-16T10:18:42.125960964Z I20260916 10:18:42.125820   147 transaction_manager_impl.cpp:62] Finish with epoch id=3211
2026-09-16T10:18:42.134430803Z I20260916 10:18:42.134289    44 block_storage_to_file.cpp:46] block store in file successfully, epoch=3211
2026-09-16T10:18:42.206456455Z I20260916 10:18:42.206382   143 consensus_control_block.h:289] consensus of epoch=3212 has reach, all vote yes.
2026-09-16T10:18:42.217101517Z I20260916 10:18:42.217000   151 epoch_txn_queue_manager.h:17] All threads reached barrier, epoch: 3213, count: 4
2026-09-16T10:18:42.226574235Z I20260916 10:18:42.226475   147 transaction_manager_impl.cpp:120] Total, abort: 8 commit: 902
2026-09-16T10:18:42.226589957Z I20260916 10:18:42.226496   147 transaction_manager_impl.cpp:62] Finish with epoch id=3212
2026-09-16T10:18:42.230549290Z [epoch] I20260916 10:18:42.230326     7 chain_client.cpp:83] Sending Request to epoch_server_group at qps=0 latency=0
2026-09-16T10:18:42.235179437Z I20260916 10:18:42.235090    44 block_storage_to_file.cpp:46] block store in file successfully, epoch=3212
2026-09-16T10:18:42.278567793Z I20260916 10:18:42.278455   143 consensus_control_block.h:289] consensus of epoch=3213 has reach, all vote yes.
2026-09-16T10:18:42.317984540Z I20260916 10:18:42.317724   151 epoch_txn_queue_manager.h:17] All threads reached barrier, epoch: 3214, count: 4
2026-09-16T10:18:42.330814495Z I20260916 10:18:42.330704   147 transaction_manager_impl.cpp:120] Total, abort: 9 commit: 902
2026-09-16T10:18:42.330824651Z I20260916 10:18:42.330719   147 transaction_manager_impl.cpp:62] Finish with epoch id=3213
2026-09-16T10:18:42.339294583Z I20260916 10:18:42.339196    44 block_storage_to_file.cpp:46] block store in file successfully, epoch=3213
2026-09-16T10:18:42.406994524Z I20260916 10:18:42.406860   143 consensus_control_block.h:289] consensus of epoch=3214 has reach, all vote yes.
2026-09-16T10:18:42.416752835Z I20260916 10:18:42.416637   150 epoch_txn_queue_manager.h:17] All threads reached barrier, epoch: 3215, count: 4
2026-09-16T10:18:42.427247085Z I20260916 10:18:42.427129   147 transaction_manager_impl.cpp:120] Total, abort: 6 commit: 907
2026-09-16T10:18:42.427259932Z I20260916 10:18:42.427141   147 transaction_manager_impl.cpp:62] Finish with epoch id=3214
2026-09-16T10:18:42.436198641Z I20260916 10:18:42.436106    44 block_storage_to_file.cpp:46] block store in file successfully, epoch=3214
2026-09-16T10:18:42.507282977Z I20260916 10:18:42.507170   143 consensus_control_block.h:289] consensus of epoch=3215 has reach, all vote yes.
2026-09-16T10:18:42.517425818Z I20260916 10:18:42.517333   150 epoch_txn_queue_manager.h:17] All threads reached barrier, epoch: 3216, count: 4
2026-09-16T10:18:42.529233814Z I20260916 10:18:42.529095   147 transaction_manager_impl.cpp:120] Total, abort: 4 commit: 883
2026-09-16T10:18:42.529250538Z I20260916 10:18:42.529121   147 transaction_manager_impl.cpp:62] Finish with epoch id=3215
2026-09-16T10:18:42.537472187Z I20260916 10:18:42.537348    44 block_storage_to_file.cpp:46] block store in file successfully, epoch=3215
2026-09-16T10:18:42.607548271Z I20260916 10:18:42.607429   143 consensus_control_block.h:289] consensus of epoch=3216 has reach, all vote yes.
2026-09-16T10:18:42.618069266Z I20260916 10:18:42.617980   150 epoch_txn_queue_manager.h:17] All threads reached barrier, epoch: 3217, count: 4
2026-09-16T10:18:42.627727457Z I20260916 10:18:42.627590   147 transaction_manager_impl.cpp:120] Total, abort: 9 commit: 902
2026-09-16T10:18:42.627745564Z I20260916 10:18:42.627626   147 transaction_manager_impl.cpp:62] Finish with epoch id=3216
2026-09-16T10:18:42.636646406Z I20260916 10:18:42.636549    44 block_storage_to_file.cpp:46] block store in file successfully, epoch=3216
2026-09-16T10:18:42.707886971Z I20260916 10:18:42.707707   143 consensus_control_block.h:289] consensus of epoch=3217 has reach, all vote yes.
2026-09-16T10:18:42.718912083Z I20260916 10:18:42.718751   150 epoch_txn_queue_manager.h:17] All threads reached barrier, epoch: 3218, count: 4
2026-09-16T10:18:42.734110421Z I20260916 10:18:42.733992   147 transaction_manager_impl.cpp:120] Total, abort: 5 commit: 905
2026-09-16T10:18:42.734126701Z I20260916 10:18:42.734011   147 transaction_manager_impl.cpp:62] Finish with epoch id=3217
2026-09-16T10:18:42.742295612Z I20260916 10:18:42.742213    44 block_storage_to_file.cpp:46] block store in file successfully, epoch=3217
2026-09-16T10:18:42.808061847Z I20260916 10:18:42.807963   143 consensus_control_block.h:289] consensus of epoch=3218 has reach, all vote yes.
2026-09-16T10:18:42.819566592Z I20260916 10:18:42.819414   150 epoch_txn_queue_manager.h:17] All threads reached barrier, epoch: 3219, count: 4
2026-09-16T10:18:42.830629960Z I20260916 10:18:42.830520   147 transaction_manager_impl.cpp:120] Total, abort: 5 commit: 904
2026-09-16T10:18:42.830642871Z I20260916 10:18:42.830534   147 transaction_manager_impl.cpp:62] Finish with epoch id=3218
2026-09-16T10:18:42.839594269Z I20260916 10:18:42.839465    44 block_storage_to_file.cpp:46] block store in file successfully, epoch=3218
2026-09-16T10:18:42.908414292Z I20260916 10:18:42.908308   143 consensus_control_block.h:289] consensus of epoch=3219 has reach, all vote yes.
2026-09-16T10:18:42.919108022Z I20260916 10:18:42.918969   152 epoch_txn_queue_manager.h:17] All threads reached barrier, epoch: 3220, count: 4
2026-09-16T10:18:42.929732216Z I20260916 10:18:42.929620   147 transaction_manager_impl.cpp:120] Total, abort: 4 commit: 906
2026-09-16T10:18:42.929743954Z I20260916 10:18:42.929644   147 transaction_manager_impl.cpp:62] Finish with epoch id=3219
2026-09-16T10:18:42.938473787Z I20260916 10:18:42.938349    44 block_storage_to_file.cpp:46] block store in file successfully, epoch=3219
2026-09-16T10:18:43.008933180Z I20260916 10:18:43.008811   143 consensus_control_block.h:289] consensus of epoch=3220 has reach, all vote yes.
2026-09-16T10:18:43.020186466Z I20260916 10:18:43.020048   152 epoch_txn_queue_manager.h:17] All threads reached barrier, epoch: 3221, count: 4
2026-09-16T10:18:43.029033207Z I20260916 10:18:43.028898   147 transaction_manager_impl.cpp:120] Total, abort: 3 commit: 887
2026-09-16T10:18:43.029045784Z I20260916 10:18:43.028914   147 transaction_manager_impl.cpp:62] Finish with epoch id=3220
2026-09-16T10:18:43.037544189Z I20260916 10:18:43.037405    44 block_storage_to_file.cpp:46] block store in file successfully, epoch=3220
2026-09-16T10:18:43.109217621Z I20260916 10:18:43.109130   143 consensus_control_block.h:289] consensus of epoch=3221 has reach, all vote yes.
2026-09-16T10:18:43.116998915Z I20260916 10:18:43.116915   151 epoch_txn_queue_manager.h:17] All threads reached barrier, epoch: 3222, count: 4
2026-09-16T10:18:43.133292919Z I20260916 10:18:43.133158   147 transaction_manager_impl.cpp:120] Total, abort: 5 commit: 870
2026-09-16T10:18:43.133317545Z I20260916 10:18:43.133177   147 transaction_manager_impl.cpp:62] Finish with epoch id=3221
2026-09-16T10:18:43.141354738Z I20260916 10:18:43.141270    44 block_storage_to_file.cpp:46] block store in file successfully, epoch=3221
2026-09-16T10:18:43.209430630Z I20260916 10:18:43.209293   143 consensus_control_block.h:289] consensus of epoch=3222 has reach, all vote yes.
2026-09-16T10:18:43.217591969Z I20260916 10:18:43.217522   151 epoch_txn_queue_manager.h:17] All threads reached barrier, epoch: 3223, count: 4
2026-09-16T10:18:43.229673922Z I20260916 10:18:43.228101   147 transaction_manager_impl.cpp:120] Total, abort: 6 commit: 909
2026-09-16T10:18:43.229722530Z I20260916 10:18:43.228135   147 transaction_manager_impl.cpp:62] Finish with epoch id=3222
2026-09-16T10:18:43.230583435Z [epoch] I20260916 10:18:43.230443     7 chain_client.cpp:83] Sending Request to epoch_server_group at qps=0 latency=0
2026-09-16T10:18:43.236540443Z I20260916 10:18:43.236464    44 block_storage_to_file.cpp:46] block store in file successfully, epoch=3222
2026-09-16T10:18:43.279654215Z I20260916 10:18:43.279577   143 consensus_control_block.h:289] consensus of epoch=3223 has reach, all vote yes.
2026-09-16T10:18:43.318539028Z I20260916 10:18:43.318445   151 epoch_txn_queue_manager.h:17] All threads reached barrier, epoch: 3224, count: 4
2026-09-16T10:18:43.331588964Z I20260916 10:18:43.331494   147 transaction_manager_impl.cpp:120] Total, abort: 6 commit: 907
2026-09-16T10:18:43.331599797Z I20260916 10:18:43.331508   147 transaction_manager_impl.cpp:62] Finish with epoch id=3223
2026-09-16T10:18:43.340235202Z I20260916 10:18:43.340106    44 block_storage_to_file.cpp:46] block store in file successfully, epoch=3223
2026-09-16T10:18:43.409961428Z I20260916 10:18:43.409837   143 consensus_control_block.h:289] consensus of epoch=3224 has reach, all vote yes.
2026-09-16T10:18:43.419282610Z I20260916 10:18:43.419183   151 epoch_txn_queue_manager.h:17] All threads reached barrier, epoch: 3225, count: 4
2026-09-16T10:18:43.429315661Z I20260916 10:18:43.429214   147 transaction_manager_impl.cpp:120] Total, abort: 10 commit: 902
2026-09-16T10:18:43.429330388Z I20260916 10:18:43.429243   147 transaction_manager_impl.cpp:62] Finish with epoch id=3224
2026-09-16T10:18:43.437862460Z I20260916 10:18:43.437774    44 block_storage_to_file.cpp:46] block store in file successfully, epoch=3224
2026-09-16T10:18:43.510248857Z I20260916 10:18:43.510128   143 consensus_control_block.h:289] consensus of epoch=3225 has reach, all vote yes.
2026-09-16T10:18:43.520155813Z I20260916 10:18:43.520040   151 epoch_txn_queue_manager.h:17] All threads reached barrier, epoch: 3226, count: 4
2026-09-16T10:18:43.533133795Z I20260916 10:18:43.533017   147 transaction_manager_impl.cpp:120] Total, abort: 7 commit: 911
2026-09-16T10:18:43.533149867Z I20260916 10:18:43.533054   147 transaction_manager_impl.cpp:62] Finish with epoch id=3225
2026-09-16T10:18:43.541896855Z I20260916 10:18:43.541814    44 block_storage_to_file.cpp:46] block store in file successfully, epoch=3225
2026-09-16T10:18:43.610731862Z I20260916 10:18:43.610605   143 consensus_control_block.h:289] consensus of epoch=3226 has reach, all vote yes.
2026-09-16T10:18:43.620751320Z I20260916 10:18:43.620604   151 epoch_txn_queue_manager.h:17] All threads reached barrier, epoch: 3227, count: 4
2026-09-16T10:18:43.634853448Z I20260916 10:18:43.634742   147 transaction_manager_impl.cpp:120] Total, abort: 6 commit: 904
2026-09-16T10:18:43.634868909Z I20260916 10:18:43.634763   147 transaction_manager_impl.cpp:62] Finish with epoch id=3226
2026-09-16T10:18:43.644216358Z I20260916 10:18:43.643921    44 block_storage_to_file.cpp:46] block store in file successfully, epoch=3226
2026-09-16T10:18:43.710998517Z I20260916 10:18:43.710880   143 consensus_control_block.h:289] consensus of epoch=3227 has reach, all vote yes.
2026-09-16T10:18:43.721920863Z I20260916 10:18:43.721807   151 epoch_txn_queue_manager.h:17] All threads reached barrier, epoch: 3228, count: 4
2026-09-16T10:18:43.734731512Z I20260916 10:18:43.734639   147 transaction_manager_impl.cpp:120] Total, abort: 4 commit: 906
2026-09-16T10:18:43.734743245Z I20260916 10:18:43.734650   147 transaction_manager_impl.cpp:62] Finish with epoch id=3227
2026-09-16T10:18:43.744333323Z I20260916 10:18:43.744236    44 block_storage_to_file.cpp:46] block store in file successfully, epoch=3227
2026-09-16T10:18:43.811318987Z I20260916 10:18:43.811167   143 consensus_control_block.h:289] consensus of epoch=3228 has reach, all vote yes.
2026-09-16T10:18:43.822162787Z I20260916 10:18:43.822082   151 epoch_txn_queue_manager.h:17] All threads reached barrier, epoch: 3229, count: 4
2026-09-16T10:18:43.833146124Z I20260916 10:18:43.833063   147 transaction_manager_impl.cpp:120] Total, abort: 6 commit: 904
2026-09-16T10:18:43.833156279Z I20260916 10:18:43.833078   147 transaction_manager_impl.cpp:62] Finish with epoch id=3228
2026-09-16T10:18:43.841429902Z I20260916 10:18:43.841331    44 block_storage_to_file.cpp:46] block store in file successfully, epoch=3228
2026-09-16T10:18:43.911885000Z I20260916 10:18:43.911717   143 consensus_control_block.h:289] consensus of epoch=3229 has reach, all vote yes.
2026-09-16T10:18:43.920769831Z I20260916 10:18:43.920611   149 epoch_txn_queue_manager.h:17] All threads reached barrier, epoch: 3230, count: 4
2026-09-16T10:18:43.935491367Z I20260916 10:18:43.935338   147 transaction_manager_impl.cpp:120] Total, abort: 6 commit: 902
2026-09-16T10:18:43.935513786Z I20260916 10:18:43.935354   147 transaction_manager_impl.cpp:62] Finish with epoch id=3229
2026-09-16T10:18:43.943999437Z I20260916 10:18:43.943857    44 block_storage_to_file.cpp:46] block store in file successfully, epoch=3229
2026-09-16T10:18:44.012127033Z I20260916 10:18:44.012017   143 consensus_control_block.h:289] consensus of epoch=3230 has reach, all vote yes.
2026-09-16T10:18:44.021850460Z I20260916 10:18:44.021677   152 epoch_txn_queue_manager.h:17] All threads reached barrier, epoch: 3231, count: 4
2026-09-16T10:18:44.036569885Z I20260916 10:18:44.036453   147 transaction_manager_impl.cpp:120] Total, abort: 5 commit: 884
2026-09-16T10:18:44.036586435Z I20260916 10:18:44.036468   147 transaction_manager_impl.cpp:62] Finish with epoch id=3230
2026-09-16T10:18:44.046123214Z I20260916 10:18:44.045946    44 block_storage_to_file.cpp:46] block store in file successfully, epoch=3230
2026-09-16T10:18:44.112434877Z I20260916 10:18:44.112267   143 consensus_control_block.h:289] consensus of epoch=3231 has reach, all vote yes.
2026-09-16T10:18:44.123884652Z I20260916 10:18:44.122956   152 epoch_txn_queue_manager.h:17] All threads reached barrier, epoch: 3232, count: 4
2026-09-16T10:18:44.129482170Z I20260916 10:18:44.129257   147 transaction_manager_impl.cpp:120] Total, abort: 7 commit: 911
2026-09-16T10:18:44.129511583Z I20260916 10:18:44.129279   147 transaction_manager_impl.cpp:62] Finish with epoch id=3231
2026-09-16T10:18:44.138532330Z I20260916 10:18:44.138424    44 block_storage_to_file.cpp:46] block store in file successfully, epoch=3231
2026-09-16T10:18:44.212627073Z I20260916 10:18:44.212494   143 consensus_control_block.h:289] consensus of epoch=3232 has reach, all vote yes.
2026-09-16T10:18:44.223456839Z I20260916 10:18:44.223366   152 epoch_txn_queue_manager.h:17] All threads reached barrier, epoch: 3233, count: 4
2026-09-16T10:18:44.230734979Z [epoch] I20260916 10:18:44.230544     7 chain_client.cpp:83] Sending Request to epoch_server_group at qps=0 latency=0
2026-09-16T10:18:44.235501060Z I20260916 10:18:44.235419   147 transaction_manager_impl.cpp:120] Total, abort: 5 commit: 909
2026-09-16T10:18:44.235511872Z I20260916 10:18:44.235435   147 transaction_manager_impl.cpp:62] Finish with epoch id=3232
2026-09-16T10:18:44.244050057Z I20260916 10:18:44.243952    44 block_storage_to_file.cpp:46] block store in file successfully, epoch=3232
2026-09-16T10:18:44.278680480Z I20260916 10:18:44.278558   143 consensus_control_block.h:289] consensus of epoch=3233 has reach, all vote yes.
2026-09-16T10:18:44.323311395Z I20260916 10:18:44.323201   149 epoch_txn_queue_manager.h:17] All threads reached barrier, epoch: 3234, count: 4
2026-09-16T10:18:44.334541863Z I20260916 10:18:44.334430   147 transaction_manager_impl.cpp:120] Total, abort: 7 commit: 906
2026-09-16T10:18:44.334556396Z I20260916 10:18:44.334451   147 transaction_manager_impl.cpp:62] Finish with epoch id=3233
2026-09-16T10:18:44.343172166Z I20260916 10:18:44.343053    44 block_storage_to_file.cpp:46] block store in file successfully, epoch=3233
2026-09-16T10:18:44.413216781Z I20260916 10:18:44.413101   143 consensus_control_block.h:289] consensus of epoch=3234 has reach, all vote yes.
2026-09-16T10:18:44.423883305Z I20260916 10:18:44.423774   149 epoch_txn_queue_manager.h:17] All threads reached barrier, epoch: 3235, count: 4
2026-09-16T10:18:44.433004740Z I20260916 10:18:44.432904   147 transaction_manager_impl.cpp:120] Total, abort: 4 commit: 880
2026-09-16T10:18:44.433027300Z I20260916 10:18:44.432919   147 transaction_manager_impl.cpp:62] Finish with epoch id=3234
2026-09-16T10:18:44.440785119Z I20260916 10:18:44.440663    44 block_storage_to_file.cpp:46] block store in file successfully, epoch=3234
2026-09-16T10:18:44.513555285Z I20260916 10:18:44.513399   143 consensus_control_block.h:289] consensus of epoch=3235 has reach, all vote yes.
2026-09-16T10:18:44.522314489Z I20260916 10:18:44.522186   150 epoch_txn_queue_manager.h:17] All threads reached barrier, epoch: 3236, count: 4
2026-09-16T10:18:44.533593108Z I20260916 10:18:44.533500   147 transaction_manager_impl.cpp:120] Total, abort: 8 commit: 905
2026-09-16T10:18:44.533604917Z I20260916 10:18:44.533514   147 transaction_manager_impl.cpp:62] Finish with epoch id=3235
2026-09-16T10:18:44.542531424Z I20260916 10:18:44.542416    44 block_storage_to_file.cpp:46] block store in file successfully, epoch=3235
2026-09-16T10:18:44.613825602Z I20260916 10:18:44.613658   143 consensus_control_block.h:289] consensus of epoch=3236 has reach, all vote yes.
2026-09-16T10:18:44.622841995Z I20260916 10:18:44.622781   150 epoch_txn_queue_manager.h:17] All threads reached barrier, epoch: 3237, count: 4
2026-09-16T10:18:44.634280729Z I20260916 10:18:44.634193   147 transaction_manager_impl.cpp:120] Total, abort: 9 commit: 879
2026-09-16T10:18:44.634296192Z I20260916 10:18:44.634215   147 transaction_manager_impl.cpp:62] Finish with epoch id=3236
2026-09-16T10:18:44.643854667Z I20260916 10:18:44.643733    44 block_storage_to_file.cpp:46] block store in file successfully, epoch=3236
2026-09-16T10:18:44.714101562Z I20260916 10:18:44.713961   143 consensus_control_block.h:289] consensus of epoch=3237 has reach, all vote yes.
2026-09-16T10:18:44.723516065Z I20260916 10:18:44.723418   150 epoch_txn_queue_manager.h:17] All threads reached barrier, epoch: 3238, count: 4
2026-09-16T10:18:44.734154937Z I20260916 10:18:44.734066   147 transaction_manager_impl.cpp:120] Total, abort: 5 commit: 905
2026-09-16T10:18:44.734165582Z I20260916 10:18:44.734079   147 transaction_manager_impl.cpp:62] Finish with epoch id=3237
2026-09-16T10:18:44.742588712Z I20260916 10:18:44.742506    44 block_storage_to_file.cpp:46] block store in file successfully, epoch=3237
2026-09-16T10:18:44.814428822Z I20260916 10:18:44.814272   143 consensus_control_block.h:289] consensus of epoch=3238 has reach, all vote yes.
2026-09-16T10:18:44.824444091Z I20260916 10:18:44.824335   150 epoch_txn_queue_manager.h:17] All threads reached barrier, epoch: 3239, count: 4
2026-09-16T10:18:44.835442463Z I20260916 10:18:44.835289   147 transaction_manager_impl.cpp:120] Total, abort: 5 commit: 906
2026-09-16T10:18:44.835460309Z I20260916 10:18:44.835309   147 transaction_manager_impl.cpp:62] Finish with epoch id=3238
2026-09-16T10:18:44.843988304Z I20260916 10:18:44.843863    44 block_storage_to_file.cpp:46] block store in file successfully, epoch=3238
2026-09-16T10:18:44.914669575Z I20260916 10:18:44.914537   143 consensus_control_block.h:289] consensus of epoch=3239 has reach, all vote yes.
2026-09-16T10:18:44.925062962Z I20260916 10:18:44.924989   150 epoch_txn_queue_manager.h:17] All threads reached barrier, epoch: 3240, count: 4
2026-09-16T10:18:44.936672426Z I20260916 10:18:44.936519   147 transaction_manager_impl.cpp:120] Total, abort: 7 commit: 904
2026-09-16T10:18:44.936690105Z I20260916 10:18:44.936542   147 transaction_manager_impl.cpp:62] Finish with epoch id=3239
2026-09-16T10:18:44.945860435Z I20260916 10:18:44.945786    44 block_storage_to_file.cpp:46] block store in file successfully, epoch=3239
2026-09-16T10:18:45.014921749Z I20260916 10:18:45.014789   143 consensus_control_block.h:289] consensus of epoch=3240 has reach, all vote yes.
2026-09-16T10:18:45.025628643Z I20260916 10:18:45.025552   150 epoch_txn_queue_manager.h:17] All threads reached barrier, epoch: 3241, count: 4
2026-09-16T10:18:45.035881765Z I20260916 10:18:45.035737   147 transaction_manager_impl.cpp:120] Total, abort: 6 commit: 901
2026-09-16T10:18:45.035895385Z I20260916 10:18:45.035758   147 transaction_manager_impl.cpp:62] Finish with epoch id=3240
2026-09-16T10:18:45.044262672Z I20260916 10:18:45.044137    44 block_storage_to_file.cpp:46] block store in file successfully, epoch=3240
2026-09-16T10:18:45.115150046Z I20260916 10:18:45.115051   143 consensus_control_block.h:289] consensus of epoch=3241 has reach, all vote yes.
2026-09-16T10:18:45.122327949Z I20260916 10:18:45.122208   151 epoch_txn_queue_manager.h:17] All threads reached barrier, epoch: 3242, count: 4
2026-09-16T10:18:45.130993876Z I20260916 10:18:45.130864   147 transaction_manager_impl.cpp:120] Total, abort: 4 commit: 912
2026-09-16T10:18:45.131008995Z I20260916 10:18:45.130878   147 transaction_manager_impl.cpp:62] Finish with epoch id=3241
2026-09-16T10:18:45.139205518Z I20260916 10:18:45.139117    44 block_storage_to_file.cpp:46] block store in file successfully, epoch=3241
2026-09-16T10:18:45.215432781Z I20260916 10:18:45.215328   143 consensus_control_block.h:289] consensus of epoch=3242 has reach, all vote yes.
2026-09-16T10:18:45.223292271Z I20260916 10:18:45.223129   151 epoch_txn_queue_manager.h:17] All threads reached barrier, epoch: 3243, count: 4
2026-09-16T10:18:45.231245036Z [epoch] I20260916 10:18:45.231077     7 chain_client.cpp:83] Sending Request to epoch_server_group at qps=0 latency=0
2026-09-16T10:18:45.238232599Z I20260916 10:18:45.238101   147 transaction_manager_impl.cpp:120] Total, abort: 10 commit: 882
2026-09-16T10:18:45.238253025Z I20260916 10:18:45.238127   147 transaction_manager_impl.cpp:62] Finish with epoch id=3242
2026-09-16T10:18:45.246832469Z I20260916 10:18:45.246723    44 block_storage_to_file.cpp:46] block store in file successfully, epoch=3242
2026-09-16T10:18:45.279005321Z I20260916 10:18:45.278836   143 consensus_control_block.h:289] consensus of epoch=3243 has reach, all vote yes.
2026-09-16T10:18:45.324206150Z I20260916 10:18:45.323617   151 epoch_txn_queue_manager.h:17] All threads reached barrier, epoch: 3244, count: 4
2026-09-16T10:18:45.334159581Z I20260916 10:18:45.334024   147 transaction_manager_impl.cpp:120] Total, abort: 6 commit: 904
2026-09-16T10:18:45.334182394Z I20260916 10:18:45.334043   147 transaction_manager_impl.cpp:62] Finish with epoch id=3243
2026-09-16T10:18:45.342381286Z I20260916 10:18:45.342316    44 block_storage_to_file.cpp:46] block store in file successfully, epoch=3243
2026-09-16T10:18:45.416036722Z I20260916 10:18:45.415928   143 consensus_control_block.h:289] consensus of epoch=3244 has reach, all vote yes.
2026-09-16T10:18:45.424543207Z I20260916 10:18:45.424410   151 epoch_txn_queue_manager.h:17] All threads reached barrier, epoch: 3245, count: 4
2026-09-16T10:18:45.435559597Z I20260916 10:18:45.435441   147 transaction_manager_impl.cpp:120] Total, abort: 5 commit: 906
2026-09-16T10:18:45.435574898Z I20260916 10:18:45.435456   147 transaction_manager_impl.cpp:62] Finish with epoch id=3244
2026-09-16T10:18:45.444238158Z I20260916 10:18:45.444114    44 block_storage_to_file.cpp:46] block store in file successfully, epoch=3244
2026-09-16T10:18:45.516330059Z I20260916 10:18:45.516222   143 consensus_control_block.h:289] consensus of epoch=3245 has reach, all vote yes.
2026-09-16T10:18:45.525151620Z I20260916 10:18:45.524963   151 epoch_txn_queue_manager.h:17] All threads reached barrier, epoch: 3246, count: 4
2026-09-16T10:18:45.535592699Z I20260916 10:18:45.535456   147 transaction_manager_impl.cpp:120] Total, abort: 5 commit: 907
2026-09-16T10:18:45.535616906Z I20260916 10:18:45.535493   147 transaction_manager_impl.cpp:62] Finish with epoch id=3245
2026-09-16T10:18:45.544165533Z I20260916 10:18:45.544024    44 block_storage_to_file.cpp:46] block store in file successfully, epoch=3245
2026-09-16T10:18:45.616668644Z I20260916 10:18:45.616573   143 consensus_control_block.h:289] consensus of epoch=3246 has reach, all vote yes.
2026-09-16T10:18:45.625818496Z I20260916 10:18:45.625680   151 epoch_txn_queue_manager.h:17] All threads reached barrier, epoch: 3247, count: 4
2026-09-16T10:18:45.642144944Z I20260916 10:18:45.641985   147 transaction_manager_impl.cpp:120] Total, abort: 7 commit: 909
2026-09-16T10:18:45.642170175Z I20260916 10:18:45.642005   147 transaction_manager_impl.cpp:62] Finish with epoch id=3246
2026-09-16T10:18:45.650658147Z I20260916 10:18:45.650542    44 block_storage_to_file.cpp:46] block store in file successfully, epoch=3246
2026-09-16T10:18:45.716941001Z I20260916 10:18:45.716867   143 consensus_control_block.h:289] consensus of epoch=3247 has reach, all vote yes.
2026-09-16T10:18:45.726404826Z I20260916 10:18:45.726306   151 epoch_txn_queue_manager.h:17] All threads reached barrier, epoch: 3248, count: 4
2026-09-16T10:18:45.738901323Z I20260916 10:18:45.738812   147 transaction_manager_impl.cpp:120] Total, abort: 8 commit: 901
2026-09-16T10:18:45.738914837Z I20260916 10:18:45.738826   147 transaction_manager_impl.cpp:62] Finish with epoch id=3247
2026-09-16T10:18:45.747520681Z I20260916 10:18:45.747341    44 block_storage_to_file.cpp:46] block store in file successfully, epoch=3247
2026-09-16T10:18:45.817328979Z I20260916 10:18:45.817240   143 consensus_control_block.h:289] consensus of epoch=3248 has reach, all vote yes.
2026-09-16T10:18:45.827198387Z I20260916 10:18:45.827078   149 epoch_txn_queue_manager.h:17] All threads reached barrier, epoch: 3249, count: 4
2026-09-16T10:18:45.840871881Z I20260916 10:18:45.840741   147 transaction_manager_impl.cpp:120] Total, abort: 5 commit: 905
2026-09-16T10:18:45.840901411Z I20260916 10:18:45.840763   147 transaction_manager_impl.cpp:62] Finish with epoch id=3248
2026-09-16T10:18:45.851345670Z I20260916 10:18:45.851257    44 block_storage_to_file.cpp:46] block store in file successfully, epoch=3248
2026-09-16T10:18:45.917588329Z I20260916 10:18:45.917514   143 consensus_control_block.h:289] consensus of epoch=3249 has reach, all vote yes.
2026-09-16T10:18:45.928059251Z I20260916 10:18:45.927925   149 epoch_txn_queue_manager.h:17] All threads reached barrier, epoch: 3250, count: 4
2026-09-16T10:18:45.938749617Z I20260916 10:18:45.938603   147 transaction_manager_impl.cpp:120] Total, abort: 8 commit: 901
2026-09-16T10:18:45.938761352Z I20260916 10:18:45.938637   147 transaction_manager_impl.cpp:62] Finish with epoch id=3249
2026-09-16T10:18:45.947701994Z I20260916 10:18:45.947573    44 block_storage_to_file.cpp:46] block store in file successfully, epoch=3249
2026-09-16T10:18:46.017819161Z I20260916 10:18:46.017710   143 consensus_control_block.h:289] consensus of epoch=3250 has reach, all vote yes.
2026-09-16T10:18:46.028481068Z I20260916 10:18:46.028388   151 epoch_txn_queue_manager.h:17] All threads reached barrier, epoch: 3251, count: 4
2026-09-16T10:18:46.044167046Z I20260916 10:18:46.044062   147 transaction_manager_impl.cpp:120] Total, abort: 10 commit: 902
2026-09-16T10:18:46.044183922Z I20260916 10:18:46.044080   147 transaction_manager_impl.cpp:62] Finish with epoch id=3250
2026-09-16T10:18:46.053025139Z I20260916 10:18:46.052915    44 block_storage_to_file.cpp:46] block store in file successfully, epoch=3250
2026-09-16T10:18:46.118120746Z I20260916 10:18:46.117970   143 consensus_control_block.h:289] consensus of epoch=3251 has reach, all vote yes.
2026-09-16T10:18:46.127218317Z I20260916 10:18:46.127117   152 epoch_txn_queue_manager.h:17] All threads reached barrier, epoch: 3252, count: 4
2026-09-16T10:18:46.137159952Z I20260916 10:18:46.137037   147 transaction_manager_impl.cpp:120] Total, abort: 8 commit: 882
2026-09-16T10:18:46.137177455Z I20260916 10:18:46.137060   147 transaction_manager_impl.cpp:62] Finish with epoch id=3251
2026-09-16T10:18:46.145556361Z I20260916 10:18:46.145414    44 block_storage_to_file.cpp:46] block store in file successfully, epoch=3251
2026-09-16T10:18:46.218528864Z I20260916 10:18:46.218408   143 consensus_control_block.h:289] consensus of epoch=3252 has reach, all vote yes.
2026-09-16T10:18:46.227766721Z I20260916 10:18:46.227675   152 epoch_txn_queue_manager.h:17] All threads reached barrier, epoch: 3253, count: 4
2026-09-16T10:18:46.231292118Z [epoch] I20260916 10:18:46.231155     7 chain_client.cpp:83] Sending Request to epoch_server_group at qps=0 latency=0
2026-09-16T10:18:46.240613931Z I20260916 10:18:46.240473   147 transaction_manager_impl.cpp:120] Total, abort: 7 commit: 883
2026-09-16T10:18:46.240629680Z I20260916 10:18:46.240494   147 transaction_manager_impl.cpp:62] Finish with epoch id=3252
2026-09-16T10:18:46.249389577Z I20260916 10:18:46.249301    44 block_storage_to_file.cpp:46] block store in file successfully, epoch=3252
2026-09-16T10:18:46.279136734Z I20260916 10:18:46.279006   143 consensus_control_block.h:289] consensus of epoch=3253 has reach, all vote yes.
2026-09-16T10:18:46.328860453Z I20260916 10:18:46.328779   152 epoch_txn_queue_manager.h:17] All threads reached barrier, epoch: 3254, count: 4
2026-09-16T10:18:46.340023375Z I20260916 10:18:46.339774   147 transaction_manager_impl.cpp:120] Total, abort: 5 commit: 901
2026-09-16T10:18:46.340036753Z I20260916 10:18:46.339802   147 transaction_manager_impl.cpp:62] Finish with epoch id=3253
2026-09-16T10:18:46.351906621Z I20260916 10:18:46.351799    44 block_storage_to_file.cpp:46] block store in file successfully, epoch=3253
2026-09-16T10:18:46.419107667Z I20260916 10:18:46.418962   143 consensus_control_block.h:289] consensus of epoch=3254 has reach, all vote yes.
2026-09-16T10:18:46.429682670Z I20260916 10:18:46.429533   152 epoch_txn_queue_manager.h:17] All threads reached barrier, epoch: 3255, count: 4
2026-09-16T10:18:46.442026466Z I20260916 10:18:46.441900   147 transaction_manager_impl.cpp:120] Total, abort: 7 commit: 906
2026-09-16T10:18:46.442036739Z I20260916 10:18:46.441915   147 transaction_manager_impl.cpp:62] Finish with epoch id=3254
2026-09-16T10:18:46.451480419Z I20260916 10:18:46.451333    44 block_storage_to_file.cpp:46] block store in file successfully, epoch=3254
2026-09-16T10:18:46.519389061Z I20260916 10:18:46.519292   143 consensus_control_block.h:289] consensus of epoch=3255 has reach, all vote yes.
2026-09-16T10:18:46.530349467Z I20260916 10:18:46.530211   152 epoch_txn_queue_manager.h:17] All threads reached barrier, epoch: 3256, count: 4
2026-09-16T10:18:46.541926330Z I20260916 10:18:46.541846   147 transaction_manager_impl.cpp:120] Total, abort: 4 commit: 906
2026-09-16T10:18:46.541941961Z I20260916 10:18:46.541859   147 transaction_manager_impl.cpp:62] Finish with epoch id=3255
2026-09-16T10:18:46.551473623Z I20260916 10:18:46.551369    44 block_storage_to_file.cpp:46] block store in file successfully, epoch=3255
2026-09-16T10:18:46.619667006Z I20260916 10:18:46.619550   143 consensus_control_block.h:289] consensus of epoch=3256 has reach, all vote yes.
2026-09-16T10:18:46.629937425Z I20260916 10:18:46.629861   150 epoch_txn_queue_manager.h:17] All threads reached barrier, epoch: 3257, count: 4
2026-09-16T10:18:46.639345495Z I20260916 10:18:46.639194   147 transaction_manager_impl.cpp:120] Total, abort: 8 commit: 902
2026-09-16T10:18:46.639363184Z I20260916 10:18:46.639215   147 transaction_manager_impl.cpp:62] Finish with epoch id=3256
2026-09-16T10:18:46.648557477Z I20260916 10:18:46.648406    44 block_storage_to_file.cpp:46] block store in file successfully, epoch=3256
2026-09-16T10:18:46.719948983Z I20260916 10:18:46.719844   143 consensus_control_block.h:289] consensus of epoch=3257 has reach, all vote yes.
2026-09-16T10:18:46.730722640Z I20260916 10:18:46.730578   150 epoch_txn_queue_manager.h:17] All threads reached barrier, epoch: 3258, count: 4
2026-09-16T10:18:46.740309211Z I20260916 10:18:46.740157   147 transaction_manager_impl.cpp:120] Total, abort: 6 commit: 885
2026-09-16T10:18:46.740333316Z I20260916 10:18:46.740185   147 transaction_manager_impl.cpp:62] Finish with epoch id=3257
2026-09-16T10:18:46.748966352Z I20260916 10:18:46.748764    44 block_storage_to_file.cpp:46] block store in file successfully, epoch=3257
2026-09-16T10:18:46.820292462Z I20260916 10:18:46.820170   143 consensus_control_block.h:289] consensus of epoch=3258 has reach, all vote yes.
2026-09-16T10:18:46.824620514Z I20260916 10:18:46.824517   151 epoch_txn_queue_manager.h:17] All threads reached barrier, epoch: 3259, count: 4
2026-09-16T10:18:46.837363586Z I20260916 10:18:46.837225   147 transaction_manager_impl.cpp:120] Total, abort: 7 commit: 905
2026-09-16T10:18:46.837384066Z I20260916 10:18:46.837244   147 transaction_manager_impl.cpp:62] Finish with epoch id=3258
2026-09-16T10:18:46.846428658Z I20260916 10:18:46.846313    44 block_storage_to_file.cpp:46] block store in file successfully, epoch=3258
2026-09-16T10:18:46.920548805Z I20260916 10:18:46.920423   143 consensus_control_block.h:289] consensus of epoch=3259 has reach, all vote yes.
2026-09-16T10:18:46.925333370Z I20260916 10:18:46.925233   151 epoch_txn_queue_manager.h:17] All threads reached barrier, epoch: 3260, count: 4
2026-09-16T10:18:46.935882213Z I20260916 10:18:46.935729   147 transaction_manager_impl.cpp:120] Total, abort: 7 commit: 876
2026-09-16T10:18:46.935903283Z I20260916 10:18:46.935748   147 transaction_manager_impl.cpp:62] Finish with epoch id=3259
2026-09-16T10:18:46.944472618Z I20260916 10:18:46.944413    44 block_storage_to_file.cpp:46] block store in file successfully, epoch=3259
2026-09-16T10:18:47.020863522Z I20260916 10:18:47.020736   143 consensus_control_block.h:289] consensus of epoch=3260 has reach, all vote yes.
2026-09-16T10:18:47.026034470Z I20260916 10:18:47.025949   151 epoch_txn_queue_manager.h:17] All threads reached barrier, epoch: 3261, count: 4
2026-09-16T10:18:47.036163811Z I20260916 10:18:47.036010   147 transaction_manager_impl.cpp:120] Total, abort: 7 commit: 907
2026-09-16T10:18:47.036181460Z I20260916 10:18:47.036031   147 transaction_manager_impl.cpp:62] Finish with epoch id=3260
2026-09-16T10:18:47.045050712Z I20260916 10:18:47.044907    44 block_storage_to_file.cpp:46] block store in file successfully, epoch=3260
2026-09-16T10:18:47.121203451Z I20260916 10:18:47.121063   143 consensus_control_block.h:289] consensus of epoch=3261 has reach, all vote yes.
2026-09-16T10:18:47.129388122Z I20260916 10:18:47.129283   151 epoch_txn_queue_manager.h:17] All threads reached barrier, epoch: 3262, count: 4
2026-09-16T10:18:47.138970113Z I20260916 10:18:47.138870   147 transaction_manager_impl.cpp:120] Total, abort: 4 commit: 907
2026-09-16T10:18:47.138984289Z I20260916 10:18:47.138883   147 transaction_manager_impl.cpp:62] Finish with epoch id=3261
2026-09-16T10:18:47.148501611Z I20260916 10:18:47.148420    44 block_storage_to_file.cpp:46] block store in file successfully, epoch=3261
2026-09-16T10:18:47.221533426Z I20260916 10:18:47.221390   143 consensus_control_block.h:289] consensus of epoch=3262 has reach, all vote yes.
2026-09-16T10:18:47.230182549Z I20260916 10:18:47.230031   151 epoch_txn_queue_manager.h:17] All threads reached barrier, epoch: 3263, count: 4
2026-09-16T10:18:47.231413830Z [epoch] I20260916 10:18:47.231235     7 chain_client.cpp:83] Sending Request to epoch_server_group at qps=0 latency=0
2026-09-16T10:18:47.242137541Z I20260916 10:18:47.242030   147 transaction_manager_impl.cpp:120] Total, abort: 7 commit: 913
2026-09-16T10:18:47.242154472Z I20260916 10:18:47.242062   147 transaction_manager_impl.cpp:62] Finish with epoch id=3262
2026-09-16T10:18:47.251896249Z I20260916 10:18:47.251781    44 block_storage_to_file.cpp:46] block store in file successfully, epoch=3262
2026-09-16T10:18:47.279064972Z I20260916 10:18:47.278930   143 consensus_control_block.h:289] consensus of epoch=3263 has reach, all vote yes.
2026-09-16T10:18:47.330671126Z I20260916 10:18:47.330574   151 epoch_txn_queue_manager.h:17] All threads reached barrier, epoch: 3264, count: 4
2026-09-16T10:18:47.339318711Z I20260916 10:18:47.339241   147 transaction_manager_impl.cpp:120] Total, abort: 5 commit: 910
2026-09-16T10:18:47.339331137Z I20260916 10:18:47.339255   147 transaction_manager_impl.cpp:62] Finish with epoch id=3263
2026-09-16T10:18:47.348060503Z I20260916 10:18:47.347970    44 block_storage_to_file.cpp:46] block store in file successfully, epoch=3263
2026-09-16T10:18:47.422032731Z I20260916 10:18:47.421923   143 consensus_control_block.h:289] consensus of epoch=3264 has reach, all vote yes.
2026-09-16T10:18:47.431272687Z I20260916 10:18:47.431181   149 epoch_txn_queue_manager.h:17] All threads reached barrier, epoch: 3265, count: 4
2026-09-16T10:18:47.441008642Z I20260916 10:18:47.440920   147 transaction_manager_impl.cpp:120] Total, abort: 4 commit: 906
2026-09-16T10:18:47.441022619Z I20260916 10:18:47.440938   147 transaction_manager_impl.cpp:62] Finish with epoch id=3264
2026-09-16T10:18:47.450454035Z I20260916 10:18:47.450354    44 block_storage_to_file.cpp:46] block store in file successfully, epoch=3264
2026-09-16T10:18:47.522289210Z I20260916 10:18:47.522177   143 consensus_control_block.h:289] consensus of epoch=3265 has reach, all vote yes.
2026-09-16T10:18:47.532088637Z I20260916 10:18:47.531960   149 epoch_txn_queue_manager.h:17] All threads reached barrier, epoch: 3266, count: 4
2026-09-16T10:18:47.543810508Z I20260916 10:18:47.543733   147 transaction_manager_impl.cpp:120] Total, abort: 5 commit: 905
2026-09-16T10:18:47.543819025Z I20260916 10:18:47.543745   147 transaction_manager_impl.cpp:62] Finish with epoch id=3265
2026-09-16T10:18:47.553272848Z I20260916 10:18:47.553154    44 block_storage_to_file.cpp:46] block store in file successfully, epoch=3265
2026-09-16T10:18:47.622945117Z I20260916 10:18:47.622843   143 consensus_control_block.h:289] consensus of epoch=3266 has reach, all vote yes.
2026-09-16T10:18:47.632846622Z I20260916 10:18:47.632752   149 epoch_txn_queue_manager.h:17] All threads reached barrier, epoch: 3267, count: 4
2026-09-16T10:18:47.646326437Z I20260916 10:18:47.645943   147 transaction_manager_impl.cpp:120] Total, abort: 6 commit: 904
2026-09-16T10:18:47.646345958Z I20260916 10:18:47.645968   147 transaction_manager_impl.cpp:62] Finish with epoch id=3266
2026-09-16T10:18:47.655071217Z I20260916 10:18:47.654966    44 block_storage_to_file.cpp:46] block store in file successfully, epoch=3266
2026-09-16T10:18:47.723213746Z I20260916 10:18:47.723102   143 consensus_control_block.h:289] consensus of epoch=3267 has reach, all vote yes.
2026-09-16T10:18:47.733640097Z I20260916 10:18:47.733542   151 epoch_txn_queue_manager.h:17] All threads reached barrier, epoch: 3268, count: 4
2026-09-16T10:18:47.746763598Z I20260916 10:18:47.746645   147 transaction_manager_impl.cpp:120] Total, abort: 6 commit: 905
2026-09-16T10:18:47.746777909Z I20260916 10:18:47.746662   147 transaction_manager_impl.cpp:62] Finish with epoch id=3267
2026-09-16T10:18:47.756319624Z I20260916 10:18:47.756197    44 block_storage_to_file.cpp:46] block store in file successfully, epoch=3267
2026-09-16T10:18:47.823398561Z I20260916 10:18:47.823321   143 consensus_control_block.h:289] consensus of epoch=3268 has reach, all vote yes.
2026-09-16T10:18:47.830758049Z I20260916 10:18:47.830652   152 epoch_txn_queue_manager.h:17] All threads reached barrier, epoch: 3269, count: 4
2026-09-16T10:18:47.838480211Z I20260916 10:18:47.838358   147 transaction_manager_impl.cpp:120] Total, abort: 7 commit: 883
2026-09-16T10:18:47.838495461Z I20260916 10:18:47.838392   147 transaction_manager_impl.cpp:62] Finish with epoch id=3268
2026-09-16T10:18:47.846990477Z I20260916 10:18:47.846845    44 block_storage_to_file.cpp:46] block store in file successfully, epoch=3268
2026-09-16T10:18:47.923687524Z I20260916 10:18:47.923552   143 consensus_control_block.h:289] consensus of epoch=3269 has reach, all vote yes.
2026-09-16T10:18:47.931236426Z I20260916 10:18:47.931120   152 epoch_txn_queue_manager.h:17] All threads reached barrier, epoch: 3270, count: 4
2026-09-16T10:18:47.942320656Z I20260916 10:18:47.941121   147 transaction_manager_impl.cpp:120] Total, abort: 5 commit: 881
2026-09-16T10:18:47.942373369Z I20260916 10:18:47.941155   147 transaction_manager_impl.cpp:62] Finish with epoch id=3269
2026-09-16T10:18:47.950951611Z I20260916 10:18:47.950827    44 block_storage_to_file.cpp:46] block store in file successfully, epoch=3269
2026-09-16T10:18:48.023849713Z I20260916 10:18:48.023763   143 consensus_control_block.h:289] consensus of epoch=3270 has reach, all vote yes.
2026-09-16T10:18:48.032097733Z I20260916 10:18:48.031873   152 epoch_txn_queue_manager.h:17] All threads reached barrier, epoch: 3271, count: 4
2026-09-16T10:18:48.042779044Z I20260916 10:18:48.042694   147 transaction_manager_impl.cpp:120] Total, abort: 7 commit: 904
2026-09-16T10:18:48.042790079Z I20260916 10:18:48.042707   147 transaction_manager_impl.cpp:62] Finish with epoch id=3270
2026-09-16T10:18:48.051440653Z I20260916 10:18:48.051355    44 block_storage_to_file.cpp:46] block store in file successfully, epoch=3270
2026-09-16T10:18:48.124053334Z I20260916 10:18:48.123974   143 consensus_control_block.h:289] consensus of epoch=3271 has reach, all vote yes.
2026-09-16T10:18:48.132417940Z I20260916 10:18:48.132318   152 epoch_txn_queue_manager.h:17] All threads reached barrier, epoch: 3272, count: 4
2026-09-16T10:18:48.143210226Z I20260916 10:18:48.143100   147 transaction_manager_impl.cpp:120] Total, abort: 8 commit: 903
2026-09-16T10:18:48.143224172Z I20260916 10:18:48.143123   147 transaction_manager_impl.cpp:62] Finish with epoch id=3271
2026-09-16T10:18:48.152064179Z I20260916 10:18:48.151969    44 block_storage_to_file.cpp:46] block store in file successfully, epoch=3271
2026-09-16T10:18:48.224359001Z I20260916 10:18:48.224190   143 consensus_control_block.h:289] consensus of epoch=3272 has reach, all vote yes.
2026-09-16T10:18:48.231485137Z [epoch] I20260916 10:18:48.231351     7 chain_client.cpp:83] Sending Request to epoch_server_group at qps=0 latency=0
2026-09-16T10:18:48.233512431Z I20260916 10:18:48.233318   152 epoch_txn_queue_manager.h:17] All threads reached barrier, epoch: 3273, count: 4
2026-09-16T10:18:48.243782884Z I20260916 10:18:48.243688   147 transaction_manager_impl.cpp:120] Total, abort: 8 commit: 902
2026-09-16T10:18:48.243793062Z I20260916 10:18:48.243718   147 transaction_manager_impl.cpp:62] Finish with epoch id=3272
2026-09-16T10:18:48.252171261Z I20260916 10:18:48.252082    44 block_storage_to_file.cpp:46] block store in file successfully, epoch=3272
2026-09-16T10:18:48.280280528Z I20260916 10:18:48.280185   143 consensus_control_block.h:289] consensus of epoch=3273 has reach, all vote yes.
2026-09-16T10:18:48.334130803Z I20260916 10:18:48.334012   152 epoch_txn_queue_manager.h:17] All threads reached barrier, epoch: 3274, count: 4
2026-09-16T10:18:48.344968763Z I20260916 10:18:48.344898   147 transaction_manager_impl.cpp:120] Total, abort: 9 commit: 901
2026-09-16T10:18:48.344979073Z I20260916 10:18:48.344911   147 transaction_manager_impl.cpp:62] Finish with epoch id=3273
2026-09-16T10:18:48.353353472Z I20260916 10:18:48.353268    44 block_storage_to_file.cpp:46] block store in file successfully, epoch=3273
2026-09-16T10:18:48.425043989Z I20260916 10:18:48.424938   143 consensus_control_block.h:289] consensus of epoch=3274 has reach, all vote yes.
2026-09-16T10:18:48.434656369Z I20260916 10:18:48.434521   152 epoch_txn_queue_manager.h:17] All threads reached barrier, epoch: 3275, count: 4
2026-09-16T10:18:48.443080367Z I20260916 10:18:48.442987   147 transaction_manager_impl.cpp:120] Total, abort: 7 commit: 905
2026-09-16T10:18:48.443090474Z I20260916 10:18:48.443001   147 transaction_manager_impl.cpp:62] Finish with epoch id=3274
2026-09-16T10:18:48.451617827Z I20260916 10:18:48.451505    44 block_storage_to_file.cpp:46] block store in file successfully, epoch=3274
2026-09-16T10:18:48.525226458Z I20260916 10:18:48.525117   143 consensus_control_block.h:289] consensus of epoch=3275 has reach, all vote yes.
2026-09-16T10:18:48.535512125Z I20260916 10:18:48.535420   152 epoch_txn_queue_manager.h:17] All threads reached barrier, epoch: 3276, count: 4
2026-09-16T10:18:48.546914766Z I20260916 10:18:48.546828   147 transaction_manager_impl.cpp:120] Total, abort: 6 commit: 902
2026-09-16T10:18:48.546924952Z I20260916 10:18:48.546844   147 transaction_manager_impl.cpp:62] Finish with epoch id=3275
2026-09-16T10:18:48.555784515Z I20260916 10:18:48.555706    44 block_storage_to_file.cpp:46] block store in file successfully, epoch=3275
2026-09-16T10:18:48.625530723Z I20260916 10:18:48.625407   143 consensus_control_block.h:289] consensus of epoch=3276 has reach, all vote yes.
2026-09-16T10:18:48.636195800Z I20260916 10:18:48.636108   152 epoch_txn_queue_manager.h:17] All threads reached barrier, epoch: 3277, count: 4
2026-09-16T10:18:48.646125904Z I20260916 10:18:48.646021   147 transaction_manager_impl.cpp:120] Total, abort: 6 commit: 906
2026-09-16T10:18:48.646138386Z I20260916 10:18:48.646034   147 transaction_manager_impl.cpp:62] Finish with epoch id=3276
2026-09-16T10:18:48.654689560Z I20260916 10:18:48.654567    44 block_storage_to_file.cpp:46] block store in file successfully, epoch=3276
2026-09-16T10:18:48.725752331Z I20260916 10:18:48.725654   143 consensus_control_block.h:289] consensus of epoch=3277 has reach, all vote yes.
2026-09-16T10:18:48.735913999Z I20260916 10:18:48.735813   150 epoch_txn_queue_manager.h:17] All threads reached barrier, epoch: 3278, count: 4
2026-09-16T10:18:48.748434393Z I20260916 10:18:48.748340   147 transaction_manager_impl.cpp:120] Total, abort: 6 commit: 905
2026-09-16T10:18:48.748449173Z I20260916 10:18:48.748354   147 transaction_manager_impl.cpp:62] Finish with epoch id=3277
2026-09-16T10:18:48.756628239Z I20260916 10:18:48.756527    44 block_storage_to_file.cpp:46] block store in file successfully, epoch=3277
2026-09-16T10:18:48.826026740Z I20260916 10:18:48.825941   143 consensus_control_block.h:289] consensus of epoch=3278 has reach, all vote yes.
2026-09-16T10:18:48.836437382Z I20260916 10:18:48.836354   150 epoch_txn_queue_manager.h:17] All threads reached barrier, epoch: 3279, count: 4
2026-09-16T10:18:48.846240191Z I20260916 10:18:48.846153   147 transaction_manager_impl.cpp:120] Total, abort: 6 commit: 880
2026-09-16T10:18:48.846251958Z I20260916 10:18:48.846171   147 transaction_manager_impl.cpp:62] Finish with epoch id=3278
2026-09-16T10:18:48.854925431Z I20260916 10:18:48.854802    44 block_storage_to_file.cpp:46] block store in file successfully, epoch=3278
2026-09-16T10:18:48.926380687Z I20260916 10:18:48.926249   143 consensus_control_block.h:289] consensus of epoch=3279 has reach, all vote yes.
2026-09-16T10:18:48.933474157Z I20260916 10:18:48.933328   149 epoch_txn_queue_manager.h:17] All threads reached barrier, epoch: 3280, count: 4
2026-09-16T10:18:48.945488314Z I20260916 10:18:48.945408   147 transaction_manager_impl.cpp:120] Total, abort: 9 commit: 905
2026-09-16T10:18:48.945496921Z I20260916 10:18:48.945421   147 transaction_manager_impl.cpp:62] Finish with epoch id=3279
2026-09-16T10:18:48.954305034Z I20260916 10:18:48.954120    44 block_storage_to_file.cpp:46] block store in file successfully, epoch=3279
2026-09-16T10:18:49.026700130Z I20260916 10:18:49.026607   143 consensus_control_block.h:289] consensus of epoch=3280 has reach, all vote yes.
2026-09-16T10:18:49.034369746Z I20260916 10:18:49.034246   149 epoch_txn_queue_manager.h:17] All threads reached barrier, epoch: 3281, count: 4
2026-09-16T10:18:49.043151947Z I20260916 10:18:49.043011   147 transaction_manager_impl.cpp:120] Total, abort: 7 commit: 882
2026-09-16T10:18:49.043187136Z I20260916 10:18:49.043030   147 transaction_manager_impl.cpp:62] Finish with epoch id=3280
2026-09-16T10:18:49.053267494Z I20260916 10:18:49.053166    44 block_storage_to_file.cpp:46] block store in file successfully, epoch=3280
2026-09-16T10:18:49.126952119Z I20260916 10:18:49.126852   143 consensus_control_block.h:289] consensus of epoch=3281 has reach, all vote yes.
2026-09-16T10:18:49.134772895Z I20260916 10:18:49.134675   149 epoch_txn_queue_manager.h:17] All threads reached barrier, epoch: 3282, count: 4
2026-09-16T10:18:49.147065109Z I20260916 10:18:49.146927   147 transaction_manager_impl.cpp:120] Total, abort: 6 commit: 904
2026-09-16T10:18:49.147080294Z I20260916 10:18:49.146961   147 transaction_manager_impl.cpp:62] Finish with epoch id=3281
2026-09-16T10:18:49.155749450Z I20260916 10:18:49.155637    44 block_storage_to_file.cpp:46] block store in file successfully, epoch=3281
2026-09-16T10:18:49.227225937Z I20260916 10:18:49.227100   143 consensus_control_block.h:289] consensus of epoch=3282 has reach, all vote yes.
2026-09-16T10:18:49.231550311Z [epoch] I20260916 10:18:49.231432     7 chain_client.cpp:83] Sending Request to epoch_server_group at qps=0 latency=0
2026-09-16T10:18:49.235554514Z I20260916 10:18:49.235476   149 epoch_txn_queue_manager.h:17] All threads reached barrier, epoch: 3283, count: 4
2026-09-16T10:18:49.246440139Z I20260916 10:18:49.246338   147 transaction_manager_impl.cpp:120] Total, abort: 8 commit: 900
2026-09-16T10:18:49.246452134Z I20260916 10:18:49.246369   147 transaction_manager_impl.cpp:62] Finish with epoch id=3282
2026-09-16T10:18:49.254742124Z I20260916 10:18:49.254604    44 block_storage_to_file.cpp:46] block store in file successfully, epoch=3282
2026-09-16T10:18:49.279060508Z I20260916 10:18:49.278949   143 consensus_control_block.h:289] consensus of epoch=3283 has reach, all vote yes.
2026-09-16T10:18:49.336174325Z I20260916 10:18:49.336051   149 epoch_txn_queue_manager.h:17] All threads reached barrier, epoch: 3284, count: 4
2026-09-16T10:18:49.352960749Z I20260916 10:18:49.352831   147 transaction_manager_impl.cpp:120] Total, abort: 4 commit: 906
2026-09-16T10:18:49.352979999Z I20260916 10:18:49.352855   147 transaction_manager_impl.cpp:62] Finish with epoch id=3283
2026-09-16T10:18:49.360770506Z I20260916 10:18:49.360651    44 block_storage_to_file.cpp:46] block store in file successfully, epoch=3283
2026-09-16T10:18:49.427843446Z I20260916 10:18:49.427671   143 consensus_control_block.h:289] consensus of epoch=3284 has reach, all vote yes.
2026-09-16T10:18:49.436947218Z I20260916 10:18:49.436837   149 epoch_txn_queue_manager.h:17] All threads reached barrier, epoch: 3285, count: 4
2026-09-16T10:18:49.446546809Z I20260916 10:18:49.446420   147 transaction_manager_impl.cpp:120] Total, abort: 7 commit: 904
2026-09-16T10:18:49.446559475Z I20260916 10:18:49.446439   147 transaction_manager_impl.cpp:62] Finish with epoch id=3284
2026-09-16T10:18:49.457488705Z I20260916 10:18:49.457379    44 block_storage_to_file.cpp:46] block store in file successfully, epoch=3284
2026-09-16T10:18:49.528017832Z I20260916 10:18:49.527904   143 consensus_control_block.h:289] consensus of epoch=3285 has reach, all vote yes.
2026-09-16T10:18:49.537659331Z I20260916 10:18:49.537562   149 epoch_txn_queue_manager.h:17] All threads reached barrier, epoch: 3286, count: 4
2026-09-16T10:18:49.548926781Z I20260916 10:18:49.548820   147 transaction_manager_impl.cpp:120] Total, abort: 5 commit: 905
2026-09-16T10:18:49.548940902Z I20260916 10:18:49.548833   147 transaction_manager_impl.cpp:62] Finish with epoch id=3285
2026-09-16T10:18:49.557685705Z I20260916 10:18:49.557580    44 block_storage_to_file.cpp:46] block store in file successfully, epoch=3285
2026-09-16T10:18:49.628346523Z I20260916 10:18:49.628244   143 consensus_control_block.h:289] consensus of epoch=3286 has reach, all vote yes.
2026-09-16T10:18:49.638448406Z I20260916 10:18:49.638350   149 epoch_txn_queue_manager.h:17] All threads reached barrier, epoch: 3287, count: 4
2026-09-16T10:18:49.647618597Z I20260916 10:18:49.647471   147 transaction_manager_impl.cpp:120] Total, abort: 6 commit: 906
2026-09-16T10:18:49.647643219Z I20260916 10:18:49.647518   147 transaction_manager_impl.cpp:62] Finish with epoch id=3286
2026-09-16T10:18:49.656049678Z I20260916 10:18:49.655901    44 block_storage_to_file.cpp:46] block store in file successfully, epoch=3286
2026-09-16T10:18:49.728645416Z I20260916 10:18:49.728547   143 consensus_control_block.h:289] consensus of epoch=3287 has reach, all vote yes.
2026-09-16T10:18:49.739085477Z I20260916 10:18:49.738967   149 epoch_txn_queue_manager.h:17] All threads reached barrier, epoch: 3288, count: 4
2026-09-16T10:18:49.752528355Z I20260916 10:18:49.752441   147 transaction_manager_impl.cpp:120] Total, abort: 9 commit: 901
2026-09-16T10:18:49.752542871Z I20260916 10:18:49.752456   147 transaction_manager_impl.cpp:62] Finish with epoch id=3287
2026-09-16T10:18:49.761876378Z I20260916 10:18:49.761754    44 block_storage_to_file.cpp:46] block store in file successfully, epoch=3287
2026-09-16T10:18:49.829045055Z I20260916 10:18:49.828922   143 consensus_control_block.h:289] consensus of epoch=3288 has reach, all vote yes.
2026-09-16T10:18:49.838351329Z I20260916 10:18:49.838258   151 epoch_txn_queue_manager.h:17] All threads reached barrier, epoch: 3289, count: 4
2026-09-16T10:18:49.851119900Z I20260916 10:18:49.851001   147 transaction_manager_impl.cpp:120] Total, abort: 6 commit: 904
2026-09-16T10:18:49.851134151Z I20260916 10:18:49.851016   147 transaction_manager_impl.cpp:62] Finish with epoch id=3288
2026-09-16T10:18:49.860391505Z I20260916 10:18:49.860298    44 block_storage_to_file.cpp:46] block store in file successfully, epoch=3288
2026-09-16T10:18:49.929270717Z I20260916 10:18:49.929137   143 consensus_control_block.h:289] consensus of epoch=3289 has reach, all vote yes.
2026-09-16T10:18:49.939040716Z I20260916 10:18:49.938977   151 epoch_txn_queue_manager.h:17] All threads reached barrier, epoch: 3290, count: 4
2026-09-16T10:18:49.950240821Z I20260916 10:18:49.950143   147 transaction_manager_impl.cpp:120] Total, abort: 6 commit: 882
2026-09-16T10:18:49.950255887Z I20260916 10:18:49.950165   147 transaction_manager_impl.cpp:62] Finish with epoch id=3289
2026-09-16T10:18:49.959652075Z I20260916 10:18:49.959546    44 block_storage_to_file.cpp:46] block store in file successfully, epoch=3289
2026-09-16T10:18:50.029673731Z I20260916 10:18:50.029471   143 consensus_control_block.h:289] consensus of epoch=3290 has reach, all vote yes.
2026-09-16T10:18:50.039933148Z I20260916 10:18:50.039755   151 epoch_txn_queue_manager.h:17] All threads reached barrier, epoch: 3291, count: 4
2026-09-16T10:18:50.052303992Z I20260916 10:18:50.052172   147 transaction_manager_impl.cpp:120] Total, abort: 7 commit: 905
2026-09-16T10:18:50.052319745Z I20260916 10:18:50.052187   147 transaction_manager_impl.cpp:62] Finish with epoch id=3290
2026-09-16T10:18:50.061074135Z I20260916 10:18:50.060971    44 block_storage_to_file.cpp:46] block store in file successfully, epoch=3290
2026-09-16T10:18:50.129803465Z I20260916 10:18:50.129666   143 consensus_control_block.h:289] consensus of epoch=3291 has reach, all vote yes.
2026-09-16T10:18:50.136982655Z I20260916 10:18:50.136926   152 epoch_txn_queue_manager.h:17] All threads reached barrier, epoch: 3292, count: 4
2026-09-16T10:18:50.147768684Z I20260916 10:18:50.147663   147 transaction_manager_impl.cpp:120] Total, abort: 6 commit: 903
2026-09-16T10:18:50.147783628Z I20260916 10:18:50.147677   147 transaction_manager_impl.cpp:62] Finish with epoch id=3291
2026-09-16T10:18:50.156519551Z I20260916 10:18:50.156445    44 block_storage_to_file.cpp:46] block store in file successfully, epoch=3291
2026-09-16T10:18:50.230149886Z I20260916 10:18:50.229996   143 consensus_control_block.h:289] consensus of epoch=3292 has reach, all vote yes.
2026-09-16T10:18:50.231743910Z [epoch] I20260916 10:18:50.231515     7 chain_client.cpp:83] Sending Request to epoch_server_group at qps=0 latency=0
2026-09-16T10:18:50.237825744Z I20260916 10:18:50.237623   152 epoch_txn_queue_manager.h:17] All threads reached barrier, epoch: 3293, count: 4
2026-09-16T10:18:50.251469686Z I20260916 10:18:50.250099   147 transaction_manager_impl.cpp:120] Total, abort: 4 commit: 886
2026-09-16T10:18:50.251484975Z I20260916 10:18:50.250135   147 transaction_manager_impl.cpp:62] Finish with epoch id=3292
2026-09-16T10:18:50.259887450Z I20260916 10:18:50.259793    44 block_storage_to_file.cpp:46] block store in file successfully, epoch=3292
2026-09-16T10:18:50.279511186Z I20260916 10:18:50.279428   143 consensus_control_block.h:289] consensus of epoch=3293 has reach, all vote yes.
2026-09-16T10:18:50.338846630Z I20260916 10:18:50.338730   152 epoch_txn_queue_manager.h:17] All threads reached barrier, epoch: 3294, count: 4
2026-09-16T10:18:50.349389200Z I20260916 10:18:50.349285   147 transaction_manager_impl.cpp:120] Total, abort: 7 commit: 903
2026-09-16T10:18:50.349402729Z I20260916 10:18:50.349305   147 transaction_manager_impl.cpp:62] Finish with epoch id=3293
2026-09-16T10:18:50.357767846Z I20260916 10:18:50.357692    44 block_storage_to_file.cpp:46] block store in file successfully, epoch=3293
2026-09-16T10:18:50.394119061Z I20260916 10:18:50.393996   149 epoch_txn_queue_manager.h:17] All threads reached barrier, epoch: 3295, count: 4
2026-09-16T10:18:50.394685260Z I20260916 10:18:50.394593   143 consensus_control_block.h:289] consensus of epoch=3294 has reach, all vote yes.
2026-09-16T10:18:50.406320667Z I20260916 10:18:50.406210   147 transaction_manager_impl.cpp:120] Total, abort: 5 commit: 906
2026-09-16T10:18:50.406480360Z I20260916 10:18:50.406402   147 transaction_manager_impl.cpp:62] Finish with epoch id=3294
2026-09-16T10:18:50.415895715Z I20260916 10:18:50.415779    44 block_storage_to_file.cpp:46] block store in file successfully, epoch=3294
2026-09-16T10:18:50.430700538Z I20260916 10:18:50.430591   143 consensus_control_block.h:289] consensus of epoch=3295 has reach, all vote yes.
2026-09-16T10:18:50.539979587Z I20260916 10:18:50.539883   152 epoch_txn_queue_manager.h:17] All threads reached barrier, epoch: 3296, count: 4
2026-09-16T10:18:50.546971879Z I20260916 10:18:50.546856   147 transaction_manager_impl.cpp:120] Total, abort: 2 commit: 498
2026-09-16T10:18:50.546976697Z I20260916 10:18:50.546871   147 transaction_manager_impl.cpp:62] Finish with epoch id=3295
2026-09-16T10:18:50.553181654Z I20260916 10:18:50.553014    44 block_storage_to_file.cpp:46] block store in file successfully, epoch=3295
2026-09-16T10:18:50.631258797Z I20260916 10:18:50.631139   143 consensus_control_block.h:289] consensus of epoch=3296 has reach, all vote yes.
2026-09-16T10:18:50.640898843Z I20260916 10:18:50.640842   152 epoch_txn_queue_manager.h:17] All threads reached barrier, epoch: 3297, count: 4
2026-09-16T10:18:50.654255714Z I20260916 10:18:50.654160   147 transaction_manager_impl.cpp:120] Total, abort: 13 commit: 1305
2026-09-16T10:18:50.654265808Z I20260916 10:18:50.654179   147 transaction_manager_impl.cpp:62] Finish with epoch id=3296
2026-09-16T10:18:50.666504678Z I20260916 10:18:50.666266    44 block_storage_to_file.cpp:46] block store in file successfully, epoch=3296
2026-09-16T10:18:50.731643862Z I20260916 10:18:50.731451   143 consensus_control_block.h:289] consensus of epoch=3297 has reach, all vote yes.
2026-09-16T10:18:50.741672171Z I20260916 10:18:50.741539   152 epoch_txn_queue_manager.h:17] All threads reached barrier, epoch: 3298, count: 4
2026-09-16T10:18:50.757813770Z I20260916 10:18:50.754258   147 transaction_manager_impl.cpp:120] Total, abort: 9 commit: 905
2026-09-16T10:18:50.757837603Z I20260916 10:18:50.754290   147 transaction_manager_impl.cpp:62] Finish with epoch id=3297
2026-09-16T10:18:50.762933261Z I20260916 10:18:50.762866    44 block_storage_to_file.cpp:46] block store in file successfully, epoch=3297
2026-09-16T10:18:50.831889160Z I20260916 10:18:50.831779   143 consensus_control_block.h:289] consensus of epoch=3298 has reach, all vote yes.
2026-09-16T10:18:50.842383876Z I20260916 10:18:50.842226   152 epoch_txn_queue_manager.h:17] All threads reached barrier, epoch: 3299, count: 4
2026-09-16T10:18:50.852871279Z I20260916 10:18:50.852721   147 transaction_manager_impl.cpp:120] Total, abort: 4 commit: 906
2026-09-16T10:18:50.852895672Z I20260916 10:18:50.852748   147 transaction_manager_impl.cpp:62] Finish with epoch id=3298
2026-09-16T10:18:50.861409055Z I20260916 10:18:50.861249    44 block_storage_to_file.cpp:46] block store in file successfully, epoch=3298
2026-09-16T10:18:50.932323479Z I20260916 10:18:50.932226   143 consensus_control_block.h:289] consensus of epoch=3299 has reach, all vote yes.
2026-09-16T10:18:50.941301964Z I20260916 10:18:50.941236   150 epoch_txn_queue_manager.h:17] All threads reached barrier, epoch: 3300, count: 4
2026-09-16T10:18:50.954688140Z I20260916 10:18:50.954587   147 transaction_manager_impl.cpp:120] Total, abort: 7 commit: 904
2026-09-16T10:18:50.954697265Z I20260916 10:18:50.954607   147 transaction_manager_impl.cpp:62] Finish with epoch id=3299
2026-09-16T10:18:50.963527852Z I20260916 10:18:50.963451    44 block_storage_to_file.cpp:46] block store in file successfully, epoch=3299
2026-09-16T10:18:51.032660473Z I20260916 10:18:51.032532   143 consensus_control_block.h:289] consensus of epoch=3300 has reach, all vote yes.
2026-09-16T10:18:51.042170718Z I20260916 10:18:51.041941   150 epoch_txn_queue_manager.h:17] All threads reached barrier, epoch: 3301, count: 4
2026-09-16T10:18:51.052145234Z I20260916 10:18:51.052034   147 transaction_manager_impl.cpp:120] Total, abort: 5 commit: 883
2026-09-16T10:18:51.052159436Z I20260916 10:18:51.052054   147 transaction_manager_impl.cpp:62] Finish with epoch id=3300
2026-09-16T10:18:51.060364947Z I20260916 10:18:51.060252    44 block_storage_to_file.cpp:46] block store in file successfully, epoch=3300
2026-09-16T10:18:51.132885644Z I20260916 10:18:51.132786   143 consensus_control_block.h:289] consensus of epoch=3301 has reach, all vote yes.
2026-09-16T10:18:51.142935592Z I20260916 10:18:51.142834   150 epoch_txn_queue_manager.h:17] All threads reached barrier, epoch: 3302, count: 4
2026-09-16T10:18:51.157185368Z I20260916 10:18:51.157092   147 transaction_manager_impl.cpp:120] Total, abort: 7 commit: 904
2026-09-16T10:18:51.157198969Z I20260916 10:18:51.157111   147 transaction_manager_impl.cpp:62] Finish with epoch id=3301
2026-09-16T10:18:51.165852801Z I20260916 10:18:51.165779    44 block_storage_to_file.cpp:46] block store in file successfully, epoch=3301
2026-09-16T10:18:51.231752294Z [epoch] I20260916 10:18:51.231611     7 chain_client.cpp:83] Sending Request to epoch_server_group at qps=0 latency=0
2026-09-16T10:18:51.233108945Z I20260916 10:18:51.233047   143 consensus_control_block.h:289] consensus of epoch=3302 has reach, all vote yes.
2026-09-16T10:18:51.243887040Z I20260916 10:18:51.243714   150 epoch_txn_queue_manager.h:17] All threads reached barrier, epoch: 3303, count: 4
2026-09-16T10:18:51.254179590Z I20260916 10:18:51.254035   147 transaction_manager_impl.cpp:120] Total, abort: 4 commit: 908
2026-09-16T10:18:51.254202637Z I20260916 10:18:51.254055   147 transaction_manager_impl.cpp:62] Finish with epoch id=3302
2026-09-16T10:18:51.264673635Z I20260916 10:18:51.263528    44 block_storage_to_file.cpp:46] block store in file successfully, epoch=3302
2026-09-16T10:18:51.293860064Z I20260916 10:18:51.293740   143 consensus_control_block.h:289] consensus of epoch=3303 has reach, all vote yes.
2026-09-16T10:18:51.315147541Z I20260916 10:18:51.315006   152 epoch_txn_queue_manager.h:17] All threads reached barrier, epoch: 3304, count: 4
2026-09-16T10:18:51.323471196Z I20260916 10:18:51.323329   147 transaction_manager_impl.cpp:120] Total, abort: 7 commit: 904
2026-09-16T10:18:51.323495947Z I20260916 10:18:51.323349   147 transaction_manager_impl.cpp:62] Finish with epoch id=3303
2026-09-16T10:18:51.332432808Z I20260916 10:18:51.332288    44 block_storage_to_file.cpp:46] block store in file successfully, epoch=3303
2026-09-16T10:18:51.333356570Z I20260916 10:18:51.333266   143 consensus_control_block.h:289] consensus of epoch=3304 has reach, all vote yes.
2026-09-16T10:18:51.441909826Z I20260916 10:18:51.441756   151 epoch_txn_queue_manager.h:17] All threads reached barrier, epoch: 3305, count: 4
2026-09-16T10:18:51.450993358Z I20260916 10:18:51.450920   147 transaction_manager_impl.cpp:120] Total, abort: 0 commit: 557
2026-09-16T10:18:51.450998618Z I20260916 10:18:51.450940   147 transaction_manager_impl.cpp:62] Finish with epoch id=3304
2026-09-16T10:18:51.457072377Z I20260916 10:18:51.456944    44 block_storage_to_file.cpp:46] block store in file successfully, epoch=3304
2026-09-16T10:18:51.533959002Z I20260916 10:18:51.533833   143 consensus_control_block.h:289] consensus of epoch=3305 has reach, all vote yes.
2026-09-16T10:18:51.542524810Z I20260916 10:18:51.542366   151 epoch_txn_queue_manager.h:17] All threads reached barrier, epoch: 3306, count: 4
2026-09-16T10:18:51.555764453Z I20260916 10:18:51.555657   147 transaction_manager_impl.cpp:120] Total, abort: 13 commit: 1221
2026-09-16T10:18:51.555778294Z I20260916 10:18:51.555676   147 transaction_manager_impl.cpp:62] Finish with epoch id=3305
2026-09-16T10:18:51.568275720Z I20260916 10:18:51.568156    44 block_storage_to_file.cpp:46] block store in file successfully, epoch=3305
2026-09-16T10:18:51.634266234Z I20260916 10:18:51.634194   143 consensus_control_block.h:289] consensus of epoch=3306 has reach, all vote yes.
2026-09-16T10:18:51.643301407Z I20260916 10:18:51.643235   151 epoch_txn_queue_manager.h:17] All threads reached barrier, epoch: 3307, count: 4
2026-09-16T10:18:51.656788091Z I20260916 10:18:51.656464   147 transaction_manager_impl.cpp:120] Total, abort: 4 commit: 907
2026-09-16T10:18:51.656808142Z I20260916 10:18:51.656507   147 transaction_manager_impl.cpp:62] Finish with epoch id=3306
2026-09-16T10:18:51.666911126Z I20260916 10:18:51.666783    44 block_storage_to_file.cpp:46] block store in file successfully, epoch=3306
2026-09-16T10:18:51.734540147Z I20260916 10:18:51.734442   143 consensus_control_block.h:289] consensus of epoch=3307 has reach, all vote yes.
2026-09-16T10:18:51.745493097Z I20260916 10:18:51.744053   151 epoch_txn_queue_manager.h:17] All threads reached barrier, epoch: 3308, count: 4
2026-09-16T10:18:51.753553662Z I20260916 10:18:51.753440   147 transaction_manager_impl.cpp:120] Total, abort: 9 commit: 904
2026-09-16T10:18:51.753566597Z I20260916 10:18:51.753463   147 transaction_manager_impl.cpp:62] Finish with epoch id=3307
2026-09-16T10:18:51.762289248Z I20260916 10:18:51.762200    44 block_storage_to_file.cpp:46] block store in file successfully, epoch=3307
2026-09-16T10:18:51.834947732Z I20260916 10:18:51.834810   143 consensus_control_block.h:289] consensus of epoch=3308 has reach, all vote yes.
2026-09-16T10:18:51.844723330Z I20260916 10:18:51.844652   151 epoch_txn_queue_manager.h:17] All threads reached barrier, epoch: 3309, count: 4
2026-09-16T10:18:51.856259362Z I20260916 10:18:51.856170   147 transaction_manager_impl.cpp:120] Total, abort: 7 commit: 903
2026-09-16T10:18:51.856278327Z I20260916 10:18:51.856184   147 transaction_manager_impl.cpp:62] Finish with epoch id=3308
2026-09-16T10:18:51.864407019Z I20260916 10:18:51.864310    44 block_storage_to_file.cpp:46] block store in file successfully, epoch=3308
2026-09-16T10:18:51.935266172Z I20260916 10:18:51.935122   143 consensus_control_block.h:289] consensus of epoch=3309 has reach, all vote yes.
2026-09-16T10:18:51.945539538Z I20260916 10:18:51.945430   151 epoch_txn_queue_manager.h:17] All threads reached barrier, epoch: 3310, count: 4
2026-09-16T10:18:51.957888506Z I20260916 10:18:51.957787   147 transaction_manager_impl.cpp:120] Total, abort: 6 commit: 905
2026-09-16T10:18:51.957900859Z I20260916 10:18:51.957803   147 transaction_manager_impl.cpp:62] Finish with epoch id=3309
2026-09-16T10:18:51.966889994Z I20260916 10:18:51.966802    44 block_storage_to_file.cpp:46] block store in file successfully, epoch=3309
2026-09-16T10:18:52.035545086Z I20260916 10:18:52.035408   143 consensus_control_block.h:289] consensus of epoch=3310 has reach, all vote yes.
2026-09-16T10:18:52.042418595Z I20260916 10:18:52.042339   150 epoch_txn_queue_manager.h:17] All threads reached barrier, epoch: 3311, count: 4
2026-09-16T10:18:52.051353110Z I20260916 10:18:52.051213   147 transaction_manager_impl.cpp:120] Total, abort: 8 commit: 901
2026-09-16T10:18:52.051377207Z I20260916 10:18:52.051232   147 transaction_manager_impl.cpp:62] Finish with epoch id=3310
2026-09-16T10:18:52.059520662Z I20260916 10:18:52.059414    44 block_storage_to_file.cpp:46] block store in file successfully, epoch=3310
2026-09-16T10:18:52.135837926Z I20260916 10:18:52.135744   143 consensus_control_block.h:289] consensus of epoch=3311 has reach, all vote yes.
2026-09-16T10:18:52.143442571Z I20260916 10:18:52.143311   150 epoch_txn_queue_manager.h:17] All threads reached barrier, epoch: 3312, count: 4
2026-09-16T10:18:52.155430509Z I20260916 10:18:52.155350   147 transaction_manager_impl.cpp:120] Total, abort: 6 commit: 885
2026-09-16T10:18:52.155440267Z I20260916 10:18:52.155364   147 transaction_manager_impl.cpp:62] Finish with epoch id=3311
2026-09-16T10:18:52.163955355Z I20260916 10:18:52.163873    44 block_storage_to_file.cpp:46] block store in file successfully, epoch=3311
2026-09-16T10:18:52.231840106Z [epoch] I20260916 10:18:52.231715     7 chain_client.cpp:83] Sending Request to epoch_server_group at qps=0 latency=0
2026-09-16T10:18:52.236142426Z I20260916 10:18:52.236042   143 consensus_control_block.h:289] consensus of epoch=3312 has reach, all vote yes.
2026-09-16T10:18:52.244265938Z I20260916 10:18:52.244069   150 epoch_txn_queue_manager.h:17] All threads reached barrier, epoch: 3313, count: 4
2026-09-16T10:18:52.256629590Z I20260916 10:18:52.256520   147 transaction_manager_impl.cpp:120] Total, abort: 4 commit: 905
2026-09-16T10:18:52.256639322Z I20260916 10:18:52.256534   147 transaction_manager_impl.cpp:62] Finish with epoch id=3312
2026-09-16T10:18:52.264989595Z I20260916 10:18:52.264876    44 block_storage_to_file.cpp:46] block store in file successfully, epoch=3312
2026-09-16T10:18:52.287780904Z I20260916 10:18:52.287657   143 consensus_control_block.h:289] consensus of epoch=3313 has reach, all vote yes.
2026-09-16T10:18:52.344800974Z I20260916 10:18:52.344702   150 epoch_txn_queue_manager.h:17] All threads reached barrier, epoch: 3314, count: 4
2026-09-16T10:18:52.353781772Z I20260916 10:18:52.353632   147 transaction_manager_impl.cpp:120] Total, abort: 4 commit: 909
2026-09-16T10:18:52.353799656Z I20260916 10:18:52.353657   147 transaction_manager_impl.cpp:62] Finish with epoch id=3313
2026-09-16T10:18:52.362576658Z I20260916 10:18:52.362504    44 block_storage_to_file.cpp:46] block store in file successfully, epoch=3313
2026-09-16T10:18:52.436877376Z I20260916 10:18:52.436780   143 consensus_control_block.h:289] consensus of epoch=3314 has reach, all vote yes.
2026-09-16T10:18:52.445533716Z I20260916 10:18:52.445446   150 epoch_txn_queue_manager.h:17] All threads reached barrier, epoch: 3315, count: 4
2026-09-16T10:18:52.457196957Z I20260916 10:18:52.457047   147 transaction_manager_impl.cpp:120] Total, abort: 7 commit: 904
2026-09-16T10:18:52.457217366Z I20260916 10:18:52.457062   147 transaction_manager_impl.cpp:62] Finish with epoch id=3314
2026-09-16T10:18:52.465810442Z I20260916 10:18:52.465716    44 block_storage_to_file.cpp:46] block store in file successfully, epoch=3314
2026-09-16T10:18:52.537069110Z I20260916 10:18:52.536996   143 consensus_control_block.h:289] consensus of epoch=3315 has reach, all vote yes.
2026-09-16T10:18:52.546293900Z I20260916 10:18:52.546224   150 epoch_txn_queue_manager.h:17] All threads reached barrier, epoch: 3316, count: 4
2026-09-16T10:18:52.560834002Z I20260916 10:18:52.560743   147 transaction_manager_impl.cpp:120] Total, abort: 6 commit: 903
2026-09-16T10:18:52.560846897Z I20260916 10:18:52.560771   147 transaction_manager_impl.cpp:62] Finish with epoch id=3315
2026-09-16T10:18:52.570120396Z I20260916 10:18:52.570010    44 block_storage_to_file.cpp:46] block store in file successfully, epoch=3315
2026-09-16T10:18:52.637392770Z I20260916 10:18:52.637220   143 consensus_control_block.h:289] consensus of epoch=3316 has reach, all vote yes.
2026-09-16T10:18:52.647015779Z I20260916 10:18:52.646922   150 epoch_txn_queue_manager.h:17] All threads reached barrier, epoch: 3317, count: 4
2026-09-16T10:18:52.657280299Z I20260916 10:18:52.657186   147 transaction_manager_impl.cpp:120] Total, abort: 5 commit: 904
2026-09-16T10:18:52.657295444Z I20260916 10:18:52.657199   147 transaction_manager_impl.cpp:62] Finish with epoch id=3316
2026-09-16T10:18:52.665506270Z I20260916 10:18:52.665355    44 block_storage_to_file.cpp:46] block store in file successfully, epoch=3316
2026-09-16T10:18:52.737592098Z I20260916 10:18:52.737479   143 consensus_control_block.h:289] consensus of epoch=3317 has reach, all vote yes.
2026-09-16T10:18:52.747504870Z I20260916 10:18:52.747439   150 epoch_txn_queue_manager.h:17] All threads reached barrier, epoch: 3318, count: 4
2026-09-16T10:18:52.756828738Z I20260916 10:18:52.756737   147 transaction_manager_impl.cpp:120] Total, abort: 5 commit: 912
2026-09-16T10:18:52.756844959Z I20260916 10:18:52.756781   147 transaction_manager_impl.cpp:62] Finish with epoch id=3317
2026-09-16T10:18:52.765320713Z I20260916 10:18:52.765209    44 block_storage_to_file.cpp:46] block store in file successfully, epoch=3317
2026-09-16T10:18:52.837886696Z I20260916 10:18:52.837796   143 consensus_control_block.h:289] consensus of epoch=3318 has reach, all vote yes.
2026-09-16T10:18:52.848396042Z I20260916 10:18:52.848269   150 epoch_txn_queue_manager.h:17] All threads reached barrier, epoch: 3319, count: 4
2026-09-16T10:18:52.860522807Z I20260916 10:18:52.860400   147 transaction_manager_impl.cpp:120] Total, abort: 9 commit: 903
2026-09-16T10:18:52.860535317Z I20260916 10:18:52.860430   147 transaction_manager_impl.cpp:62] Finish with epoch id=3318
2026-09-16T10:18:52.869148838Z I20260916 10:18:52.869069    44 block_storage_to_file.cpp:46] block store in file successfully, epoch=3318
2026-09-16T10:18:52.938170040Z I20260916 10:18:52.938079   143 consensus_control_block.h:289] consensus of epoch=3319 has reach, all vote yes.
2026-09-16T10:18:52.947892420Z I20260916 10:18:52.947806   152 epoch_txn_queue_manager.h:17] All threads reached barrier, epoch: 3320, count: 4
2026-09-16T10:18:52.959507170Z I20260916 10:18:52.959400   147 transaction_manager_impl.cpp:120] Total, abort: 5 commit: 901
2026-09-16T10:18:52.959519731Z I20260916 10:18:52.959415   147 transaction_manager_impl.cpp:62] Finish with epoch id=3319
2026-09-16T10:18:52.968649371Z I20260916 10:18:52.968556    44 block_storage_to_file.cpp:46] block store in file successfully, epoch=3319
2026-09-16T10:18:53.038447607Z I20260916 10:18:53.038302   143 consensus_control_block.h:289] consensus of epoch=3320 has reach, all vote yes.
2026-09-16T10:18:53.048615083Z I20260916 10:18:53.048514   152 epoch_txn_queue_manager.h:17] All threads reached barrier, epoch: 3321, count: 4
2026-09-16T10:18:53.059127393Z I20260916 10:18:53.057876   147 transaction_manager_impl.cpp:120] Total, abort: 4 commit: 886
2026-09-16T10:18:53.059138304Z I20260916 10:18:53.057898   147 transaction_manager_impl.cpp:62] Finish with epoch id=3320
2026-09-16T10:18:53.066025324Z I20260916 10:18:53.065932    44 block_storage_to_file.cpp:46] block store in file successfully, epoch=3320
2026-09-16T10:18:53.138718299Z I20260916 10:18:53.138628   143 consensus_control_block.h:289] consensus of epoch=3321 has reach, all vote yes.
2026-09-16T10:18:53.149419334Z I20260916 10:18:53.149246   152 epoch_txn_queue_manager.h:17] All threads reached barrier, epoch: 3322, count: 4
2026-09-16T10:18:53.161968583Z I20260916 10:18:53.161823   147 transaction_manager_impl.cpp:120] Total, abort: 7 commit: 899
2026-09-16T10:18:53.161990022Z I20260916 10:18:53.161854   147 transaction_manager_impl.cpp:62] Finish with epoch id=3321
2026-09-16T10:18:53.170735770Z I20260916 10:18:53.170611    44 block_storage_to_file.cpp:46] block store in file successfully, epoch=3321
2026-09-16T10:18:53.231951122Z [epoch] I20260916 10:18:53.231810     7 chain_client.cpp:83] Sending Request to epoch_server_group at qps=0 latency=0
2026-09-16T10:18:53.238887557Z I20260916 10:18:53.238782   143 consensus_control_block.h:289] consensus of epoch=3322 has reach, all vote yes.
2026-09-16T10:18:53.249556357Z I20260916 10:18:53.249429   149 epoch_txn_queue_manager.h:17] All threads reached barrier, epoch: 3323, count: 4
2026-09-16T10:18:53.259418678Z I20260916 10:18:53.259322   147 transaction_manager_impl.cpp:120] Total, abort: 8 commit: 903
2026-09-16T10:18:53.259427780Z I20260916 10:18:53.259341   147 transaction_manager_impl.cpp:62] Finish with epoch id=3322
2026-09-16T10:18:53.267550724Z I20260916 10:18:53.267405    44 block_storage_to_file.cpp:46] block store in file successfully, epoch=3322
2026-09-16T10:18:53.288253601Z I20260916 10:18:53.288126   143 consensus_control_block.h:289] consensus of epoch=3323 has reach, all vote yes.
2026-09-16T10:18:53.345605862Z I20260916 10:18:53.345530   151 epoch_txn_queue_manager.h:17] All threads reached barrier, epoch: 3324, count: 4
2026-09-16T10:18:53.357441390Z I20260916 10:18:53.357326   147 transaction_manager_impl.cpp:120] Total, abort: 6 commit: 881
2026-09-16T10:18:53.357457040Z I20260916 10:18:53.357347   147 transaction_manager_impl.cpp:62] Finish with epoch id=3323
2026-09-16T10:18:53.366055955Z I20260916 10:18:53.365963    44 block_storage_to_file.cpp:46] block store in file successfully, epoch=3323
2026-09-16T10:18:53.439607134Z I20260916 10:18:53.439531   143 consensus_control_block.h:289] consensus of epoch=3324 has reach, all vote yes.
2026-09-16T10:18:53.446181766Z I20260916 10:18:53.446115   151 epoch_txn_queue_manager.h:17] All threads reached barrier, epoch: 3325, count: 4
2026-09-16T10:18:53.455694626Z I20260916 10:18:53.455516   147 transaction_manager_impl.cpp:120] Total, abort: 10 commit: 876
2026-09-16T10:18:53.455702742Z I20260916 10:18:53.455530   147 transaction_manager_impl.cpp:62] Finish with epoch id=3324
2026-09-16T10:18:53.463899925Z I20260916 10:18:53.463791    44 block_storage_to_file.cpp:46] block store in file successfully, epoch=3324
2026-09-16T10:18:53.539814969Z I20260916 10:18:53.539753   143 consensus_control_block.h:289] consensus of epoch=3325 has reach, all vote yes.
2026-09-16T10:18:53.546891651Z I20260916 10:18:53.546825   151 epoch_txn_queue_manager.h:17] All threads reached barrier, epoch: 3326, count: 4
2026-09-16T10:18:53.558966203Z I20260916 10:18:53.558835   147 transaction_manager_impl.cpp:120] Total, abort: 7 commit: 903
2026-09-16T10:18:53.558983012Z I20260916 10:18:53.558867   147 transaction_manager_impl.cpp:62] Finish with epoch id=3325
2026-09-16T10:18:53.567661593Z I20260916 10:18:53.567545    44 block_storage_to_file.cpp:46] block store in file successfully, epoch=3325
2026-09-16T10:18:53.640070883Z I20260916 10:18:53.639953   143 consensus_control_block.h:289] consensus of epoch=3326 has reach, all vote yes.
2026-09-16T10:18:53.647620241Z I20260916 10:18:53.647537   151 epoch_txn_queue_manager.h:17] All threads reached barrier, epoch: 3327, count: 4
2026-09-16T10:18:53.658431994Z I20260916 10:18:53.658331   147 transaction_manager_impl.cpp:120] Total, abort: 6 commit: 907
2026-09-16T10:18:53.658444414Z I20260916 10:18:53.658344   147 transaction_manager_impl.cpp:62] Finish with epoch id=3326
2026-09-16T10:18:53.667112375Z I20260916 10:18:53.667019    44 block_storage_to_file.cpp:46] block store in file successfully, epoch=3326
2026-09-16T10:18:53.740379082Z I20260916 10:18:53.740239   143 consensus_control_block.h:289] consensus of epoch=3327 has reach, all vote yes.
2026-09-16T10:18:53.748194361Z I20260916 10:18:53.748132   151 epoch_txn_queue_manager.h:17] All threads reached barrier, epoch: 3328, count: 4
2026-09-16T10:18:53.763013646Z I20260916 10:18:53.762873   147 transaction_manager_impl.cpp:120] Total, abort: 10 commit: 904
2026-09-16T10:18:53.763026770Z I20260916 10:18:53.762897   147 transaction_manager_impl.cpp:62] Finish with epoch id=3327
2026-09-16T10:18:53.772573591Z I20260916 10:18:53.772456    44 block_storage_to_file.cpp:46] block store in file successfully, epoch=3327
2026-09-16T10:18:53.840733728Z I20260916 10:18:53.840585   143 consensus_control_block.h:289] consensus of epoch=3328 has reach, all vote yes.
2026-09-16T10:18:53.848958973Z I20260916 10:18:53.848870   151 epoch_txn_queue_manager.h:17] All threads reached barrier, epoch: 3329, count: 4
2026-09-16T10:18:53.860113432Z I20260916 10:18:53.860024   147 transaction_manager_impl.cpp:120] Total, abort: 6 commit: 906
2026-09-16T10:18:53.860128379Z I20260916 10:18:53.860037   147 transaction_manager_impl.cpp:62] Finish with epoch id=3328
2026-09-16T10:18:53.869281097Z I20260916 10:18:53.869194    44 block_storage_to_file.cpp:46] block store in file successfully, epoch=3328
2026-09-16T10:18:53.940965964Z I20260916 10:18:53.940900   143 consensus_control_block.h:289] consensus of epoch=3329 has reach, all vote yes.
2026-09-16T10:18:53.949729641Z I20260916 10:18:53.949604   151 epoch_txn_queue_manager.h:17] All threads reached barrier, epoch: 3330, count: 4
2026-09-16T10:18:53.961315851Z I20260916 10:18:53.961133   147 transaction_manager_impl.cpp:120] Total, abort: 6 commit: 906
2026-09-16T10:18:53.961338666Z I20260916 10:18:53.961179   147 transaction_manager_impl.cpp:62] Finish with epoch id=3329
2026-09-16T10:18:53.970216606Z I20260916 10:18:53.969997    44 block_storage_to_file.cpp:46] block store in file successfully, epoch=3329
2026-09-16T10:18:54.041240727Z I20260916 10:18:54.041158   143 consensus_control_block.h:289] consensus of epoch=3330 has reach, all vote yes.
2026-09-16T10:18:54.050661284Z I20260916 10:18:54.050523   151 epoch_txn_queue_manager.h:17] All threads reached barrier, epoch: 3331, count: 4
2026-09-16T10:18:54.062227508Z I20260916 10:18:54.062134   147 transaction_manager_impl.cpp:120] Total, abort: 9 commit: 902
2026-09-16T10:18:54.062243506Z I20260916 10:18:54.062147   147 transaction_manager_impl.cpp:62] Finish with epoch id=3330
2026-09-16T10:18:54.071107772Z I20260916 10:18:54.070940    44 block_storage_to_file.cpp:46] block store in file successfully, epoch=3330
2026-09-16T10:18:54.141533882Z I20260916 10:18:54.141420   143 consensus_control_block.h:289] consensus of epoch=3331 has reach, all vote yes.
2026-09-16T10:18:54.151045598Z I20260916 10:18:54.150952   151 epoch_txn_queue_manager.h:17] All threads reached barrier, epoch: 3332, count: 4
2026-09-16T10:18:54.159508395Z I20260916 10:18:54.159355   147 transaction_manager_impl.cpp:120] Total, abort: 4 commit: 903
2026-09-16T10:18:54.159523714Z I20260916 10:18:54.159379   147 transaction_manager_impl.cpp:62] Finish with epoch id=3331
2026-09-16T10:18:54.169242461Z I20260916 10:18:54.169127    44 block_storage_to_file.cpp:46] block store in file successfully, epoch=3331
2026-09-16T10:18:54.232040025Z [epoch] I20260916 10:18:54.231910     7 chain_client.cpp:83] Sending Request to epoch_server_group at qps=0 latency=0
2026-09-16T10:18:54.241818846Z I20260916 10:18:54.241678   143 consensus_control_block.h:289] consensus of epoch=3332 has reach, all vote yes.
2026-09-16T10:18:54.251773076Z I20260916 10:18:54.251658   151 epoch_txn_queue_manager.h:17] All threads reached barrier, epoch: 3333, count: 4
2026-09-16T10:18:54.264518844Z I20260916 10:18:54.264420   147 transaction_manager_impl.cpp:120] Total, abort: 4 commit: 908
2026-09-16T10:18:54.264534821Z I20260916 10:18:54.264434   147 transaction_manager_impl.cpp:62] Finish with epoch id=3332
2026-09-16T10:18:54.273421745Z I20260916 10:18:54.273334    44 block_storage_to_file.cpp:46] block store in file successfully, epoch=3332
2026-09-16T10:18:54.288180504Z I20260916 10:18:54.288048   143 consensus_control_block.h:289] consensus of epoch=3333 has reach, all vote yes.
2026-09-16T10:18:54.352518482Z I20260916 10:18:54.352396   151 epoch_txn_queue_manager.h:17] All threads reached barrier, epoch: 3334, count: 4
2026-09-16T10:18:54.361834910Z I20260916 10:18:54.361742   147 transaction_manager_impl.cpp:120] Total, abort: 8 commit: 904
2026-09-16T10:18:54.361847777Z I20260916 10:18:54.361758   147 transaction_manager_impl.cpp:62] Finish with epoch id=3333
2026-09-16T10:18:54.369950296Z I20260916 10:18:54.369818    44 block_storage_to_file.cpp:46] block store in file successfully, epoch=3333
2026-09-16T10:18:54.442490156Z I20260916 10:18:54.442356   143 consensus_control_block.h:289] consensus of epoch=3334 has reach, all vote yes.
2026-09-16T10:18:54.450727764Z I20260916 10:18:54.450546   149 epoch_txn_queue_manager.h:17] All threads reached barrier, epoch: 3335, count: 4
2026-09-16T10:18:54.463120186Z I20260916 10:18:54.462988   147 transaction_manager_impl.cpp:120] Total, abort: 5 commit: 902
2026-09-16T10:18:54.463138160Z I20260916 10:18:54.463016   147 transaction_manager_impl.cpp:62] Finish with epoch id=3334
2026-09-16T10:18:54.472292983Z I20260916 10:18:54.472189    44 block_storage_to_file.cpp:46] block store in file successfully, epoch=3334
2026-09-16T10:18:54.542726720Z I20260916 10:18:54.542665   143 consensus_control_block.h:289] consensus of epoch=3335 has reach, all vote yes.
2026-09-16T10:18:54.551278540Z I20260916 10:18:54.551118   149 epoch_txn_queue_manager.h:17] All threads reached barrier, epoch: 3336, count: 4
2026-09-16T10:18:54.565247403Z I20260916 10:18:54.565114   147 transaction_manager_impl.cpp:120] Total, abort: 8 commit: 881
2026-09-16T10:18:54.565268882Z I20260916 10:18:54.565135   147 transaction_manager_impl.cpp:62] Finish with epoch id=3335
2026-09-16T10:18:54.573555473Z I20260916 10:18:54.573478    44 block_storage_to_file.cpp:46] block store in file successfully, epoch=3335
2026-09-16T10:18:54.643003595Z I20260916 10:18:54.642928   143 consensus_control_block.h:289] consensus of epoch=3336 has reach, all vote yes.
2026-09-16T10:18:54.652211839Z I20260916 10:18:54.652064   149 epoch_txn_queue_manager.h:17] All threads reached barrier, epoch: 3337, count: 4
2026-09-16T10:18:54.662179875Z I20260916 10:18:54.662112   147 transaction_manager_impl.cpp:120] Total, abort: 4 commit: 906
2026-09-16T10:18:54.662209239Z I20260916 10:18:54.662127   147 transaction_manager_impl.cpp:62] Finish with epoch id=3336
2026-09-16T10:18:54.670944779Z I20260916 10:18:54.670811    44 block_storage_to_file.cpp:46] block store in file successfully, epoch=3336
2026-09-16T10:18:54.743232529Z I20260916 10:18:54.743153   143 consensus_control_block.h:289] consensus of epoch=3337 has reach, all vote yes.
2026-09-16T10:18:54.752828469Z I20260916 10:18:54.752709   149 epoch_txn_queue_manager.h:17] All threads reached barrier, epoch: 3338, count: 4
2026-09-16T10:18:54.765625278Z I20260916 10:18:54.765520   147 transaction_manager_impl.cpp:120] Total, abort: 8 commit: 906
2026-09-16T10:18:54.765636926Z I20260916 10:18:54.765539   147 transaction_manager_impl.cpp:62] Finish with epoch id=3337
2026-09-16T10:18:54.777998169Z I20260916 10:18:54.777892    44 block_storage_to_file.cpp:46] block store in file successfully, epoch=3337
2026-09-16T10:18:54.843511143Z I20260916 10:18:54.843447   143 consensus_control_block.h:289] consensus of epoch=3338 has reach, all vote yes.
2026-09-16T10:18:54.853429569Z I20260916 10:18:54.853289   149 epoch_txn_queue_manager.h:17] All threads reached barrier, epoch: 3339, count: 4
2026-09-16T10:18:54.865018740Z I20260916 10:18:54.864856   147 transaction_manager_impl.cpp:120] Total, abort: 5 commit: 902
2026-09-16T10:18:54.865041634Z I20260916 10:18:54.864880   147 transaction_manager_impl.cpp:62] Finish with epoch id=3338
2026-09-16T10:18:54.874252020Z I20260916 10:18:54.874104    44 block_storage_to_file.cpp:46] block store in file successfully, epoch=3338
2026-09-16T10:18:54.943780807Z I20260916 10:18:54.943694   143 consensus_control_block.h:289] consensus of epoch=3339 has reach, all vote yes.
2026-09-16T10:18:54.954170209Z I20260916 10:18:54.954066   149 epoch_txn_queue_manager.h:17] All threads reached barrier, epoch: 3340, count: 4
2026-09-16T10:18:54.963490826Z I20260916 10:18:54.963387   147 transaction_manager_impl.cpp:120] Total, abort: 4 commit: 908
2026-09-16T10:18:54.963505218Z I20260916 10:18:54.963421   147 transaction_manager_impl.cpp:62] Finish with epoch id=3339
2026-09-16T10:18:54.971782740Z I20260916 10:18:54.971637    44 block_storage_to_file.cpp:46] block store in file successfully, epoch=3339
2026-09-16T10:18:55.044094989Z I20260916 10:18:55.043974   143 consensus_control_block.h:289] consensus of epoch=3340 has reach, all vote yes.
2026-09-16T10:18:55.054784036Z I20260916 10:18:55.054582   150 epoch_txn_queue_manager.h:17] All threads reached barrier, epoch: 3341, count: 4
2026-09-16T10:18:55.067017040Z I20260916 10:18:55.066874   147 transaction_manager_impl.cpp:120] Total, abort: 8 commit: 903
2026-09-16T10:18:55.067043009Z I20260916 10:18:55.066893   147 transaction_manager_impl.cpp:62] Finish with epoch id=3340
2026-09-16T10:18:55.075148159Z I20260916 10:18:55.075016    44 block_storage_to_file.cpp:46] block store in file successfully, epoch=3340
2026-09-16T10:18:55.144275204Z I20260916 10:18:55.144172   143 consensus_control_block.h:289] consensus of epoch=3341 has reach, all vote yes.
2026-09-16T10:18:55.154726454Z I20260916 10:18:55.154644   150 epoch_txn_queue_manager.h:17] All threads reached barrier, epoch: 3342, count: 4
2026-09-16T10:18:55.169892248Z I20260916 10:18:55.169754   147 transaction_manager_impl.cpp:120] Total, abort: 6 commit: 881
2026-09-16T10:18:55.169906390Z I20260916 10:18:55.169795   147 transaction_manager_impl.cpp:62] Finish with epoch id=3341
2026-09-16T10:18:55.177840662Z I20260916 10:18:55.177758    44 block_storage_to_file.cpp:46] block store in file successfully, epoch=3341
2026-09-16T10:18:55.232124227Z [epoch] I20260916 10:18:55.231997     7 chain_client.cpp:83] Sending Request to epoch_server_group at qps=0 latency=0
2026-09-16T10:18:55.244563845Z I20260916 10:18:55.244441   143 consensus_control_block.h:289] consensus of epoch=3342 has reach, all vote yes.
2026-09-16T10:18:55.254058954Z I20260916 10:18:55.253974   152 epoch_txn_queue_manager.h:17] All threads reached barrier, epoch: 3343, count: 4
2026-09-16T10:18:55.264410771Z I20260916 10:18:55.263753   147 transaction_manager_impl.cpp:120] Total, abort: 6 commit: 903
2026-09-16T10:18:55.264430384Z I20260916 10:18:55.263795   147 transaction_manager_impl.cpp:62] Finish with epoch id=3342
2026-09-16T10:18:55.273755388Z I20260916 10:18:55.273592    44 block_storage_to_file.cpp:46] block store in file successfully, epoch=3342
2026-09-16T10:18:55.288130555Z I20260916 10:18:55.287995   143 consensus_control_block.h:289] consensus of epoch=3343 has reach, all vote yes.
2026-09-16T10:18:55.354790777Z I20260916 10:18:55.354693   152 epoch_txn_queue_manager.h:17] All threads reached barrier, epoch: 3344, count: 4
2026-09-16T10:18:55.363626386Z I20260916 10:18:55.363507   147 transaction_manager_impl.cpp:120] Total, abort: 6 commit: 885
2026-09-16T10:18:55.363639220Z I20260916 10:18:55.363526   147 transaction_manager_impl.cpp:62] Finish with epoch id=3343
2026-09-16T10:18:55.372294085Z I20260916 10:18:55.372191    44 block_storage_to_file.cpp:46] block store in file successfully, epoch=3343
2026-09-16T10:18:55.407593344Z I20260916 10:18:55.407452   149 epoch_txn_queue_manager.h:17] All threads reached barrier, epoch: 3345, count: 4
2026-09-16T10:18:55.411945292Z I20260916 10:18:55.411734   143 consensus_control_block.h:289] consensus of epoch=3344 has reach, all vote yes.
2026-09-16T10:18:55.420322514Z I20260916 10:18:55.420194   147 transaction_manager_impl.cpp:120] Total, abort: 6 commit: 904
2026-09-16T10:18:55.420338304Z I20260916 10:18:55.420218   147 transaction_manager_impl.cpp:62] Finish with epoch id=3344
2026-09-16T10:18:55.428881490Z I20260916 10:18:55.428705    44 block_storage_to_file.cpp:46] block store in file successfully, epoch=3344
2026-09-16T10:18:55.445222129Z I20260916 10:18:55.445077   143 consensus_control_block.h:289] consensus of epoch=3345 has reach, all vote yes.
2026-09-16T10:18:55.551316876Z I20260916 10:18:55.551159   151 epoch_txn_queue_manager.h:17] All threads reached barrier, epoch: 3346, count: 4
2026-09-16T10:18:55.557831531Z I20260916 10:18:55.557714   147 transaction_manager_impl.cpp:120] Total, abort: 0 commit: 495
2026-09-16T10:18:55.557847673Z I20260916 10:18:55.557744   147 transaction_manager_impl.cpp:62] Finish with epoch id=3345
2026-09-16T10:18:55.563184951Z I20260916 10:18:55.563030    44 block_storage_to_file.cpp:46] block store in file successfully, epoch=3345
2026-09-16T10:18:55.612198293Z I20260916 10:18:55.612016   151 epoch_txn_queue_manager.h:17] All threads reached barrier, epoch: 3347, count: 4
2026-09-16T10:18:55.630175232Z I20260916 10:18:55.629783   143 consensus_control_block.h:289] consensus of epoch=3346 has reach, all vote yes.
2026-09-16T10:18:55.648744188Z I20260916 10:18:55.646879   143 consensus_control_block.h:289] consensus of epoch=3347 has reach, all vote yes.
2026-09-16T10:18:55.654711211Z I20260916 10:18:55.654610   147 transaction_manager_impl.cpp:120] Total, abort: 11 commit: 1294
2026-09-16T10:18:55.654729755Z I20260916 10:18:55.654625   147 transaction_manager_impl.cpp:62] Finish with epoch id=3346
2026-09-16T10:18:55.666821217Z I20260916 10:18:55.666685    44 block_storage_to_file.cpp:46] block store in file successfully, epoch=3346
2026-09-16T10:18:55.710071010Z I20260916 10:18:55.709946   149 epoch_txn_queue_manager.h:17] All threads reached barrier, epoch: 3348, count: 4
2026-09-16T10:18:55.717406882Z I20260916 10:18:55.717353   147 transaction_manager_impl.cpp:120] Total, abort: 1 commit: 510
2026-09-16T10:18:55.717412624Z I20260916 10:18:55.717371   147 transaction_manager_impl.cpp:62] Finish with epoch id=3347
2026-09-16T10:18:55.722644397Z I20260916 10:18:55.722550    44 block_storage_to_file.cpp:46] block store in file successfully, epoch=3347
2026-09-16T10:18:55.748158423Z I20260916 10:18:55.748072   143 consensus_control_block.h:289] consensus of epoch=3348 has reach, all vote yes.
2026-09-16T10:18:55.853935976Z I20260916 10:18:55.853652   151 epoch_txn_queue_manager.h:17] All threads reached barrier, epoch: 3349, count: 4
2026-09-16T10:18:55.866415009Z I20260916 10:18:55.866274   147 transaction_manager_impl.cpp:120] Total, abort: 5 commit: 921
2026-09-16T10:18:55.866431275Z I20260916 10:18:55.866297   147 transaction_manager_impl.cpp:62] Finish with epoch id=3348
2026-09-16T10:18:55.875886551Z I20260916 10:18:55.875787    44 block_storage_to_file.cpp:46] block store in file successfully, epoch=3348
2026-09-16T10:18:55.948578585Z I20260916 10:18:55.948493   143 consensus_control_block.h:289] consensus of epoch=3349 has reach, all vote yes.
2026-09-16T10:18:55.954394155Z I20260916 10:18:55.954291   151 epoch_txn_queue_manager.h:17] All threads reached barrier, epoch: 3350, count: 4
2026-09-16T10:18:55.969950576Z I20260916 10:18:55.969825   147 transaction_manager_impl.cpp:120] Total, abort: 8 commit: 1292
2026-09-16T10:18:55.969970403Z I20260916 10:18:55.969847   147 transaction_manager_impl.cpp:62] Finish with epoch id=3349
2026-09-16T10:18:55.981925503Z I20260916 10:18:55.981798    44 block_storage_to_file.cpp:46] block store in file successfully, epoch=3349
2026-09-16T10:18:56.048775413Z I20260916 10:18:56.048702   143 consensus_control_block.h:289] consensus of epoch=3350 has reach, all vote yes.
2026-09-16T10:18:56.055376615Z I20260916 10:18:56.055243   151 epoch_txn_queue_manager.h:17] All threads reached barrier, epoch: 3351, count: 4
2026-09-16T10:18:56.068115566Z I20260916 10:18:56.068014   147 transaction_manager_impl.cpp:120] Total, abort: 6 commit: 904
2026-09-16T10:18:56.068129254Z I20260916 10:18:56.068028   147 transaction_manager_impl.cpp:62] Finish with epoch id=3350
2026-09-16T10:18:56.076714046Z I20260916 10:18:56.076629    44 block_storage_to_file.cpp:46] block store in file successfully, epoch=3350
2026-09-16T10:18:56.149038018Z I20260916 10:18:56.148947   143 consensus_control_block.h:289] consensus of epoch=3351 has reach, all vote yes.
2026-09-16T10:18:56.155864897Z I20260916 10:18:56.155725   151 epoch_txn_queue_manager.h:17] All threads reached barrier, epoch: 3352, count: 4
2026-09-16T10:18:56.165350457Z I20260916 10:18:56.165176   147 transaction_manager_impl.cpp:120] Total, abort: 6 commit: 903
2026-09-16T10:18:56.165371680Z I20260916 10:18:56.165195   147 transaction_manager_impl.cpp:62] Finish with epoch id=3351
2026-09-16T10:18:56.174615029Z I20260916 10:18:56.174500    44 block_storage_to_file.cpp:46] block store in file successfully, epoch=3351
2026-09-16T10:18:56.232232300Z [epoch] I20260916 10:18:56.232100     7 chain_client.cpp:83] Sending Request to epoch_server_group at qps=0 latency=0
2026-09-16T10:18:56.249286231Z I20260916 10:18:56.249208   143 consensus_control_block.h:289] consensus of epoch=3352 has reach, all vote yes.
2026-09-16T10:18:56.256450194Z I20260916 10:18:56.256361   151 epoch_txn_queue_manager.h:17] All threads reached barrier, epoch: 3353, count: 4
2026-09-16T10:18:56.268041640Z I20260916 10:18:56.267935   147 transaction_manager_impl.cpp:120] Total, abort: 6 commit: 907
2026-09-16T10:18:56.268056292Z I20260916 10:18:56.267948   147 transaction_manager_impl.cpp:62] Finish with epoch id=3352
2026-09-16T10:18:56.276699913Z I20260916 10:18:56.276566    44 block_storage_to_file.cpp:46] block store in file successfully, epoch=3352
2026-09-16T10:18:56.288356150Z I20260916 10:18:56.288219   143 consensus_control_block.h:289] consensus of epoch=3353 has reach, all vote yes.
2026-09-16T10:18:56.357243071Z I20260916 10:18:56.357095   151 epoch_txn_queue_manager.h:17] All threads reached barrier, epoch: 3354, count: 4
2026-09-16T10:18:56.370616463Z I20260916 10:18:56.369410   147 transaction_manager_impl.cpp:120] Total, abort: 7 commit: 903
2026-09-16T10:18:56.370633035Z I20260916 10:18:56.369426   147 transaction_manager_impl.cpp:62] Finish with epoch id=3353
2026-09-16T10:18:56.378892931Z I20260916 10:18:56.378790    44 block_storage_to_file.cpp:46] block store in file successfully, epoch=3353
2026-09-16T10:18:56.449746975Z I20260916 10:18:56.449663   143 consensus_control_block.h:289] consensus of epoch=3354 has reach, all vote yes.
2026-09-16T10:18:56.458201048Z I20260916 10:18:56.458104   151 epoch_txn_queue_manager.h:17] All threads reached barrier, epoch: 3355, count: 4
2026-09-16T10:18:56.468130014Z I20260916 10:18:56.468015   147 transaction_manager_impl.cpp:120] Total, abort: 6 commit: 905
2026-09-16T10:18:56.468144421Z I20260916 10:18:56.468031   147 transaction_manager_impl.cpp:62] Finish with epoch id=3354
2026-09-16T10:18:56.477186640Z I20260916 10:18:56.477104    44 block_storage_to_file.cpp:46] block store in file successfully, epoch=3354
2026-09-16T10:18:56.549953096Z I20260916 10:18:56.549882   143 consensus_control_block.h:289] consensus of epoch=3355 has reach, all vote yes.
2026-09-16T10:18:56.558919513Z I20260916 10:18:56.558815   151 epoch_txn_queue_manager.h:17] All threads reached barrier, epoch: 3356, count: 4
2026-09-16T10:18:56.571658202Z I20260916 10:18:56.571568   147 transaction_manager_impl.cpp:120] Total, abort: 4 commit: 904
2026-09-16T10:18:56.571677147Z I20260916 10:18:56.571583   147 transaction_manager_impl.cpp:62] Finish with epoch id=3355
2026-09-16T10:18:56.579871245Z I20260916 10:18:56.579746    44 block_storage_to_file.cpp:46] block store in file successfully, epoch=3355
2026-09-16T10:18:56.650303342Z I20260916 10:18:56.650195   143 consensus_control_block.h:289] consensus of epoch=3356 has reach, all vote yes.
2026-09-16T10:18:56.656997894Z I20260916 10:18:56.656872   150 epoch_txn_queue_manager.h:17] All threads reached barrier, epoch: 3357, count: 4
2026-09-16T10:18:56.667707454Z I20260916 10:18:56.667518   147 transaction_manager_impl.cpp:120] Total, abort: 6 commit: 907
2026-09-16T10:18:56.667727147Z I20260916 10:18:56.667558   147 transaction_manager_impl.cpp:62] Finish with epoch id=3356
2026-09-16T10:18:56.676088996Z I20260916 10:18:56.675968    44 block_storage_to_file.cpp:46] block store in file successfully, epoch=3356
2026-09-16T10:18:56.717982172Z I20260916 10:18:56.717851   150 epoch_txn_queue_manager.h:17] All threads reached barrier, epoch: 3358, count: 4
2026-09-16T10:18:56.719644625Z I20260916 10:18:56.719558   143 consensus_control_block.h:289] consensus of epoch=3357 has reach, all vote yes.
2026-09-16T10:18:56.727942175Z I20260916 10:18:56.727829   147 transaction_manager_impl.cpp:120] Total, abort: 6 commit: 882
2026-09-16T10:18:56.727959195Z I20260916 10:18:56.727846   147 transaction_manager_impl.cpp:62] Finish with epoch id=3357
2026-09-16T10:18:56.736258436Z I20260916 10:18:56.736181    44 block_storage_to_file.cpp:46] block store in file successfully, epoch=3357
2026-09-16T10:18:56.750478336Z I20260916 10:18:56.750398   143 consensus_control_block.h:289] consensus of epoch=3358 has reach, all vote yes.
2026-09-16T10:18:56.858554494Z I20260916 10:18:56.858474   150 epoch_txn_queue_manager.h:17] All threads reached barrier, epoch: 3359, count: 4
2026-09-16T10:18:56.866984611Z I20260916 10:18:56.866840   147 transaction_manager_impl.cpp:120] Total, abort: 3 commit: 552
2026-09-16T10:18:56.866999552Z I20260916 10:18:56.866859   147 transaction_manager_impl.cpp:62] Finish with epoch id=3358
2026-09-16T10:18:56.872696687Z I20260916 10:18:56.872575    44 block_storage_to_file.cpp:46] block store in file successfully, epoch=3358
2026-09-16T10:18:56.950918792Z I20260916 10:18:56.950840   143 consensus_control_block.h:289] consensus of epoch=3359 has reach, all vote yes.
2026-09-16T10:18:56.959183485Z I20260916 10:18:56.959038   150 epoch_txn_queue_manager.h:17] All threads reached barrier, epoch: 3360, count: 4
2026-09-16T10:18:56.974109824Z I20260916 10:18:56.973091   147 transaction_manager_impl.cpp:120] Total, abort: 11 commit: 1262
2026-09-16T10:18:56.974135554Z I20260916 10:18:56.973188   147 transaction_manager_impl.cpp:62] Finish with epoch id=3359
2026-09-16T10:18:56.984436693Z I20260916 10:18:56.984349    44 block_storage_to_file.cpp:46] block store in file successfully, epoch=3359
2026-09-16T10:18:57.051189625Z I20260916 10:18:57.051092   143 consensus_control_block.h:289] consensus of epoch=3360 has reach, all vote yes.
2026-09-16T10:18:57.059933579Z I20260916 10:18:57.059856   150 epoch_txn_queue_manager.h:17] All threads reached barrier, epoch: 3361, count: 4
2026-09-16T10:18:57.076802770Z I20260916 10:18:57.075289   147 transaction_manager_impl.cpp:120] Total, abort: 7 commit: 903
2026-09-16T10:18:57.076831439Z I20260916 10:18:57.075304   147 transaction_manager_impl.cpp:62] Finish with epoch id=3360
2026-09-16T10:18:57.083982476Z I20260916 10:18:57.083874    44 block_storage_to_file.cpp:46] block store in file successfully, epoch=3360
2026-09-16T10:18:57.151367626Z I20260916 10:18:57.151280   143 consensus_control_block.h:289] consensus of epoch=3361 has reach, all vote yes.
2026-09-16T10:18:57.160154427Z I20260916 10:18:57.160032   149 epoch_txn_queue_manager.h:17] All threads reached barrier, epoch: 3362, count: 4
2026-09-16T10:18:57.169837738Z I20260916 10:18:57.169153   147 transaction_manager_impl.cpp:120] Total, abort: 6 commit: 902
2026-09-16T10:18:57.169843875Z I20260916 10:18:57.169186   147 transaction_manager_impl.cpp:62] Finish with epoch id=3361
2026-09-16T10:18:57.177803656Z I20260916 10:18:57.177671    44 block_storage_to_file.cpp:46] block store in file successfully, epoch=3361
2026-09-16T10:18:57.232322692Z [epoch] I20260916 10:18:57.232204     7 chain_client.cpp:83] Sending Request to epoch_server_group at qps=0 latency=0
2026-09-16T10:18:57.251706543Z I20260916 10:18:57.251513   143 consensus_control_block.h:289] consensus of epoch=3362 has reach, all vote yes.
2026-09-16T10:18:57.260958289Z I20260916 10:18:57.260852   149 epoch_txn_queue_manager.h:17] All threads reached barrier, epoch: 3363, count: 4
2026-09-16T10:18:57.273901640Z I20260916 10:18:57.273769   147 transaction_manager_impl.cpp:120] Total, abort: 6 commit: 889
2026-09-16T10:18:57.273919096Z I20260916 10:18:57.273833   147 transaction_manager_impl.cpp:62] Finish with epoch id=3362
2026-09-16T10:18:57.282161845Z I20260916 10:18:57.282037    44 block_storage_to_file.cpp:46] block store in file successfully, epoch=3362
2026-09-16T10:18:57.288333008Z I20260916 10:18:57.288204   143 consensus_control_block.h:289] consensus of epoch=3363 has reach, all vote yes.
2026-09-16T10:18:57.361479331Z I20260916 10:18:57.361394   149 epoch_txn_queue_manager.h:17] All threads reached barrier, epoch: 3364, count: 4
2026-09-16T10:18:57.372091489Z I20260916 10:18:57.371949   147 transaction_manager_impl.cpp:120] Total, abort: 4 commit: 906
2026-09-16T10:18:57.372107698Z I20260916 10:18:57.371963   147 transaction_manager_impl.cpp:62] Finish with epoch id=3363
2026-09-16T10:18:57.380557916Z I20260916 10:18:57.380407    44 block_storage_to_file.cpp:46] block store in file successfully, epoch=3363
2026-09-16T10:18:57.452051372Z I20260916 10:18:57.451987   143 consensus_control_block.h:289] consensus of epoch=3364 has reach, all vote yes.
2026-09-16T10:18:57.460749271Z I20260916 10:18:57.460659   152 epoch_txn_queue_manager.h:17] All threads reached barrier, epoch: 3365, count: 4
2026-09-16T10:18:57.471231677Z I20260916 10:18:57.471123   147 transaction_manager_impl.cpp:120] Total, abort: 6 commit: 906
2026-09-16T10:18:57.471246080Z I20260916 10:18:57.471141   147 transaction_manager_impl.cpp:62] Finish with epoch id=3364
2026-09-16T10:18:57.479592426Z I20260916 10:18:57.479514    44 block_storage_to_file.cpp:46] block store in file successfully, epoch=3364
2026-09-16T10:18:57.552293176Z I20260916 10:18:57.552208   143 consensus_control_block.h:289] consensus of epoch=3365 has reach, all vote yes.
2026-09-16T10:18:57.561400823Z I20260916 10:18:57.561290   152 epoch_txn_queue_manager.h:17] All threads reached barrier, epoch: 3366, count: 4
2026-09-16T10:18:57.578094393Z I20260916 10:18:57.577979   147 transaction_manager_impl.cpp:120] Total, abort: 5 commit: 883
2026-09-16T10:18:57.578109985Z I20260916 10:18:57.577999   147 transaction_manager_impl.cpp:62] Finish with epoch id=3365
2026-09-16T10:18:57.586523106Z I20260916 10:18:57.586405    44 block_storage_to_file.cpp:46] block store in file successfully, epoch=3365
2026-09-16T10:18:57.652516277Z I20260916 10:18:57.652431   143 consensus_control_block.h:289] consensus of epoch=3366 has reach, all vote yes.
2026-09-16T10:18:57.661967330Z I20260916 10:18:57.661897   152 epoch_txn_queue_manager.h:17] All threads reached barrier, epoch: 3367, count: 4
2026-09-16T10:18:57.672805549Z I20260916 10:18:57.672706   147 transaction_manager_impl.cpp:120] Total, abort: 9 commit: 898
2026-09-16T10:18:57.672819239Z I20260916 10:18:57.672720   147 transaction_manager_impl.cpp:62] Finish with epoch id=3366
2026-09-16T10:18:57.681104227Z I20260916 10:18:57.680992    44 block_storage_to_file.cpp:46] block store in file successfully, epoch=3366
2026-09-16T10:18:57.752752903Z I20260916 10:18:57.752678   143 consensus_control_block.h:289] consensus of epoch=3367 has reach, all vote yes.
2026-09-16T10:18:57.762652425Z I20260916 10:18:57.762566   152 epoch_txn_queue_manager.h:17] All threads reached barrier, epoch: 3368, count: 4
2026-09-16T10:18:57.773618550Z I20260916 10:18:57.773552   147 transaction_manager_impl.cpp:120] Total, abort: 6 commit: 906
2026-09-16T10:18:57.773630851Z I20260916 10:18:57.773566   147 transaction_manager_impl.cpp:62] Finish with epoch id=3367
2026-09-16T10:18:57.782242461Z I20260916 10:18:57.782159    44 block_storage_to_file.cpp:46] block store in file successfully, epoch=3367
2026-09-16T10:18:57.853044288Z I20260916 10:18:57.852943   143 consensus_control_block.h:289] consensus of epoch=3368 has reach, all vote yes.
2026-09-16T10:18:57.863503101Z I20260916 10:18:57.863402   152 epoch_txn_queue_manager.h:17] All threads reached barrier, epoch: 3369, count: 4
2026-09-16T10:18:57.875492640Z I20260916 10:18:57.875370   147 transaction_manager_impl.cpp:120] Total, abort: 6 commit: 905
2026-09-16T10:18:57.875505923Z I20260916 10:18:57.875397   147 transaction_manager_impl.cpp:62] Finish with epoch id=3368
2026-09-16T10:18:57.884797873Z I20260916 10:18:57.884466    44 block_storage_to_file.cpp:46] block store in file successfully, epoch=3368
2026-09-16T10:18:57.953241599Z I20260916 10:18:57.953154   143 consensus_control_block.h:289] consensus of epoch=3369 has reach, all vote yes.
2026-09-16T10:18:57.962241968Z I20260916 10:18:57.962144   151 epoch_txn_queue_manager.h:17] All threads reached barrier, epoch: 3370, count: 4
2026-09-16T10:18:57.977438844Z I20260916 10:18:57.977330   147 transaction_manager_impl.cpp:120] Total, abort: 5 commit: 902
2026-09-16T10:18:57.977455899Z I20260916 10:18:57.977355   147 transaction_manager_impl.cpp:62] Finish with epoch id=3369
2026-09-16T10:18:57.995296028Z I20260916 10:18:57.995172    44 block_storage_to_file.cpp:46] block store in file successfully, epoch=3369
2026-09-16T10:18:58.021902921Z I20260916 10:18:58.021673   143 consensus_control_block.h:289] consensus of epoch=3370 has reach, all vote yes.
2026-09-16T10:18:58.022429017Z I20260916 10:18:58.022372   150 epoch_txn_queue_manager.h:17] All threads reached barrier, epoch: 3371, count: 4
2026-09-16T10:18:58.033852783Z I20260916 10:18:58.033663   147 transaction_manager_impl.cpp:120] Total, abort: 12 commit: 876
2026-09-16T10:18:58.033868158Z I20260916 10:18:58.033687   147 transaction_manager_impl.cpp:62] Finish with epoch id=3370
2026-09-16T10:18:58.042093324Z I20260916 10:18:58.041976    44 block_storage_to_file.cpp:46] block store in file successfully, epoch=3370
2026-09-16T10:18:58.053472224Z I20260916 10:18:58.053371   143 consensus_control_block.h:289] consensus of epoch=3371 has reach, all vote yes.
2026-09-16T10:18:58.115178948Z I20260916 10:18:58.115082   152 epoch_txn_queue_manager.h:17] All threads reached barrier, epoch: 3372, count: 4
2026-09-16T10:18:58.123455290Z I20260916 10:18:58.123364   147 transaction_manager_impl.cpp:120] Total, abort: 2 commit: 526
2026-09-16T10:18:58.123467243Z I20260916 10:18:58.123391   147 transaction_manager_impl.cpp:62] Finish with epoch id=3371
2026-09-16T10:18:58.129815620Z I20260916 10:18:58.129733    44 block_storage_to_file.cpp:46] block store in file successfully, epoch=3371
2026-09-16T10:18:58.153760223Z I20260916 10:18:58.153664   143 consensus_control_block.h:289] consensus of epoch=3372 has reach, all vote yes.
2026-09-16T10:18:58.232432445Z [epoch] I20260916 10:18:58.232291     7 chain_client.cpp:83] Sending Request to epoch_server_group at qps=0 latency=0
2026-09-16T10:18:58.264595701Z I20260916 10:18:58.264456   151 epoch_txn_queue_manager.h:17] All threads reached barrier, epoch: 3373, count: 4
2026-09-16T10:18:58.277742036Z I20260916 10:18:58.277601   147 transaction_manager_impl.cpp:120] Total, abort: 5 commit: 862
2026-09-16T10:18:58.277757861Z I20260916 10:18:58.277617   147 transaction_manager_impl.cpp:62] Finish with epoch id=3372
2026-09-16T10:18:58.286458505Z I20260916 10:18:58.286301    44 block_storage_to_file.cpp:46] block store in file successfully, epoch=3372
2026-09-16T10:18:58.289353899Z I20260916 10:18:58.289217   143 consensus_control_block.h:289] consensus of epoch=3373 has reach, all vote yes.
2026-09-16T10:18:58.361976459Z I20260916 10:18:58.361824   149 epoch_txn_queue_manager.h:17] All threads reached barrier, epoch: 3374, count: 4
2026-09-16T10:18:58.387627402Z I20260916 10:18:58.387531   147 transaction_manager_impl.cpp:120] Total, abort: 9 commit: 1336
2026-09-16T10:18:58.387641905Z I20260916 10:18:58.387545   147 transaction_manager_impl.cpp:62] Finish with epoch id=3373
2026-09-16T10:18:58.402035516Z I20260916 10:18:58.401921    44 block_storage_to_file.cpp:46] block store in file successfully, epoch=3373
2026-09-16T10:18:58.418368597Z I20260916 10:18:58.417900   152 epoch_txn_queue_manager.h:17] All threads reached barrier, epoch: 3375, count: 4
2026-09-16T10:18:58.424113044Z I20260916 10:18:58.423978   143 consensus_control_block.h:289] consensus of epoch=3374 has reach, all vote yes.
2026-09-16T10:18:58.434485957Z I20260916 10:18:58.434345   147 transaction_manager_impl.cpp:120] Total, abort: 4 commit: 882
2026-09-16T10:18:58.434507326Z I20260916 10:18:58.434367   147 transaction_manager_impl.cpp:62] Finish with epoch id=3374
2026-09-16T10:18:58.443957094Z I20260916 10:18:58.443835    44 block_storage_to_file.cpp:46] block store in file successfully, epoch=3374
2026-09-16T10:18:58.454581008Z I20260916 10:18:58.454500   143 consensus_control_block.h:289] consensus of epoch=3375 has reach, all vote yes.
2026-09-16T10:18:58.563445543Z I20260916 10:18:58.563258   150 epoch_txn_queue_manager.h:17] All threads reached barrier, epoch: 3376, count: 4
2026-09-16T10:18:58.572805396Z I20260916 10:18:58.572616   147 transaction_manager_impl.cpp:120] Total, abort: 3 commit: 501
2026-09-16T10:18:58.572829469Z I20260916 10:18:58.572640   147 transaction_manager_impl.cpp:62] Finish with epoch id=3375
2026-09-16T10:18:58.580548616Z I20260916 10:18:58.580446    44 block_storage_to_file.cpp:46] block store in file successfully, epoch=3375
2026-09-16T10:18:58.655283503Z I20260916 10:18:58.655186   143 consensus_control_block.h:289] consensus of epoch=3376 has reach, all vote yes.
2026-09-16T10:18:58.664312120Z I20260916 10:18:58.664250   150 epoch_txn_queue_manager.h:17] All threads reached barrier, epoch: 3377, count: 4
2026-09-16T10:18:58.679967016Z I20260916 10:18:58.679066   147 transaction_manager_impl.cpp:120] Total, abort: 7 commit: 1315
2026-09-16T10:18:58.679987907Z I20260916 10:18:58.679108   147 transaction_manager_impl.cpp:62] Finish with epoch id=3376
2026-09-16T10:18:58.692492850Z I20260916 10:18:58.692399    44 block_storage_to_file.cpp:46] block store in file successfully, epoch=3376
2026-09-16T10:18:58.755520929Z I20260916 10:18:58.755452   143 consensus_control_block.h:289] consensus of epoch=3377 has reach, all vote yes.
2026-09-16T10:18:58.765111859Z I20260916 10:18:58.765015   150 epoch_txn_queue_manager.h:17] All threads reached barrier, epoch: 3378, count: 4
2026-09-16T10:18:58.780256576Z I20260916 10:18:58.778666   147 transaction_manager_impl.cpp:120] Total, abort: 5 commit: 909
2026-09-16T10:18:58.780275594Z I20260916 10:18:58.778697   147 transaction_manager_impl.cpp:62] Finish with epoch id=3377
2026-09-16T10:18:58.788264390Z I20260916 10:18:58.788091    44 block_storage_to_file.cpp:46] block store in file successfully, epoch=3377
2026-09-16T10:18:58.821875966Z I20260916 10:18:58.821719   152 epoch_txn_queue_manager.h:17] All threads reached barrier, epoch: 3379, count: 4
2026-09-16T10:18:58.824061575Z I20260916 10:18:58.823927   143 consensus_control_block.h:289] consensus of epoch=3378 has reach, all vote yes.
2026-09-16T10:18:58.833884214Z I20260916 10:18:58.833796   147 transaction_manager_impl.cpp:120] Total, abort: 7 commit: 902
2026-09-16T10:18:58.833897399Z I20260916 10:18:58.833812   147 transaction_manager_impl.cpp:62] Finish with epoch id=3378
2026-09-16T10:18:58.842547190Z I20260916 10:18:58.842450    44 block_storage_to_file.cpp:46] block store in file successfully, epoch=3378
2026-09-16T10:18:58.855849805Z I20260916 10:18:58.855703   143 consensus_control_block.h:289] consensus of epoch=3379 has reach, all vote yes.
2026-09-16T10:18:58.966700776Z I20260916 10:18:58.966341   150 epoch_txn_queue_manager.h:17] All threads reached barrier, epoch: 3380, count: 4
2026-09-16T10:18:58.974449762Z I20260916 10:18:58.974326   147 transaction_manager_impl.cpp:120] Total, abort: 4 commit: 502
2026-09-16T10:18:58.974465253Z I20260916 10:18:58.974372   147 transaction_manager_impl.cpp:62] Finish with epoch id=3379
2026-09-16T10:18:58.980827840Z I20260916 10:18:58.980530    44 block_storage_to_file.cpp:46] block store in file successfully, epoch=3379
2026-09-16T10:18:59.056402437Z I20260916 10:18:59.056305   143 consensus_control_block.h:289] consensus of epoch=3380 has reach, all vote yes.
2026-09-16T10:18:59.067083942Z I20260916 10:18:59.066962   150 epoch_txn_queue_manager.h:17] All threads reached barrier, epoch: 3381, count: 4
2026-09-16T10:18:59.083358779Z I20260916 10:18:59.083241   147 transaction_manager_impl.cpp:120] Total, abort: 7 commit: 1293
2026-09-16T10:18:59.083379276Z I20260916 10:18:59.083261   147 transaction_manager_impl.cpp:62] Finish with epoch id=3380
2026-09-16T10:18:59.095182139Z I20260916 10:18:59.095082    44 block_storage_to_file.cpp:46] block store in file successfully, epoch=3380
2026-09-16T10:18:59.156712764Z I20260916 10:18:59.156622   143 consensus_control_block.h:289] consensus of epoch=3381 has reach, all vote yes.
2026-09-16T10:18:59.164190509Z I20260916 10:18:59.164119   152 epoch_txn_queue_manager.h:17] All threads reached barrier, epoch: 3382, count: 4
2026-09-16T10:18:59.173095635Z I20260916 10:18:59.172937   147 transaction_manager_impl.cpp:120] Total, abort: 6 commit: 903
2026-09-16T10:18:59.173117454Z I20260916 10:18:59.172964   147 transaction_manager_impl.cpp:62] Finish with epoch id=3381
2026-09-16T10:18:59.183320519Z I20260916 10:18:59.183185    44 block_storage_to_file.cpp:46] block store in file successfully, epoch=3381
2026-09-16T10:18:59.228103127Z I20260916 10:18:59.228030   150 epoch_txn_queue_manager.h:17] All threads reached barrier, epoch: 3383, count: 4
2026-09-16T10:18:59.232499235Z [epoch] I20260916 10:18:59.232380     7 chain_client.cpp:83] Sending Request to epoch_server_group at qps=0 latency=0
2026-09-16T10:18:59.256994705Z I20260916 10:18:59.256911   143 consensus_control_block.h:289] consensus of epoch=3382 has reach, all vote yes.
2026-09-16T10:18:59.267727027Z I20260916 10:18:59.267624   147 transaction_manager_impl.cpp:120] Total, abort: 5 commit: 886
2026-09-16T10:18:59.267746907Z I20260916 10:18:59.267639   147 transaction_manager_impl.cpp:62] Finish with epoch id=3382
2026-09-16T10:18:59.274206193Z I20260916 10:18:59.274081   143 consensus_control_block.h:289] consensus of epoch=3383 has reach, all vote yes.
2026-09-16T10:18:59.275560593Z I20260916 10:18:59.275496    44 block_storage_to_file.cpp:46] block store in file successfully, epoch=3382
2026-09-16T10:18:59.365628990Z I20260916 10:18:59.365510   152 epoch_txn_queue_manager.h:17] All threads reached barrier, epoch: 3384, count: 4
2026-09-16T10:18:59.372032831Z I20260916 10:18:59.371953   147 transaction_manager_impl.cpp:120] Total, abort: 4 commit: 567
2026-09-16T10:18:59.372042757Z I20260916 10:18:59.371973   147 transaction_manager_impl.cpp:62] Finish with epoch id=3383
2026-09-16T10:18:59.377576954Z I20260916 10:18:59.377449    44 block_storage_to_file.cpp:46] block store in file successfully, epoch=3383
2026-09-16T10:18:59.457657084Z I20260916 10:18:59.457509   143 consensus_control_block.h:289] consensus of epoch=3384 has reach, all vote yes.
2026-09-16T10:18:59.467183748Z I20260916 10:18:59.467087   152 epoch_txn_queue_manager.h:17] All threads reached barrier, epoch: 3385, count: 4
2026-09-16T10:18:59.482395100Z I20260916 10:18:59.482110   147 transaction_manager_impl.cpp:120] Total, abort: 9 commit: 1238
2026-09-16T10:18:59.482413630Z I20260916 10:18:59.482146   147 transaction_manager_impl.cpp:62] Finish with epoch id=3384
2026-09-16T10:18:59.493986722Z I20260916 10:18:59.493898    44 block_storage_to_file.cpp:46] block store in file successfully, epoch=3384
2026-09-16T10:18:59.557926115Z I20260916 10:18:59.557811   143 consensus_control_block.h:289] consensus of epoch=3385 has reach, all vote yes.
2026-09-16T10:18:59.568321104Z I20260916 10:18:59.568197   152 epoch_txn_queue_manager.h:17] All threads reached barrier, epoch: 3386, count: 4
2026-09-16T10:18:59.579997151Z I20260916 10:18:59.579906   147 transaction_manager_impl.cpp:120] Total, abort: 5 commit: 911
2026-09-16T10:18:59.580008795Z I20260916 10:18:59.579922   147 transaction_manager_impl.cpp:62] Finish with epoch id=3385
2026-09-16T10:18:59.588898849Z I20260916 10:18:59.588810    44 block_storage_to_file.cpp:46] block store in file successfully, epoch=3385
2026-09-16T10:18:59.658214741Z I20260916 10:18:59.658041   143 consensus_control_block.h:289] consensus of epoch=3386 has reach, all vote yes.
2026-09-16T10:18:59.668609615Z I20260916 10:18:59.668543   152 epoch_txn_queue_manager.h:17] All threads reached barrier, epoch: 3387, count: 4
2026-09-16T10:18:59.677527693Z I20260916 10:18:59.677439   147 transaction_manager_impl.cpp:120] Total, abort: 7 commit: 903
2026-09-16T10:18:59.677539759Z I20260916 10:18:59.677451   147 transaction_manager_impl.cpp:62] Finish with epoch id=3386
2026-09-16T10:18:59.686029866Z I20260916 10:18:59.685940    44 block_storage_to_file.cpp:46] block store in file successfully, epoch=3386
2026-09-16T10:18:59.758539437Z I20260916 10:18:59.758463   143 consensus_control_block.h:289] consensus of epoch=3387 has reach, all vote yes.
2026-09-16T10:18:59.769229062Z I20260916 10:18:59.769119   152 epoch_txn_queue_manager.h:17] All threads reached barrier, epoch: 3388, count: 4
2026-09-16T10:18:59.780220058Z I20260916 10:18:59.780085   147 transaction_manager_impl.cpp:120] Total, abort: 6 commit: 904
2026-09-16T10:18:59.780230820Z I20260916 10:18:59.780115   147 transaction_manager_impl.cpp:62] Finish with epoch id=3387
2026-09-16T10:18:59.788568845Z I20260916 10:18:59.788411    44 block_storage_to_file.cpp:46] block store in file successfully, epoch=3387
2026-09-16T10:18:59.858993622Z I20260916 10:18:59.858912   143 consensus_control_block.h:289] consensus of epoch=3388 has reach, all vote yes.
2026-09-16T10:18:59.870276865Z I20260916 10:18:59.870122   152 epoch_txn_queue_manager.h:17] All threads reached barrier, epoch: 3389, count: 4
2026-09-16T10:18:59.883443582Z I20260916 10:18:59.883317   147 transaction_manager_impl.cpp:120] Total, abort: 6 commit: 906
2026-09-16T10:18:59.883476532Z I20260916 10:18:59.883332   147 transaction_manager_impl.cpp:62] Finish with epoch id=3388
2026-09-16T10:18:59.891923228Z I20260916 10:18:59.891865    44 block_storage_to_file.cpp:46] block store in file successfully, epoch=3388
2026-09-16T10:18:59.959236170Z I20260916 10:18:59.959159   143 consensus_control_block.h:289] consensus of epoch=3389 has reach, all vote yes.
2026-09-16T10:18:59.966800615Z I20260916 10:18:59.966681   151 epoch_txn_queue_manager.h:17] All threads reached barrier, epoch: 3390, count: 4
2026-09-16T10:18:59.975824674Z I20260916 10:18:59.975713   147 transaction_manager_impl.cpp:120] Total, abort: 5 commit: 903
2026-09-16T10:18:59.975838785Z I20260916 10:18:59.975726   147 transaction_manager_impl.cpp:62] Finish with epoch id=3389
2026-09-16T10:18:59.984596505Z I20260916 10:18:59.984504    44 block_storage_to_file.cpp:46] block store in file successfully, epoch=3389
2026-09-16T10:19:00.061843747Z I20260916 10:19:00.061744   143 consensus_control_block.h:289] consensus of epoch=3390 has reach, all vote yes.
2026-09-16T10:19:00.073171869Z I20260916 10:19:00.073030   151 epoch_txn_queue_manager.h:17] All threads reached barrier, epoch: 3391, count: 4
2026-09-16T10:19:00.093693137Z I20260916 10:19:00.093559   147 transaction_manager_impl.cpp:120] Total, abort: 7 commit: 878
2026-09-16T10:19:00.093731144Z I20260916 10:19:00.093618   147 transaction_manager_impl.cpp:62] Finish with epoch id=3390
2026-09-16T10:19:00.101903235Z I20260916 10:19:00.101778    44 block_storage_to_file.cpp:46] block store in file successfully, epoch=3390
2026-09-16T10:19:00.162059487Z I20260916 10:19:00.161940   143 consensus_control_block.h:289] consensus of epoch=3391 has reach, all vote yes.
2026-09-16T10:19:00.171870799Z I20260916 10:19:00.171764   152 epoch_txn_queue_manager.h:17] All threads reached barrier, epoch: 3392, count: 4
2026-09-16T10:19:00.182537564Z I20260916 10:19:00.182406   147 transaction_manager_impl.cpp:120] Total, abort: 6 commit: 842
2026-09-16T10:19:00.182553351Z I20260916 10:19:00.182422   147 transaction_manager_impl.cpp:62] Finish with epoch id=3391
2026-09-16T10:19:00.190628515Z I20260916 10:19:00.190529    44 block_storage_to_file.cpp:46] block store in file successfully, epoch=3391
2026-09-16T10:19:00.232643988Z [epoch] I20260916 10:19:00.232484     7 chain_client.cpp:83] Sending Request to epoch_server_group at qps=0 latency=0
2026-09-16T10:19:00.262243785Z I20260916 10:19:00.262137   143 consensus_control_block.h:289] consensus of epoch=3392 has reach, all vote yes.
2026-09-16T10:19:00.272780043Z I20260916 10:19:00.272701   152 epoch_txn_queue_manager.h:17] All threads reached barrier, epoch: 3393, count: 4
2026-09-16T10:19:00.282998817Z I20260916 10:19:00.282835   147 transaction_manager_impl.cpp:120] Total, abort: 8 commit: 990
2026-09-16T10:19:00.283017290Z I20260916 10:19:00.282866   147 transaction_manager_impl.cpp:62] Finish with epoch id=3392
2026-09-16T10:19:00.289008893Z I20260916 10:19:00.288851   143 consensus_control_block.h:289] consensus of epoch=3393 has reach, all vote yes.
2026-09-16T10:19:00.292209285Z I20260916 10:19:00.292120    44 block_storage_to_file.cpp:46] block store in file successfully, epoch=3392
2026-09-16T10:19:00.370250717Z I20260916 10:19:00.370146   149 epoch_txn_queue_manager.h:17] All threads reached barrier, epoch: 3394, count: 4
2026-09-16T10:19:00.382184519Z I20260916 10:19:00.382082   147 transaction_manager_impl.cpp:120] Total, abort: 6 commit: 907
2026-09-16T10:19:00.382194882Z I20260916 10:19:00.382102   147 transaction_manager_impl.cpp:62] Finish with epoch id=3393
2026-09-16T10:19:00.391441852Z I20260916 10:19:00.391239    44 block_storage_to_file.cpp:46] block store in file successfully, epoch=3393
2026-09-16T10:19:00.462633674Z I20260916 10:19:00.462563   143 consensus_control_block.h:289] consensus of epoch=3394 has reach, all vote yes.
2026-09-16T10:19:00.470514444Z I20260916 10:19:00.470391   149 epoch_txn_queue_manager.h:17] All threads reached barrier, epoch: 3395, count: 4
2026-09-16T10:19:00.479245271Z I20260916 10:19:00.479120   147 transaction_manager_impl.cpp:120] Total, abort: 6 commit: 879
2026-09-16T10:19:00.479265285Z I20260916 10:19:00.479136   147 transaction_manager_impl.cpp:62] Finish with epoch id=3394
2026-09-16T10:19:00.487343405Z I20260916 10:19:00.487247    44 block_storage_to_file.cpp:46] block store in file successfully, epoch=3394
2026-09-16T10:19:00.562873749Z I20260916 10:19:00.562778   143 consensus_control_block.h:289] consensus of epoch=3395 has reach, all vote yes.
2026-09-16T10:19:00.571653659Z I20260916 10:19:00.571496   149 epoch_txn_queue_manager.h:17] All threads reached barrier, epoch: 3396, count: 4
2026-09-16T10:19:00.586703657Z I20260916 10:19:00.586570   147 transaction_manager_impl.cpp:120] Total, abort: 5 commit: 909
2026-09-16T10:19:00.586727523Z I20260916 10:19:00.586597   147 transaction_manager_impl.cpp:62] Finish with epoch id=3395
2026-09-16T10:19:00.595111427Z I20260916 10:19:00.595016    44 block_storage_to_file.cpp:46] block store in file successfully, epoch=3395
2026-09-16T10:19:00.663039189Z I20260916 10:19:00.662969   143 consensus_control_block.h:289] consensus of epoch=3396 has reach, all vote yes.
2026-09-16T10:19:00.672561038Z I20260916 10:19:00.672408   149 epoch_txn_queue_manager.h:17] All threads reached barrier, epoch: 3397, count: 4
2026-09-16T10:19:00.685568831Z I20260916 10:19:00.685433   147 transaction_manager_impl.cpp:120] Total, abort: 6 commit: 903
2026-09-16T10:19:00.685598411Z I20260916 10:19:00.685484   147 transaction_manager_impl.cpp:62] Finish with epoch id=3396
2026-09-16T10:19:00.693593982Z I20260916 10:19:00.693441    44 block_storage_to_file.cpp:46] block store in file successfully, epoch=3396
2026-09-16T10:19:00.763286500Z I20260916 10:19:00.763180   143 consensus_control_block.h:289] consensus of epoch=3397 has reach, all vote yes.
2026-09-16T10:19:00.773101895Z I20260916 10:19:00.772960   149 epoch_txn_queue_manager.h:17] All threads reached barrier, epoch: 3398, count: 4
2026-09-16T10:19:00.786554340Z I20260916 10:19:00.785017   147 transaction_manager_impl.cpp:120] Total, abort: 6 commit: 911
2026-09-16T10:19:00.786582845Z I20260916 10:19:00.785053   147 transaction_manager_impl.cpp:62] Finish with epoch id=3397
2026-09-16T10:19:00.794178810Z I20260916 10:19:00.794067    44 block_storage_to_file.cpp:46] block store in file successfully, epoch=3397
2026-09-16T10:19:00.863552253Z I20260916 10:19:00.863458   143 consensus_control_block.h:289] consensus of epoch=3398 has reach, all vote yes.
2026-09-16T10:19:00.874074932Z I20260916 10:19:00.873899   149 epoch_txn_queue_manager.h:17] All threads reached barrier, epoch: 3399, count: 4
2026-09-16T10:19:00.893996488Z I20260916 10:19:00.893868   147 transaction_manager_impl.cpp:120] Total, abort: 5 commit: 904
2026-09-16T10:19:00.894015716Z I20260916 10:19:00.893887   147 transaction_manager_impl.cpp:62] Finish with epoch id=3398
2026-09-16T10:19:00.902833434Z I20260916 10:19:00.902709    44 block_storage_to_file.cpp:46] block store in file successfully, epoch=3398
2026-09-16T10:19:00.930940403Z I20260916 10:19:00.930821   150 epoch_txn_queue_manager.h:17] All threads reached barrier, epoch: 3400, count: 4
2026-09-16T10:19:00.933368961Z I20260916 10:19:00.933261   143 consensus_control_block.h:289] consensus of epoch=3399 has reach, all vote yes.
2026-09-16T10:19:00.940715485Z I20260916 10:19:00.940625   147 transaction_manager_impl.cpp:120] Total, abort: 4 commit: 907
2026-09-16T10:19:00.940734940Z I20260916 10:19:00.940639   147 transaction_manager_impl.cpp:62] Finish with epoch id=3399
2026-09-16T10:19:00.948805077Z I20260916 10:19:00.948706    44 block_storage_to_file.cpp:46] block store in file successfully, epoch=3399
2026-09-16T10:19:00.963831828Z I20260916 10:19:00.963726   143 consensus_control_block.h:289] consensus of epoch=3400 has reach, all vote yes.
2026-09-16T10:19:01.074382627Z I20260916 10:19:01.074285   151 epoch_txn_queue_manager.h:17] All threads reached barrier, epoch: 3401, count: 4
2026-09-16T10:19:01.082352882Z I20260916 10:19:01.082284   147 transaction_manager_impl.cpp:120] Total, abort: 5 commit: 499
2026-09-16T10:19:01.082359825Z I20260916 10:19:01.082307   147 transaction_manager_impl.cpp:62] Finish with epoch id=3400
2026-09-16T10:19:01.087686801Z I20260916 10:19:01.087513    44 block_storage_to_file.cpp:46] block store in file successfully, epoch=3400
2026-09-16T10:19:01.164201296Z I20260916 10:19:01.164125   143 consensus_control_block.h:289] consensus of epoch=3401 has reach, all vote yes.
2026-09-16T10:19:01.175059108Z I20260916 10:19:01.174973   151 epoch_txn_queue_manager.h:17] All threads reached barrier, epoch: 3402, count: 4
2026-09-16T10:19:01.186993250Z I20260916 10:19:01.186841   147 transaction_manager_impl.cpp:120] Total, abort: 9 commit: 1289
2026-09-16T10:19:01.187010129Z I20260916 10:19:01.186885   147 transaction_manager_impl.cpp:62] Finish with epoch id=3401
2026-09-16T10:19:01.198947800Z I20260916 10:19:01.198844    44 block_storage_to_file.cpp:46] block store in file successfully, epoch=3401
2026-09-16T10:19:01.232814699Z [epoch] I20260916 10:19:01.232581     7 chain_client.cpp:83] Sending Request to epoch_server_group at qps=0 latency=0
2026-09-16T10:19:01.264435292Z I20260916 10:19:01.264354   143 consensus_control_block.h:289] consensus of epoch=3402 has reach, all vote yes.
2026-09-16T10:19:01.273543905Z I20260916 10:19:01.273384   150 epoch_txn_queue_manager.h:17] All threads reached barrier, epoch: 3403, count: 4
2026-09-16T10:19:01.286313907Z I20260916 10:19:01.286192   147 transaction_manager_impl.cpp:120] Total, abort: 4 commit: 905
2026-09-16T10:19:01.286329749Z I20260916 10:19:01.286238   147 transaction_manager_impl.cpp:62] Finish with epoch id=3402
2026-09-16T10:19:01.295240452Z I20260916 10:19:01.295163    44 block_storage_to_file.cpp:46] block store in file successfully, epoch=3402
2026-09-16T10:19:01.363640245Z I20260916 10:19:01.363507   143 consensus_control_block.h:289] consensus of epoch=3403 has reach, all vote yes.
2026-09-16T10:19:01.373979298Z I20260916 10:19:01.373914   150 epoch_txn_queue_manager.h:17] All threads reached barrier, epoch: 3404, count: 4
2026-09-16T10:19:01.384332976Z I20260916 10:19:01.383350   147 transaction_manager_impl.cpp:120] Total, abort: 6 commit: 881
2026-09-16T10:19:01.384345421Z I20260916 10:19:01.383378   147 transaction_manager_impl.cpp:62] Finish with epoch id=3403
2026-09-16T10:19:01.392109767Z I20260916 10:19:01.392020    44 block_storage_to_file.cpp:46] block store in file successfully, epoch=3403
2026-09-16T10:19:01.464852012Z I20260916 10:19:01.464768   143 consensus_control_block.h:289] consensus of epoch=3404 has reach, all vote yes.
2026-09-16T10:19:01.474870394Z I20260916 10:19:01.474768   150 epoch_txn_queue_manager.h:17] All threads reached barrier, epoch: 3405, count: 4
2026-09-16T10:19:01.487154504Z I20260916 10:19:01.487052   147 transaction_manager_impl.cpp:120] Total, abort: 5 commit: 906
2026-09-16T10:19:01.487168675Z I20260916 10:19:01.487073   147 transaction_manager_impl.cpp:62] Finish with epoch id=3404
2026-09-16T10:19:01.496748026Z I20260916 10:19:01.496632    44 block_storage_to_file.cpp:46] block store in file successfully, epoch=3404
2026-09-16T10:19:01.565162110Z I20260916 10:19:01.565033   143 consensus_control_block.h:289] consensus of epoch=3405 has reach, all vote yes.
2026-09-16T10:19:01.575666409Z I20260916 10:19:01.575565   150 epoch_txn_queue_manager.h:17] All threads reached barrier, epoch: 3406, count: 4
2026-09-16T10:19:01.585820532Z I20260916 10:19:01.585711   147 transaction_manager_impl.cpp:120] Total, abort: 5 commit: 905
2026-09-16T10:19:01.585833559Z I20260916 10:19:01.585738   147 transaction_manager_impl.cpp:62] Finish with epoch id=3405
2026-09-16T10:19:01.594849709Z I20260916 10:19:01.594755    44 block_storage_to_file.cpp:46] block store in file successfully, epoch=3405
2026-09-16T10:19:01.665404750Z I20260916 10:19:01.665288   143 consensus_control_block.h:289] consensus of epoch=3406 has reach, all vote yes.
2026-09-16T10:19:01.676510106Z I20260916 10:19:01.676430   150 epoch_txn_queue_manager.h:17] All threads reached barrier, epoch: 3407, count: 4
2026-09-16T10:19:01.688926784Z I20260916 10:19:01.688813   147 transaction_manager_impl.cpp:120] Total, abort: 6 commit: 907
2026-09-16T10:19:01.688938234Z I20260916 10:19:01.688860   147 transaction_manager_impl.cpp:62] Finish with epoch id=3406
2026-09-16T10:19:01.697671874Z I20260916 10:19:01.697571    44 block_storage_to_file.cpp:46] block store in file successfully, epoch=3406
2026-09-16T10:19:01.729088595Z I20260916 10:19:01.728965   151 epoch_txn_queue_manager.h:17] All threads reached barrier, epoch: 3408, count: 4
2026-09-16T10:19:01.730560469Z I20260916 10:19:01.730434   143 consensus_control_block.h:289] consensus of epoch=3407 has reach, all vote yes.
2026-09-16T10:19:01.740364441Z I20260916 10:19:01.740281   147 transaction_manager_impl.cpp:120] Total, abort: 4 commit: 907
2026-09-16T10:19:01.740376764Z I20260916 10:19:01.740309   147 transaction_manager_impl.cpp:62] Finish with epoch id=3407
2026-09-16T10:19:01.748160444Z I20260916 10:19:01.748054    44 block_storage_to_file.cpp:46] block store in file successfully, epoch=3407
2026-09-16T10:19:01.765584341Z I20260916 10:19:01.765507   143 consensus_control_block.h:289] consensus of epoch=3408 has reach, all vote yes.
2026-09-16T10:19:01.877195568Z I20260916 10:19:01.877074   152 epoch_txn_queue_manager.h:17] All threads reached barrier, epoch: 3409, count: 4
2026-09-16T10:19:01.887667935Z I20260916 10:19:01.887530   147 transaction_manager_impl.cpp:120] Total, abort: 4 commit: 476
2026-09-16T10:19:01.887681117Z I20260916 10:19:01.887563   147 transaction_manager_impl.cpp:62] Finish with epoch id=3408
2026-09-16T10:19:01.897779533Z I20260916 10:19:01.897619    44 block_storage_to_file.cpp:46] block store in file successfully, epoch=3408
2026-09-16T10:19:01.930569042Z I20260916 10:19:01.930480   151 epoch_txn_queue_manager.h:17] All threads reached barrier, epoch: 3410, count: 4
2026-09-16T10:19:01.933674363Z I20260916 10:19:01.933599   143 consensus_control_block.h:289] consensus of epoch=3409 has reach, all vote yes.
2026-09-16T10:19:01.946010073Z I20260916 10:19:01.945895   147 transaction_manager_impl.cpp:120] Total, abort: 8 commit: 1310
2026-09-16T10:19:01.946027816Z I20260916 10:19:01.945914   147 transaction_manager_impl.cpp:62] Finish with epoch id=3409
2026-09-16T10:19:01.957600359Z I20260916 10:19:01.957482    44 block_storage_to_file.cpp:46] block store in file successfully, epoch=3409
2026-09-16T10:19:01.966074120Z I20260916 10:19:01.965982   143 consensus_control_block.h:289] consensus of epoch=3410 has reach, all vote yes.
2026-09-16T10:19:02.073835902Z I20260916 10:19:02.073679   149 epoch_txn_queue_manager.h:17] All threads reached barrier, epoch: 3411, count: 4
2026-09-16T10:19:02.081624044Z I20260916 10:19:02.081506   147 transaction_manager_impl.cpp:120] Total, abort: 4 commit: 500
2026-09-16T10:19:02.081645290Z I20260916 10:19:02.081521   147 transaction_manager_impl.cpp:62] Finish with epoch id=3410
2026-09-16T10:19:02.086430476Z I20260916 10:19:02.086297    44 block_storage_to_file.cpp:46] block store in file successfully, epoch=3410
2026-09-16T10:19:02.166498493Z I20260916 10:19:02.166425   143 consensus_control_block.h:289] consensus of epoch=3411 has reach, all vote yes.
2026-09-16T10:19:02.174737742Z I20260916 10:19:02.174630   149 epoch_txn_queue_manager.h:17] All threads reached barrier, epoch: 3412, count: 4
2026-09-16T10:19:02.190940375Z I20260916 10:19:02.190790   147 transaction_manager_impl.cpp:120] Total, abort: 8 commit: 1289
2026-09-16T10:19:02.190958799Z I20260916 10:19:02.190809   147 transaction_manager_impl.cpp:62] Finish with epoch id=3411
2026-09-16T10:19:02.203145302Z I20260916 10:19:02.202986    44 block_storage_to_file.cpp:46] block store in file successfully, epoch=3411
2026-09-16T10:19:02.232841754Z [epoch] I20260916 10:19:02.232683     7 chain_client.cpp:83] Sending Request to epoch_server_group at qps=0 latency=0
2026-09-16T10:19:02.266687364Z I20260916 10:19:02.266618   143 consensus_control_block.h:289] consensus of epoch=3412 has reach, all vote yes.
2026-09-16T10:19:02.275531466Z I20260916 10:19:02.275422   149 epoch_txn_queue_manager.h:17] All threads reached barrier, epoch: 3413, count: 4
2026-09-16T10:19:02.285644323Z I20260916 10:19:02.285563   147 transaction_manager_impl.cpp:120] Total, abort: 9 commit: 898
2026-09-16T10:19:02.285649141Z I20260916 10:19:02.285578   147 transaction_manager_impl.cpp:62] Finish with epoch id=3412
2026-09-16T10:19:02.294713341Z I20260916 10:19:02.294557    44 block_storage_to_file.cpp:46] block store in file successfully, epoch=3412
2026-09-16T10:19:02.366902083Z I20260916 10:19:02.366829   143 consensus_control_block.h:289] consensus of epoch=3413 has reach, all vote yes.
2026-09-16T10:19:02.376306258Z I20260916 10:19:02.376206   149 epoch_txn_queue_manager.h:17] All threads reached barrier, epoch: 3414, count: 4
2026-09-16T10:19:02.389011521Z I20260916 10:19:02.388880   147 transaction_manager_impl.cpp:120] Total, abort: 5 commit: 908
2026-09-16T10:19:02.389023216Z I20260916 10:19:02.388898   147 transaction_manager_impl.cpp:62] Finish with epoch id=3413
2026-09-16T10:19:02.397565604Z I20260916 10:19:02.397459    44 block_storage_to_file.cpp:46] block store in file successfully, epoch=3413
2026-09-16T10:19:02.467169947Z I20260916 10:19:02.467063   143 consensus_control_block.h:289] consensus of epoch=3414 has reach, all vote yes.
2026-09-16T10:19:02.476972192Z I20260916 10:19:02.476871   149 epoch_txn_queue_manager.h:17] All threads reached barrier, epoch: 3415, count: 4
2026-09-16T10:19:02.489807108Z I20260916 10:19:02.489693   147 transaction_manager_impl.cpp:120] Total, abort: 4 commit: 907
2026-09-16T10:19:02.489824615Z I20260916 10:19:02.489723   147 transaction_manager_impl.cpp:62] Finish with epoch id=3414
2026-09-16T10:19:02.525847695Z I20260916 10:19:02.525705    44 block_storage_to_file.cpp:46] block store in file successfully, epoch=3414
2026-09-16T10:19:02.567358465Z I20260916 10:19:02.567263   143 consensus_control_block.h:289] consensus of epoch=3415 has reach, all vote yes.
2026-09-16T10:19:02.576357741Z I20260916 10:19:02.576195   152 epoch_txn_queue_manager.h:17] All threads reached barrier, epoch: 3416, count: 4
2026-09-16T10:19:02.587772241Z I20260916 10:19:02.587683   147 transaction_manager_impl.cpp:120] Total, abort: 5 commit: 905
2026-09-16T10:19:02.587782354Z I20260916 10:19:02.587695   147 transaction_manager_impl.cpp:62] Finish with epoch id=3415
2026-09-16T10:19:02.596038001Z I20260916 10:19:02.595917    44 block_storage_to_file.cpp:46] block store in file successfully, epoch=3415
2026-09-16T10:19:02.667560916Z I20260916 10:19:02.667486   143 consensus_control_block.h:289] consensus of epoch=3416 has reach, all vote yes.
2026-09-16T10:19:02.677166975Z I20260916 10:19:02.677053   152 epoch_txn_queue_manager.h:17] All threads reached barrier, epoch: 3417, count: 4
2026-09-16T10:19:02.687313436Z I20260916 10:19:02.687182   147 transaction_manager_impl.cpp:120] Total, abort: 6 commit: 911
2026-09-16T10:19:02.687336669Z I20260916 10:19:02.687201   147 transaction_manager_impl.cpp:62] Finish with epoch id=3416
2026-09-16T10:19:02.697332786Z I20260916 10:19:02.697235    44 block_storage_to_file.cpp:46] block store in file successfully, epoch=3416
2026-09-16T10:19:02.767791995Z I20260916 10:19:02.767702   143 consensus_control_block.h:289] consensus of epoch=3417 has reach, all vote yes.
2026-09-16T10:19:02.777785988Z I20260916 10:19:02.777705   152 epoch_txn_queue_manager.h:17] All threads reached barrier, epoch: 3418, count: 4
2026-09-16T10:19:02.792816530Z I20260916 10:19:02.791267   147 transaction_manager_impl.cpp:120] Total, abort: 4 commit: 908
2026-09-16T10:19:02.792839583Z I20260916 10:19:02.791287   147 transaction_manager_impl.cpp:62] Finish with epoch id=3417
2026-09-16T10:19:02.800296060Z I20260916 10:19:02.800207    44 block_storage_to_file.cpp:46] block store in file successfully, epoch=3417
2026-09-16T10:19:02.868015129Z I20260916 10:19:02.867911   143 consensus_control_block.h:289] consensus of epoch=3418 has reach, all vote yes.
2026-09-16T10:19:02.878517079Z I20260916 10:19:02.878386   152 epoch_txn_queue_manager.h:17] All threads reached barrier, epoch: 3419, count: 4
2026-09-16T10:19:02.888401297Z I20260916 10:19:02.888284   147 transaction_manager_impl.cpp:120] Total, abort: 4 commit: 905
2026-09-16T10:19:02.888416143Z I20260916 10:19:02.888316   147 transaction_manager_impl.cpp:62] Finish with epoch id=3418
2026-09-16T10:19:02.898379941Z I20260916 10:19:02.898260    44 block_storage_to_file.cpp:46] block store in file successfully, epoch=3418
2026-09-16T10:19:02.968668406Z I20260916 10:19:02.968586   143 consensus_control_block.h:289] consensus of epoch=3419 has reach, all vote yes.
2026-09-16T10:19:02.979523524Z I20260916 10:19:02.979398   149 epoch_txn_queue_manager.h:17] All threads reached barrier, epoch: 3420, count: 4
2026-09-16T10:19:02.990127915Z I20260916 10:19:02.990027   147 transaction_manager_impl.cpp:120] Total, abort: 6 commit: 905
2026-09-16T10:19:02.990138813Z I20260916 10:19:02.990043   147 transaction_manager_impl.cpp:62] Finish with epoch id=3419
2026-09-16T10:19:02.998618043Z I20260916 10:19:02.998481    44 block_storage_to_file.cpp:46] block store in file successfully, epoch=3419
2026-09-16T10:19:03.068882814Z I20260916 10:19:03.068809   143 consensus_control_block.h:289] consensus of epoch=3420 has reach, all vote yes.
2026-09-16T10:19:03.079986217Z I20260916 10:19:03.079866   149 epoch_txn_queue_manager.h:17] All threads reached barrier, epoch: 3421, count: 4
2026-09-16T10:19:03.091498191Z I20260916 10:19:03.091382   147 transaction_manager_impl.cpp:120] Total, abort: 4 commit: 902
2026-09-16T10:19:03.091514620Z I20260916 10:19:03.091426   147 transaction_manager_impl.cpp:62] Finish with epoch id=3420
2026-09-16T10:19:03.099810492Z I20260916 10:19:03.099674    44 block_storage_to_file.cpp:46] block store in file successfully, epoch=3420
2026-09-16T10:19:03.136665846Z I20260916 10:19:03.136584   150 epoch_txn_queue_manager.h:17] All threads reached barrier, epoch: 3422, count: 4
2026-09-16T10:19:03.138430280Z I20260916 10:19:03.138293   143 consensus_control_block.h:289] consensus of epoch=3421 has reach, all vote yes.
2026-09-16T10:19:03.147946906Z I20260916 10:19:03.147835   147 transaction_manager_impl.cpp:120] Total, abort: 6 commit: 886
2026-09-16T10:19:03.147960963Z I20260916 10:19:03.147854   147 transaction_manager_impl.cpp:62] Finish with epoch id=3421
2026-09-16T10:19:03.157236558Z I20260916 10:19:03.157112    44 block_storage_to_file.cpp:46] block store in file successfully, epoch=3421
2026-09-16T10:19:03.169101340Z I20260916 10:19:03.169039   143 consensus_control_block.h:289] consensus of epoch=3422 has reach, all vote yes.
2026-09-16T10:19:03.232862967Z [epoch] I20260916 10:19:03.232738     7 chain_client.cpp:83] Sending Request to epoch_server_group at qps=0 latency=0
2026-09-16T10:19:03.277895965Z I20260916 10:19:03.277794   150 epoch_txn_queue_manager.h:17] All threads reached barrier, epoch: 3423, count: 4
2026-09-16T10:19:03.285632009Z I20260916 10:19:03.285537   147 transaction_manager_impl.cpp:120] Total, abort: 7 commit: 492
2026-09-16T10:19:03.285644050Z I20260916 10:19:03.285552   147 transaction_manager_impl.cpp:62] Finish with epoch id=3422
2026-09-16T10:19:03.291098336Z I20260916 10:19:03.290997    44 block_storage_to_file.cpp:46] block store in file successfully, epoch=3422
2026-09-16T10:19:03.369594541Z I20260916 10:19:03.369527   143 consensus_control_block.h:289] consensus of epoch=3423 has reach, all vote yes.
2026-09-16T10:19:03.378877357Z I20260916 10:19:03.378768   150 epoch_txn_queue_manager.h:17] All threads reached barrier, epoch: 3424, count: 4
2026-09-16T10:19:03.391244759Z I20260916 10:19:03.391175   147 transaction_manager_impl.cpp:120] Total, abort: 8 commit: 1269
2026-09-16T10:19:03.391252129Z I20260916 10:19:03.391189   147 transaction_manager_impl.cpp:62] Finish with epoch id=3423
2026-09-16T10:19:03.403364416Z I20260916 10:19:03.403259    44 block_storage_to_file.cpp:46] block store in file successfully, epoch=3423
2026-09-16T10:19:03.470233636Z I20260916 10:19:03.470140   143 consensus_control_block.h:289] consensus of epoch=3424 has reach, all vote yes.
2026-09-16T10:19:03.479541423Z I20260916 10:19:03.479453   150 epoch_txn_queue_manager.h:17] All threads reached barrier, epoch: 3425, count: 4
2026-09-16T10:19:03.492095087Z I20260916 10:19:03.491987   147 transaction_manager_impl.cpp:120] Total, abort: 4 commit: 909
2026-09-16T10:19:03.492105640Z I20260916 10:19:03.492002   147 transaction_manager_impl.cpp:62] Finish with epoch id=3424
2026-09-16T10:19:03.502326136Z I20260916 10:19:03.502244    44 block_storage_to_file.cpp:46] block store in file successfully, epoch=3424
2026-09-16T10:19:03.534158004Z I20260916 10:19:03.533972   152 epoch_txn_queue_manager.h:17] All threads reached barrier, epoch: 3426, count: 4
2026-09-16T10:19:03.536052068Z I20260916 10:19:03.535984   143 consensus_control_block.h:289] consensus of epoch=3425 has reach, all vote yes.
2026-09-16T10:19:03.545099277Z I20260916 10:19:03.545019   147 transaction_manager_impl.cpp:120] Total, abort: 7 commit: 906
2026-09-16T10:19:03.545111270Z I20260916 10:19:03.545030   147 transaction_manager_impl.cpp:62] Finish with epoch id=3425
2026-09-16T10:19:03.553191215Z I20260916 10:19:03.553090    44 block_storage_to_file.cpp:46] block store in file successfully, epoch=3425
2026-09-16T10:19:03.570507591Z I20260916 10:19:03.570389   143 consensus_control_block.h:289] consensus of epoch=3426 has reach, all vote yes.
2026-09-16T10:19:03.680965670Z I20260916 10:19:03.680826   150 epoch_txn_queue_manager.h:17] All threads reached barrier, epoch: 3427, count: 4
2026-09-16T10:19:03.688808071Z I20260916 10:19:03.688723   147 transaction_manager_impl.cpp:120] Total, abort: 4 commit: 522
2026-09-16T10:19:03.688819376Z I20260916 10:19:03.688736   147 transaction_manager_impl.cpp:62] Finish with epoch id=3426
2026-09-16T10:19:03.694954656Z I20260916 10:19:03.694864    44 block_storage_to_file.cpp:46] block store in file successfully, epoch=3426
2026-09-16T10:19:03.770950532Z I20260916 10:19:03.770879   143 consensus_control_block.h:289] consensus of epoch=3427 has reach, all vote yes.
2026-09-16T10:19:03.781808646Z I20260916 10:19:03.781659   150 epoch_txn_queue_manager.h:17] All threads reached barrier, epoch: 3428, count: 4
2026-09-16T10:19:03.795005944Z I20260916 10:19:03.794879   147 transaction_manager_impl.cpp:120] Total, abort: 8 commit: 1287
2026-09-16T10:19:03.795022623Z I20260916 10:19:03.794895   147 transaction_manager_impl.cpp:62] Finish with epoch id=3427
2026-09-16T10:19:03.806362006Z I20260916 10:19:03.806232    44 block_storage_to_file.cpp:46] block store in file successfully, epoch=3427
2026-09-16T10:19:03.871161872Z I20260916 10:19:03.871079   143 consensus_control_block.h:289] consensus of epoch=3428 has reach, all vote yes.
2026-09-16T10:19:03.876693227Z I20260916 10:19:03.876616   152 epoch_txn_queue_manager.h:17] All threads reached barrier, epoch: 3429, count: 4
2026-09-16T10:19:03.889399844Z I20260916 10:19:03.889302   147 transaction_manager_impl.cpp:120] Total, abort: 7 commit: 904
2026-09-16T10:19:03.889412031Z I20260916 10:19:03.889333   147 transaction_manager_impl.cpp:62] Finish with epoch id=3428
2026-09-16T10:19:03.897774587Z I20260916 10:19:03.897554    44 block_storage_to_file.cpp:46] block store in file successfully, epoch=3428
2026-09-16T10:19:03.971406705Z I20260916 10:19:03.971335   143 consensus_control_block.h:289] consensus of epoch=3429 has reach, all vote yes.
2026-09-16T10:19:03.977554733Z I20260916 10:19:03.977484   150 epoch_txn_queue_manager.h:17] All threads reached barrier, epoch: 3430, count: 4
2026-09-16T10:19:03.991669696Z I20260916 10:19:03.991534   147 transaction_manager_impl.cpp:120] Total, abort: 5 commit: 883
2026-09-16T10:19:03.991681183Z I20260916 10:19:03.991568   147 transaction_manager_impl.cpp:62] Finish with epoch id=3429
2026-09-16T10:19:03.999697061Z I20260916 10:19:03.999601    44 block_storage_to_file.cpp:46] block store in file successfully, epoch=3429
2026-09-16T10:19:04.071679749Z I20260916 10:19:04.071609   143 consensus_control_block.h:289] consensus of epoch=3430 has reach, all vote yes.
2026-09-16T10:19:04.078257147Z I20260916 10:19:04.078166   150 epoch_txn_queue_manager.h:17] All threads reached barrier, epoch: 3431, count: 4
2026-09-16T10:19:04.088864254Z I20260916 10:19:04.088763   147 transaction_manager_impl.cpp:120] Total, abort: 4 commit: 917
2026-09-16T10:19:04.088875974Z I20260916 10:19:04.088778   147 transaction_manager_impl.cpp:62] Finish with epoch id=3430
2026-09-16T10:19:04.097032406Z I20260916 10:19:04.096920    44 block_storage_to_file.cpp:46] block store in file successfully, epoch=3430
2026-09-16T10:19:04.171913581Z I20260916 10:19:04.171808   143 consensus_control_block.h:289] consensus of epoch=3431 has reach, all vote yes.
2026-09-16T10:19:04.178891673Z I20260916 10:19:04.178797   152 epoch_txn_queue_manager.h:17] All threads reached barrier, epoch: 3432, count: 4
2026-09-16T10:19:04.189406098Z I20260916 10:19:04.189317   147 transaction_manager_impl.cpp:120] Total, abort: 5 commit: 906
2026-09-16T10:19:04.189415950Z I20260916 10:19:04.189342   147 transaction_manager_impl.cpp:62] Finish with epoch id=3431
2026-09-16T10:19:04.197724817Z I20260916 10:19:04.197623    44 block_storage_to_file.cpp:46] block store in file successfully, epoch=3431
2026-09-16T10:19:04.233019081Z [epoch] I20260916 10:19:04.232822     7 chain_client.cpp:83] Sending Request to epoch_server_group at qps=0 latency=0
2026-09-16T10:19:04.272081527Z I20260916 10:19:04.272002   143 consensus_control_block.h:289] consensus of epoch=3432 has reach, all vote yes.
2026-09-16T10:19:04.279720922Z I20260916 10:19:04.279639   150 epoch_txn_queue_manager.h:17] All threads reached barrier, epoch: 3433, count: 4
2026-09-16T10:19:04.291963177Z I20260916 10:19:04.291832   147 transaction_manager_impl.cpp:120] Total, abort: 5 commit: 903
2026-09-16T10:19:04.291973828Z I20260916 10:19:04.291846   147 transaction_manager_impl.cpp:62] Finish with epoch id=3432
2026-09-16T10:19:04.300417904Z I20260916 10:19:04.300297    44 block_storage_to_file.cpp:46] block store in file successfully, epoch=3432
2026-09-16T10:19:04.372385598Z I20260916 10:19:04.372232   143 consensus_control_block.h:289] consensus of epoch=3433 has reach, all vote yes.
2026-09-16T10:19:04.380246531Z I20260916 10:19:04.380157   150 epoch_txn_queue_manager.h:17] All threads reached barrier, epoch: 3434, count: 4
2026-09-16T10:19:04.389665272Z I20260916 10:19:04.389560   147 transaction_manager_impl.cpp:120] Total, abort: 4 commit: 909
2026-09-16T10:19:04.389677922Z I20260916 10:19:04.389575   147 transaction_manager_impl.cpp:62] Finish with epoch id=3433
2026-09-16T10:19:04.398331091Z I20260916 10:19:04.398241    44 block_storage_to_file.cpp:46] block store in file successfully, epoch=3433
2026-09-16T10:19:04.472618035Z I20260916 10:19:04.472536   143 consensus_control_block.h:289] consensus of epoch=3434 has reach, all vote yes.
2026-09-16T10:19:04.481183608Z I20260916 10:19:04.481020   150 epoch_txn_queue_manager.h:17] All threads reached barrier, epoch: 3435, count: 4
2026-09-16T10:19:04.493827019Z I20260916 10:19:04.493736   147 transaction_manager_impl.cpp:120] Total, abort: 7 commit: 902
2026-09-16T10:19:04.493838993Z I20260916 10:19:04.493749   147 transaction_manager_impl.cpp:62] Finish with epoch id=3434
2026-09-16T10:19:04.503428942Z I20260916 10:19:04.503345    44 block_storage_to_file.cpp:46] block store in file successfully, epoch=3434
2026-09-16T10:19:04.580947615Z I20260916 10:19:04.577742   143 consensus_control_block.h:289] consensus of epoch=3435 has reach, all vote yes.
2026-09-16T10:19:04.593470792Z I20260916 10:19:04.593308   150 epoch_txn_queue_manager.h:17] All threads reached barrier, epoch: 3436, count: 4
2026-09-16T10:19:04.622132675Z I20260916 10:19:04.622030   147 transaction_manager_impl.cpp:120] Total, abort: 5 commit: 904
2026-09-16T10:19:04.622147299Z I20260916 10:19:04.622044   147 transaction_manager_impl.cpp:62] Finish with epoch id=3435
2026-09-16T10:19:04.630599242Z I20260916 10:19:04.630455    44 block_storage_to_file.cpp:46] block store in file successfully, epoch=3435
2026-09-16T10:19:04.673186545Z I20260916 10:19:04.673056   143 consensus_control_block.h:289] consensus of epoch=3436 has reach, all vote yes.
2026-09-16T10:19:04.681154848Z I20260916 10:19:04.681094   152 epoch_txn_queue_manager.h:17] All threads reached barrier, epoch: 3437, count: 4
2026-09-16T10:19:04.688572629Z I20260916 10:19:04.688485   147 transaction_manager_impl.cpp:120] Total, abort: 6 commit: 852
2026-09-16T10:19:04.688581788Z I20260916 10:19:04.688503   147 transaction_manager_impl.cpp:62] Finish with epoch id=3436
2026-09-16T10:19:04.696714872Z I20260916 10:19:04.696575    44 block_storage_to_file.cpp:46] block store in file successfully, epoch=3436
2026-09-16T10:19:04.773493429Z I20260916 10:19:04.773360   143 consensus_control_block.h:289] consensus of epoch=3437 has reach, all vote yes.
2026-09-16T10:19:04.781974800Z I20260916 10:19:04.781821   152 epoch_txn_queue_manager.h:17] All threads reached barrier, epoch: 3438, count: 4
2026-09-16T10:19:04.792136193Z I20260916 10:19:04.791980   147 transaction_manager_impl.cpp:120] Total, abort: 6 commit: 924
2026-09-16T10:19:04.792161587Z I20260916 10:19:04.792007   147 transaction_manager_impl.cpp:62] Finish with epoch id=3437
2026-09-16T10:19:04.800992088Z I20260916 10:19:04.800840    44 block_storage_to_file.cpp:46] block store in file successfully, epoch=3437
2026-09-16T10:19:04.873649042Z I20260916 10:19:04.873589   143 consensus_control_block.h:289] consensus of epoch=3438 has reach, all vote yes.
2026-09-16T10:19:04.882642529Z I20260916 10:19:04.882577   152 epoch_txn_queue_manager.h:17] All threads reached barrier, epoch: 3439, count: 4
2026-09-16T10:19:04.891258246Z I20260916 10:19:04.891194   147 transaction_manager_impl.cpp:120] Total, abort: 6 commit: 907
2026-09-16T10:19:04.891269108Z I20260916 10:19:04.891211   147 transaction_manager_impl.cpp:62] Finish with epoch id=3438
2026-09-16T10:19:04.899736980Z I20260916 10:19:04.899605    44 block_storage_to_file.cpp:46] block store in file successfully, epoch=3438
2026-09-16T10:19:04.974073664Z I20260916 10:19:04.973945   143 consensus_control_block.h:289] consensus of epoch=3439 has reach, all vote yes.
2026-09-16T10:19:04.983458388Z I20260916 10:19:04.983258   152 epoch_txn_queue_manager.h:17] All threads reached barrier, epoch: 3440, count: 4
2026-09-16T10:19:04.996192973Z I20260916 10:19:04.996106   147 transaction_manager_impl.cpp:120] Total, abort: 4 commit: 903
2026-09-16T10:19:04.996202316Z I20260916 10:19:04.996119   147 transaction_manager_impl.cpp:62] Finish with epoch id=3439
2026-09-16T10:19:05.004639877Z I20260916 10:19:05.004540    44 block_storage_to_file.cpp:46] block store in file successfully, epoch=3439
2026-09-16T10:19:05.074373114Z I20260916 10:19:05.074255   143 consensus_control_block.h:289] consensus of epoch=3440 has reach, all vote yes.
2026-09-16T10:19:05.084322594Z I20260916 10:19:05.084160   152 epoch_txn_queue_manager.h:17] All threads reached barrier, epoch: 3441, count: 4
2026-09-16T10:19:05.096444862Z I20260916 10:19:05.096354   147 transaction_manager_impl.cpp:120] Total, abort: 6 commit: 905
2026-09-16T10:19:05.096455525Z I20260916 10:19:05.096372   147 transaction_manager_impl.cpp:62] Finish with epoch id=3440
2026-09-16T10:19:05.105986922Z I20260916 10:19:05.105729    44 block_storage_to_file.cpp:46] block store in file successfully, epoch=3440
2026-09-16T10:19:05.176058547Z I20260916 10:19:05.175944   143 consensus_control_block.h:289] consensus of epoch=3441 has reach, all vote yes.
2026-09-16T10:19:05.184877791Z I20260916 10:19:05.184791   152 epoch_txn_queue_manager.h:17] All threads reached barrier, epoch: 3442, count: 4
2026-09-16T10:19:05.195098345Z I20260916 10:19:05.195011   147 transaction_manager_impl.cpp:120] Total, abort: 6 commit: 908
2026-09-16T10:19:05.195115107Z I20260916 10:19:05.195027   147 transaction_manager_impl.cpp:62] Finish with epoch id=3441
2026-09-16T10:19:05.203503111Z I20260916 10:19:05.203408    44 block_storage_to_file.cpp:46] block store in file successfully, epoch=3441
2026-09-16T10:19:05.233054217Z [epoch] I20260916 10:19:05.232903     7 chain_client.cpp:83] Sending Request to epoch_server_group at qps=0 latency=0
2026-09-16T10:19:05.276267183Z I20260916 10:19:05.276151   143 consensus_control_block.h:289] consensus of epoch=3442 has reach, all vote yes.
2026-09-16T10:19:05.285451037Z I20260916 10:19:05.285331   152 epoch_txn_queue_manager.h:17] All threads reached barrier, epoch: 3443, count: 4
2026-09-16T10:19:05.297997998Z I20260916 10:19:05.297919   147 transaction_manager_impl.cpp:120] Total, abort: 4 commit: 906
2026-09-16T10:19:05.298006492Z I20260916 10:19:05.297932   147 transaction_manager_impl.cpp:62] Finish with epoch id=3442
2026-09-16T10:19:05.306323837Z I20260916 10:19:05.306222    44 block_storage_to_file.cpp:46] block store in file successfully, epoch=3442
2026-09-16T10:19:05.376410676Z I20260916 10:19:05.376340   143 consensus_control_block.h:289] consensus of epoch=3443 has reach, all vote yes.
2026-09-16T10:19:05.386263464Z I20260916 10:19:05.386184   152 epoch_txn_queue_manager.h:17] All threads reached barrier, epoch: 3444, count: 4
2026-09-16T10:19:05.398317170Z I20260916 10:19:05.396654   147 transaction_manager_impl.cpp:120] Total, abort: 9 commit: 900
2026-09-16T10:19:05.398330223Z I20260916 10:19:05.396675   147 transaction_manager_impl.cpp:62] Finish with epoch id=3443
2026-09-16T10:19:05.405523465Z I20260916 10:19:05.405431    44 block_storage_to_file.cpp:46] block store in file successfully, epoch=3443
2026-09-16T10:19:05.476725687Z I20260916 10:19:05.476660   143 consensus_control_block.h:289] consensus of epoch=3444 has reach, all vote yes.
2026-09-16T10:19:05.484809348Z I20260916 10:19:05.484711   151 epoch_txn_queue_manager.h:17] All threads reached barrier, epoch: 3445, count: 4
2026-09-16T10:19:05.502204471Z I20260916 10:19:05.502074   147 transaction_manager_impl.cpp:120] Total, abort: 5 commit: 906
2026-09-16T10:19:05.502220471Z I20260916 10:19:05.502118   147 transaction_manager_impl.cpp:62] Finish with epoch id=3444
2026-09-16T10:19:05.511361906Z I20260916 10:19:05.511272    44 block_storage_to_file.cpp:46] block store in file successfully, epoch=3444
2026-09-16T10:19:05.576985442Z I20260916 10:19:05.576905   143 consensus_control_block.h:289] consensus of epoch=3445 has reach, all vote yes.
2026-09-16T10:19:05.586345901Z I20260916 10:19:05.586251   151 epoch_txn_queue_manager.h:17] All threads reached barrier, epoch: 3446, count: 4
2026-09-16T10:19:05.596379543Z I20260916 10:19:05.596225   147 transaction_manager_impl.cpp:120] Total, abort: 10 commit: 880
2026-09-16T10:19:05.596403900Z I20260916 10:19:05.596244   147 transaction_manager_impl.cpp:62] Finish with epoch id=3445
2026-09-16T10:19:05.604734727Z I20260916 10:19:05.604588    44 block_storage_to_file.cpp:46] block store in file successfully, epoch=3445
2026-09-16T10:19:05.677249947Z I20260916 10:19:05.677175   143 consensus_control_block.h:289] consensus of epoch=3446 has reach, all vote yes.
2026-09-16T10:19:05.687010912Z I20260916 10:19:05.686956   151 epoch_txn_queue_manager.h:17] All threads reached barrier, epoch: 3447, count: 4
2026-09-16T10:19:05.696420635Z I20260916 10:19:05.696201   147 transaction_manager_impl.cpp:120] Total, abort: 7 commit: 908
2026-09-16T10:19:05.696446723Z I20260916 10:19:05.696220   147 transaction_manager_impl.cpp:62] Finish with epoch id=3446
2026-09-16T10:19:05.704664241Z I20260916 10:19:05.704525    44 block_storage_to_file.cpp:46] block store in file successfully, epoch=3446
2026-09-16T10:19:05.777439261Z I20260916 10:19:05.777361   143 consensus_control_block.h:289] consensus of epoch=3447 has reach, all vote yes.
2026-09-16T10:19:05.785079205Z I20260916 10:19:05.784981   149 epoch_txn_queue_manager.h:17] All threads reached barrier, epoch: 3448, count: 4
2026-09-16T10:19:05.795095090Z I20260916 10:19:05.795027   147 transaction_manager_impl.cpp:120] Total, abort: 5 commit: 904
2026-09-16T10:19:05.795099799Z I20260916 10:19:05.795039   147 transaction_manager_impl.cpp:62] Finish with epoch id=3447
2026-09-16T10:19:05.803514584Z I20260916 10:19:05.803380    44 block_storage_to_file.cpp:46] block store in file successfully, epoch=3447
2026-09-16T10:19:05.877768830Z I20260916 10:19:05.877636   143 consensus_control_block.h:289] consensus of epoch=3448 has reach, all vote yes.
2026-09-16T10:19:05.885891335Z I20260916 10:19:05.885780   149 epoch_txn_queue_manager.h:17] All threads reached barrier, epoch: 3449, count: 4
2026-09-16T10:19:05.898041982Z I20260916 10:19:05.897878   147 transaction_manager_impl.cpp:120] Total, abort: 4 commit: 883
2026-09-16T10:19:05.898065750Z I20260916 10:19:05.897902   147 transaction_manager_impl.cpp:62] Finish with epoch id=3448
2026-09-16T10:19:05.906062980Z I20260916 10:19:05.905911    44 block_storage_to_file.cpp:46] block store in file successfully, epoch=3448
2026-09-16T10:19:05.978011847Z I20260916 10:19:05.977887   143 consensus_control_block.h:289] consensus of epoch=3449 has reach, all vote yes.
2026-09-16T10:19:05.986569409Z I20260916 10:19:05.986457   149 epoch_txn_queue_manager.h:17] All threads reached barrier, epoch: 3450, count: 4
2026-09-16T10:19:05.997507137Z I20260916 10:19:05.997377   147 transaction_manager_impl.cpp:120] Total, abort: 6 commit: 904
2026-09-16T10:19:05.997514138Z I20260916 10:19:05.997391   147 transaction_manager_impl.cpp:62] Finish with epoch id=3449
2026-09-16T10:19:06.006738353Z I20260916 10:19:06.006656    44 block_storage_to_file.cpp:46] block store in file successfully, epoch=3449
2026-09-16T10:19:06.078240590Z I20260916 10:19:06.078121   143 consensus_control_block.h:289] consensus of epoch=3450 has reach, all vote yes.
2026-09-16T10:19:06.087145552Z I20260916 10:19:06.087018   149 epoch_txn_queue_manager.h:17] All threads reached barrier, epoch: 3451, count: 4
2026-09-16T10:19:06.097332032Z I20260916 10:19:06.097246   147 transaction_manager_impl.cpp:120] Total, abort: 5 commit: 912
2026-09-16T10:19:06.097343931Z I20260916 10:19:06.097262   147 transaction_manager_impl.cpp:62] Finish with epoch id=3450
2026-09-16T10:19:06.106025624Z I20260916 10:19:06.105923    44 block_storage_to_file.cpp:46] block store in file successfully, epoch=3450
2026-09-16T10:19:06.178456550Z I20260916 10:19:06.178344   143 consensus_control_block.h:289] consensus of epoch=3451 has reach, all vote yes.
2026-09-16T10:19:06.187661157Z I20260916 10:19:06.187579   149 epoch_txn_queue_manager.h:17] All threads reached barrier, epoch: 3452, count: 4
2026-09-16T10:19:06.199468853Z I20260916 10:19:06.199369   147 transaction_manager_impl.cpp:120] Total, abort: 6 commit: 902
2026-09-16T10:19:06.199474461Z I20260916 10:19:06.199381   147 transaction_manager_impl.cpp:62] Finish with epoch id=3451
2026-09-16T10:19:06.208009430Z I20260916 10:19:06.207858    44 block_storage_to_file.cpp:46] block store in file successfully, epoch=3451
2026-09-16T10:19:06.233106287Z [epoch] I20260916 10:19:06.232987     7 chain_client.cpp:83] Sending Request to epoch_server_group at qps=0 latency=0
2026-09-16T10:19:06.278623800Z I20260916 10:19:06.278505   143 consensus_control_block.h:289] consensus of epoch=3452 has reach, all vote yes.
2026-09-16T10:19:06.288486568Z I20260916 10:19:06.288399   149 epoch_txn_queue_manager.h:17] All threads reached barrier, epoch: 3453, count: 4
2026-09-16T10:19:06.298772103Z I20260916 10:19:06.298693   147 transaction_manager_impl.cpp:120] Total, abort: 5 commit: 912
2026-09-16T10:19:06.298786257Z I20260916 10:19:06.298714   147 transaction_manager_impl.cpp:62] Finish with epoch id=3452
2026-09-16T10:19:06.307595096Z I20260916 10:19:06.307447    44 block_storage_to_file.cpp:46] block store in file successfully, epoch=3452
2026-09-16T10:19:06.378935201Z I20260916 10:19:06.378787   143 consensus_control_block.h:289] consensus of epoch=3453 has reach, all vote yes.
2026-09-16T10:19:06.387767762Z I20260916 10:19:06.387665   150 epoch_txn_queue_manager.h:17] All threads reached barrier, epoch: 3454, count: 4
2026-09-16T10:19:06.400500858Z I20260916 10:19:06.400398   147 transaction_manager_impl.cpp:120] Total, abort: 8 commit: 900
2026-09-16T10:19:06.400511718Z I20260916 10:19:06.400414   147 transaction_manager_impl.cpp:62] Finish with epoch id=3453
2026-09-16T10:19:06.408364033Z I20260916 10:19:06.408258    44 block_storage_to_file.cpp:46] block store in file successfully, epoch=3453
2026-09-16T10:19:06.479164096Z I20260916 10:19:06.479071   143 consensus_control_block.h:289] consensus of epoch=3454 has reach, all vote yes.
2026-09-16T10:19:06.488699228Z I20260916 10:19:06.488649   150 epoch_txn_queue_manager.h:17] All threads reached barrier, epoch: 3455, count: 4
2026-09-16T10:19:06.502096785Z I20260916 10:19:06.502034   147 transaction_manager_impl.cpp:120] Total, abort: 6 commit: 882
2026-09-16T10:19:06.502172394Z I20260916 10:19:06.502153   147 transaction_manager_impl.cpp:62] Finish with epoch id=3454
2026-09-16T10:19:06.514870039Z I20260916 10:19:06.514773    44 block_storage_to_file.cpp:46] block store in file successfully, epoch=3454
2026-09-16T10:19:06.579462349Z I20260916 10:19:06.579355   143 consensus_control_block.h:289] consensus of epoch=3455 has reach, all vote yes.
2026-09-16T10:19:06.589156871Z I20260916 10:19:06.589092   150 epoch_txn_queue_manager.h:17] All threads reached barrier, epoch: 3456, count: 4
2026-09-16T10:19:06.597323774Z I20260916 10:19:06.597186   147 transaction_manager_impl.cpp:120] Total, abort: 5 commit: 905
2026-09-16T10:19:06.597338340Z I20260916 10:19:06.597203   147 transaction_manager_impl.cpp:62] Finish with epoch id=3455
2026-09-16T10:19:06.605636404Z I20260916 10:19:06.605466    44 block_storage_to_file.cpp:46] block store in file successfully, epoch=3455
2026-09-16T10:19:06.679746241Z I20260916 10:19:06.679615   143 consensus_control_block.h:289] consensus of epoch=3456 has reach, all vote yes.
2026-09-16T10:19:06.688359431Z I20260916 10:19:06.688264   152 epoch_txn_queue_manager.h:17] All threads reached barrier, epoch: 3457, count: 4
2026-09-16T10:19:06.697903375Z I20260916 10:19:06.697724   147 transaction_manager_impl.cpp:120] Total, abort: 7 commit: 904
2026-09-16T10:19:06.697925200Z I20260916 10:19:06.697742   147 transaction_manager_impl.cpp:62] Finish with epoch id=3456
2026-09-16T10:19:06.706729855Z I20260916 10:19:06.706558    44 block_storage_to_file.cpp:46] block store in file successfully, epoch=3456
2026-09-16T10:19:06.742749768Z I20260916 10:19:06.742599   149 epoch_txn_queue_manager.h:17] All threads reached barrier, epoch: 3458, count: 4
2026-09-16T10:19:06.745043084Z I20260916 10:19:06.744911   143 consensus_control_block.h:289] consensus of epoch=3457 has reach, all vote yes.
2026-09-16T10:19:06.753868233Z I20260916 10:19:06.753671   147 transaction_manager_impl.cpp:120] Total, abort: 5 commit: 882
2026-09-16T10:19:06.753894668Z I20260916 10:19:06.753723   147 transaction_manager_impl.cpp:62] Finish with epoch id=3457
2026-09-16T10:19:06.762503356Z I20260916 10:19:06.762349    44 block_storage_to_file.cpp:46] block store in file successfully, epoch=3457
2026-09-16T10:19:06.780058277Z I20260916 10:19:06.779882   143 consensus_control_block.h:289] consensus of epoch=3458 has reach, all vote yes.
2026-09-16T10:19:06.889812531Z I20260916 10:19:06.889648   152 epoch_txn_queue_manager.h:17] All threads reached barrier, epoch: 3459, count: 4
2026-09-16T10:19:06.898254411Z I20260916 10:19:06.898180   147 transaction_manager_impl.cpp:120] Total, abort: 4 commit: 505
2026-09-16T10:19:06.898265506Z I20260916 10:19:06.898208   147 transaction_manager_impl.cpp:62] Finish with epoch id=3458
2026-09-16T10:19:06.903791311Z I20260916 10:19:06.903714    44 block_storage_to_file.cpp:46] block store in file successfully, epoch=3458
2026-09-16T10:19:06.980490793Z I20260916 10:19:06.980353   143 consensus_control_block.h:289] consensus of epoch=3459 has reach, all vote yes.
2026-09-16T10:19:06.990186379Z I20260916 10:19:06.990088   152 epoch_txn_queue_manager.h:17] All threads reached barrier, epoch: 3460, count: 4
2026-09-16T10:19:07.002848699Z I20260916 10:19:07.002707   147 transaction_manager_impl.cpp:120] Total, abort: 8 commit: 1309
2026-09-16T10:19:07.002871081Z I20260916 10:19:07.002738   147 transaction_manager_impl.cpp:62] Finish with epoch id=3459
2026-09-16T10:19:07.014490010Z I20260916 10:19:07.014351    44 block_storage_to_file.cpp:46] block store in file successfully, epoch=3459
2026-09-16T10:19:07.080808379Z I20260916 10:19:07.080708   143 consensus_control_block.h:289] consensus of epoch=3460 has reach, all vote yes.
2026-09-16T10:19:07.091154790Z I20260916 10:19:07.091029   152 epoch_txn_queue_manager.h:17] All threads reached barrier, epoch: 3461, count: 4
2026-09-16T10:19:07.100623488Z I20260916 10:19:07.100502   147 transaction_manager_impl.cpp:120] Total, abort: 6 commit: 905
2026-09-16T10:19:07.100639761Z I20260916 10:19:07.100518   147 transaction_manager_impl.cpp:62] Finish with epoch id=3460
2026-09-16T10:19:07.109178447Z I20260916 10:19:07.109099    44 block_storage_to_file.cpp:46] block store in file successfully, epoch=3460
2026-09-16T10:19:07.181029648Z I20260916 10:19:07.180902   143 consensus_control_block.h:289] consensus of epoch=3461 has reach, all vote yes.
2026-09-16T10:19:07.190715664Z I20260916 10:19:07.190594   151 epoch_txn_queue_manager.h:17] All threads reached barrier, epoch: 3462, count: 4
2026-09-16T10:19:07.200136326Z I20260916 10:19:07.200009   147 transaction_manager_impl.cpp:120] Total, abort: 11 commit: 898
2026-09-16T10:19:07.200150671Z I20260916 10:19:07.200029   147 transaction_manager_impl.cpp:62] Finish with epoch id=3461
2026-09-16T10:19:07.208792896Z I20260916 10:19:07.208657    44 block_storage_to_file.cpp:46] block store in file successfully, epoch=3461
2026-09-16T10:19:07.233167718Z [epoch] I20260916 10:19:07.233032     7 chain_client.cpp:83] Sending Request to epoch_server_group at qps=0 latency=0
2026-09-16T10:19:07.244041775Z I20260916 10:19:07.243901   150 epoch_txn_queue_manager.h:17] All threads reached barrier, epoch: 3463, count: 4
2026-09-16T10:19:07.245760377Z I20260916 10:19:07.245668   143 consensus_control_block.h:289] consensus of epoch=3462 has reach, all vote yes.
2026-09-16T10:19:07.256027120Z I20260916 10:19:07.255920   147 transaction_manager_impl.cpp:120] Total, abort: 5 commit: 883
2026-09-16T10:19:07.256039259Z I20260916 10:19:07.255939   147 transaction_manager_impl.cpp:62] Finish with epoch id=3462
2026-09-16T10:19:07.264043081Z I20260916 10:19:07.263957    44 block_storage_to_file.cpp:46] block store in file successfully, epoch=3462
2026-09-16T10:19:07.281195104Z I20260916 10:19:07.281100   143 consensus_control_block.h:289] consensus of epoch=3463 has reach, all vote yes.
2026-09-16T10:19:07.296652073Z I20260916 10:19:07.296557   149 epoch_txn_queue_manager.h:17] All threads reached barrier, epoch: 3464, count: 4
2026-09-16T10:19:07.302527264Z I20260916 10:19:07.302444   147 transaction_manager_impl.cpp:120] Total, abort: 4 commit: 496
2026-09-16T10:19:07.302535919Z I20260916 10:19:07.302457   147 transaction_manager_impl.cpp:62] Finish with epoch id=3463
2026-09-16T10:19:07.308379998Z I20260916 10:19:07.308287    44 block_storage_to_file.cpp:46] block store in file successfully, epoch=3463
2026-09-16T10:19:07.381610206Z I20260916 10:19:07.381404   143 consensus_control_block.h:289] consensus of epoch=3464 has reach, all vote yes.
2026-09-16T10:19:07.391962841Z I20260916 10:19:07.391820   151 epoch_txn_queue_manager.h:17] All threads reached barrier, epoch: 3465, count: 4
2026-09-16T10:19:07.398438941Z I20260916 10:19:07.398319   147 transaction_manager_impl.cpp:120] Total, abort: 0 commit: 480
2026-09-16T10:19:07.398454745Z I20260916 10:19:07.398342   147 transaction_manager_impl.cpp:62] Finish with epoch id=3464
2026-09-16T10:19:07.403459261Z I20260916 10:19:07.403342    44 block_storage_to_file.cpp:46] block store in file successfully, epoch=3464
2026-09-16T10:19:07.481828792Z I20260916 10:19:07.481704   143 consensus_control_block.h:289] consensus of epoch=3465 has reach, all vote yes.
2026-09-16T10:19:07.488013752Z I20260916 10:19:07.487890   149 epoch_txn_queue_manager.h:17] All threads reached barrier, epoch: 3466, count: 4
2026-09-16T10:19:07.499545304Z I20260916 10:19:07.498549   147 transaction_manager_impl.cpp:120] Total, abort: 5 commit: 834
2026-09-16T10:19:07.499561940Z I20260916 10:19:07.498575   147 transaction_manager_impl.cpp:62] Finish with epoch id=3465
2026-09-16T10:19:07.507435614Z I20260916 10:19:07.507347    44 block_storage_to_file.cpp:46] block store in file successfully, epoch=3465
2026-09-16T10:19:07.546082759Z I20260916 10:19:07.545996   150 epoch_txn_queue_manager.h:17] All threads reached barrier, epoch: 3467, count: 4
2026-09-16T10:19:07.547802753Z I20260916 10:19:07.547732   143 consensus_control_block.h:289] consensus of epoch=3466 has reach, all vote yes.
2026-09-16T10:19:07.556996610Z I20260916 10:19:07.556890   147 transaction_manager_impl.cpp:120] Total, abort: 6 commit: 880
2026-09-16T10:19:07.557028842Z I20260916 10:19:07.556906   147 transaction_manager_impl.cpp:62] Finish with epoch id=3466
2026-09-16T10:19:07.564492329Z I20260916 10:19:07.564391    44 block_storage_to_file.cpp:46] block store in file successfully, epoch=3466
2026-09-16T10:19:07.582141534Z I20260916 10:19:07.582015   143 consensus_control_block.h:289] consensus of epoch=3467 has reach, all vote yes.
2026-09-16T10:19:07.689203067Z I20260916 10:19:07.689095   149 epoch_txn_queue_manager.h:17] All threads reached barrier, epoch: 3468, count: 4
2026-09-16T10:19:07.697296465Z I20260916 10:19:07.697206   147 transaction_manager_impl.cpp:120] Total, abort: 5 commit: 520
2026-09-16T10:19:07.697309643Z I20260916 10:19:07.697232   147 transaction_manager_impl.cpp:62] Finish with epoch id=3467
2026-09-16T10:19:07.702515879Z I20260916 10:19:07.702397    44 block_storage_to_file.cpp:46] block store in file successfully, epoch=3467
2026-09-16T10:19:07.782657145Z I20260916 10:19:07.782545   143 consensus_control_block.h:289] consensus of epoch=3468 has reach, all vote yes.
2026-09-16T10:19:07.789984293Z I20260916 10:19:07.789865   149 epoch_txn_queue_manager.h:17] All threads reached barrier, epoch: 3469, count: 4
2026-09-16T10:19:07.804792694Z I20260916 10:19:07.804694   147 transaction_manager_impl.cpp:120] Total, abort: 8 commit: 1289
2026-09-16T10:19:07.804811381Z I20260916 10:19:07.804713   147 transaction_manager_impl.cpp:62] Finish with epoch id=3468
2026-09-16T10:19:07.816652821Z I20260916 10:19:07.816576    44 block_storage_to_file.cpp:46] block store in file successfully, epoch=3468
2026-09-16T10:19:07.882898667Z I20260916 10:19:07.882789   143 consensus_control_block.h:289] consensus of epoch=3469 has reach, all vote yes.
2026-09-16T10:19:07.890611989Z I20260916 10:19:07.890503   149 epoch_txn_queue_manager.h:17] All threads reached barrier, epoch: 3470, count: 4
2026-09-16T10:19:07.901268406Z I20260916 10:19:07.901147   147 transaction_manager_impl.cpp:120] Total, abort: 5 commit: 906
2026-09-16T10:19:07.901293113Z I20260916 10:19:07.901185   147 transaction_manager_impl.cpp:62] Finish with epoch id=3469
2026-09-16T10:19:07.910364113Z I20260916 10:19:07.910243    44 block_storage_to_file.cpp:46] block store in file successfully, epoch=3469
2026-09-16T10:19:07.983190456Z I20260916 10:19:07.983103   143 consensus_control_block.h:289] consensus of epoch=3470 has reach, all vote yes.
2026-09-16T10:19:07.991435080Z I20260916 10:19:07.991300   149 epoch_txn_queue_manager.h:17] All threads reached barrier, epoch: 3471, count: 4
2026-09-16T10:19:08.002797529Z I20260916 10:19:08.002614   147 transaction_manager_impl.cpp:120] Total, abort: 7 commit: 904
2026-09-16T10:19:08.002821791Z I20260916 10:19:08.002633   147 transaction_manager_impl.cpp:62] Finish with epoch id=3470
2026-09-16T10:19:08.011299797Z I20260916 10:19:08.011188    44 block_storage_to_file.cpp:46] block store in file successfully, epoch=3470
2026-09-16T10:19:08.083481896Z I20260916 10:19:08.083415   143 consensus_control_block.h:289] consensus of epoch=3471 has reach, all vote yes.
2026-09-16T10:19:08.092119266Z I20260916 10:19:08.092028   149 epoch_txn_queue_manager.h:17] All threads reached barrier, epoch: 3472, count: 4
2026-09-16T10:19:08.103209362Z I20260916 10:19:08.103113   147 transaction_manager_impl.cpp:120] Total, abort: 5 commit: 905
2026-09-16T10:19:08.103230228Z I20260916 10:19:08.103132   147 transaction_manager_impl.cpp:62] Finish with epoch id=3471
2026-09-16T10:19:08.112211887Z I20260916 10:19:08.112131    44 block_storage_to_file.cpp:46] block store in file successfully, epoch=3471
2026-09-16T10:19:08.183746940Z I20260916 10:19:08.183652   143 consensus_control_block.h:289] consensus of epoch=3472 has reach, all vote yes.
2026-09-16T10:19:08.192711868Z I20260916 10:19:08.192586   149 epoch_txn_queue_manager.h:17] All threads reached barrier, epoch: 3473, count: 4
2026-09-16T10:19:08.204050675Z I20260916 10:19:08.203871   147 transaction_manager_impl.cpp:120] Total, abort: 6 commit: 906
2026-09-16T10:19:08.204068857Z I20260916 10:19:08.203895   147 transaction_manager_impl.cpp:62] Finish with epoch id=3472
2026-09-16T10:19:08.212761436Z I20260916 10:19:08.212634    44 block_storage_to_file.cpp:46] block store in file successfully, epoch=3472
2026-09-16T10:19:08.233260038Z [epoch] I20260916 10:19:08.233131     7 chain_client.cpp:83] Sending Request to epoch_server_group at qps=0 latency=0
2026-09-16T10:19:08.284219902Z I20260916 10:19:08.284106   143 consensus_control_block.h:289] consensus of epoch=3473 has reach, all vote yes.
2026-09-16T10:19:08.293715900Z I20260916 10:19:08.293542   149 epoch_txn_queue_manager.h:17] All threads reached barrier, epoch: 3474, count: 4
2026-09-16T10:19:08.310001394Z I20260916 10:19:08.309906   147 transaction_manager_impl.cpp:120] Total, abort: 6 commit: 904
2026-09-16T10:19:08.310012715Z I20260916 10:19:08.309921   147 transaction_manager_impl.cpp:62] Finish with epoch id=3473
2026-09-16T10:19:08.318557614Z I20260916 10:19:08.318437    44 block_storage_to_file.cpp:46] block store in file successfully, epoch=3473
2026-09-16T10:19:08.384550924Z I20260916 10:19:08.384370   143 consensus_control_block.h:289] consensus of epoch=3474 has reach, all vote yes.
2026-09-16T10:19:08.392043252Z I20260916 10:19:08.391902   150 epoch_txn_queue_manager.h:17] All threads reached barrier, epoch: 3475, count: 4
2026-09-16T10:19:08.404089690Z I20260916 10:19:08.403931   147 transaction_manager_impl.cpp:120] Total, abort: 6 commit: 905
2026-09-16T10:19:08.404107065Z I20260916 10:19:08.403965   147 transaction_manager_impl.cpp:62] Finish with epoch id=3474
2026-09-16T10:19:08.412560393Z I20260916 10:19:08.412407    44 block_storage_to_file.cpp:46] block store in file successfully, epoch=3474
2026-09-16T10:19:08.484736339Z I20260916 10:19:08.484583   143 consensus_control_block.h:289] consensus of epoch=3475 has reach, all vote yes.
2026-09-16T10:19:08.492871328Z I20260916 10:19:08.492764   150 epoch_txn_queue_manager.h:17] All threads reached barrier, epoch: 3476, count: 4
2026-09-16T10:19:08.503103692Z I20260916 10:19:08.502930   147 transaction_manager_impl.cpp:120] Total, abort: 5 commit: 884
2026-09-16T10:19:08.503125867Z I20260916 10:19:08.502950   147 transaction_manager_impl.cpp:62] Finish with epoch id=3475
2026-09-16T10:19:08.511210552Z I20260916 10:19:08.511066    44 block_storage_to_file.cpp:46] block store in file successfully, epoch=3475
2026-09-16T10:19:08.585086839Z I20260916 10:19:08.584905   143 consensus_control_block.h:289] consensus of epoch=3476 has reach, all vote yes.
2026-09-16T10:19:08.593303456Z I20260916 10:19:08.593225   150 epoch_txn_queue_manager.h:17] All threads reached barrier, epoch: 3477, count: 4
2026-09-16T10:19:08.604703476Z I20260916 10:19:08.604609   147 transaction_manager_impl.cpp:120] Total, abort: 5 commit: 906
2026-09-16T10:19:08.604710169Z I20260916 10:19:08.604624   147 transaction_manager_impl.cpp:62] Finish with epoch id=3476
2026-09-16T10:19:08.613286747Z I20260916 10:19:08.613188    44 block_storage_to_file.cpp:46] block store in file successfully, epoch=3476
2026-09-16T10:19:08.685308874Z I20260916 10:19:08.685173   143 consensus_control_block.h:289] consensus of epoch=3477 has reach, all vote yes.
2026-09-16T10:19:08.694102745Z I20260916 10:19:08.693969   150 epoch_txn_queue_manager.h:17] All threads reached barrier, epoch: 3478, count: 4
2026-09-16T10:19:08.704809621Z I20260916 10:19:08.704685   147 transaction_manager_impl.cpp:120] Total, abort: 6 commit: 905
2026-09-16T10:19:08.704825471Z I20260916 10:19:08.704728   147 transaction_manager_impl.cpp:62] Finish with epoch id=3477
2026-09-16T10:19:08.714055574Z I20260916 10:19:08.713928    44 block_storage_to_file.cpp:46] block store in file successfully, epoch=3477
2026-09-16T10:19:08.785628735Z I20260916 10:19:08.785501   143 consensus_control_block.h:289] consensus of epoch=3478 has reach, all vote yes.
2026-09-16T10:19:08.794781621Z I20260916 10:19:08.794701   150 epoch_txn_queue_manager.h:17] All threads reached barrier, epoch: 3479, count: 4
2026-09-16T10:19:08.806098842Z I20260916 10:19:08.805972   147 transaction_manager_impl.cpp:120] Total, abort: 5 commit: 904
2026-09-16T10:19:08.806122723Z I20260916 10:19:08.805992   147 transaction_manager_impl.cpp:62] Finish with epoch id=3478
2026-09-16T10:19:08.814686941Z I20260916 10:19:08.814563    44 block_storage_to_file.cpp:46] block store in file successfully, epoch=3478
2026-09-16T10:19:08.853979904Z I20260916 10:19:08.853878   152 epoch_txn_queue_manager.h:17] All threads reached barrier, epoch: 3480, count: 4
2026-09-16T10:19:08.856363812Z I20260916 10:19:08.856210   143 consensus_control_block.h:289] consensus of epoch=3479 has reach, all vote yes.
2026-09-16T10:19:08.868214201Z I20260916 10:19:08.868083   147 transaction_manager_impl.cpp:120] Total, abort: 7 commit: 905
2026-09-16T10:19:08.868227770Z I20260916 10:19:08.868105   147 transaction_manager_impl.cpp:62] Finish with epoch id=3479
2026-09-16T10:19:08.877044923Z I20260916 10:19:08.876946    44 block_storage_to_file.cpp:46] block store in file successfully, epoch=3479
2026-09-16T10:19:08.885917236Z I20260916 10:19:08.885811   143 consensus_control_block.h:289] consensus of epoch=3480 has reach, all vote yes.
2026-09-16T10:19:08.949081510Z I20260916 10:19:08.948941   149 epoch_txn_queue_manager.h:17] All threads reached barrier, epoch: 3481, count: 4
2026-09-16T10:19:08.964817113Z I20260916 10:19:08.963711   147 transaction_manager_impl.cpp:120] Total, abort: 4 commit: 517
2026-09-16T10:19:08.964844388Z I20260916 10:19:08.963743   147 transaction_manager_impl.cpp:62] Finish with epoch id=3480
2026-09-16T10:19:08.969904656Z I20260916 10:19:08.969748    44 block_storage_to_file.cpp:46] block store in file successfully, epoch=3480
2026-09-16T10:19:08.986232443Z I20260916 10:19:08.986153   143 consensus_control_block.h:289] consensus of epoch=3481 has reach, all vote yes.
2026-09-16T10:19:09.007022750Z I20260916 10:19:09.006901   150 epoch_txn_queue_manager.h:17] All threads reached barrier, epoch: 3482, count: 4
2026-09-16T10:19:09.015181106Z I20260916 10:19:09.015101   147 transaction_manager_impl.cpp:120] Total, abort: 6 commit: 863
2026-09-16T10:19:09.015193042Z I20260916 10:19:09.015115   147 transaction_manager_impl.cpp:62] Finish with epoch id=3481
2026-09-16T10:19:09.023242353Z I20260916 10:19:09.023133    44 block_storage_to_file.cpp:46] block store in file successfully, epoch=3481
2026-09-16T10:19:09.086481634Z I20260916 10:19:09.086409   143 consensus_control_block.h:289] consensus of epoch=3482 has reach, all vote yes.
2026-09-16T10:19:09.095400133Z I20260916 10:19:09.095331   152 epoch_txn_queue_manager.h:17] All threads reached barrier, epoch: 3483, count: 4
2026-09-16T10:19:09.102705726Z I20260916 10:19:09.102576   147 transaction_manager_impl.cpp:120] Total, abort: 0 commit: 522
2026-09-16T10:19:09.102718117Z I20260916 10:19:09.102595   147 transaction_manager_impl.cpp:62] Finish with epoch id=3482
2026-09-16T10:19:09.108557373Z I20260916 10:19:09.108474    44 block_storage_to_file.cpp:46] block store in file successfully, epoch=3482
2026-09-16T10:19:09.194552548Z I20260916 10:19:09.194403   143 consensus_control_block.h:289] consensus of epoch=3483 has reach, all vote yes.
2026-09-16T10:19:09.200460385Z I20260916 10:19:09.199970   151 epoch_txn_queue_manager.h:17] All threads reached barrier, epoch: 3484, count: 4
2026-09-16T10:19:09.223321713Z I20260916 10:19:09.223210   147 transaction_manager_impl.cpp:120] Total, abort: 5 commit: 793
2026-09-16T10:19:09.227416765Z I20260916 10:19:09.223637   147 transaction_manager_impl.cpp:62] Finish with epoch id=3483
2026-09-16T10:19:09.233341400Z [epoch] I20260916 10:19:09.233222     7 chain_client.cpp:83] Sending Request to epoch_server_group at qps=0 latency=0
2026-09-16T10:19:09.245678385Z I20260916 10:19:09.245565    44 block_storage_to_file.cpp:46] block store in file successfully, epoch=3483
2026-09-16T10:19:09.287319772Z I20260916 10:19:09.287200   143 consensus_control_block.h:289] consensus of epoch=3484 has reach, all vote yes.
2026-09-16T10:19:09.292904321Z I20260916 10:19:09.292798   149 epoch_txn_queue_manager.h:17] All threads reached barrier, epoch: 3485, count: 4
2026-09-16T10:19:09.301970120Z I20260916 10:19:09.301878   147 transaction_manager_impl.cpp:120] Total, abort: 7 commit: 873
2026-09-16T10:19:09.301978874Z I20260916 10:19:09.301899   147 transaction_manager_impl.cpp:62] Finish with epoch id=3484
2026-09-16T10:19:09.310423366Z I20260916 10:19:09.310326    44 block_storage_to_file.cpp:46] block store in file successfully, epoch=3484
2026-09-16T10:19:09.349788927Z I20260916 10:19:09.349722   150 epoch_txn_queue_manager.h:17] All threads reached barrier, epoch: 3486, count: 4
2026-09-16T10:19:09.351156493Z I20260916 10:19:09.351016   143 consensus_control_block.h:289] consensus of epoch=3485 has reach, all vote yes.
2026-09-16T10:19:09.359722485Z I20260916 10:19:09.359632   147 transaction_manager_impl.cpp:120] Total, abort: 6 commit: 901
2026-09-16T10:19:09.359733035Z I20260916 10:19:09.359645   147 transaction_manager_impl.cpp:62] Finish with epoch id=3485
2026-09-16T10:19:09.367674329Z I20260916 10:19:09.367609    44 block_storage_to_file.cpp:46] block store in file successfully, epoch=3485
2026-09-16T10:19:09.394811852Z I20260916 10:19:09.394703   143 consensus_control_block.h:289] consensus of epoch=3486 has reach, all vote yes.
2026-09-16T10:19:09.494419163Z I20260916 10:19:09.494297   149 epoch_txn_queue_manager.h:17] All threads reached barrier, epoch: 3487, count: 4
2026-09-16T10:19:09.503050340Z I20260916 10:19:09.502869   147 transaction_manager_impl.cpp:120] Total, abort: 5 commit: 518
2026-09-16T10:19:09.503081050Z I20260916 10:19:09.502889   147 transaction_manager_impl.cpp:62] Finish with epoch id=3486
2026-09-16T10:19:09.508781993Z I20260916 10:19:09.508605    44 block_storage_to_file.cpp:46] block store in file successfully, epoch=3486
2026-09-16T10:19:09.591005406Z I20260916 10:19:09.590926   143 consensus_control_block.h:289] consensus of epoch=3487 has reach, all vote yes.
2026-09-16T10:19:09.594956264Z I20260916 10:19:09.594872   149 epoch_txn_queue_manager.h:17] All threads reached barrier, epoch: 3488, count: 4
2026-09-16T10:19:09.608257240Z I20260916 10:19:09.608158   147 transaction_manager_impl.cpp:120] Total, abort: 10 commit: 1287
2026-09-16T10:19:09.608272535Z I20260916 10:19:09.608174   147 transaction_manager_impl.cpp:62] Finish with epoch id=3487
2026-09-16T10:19:09.620430634Z I20260916 10:19:09.620333    44 block_storage_to_file.cpp:46] block store in file successfully, epoch=3487
2026-09-16T10:19:09.691297560Z I20260916 10:19:09.691149   143 consensus_control_block.h:289] consensus of epoch=3488 has reach, all vote yes.
2026-09-16T10:19:09.695854827Z I20260916 10:19:09.695761   149 epoch_txn_queue_manager.h:17] All threads reached barrier, epoch: 3489, count: 4
2026-09-16T10:19:09.708061342Z I20260916 10:19:09.707954   147 transaction_manager_impl.cpp:120] Total, abort: 8 commit: 902
2026-09-16T10:19:09.708073542Z I20260916 10:19:09.707976   147 transaction_manager_impl.cpp:62] Finish with epoch id=3488
2026-09-16T10:19:09.716616064Z I20260916 10:19:09.716532    44 block_storage_to_file.cpp:46] block store in file successfully, epoch=3488
2026-09-16T10:19:09.791513005Z I20260916 10:19:09.791396   143 consensus_control_block.h:289] consensus of epoch=3489 has reach, all vote yes.
2026-09-16T10:19:09.796304388Z I20260916 10:19:09.796236   149 epoch_txn_queue_manager.h:17] All threads reached barrier, epoch: 3490, count: 4
2026-09-16T10:19:09.806443476Z I20260916 10:19:09.806326   147 transaction_manager_impl.cpp:120] Total, abort: 6 commit: 907
2026-09-16T10:19:09.806457553Z I20260916 10:19:09.806342   147 transaction_manager_impl.cpp:62] Finish with epoch id=3489
2026-09-16T10:19:09.815035217Z I20260916 10:19:09.814972    44 block_storage_to_file.cpp:46] block store in file successfully, epoch=3489
2026-09-16T10:19:09.891769669Z I20260916 10:19:09.891656   143 consensus_control_block.h:289] consensus of epoch=3490 has reach, all vote yes.
2026-09-16T10:19:09.897092070Z I20260916 10:19:09.897006   149 epoch_txn_queue_manager.h:17] All threads reached barrier, epoch: 3491, count: 4
2026-09-16T10:19:09.906208410Z I20260916 10:19:09.906096   147 transaction_manager_impl.cpp:120] Total, abort: 4 commit: 909
2026-09-16T10:19:09.906226252Z I20260916 10:19:09.906114   147 transaction_manager_impl.cpp:62] Finish with epoch id=3490
2026-09-16T10:19:09.914741540Z I20260916 10:19:09.914582    44 block_storage_to_file.cpp:46] block store in file successfully, epoch=3490
2026-09-16T10:19:09.996178530Z I20260916 10:19:09.996078   143 consensus_control_block.h:289] consensus of epoch=3491 has reach, all vote yes.
2026-09-16T10:19:09.997737659Z I20260916 10:19:09.997632   149 epoch_txn_queue_manager.h:17] All threads reached barrier, epoch: 3492, count: 4
2026-09-16T10:19:10.009693481Z I20260916 10:19:10.009562   147 transaction_manager_impl.cpp:120] Total, abort: 6 commit: 902
2026-09-16T10:19:10.009717201Z I20260916 10:19:10.009582   147 transaction_manager_impl.cpp:62] Finish with epoch id=3491
2026-09-16T10:19:10.018089050Z I20260916 10:19:10.017970    44 block_storage_to_file.cpp:46] block store in file successfully, epoch=3491
2026-09-16T10:19:10.096388854Z I20260916 10:19:10.096292   143 consensus_control_block.h:289] consensus of epoch=3492 has reach, all vote yes.
2026-09-16T10:19:10.098497346Z I20260916 10:19:10.098414   149 epoch_txn_queue_manager.h:17] All threads reached barrier, epoch: 3493, count: 4
2026-09-16T10:19:10.110403183Z I20260916 10:19:10.110183   147 transaction_manager_impl.cpp:120] Total, abort: 5 commit: 906
2026-09-16T10:19:10.110424899Z I20260916 10:19:10.110257   147 transaction_manager_impl.cpp:62] Finish with epoch id=3492
2026-09-16T10:19:10.118678382Z I20260916 10:19:10.118541    44 block_storage_to_file.cpp:46] block store in file successfully, epoch=3492
2026-09-16T10:19:10.196587311Z I20260916 10:19:10.196501   143 consensus_control_block.h:289] consensus of epoch=3493 has reach, all vote yes.
2026-09-16T10:19:10.199197471Z I20260916 10:19:10.199120   149 epoch_txn_queue_manager.h:17] All threads reached barrier, epoch: 3494, count: 4
2026-09-16T10:19:10.209388691Z I20260916 10:19:10.209276   147 transaction_manager_impl.cpp:120] Total, abort: 5 commit: 904
2026-09-16T10:19:10.209401619Z I20260916 10:19:10.209290   147 transaction_manager_impl.cpp:62] Finish with epoch id=3493
2026-09-16T10:19:10.217795469Z I20260916 10:19:10.217689    44 block_storage_to_file.cpp:46] block store in file successfully, epoch=3493
2026-09-16T10:19:10.233429866Z [epoch] I20260916 10:19:10.233316     7 chain_client.cpp:83] Sending Request to epoch_server_group at qps=0 latency=0
2026-09-16T10:19:10.289991434Z I20260916 10:19:10.289805   143 consensus_control_block.h:289] consensus of epoch=3494 has reach, all vote yes.
2026-09-16T10:19:10.299852964Z I20260916 10:19:10.299759   149 epoch_txn_queue_manager.h:17] All threads reached barrier, epoch: 3495, count: 4
2026-09-16T10:19:10.310454715Z I20260916 10:19:10.310319   147 transaction_manager_impl.cpp:120] Total, abort: 7 commit: 906
2026-09-16T10:19:10.310472287Z I20260916 10:19:10.310339   147 transaction_manager_impl.cpp:62] Finish with epoch id=3494
2026-09-16T10:19:10.319015934Z I20260916 10:19:10.318923    44 block_storage_to_file.cpp:46] block store in file successfully, epoch=3494
2026-09-16T10:19:10.397029106Z I20260916 10:19:10.396936   143 consensus_control_block.h:289] consensus of epoch=3495 has reach, all vote yes.
2026-09-16T10:19:10.400647330Z I20260916 10:19:10.400570   149 epoch_txn_queue_manager.h:17] All threads reached barrier, epoch: 3496, count: 4
2026-09-16T10:19:10.410867260Z I20260916 10:19:10.410790   147 transaction_manager_impl.cpp:120] Total, abort: 5 commit: 904
2026-09-16T10:19:10.410877713Z I20260916 10:19:10.410804   147 transaction_manager_impl.cpp:62] Finish with epoch id=3495
2026-09-16T10:19:10.418867801Z I20260916 10:19:10.418748    44 block_storage_to_file.cpp:46] block store in file successfully, epoch=3495
2026-09-16T10:19:10.497344027Z I20260916 10:19:10.497229   143 consensus_control_block.h:289] consensus of epoch=3496 has reach, all vote yes.
2026-09-16T10:19:10.499317172Z I20260916 10:19:10.498934   150 epoch_txn_queue_manager.h:17] All threads reached barrier, epoch: 3497, count: 4
2026-09-16T10:19:10.509081152Z I20260916 10:19:10.508955   147 transaction_manager_impl.cpp:120] Total, abort: 6 commit: 905
2026-09-16T10:19:10.509107867Z I20260916 10:19:10.509001   147 transaction_manager_impl.cpp:62] Finish with epoch id=3496
2026-09-16T10:19:10.517459819Z I20260916 10:19:10.517364    44 block_storage_to_file.cpp:46] block store in file successfully, epoch=3496
2026-09-16T10:19:10.597579643Z I20260916 10:19:10.597460   143 consensus_control_block.h:289] consensus of epoch=3497 has reach, all vote yes.
2026-09-16T10:19:10.599126408Z I20260916 10:19:10.599051   150 epoch_txn_queue_manager.h:17] All threads reached barrier, epoch: 3498, count: 4
2026-09-16T10:19:10.608506397Z I20260916 10:19:10.608361   147 transaction_manager_impl.cpp:120] Total, abort: 9 commit: 876
2026-09-16T10:19:10.608529590Z I20260916 10:19:10.608382   147 transaction_manager_impl.cpp:62] Finish with epoch id=3497
2026-09-16T10:19:10.616876527Z I20260916 10:19:10.616794    44 block_storage_to_file.cpp:46] block store in file successfully, epoch=3497
2026-09-16T10:19:10.697816243Z I20260916 10:19:10.697750   143 consensus_control_block.h:289] consensus of epoch=3498 has reach, all vote yes.
2026-09-16T10:19:10.699707532Z I20260916 10:19:10.699600   150 epoch_txn_queue_manager.h:17] All threads reached barrier, epoch: 3499, count: 4
2026-09-16T10:19:10.711500892Z I20260916 10:19:10.711409   147 transaction_manager_impl.cpp:120] Total, abort: 5 commit: 906
2026-09-16T10:19:10.711513425Z I20260916 10:19:10.711423   147 transaction_manager_impl.cpp:62] Finish with epoch id=3498
2026-09-16T10:19:10.719948660Z I20260916 10:19:10.719823    44 block_storage_to_file.cpp:46] block store in file successfully, epoch=3498
2026-09-16T10:19:10.798010723Z I20260916 10:19:10.797920   143 consensus_control_block.h:289] consensus of epoch=3499 has reach, all vote yes.
2026-09-16T10:19:10.800374873Z I20260916 10:19:10.800315   150 epoch_txn_queue_manager.h:17] All threads reached barrier, epoch: 3500, count: 4
2026-09-16T10:19:10.809938521Z I20260916 10:19:10.809823   147 transaction_manager_impl.cpp:120] Total, abort: 6 commit: 905
2026-09-16T10:19:10.809957825Z I20260916 10:19:10.809840   147 transaction_manager_impl.cpp:62] Finish with epoch id=3499
2026-09-16T10:19:10.819098806Z I20260916 10:19:10.818986    44 block_storage_to_file.cpp:46] block store in file successfully, epoch=3499
2026-09-16T10:19:10.898271899Z I20260916 10:19:10.898172   143 consensus_control_block.h:289] consensus of epoch=3500 has reach, all vote yes.
2026-09-16T10:19:10.901157949Z I20260916 10:19:10.901095   150 epoch_txn_queue_manager.h:17] All threads reached barrier, epoch: 3501, count: 4
2026-09-16T10:19:10.912326767Z I20260916 10:19:10.912225   147 transaction_manager_impl.cpp:120] Total, abort: 6 commit: 905
2026-09-16T10:19:10.912343433Z I20260916 10:19:10.912266   147 transaction_manager_impl.cpp:62] Finish with epoch id=3500
2026-09-16T10:19:10.923425788Z I20260916 10:19:10.923331    44 block_storage_to_file.cpp:46] block store in file successfully, epoch=3500
2026-09-16T10:19:10.998507163Z I20260916 10:19:10.998407   143 consensus_control_block.h:289] consensus of epoch=3501 has reach, all vote yes.
2026-09-16T10:19:11.001942636Z I20260916 10:19:11.001839   150 epoch_txn_queue_manager.h:17] All threads reached barrier, epoch: 3502, count: 4
2026-09-16T10:19:11.012584801Z I20260916 10:19:11.012497   147 transaction_manager_impl.cpp:120] Total, abort: 4 commit: 905
2026-09-16T10:19:11.012597380Z I20260916 10:19:11.012512   147 transaction_manager_impl.cpp:62] Finish with epoch id=3501
2026-09-16T10:19:11.020848339Z I20260916 10:19:11.020655    44 block_storage_to_file.cpp:46] block store in file successfully, epoch=3501
2026-09-16T10:19:11.098710388Z I20260916 10:19:11.098640   143 consensus_control_block.h:289] consensus of epoch=3502 has reach, all vote yes.
2026-09-16T10:19:11.102685069Z I20260916 10:19:11.102650   150 epoch_txn_queue_manager.h:17] All threads reached barrier, epoch: 3503, count: 4
2026-09-16T10:19:11.115669472Z I20260916 10:19:11.115592   147 transaction_manager_impl.cpp:120] Total, abort: 8 commit: 904
2026-09-16T10:19:11.115674238Z I20260916 10:19:11.115623   147 transaction_manager_impl.cpp:62] Finish with epoch id=3502
2026-09-16T10:19:11.124062536Z I20260916 10:19:11.123942    44 block_storage_to_file.cpp:46] block store in file successfully, epoch=3502
2026-09-16T10:19:11.195408144Z I20260916 10:19:11.195314   143 consensus_control_block.h:289] consensus of epoch=3503 has reach, all vote yes.
2026-09-16T10:19:11.202578317Z I20260916 10:19:11.202502   152 epoch_txn_queue_manager.h:17] All threads reached barrier, epoch: 3504, count: 4
2026-09-16T10:19:11.213777241Z I20260916 10:19:11.213644   147 transaction_manager_impl.cpp:120] Total, abort: 6 commit: 904
2026-09-16T10:19:11.213794465Z I20260916 10:19:11.213670   147 transaction_manager_impl.cpp:62] Finish with epoch id=3503
2026-09-16T10:19:11.221977013Z I20260916 10:19:11.221886    44 block_storage_to_file.cpp:46] block store in file successfully, epoch=3503
2026-09-16T10:19:11.233528597Z [epoch] I20260916 10:19:11.233404     7 chain_client.cpp:83] Sending Request to epoch_server_group at qps=0 latency=0
2026-09-16T10:19:11.289974319Z I20260916 10:19:11.289855   143 consensus_control_block.h:289] consensus of epoch=3504 has reach, all vote yes.
2026-09-16T10:19:11.303363594Z I20260916 10:19:11.303256   152 epoch_txn_queue_manager.h:17] All threads reached barrier, epoch: 3505, count: 4
2026-09-16T10:19:11.314073290Z I20260916 10:19:11.313934   147 transaction_manager_impl.cpp:120] Total, abort: 5 commit: 886
2026-09-16T10:19:11.314090077Z I20260916 10:19:11.313956   147 transaction_manager_impl.cpp:62] Finish with epoch id=3504
2026-09-16T10:19:11.322107477Z I20260916 10:19:11.322009    44 block_storage_to_file.cpp:46] block store in file successfully, epoch=3504
2026-09-16T10:19:11.395501690Z I20260916 10:19:11.395397   143 consensus_control_block.h:289] consensus of epoch=3505 has reach, all vote yes.
2026-09-16T10:19:11.402472247Z I20260916 10:19:11.402418   151 epoch_txn_queue_manager.h:17] All threads reached barrier, epoch: 3506, count: 4
2026-09-16T10:19:11.419418629Z I20260916 10:19:11.418058   147 transaction_manager_impl.cpp:120] Total, abort: 10 commit: 899
2026-09-16T10:19:11.419444092Z I20260916 10:19:11.418080   147 transaction_manager_impl.cpp:62] Finish with epoch id=3505
2026-09-16T10:19:11.426411371Z I20260916 10:19:11.426316    44 block_storage_to_file.cpp:46] block store in file successfully, epoch=3505
2026-09-16T10:19:11.495749172Z I20260916 10:19:11.495638   143 consensus_control_block.h:289] consensus of epoch=3506 has reach, all vote yes.
2026-09-16T10:19:11.503258977Z I20260916 10:19:11.503180   151 epoch_txn_queue_manager.h:17] All threads reached barrier, epoch: 3507, count: 4
2026-09-16T10:19:11.513317139Z I20260916 10:19:11.513237   147 transaction_manager_impl.cpp:120] Total, abort: 7 commit: 882
2026-09-16T10:19:11.513327855Z I20260916 10:19:11.513252   147 transaction_manager_impl.cpp:62] Finish with epoch id=3506
2026-09-16T10:19:11.521724014Z I20260916 10:19:11.521597    44 block_storage_to_file.cpp:46] block store in file successfully, epoch=3506
2026-09-16T10:19:11.596145027Z I20260916 10:19:11.596042   143 consensus_control_block.h:289] consensus of epoch=3507 has reach, all vote yes.
2026-09-16T10:19:11.603883513Z I20260916 10:19:11.603799   151 epoch_txn_queue_manager.h:17] All threads reached barrier, epoch: 3508, count: 4
2026-09-16T10:19:11.616577246Z I20260916 10:19:11.616449   147 transaction_manager_impl.cpp:120] Total, abort: 5 commit: 905
2026-09-16T10:19:11.616606192Z I20260916 10:19:11.616463   147 transaction_manager_impl.cpp:62] Finish with epoch id=3507
2026-09-16T10:19:11.625329190Z I20260916 10:19:11.625234    44 block_storage_to_file.cpp:46] block store in file successfully, epoch=3507
2026-09-16T10:19:11.696316379Z I20260916 10:19:11.696215   143 consensus_control_block.h:289] consensus of epoch=3508 has reach, all vote yes.
2026-09-16T10:19:11.704683196Z I20260916 10:19:11.704499   151 epoch_txn_queue_manager.h:17] All threads reached barrier, epoch: 3509, count: 4
2026-09-16T10:19:11.714532206Z I20260916 10:19:11.714412   147 transaction_manager_impl.cpp:120] Total, abort: 7 commit: 904
2026-09-16T10:19:11.714549856Z I20260916 10:19:11.714430   147 transaction_manager_impl.cpp:62] Finish with epoch id=3508
2026-09-16T10:19:11.722801592Z I20260916 10:19:11.722640    44 block_storage_to_file.cpp:46] block store in file successfully, epoch=3508
2026-09-16T10:19:11.796535117Z I20260916 10:19:11.796427   143 consensus_control_block.h:289] consensus of epoch=3509 has reach, all vote yes.
2026-09-16T10:19:11.805303070Z I20260916 10:19:11.805246   151 epoch_txn_queue_manager.h:17] All threads reached barrier, epoch: 3510, count: 4
2026-09-16T10:19:11.818302950Z I20260916 10:19:11.818176   147 transaction_manager_impl.cpp:120] Total, abort: 8 commit: 903
2026-09-16T10:19:11.818316929Z I20260916 10:19:11.818228   147 transaction_manager_impl.cpp:62] Finish with epoch id=3509
2026-09-16T10:19:11.827174822Z I20260916 10:19:11.827031    44 block_storage_to_file.cpp:46] block store in file successfully, epoch=3509
2026-09-16T10:19:11.896833191Z I20260916 10:19:11.896682   143 consensus_control_block.h:289] consensus of epoch=3510 has reach, all vote yes.
2026-09-16T10:19:11.901388796Z I20260916 10:19:11.901292   149 epoch_txn_queue_manager.h:17] All threads reached barrier, epoch: 3511, count: 4
2026-09-16T10:19:11.911148020Z I20260916 10:19:11.910995   147 transaction_manager_impl.cpp:120] Total, abort: 4 commit: 901
2026-09-16T10:19:11.911170207Z I20260916 10:19:11.911013   147 transaction_manager_impl.cpp:62] Finish with epoch id=3510
2026-09-16T10:19:11.919317193Z I20260916 10:19:11.919160    44 block_storage_to_file.cpp:46] block store in file successfully, epoch=3510
2026-09-16T10:19:11.959594863Z I20260916 10:19:11.959430   150 epoch_txn_queue_manager.h:17] All threads reached barrier, epoch: 3512, count: 4
2026-09-16T10:19:11.960465891Z I20260916 10:19:11.959880   143 consensus_control_block.h:289] consensus of epoch=3511 has reach, all vote yes.
2026-09-16T10:19:11.975488281Z I20260916 10:19:11.975379   147 transaction_manager_impl.cpp:120] Total, abort: 7 commit: 885
2026-09-16T10:19:11.975503491Z I20260916 10:19:11.975414   147 transaction_manager_impl.cpp:62] Finish with epoch id=3511
2026-09-16T10:19:11.983376564Z I20260916 10:19:11.983302    44 block_storage_to_file.cpp:46] block store in file successfully, epoch=3511
2026-09-16T10:19:12.000805756Z I20260916 10:19:12.000694   143 consensus_control_block.h:289] consensus of epoch=3512 has reach, all vote yes.
2026-09-16T10:19:12.102902473Z I20260916 10:19:12.102758   149 epoch_txn_queue_manager.h:17] All threads reached barrier, epoch: 3513, count: 4
2026-09-16T10:19:12.111740997Z I20260916 10:19:12.111657   147 transaction_manager_impl.cpp:120] Total, abort: 4 commit: 518
2026-09-16T10:19:12.111745479Z I20260916 10:19:12.111671   147 transaction_manager_impl.cpp:62] Finish with epoch id=3512
2026-09-16T10:19:12.117932822Z I20260916 10:19:12.117822    44 block_storage_to_file.cpp:46] block store in file successfully, epoch=3512
2026-09-16T10:19:12.201241742Z I20260916 10:19:12.201148   143 consensus_control_block.h:289] consensus of epoch=3513 has reach, all vote yes.
2026-09-16T10:19:12.203560976Z I20260916 10:19:12.203471   149 epoch_txn_queue_manager.h:17] All threads reached barrier, epoch: 3514, count: 4
2026-09-16T10:19:12.216382280Z I20260916 10:19:12.216306   147 transaction_manager_impl.cpp:120] Total, abort: 6 commit: 1292
2026-09-16T10:19:12.216393145Z I20260916 10:19:12.216320   147 transaction_manager_impl.cpp:62] Finish with epoch id=3513
2026-09-16T10:19:12.228473953Z I20260916 10:19:12.228376    44 block_storage_to_file.cpp:46] block store in file successfully, epoch=3513
2026-09-16T10:19:12.233567636Z [epoch] I20260916 10:19:12.233457     7 chain_client.cpp:83] Sending Request to epoch_server_group at qps=0 latency=0
2026-09-16T10:19:12.290126751Z I20260916 10:19:12.290025   143 consensus_control_block.h:289] consensus of epoch=3514 has reach, all vote yes.
2026-09-16T10:19:12.304127488Z I20260916 10:19:12.304034   149 epoch_txn_queue_manager.h:17] All threads reached barrier, epoch: 3515, count: 4
2026-09-16T10:19:12.315658382Z I20260916 10:19:12.315541   147 transaction_manager_impl.cpp:120] Total, abort: 6 commit: 904
2026-09-16T10:19:12.315672945Z I20260916 10:19:12.315559   147 transaction_manager_impl.cpp:62] Finish with epoch id=3514
2026-09-16T10:19:12.323935018Z I20260916 10:19:12.323834    44 block_storage_to_file.cpp:46] block store in file successfully, epoch=3514
2026-09-16T10:19:12.401675589Z I20260916 10:19:12.401592   143 consensus_control_block.h:289] consensus of epoch=3515 has reach, all vote yes.
2026-09-16T10:19:12.404824115Z I20260916 10:19:12.404745   149 epoch_txn_queue_manager.h:17] All threads reached barrier, epoch: 3516, count: 4
2026-09-16T10:19:12.417043206Z I20260916 10:19:12.416904   147 transaction_manager_impl.cpp:120] Total, abort: 6 commit: 906
2026-09-16T10:19:12.417065133Z I20260916 10:19:12.416929   147 transaction_manager_impl.cpp:62] Finish with epoch id=3515
2026-09-16T10:19:12.426469098Z I20260916 10:19:12.426384    44 block_storage_to_file.cpp:46] block store in file successfully, epoch=3515
2026-09-16T10:19:12.501925174Z I20260916 10:19:12.501833   143 consensus_control_block.h:289] consensus of epoch=3516 has reach, all vote yes.
2026-09-16T10:19:12.505422141Z I20260916 10:19:12.505355   149 epoch_txn_queue_manager.h:17] All threads reached barrier, epoch: 3517, count: 4
2026-09-16T10:19:12.515697100Z I20260916 10:19:12.515599   147 transaction_manager_impl.cpp:120] Total, abort: 7 commit: 899
2026-09-16T10:19:12.515710047Z I20260916 10:19:12.515612   147 transaction_manager_impl.cpp:62] Finish with epoch id=3516
2026-09-16T10:19:12.523762896Z I20260916 10:19:12.523590    44 block_storage_to_file.cpp:46] block store in file successfully, epoch=3516
2026-09-16T10:19:12.602116582Z I20260916 10:19:12.602020   143 consensus_control_block.h:289] consensus of epoch=3517 has reach, all vote yes.
2026-09-16T10:19:12.606186840Z I20260916 10:19:12.606108   149 epoch_txn_queue_manager.h:17] All threads reached barrier, epoch: 3518, count: 4
2026-09-16T10:19:12.617902080Z I20260916 10:19:12.617780   147 transaction_manager_impl.cpp:120] Total, abort: 7 commit: 910
2026-09-16T10:19:12.617916231Z I20260916 10:19:12.617794   147 transaction_manager_impl.cpp:62] Finish with epoch id=3517
2026-09-16T10:19:12.625972194Z I20260916 10:19:12.625857    44 block_storage_to_file.cpp:46] block store in file successfully, epoch=3517
2026-09-16T10:19:12.702400315Z I20260916 10:19:12.702234   143 consensus_control_block.h:289] consensus of epoch=3518 has reach, all vote yes.
2026-09-16T10:19:12.706915972Z I20260916 10:19:12.706794   149 epoch_txn_queue_manager.h:17] All threads reached barrier, epoch: 3519, count: 4
2026-09-16T10:19:12.719834092Z I20260916 10:19:12.719686   147 transaction_manager_impl.cpp:120] Total, abort: 8 commit: 898
2026-09-16T10:19:12.719850137Z I20260916 10:19:12.719715   147 transaction_manager_impl.cpp:62] Finish with epoch id=3518
2026-09-16T10:19:12.728131852Z I20260916 10:19:12.728045    44 block_storage_to_file.cpp:46] block store in file successfully, epoch=3518
2026-09-16T10:19:12.802591774Z I20260916 10:19:12.802505   143 consensus_control_block.h:289] consensus of epoch=3519 has reach, all vote yes.
2026-09-16T10:19:12.807472509Z I20260916 10:19:12.807392   149 epoch_txn_queue_manager.h:17] All threads reached barrier, epoch: 3520, count: 4
2026-09-16T10:19:12.818307254Z I20260916 10:19:12.817240   147 transaction_manager_impl.cpp:120] Total, abort: 5 commit: 909
2026-09-16T10:19:12.818321278Z I20260916 10:19:12.817260   147 transaction_manager_impl.cpp:62] Finish with epoch id=3519
2026-09-16T10:19:12.826103818Z I20260916 10:19:12.825970    44 block_storage_to_file.cpp:46] block store in file successfully, epoch=3519
2026-09-16T10:19:12.902820863Z I20260916 10:19:12.902747   143 consensus_control_block.h:289] consensus of epoch=3520 has reach, all vote yes.
2026-09-16T10:19:12.905806360Z I20260916 10:19:12.905721   150 epoch_txn_queue_manager.h:17] All threads reached barrier, epoch: 3521, count: 4
2026-09-16T10:19:12.918360691Z I20260916 10:19:12.918254   147 transaction_manager_impl.cpp:120] Total, abort: 5 commit: 907
2026-09-16T10:19:12.918373554Z I20260916 10:19:12.918268   147 transaction_manager_impl.cpp:62] Finish with epoch id=3520
2026-09-16T10:19:12.926563354Z I20260916 10:19:12.926432    44 block_storage_to_file.cpp:46] block store in file successfully, epoch=3520
2026-09-16T10:19:13.003045345Z I20260916 10:19:13.002947   143 consensus_control_block.h:289] consensus of epoch=3521 has reach, all vote yes.
2026-09-16T10:19:13.006421197Z I20260916 10:19:13.006346   150 epoch_txn_queue_manager.h:17] All threads reached barrier, epoch: 3522, count: 4
2026-09-16T10:19:13.018490091Z I20260916 10:19:13.018361   147 transaction_manager_impl.cpp:120] Total, abort: 4 commit: 884
2026-09-16T10:19:13.018509857Z I20260916 10:19:13.018383   147 transaction_manager_impl.cpp:62] Finish with epoch id=3521
2026-09-16T10:19:13.027371385Z I20260916 10:19:13.027279    44 block_storage_to_file.cpp:46] block store in file successfully, epoch=3521
2026-09-16T10:19:13.103319528Z I20260916 10:19:13.103178   143 consensus_control_block.h:289] consensus of epoch=3522 has reach, all vote yes.
2026-09-16T10:19:13.107228705Z I20260916 10:19:13.107161   150 epoch_txn_queue_manager.h:17] All threads reached barrier, epoch: 3523, count: 4
2026-09-16T10:19:13.120669161Z I20260916 10:19:13.120530   147 transaction_manager_impl.cpp:120] Total, abort: 4 commit: 904
2026-09-16T10:19:13.120697058Z I20260916 10:19:13.120554   147 transaction_manager_impl.cpp:62] Finish with epoch id=3522
2026-09-16T10:19:13.129245854Z I20260916 10:19:13.129091    44 block_storage_to_file.cpp:46] block store in file successfully, epoch=3522
2026-09-16T10:19:13.203505762Z I20260916 10:19:13.203413   143 consensus_control_block.h:289] consensus of epoch=3523 has reach, all vote yes.
2026-09-16T10:19:13.208196664Z I20260916 10:19:13.208081   150 epoch_txn_queue_manager.h:17] All threads reached barrier, epoch: 3524, count: 4
2026-09-16T10:19:13.220800404Z I20260916 10:19:13.220635   147 transaction_manager_impl.cpp:120] Total, abort: 6 commit: 906
2026-09-16T10:19:13.220815173Z I20260916 10:19:13.220661   147 transaction_manager_impl.cpp:62] Finish with epoch id=3523
2026-09-16T10:19:13.229981725Z I20260916 10:19:13.229885    44 block_storage_to_file.cpp:46] block store in file successfully, epoch=3523
2026-09-16T10:19:13.233649606Z [epoch] I20260916 10:19:13.233546     7 chain_client.cpp:83] Sending Request to epoch_server_group at qps=0 latency=0
2026-09-16T10:19:13.290309211Z I20260916 10:19:13.290197   143 consensus_control_block.h:289] consensus of epoch=3524 has reach, all vote yes.
2026-09-16T10:19:13.308731175Z I20260916 10:19:13.308636   150 epoch_txn_queue_manager.h:17] All threads reached barrier, epoch: 3525, count: 4
2026-09-16T10:19:13.319040030Z I20260916 10:19:13.318912   147 transaction_manager_impl.cpp:120] Total, abort: 5 commit: 910
2026-09-16T10:19:13.320151056Z I20260916 10:19:13.319136   147 transaction_manager_impl.cpp:62] Finish with epoch id=3524
2026-09-16T10:19:13.327415959Z I20260916 10:19:13.327325    44 block_storage_to_file.cpp:46] block store in file successfully, epoch=3524
2026-09-16T10:19:13.403976922Z I20260916 10:19:13.403860   143 consensus_control_block.h:289] consensus of epoch=3525 has reach, all vote yes.
2026-09-16T10:19:13.409649280Z I20260916 10:19:13.409431   150 epoch_txn_queue_manager.h:17] All threads reached barrier, epoch: 3526, count: 4
2026-09-16T10:19:13.423521603Z I20260916 10:19:13.423420   147 transaction_manager_impl.cpp:120] Total, abort: 6 commit: 900
2026-09-16T10:19:13.423533947Z I20260916 10:19:13.423439   147 transaction_manager_impl.cpp:62] Finish with epoch id=3525
2026-09-16T10:19:13.431843470Z I20260916 10:19:13.431720    44 block_storage_to_file.cpp:46] block store in file successfully, epoch=3525
2026-09-16T10:19:13.502139180Z I20260916 10:19:13.502044   143 consensus_control_block.h:289] consensus of epoch=3526 has reach, all vote yes.
2026-09-16T10:19:13.509774637Z I20260916 10:19:13.509629   152 epoch_txn_queue_manager.h:17] All threads reached barrier, epoch: 3527, count: 4
2026-09-16T10:19:13.521063437Z I20260916 10:19:13.520941   147 transaction_manager_impl.cpp:120] Total, abort: 7 commit: 907
2026-09-16T10:19:13.521084323Z I20260916 10:19:13.520961   147 transaction_manager_impl.cpp:62] Finish with epoch id=3526
2026-09-16T10:19:13.530151596Z I20260916 10:19:13.529994    44 block_storage_to_file.cpp:46] block store in file successfully, epoch=3526
2026-09-16T10:19:13.600934071Z I20260916 10:19:13.600839   143 consensus_control_block.h:289] consensus of epoch=3527 has reach, all vote yes.
2026-09-16T10:19:13.609637592Z I20260916 10:19:13.609579   151 epoch_txn_queue_manager.h:17] All threads reached barrier, epoch: 3528, count: 4
2026-09-16T10:19:13.619926373Z I20260916 10:19:13.619856   147 transaction_manager_impl.cpp:120] Total, abort: 6 commit: 882
2026-09-16T10:19:13.619936741Z I20260916 10:19:13.619879   147 transaction_manager_impl.cpp:62] Finish with epoch id=3527
2026-09-16T10:19:13.628414657Z I20260916 10:19:13.628309    44 block_storage_to_file.cpp:46] block store in file successfully, epoch=3527
2026-09-16T10:19:13.701169280Z I20260916 10:19:13.701093   143 consensus_control_block.h:289] consensus of epoch=3528 has reach, all vote yes.
2026-09-16T10:19:13.710258168Z I20260916 10:19:13.710144   151 epoch_txn_queue_manager.h:17] All threads reached barrier, epoch: 3529, count: 4
2026-09-16T10:19:13.723162925Z I20260916 10:19:13.723054   147 transaction_manager_impl.cpp:120] Total, abort: 8 commit: 882
2026-09-16T10:19:13.723172702Z I20260916 10:19:13.723068   147 transaction_manager_impl.cpp:62] Finish with epoch id=3528
2026-09-16T10:19:13.731192294Z I20260916 10:19:13.731083    44 block_storage_to_file.cpp:46] block store in file successfully, epoch=3528
2026-09-16T10:19:13.801428332Z I20260916 10:19:13.801374   143 consensus_control_block.h:289] consensus of epoch=3529 has reach, all vote yes.
2026-09-16T10:19:13.807338802Z I20260916 10:19:13.807258   149 epoch_txn_queue_manager.h:17] All threads reached barrier, epoch: 3530, count: 4
2026-09-16T10:19:13.818592999Z I20260916 10:19:13.818485   147 transaction_manager_impl.cpp:120] Total, abort: 7 commit: 904
2026-09-16T10:19:13.818603929Z I20260916 10:19:13.818499   147 transaction_manager_impl.cpp:62] Finish with epoch id=3529
2026-09-16T10:19:13.826842455Z I20260916 10:19:13.826766    44 block_storage_to_file.cpp:46] block store in file successfully, epoch=3529
2026-09-16T10:19:13.901709752Z I20260916 10:19:13.901603   143 consensus_control_block.h:289] consensus of epoch=3530 has reach, all vote yes.
2026-09-16T10:19:13.908120426Z I20260916 10:19:13.908032   149 epoch_txn_queue_manager.h:17] All threads reached barrier, epoch: 3531, count: 4
2026-09-16T10:19:13.923618752Z I20260916 10:19:13.923552   147 transaction_manager_impl.cpp:120] Total, abort: 6 commit: 882
2026-09-16T10:19:13.924916447Z I20260916 10:19:13.923638   147 transaction_manager_impl.cpp:62] Finish with epoch id=3530
2026-09-16T10:19:13.932943087Z I20260916 10:19:13.932822    44 block_storage_to_file.cpp:46] block store in file successfully, epoch=3530
2026-09-16T10:19:14.012070025Z I20260916 10:19:14.011955   143 consensus_control_block.h:289] consensus of epoch=3531 has reach, all vote yes.
2026-09-16T10:19:14.032871388Z I20260916 10:19:14.032765   151 epoch_txn_queue_manager.h:17] All threads reached barrier, epoch: 3532, count: 4
2026-09-16T10:19:14.054703349Z I20260916 10:19:14.054600   147 transaction_manager_impl.cpp:120] Total, abort: 6 commit: 903
2026-09-16T10:19:14.054721651Z I20260916 10:19:14.054620   147 transaction_manager_impl.cpp:62] Finish with epoch id=3531
2026-09-16T10:19:14.064733664Z I20260916 10:19:14.064630    44 block_storage_to_file.cpp:46] block store in file successfully, epoch=3531
2026-09-16T10:19:14.069306627Z I20260916 10:19:14.069208   149 epoch_txn_queue_manager.h:17] All threads reached barrier, epoch: 3533, count: 4
2026-09-16T10:19:14.069598505Z I20260916 10:19:14.069475   143 consensus_control_block.h:289] consensus of epoch=3532 has reach, all vote yes.
2026-09-16T10:19:14.076062821Z I20260916 10:19:14.075943   147 transaction_manager_impl.cpp:120] Total, abort: 6 commit: 874
2026-09-16T10:19:14.076066849Z I20260916 10:19:14.075960   147 transaction_manager_impl.cpp:62] Finish with epoch id=3532
2026-09-16T10:19:14.086000800Z I20260916 10:19:14.085870    44 block_storage_to_file.cpp:46] block store in file successfully, epoch=3532
2026-09-16T10:19:14.112370804Z I20260916 10:19:14.112286   143 consensus_control_block.h:289] consensus of epoch=3533 has reach, all vote yes.
2026-09-16T10:19:14.127496409Z I20260916 10:19:14.127368   152 epoch_txn_queue_manager.h:17] All threads reached barrier, epoch: 3534, count: 4
2026-09-16T10:19:14.137556989Z I20260916 10:19:14.137444   147 transaction_manager_impl.cpp:120] Total, abort: 4 commit: 575
2026-09-16T10:19:14.138059192Z I20260916 10:19:14.137461   147 transaction_manager_impl.cpp:62] Finish with epoch id=3533
2026-09-16T10:19:14.143054942Z I20260916 10:19:14.142967    44 block_storage_to_file.cpp:46] block store in file successfully, epoch=3533
2026-09-16T10:19:14.184269218Z I20260916 10:19:14.184180   151 epoch_txn_queue_manager.h:17] All threads reached barrier, epoch: 3535, count: 4
2026-09-16T10:19:14.185913253Z I20260916 10:19:14.185837   143 consensus_control_block.h:289] consensus of epoch=3534 has reach, all vote yes.
2026-09-16T10:19:14.191112678Z I20260916 10:19:14.191008   147 transaction_manager_impl.cpp:120] Total, abort: 4 commit: 530
2026-09-16T10:19:14.191121757Z I20260916 10:19:14.191022   147 transaction_manager_impl.cpp:62] Finish with epoch id=3534
2026-09-16T10:19:14.196520205Z I20260916 10:19:14.196403    44 block_storage_to_file.cpp:46] block store in file successfully, epoch=3534
2026-09-16T10:19:14.212656238Z I20260916 10:19:14.212566   143 consensus_control_block.h:289] consensus of epoch=3535 has reach, all vote yes.
2026-09-16T10:19:14.233769099Z [epoch] I20260916 10:19:14.233623     7 chain_client.cpp:83] Sending Request to epoch_server_group at qps=0 latency=0
2026-09-16T10:19:14.311015338Z I20260916 10:19:14.310912   149 epoch_txn_queue_manager.h:17] All threads reached barrier, epoch: 3536, count: 4
2026-09-16T10:19:14.318414455Z I20260916 10:19:14.318274   147 transaction_manager_impl.cpp:120] Total, abort: 0 commit: 500
2026-09-16T10:19:14.318428952Z I20260916 10:19:14.318336   147 transaction_manager_impl.cpp:62] Finish with epoch id=3535
2026-09-16T10:19:14.323189991Z I20260916 10:19:14.323035    44 block_storage_to_file.cpp:46] block store in file successfully, epoch=3535
2026-09-16T10:19:14.403504079Z I20260916 10:19:14.403393   143 consensus_control_block.h:289] consensus of epoch=3536 has reach, all vote yes.
2026-09-16T10:19:14.411724622Z I20260916 10:19:14.411597   149 epoch_txn_queue_manager.h:17] All threads reached barrier, epoch: 3537, count: 4
2026-09-16T10:19:14.424560551Z I20260916 10:19:14.424448   147 transaction_manager_impl.cpp:120] Total, abort: 5 commit: 1154
2026-09-16T10:19:14.424577038Z I20260916 10:19:14.424467   147 transaction_manager_impl.cpp:62] Finish with epoch id=3536
2026-09-16T10:19:14.435417280Z I20260916 10:19:14.435336    44 block_storage_to_file.cpp:46] block store in file successfully, epoch=3536
2026-09-16T10:19:14.503714801Z I20260916 10:19:14.503588   143 consensus_control_block.h:289] consensus of epoch=3537 has reach, all vote yes.
2026-09-16T10:19:14.512394796Z I20260916 10:19:14.512305   149 epoch_txn_queue_manager.h:17] All threads reached barrier, epoch: 3538, count: 4
2026-09-16T10:19:14.523129187Z I20260916 10:19:14.523020   147 transaction_manager_impl.cpp:120] Total, abort: 7 commit: 902
2026-09-16T10:19:14.523148828Z I20260916 10:19:14.523034   147 transaction_manager_impl.cpp:62] Finish with epoch id=3537
2026-09-16T10:19:14.531757471Z I20260916 10:19:14.531669    44 block_storage_to_file.cpp:46] block store in file successfully, epoch=3537
2026-09-16T10:19:14.603953382Z I20260916 10:19:14.603832   143 consensus_control_block.h:289] consensus of epoch=3538 has reach, all vote yes.
2026-09-16T10:19:14.613239025Z I20260916 10:19:14.613123   149 epoch_txn_queue_manager.h:17] All threads reached barrier, epoch: 3539, count: 4
2026-09-16T10:19:14.624498118Z I20260916 10:19:14.624352   147 transaction_manager_impl.cpp:120] Total, abort: 8 commit: 903
2026-09-16T10:19:14.624511874Z I20260916 10:19:14.624383   147 transaction_manager_impl.cpp:62] Finish with epoch id=3538
2026-09-16T10:19:14.633847233Z I20260916 10:19:14.633755    44 block_storage_to_file.cpp:46] block store in file successfully, epoch=3538
2026-09-16T10:19:14.704161660Z I20260916 10:19:14.704058   143 consensus_control_block.h:289] consensus of epoch=3539 has reach, all vote yes.
2026-09-16T10:19:14.711638458Z I20260916 10:19:14.711478   152 epoch_txn_queue_manager.h:17] All threads reached barrier, epoch: 3540, count: 4
2026-09-16T10:19:14.721213130Z I20260916 10:19:14.721118   147 transaction_manager_impl.cpp:120] Total, abort: 4 commit: 909
2026-09-16T10:19:14.721227398Z I20260916 10:19:14.721136   147 transaction_manager_impl.cpp:62] Finish with epoch id=3539
2026-09-16T10:19:14.729177218Z I20260916 10:19:14.729031    44 block_storage_to_file.cpp:46] block store in file successfully, epoch=3539
2026-09-16T10:19:14.804464790Z I20260916 10:19:14.804319   143 consensus_control_block.h:289] consensus of epoch=3540 has reach, all vote yes.
2026-09-16T10:19:14.812201976Z I20260916 10:19:14.812064   152 epoch_txn_queue_manager.h:17] All threads reached barrier, epoch: 3541, count: 4
2026-09-16T10:19:14.824073656Z I20260916 10:19:14.823937   147 transaction_manager_impl.cpp:120] Total, abort: 6 commit: 881
2026-09-16T10:19:14.824087074Z I20260916 10:19:14.823966   147 transaction_manager_impl.cpp:62] Finish with epoch id=3540
2026-09-16T10:19:14.832654504Z I20260916 10:19:14.832541    44 block_storage_to_file.cpp:46] block store in file successfully, epoch=3540
2026-09-16T10:19:14.904599057Z I20260916 10:19:14.904474   143 consensus_control_block.h:289] consensus of epoch=3541 has reach, all vote yes.
2026-09-16T10:19:14.912907141Z I20260916 10:19:14.912774   152 epoch_txn_queue_manager.h:17] All threads reached barrier, epoch: 3542, count: 4
2026-09-16T10:19:14.923834241Z I20260916 10:19:14.923745   147 transaction_manager_impl.cpp:120] Total, abort: 5 commit: 905
2026-09-16T10:19:14.923846738Z I20260916 10:19:14.923760   147 transaction_manager_impl.cpp:62] Finish with epoch id=3541
2026-09-16T10:19:14.932965830Z I20260916 10:19:14.932888    44 block_storage_to_file.cpp:46] block store in file successfully, epoch=3541
2026-09-16T10:19:15.004772224Z I20260916 10:19:15.004691   143 consensus_control_block.h:289] consensus of epoch=3542 has reach, all vote yes.
2026-09-16T10:19:15.013293134Z I20260916 10:19:15.013211   152 epoch_txn_queue_manager.h:17] All threads reached barrier, epoch: 3543, count: 4
2026-09-16T10:19:15.024045710Z I20260916 10:19:15.023922   147 transaction_manager_impl.cpp:120] Total, abort: 7 commit: 904
2026-09-16T10:19:15.024056145Z I20260916 10:19:15.023964   147 transaction_manager_impl.cpp:62] Finish with epoch id=3542
2026-09-16T10:19:15.032219689Z I20260916 10:19:15.032099    44 block_storage_to_file.cpp:46] block store in file successfully, epoch=3542
2026-09-16T10:19:15.104976926Z I20260916 10:19:15.104882   143 consensus_control_block.h:289] consensus of epoch=3543 has reach, all vote yes.
2026-09-16T10:19:15.114059523Z I20260916 10:19:15.113926   152 epoch_txn_queue_manager.h:17] All threads reached barrier, epoch: 3544, count: 4
2026-09-16T10:19:15.125469759Z I20260916 10:19:15.124716   147 transaction_manager_impl.cpp:120] Total, abort: 7 commit: 906
2026-09-16T10:19:15.125485216Z I20260916 10:19:15.124737   147 transaction_manager_impl.cpp:62] Finish with epoch id=3543
2026-09-16T10:19:15.133584326Z I20260916 10:19:15.133447    44 block_storage_to_file.cpp:46] block store in file successfully, epoch=3543
2026-09-16T10:19:15.205254660Z I20260916 10:19:15.205127   143 consensus_control_block.h:289] consensus of epoch=3544 has reach, all vote yes.
2026-09-16T10:19:15.214664490Z I20260916 10:19:15.214596   152 epoch_txn_queue_manager.h:17] All threads reached barrier, epoch: 3545, count: 4
2026-09-16T10:19:15.227903791Z I20260916 10:19:15.227800   147 transaction_manager_impl.cpp:120] Total, abort: 7 commit: 900
2026-09-16T10:19:15.227918131Z I20260916 10:19:15.227818   147 transaction_manager_impl.cpp:62] Finish with epoch id=3544
2026-09-16T10:19:15.233902418Z [epoch] I20260916 10:19:15.233759     7 chain_client.cpp:83] Sending Request to epoch_server_group at qps=0 latency=0
2026-09-16T10:19:15.236738344Z I20260916 10:19:15.236666    44 block_storage_to_file.cpp:46] block store in file successfully, epoch=3544
2026-09-16T10:19:15.290505683Z I20260916 10:19:15.290382   143 consensus_control_block.h:289] consensus of epoch=3545 has reach, all vote yes.
2026-09-16T10:19:15.315554761Z I20260916 10:19:15.315318   152 epoch_txn_queue_manager.h:17] All threads reached barrier, epoch: 3546, count: 4
2026-09-16T10:19:15.325858597Z I20260916 10:19:15.325726   147 transaction_manager_impl.cpp:120] Total, abort: 7 commit: 910
2026-09-16T10:19:15.325863712Z I20260916 10:19:15.325754   147 transaction_manager_impl.cpp:62] Finish with epoch id=3545
2026-09-16T10:19:15.334615420Z I20260916 10:19:15.334530    44 block_storage_to_file.cpp:46] block store in file successfully, epoch=3545
2026-09-16T10:19:15.405790075Z I20260916 10:19:15.405565   143 consensus_control_block.h:289] consensus of epoch=3546 has reach, all vote yes.
2026-09-16T10:19:15.414245375Z I20260916 10:19:15.414028   151 epoch_txn_queue_manager.h:17] All threads reached barrier, epoch: 3547, count: 4
2026-09-16T10:19:15.427459317Z I20260916 10:19:15.427362   147 transaction_manager_impl.cpp:120] Total, abort: 6 commit: 904
2026-09-16T10:19:15.427483178Z I20260916 10:19:15.427374   147 transaction_manager_impl.cpp:62] Finish with epoch id=3546
2026-09-16T10:19:15.436788073Z I20260916 10:19:15.436699    44 block_storage_to_file.cpp:46] block store in file successfully, epoch=3546
2026-09-16T10:19:15.505921619Z I20260916 10:19:15.505815   143 consensus_control_block.h:289] consensus of epoch=3547 has reach, all vote yes.
2026-09-16T10:19:15.514780221Z I20260916 10:19:15.514685   151 epoch_txn_queue_manager.h:17] All threads reached barrier, epoch: 3548, count: 4
2026-09-16T10:19:15.526578499Z I20260916 10:19:15.526454   147 transaction_manager_impl.cpp:120] Total, abort: 4 commit: 879
2026-09-16T10:19:15.526595575Z I20260916 10:19:15.526470   147 transaction_manager_impl.cpp:62] Finish with epoch id=3547
2026-09-16T10:19:15.534490036Z I20260916 10:19:15.534392    44 block_storage_to_file.cpp:46] block store in file successfully, epoch=3547
2026-09-16T10:19:15.606218985Z I20260916 10:19:15.606127   143 consensus_control_block.h:289] consensus of epoch=3548 has reach, all vote yes.
2026-09-16T10:19:15.615468609Z I20260916 10:19:15.615374   151 epoch_txn_queue_manager.h:17] All threads reached barrier, epoch: 3549, count: 4
2026-09-16T10:19:15.627937909Z I20260916 10:19:15.627794   147 transaction_manager_impl.cpp:120] Total, abort: 13 commit: 905
2026-09-16T10:19:15.627962597Z I20260916 10:19:15.627813   147 transaction_manager_impl.cpp:62] Finish with epoch id=3548
2026-09-16T10:19:15.637552036Z I20260916 10:19:15.637353    44 block_storage_to_file.cpp:46] block store in file successfully, epoch=3548
2026-09-16T10:19:15.706462901Z I20260916 10:19:15.706346   143 consensus_control_block.h:289] consensus of epoch=3549 has reach, all vote yes.
2026-09-16T10:19:15.716125363Z I20260916 10:19:15.716024   151 epoch_txn_queue_manager.h:17] All threads reached barrier, epoch: 3550, count: 4
2026-09-16T10:19:15.726390629Z I20260916 10:19:15.726300   147 transaction_manager_impl.cpp:120] Total, abort: 7 commit: 901
2026-09-16T10:19:15.726401243Z I20260916 10:19:15.726318   147 transaction_manager_impl.cpp:62] Finish with epoch id=3549
2026-09-16T10:19:15.735263690Z I20260916 10:19:15.735162    44 block_storage_to_file.cpp:46] block store in file successfully, epoch=3549
2026-09-16T10:19:15.816847911Z I20260916 10:19:15.816736   151 epoch_txn_queue_manager.h:17] All threads reached barrier, epoch: 3551, count: 4
2026-09-16T10:19:15.817225576Z I20260916 10:19:15.817170   143 consensus_control_block.h:289] consensus of epoch=3550 has reach, all vote yes.
2026-09-16T10:19:15.829268000Z I20260916 10:19:15.829151   147 transaction_manager_impl.cpp:120] Total, abort: 6 commit: 905
2026-09-16T10:19:15.829289590Z I20260916 10:19:15.829166   147 transaction_manager_impl.cpp:62] Finish with epoch id=3550
2026-09-16T10:19:15.837775765Z I20260916 10:19:15.837679    44 block_storage_to_file.cpp:46] block store in file successfully, epoch=3550
2026-09-16T10:19:15.916896750Z I20260916 10:19:15.916826   150 epoch_txn_queue_manager.h:17] All threads reached barrier, epoch: 3552, count: 4
2026-09-16T10:19:15.917425995Z I20260916 10:19:15.917361   143 consensus_control_block.h:289] consensus of epoch=3551 has reach, all vote yes.
2026-09-16T10:19:15.929368237Z I20260916 10:19:15.929258   147 transaction_manager_impl.cpp:120] Total, abort: 8 commit: 901
2026-09-16T10:19:15.929392218Z I20260916 10:19:15.929272   147 transaction_manager_impl.cpp:62] Finish with epoch id=3551
2026-09-16T10:19:15.938253867Z I20260916 10:19:15.938140    44 block_storage_to_file.cpp:46] block store in file successfully, epoch=3551
2026-09-16T10:19:16.017663510Z I20260916 10:19:16.017562   150 epoch_txn_queue_manager.h:17] All threads reached barrier, epoch: 3553, count: 4
2026-09-16T10:19:16.017827025Z I20260916 10:19:16.017693   143 consensus_control_block.h:289] consensus of epoch=3552 has reach, all vote yes.
2026-09-16T10:19:16.034666041Z I20260916 10:19:16.034530   147 transaction_manager_impl.cpp:120] Total, abort: 4 commit: 886
2026-09-16T10:19:16.034688800Z I20260916 10:19:16.034555   147 transaction_manager_impl.cpp:62] Finish with epoch id=3552
2026-09-16T10:19:16.042581880Z I20260916 10:19:16.042476    44 block_storage_to_file.cpp:46] block store in file successfully, epoch=3552
2026-09-16T10:19:16.110119675Z I20260916 10:19:16.110019   143 consensus_control_block.h:289] consensus of epoch=3553 has reach, all vote yes.
2026-09-16T10:19:16.115299068Z I20260916 10:19:16.115222   149 epoch_txn_queue_manager.h:17] All threads reached barrier, epoch: 3554, count: 4
2026-09-16T10:19:16.126738622Z I20260916 10:19:16.126598   147 transaction_manager_impl.cpp:120] Total, abort: 5 commit: 904
2026-09-16T10:19:16.126768138Z I20260916 10:19:16.126657   147 transaction_manager_impl.cpp:62] Finish with epoch id=3553
2026-09-16T10:19:16.135400550Z I20260916 10:19:16.135314    44 block_storage_to_file.cpp:46] block store in file successfully, epoch=3553
2026-09-16T10:19:16.207842578Z I20260916 10:19:16.207705   143 consensus_control_block.h:289] consensus of epoch=3554 has reach, all vote yes.
2026-09-16T10:19:16.216030597Z I20260916 10:19:16.215901   149 epoch_txn_queue_manager.h:17] All threads reached barrier, epoch: 3555, count: 4
2026-09-16T10:19:16.229378526Z I20260916 10:19:16.229229   147 transaction_manager_impl.cpp:120] Total, abort: 5 commit: 883
2026-09-16T10:19:16.229392053Z I20260916 10:19:16.229251   147 transaction_manager_impl.cpp:62] Finish with epoch id=3554
2026-09-16T10:19:16.234015083Z [epoch] I20260916 10:19:16.233856     7 chain_client.cpp:83] Sending Request to epoch_server_group at qps=0 latency=0
2026-09-16T10:19:16.238733230Z I20260916 10:19:16.238575    44 block_storage_to_file.cpp:46] block store in file successfully, epoch=3554
2026-09-16T10:19:16.290735711Z I20260916 10:19:16.290611   143 consensus_control_block.h:289] consensus of epoch=3555 has reach, all vote yes.
2026-09-16T10:19:16.316663718Z I20260916 10:19:16.316565   149 epoch_txn_queue_manager.h:17] All threads reached barrier, epoch: 3556, count: 4
2026-09-16T10:19:16.328673892Z I20260916 10:19:16.327592   147 transaction_manager_impl.cpp:120] Total, abort: 5 commit: 908
2026-09-16T10:19:16.328696717Z I20260916 10:19:16.327608   147 transaction_manager_impl.cpp:62] Finish with epoch id=3555
2026-09-16T10:19:16.336078443Z I20260916 10:19:16.335996    44 block_storage_to_file.cpp:46] block store in file successfully, epoch=3555
2026-09-16T10:19:16.408419151Z I20260916 10:19:16.408293   143 consensus_control_block.h:289] consensus of epoch=3556 has reach, all vote yes.
2026-09-16T10:19:16.417384734Z I20260916 10:19:16.417295   149 epoch_txn_queue_manager.h:17] All threads reached barrier, epoch: 3557, count: 4
2026-09-16T10:19:16.428180087Z I20260916 10:19:16.428052   147 transaction_manager_impl.cpp:120] Total, abort: 8 commit: 901
2026-09-16T10:19:16.428198393Z I20260916 10:19:16.428068   147 transaction_manager_impl.cpp:62] Finish with epoch id=3556
2026-09-16T10:19:16.437025850Z I20260916 10:19:16.436896    44 block_storage_to_file.cpp:46] block store in file successfully, epoch=3556
2026-09-16T10:19:16.508708508Z I20260916 10:19:16.508594   143 consensus_control_block.h:289] consensus of epoch=3557 has reach, all vote yes.
2026-09-16T10:19:16.518317418Z I20260916 10:19:16.518226   149 epoch_txn_queue_manager.h:17] All threads reached barrier, epoch: 3558, count: 4
2026-09-16T10:19:16.528801453Z I20260916 10:19:16.528716   147 transaction_manager_impl.cpp:120] Total, abort: 5 commit: 904
2026-09-16T10:19:16.528812585Z I20260916 10:19:16.528735   147 transaction_manager_impl.cpp:62] Finish with epoch id=3557
2026-09-16T10:19:16.538236840Z I20260916 10:19:16.538151    44 block_storage_to_file.cpp:46] block store in file successfully, epoch=3557
2026-09-16T10:19:16.609071890Z I20260916 10:19:16.608886   143 consensus_control_block.h:289] consensus of epoch=3558 has reach, all vote yes.
2026-09-16T10:19:16.618862010Z I20260916 10:19:16.618733   149 epoch_txn_queue_manager.h:17] All threads reached barrier, epoch: 3559, count: 4
2026-09-16T10:19:16.631433317Z I20260916 10:19:16.631309   147 transaction_manager_impl.cpp:120] Total, abort: 6 commit: 909
2026-09-16T10:19:16.631456971Z I20260916 10:19:16.631359   147 transaction_manager_impl.cpp:62] Finish with epoch id=3558
2026-09-16T10:19:16.640006351Z I20260916 10:19:16.639891    44 block_storage_to_file.cpp:46] block store in file successfully, epoch=3558
2026-09-16T10:19:16.709299299Z I20260916 10:19:16.709196   143 consensus_control_block.h:289] consensus of epoch=3559 has reach, all vote yes.
2026-09-16T10:19:16.719644605Z I20260916 10:19:16.719542   149 epoch_txn_queue_manager.h:17] All threads reached barrier, epoch: 3560, count: 4
2026-09-16T10:19:16.729410484Z I20260916 10:19:16.729282   147 transaction_manager_impl.cpp:120] Total, abort: 6 commit: 900
2026-09-16T10:19:16.729434001Z I20260916 10:19:16.729300   147 transaction_manager_impl.cpp:62] Finish with epoch id=3559
2026-09-16T10:19:16.738988297Z I20260916 10:19:16.738893    44 block_storage_to_file.cpp:46] block store in file successfully, epoch=3559
2026-09-16T10:19:16.773578165Z I20260916 10:19:16.773509   151 epoch_txn_queue_manager.h:17] All threads reached barrier, epoch: 3561, count: 4
2026-09-16T10:19:16.776521668Z I20260916 10:19:16.776438   143 consensus_control_block.h:289] consensus of epoch=3560 has reach, all vote yes.
2026-09-16T10:19:16.787184858Z I20260916 10:19:16.787086   147 transaction_manager_impl.cpp:120] Total, abort: 4 commit: 911
2026-09-16T10:19:16.787201235Z I20260916 10:19:16.787107   147 transaction_manager_impl.cpp:62] Finish with epoch id=3560
2026-09-16T10:19:16.795242626Z I20260916 10:19:16.795161    44 block_storage_to_file.cpp:46] block store in file successfully, epoch=3560
2026-09-16T10:19:16.819633490Z I20260916 10:19:16.819550   143 consensus_control_block.h:289] consensus of epoch=3561 has reach, all vote yes.
2026-09-16T10:19:16.884316919Z I20260916 10:19:16.884248   150 epoch_txn_queue_manager.h:17] All threads reached barrier, epoch: 3562, count: 4
2026-09-16T10:19:16.890946479Z I20260916 10:19:16.890854   147 transaction_manager_impl.cpp:120] Total, abort: 2 commit: 498
2026-09-16T10:19:16.890959797Z I20260916 10:19:16.890872   147 transaction_manager_impl.cpp:62] Finish with epoch id=3561
2026-09-16T10:19:16.896195139Z I20260916 10:19:16.896106    44 block_storage_to_file.cpp:46] block store in file successfully, epoch=3561
2026-09-16T10:19:16.916020349Z I20260916 10:19:16.915933   143 consensus_control_block.h:289] consensus of epoch=3562 has reach, all vote yes.
2026-09-16T10:19:16.917648794Z I20260916 10:19:16.917562   152 epoch_txn_queue_manager.h:17] All threads reached barrier, epoch: 3563, count: 4
2026-09-16T10:19:16.929347880Z I20260916 10:19:16.929257   147 transaction_manager_impl.cpp:120] Total, abort: 6 commit: 997
2026-09-16T10:19:16.929360870Z I20260916 10:19:16.929271   147 transaction_manager_impl.cpp:62] Finish with epoch id=3562
2026-09-16T10:19:16.938360410Z I20260916 10:19:16.938259    44 block_storage_to_file.cpp:46] block store in file successfully, epoch=3562
2026-09-16T10:19:17.010184915Z I20260916 10:19:17.010048   143 consensus_control_block.h:289] consensus of epoch=3563 has reach, all vote yes.
2026-09-16T10:19:17.018429245Z I20260916 10:19:17.018340   152 epoch_txn_queue_manager.h:17] All threads reached barrier, epoch: 3564, count: 4
2026-09-16T10:19:17.023094200Z I20260916 10:19:17.023025   147 transaction_manager_impl.cpp:120] Total, abort: 3 commit: 291
2026-09-16T10:19:17.023106119Z I20260916 10:19:17.023037   147 transaction_manager_impl.cpp:62] Finish with epoch id=3563
2026-09-16T10:19:17.026651886Z I20260916 10:19:17.026377    44 block_storage_to_file.cpp:46] block store in file successfully, epoch=3563
2026-09-16T10:19:17.110431194Z I20260916 10:19:17.110293   143 consensus_control_block.h:289] consensus of epoch=3564 has reach, all vote yes.
2026-09-16T10:19:17.119094778Z I20260916 10:19:17.118942   152 epoch_txn_queue_manager.h:17] All threads reached barrier, epoch: 3565, count: 4
2026-09-16T10:19:17.129319338Z I20260916 10:19:17.129189   147 transaction_manager_impl.cpp:120] Total, abort: 6 commit: 905
2026-09-16T10:19:17.129333129Z I20260916 10:19:17.129212   147 transaction_manager_impl.cpp:62] Finish with epoch id=3564
2026-09-16T10:19:17.137368047Z I20260916 10:19:17.137287    44 block_storage_to_file.cpp:46] block store in file successfully, epoch=3564
2026-09-16T10:19:17.210738720Z I20260916 10:19:17.210580   143 consensus_control_block.h:289] consensus of epoch=3565 has reach, all vote yes.
2026-09-16T10:19:17.219942879Z I20260916 10:19:17.219756   152 epoch_txn_queue_manager.h:17] All threads reached barrier, epoch: 3566, count: 4
2026-09-16T10:19:17.230503834Z I20260916 10:19:17.230386   147 transaction_manager_impl.cpp:120] Total, abort: 6 commit: 906
2026-09-16T10:19:17.230525967Z I20260916 10:19:17.230403   147 transaction_manager_impl.cpp:62] Finish with epoch id=3565
2026-09-16T10:19:17.234055436Z [epoch] I20260916 10:19:17.233918     7 chain_client.cpp:83] Sending Request to epoch_server_group at qps=0 latency=0
2026-09-16T10:19:17.239623175Z I20260916 10:19:17.239487    44 block_storage_to_file.cpp:46] block store in file successfully, epoch=3565
2026-09-16T10:19:17.290717146Z I20260916 10:19:17.290580   143 consensus_control_block.h:289] consensus of epoch=3566 has reach, all vote yes.
2026-09-16T10:19:17.320488394Z I20260916 10:19:17.320356   152 epoch_txn_queue_manager.h:17] All threads reached barrier, epoch: 3567, count: 4
2026-09-16T10:19:17.331785449Z I20260916 10:19:17.330632   147 transaction_manager_impl.cpp:120] Total, abort: 4 commit: 906
2026-09-16T10:19:17.331798241Z I20260916 10:19:17.330667   147 transaction_manager_impl.cpp:62] Finish with epoch id=3566
2026-09-16T10:19:17.339893378Z I20260916 10:19:17.339804    44 block_storage_to_file.cpp:46] block store in file successfully, epoch=3566
2026-09-16T10:19:17.411259919Z I20260916 10:19:17.411136   143 consensus_control_block.h:289] consensus of epoch=3567 has reach, all vote yes.
2026-09-16T10:19:17.421324340Z I20260916 10:19:17.421193   152 epoch_txn_queue_manager.h:17] All threads reached barrier, epoch: 3568, count: 4
2026-09-16T10:19:17.431209193Z I20260916 10:19:17.431129   147 transaction_manager_impl.cpp:120] Total, abort: 6 commit: 905
2026-09-16T10:19:17.431216362Z I20260916 10:19:17.431149   147 transaction_manager_impl.cpp:62] Finish with epoch id=3567
2026-09-16T10:19:17.440883015Z I20260916 10:19:17.440793    44 block_storage_to_file.cpp:46] block store in file successfully, epoch=3567
2026-09-16T10:19:17.521366923Z I20260916 10:19:17.521273   143 consensus_control_block.h:289] consensus of epoch=3568 has reach, all vote yes.
2026-09-16T10:19:17.521927035Z I20260916 10:19:17.521847   152 epoch_txn_queue_manager.h:17] All threads reached barrier, epoch: 3569, count: 4
2026-09-16T10:19:17.533337577Z I20260916 10:19:17.533257   147 transaction_manager_impl.cpp:120] Total, abort: 7 commit: 902
2026-09-16T10:19:17.533349223Z I20260916 10:19:17.533278   147 transaction_manager_impl.cpp:62] Finish with epoch id=3568
2026-09-16T10:19:17.542054997Z I20260916 10:19:17.541968    44 block_storage_to_file.cpp:46] block store in file successfully, epoch=3568
2026-09-16T10:19:17.619727674Z I20260916 10:19:17.619638   150 epoch_txn_queue_manager.h:17] All threads reached barrier, epoch: 3570, count: 4
2026-09-16T10:19:17.621623648Z I20260916 10:19:17.621531   143 consensus_control_block.h:289] consensus of epoch=3569 has reach, all vote yes.
2026-09-16T10:19:17.632995136Z I20260916 10:19:17.632879   147 transaction_manager_impl.cpp:120] Total, abort: 7 commit: 904
2026-09-16T10:19:17.633019162Z I20260916 10:19:17.632895   147 transaction_manager_impl.cpp:62] Finish with epoch id=3569
2026-09-16T10:19:17.641162890Z I20260916 10:19:17.641078    44 block_storage_to_file.cpp:46] block store in file successfully, epoch=3569
2026-09-16T10:19:17.720368042Z I20260916 10:19:17.720249   150 epoch_txn_queue_manager.h:17] All threads reached barrier, epoch: 3571, count: 4
2026-09-16T10:19:17.721937478Z I20260916 10:19:17.721807   143 consensus_control_block.h:289] consensus of epoch=3570 has reach, all vote yes.
2026-09-16T10:19:17.734132739Z I20260916 10:19:17.733852   147 transaction_manager_impl.cpp:120] Total, abort: 5 commit: 883
2026-09-16T10:19:17.734151638Z I20260916 10:19:17.733887   147 transaction_manager_impl.cpp:62] Finish with epoch id=3570
2026-09-16T10:19:17.743845602Z I20260916 10:19:17.743753    44 block_storage_to_file.cpp:46] block store in file successfully, epoch=3570
2026-09-16T10:19:17.821258055Z I20260916 10:19:17.821089   150 epoch_txn_queue_manager.h:17] All threads reached barrier, epoch: 3572, count: 4
2026-09-16T10:19:17.822195436Z I20260916 10:19:17.822109   143 consensus_control_block.h:289] consensus of epoch=3571 has reach, all vote yes.
2026-09-16T10:19:17.830145802Z I20260916 10:19:17.830019   147 transaction_manager_impl.cpp:120] Total, abort: 7 commit: 903
2026-09-16T10:19:17.830166567Z I20260916 10:19:17.830045   147 transaction_manager_impl.cpp:62] Finish with epoch id=3571
2026-09-16T10:19:17.839673288Z I20260916 10:19:17.839519    44 block_storage_to_file.cpp:46] block store in file successfully, epoch=3571
2026-09-16T10:19:17.921833649Z I20260916 10:19:17.921764   150 epoch_txn_queue_manager.h:17] All threads reached barrier, epoch: 3573, count: 4
2026-09-16T10:19:17.922832258Z I20260916 10:19:17.922721   143 consensus_control_block.h:289] consensus of epoch=3572 has reach, all vote yes.
2026-09-16T10:19:17.931943496Z I20260916 10:19:17.931849   147 transaction_manager_impl.cpp:120] Total, abort: 6 commit: 905
2026-09-16T10:19:17.931955284Z I20260916 10:19:17.931864   147 transaction_manager_impl.cpp:62] Finish with epoch id=3572
2026-09-16T10:19:17.940635621Z I20260916 10:19:17.940564    44 block_storage_to_file.cpp:46] block store in file successfully, epoch=3572
2026-09-16T10:19:18.022735052Z I20260916 10:19:18.022605   150 epoch_txn_queue_manager.h:17] All threads reached barrier, epoch: 3574, count: 4
2026-09-16T10:19:18.023028573Z I20260916 10:19:18.022953   143 consensus_control_block.h:289] consensus of epoch=3573 has reach, all vote yes.
2026-09-16T10:19:18.033906464Z I20260916 10:19:18.033790   147 transaction_manager_impl.cpp:120] Total, abort: 8 commit: 902
2026-09-16T10:19:18.033919805Z I20260916 10:19:18.033810   147 transaction_manager_impl.cpp:62] Finish with epoch id=3573
2026-09-16T10:19:18.042878699Z I20260916 10:19:18.042657    44 block_storage_to_file.cpp:46] block store in file successfully, epoch=3573
2026-09-16T10:19:18.123327565Z I20260916 10:19:18.123137   150 epoch_txn_queue_manager.h:17] All threads reached barrier, epoch: 3575, count: 4
2026-09-16T10:19:18.123588183Z I20260916 10:19:18.123399   143 consensus_control_block.h:289] consensus of epoch=3574 has reach, all vote yes.
2026-09-16T10:19:18.133950251Z I20260916 10:19:18.133858   147 transaction_manager_impl.cpp:120] Total, abort: 9 commit: 902
2026-09-16T10:19:18.133962872Z I20260916 10:19:18.133872   147 transaction_manager_impl.cpp:62] Finish with epoch id=3574
2026-09-16T10:19:18.142318295Z I20260916 10:19:18.142227    44 block_storage_to_file.cpp:46] block store in file successfully, epoch=3574
2026-09-16T10:19:18.223533851Z I20260916 10:19:18.223446   143 consensus_control_block.h:289] consensus of epoch=3575 has reach, all vote yes.
2026-09-16T10:19:18.223961834Z I20260916 10:19:18.223913   150 epoch_txn_queue_manager.h:17] All threads reached barrier, epoch: 3576, count: 4
2026-09-16T10:19:18.234182505Z [epoch] I20260916 10:19:18.234010     7 chain_client.cpp:83] Sending Request to epoch_server_group at qps=0 latency=0
2026-09-16T10:19:18.234876435Z I20260916 10:19:18.234795   147 transaction_manager_impl.cpp:120] Total, abort: 8 commit: 905
2026-09-16T10:19:18.234883599Z I20260916 10:19:18.234808   147 transaction_manager_impl.cpp:62] Finish with epoch id=3575
2026-09-16T10:19:18.243586389Z I20260916 10:19:18.243481    44 block_storage_to_file.cpp:46] block store in file successfully, epoch=3575
2026-09-16T10:19:18.290612035Z I20260916 10:19:18.290503   143 consensus_control_block.h:289] consensus of epoch=3576 has reach, all vote yes.
2026-09-16T10:19:18.324504910Z I20260916 10:19:18.324398   151 epoch_txn_queue_manager.h:17] All threads reached barrier, epoch: 3577, count: 4
2026-09-16T10:19:18.332745427Z I20260916 10:19:18.332667   147 transaction_manager_impl.cpp:120] Total, abort: 8 commit: 905
2026-09-16T10:19:18.332755583Z I20260916 10:19:18.332686   147 transaction_manager_impl.cpp:62] Finish with epoch id=3576
2026-09-16T10:19:18.341225360Z I20260916 10:19:18.341156    44 block_storage_to_file.cpp:46] block store in file successfully, epoch=3576
2026-09-16T10:19:18.414381702Z I20260916 10:19:18.414276   143 consensus_control_block.h:289] consensus of epoch=3577 has reach, all vote yes.
2026-09-16T10:19:18.422007899Z I20260916 10:19:18.421901   149 epoch_txn_queue_manager.h:17] All threads reached barrier, epoch: 3578, count: 4
2026-09-16T10:19:18.434344180Z I20260916 10:19:18.434206   147 transaction_manager_impl.cpp:120] Total, abort: 5 commit: 883
2026-09-16T10:19:18.434380747Z I20260916 10:19:18.434226   147 transaction_manager_impl.cpp:62] Finish with epoch id=3577
2026-09-16T10:19:18.442580748Z I20260916 10:19:18.442487    44 block_storage_to_file.cpp:46] block store in file successfully, epoch=3577
2026-09-16T10:19:18.514605648Z I20260916 10:19:18.514500   143 consensus_control_block.h:289] consensus of epoch=3578 has reach, all vote yes.
2026-09-16T10:19:18.522756392Z I20260916 10:19:18.522670   149 epoch_txn_queue_manager.h:17] All threads reached barrier, epoch: 3579, count: 4
2026-09-16T10:19:18.532891761Z I20260916 10:19:18.532781   147 transaction_manager_impl.cpp:120] Total, abort: 7 commit: 883
2026-09-16T10:19:18.532906717Z I20260916 10:19:18.532797   147 transaction_manager_impl.cpp:62] Finish with epoch id=3578
2026-09-16T10:19:18.541424124Z I20260916 10:19:18.541286    44 block_storage_to_file.cpp:46] block store in file successfully, epoch=3578
2026-09-16T10:19:18.614854650Z I20260916 10:19:18.614727   143 consensus_control_block.h:289] consensus of epoch=3579 has reach, all vote yes.
2026-09-16T10:19:18.623393602Z I20260916 10:19:18.623301   149 epoch_txn_queue_manager.h:17] All threads reached barrier, epoch: 3580, count: 4
2026-09-16T10:19:18.633554102Z I20260916 10:19:18.633463   147 transaction_manager_impl.cpp:120] Total, abort: 6 commit: 903
2026-09-16T10:19:18.633562961Z I20260916 10:19:18.633477   147 transaction_manager_impl.cpp:62] Finish with epoch id=3579
2026-09-16T10:19:18.641455948Z I20260916 10:19:18.641359    44 block_storage_to_file.cpp:46] block store in file successfully, epoch=3579
2026-09-16T10:19:18.715112091Z I20260916 10:19:18.714984   143 consensus_control_block.h:289] consensus of epoch=3580 has reach, all vote yes.
2026-09-16T10:19:18.724147085Z I20260916 10:19:18.724049   149 epoch_txn_queue_manager.h:17] All threads reached barrier, epoch: 3581, count: 4
2026-09-16T10:19:18.735854902Z I20260916 10:19:18.735773   147 transaction_manager_impl.cpp:120] Total, abort: 5 commit: 906
2026-09-16T10:19:18.735866060Z I20260916 10:19:18.735787   147 transaction_manager_impl.cpp:62] Finish with epoch id=3580
2026-09-16T10:19:18.744092606Z I20260916 10:19:18.743923    44 block_storage_to_file.cpp:46] block store in file successfully, epoch=3580
2026-09-16T10:19:18.815370659Z I20260916 10:19:18.815237   143 consensus_control_block.h:289] consensus of epoch=3581 has reach, all vote yes.
2026-09-16T10:19:18.824842654Z I20260916 10:19:18.824754   149 epoch_txn_queue_manager.h:17] All threads reached barrier, epoch: 3582, count: 4
2026-09-16T10:19:18.836492343Z I20260916 10:19:18.836364   147 transaction_manager_impl.cpp:120] Total, abort: 5 commit: 904
2026-09-16T10:19:18.836497525Z I20260916 10:19:18.836428   147 transaction_manager_impl.cpp:62] Finish with epoch id=3581
2026-09-16T10:19:18.845458268Z I20260916 10:19:18.845367    44 block_storage_to_file.cpp:46] block store in file successfully, epoch=3581
2026-09-16T10:19:18.915796419Z I20260916 10:19:18.915647   143 consensus_control_block.h:289] consensus of epoch=3582 has reach, all vote yes.
2026-09-16T10:19:18.925575095Z I20260916 10:19:18.925489   149 epoch_txn_queue_manager.h:17] All threads reached barrier, epoch: 3583, count: 4
2026-09-16T10:19:18.935109491Z I20260916 10:19:18.935014   147 transaction_manager_impl.cpp:120] Total, abort: 8 commit: 903
2026-09-16T10:19:18.935119167Z I20260916 10:19:18.935067   147 transaction_manager_impl.cpp:62] Finish with epoch id=3582
2026-09-16T10:19:18.943341572Z I20260916 10:19:18.943174    44 block_storage_to_file.cpp:46] block store in file successfully, epoch=3582
2026-09-16T10:19:19.015992757Z I20260916 10:19:19.015887   143 consensus_control_block.h:289] consensus of epoch=3583 has reach, all vote yes.
2026-09-16T10:19:19.026257817Z I20260916 10:19:19.026149   149 epoch_txn_queue_manager.h:17] All threads reached barrier, epoch: 3584, count: 4
2026-09-16T10:19:19.034995713Z I20260916 10:19:19.034893   147 transaction_manager_impl.cpp:120] Total, abort: 5 commit: 908
2026-09-16T10:19:19.035012230Z I20260916 10:19:19.034919   147 transaction_manager_impl.cpp:62] Finish with epoch id=3583
2026-09-16T10:19:19.044052965Z I20260916 10:19:19.043851    44 block_storage_to_file.cpp:46] block store in file successfully, epoch=3583
2026-09-16T10:19:19.096928691Z I20260916 10:19:19.096788   143 consensus_control_block.h:289] consensus of epoch=3584 has reach, all vote yes.
2026-09-16T10:19:19.097266120Z I20260916 10:19:19.097168   149 epoch_txn_queue_manager.h:17] All threads reached barrier, epoch: 3585, count: 4
2026-09-16T10:19:19.103975392Z I20260916 10:19:19.103683   147 transaction_manager_impl.cpp:120] Total, abort: 5 commit: 906
2026-09-16T10:19:19.103993453Z I20260916 10:19:19.103724   147 transaction_manager_impl.cpp:62] Finish with epoch id=3584
2026-09-16T10:19:19.114800442Z I20260916 10:19:19.114677    44 block_storage_to_file.cpp:46] block store in file successfully, epoch=3584
2026-09-16T10:19:19.126107838Z I20260916 10:19:19.126000   143 consensus_control_block.h:289] consensus of epoch=3585 has reach, all vote yes.
2026-09-16T10:19:19.226005546Z I20260916 10:19:19.225922   152 epoch_txn_queue_manager.h:17] All threads reached barrier, epoch: 3586, count: 4
2026-09-16T10:19:19.234265004Z [epoch] I20260916 10:19:19.234117     7 chain_client.cpp:83] Sending Request to epoch_server_group at qps=0 latency=0
2026-09-16T10:19:19.235208731Z I20260916 10:19:19.235121   147 transaction_manager_impl.cpp:120] Total, abort: 1 commit: 573
2026-09-16T10:19:19.235214015Z I20260916 10:19:19.235159   147 transaction_manager_impl.cpp:62] Finish with epoch id=3585
2026-09-16T10:19:19.240713919Z I20260916 10:19:19.240604    44 block_storage_to_file.cpp:46] block store in file successfully, epoch=3585
2026-09-16T10:19:19.290807196Z I20260916 10:19:19.290701   143 consensus_control_block.h:289] consensus of epoch=3586 has reach, all vote yes.
2026-09-16T10:19:19.326754452Z I20260916 10:19:19.326627   152 epoch_txn_queue_manager.h:17] All threads reached barrier, epoch: 3587, count: 4
2026-09-16T10:19:19.340658459Z I20260916 10:19:19.340557   147 transaction_manager_impl.cpp:120] Total, abort: 9 commit: 1220
2026-09-16T10:19:19.340678106Z I20260916 10:19:19.340585   147 transaction_manager_impl.cpp:62] Finish with epoch id=3586
2026-09-16T10:19:19.351763981Z I20260916 10:19:19.351667    44 block_storage_to_file.cpp:46] block store in file successfully, epoch=3586
2026-09-16T10:19:19.417392604Z I20260916 10:19:19.417246   143 consensus_control_block.h:289] consensus of epoch=3587 has reach, all vote yes.
2026-09-16T10:19:19.427380602Z I20260916 10:19:19.427265   152 epoch_txn_queue_manager.h:17] All threads reached barrier, epoch: 3588, count: 4
2026-09-16T10:19:19.439077313Z I20260916 10:19:19.438961   147 transaction_manager_impl.cpp:120] Total, abort: 5 commit: 910
2026-09-16T10:19:19.439100035Z I20260916 10:19:19.438988   147 transaction_manager_impl.cpp:62] Finish with epoch id=3587
2026-09-16T10:19:19.448137480Z I20260916 10:19:19.448005    44 block_storage_to_file.cpp:46] block store in file successfully, epoch=3587
2026-09-16T10:19:19.517670490Z I20260916 10:19:19.517493   143 consensus_control_block.h:289] consensus of epoch=3588 has reach, all vote yes.
2026-09-16T10:19:19.527928486Z I20260916 10:19:19.527864   152 epoch_txn_queue_manager.h:17] All threads reached barrier, epoch: 3589, count: 4
2026-09-16T10:19:19.539891511Z I20260916 10:19:19.539788   147 transaction_manager_impl.cpp:120] Total, abort: 4 commit: 906
2026-09-16T10:19:19.539905919Z I20260916 10:19:19.539811   147 transaction_manager_impl.cpp:62] Finish with epoch id=3588
2026-09-16T10:19:19.548541895Z I20260916 10:19:19.548458    44 block_storage_to_file.cpp:46] block store in file successfully, epoch=3588
2026-09-16T10:19:19.617907586Z I20260916 10:19:19.617733   143 consensus_control_block.h:289] consensus of epoch=3589 has reach, all vote yes.
2026-09-16T10:19:19.626746451Z I20260916 10:19:19.626639   151 epoch_txn_queue_manager.h:17] All threads reached barrier, epoch: 3590, count: 4
2026-09-16T10:19:19.638538473Z I20260916 10:19:19.638433   147 transaction_manager_impl.cpp:120] Total, abort: 7 commit: 902
2026-09-16T10:19:19.638551420Z I20260916 10:19:19.638448   147 transaction_manager_impl.cpp:62] Finish with epoch id=3589
2026-09-16T10:19:19.647294550Z I20260916 10:19:19.647202    44 block_storage_to_file.cpp:46] block store in file successfully, epoch=3589
2026-09-16T10:19:19.727306494Z I20260916 10:19:19.727217   143 consensus_control_block.h:289] consensus of epoch=3590 has reach, all vote yes.
2026-09-16T10:19:19.727310735Z I20260916 10:19:19.727217   151 epoch_txn_queue_manager.h:17] All threads reached barrier, epoch: 3591, count: 4
2026-09-16T10:19:19.737435497Z I20260916 10:19:19.737347   147 transaction_manager_impl.cpp:120] Total, abort: 6 commit: 882
2026-09-16T10:19:19.737448069Z I20260916 10:19:19.737360   147 transaction_manager_impl.cpp:62] Finish with epoch id=3590
2026-09-16T10:19:19.746257034Z I20260916 10:19:19.746160    44 block_storage_to_file.cpp:46] block store in file successfully, epoch=3590
2026-09-16T10:19:19.818545776Z I20260916 10:19:19.818410   143 consensus_control_block.h:289] consensus of epoch=3591 has reach, all vote yes.
2026-09-16T10:19:19.828280161Z I20260916 10:19:19.828017   151 epoch_txn_queue_manager.h:17] All threads reached barrier, epoch: 3592, count: 4
2026-09-16T10:19:19.841347362Z I20260916 10:19:19.841218   147 transaction_manager_impl.cpp:120] Total, abort: 4 commit: 907
2026-09-16T10:19:19.841365626Z I20260916 10:19:19.841241   147 transaction_manager_impl.cpp:62] Finish with epoch id=3591
2026-09-16T10:19:19.850164789Z I20260916 10:19:19.849946    44 block_storage_to_file.cpp:46] block store in file successfully, epoch=3591
2026-09-16T10:19:19.928324732Z I20260916 10:19:19.928243   143 consensus_control_block.h:289] consensus of epoch=3592 has reach, all vote yes.
2026-09-16T10:19:19.928705380Z I20260916 10:19:19.928625   151 epoch_txn_queue_manager.h:17] All threads reached barrier, epoch: 3593, count: 4
2026-09-16T10:19:19.939042542Z I20260916 10:19:19.938966   147 transaction_manager_impl.cpp:120] Total, abort: 8 commit: 903
2026-09-16T10:19:19.939052699Z I20260916 10:19:19.938987   147 transaction_manager_impl.cpp:62] Finish with epoch id=3592
2026-09-16T10:19:19.948167362Z I20260916 10:19:19.948081    44 block_storage_to_file.cpp:46] block store in file successfully, epoch=3592
2026-09-16T10:19:20.029694432Z I20260916 10:19:20.029511   151 epoch_txn_queue_manager.h:17] All threads reached barrier, epoch: 3594, count: 4
2026-09-16T10:19:20.030536160Z I20260916 10:19:20.030432   143 consensus_control_block.h:289] consensus of epoch=3593 has reach, all vote yes.
2026-09-16T10:19:20.043410198Z I20260916 10:19:20.043282   147 transaction_manager_impl.cpp:120] Total, abort: 7 commit: 899
2026-09-16T10:19:20.043436638Z I20260916 10:19:20.043306   147 transaction_manager_impl.cpp:62] Finish with epoch id=3593
2026-09-16T10:19:20.053128611Z I20260916 10:19:20.052892    44 block_storage_to_file.cpp:46] block store in file successfully, epoch=3593
2026-09-16T10:19:20.128907838Z I20260916 10:19:20.128757   150 epoch_txn_queue_manager.h:17] All threads reached barrier, epoch: 3595, count: 4
2026-09-16T10:19:20.129644206Z I20260916 10:19:20.129105   143 consensus_control_block.h:289] consensus of epoch=3594 has reach, all vote yes.
2026-09-16T10:19:20.139882718Z I20260916 10:19:20.139742   147 transaction_manager_impl.cpp:120] Total, abort: 4 commit: 911
2026-09-16T10:19:20.139904614Z I20260916 10:19:20.139762   147 transaction_manager_impl.cpp:62] Finish with epoch id=3594
2026-09-16T10:19:20.148574050Z I20260916 10:19:20.148466    44 block_storage_to_file.cpp:46] block store in file successfully, epoch=3594
2026-09-16T10:19:20.229364539Z I20260916 10:19:20.229279   143 consensus_control_block.h:289] consensus of epoch=3595 has reach, all vote yes.
2026-09-16T10:19:20.229479997Z I20260916 10:19:20.229393   150 epoch_txn_queue_manager.h:17] All threads reached barrier, epoch: 3596, count: 4
2026-09-16T10:19:20.234333170Z [epoch] I20260916 10:19:20.234194     7 chain_client.cpp:83] Sending Request to epoch_server_group at qps=0 latency=0
2026-09-16T10:19:20.240321303Z I20260916 10:19:20.240224   147 transaction_manager_impl.cpp:120] Total, abort: 4 commit: 883
2026-09-16T10:19:20.240335103Z I20260916 10:19:20.240247   147 transaction_manager_impl.cpp:62] Finish with epoch id=3595
2026-09-16T10:19:20.249407497Z I20260916 10:19:20.249317    44 block_storage_to_file.cpp:46] block store in file successfully, epoch=3595
2026-09-16T10:19:20.290809687Z I20260916 10:19:20.290699   143 consensus_control_block.h:289] consensus of epoch=3596 has reach, all vote yes.
2026-09-16T10:19:20.330268001Z I20260916 10:19:20.330082   150 epoch_txn_queue_manager.h:17] All threads reached barrier, epoch: 3597, count: 4
2026-09-16T10:19:20.343540243Z I20260916 10:19:20.343417   147 transaction_manager_impl.cpp:120] Total, abort: 6 commit: 906
2026-09-16T10:19:20.343555748Z I20260916 10:19:20.343458   147 transaction_manager_impl.cpp:62] Finish with epoch id=3596
2026-09-16T10:19:20.351876738Z I20260916 10:19:20.351783    44 block_storage_to_file.cpp:46] block store in file successfully, epoch=3596
2026-09-16T10:19:20.422578845Z I20260916 10:19:20.422506   143 consensus_control_block.h:289] consensus of epoch=3597 has reach, all vote yes.
2026-09-16T10:19:20.427453185Z I20260916 10:19:20.427372   149 epoch_txn_queue_manager.h:17] All threads reached barrier, epoch: 3598, count: 4
2026-09-16T10:19:20.437923985Z I20260916 10:19:20.437839   147 transaction_manager_impl.cpp:120] Total, abort: 5 commit: 904
2026-09-16T10:19:20.437930641Z I20260916 10:19:20.437868   147 transaction_manager_impl.cpp:62] Finish with epoch id=3597
2026-09-16T10:19:20.446471984Z I20260916 10:19:20.446377    44 block_storage_to_file.cpp:46] block store in file successfully, epoch=3597
2026-09-16T10:19:20.520519561Z I20260916 10:19:20.520429   143 consensus_control_block.h:289] consensus of epoch=3598 has reach, all vote yes.
2026-09-16T10:19:20.528173855Z I20260916 10:19:20.528079   149 epoch_txn_queue_manager.h:17] All threads reached barrier, epoch: 3599, count: 4
2026-09-16T10:19:20.540384582Z I20260916 10:19:20.540282   147 transaction_manager_impl.cpp:120] Total, abort: 6 commit: 882
2026-09-16T10:19:20.540395807Z I20260916 10:19:20.540297   147 transaction_manager_impl.cpp:62] Finish with epoch id=3598
2026-09-16T10:19:20.549115123Z I20260916 10:19:20.548936    44 block_storage_to_file.cpp:46] block store in file successfully, epoch=3598
2026-09-16T10:19:20.620804001Z I20260916 10:19:20.620688   143 consensus_control_block.h:289] consensus of epoch=3599 has reach, all vote yes.
2026-09-16T10:19:20.629253042Z I20260916 10:19:20.629035   151 epoch_txn_queue_manager.h:17] All threads reached barrier, epoch: 3600, count: 4
2026-09-16T10:19:20.638346203Z I20260916 10:19:20.638221   147 transaction_manager_impl.cpp:120] Total, abort: 5 commit: 902
2026-09-16T10:19:20.638366192Z I20260916 10:19:20.638237   147 transaction_manager_impl.cpp:62] Finish with epoch id=3599
2026-09-16T10:19:20.647280453Z I20260916 10:19:20.647126    44 block_storage_to_file.cpp:46] block store in file successfully, epoch=3599
2026-09-16T10:19:20.721154513Z I20260916 10:19:20.720978   143 consensus_control_block.h:289] consensus of epoch=3600 has reach, all vote yes.
2026-09-16T10:19:20.729907992Z I20260916 10:19:20.729810   151 epoch_txn_queue_manager.h:17] All threads reached barrier, epoch: 3601, count: 4
2026-09-16T10:19:20.742958167Z I20260916 10:19:20.742800   147 transaction_manager_impl.cpp:120] Total, abort: 6 commit: 918
2026-09-16T10:19:20.742975288Z I20260916 10:19:20.742837   147 transaction_manager_impl.cpp:62] Finish with epoch id=3600
2026-09-16T10:19:20.751795209Z I20260916 10:19:20.751585    44 block_storage_to_file.cpp:46] block store in file successfully, epoch=3600
2026-09-16T10:19:20.821386117Z I20260916 10:19:20.821265   143 consensus_control_block.h:289] consensus of epoch=3601 has reach, all vote yes.
2026-09-16T10:19:20.830660824Z I20260916 10:19:20.830570   151 epoch_txn_queue_manager.h:17] All threads reached barrier, epoch: 3602, count: 4
2026-09-16T10:19:20.841370895Z I20260916 10:19:20.840320   147 transaction_manager_impl.cpp:120] Total, abort: 6 commit: 904
2026-09-16T10:19:20.841382736Z I20260916 10:19:20.840346   147 transaction_manager_impl.cpp:62] Finish with epoch id=3601
2026-09-16T10:19:20.848870599Z I20260916 10:19:20.848758    44 block_storage_to_file.cpp:46] block store in file successfully, epoch=3601
2026-09-16T10:19:20.921673893Z I20260916 10:19:20.921526   143 consensus_control_block.h:289] consensus of epoch=3602 has reach, all vote yes.
2026-09-16T10:19:20.931342566Z I20260916 10:19:20.931293   151 epoch_txn_queue_manager.h:17] All threads reached barrier, epoch: 3603, count: 4
2026-09-16T10:19:20.947008555Z I20260916 10:19:20.946875   147 transaction_manager_impl.cpp:120] Total, abort: 6 commit: 904
2026-09-16T10:19:20.947028994Z I20260916 10:19:20.946895   147 transaction_manager_impl.cpp:62] Finish with epoch id=3602
2026-09-16T10:19:20.956347946Z I20260916 10:19:20.956225    44 block_storage_to_file.cpp:46] block store in file successfully, epoch=3602
2026-09-16T10:19:21.021922867Z I20260916 10:19:21.021817   143 consensus_control_block.h:289] consensus of epoch=3603 has reach, all vote yes.
2026-09-16T10:19:21.032026485Z I20260916 10:19:21.031960   151 epoch_txn_queue_manager.h:17] All threads reached barrier, epoch: 3604, count: 4
2026-09-16T10:19:21.041993798Z I20260916 10:19:21.041894   147 transaction_manager_impl.cpp:120] Total, abort: 5 commit: 906
2026-09-16T10:19:21.042010210Z I20260916 10:19:21.041913   147 transaction_manager_impl.cpp:62] Finish with epoch id=3603
2026-09-16T10:19:21.050517514Z I20260916 10:19:21.050415    44 block_storage_to_file.cpp:46] block store in file successfully, epoch=3603
2026-09-16T10:19:21.122254588Z I20260916 10:19:21.122112   143 consensus_control_block.h:289] consensus of epoch=3604 has reach, all vote yes.
2026-09-16T10:19:21.132625021Z I20260916 10:19:21.132534   149 epoch_txn_queue_manager.h:17] All threads reached barrier, epoch: 3605, count: 4
2026-09-16T10:19:21.143437624Z I20260916 10:19:21.143285   147 transaction_manager_impl.cpp:120] Total, abort: 7 commit: 907
2026-09-16T10:19:21.143452803Z I20260916 10:19:21.143299   147 transaction_manager_impl.cpp:62] Finish with epoch id=3604
2026-09-16T10:19:21.151762597Z I20260916 10:19:21.151584    44 block_storage_to_file.cpp:46] block store in file successfully, epoch=3604
2026-09-16T10:19:21.222506694Z I20260916 10:19:21.222381   143 consensus_control_block.h:289] consensus of epoch=3605 has reach, all vote yes.
2026-09-16T10:19:21.229829630Z I20260916 10:19:21.229740   152 epoch_txn_queue_manager.h:17] All threads reached barrier, epoch: 3606, count: 4
2026-09-16T10:19:21.234463048Z [epoch] I20260916 10:19:21.234290     7 chain_client.cpp:83] Sending Request to epoch_server_group at qps=0 latency=0
2026-09-16T10:19:21.241734011Z I20260916 10:19:21.241626   147 transaction_manager_impl.cpp:120] Total, abort: 5 commit: 880
2026-09-16T10:19:21.241745097Z I20260916 10:19:21.241639   147 transaction_manager_impl.cpp:62] Finish with epoch id=3605
2026-09-16T10:19:21.249475735Z I20260916 10:19:21.249402    44 block_storage_to_file.cpp:46] block store in file successfully, epoch=3605
2026-09-16T10:19:21.291279135Z I20260916 10:19:21.291158   143 consensus_control_block.h:289] consensus of epoch=3606 has reach, all vote yes.
2026-09-16T10:19:21.330582340Z I20260916 10:19:21.330513   152 epoch_txn_queue_manager.h:17] All threads reached barrier, epoch: 3607, count: 4
2026-09-16T10:19:21.341241710Z I20260916 10:19:21.341147   147 transaction_manager_impl.cpp:120] Total, abort: 8 commit: 879
2026-09-16T10:19:21.341253590Z I20260916 10:19:21.341162   147 transaction_manager_impl.cpp:62] Finish with epoch id=3606
2026-09-16T10:19:21.349257674Z I20260916 10:19:21.349170    44 block_storage_to_file.cpp:46] block store in file successfully, epoch=3606
2026-09-16T10:19:21.423021448Z I20260916 10:19:21.422907   143 consensus_control_block.h:289] consensus of epoch=3607 has reach, all vote yes.
2026-09-16T10:19:21.431185616Z I20260916 10:19:21.431108   152 epoch_txn_queue_manager.h:17] All threads reached barrier, epoch: 3608, count: 4
2026-09-16T10:19:21.443856398Z I20260916 10:19:21.443768   147 transaction_manager_impl.cpp:120] Total, abort: 7 commit: 906
2026-09-16T10:19:21.443867736Z I20260916 10:19:21.443786   147 transaction_manager_impl.cpp:62] Finish with epoch id=3607
2026-09-16T10:19:21.452429120Z I20260916 10:19:21.452347    44 block_storage_to_file.cpp:46] block store in file successfully, epoch=3607
2026-09-16T10:19:21.523380005Z I20260916 10:19:21.523227   143 consensus_control_block.h:289] consensus of epoch=3608 has reach, all vote yes.
2026-09-16T10:19:21.531958308Z I20260916 10:19:21.531878   152 epoch_txn_queue_manager.h:17] All threads reached barrier, epoch: 3609, count: 4
2026-09-16T10:19:21.541984401Z I20260916 10:19:21.541884   147 transaction_manager_impl.cpp:120] Total, abort: 8 commit: 900
2026-09-16T10:19:21.541995220Z I20260916 10:19:21.541905   147 transaction_manager_impl.cpp:62] Finish with epoch id=3608
2026-09-16T10:19:21.550326034Z I20260916 10:19:21.550175    44 block_storage_to_file.cpp:46] block store in file successfully, epoch=3608
2026-09-16T10:19:21.623638654Z I20260916 10:19:21.623497   143 consensus_control_block.h:289] consensus of epoch=3609 has reach, all vote yes.
2026-09-16T10:19:21.632652100Z I20260916 10:19:21.632581   152 epoch_txn_queue_manager.h:17] All threads reached barrier, epoch: 3610, count: 4
2026-09-16T10:19:21.644629728Z I20260916 10:19:21.643364   147 transaction_manager_impl.cpp:120] Total, abort: 7 commit: 904
2026-09-16T10:19:21.644642789Z I20260916 10:19:21.643419   147 transaction_manager_impl.cpp:62] Finish with epoch id=3609
2026-09-16T10:19:21.652654339Z I20260916 10:19:21.652506    44 block_storage_to_file.cpp:46] block store in file successfully, epoch=3609
2026-09-16T10:19:21.723943883Z I20260916 10:19:21.723802   143 consensus_control_block.h:289] consensus of epoch=3610 has reach, all vote yes.
2026-09-16T10:19:21.733359448Z I20260916 10:19:21.733305   152 epoch_txn_queue_manager.h:17] All threads reached barrier, epoch: 3611, count: 4
2026-09-16T10:19:21.741838883Z I20260916 10:19:21.741672   147 transaction_manager_impl.cpp:120] Total, abort: 7 commit: 910
2026-09-16T10:19:21.741859708Z I20260916 10:19:21.741686   147 transaction_manager_impl.cpp:62] Finish with epoch id=3610
2026-09-16T10:19:21.750073121Z I20260916 10:19:21.749979    44 block_storage_to_file.cpp:46] block store in file successfully, epoch=3610
2026-09-16T10:19:21.833096009Z I20260916 10:19:21.833001   143 consensus_control_block.h:289] consensus of epoch=3611 has reach, all vote yes.
2026-09-16T10:19:21.834078549Z I20260916 10:19:21.833962   152 epoch_txn_queue_manager.h:17] All threads reached barrier, epoch: 3612, count: 4
2026-09-16T10:19:21.846878138Z I20260916 10:19:21.846773   147 transaction_manager_impl.cpp:120] Total, abort: 6 commit: 906
2026-09-16T10:19:21.846889467Z I20260916 10:19:21.846796   147 transaction_manager_impl.cpp:62] Finish with epoch id=3611
2026-09-16T10:19:21.855501282Z I20260916 10:19:21.855269    44 block_storage_to_file.cpp:46] block store in file successfully, epoch=3611
2026-09-16T10:19:21.933362922Z I20260916 10:19:21.933277   143 consensus_control_block.h:289] consensus of epoch=3612 has reach, all vote yes.
2026-09-16T10:19:21.934966612Z I20260916 10:19:21.934875   152 epoch_txn_queue_manager.h:17] All threads reached barrier, epoch: 3613, count: 4
2026-09-16T10:19:21.945503805Z I20260916 10:19:21.945384   147 transaction_manager_impl.cpp:120] Total, abort: 5 commit: 904
2026-09-16T10:19:21.945519305Z I20260916 10:19:21.945403   147 transaction_manager_impl.cpp:62] Finish with epoch id=3612
2026-09-16T10:19:21.953946478Z I20260916 10:19:21.953850    44 block_storage_to_file.cpp:46] block store in file successfully, epoch=3612
2026-09-16T10:19:22.032465959Z I20260916 10:19:22.032361   150 epoch_txn_queue_manager.h:17] All threads reached barrier, epoch: 3614, count: 4
2026-09-16T10:19:22.033668312Z I20260916 10:19:22.033560   143 consensus_control_block.h:289] consensus of epoch=3613 has reach, all vote yes.
2026-09-16T10:19:22.046154759Z I20260916 10:19:22.046031   147 transaction_manager_impl.cpp:120] Total, abort: 5 commit: 909
2026-09-16T10:19:22.046177254Z I20260916 10:19:22.046051   147 transaction_manager_impl.cpp:62] Finish with epoch id=3613
2026-09-16T10:19:22.054267684Z I20260916 10:19:22.054173    44 block_storage_to_file.cpp:46] block store in file successfully, epoch=3613
2026-09-16T10:19:22.133243533Z I20260916 10:19:22.133144   150 epoch_txn_queue_manager.h:17] All threads reached barrier, epoch: 3615, count: 4
2026-09-16T10:19:22.133870769Z I20260916 10:19:22.133797   143 consensus_control_block.h:289] consensus of epoch=3614 has reach, all vote yes.
2026-09-16T10:19:22.143783593Z I20260916 10:19:22.143626   147 transaction_manager_impl.cpp:120] Total, abort: 6 commit: 880
2026-09-16T10:19:22.143804864Z I20260916 10:19:22.143652   147 transaction_manager_impl.cpp:62] Finish with epoch id=3614
2026-09-16T10:19:22.152047180Z I20260916 10:19:22.151913    44 block_storage_to_file.cpp:46] block store in file successfully, epoch=3614
2026-09-16T10:19:22.234195665Z I20260916 10:19:22.234102   143 consensus_control_block.h:289] consensus of epoch=3615 has reach, all vote yes.
2026-09-16T10:19:22.234476281Z I20260916 10:19:22.234403   150 epoch_txn_queue_manager.h:17] All threads reached barrier, epoch: 3616, count: 4
2026-09-16T10:19:22.234509309Z [epoch] I20260916 10:19:22.234427     7 chain_client.cpp:83] Sending Request to epoch_server_group at qps=0 latency=0
2026-09-16T10:19:22.247290281Z I20260916 10:19:22.247195   147 transaction_manager_impl.cpp:120] Total, abort: 5 commit: 907
2026-09-16T10:19:22.247303947Z I20260916 10:19:22.247215   147 transaction_manager_impl.cpp:62] Finish with epoch id=3615
2026-09-16T10:19:22.255747886Z I20260916 10:19:22.255584    44 block_storage_to_file.cpp:46] block store in file successfully, epoch=3615
2026-09-16T10:19:22.290864788Z I20260916 10:19:22.290755   143 consensus_control_block.h:289] consensus of epoch=3616 has reach, all vote yes.
2026-09-16T10:19:22.335070045Z I20260916 10:19:22.334918   150 epoch_txn_queue_manager.h:17] All threads reached barrier, epoch: 3617, count: 4
2026-09-16T10:19:22.347174799Z I20260916 10:19:22.347056   147 transaction_manager_impl.cpp:120] Total, abort: 5 commit: 907
2026-09-16T10:19:22.347186866Z I20260916 10:19:22.347088   147 transaction_manager_impl.cpp:62] Finish with epoch id=3616
2026-09-16T10:19:22.356404918Z I20260916 10:19:22.356340    44 block_storage_to_file.cpp:46] block store in file successfully, epoch=3616
2026-09-16T10:19:22.388646466Z I20260916 10:19:22.388545   152 epoch_txn_queue_manager.h:17] All threads reached barrier, epoch: 3618, count: 4
2026-09-16T10:19:22.390099091Z I20260916 10:19:22.390017   143 consensus_control_block.h:289] consensus of epoch=3617 has reach, all vote yes.
2026-09-16T10:19:22.398510852Z I20260916 10:19:22.398394   147 transaction_manager_impl.cpp:120] Total, abort: 8 commit: 903
2026-09-16T10:19:22.398523277Z I20260916 10:19:22.398414   147 transaction_manager_impl.cpp:62] Finish with epoch id=3617
2026-09-16T10:19:22.406477753Z I20260916 10:19:22.406384    44 block_storage_to_file.cpp:46] block store in file successfully, epoch=3617
2026-09-16T10:19:22.434743807Z I20260916 10:19:22.434659   143 consensus_control_block.h:289] consensus of epoch=3618 has reach, all vote yes.
2026-09-16T10:19:22.536247418Z I20260916 10:19:22.536180   150 epoch_txn_queue_manager.h:17] All threads reached barrier, epoch: 3619, count: 4
2026-09-16T10:19:22.543642178Z I20260916 10:19:22.543568   147 transaction_manager_impl.cpp:120] Total, abort: 0 commit: 476
2026-09-16T10:19:22.543658021Z I20260916 10:19:22.543581   147 transaction_manager_impl.cpp:62] Finish with epoch id=3618
2026-09-16T10:19:22.549166773Z I20260916 10:19:22.549079    44 block_storage_to_file.cpp:46] block store in file successfully, epoch=3618
2026-09-16T10:19:22.629921913Z I20260916 10:19:22.629854   143 consensus_control_block.h:289] consensus of epoch=3619 has reach, all vote yes.
2026-09-16T10:19:22.635872681Z I20260916 10:19:22.635783   151 epoch_txn_queue_manager.h:17] All threads reached barrier, epoch: 3620, count: 4
2026-09-16T10:19:22.648265933Z I20260916 10:19:22.648131   147 transaction_manager_impl.cpp:120] Total, abort: 12 commit: 1333
2026-09-16T10:19:22.648288568Z I20260916 10:19:22.648185   147 transaction_manager_impl.cpp:62] Finish with epoch id=3619
2026-09-16T10:19:22.660459346Z I20260916 10:19:22.660355    44 block_storage_to_file.cpp:46] block store in file successfully, epoch=3619
2026-09-16T10:19:22.726749595Z I20260916 10:19:22.726606   143 consensus_control_block.h:289] consensus of epoch=3620 has reach, all vote yes.
2026-09-16T10:19:22.736264487Z I20260916 10:19:22.736193   151 epoch_txn_queue_manager.h:17] All threads reached barrier, epoch: 3621, count: 4
2026-09-16T10:19:22.746339940Z I20260916 10:19:22.746219   147 transaction_manager_impl.cpp:120] Total, abort: 6 commit: 884
2026-09-16T10:19:22.746361588Z I20260916 10:19:22.746266   147 transaction_manager_impl.cpp:62] Finish with epoch id=3620
2026-09-16T10:19:22.755090059Z I20260916 10:19:22.754941    44 block_storage_to_file.cpp:46] block store in file successfully, epoch=3620
2026-09-16T10:19:22.826981914Z I20260916 10:19:22.826875   143 consensus_control_block.h:289] consensus of epoch=3621 has reach, all vote yes.
2026-09-16T10:19:22.837026923Z I20260916 10:19:22.836937   151 epoch_txn_queue_manager.h:17] All threads reached barrier, epoch: 3622, count: 4
2026-09-16T10:19:22.847257480Z I20260916 10:19:22.847153   147 transaction_manager_impl.cpp:120] Total, abort: 8 commit: 900
2026-09-16T10:19:22.847272978Z I20260916 10:19:22.847172   147 transaction_manager_impl.cpp:62] Finish with epoch id=3621
2026-09-16T10:19:22.855684282Z I20260916 10:19:22.855592    44 block_storage_to_file.cpp:46] block store in file successfully, epoch=3621
2026-09-16T10:19:22.927329406Z I20260916 10:19:22.927196   143 consensus_control_block.h:289] consensus of epoch=3622 has reach, all vote yes.
2026-09-16T10:19:22.937904561Z I20260916 10:19:22.937624   151 epoch_txn_queue_manager.h:17] All threads reached barrier, epoch: 3623, count: 4
2026-09-16T10:19:22.948480348Z I20260916 10:19:22.948400   147 transaction_manager_impl.cpp:120] Total, abort: 7 commit: 905
2026-09-16T10:19:22.948492053Z I20260916 10:19:22.948412   147 transaction_manager_impl.cpp:62] Finish with epoch id=3622
2026-09-16T10:19:22.956784120Z I20260916 10:19:22.956693    44 block_storage_to_file.cpp:46] block store in file successfully, epoch=3622
2026-09-16T10:19:23.027617240Z I20260916 10:19:23.027493   143 consensus_control_block.h:289] consensus of epoch=3623 has reach, all vote yes.
2026-09-16T10:19:23.037635093Z I20260916 10:19:23.037554   149 epoch_txn_queue_manager.h:17] All threads reached barrier, epoch: 3624, count: 4
2026-09-16T10:19:23.047412148Z I20260916 10:19:23.047310   147 transaction_manager_impl.cpp:120] Total, abort: 7 commit: 901
2026-09-16T10:19:23.047433004Z I20260916 10:19:23.047350   147 transaction_manager_impl.cpp:62] Finish with epoch id=3623
2026-09-16T10:19:23.055411682Z I20260916 10:19:23.055253    44 block_storage_to_file.cpp:46] block store in file successfully, epoch=3623
2026-09-16T10:19:23.127900444Z I20260916 10:19:23.127766   143 consensus_control_block.h:289] consensus of epoch=3624 has reach, all vote yes.
2026-09-16T10:19:23.133931218Z I20260916 10:19:23.133857   152 epoch_txn_queue_manager.h:17] All threads reached barrier, epoch: 3625, count: 4
2026-09-16T10:19:23.145002417Z I20260916 10:19:23.144878   147 transaction_manager_impl.cpp:120] Total, abort: 6 commit: 885
2026-09-16T10:19:23.145025077Z I20260916 10:19:23.144903   147 transaction_manager_impl.cpp:62] Finish with epoch id=3624
2026-09-16T10:19:23.152854245Z I20260916 10:19:23.152688    44 block_storage_to_file.cpp:46] block store in file successfully, epoch=3624
2026-09-16T10:19:23.228180866Z I20260916 10:19:23.228034   143 consensus_control_block.h:289] consensus of epoch=3625 has reach, all vote yes.
2026-09-16T10:19:23.234632572Z I20260916 10:19:23.234510   152 epoch_txn_queue_manager.h:17] All threads reached barrier, epoch: 3626, count: 4
2026-09-16T10:19:23.234642620Z [epoch] I20260916 10:19:23.234526     7 chain_client.cpp:83] Sending Request to epoch_server_group at qps=0 latency=0
2026-09-16T10:19:23.247361576Z I20260916 10:19:23.247218   147 transaction_manager_impl.cpp:120] Total, abort: 6 commit: 881
2026-09-16T10:19:23.247376689Z I20260916 10:19:23.247234   147 transaction_manager_impl.cpp:62] Finish with epoch id=3625
2026-09-16T10:19:23.255553325Z I20260916 10:19:23.255419    44 block_storage_to_file.cpp:46] block store in file successfully, epoch=3625
2026-09-16T10:19:23.290751231Z I20260916 10:19:23.290609   143 consensus_control_block.h:289] consensus of epoch=3626 has reach, all vote yes.
2026-09-16T10:19:23.335506464Z I20260916 10:19:23.335362   152 epoch_txn_queue_manager.h:17] All threads reached barrier, epoch: 3627, count: 4
2026-09-16T10:19:23.346045966Z I20260916 10:19:23.345981   147 transaction_manager_impl.cpp:120] Total, abort: 7 commit: 904
2026-09-16T10:19:23.346051085Z I20260916 10:19:23.346000   147 transaction_manager_impl.cpp:62] Finish with epoch id=3626
2026-09-16T10:19:23.354507275Z I20260916 10:19:23.354403    44 block_storage_to_file.cpp:46] block store in file successfully, epoch=3626
2026-09-16T10:19:23.428753943Z I20260916 10:19:23.428639   143 consensus_control_block.h:289] consensus of epoch=3627 has reach, all vote yes.
2026-09-16T10:19:23.435995224Z I20260916 10:19:23.435926   152 epoch_txn_queue_manager.h:17] All threads reached barrier, epoch: 3628, count: 4
2026-09-16T10:19:23.447397060Z I20260916 10:19:23.447269   147 transaction_manager_impl.cpp:120] Total, abort: 6 commit: 905
2026-09-16T10:19:23.447417461Z I20260916 10:19:23.447288   147 transaction_manager_impl.cpp:62] Finish with epoch id=3627
2026-09-16T10:19:23.455731548Z I20260916 10:19:23.455555    44 block_storage_to_file.cpp:46] block store in file successfully, epoch=3627
2026-09-16T10:19:23.529041148Z I20260916 10:19:23.528899   143 consensus_control_block.h:289] consensus of epoch=3628 has reach, all vote yes.
2026-09-16T10:19:23.536587638Z I20260916 10:19:23.536506   152 epoch_txn_queue_manager.h:17] All threads reached barrier, epoch: 3629, count: 4
2026-09-16T10:19:23.547427111Z I20260916 10:19:23.547302   147 transaction_manager_impl.cpp:120] Total, abort: 6 commit: 904
2026-09-16T10:19:23.547440408Z I20260916 10:19:23.547322   147 transaction_manager_impl.cpp:62] Finish with epoch id=3628
2026-09-16T10:19:23.555871628Z I20260916 10:19:23.555735    44 block_storage_to_file.cpp:46] block store in file successfully, epoch=3628
2026-09-16T10:19:23.629404151Z I20260916 10:19:23.629254   143 consensus_control_block.h:289] consensus of epoch=3629 has reach, all vote yes.
2026-09-16T10:19:23.637345287Z I20260916 10:19:23.637270   152 epoch_txn_queue_manager.h:17] All threads reached barrier, epoch: 3630, count: 4
2026-09-16T10:19:23.649247951Z I20260916 10:19:23.649148   147 transaction_manager_impl.cpp:120] Total, abort: 6 commit: 904
2026-09-16T10:19:23.649257340Z I20260916 10:19:23.649163   147 transaction_manager_impl.cpp:62] Finish with epoch id=3629
2026-09-16T10:19:23.657911198Z I20260916 10:19:23.657788    44 block_storage_to_file.cpp:46] block store in file successfully, epoch=3629
2026-09-16T10:19:23.729582709Z I20260916 10:19:23.729461   143 consensus_control_block.h:289] consensus of epoch=3630 has reach, all vote yes.
2026-09-16T10:19:23.738123367Z I20260916 10:19:23.738024   152 epoch_txn_queue_manager.h:17] All threads reached barrier, epoch: 3631, count: 4
2026-09-16T10:19:23.749302306Z I20260916 10:19:23.749188   147 transaction_manager_impl.cpp:120] Total, abort: 8 commit: 906
2026-09-16T10:19:23.749312554Z I20260916 10:19:23.749203   147 transaction_manager_impl.cpp:62] Finish with epoch id=3630
2026-09-16T10:19:23.758168094Z I20260916 10:19:23.758030    44 block_storage_to_file.cpp:46] block store in file successfully, epoch=3630
2026-09-16T10:19:23.838078724Z I20260916 10:19:23.837924   143 consensus_control_block.h:289] consensus of epoch=3631 has reach, all vote yes.
2026-09-16T10:19:23.838946881Z I20260916 10:19:23.838798   152 epoch_txn_queue_manager.h:17] All threads reached barrier, epoch: 3632, count: 4
2026-09-16T10:19:23.851644626Z I20260916 10:19:23.851517   147 transaction_manager_impl.cpp:120] Total, abort: 8 commit: 902
2026-09-16T10:19:23.851666803Z I20260916 10:19:23.851536   147 transaction_manager_impl.cpp:62] Finish with epoch id=3631
2026-09-16T10:19:23.860277248Z I20260916 10:19:23.860198    44 block_storage_to_file.cpp:46] block store in file successfully, epoch=3631
2026-09-16T10:19:23.938248627Z I20260916 10:19:23.938164   143 consensus_control_block.h:289] consensus of epoch=3632 has reach, all vote yes.
2026-09-16T10:19:23.939464469Z I20260916 10:19:23.939354   152 epoch_txn_queue_manager.h:17] All threads reached barrier, epoch: 3633, count: 4
2026-09-16T10:19:23.950998212Z I20260916 10:19:23.950861   147 transaction_manager_impl.cpp:120] Total, abort: 5 commit: 902
2026-09-16T10:19:23.951020651Z I20260916 10:19:23.950881   147 transaction_manager_impl.cpp:62] Finish with epoch id=3632
2026-09-16T10:19:23.959547116Z I20260916 10:19:23.959396    44 block_storage_to_file.cpp:46] block store in file successfully, epoch=3632
2026-09-16T10:19:24.038503718Z I20260916 10:19:24.038411   143 consensus_control_block.h:289] consensus of epoch=3633 has reach, all vote yes.
2026-09-16T10:19:24.040134828Z I20260916 10:19:24.039961   152 epoch_txn_queue_manager.h:17] All threads reached barrier, epoch: 3634, count: 4
2026-09-16T10:19:24.050863608Z I20260916 10:19:24.050774   147 transaction_manager_impl.cpp:120] Total, abort: 6 commit: 909
2026-09-16T10:19:24.050874356Z I20260916 10:19:24.050788   147 transaction_manager_impl.cpp:62] Finish with epoch id=3633
2026-09-16T10:19:24.059555400Z I20260916 10:19:24.059362    44 block_storage_to_file.cpp:46] block store in file successfully, epoch=3633
2026-09-16T10:19:24.138753265Z I20260916 10:19:24.138653   143 consensus_control_block.h:289] consensus of epoch=3634 has reach, all vote yes.
2026-09-16T10:19:24.140811358Z I20260916 10:19:24.140766   152 epoch_txn_queue_manager.h:17] All threads reached barrier, epoch: 3635, count: 4
2026-09-16T10:19:24.152794497Z I20260916 10:19:24.152652   147 transaction_manager_impl.cpp:120] Total, abort: 5 commit: 902
2026-09-16T10:19:24.152812477Z I20260916 10:19:24.152678   147 transaction_manager_impl.cpp:62] Finish with epoch id=3634
2026-09-16T10:19:24.161911753Z I20260916 10:19:24.161805    44 block_storage_to_file.cpp:46] block store in file successfully, epoch=3634
2026-09-16T10:19:24.235080802Z [epoch] I20260916 10:19:24.234632     7 chain_client.cpp:83] Sending Request to epoch_server_group at qps=0 latency=0
2026-09-16T10:19:24.242237456Z I20260916 10:19:24.242106   143 consensus_control_block.h:289] consensus of epoch=3635 has reach, all vote yes.
2026-09-16T10:19:24.242890367Z I20260916 10:19:24.242822   151 epoch_txn_queue_manager.h:17] All threads reached barrier, epoch: 3636, count: 4
2026-09-16T10:19:24.279114794Z I20260916 10:19:24.278688   147 transaction_manager_impl.cpp:120] Total, abort: 7 commit: 908
2026-09-16T10:19:24.279130337Z I20260916 10:19:24.278713   147 transaction_manager_impl.cpp:62] Finish with epoch id=3635
2026-09-16T10:19:24.303833540Z I20260916 10:19:24.303696   143 consensus_control_block.h:289] consensus of epoch=3636 has reach, all vote yes.
2026-09-16T10:19:24.309444353Z I20260916 10:19:24.309298    44 block_storage_to_file.cpp:46] block store in file successfully, epoch=3635
2026-09-16T10:19:24.340467631Z I20260916 10:19:24.340346   149 epoch_txn_queue_manager.h:17] All threads reached barrier, epoch: 3637, count: 4
2026-09-16T10:19:24.350985035Z I20260916 10:19:24.350872   147 transaction_manager_impl.cpp:120] Total, abort: 7 commit: 872
2026-09-16T10:19:24.350999704Z I20260916 10:19:24.350909   147 transaction_manager_impl.cpp:62] Finish with epoch id=3636
2026-09-16T10:19:24.359602515Z I20260916 10:19:24.359496    44 block_storage_to_file.cpp:46] block store in file successfully, epoch=3636
2026-09-16T10:19:24.431566844Z I20260916 10:19:24.431447   143 consensus_control_block.h:289] consensus of epoch=3637 has reach, all vote yes.
2026-09-16T10:19:24.441504656Z I20260916 10:19:24.441367   149 epoch_txn_queue_manager.h:17] All threads reached barrier, epoch: 3638, count: 4
2026-09-16T10:19:24.454895569Z I20260916 10:19:24.454814   147 transaction_manager_impl.cpp:120] Total, abort: 5 commit: 915
2026-09-16T10:19:24.454908232Z I20260916 10:19:24.454846   147 transaction_manager_impl.cpp:62] Finish with epoch id=3637
2026-09-16T10:19:24.463084966Z I20260916 10:19:24.462960    44 block_storage_to_file.cpp:46] block store in file successfully, epoch=3637
2026-09-16T10:19:24.531889319Z I20260916 10:19:24.531762   143 consensus_control_block.h:289] consensus of epoch=3638 has reach, all vote yes.
2026-09-16T10:19:24.541973492Z I20260916 10:19:24.541867   149 epoch_txn_queue_manager.h:17] All threads reached barrier, epoch: 3639, count: 4
2026-09-16T10:19:24.551632624Z I20260916 10:19:24.551540   147 transaction_manager_impl.cpp:120] Total, abort: 6 commit: 907
2026-09-16T10:19:24.551637651Z I20260916 10:19:24.551573   147 transaction_manager_impl.cpp:62] Finish with epoch id=3638
2026-09-16T10:19:24.560372758Z I20260916 10:19:24.560277    44 block_storage_to_file.cpp:46] block store in file successfully, epoch=3638
2026-09-16T10:19:24.632148668Z I20260916 10:19:24.632035   143 consensus_control_block.h:289] consensus of epoch=3639 has reach, all vote yes.
2026-09-16T10:19:24.641943475Z I20260916 10:19:24.641857   151 epoch_txn_queue_manager.h:17] All threads reached barrier, epoch: 3640, count: 4
2026-09-16T10:19:24.652735688Z I20260916 10:19:24.652640   147 transaction_manager_impl.cpp:120] Total, abort: 7 commit: 904
2026-09-16T10:19:24.652750026Z I20260916 10:19:24.652654   147 transaction_manager_impl.cpp:62] Finish with epoch id=3639
2026-09-16T10:19:24.661291848Z I20260916 10:19:24.661108    44 block_storage_to_file.cpp:46] block store in file successfully, epoch=3639
2026-09-16T10:19:24.732435310Z I20260916 10:19:24.732307   143 consensus_control_block.h:289] consensus of epoch=3640 has reach, all vote yes.
2026-09-16T10:19:24.742638594Z I20260916 10:19:24.742533   151 epoch_txn_queue_manager.h:17] All threads reached barrier, epoch: 3641, count: 4
2026-09-16T10:19:24.752424170Z I20260916 10:19:24.752305   147 transaction_manager_impl.cpp:120] Total, abort: 8 commit: 878
2026-09-16T10:19:24.752440401Z I20260916 10:19:24.752327   147 transaction_manager_impl.cpp:62] Finish with epoch id=3640
2026-09-16T10:19:24.760425776Z I20260916 10:19:24.760289    44 block_storage_to_file.cpp:46] block store in file successfully, epoch=3640
2026-09-16T10:19:24.832675446Z I20260916 10:19:24.832587   143 consensus_control_block.h:289] consensus of epoch=3641 has reach, all vote yes.
2026-09-16T10:19:24.838854114Z I20260916 10:19:24.838789   152 epoch_txn_queue_manager.h:17] All threads reached barrier, epoch: 3642, count: 4
2026-09-16T10:19:24.850507348Z I20260916 10:19:24.850400   147 transaction_manager_impl.cpp:120] Total, abort: 6 commit: 905
2026-09-16T10:19:24.850519120Z I20260916 10:19:24.850422   147 transaction_manager_impl.cpp:62] Finish with epoch id=3641
2026-09-16T10:19:24.859267490Z I20260916 10:19:24.859129    44 block_storage_to_file.cpp:46] block store in file successfully, epoch=3641
2026-09-16T10:19:24.932907393Z I20260916 10:19:24.932811   143 consensus_control_block.h:289] consensus of epoch=3642 has reach, all vote yes.
2026-09-16T10:19:24.939615710Z I20260916 10:19:24.939565   152 epoch_txn_queue_manager.h:17] All threads reached barrier, epoch: 3643, count: 4
2026-09-16T10:19:24.950005000Z I20260916 10:19:24.949887   147 transaction_manager_impl.cpp:120] Total, abort: 6 commit: 882
2026-09-16T10:19:24.950020650Z I20260916 10:19:24.949906   147 transaction_manager_impl.cpp:62] Finish with epoch id=3642
2026-09-16T10:19:24.958047489Z I20260916 10:19:24.957958    44 block_storage_to_file.cpp:46] block store in file successfully, epoch=3642
2026-09-16T10:19:25.033270733Z I20260916 10:19:25.033165   143 consensus_control_block.h:289] consensus of epoch=3643 has reach, all vote yes.
2026-09-16T10:19:25.040730743Z I20260916 10:19:25.040539   152 epoch_txn_queue_manager.h:17] All threads reached barrier, epoch: 3644, count: 4
2026-09-16T10:19:25.052940690Z I20260916 10:19:25.052801   147 transaction_manager_impl.cpp:120] Total, abort: 5 commit: 906
2026-09-16T10:19:25.052962859Z I20260916 10:19:25.052817   147 transaction_manager_impl.cpp:62] Finish with epoch id=3643
2026-09-16T10:19:25.061502610Z I20260916 10:19:25.061316    44 block_storage_to_file.cpp:46] block store in file successfully, epoch=3643
2026-09-16T10:19:25.133525303Z I20260916 10:19:25.133394   143 consensus_control_block.h:289] consensus of epoch=3644 has reach, all vote yes.
2026-09-16T10:19:25.141270090Z I20260916 10:19:25.141173   152 epoch_txn_queue_manager.h:17] All threads reached barrier, epoch: 3645, count: 4
2026-09-16T10:19:25.151043531Z I20260916 10:19:25.150933   147 transaction_manager_impl.cpp:120] Total, abort: 5 commit: 906
2026-09-16T10:19:25.151094859Z I20260916 10:19:25.151038   147 transaction_manager_impl.cpp:62] Finish with epoch id=3644
2026-09-16T10:19:25.160117774Z I20260916 10:19:25.160029    44 block_storage_to_file.cpp:46] block store in file successfully, epoch=3644
2026-09-16T10:19:25.233789787Z I20260916 10:19:25.233632   143 consensus_control_block.h:289] consensus of epoch=3645 has reach, all vote yes.
2026-09-16T10:19:25.234832940Z [epoch] I20260916 10:19:25.234728     7 chain_client.cpp:83] Sending Request to epoch_server_group at qps=0 latency=0
2026-09-16T10:19:25.241997247Z I20260916 10:19:25.241829   152 epoch_txn_queue_manager.h:17] All threads reached barrier, epoch: 3646, count: 4
2026-09-16T10:19:25.254443551Z I20260916 10:19:25.254323   147 transaction_manager_impl.cpp:120] Total, abort: 4 commit: 907
2026-09-16T10:19:25.254457383Z I20260916 10:19:25.254344   147 transaction_manager_impl.cpp:62] Finish with epoch id=3645
2026-09-16T10:19:25.264133128Z I20260916 10:19:25.264007    44 block_storage_to_file.cpp:46] block store in file successfully, epoch=3645
2026-09-16T10:19:25.295217378Z I20260916 10:19:25.295151   143 consensus_control_block.h:289] consensus of epoch=3646 has reach, all vote yes.
2026-09-16T10:19:25.342520923Z I20260916 10:19:25.342397   150 epoch_txn_queue_manager.h:17] All threads reached barrier, epoch: 3647, count: 4
2026-09-16T10:19:25.351864357Z I20260916 10:19:25.351752   147 transaction_manager_impl.cpp:120] Total, abort: 6 commit: 904
2026-09-16T10:19:25.351884603Z I20260916 10:19:25.351773   147 transaction_manager_impl.cpp:62] Finish with epoch id=3646
2026-09-16T10:19:25.363885082Z I20260916 10:19:25.363777    44 block_storage_to_file.cpp:46] block store in file successfully, epoch=3646
2026-09-16T10:19:25.443147293Z I20260916 10:19:25.443053   152 epoch_txn_queue_manager.h:17] All threads reached barrier, epoch: 3648, count: 4
2026-09-16T10:19:25.445160554Z I20260916 10:19:25.445055   143 consensus_control_block.h:289] consensus of epoch=3647 has reach, all vote yes.
2026-09-16T10:19:25.456172462Z I20260916 10:19:25.454902   147 transaction_manager_impl.cpp:120] Total, abort: 7 commit: 913
2026-09-16T10:19:25.456193093Z I20260916 10:19:25.454917   147 transaction_manager_impl.cpp:62] Finish with epoch id=3647
2026-09-16T10:19:25.463278673Z I20260916 10:19:25.463153    44 block_storage_to_file.cpp:46] block store in file successfully, epoch=3647
2026-09-16T10:19:25.544018949Z I20260916 10:19:25.543953   152 epoch_txn_queue_manager.h:17] All threads reached barrier, epoch: 3649, count: 4
2026-09-16T10:19:25.545515592Z I20260916 10:19:25.545439   143 consensus_control_block.h:289] consensus of epoch=3648 has reach, all vote yes.
2026-09-16T10:19:25.556693113Z I20260916 10:19:25.556561   147 transaction_manager_impl.cpp:120] Total, abort: 5 commit: 906
2026-09-16T10:19:25.556707739Z I20260916 10:19:25.556581   147 transaction_manager_impl.cpp:62] Finish with epoch id=3648
2026-09-16T10:19:25.565869738Z I20260916 10:19:25.565788    44 block_storage_to_file.cpp:46] block store in file successfully, epoch=3648
2026-09-16T10:19:25.644920469Z I20260916 10:19:25.644728   152 epoch_txn_queue_manager.h:17] All threads reached barrier, epoch: 3650, count: 4
2026-09-16T10:19:25.645894150Z I20260916 10:19:25.645792   143 consensus_control_block.h:289] consensus of epoch=3649 has reach, all vote yes.
2026-09-16T10:19:25.656784040Z I20260916 10:19:25.656692   147 transaction_manager_impl.cpp:120] Total, abort: 6 commit: 900
2026-09-16T10:19:25.656797105Z I20260916 10:19:25.656728   147 transaction_manager_impl.cpp:62] Finish with epoch id=3649
2026-09-16T10:19:25.665104606Z I20260916 10:19:25.664999    44 block_storage_to_file.cpp:46] block store in file successfully, epoch=3649
2026-09-16T10:19:25.745625627Z I20260916 10:19:25.745445   152 epoch_txn_queue_manager.h:17] All threads reached barrier, epoch: 3651, count: 4
2026-09-16T10:19:25.746255851Z I20260916 10:19:25.746176   143 consensus_control_block.h:289] consensus of epoch=3650 has reach, all vote yes.
2026-09-16T10:19:25.759529155Z I20260916 10:19:25.759374   147 transaction_manager_impl.cpp:120] Total, abort: 6 commit: 906
2026-09-16T10:19:25.759550804Z I20260916 10:19:25.759400   147 transaction_manager_impl.cpp:62] Finish with epoch id=3650
2026-09-16T10:19:25.767401150Z I20260916 10:19:25.767225    44 block_storage_to_file.cpp:46] block store in file successfully, epoch=3650
2026-09-16T10:19:25.838182465Z I20260916 10:19:25.838081   143 consensus_control_block.h:289] consensus of epoch=3651 has reach, all vote yes.
2026-09-16T10:19:25.843871805Z I20260916 10:19:25.843756   149 epoch_txn_queue_manager.h:17] All threads reached barrier, epoch: 3652, count: 4
2026-09-16T10:19:25.860467499Z I20260916 10:19:25.860330   147 transaction_manager_impl.cpp:120] Total, abort: 7 commit: 905
2026-09-16T10:19:25.860490827Z I20260916 10:19:25.860355   147 transaction_manager_impl.cpp:62] Finish with epoch id=3651
2026-09-16T10:19:25.868604037Z I20260916 10:19:25.868499    44 block_storage_to_file.cpp:46] block store in file successfully, epoch=3651
2026-09-16T10:19:25.935745769Z I20260916 10:19:25.935607   143 consensus_control_block.h:289] consensus of epoch=3652 has reach, all vote yes.
2026-09-16T10:19:25.943521633Z I20260916 10:19:25.943449   151 epoch_txn_queue_manager.h:17] All threads reached barrier, epoch: 3653, count: 4
2026-09-16T10:19:25.955298147Z I20260916 10:19:25.953787   147 transaction_manager_impl.cpp:120] Total, abort: 6 commit: 859
2026-09-16T10:19:25.955328359Z I20260916 10:19:25.953805   147 transaction_manager_impl.cpp:62] Finish with epoch id=3652
2026-09-16T10:19:25.961897707Z I20260916 10:19:25.961804    44 block_storage_to_file.cpp:46] block store in file successfully, epoch=3652
2026-09-16T10:19:26.036058269Z I20260916 10:19:26.035917   143 consensus_control_block.h:289] consensus of epoch=3653 has reach, all vote yes.
2026-09-16T10:19:26.044320440Z I20260916 10:19:26.044160   151 epoch_txn_queue_manager.h:17] All threads reached barrier, epoch: 3654, count: 4
2026-09-16T10:19:26.055613285Z I20260916 10:19:26.055527   147 transaction_manager_impl.cpp:120] Total, abort: 7 commit: 891
2026-09-16T10:19:26.056459413Z I20260916 10:19:26.056360   147 transaction_manager_impl.cpp:62] Finish with epoch id=3653
2026-09-16T10:19:26.064768789Z I20260916 10:19:26.064630    44 block_storage_to_file.cpp:46] block store in file successfully, epoch=3653
2026-09-16T10:19:26.136295855Z I20260916 10:19:26.136179   143 consensus_control_block.h:289] consensus of epoch=3654 has reach, all vote yes.
2026-09-16T10:19:26.144815925Z I20260916 10:19:26.144737   151 epoch_txn_queue_manager.h:17] All threads reached barrier, epoch: 3655, count: 4
2026-09-16T10:19:26.156428864Z I20260916 10:19:26.156260   147 transaction_manager_impl.cpp:120] Total, abort: 8 commit: 904
2026-09-16T10:19:26.156442462Z I20260916 10:19:26.156275   147 transaction_manager_impl.cpp:62] Finish with epoch id=3654
2026-09-16T10:19:26.165522596Z I20260916 10:19:26.165417    44 block_storage_to_file.cpp:46] block store in file successfully, epoch=3654
2026-09-16T10:19:26.234952906Z [epoch] I20260916 10:19:26.234820     7 chain_client.cpp:83] Sending Request to epoch_server_group at qps=0 latency=0
2026-09-16T10:19:26.236511907Z I20260916 10:19:26.236441   143 consensus_control_block.h:289] consensus of epoch=3655 has reach, all vote yes.
2026-09-16T10:19:26.245629621Z I20260916 10:19:26.245545   151 epoch_txn_queue_manager.h:17] All threads reached barrier, epoch: 3656, count: 4
2026-09-16T10:19:26.255677847Z I20260916 10:19:26.255571   147 transaction_manager_impl.cpp:120] Total, abort: 5 commit: 908
2026-09-16T10:19:26.255706290Z I20260916 10:19:26.255590   147 transaction_manager_impl.cpp:62] Finish with epoch id=3655
2026-09-16T10:19:26.264000842Z I20260916 10:19:26.263847    44 block_storage_to_file.cpp:46] block store in file successfully, epoch=3655
2026-09-16T10:19:26.294359246Z I20260916 10:19:26.294222   143 consensus_control_block.h:289] consensus of epoch=3656 has reach, all vote yes.
2026-09-16T10:19:26.346367224Z I20260916 10:19:26.346252   151 epoch_txn_queue_manager.h:17] All threads reached barrier, epoch: 3657, count: 4
2026-09-16T10:19:26.357657098Z I20260916 10:19:26.357577   147 transaction_manager_impl.cpp:120] Total, abort: 5 commit: 905
2026-09-16T10:19:26.357670235Z I20260916 10:19:26.357592   147 transaction_manager_impl.cpp:62] Finish with epoch id=3656
2026-09-16T10:19:26.366263887Z I20260916 10:19:26.366160    44 block_storage_to_file.cpp:46] block store in file successfully, epoch=3656
2026-09-16T10:19:26.437126759Z I20260916 10:19:26.436992   143 consensus_control_block.h:289] consensus of epoch=3657 has reach, all vote yes.
2026-09-16T10:19:26.446812102Z I20260916 10:19:26.446718   151 epoch_txn_queue_manager.h:17] All threads reached barrier, epoch: 3658, count: 4
2026-09-16T10:19:26.455429600Z I20260916 10:19:26.455335   147 transaction_manager_impl.cpp:120] Total, abort: 4 commit: 908
2026-09-16T10:19:26.455440557Z I20260916 10:19:26.455348   147 transaction_manager_impl.cpp:62] Finish with epoch id=3657
2026-09-16T10:19:26.463906165Z I20260916 10:19:26.463722    44 block_storage_to_file.cpp:46] block store in file successfully, epoch=3657
2026-09-16T10:19:26.537341831Z I20260916 10:19:26.537226   143 consensus_control_block.h:289] consensus of epoch=3658 has reach, all vote yes.
2026-09-16T10:19:26.547501803Z I20260916 10:19:26.547442   151 epoch_txn_queue_manager.h:17] All threads reached barrier, epoch: 3659, count: 4
2026-09-16T10:19:26.560309196Z I20260916 10:19:26.560201   147 transaction_manager_impl.cpp:120] Total, abort: 4 commit: 905
2026-09-16T10:19:26.560318679Z I20260916 10:19:26.560232   147 transaction_manager_impl.cpp:62] Finish with epoch id=3658
2026-09-16T10:19:26.568513917Z I20260916 10:19:26.568452    44 block_storage_to_file.cpp:46] block store in file successfully, epoch=3658
2026-09-16T10:19:26.603452667Z I20260916 10:19:26.603359   149 epoch_txn_queue_manager.h:17] All threads reached barrier, epoch: 3660, count: 4
2026-09-16T10:19:26.605495531Z I20260916 10:19:26.605409   143 consensus_control_block.h:289] consensus of epoch=3659 has reach, all vote yes.
2026-09-16T10:19:26.614884412Z I20260916 10:19:26.614749   147 transaction_manager_impl.cpp:120] Total, abort: 7 commit: 905
2026-09-16T10:19:26.614905920Z I20260916 10:19:26.614806   147 transaction_manager_impl.cpp:62] Finish with epoch id=3659
2026-09-16T10:19:26.623471818Z I20260916 10:19:26.623361    44 block_storage_to_file.cpp:46] block store in file successfully, epoch=3659
2026-09-16T10:19:26.648771038Z I20260916 10:19:26.648670   143 consensus_control_block.h:289] consensus of epoch=3660 has reach, all vote yes.
2026-09-16T10:19:26.744705434Z I20260916 10:19:26.744562   149 epoch_txn_queue_manager.h:17] All threads reached barrier, epoch: 3661, count: 4
2026-09-16T10:19:26.752846912Z I20260916 10:19:26.752687   147 transaction_manager_impl.cpp:120] Total, abort: 0 commit: 520
2026-09-16T10:19:26.752865933Z I20260916 10:19:26.752703   147 transaction_manager_impl.cpp:62] Finish with epoch id=3660
2026-09-16T10:19:26.758059987Z I20260916 10:19:26.757929    44 block_storage_to_file.cpp:46] block store in file successfully, epoch=3660
2026-09-16T10:19:26.838173501Z I20260916 10:19:26.838075   143 consensus_control_block.h:289] consensus of epoch=3661 has reach, all vote yes.
2026-09-16T10:19:26.845575228Z I20260916 10:19:26.845489   149 epoch_txn_queue_manager.h:17] All threads reached barrier, epoch: 3662, count: 4
2026-09-16T10:19:26.859944497Z I20260916 10:19:26.858927   147 transaction_manager_impl.cpp:120] Total, abort: 12 commit: 1265
2026-09-16T10:19:26.859961963Z I20260916 10:19:26.858946   147 transaction_manager_impl.cpp:62] Finish with epoch id=3661
2026-09-16T10:19:26.870774876Z I20260916 10:19:26.870680    44 block_storage_to_file.cpp:46] block store in file successfully, epoch=3661
2026-09-16T10:19:26.938494051Z I20260916 10:19:26.938382   143 consensus_control_block.h:289] consensus of epoch=3662 has reach, all vote yes.
2026-09-16T10:19:26.946299175Z I20260916 10:19:26.946209   149 epoch_txn_queue_manager.h:17] All threads reached barrier, epoch: 3663, count: 4
2026-09-16T10:19:26.958138227Z I20260916 10:19:26.957999   147 transaction_manager_impl.cpp:120] Total, abort: 7 commit: 904
2026-09-16T10:19:26.958155293Z I20260916 10:19:26.958042   147 transaction_manager_impl.cpp:62] Finish with epoch id=3662
2026-09-16T10:19:26.968125279Z I20260916 10:19:26.968041    44 block_storage_to_file.cpp:46] block store in file successfully, epoch=3662
2026-09-16T10:19:27.038790524Z I20260916 10:19:27.038674   143 consensus_control_block.h:289] consensus of epoch=3663 has reach, all vote yes.
2026-09-16T10:19:27.047036884Z I20260916 10:19:27.046912   149 epoch_txn_queue_manager.h:17] All threads reached barrier, epoch: 3664, count: 4
2026-09-16T10:19:27.059047818Z I20260916 10:19:27.058930   147 transaction_manager_impl.cpp:120] Total, abort: 4 commit: 908
2026-09-16T10:19:27.059059493Z I20260916 10:19:27.058950   147 transaction_manager_impl.cpp:62] Finish with epoch id=3663
2026-09-16T10:19:27.067690120Z I20260916 10:19:27.067533    44 block_storage_to_file.cpp:46] block store in file successfully, epoch=3663
2026-09-16T10:19:27.139010966Z I20260916 10:19:27.138914   143 consensus_control_block.h:289] consensus of epoch=3664 has reach, all vote yes.
2026-09-16T10:19:27.147742217Z I20260916 10:19:27.147650   149 epoch_txn_queue_manager.h:17] All threads reached barrier, epoch: 3665, count: 4
2026-09-16T10:19:27.158056504Z I20260916 10:19:27.157896   147 transaction_manager_impl.cpp:120] Total, abort: 7 commit: 901
2026-09-16T10:19:27.158072969Z I20260916 10:19:27.157933   147 transaction_manager_impl.cpp:62] Finish with epoch id=3664
2026-09-16T10:19:27.166390485Z I20260916 10:19:27.166244    44 block_storage_to_file.cpp:46] block store in file successfully, epoch=3664
2026-09-16T10:19:27.235031683Z [epoch] I20260916 10:19:27.234867     7 chain_client.cpp:83] Sending Request to epoch_server_group at qps=0 latency=0
2026-09-16T10:19:27.239236344Z I20260916 10:19:27.239158   143 consensus_control_block.h:289] consensus of epoch=3665 has reach, all vote yes.
2026-09-16T10:19:27.248447778Z I20260916 10:19:27.248355   149 epoch_txn_queue_manager.h:17] All threads reached barrier, epoch: 3666, count: 4
2026-09-16T10:19:27.257994327Z I20260916 10:19:27.257908   147 transaction_manager_impl.cpp:120] Total, abort: 4 commit: 907
2026-09-16T10:19:27.258004920Z I20260916 10:19:27.257922   147 transaction_manager_impl.cpp:62] Finish with epoch id=3665
2026-09-16T10:19:27.266588764Z I20260916 10:19:27.266458    44 block_storage_to_file.cpp:46] block store in file successfully, epoch=3665
2026-09-16T10:19:27.294518195Z I20260916 10:19:27.294404   143 consensus_control_block.h:289] consensus of epoch=3666 has reach, all vote yes.
2026-09-16T10:19:27.349089285Z I20260916 10:19:27.348968   149 epoch_txn_queue_manager.h:17] All threads reached barrier, epoch: 3667, count: 4
2026-09-16T10:19:27.363874845Z I20260916 10:19:27.362484   147 transaction_manager_impl.cpp:120] Total, abort: 8 commit: 903
2026-09-16T10:19:27.363910275Z I20260916 10:19:27.362501   147 transaction_manager_impl.cpp:62] Finish with epoch id=3666
2026-09-16T10:19:27.371324531Z I20260916 10:19:27.371227    44 block_storage_to_file.cpp:46] block store in file successfully, epoch=3666
2026-09-16T10:19:27.439987177Z I20260916 10:19:27.439863   143 consensus_control_block.h:289] consensus of epoch=3667 has reach, all vote yes.
2026-09-16T10:19:27.449691239Z I20260916 10:19:27.449608   149 epoch_txn_queue_manager.h:17] All threads reached barrier, epoch: 3668, count: 4
2026-09-16T10:19:27.460248806Z I20260916 10:19:27.460109   147 transaction_manager_impl.cpp:120] Total, abort: 6 commit: 907
2026-09-16T10:19:27.460266370Z I20260916 10:19:27.460155   147 transaction_manager_impl.cpp:62] Finish with epoch id=3667
2026-09-16T10:19:27.469017584Z I20260916 10:19:27.468871    44 block_storage_to_file.cpp:46] block store in file successfully, epoch=3667
2026-09-16T10:19:27.540256222Z I20260916 10:19:27.540160   143 consensus_control_block.h:289] consensus of epoch=3668 has reach, all vote yes.
2026-09-16T10:19:27.550399534Z I20260916 10:19:27.550311   149 epoch_txn_queue_manager.h:17] All threads reached barrier, epoch: 3669, count: 4
2026-09-16T10:19:27.560489693Z I20260916 10:19:27.560305   147 transaction_manager_impl.cpp:120] Total, abort: 5 commit: 902
2026-09-16T10:19:27.560503545Z I20260916 10:19:27.560319   147 transaction_manager_impl.cpp:62] Finish with epoch id=3668
2026-09-16T10:19:27.568528789Z I20260916 10:19:27.568426    44 block_storage_to_file.cpp:46] block store in file successfully, epoch=3668
2026-09-16T10:19:27.649596893Z I20260916 10:19:27.649538   150 epoch_txn_queue_manager.h:17] All threads reached barrier, epoch: 3670, count: 4
2026-09-16T10:19:27.651534835Z I20260916 10:19:27.651463   143 consensus_control_block.h:289] consensus of epoch=3669 has reach, all vote yes.
2026-09-16T10:19:27.663573376Z I20260916 10:19:27.663456   147 transaction_manager_impl.cpp:120] Total, abort: 5 commit: 907
2026-09-16T10:19:27.663605119Z I20260916 10:19:27.663475   147 transaction_manager_impl.cpp:62] Finish with epoch id=3669
2026-09-16T10:19:27.671673660Z I20260916 10:19:27.671579    44 block_storage_to_file.cpp:46] block store in file successfully, epoch=3669
2026-09-16T10:19:27.750474204Z I20260916 10:19:27.750396   150 epoch_txn_queue_manager.h:17] All threads reached barrier, epoch: 3671, count: 4
2026-09-16T10:19:27.751956503Z I20260916 10:19:27.751791   143 consensus_control_block.h:289] consensus of epoch=3670 has reach, all vote yes.
2026-09-16T10:19:27.766779843Z I20260916 10:19:27.766625   147 transaction_manager_impl.cpp:120] Total, abort: 7 commit: 880
2026-09-16T10:19:27.766825746Z I20260916 10:19:27.766646   147 transaction_manager_impl.cpp:62] Finish with epoch id=3670
2026-09-16T10:19:27.774851171Z I20260916 10:19:27.774765    44 block_storage_to_file.cpp:46] block store in file successfully, epoch=3670
2026-09-16T10:19:27.806589934Z I20260916 10:19:27.806499   151 epoch_txn_queue_manager.h:17] All threads reached barrier, epoch: 3672, count: 4
2026-09-16T10:19:27.808170435Z I20260916 10:19:27.808097   143 consensus_control_block.h:289] consensus of epoch=3671 has reach, all vote yes.
2026-09-16T10:19:27.818994632Z I20260916 10:19:27.818915   147 transaction_manager_impl.cpp:120] Total, abort: 7 commit: 903
2026-09-16T10:19:27.820152329Z I20260916 10:19:27.818971   147 transaction_manager_impl.cpp:62] Finish with epoch id=3671
2026-09-16T10:19:27.828326415Z I20260916 10:19:27.828243    44 block_storage_to_file.cpp:46] block store in file successfully, epoch=3671
2026-09-16T10:19:27.852178548Z I20260916 10:19:27.852067   143 consensus_control_block.h:289] consensus of epoch=3672 has reach, all vote yes.
2026-09-16T10:19:27.903720284Z I20260916 10:19:27.903577   150 epoch_txn_queue_manager.h:17] All threads reached barrier, epoch: 3673, count: 4
2026-09-16T10:19:27.909556885Z I20260916 10:19:27.909440   147 transaction_manager_impl.cpp:120] Total, abort: 0 commit: 501
2026-09-16T10:19:27.909570854Z I20260916 10:19:27.909456   147 transaction_manager_impl.cpp:62] Finish with epoch id=3672
2026-09-16T10:19:27.914528454Z I20260916 10:19:27.914383    44 block_storage_to_file.cpp:46] block store in file successfully, epoch=3672
2026-09-16T10:19:27.952537483Z I20260916 10:19:27.952356   143 consensus_control_block.h:289] consensus of epoch=3673 has reach, all vote yes.
2026-09-16T10:19:28.052208840Z I20260916 10:19:28.052090   152 epoch_txn_queue_manager.h:17] All threads reached barrier, epoch: 3674, count: 4
2026-09-16T10:19:28.064432655Z I20260916 10:19:28.064291   147 transaction_manager_impl.cpp:120] Total, abort: 5 commit: 883
2026-09-16T10:19:28.064456842Z I20260916 10:19:28.064316   147 transaction_manager_impl.cpp:62] Finish with epoch id=3673
2026-09-16T10:19:28.073680079Z I20260916 10:19:28.073532    44 block_storage_to_file.cpp:46] block store in file successfully, epoch=3673
2026-09-16T10:19:28.141968052Z I20260916 10:19:28.141894   143 consensus_control_block.h:289] consensus of epoch=3674 has reach, all vote yes.
2026-09-16T10:19:28.148632752Z I20260916 10:19:28.148572   151 epoch_txn_queue_manager.h:17] All threads reached barrier, epoch: 3675, count: 4
2026-09-16T10:19:28.164041136Z I20260916 10:19:28.163961   147 transaction_manager_impl.cpp:120] Total, abort: 11 commit: 1309
2026-09-16T10:19:28.164073196Z I20260916 10:19:28.164016   147 transaction_manager_impl.cpp:62] Finish with epoch id=3674
2026-09-16T10:19:28.175862342Z I20260916 10:19:28.175725    44 block_storage_to_file.cpp:46] block store in file successfully, epoch=3674
2026-09-16T10:19:28.235166641Z [epoch] I20260916 10:19:28.234967     7 chain_client.cpp:83] Sending Request to epoch_server_group at qps=0 latency=0
2026-09-16T10:19:28.242265478Z I20260916 10:19:28.242159   143 consensus_control_block.h:289] consensus of epoch=3675 has reach, all vote yes.
2026-09-16T10:19:28.249486080Z I20260916 10:19:28.249404   151 epoch_txn_queue_manager.h:17] All threads reached barrier, epoch: 3676, count: 4
2026-09-16T10:19:28.261940476Z I20260916 10:19:28.261780   147 transaction_manager_impl.cpp:120] Total, abort: 9 commit: 880
2026-09-16T10:19:28.261963740Z I20260916 10:19:28.261807   147 transaction_manager_impl.cpp:62] Finish with epoch id=3675
2026-09-16T10:19:28.271295191Z I20260916 10:19:28.271142    44 block_storage_to_file.cpp:46] block store in file successfully, epoch=3675
2026-09-16T10:19:28.294661681Z I20260916 10:19:28.294531   143 consensus_control_block.h:289] consensus of epoch=3676 has reach, all vote yes.
2026-09-16T10:19:28.350420681Z I20260916 10:19:28.350242   151 epoch_txn_queue_manager.h:17] All threads reached barrier, epoch: 3677, count: 4
2026-09-16T10:19:28.360106193Z I20260916 10:19:28.359961   147 transaction_manager_impl.cpp:120] Total, abort: 6 commit: 905
2026-09-16T10:19:28.360124501Z I20260916 10:19:28.359985   147 transaction_manager_impl.cpp:62] Finish with epoch id=3676
2026-09-16T10:19:28.369374891Z I20260916 10:19:28.369294    44 block_storage_to_file.cpp:46] block store in file successfully, epoch=3676
2026-09-16T10:19:28.406949634Z I20260916 10:19:28.406849   143 consensus_control_block.h:289] consensus of epoch=3677 has reach, all vote yes.
2026-09-16T10:19:28.408689333Z I20260916 10:19:28.408573   150 epoch_txn_queue_manager.h:17] All threads reached barrier, epoch: 3678, count: 4
2026-09-16T10:19:28.420376336Z I20260916 10:19:28.420285   147 transaction_manager_impl.cpp:120] Total, abort: 4 commit: 911
2026-09-16T10:19:28.420407873Z I20260916 10:19:28.420313   147 transaction_manager_impl.cpp:62] Finish with epoch id=3677
2026-09-16T10:19:28.429118846Z I20260916 10:19:28.429003    44 block_storage_to_file.cpp:46] block store in file successfully, epoch=3677
2026-09-16T10:19:28.453816270Z I20260916 10:19:28.453713   143 consensus_control_block.h:289] consensus of epoch=3678 has reach, all vote yes.
2026-09-16T10:19:28.551629181Z I20260916 10:19:28.551518   151 epoch_txn_queue_manager.h:17] All threads reached barrier, epoch: 3679, count: 4
2026-09-16T10:19:28.559678235Z I20260916 10:19:28.559557   147 transaction_manager_impl.cpp:120] Total, abort: 1 commit: 524
2026-09-16T10:19:28.559691918Z I20260916 10:19:28.559579   147 transaction_manager_impl.cpp:62] Finish with epoch id=3678
2026-09-16T10:19:28.564646209Z I20260916 10:19:28.564494    44 block_storage_to_file.cpp:46] block store in file successfully, epoch=3678
2026-09-16T10:19:28.643425531Z I20260916 10:19:28.643309   143 consensus_control_block.h:289] consensus of epoch=3679 has reach, all vote yes.
2026-09-16T10:19:28.652187994Z I20260916 10:19:28.652114   151 epoch_txn_queue_manager.h:17] All threads reached barrier, epoch: 3680, count: 4
2026-09-16T10:19:28.665777724Z I20260916 10:19:28.665706   147 transaction_manager_impl.cpp:120] Total, abort: 11 commit: 1286
2026-09-16T10:19:28.665788453Z I20260916 10:19:28.665726   147 transaction_manager_impl.cpp:62] Finish with epoch id=3679
2026-09-16T10:19:28.677088949Z I20260916 10:19:28.677007    44 block_storage_to_file.cpp:46] block store in file successfully, epoch=3679
2026-09-16T10:19:28.743632597Z I20260916 10:19:28.743510   143 consensus_control_block.h:289] consensus of epoch=3680 has reach, all vote yes.
2026-09-16T10:19:28.752846405Z I20260916 10:19:28.752723   151 epoch_txn_queue_manager.h:17] All threads reached barrier, epoch: 3681, count: 4
2026-09-16T10:19:28.763631567Z I20260916 10:19:28.763549   147 transaction_manager_impl.cpp:120] Total, abort: 5 commit: 902
2026-09-16T10:19:28.763641602Z I20260916 10:19:28.763564   147 transaction_manager_impl.cpp:62] Finish with epoch id=3680
2026-09-16T10:19:28.772258206Z I20260916 10:19:28.772172    44 block_storage_to_file.cpp:46] block store in file successfully, epoch=3680
2026-09-16T10:19:28.843885106Z I20260916 10:19:28.843766   143 consensus_control_block.h:289] consensus of epoch=3681 has reach, all vote yes.
2026-09-16T10:19:28.853355060Z I20260916 10:19:28.853291   151 epoch_txn_queue_manager.h:17] All threads reached barrier, epoch: 3682, count: 4
2026-09-16T10:19:28.866838824Z I20260916 10:19:28.866757   147 transaction_manager_impl.cpp:120] Total, abort: 5 commit: 908
2026-09-16T10:19:28.866845999Z I20260916 10:19:28.866775   147 transaction_manager_impl.cpp:62] Finish with epoch id=3681
2026-09-16T10:19:28.875370953Z I20260916 10:19:28.875298    44 block_storage_to_file.cpp:46] block store in file successfully, epoch=3681
2026-09-16T10:19:28.944261032Z I20260916 10:19:28.944193   143 consensus_control_block.h:289] consensus of epoch=3682 has reach, all vote yes.
2026-09-16T10:19:28.954130230Z I20260916 10:19:28.954015   151 epoch_txn_queue_manager.h:17] All threads reached barrier, epoch: 3683, count: 4
2026-09-16T10:19:28.963630988Z I20260916 10:19:28.963493   147 transaction_manager_impl.cpp:120] Total, abort: 6 commit: 905
2026-09-16T10:19:28.963652720Z I20260916 10:19:28.963511   147 transaction_manager_impl.cpp:62] Finish with epoch id=3682
2026-09-16T10:19:28.972397568Z I20260916 10:19:28.972239    44 block_storage_to_file.cpp:46] block store in file successfully, epoch=3682
2026-09-16T10:19:29.044484732Z I20260916 10:19:29.044409   143 consensus_control_block.h:289] consensus of epoch=3683 has reach, all vote yes.
2026-09-16T10:19:29.054848180Z I20260916 10:19:29.054751   151 epoch_txn_queue_manager.h:17] All threads reached barrier, epoch: 3684, count: 4
2026-09-16T10:19:29.065219215Z I20260916 10:19:29.065109   147 transaction_manager_impl.cpp:120] Total, abort: 5 commit: 902
2026-09-16T10:19:29.065239681Z I20260916 10:19:29.065125   147 transaction_manager_impl.cpp:62] Finish with epoch id=3683
2026-09-16T10:19:29.073763205Z I20260916 10:19:29.073583    44 block_storage_to_file.cpp:46] block store in file successfully, epoch=3683
2026-09-16T10:19:29.153675009Z I20260916 10:19:29.153568   150 epoch_txn_queue_manager.h:17] All threads reached barrier, epoch: 3685, count: 4
2026-09-16T10:19:29.155568897Z I20260916 10:19:29.155491   143 consensus_control_block.h:289] consensus of epoch=3684 has reach, all vote yes.
2026-09-16T10:19:29.165523500Z I20260916 10:19:29.165409   147 transaction_manager_impl.cpp:120] Total, abort: 4 commit: 910
2026-09-16T10:19:29.165534250Z I20260916 10:19:29.165431   147 transaction_manager_impl.cpp:62] Finish with epoch id=3684
2026-09-16T10:19:29.174148833Z I20260916 10:19:29.174048    44 block_storage_to_file.cpp:46] block store in file successfully, epoch=3684
2026-09-16T10:19:29.235300739Z [epoch] I20260916 10:19:29.235081     7 chain_client.cpp:83] Sending Request to epoch_server_group at qps=0 latency=0
2026-09-16T10:19:29.254602003Z I20260916 10:19:29.254536   150 epoch_txn_queue_manager.h:17] All threads reached barrier, epoch: 3686, count: 4
2026-09-16T10:19:29.255785939Z I20260916 10:19:29.255705   143 consensus_control_block.h:289] consensus of epoch=3685 has reach, all vote yes.
2026-09-16T10:19:29.262810514Z I20260916 10:19:29.262691   147 transaction_manager_impl.cpp:120] Total, abort: 5 commit: 890
2026-09-16T10:19:29.262829358Z I20260916 10:19:29.262753   147 transaction_manager_impl.cpp:62] Finish with epoch id=3685
2026-09-16T10:19:29.271189399Z I20260916 10:19:29.271049    44 block_storage_to_file.cpp:46] block store in file successfully, epoch=3685
2026-09-16T10:19:29.294561497Z I20260916 10:19:29.294433   143 consensus_control_block.h:289] consensus of epoch=3686 has reach, all vote yes.
2026-09-16T10:19:29.355375957Z I20260916 10:19:29.355276   150 epoch_txn_queue_manager.h:17] All threads reached barrier, epoch: 3687, count: 4
2026-09-16T10:19:29.367418453Z I20260916 10:19:29.367326   147 transaction_manager_impl.cpp:120] Total, abort: 7 commit: 906
2026-09-16T10:19:29.367449639Z I20260916 10:19:29.367339   147 transaction_manager_impl.cpp:62] Finish with epoch id=3686
2026-09-16T10:19:29.376208108Z I20260916 10:19:29.376008    44 block_storage_to_file.cpp:46] block store in file successfully, epoch=3686
2026-09-16T10:19:29.455982689Z I20260916 10:19:29.455914   150 epoch_txn_queue_manager.h:17] All threads reached barrier, epoch: 3688, count: 4
2026-09-16T10:19:29.456367550Z I20260916 10:19:29.456302   143 consensus_control_block.h:289] consensus of epoch=3687 has reach, all vote yes.
2026-09-16T10:19:29.464904525Z I20260916 10:19:29.464775   147 transaction_manager_impl.cpp:120] Total, abort: 5 commit: 905
2026-09-16T10:19:29.464920018Z I20260916 10:19:29.464799   147 transaction_manager_impl.cpp:62] Finish with epoch id=3687
2026-09-16T10:19:29.473807995Z I20260916 10:19:29.473707    44 block_storage_to_file.cpp:46] block store in file successfully, epoch=3687
2026-09-16T10:19:29.551604626Z I20260916 10:19:29.551488   143 consensus_control_block.h:289] consensus of epoch=3688 has reach, all vote yes.
2026-09-16T10:19:29.592389120Z I20260916 10:19:29.582085   149 epoch_txn_queue_manager.h:17] All threads reached barrier, epoch: 3689, count: 4
2026-09-16T10:19:29.613749547Z I20260916 10:19:29.613384   147 transaction_manager_impl.cpp:120] Total, abort: 7 commit: 904
2026-09-16T10:19:29.613767485Z I20260916 10:19:29.613400   147 transaction_manager_impl.cpp:62] Finish with epoch id=3688
2026-09-16T10:19:29.621771625Z I20260916 10:19:29.621672    44 block_storage_to_file.cpp:46] block store in file successfully, epoch=3688
2026-09-16T10:19:29.625583310Z I20260916 10:19:29.625483   143 consensus_control_block.h:289] consensus of epoch=3689 has reach, all vote yes.
2026-09-16T10:19:29.626597613Z I20260916 10:19:29.626515   149 epoch_txn_queue_manager.h:17] All threads reached barrier, epoch: 3690, count: 4
2026-09-16T10:19:29.633604116Z I20260916 10:19:29.633493   147 transaction_manager_impl.cpp:120] Total, abort: 7 commit: 878
2026-09-16T10:19:29.633627952Z I20260916 10:19:29.633543   147 transaction_manager_impl.cpp:62] Finish with epoch id=3689
2026-09-16T10:19:29.642954235Z I20260916 10:19:29.642809    44 block_storage_to_file.cpp:46] block store in file successfully, epoch=3689
2026-09-16T10:19:29.658247998Z I20260916 10:19:29.658097   143 consensus_control_block.h:289] consensus of epoch=3690 has reach, all vote yes.
2026-09-16T10:19:29.707227691Z I20260916 10:19:29.707116   149 epoch_txn_queue_manager.h:17] All threads reached barrier, epoch: 3691, count: 4
2026-09-16T10:19:29.714362284Z I20260916 10:19:29.714277   147 transaction_manager_impl.cpp:120] Total, abort: 4 commit: 640
2026-09-16T10:19:29.714375392Z I20260916 10:19:29.714296   147 transaction_manager_impl.cpp:62] Finish with epoch id=3690
2026-09-16T10:19:29.720178400Z I20260916 10:19:29.720095    44 block_storage_to_file.cpp:46] block store in file successfully, epoch=3690
2026-09-16T10:19:29.758419269Z I20260916 10:19:29.758318   143 consensus_control_block.h:289] consensus of epoch=3691 has reach, all vote yes.
2026-09-16T10:19:29.854456588Z I20260916 10:19:29.854300   151 epoch_txn_queue_manager.h:17] All threads reached barrier, epoch: 3692, count: 4
2026-09-16T10:19:29.863603551Z I20260916 10:19:29.863473   147 transaction_manager_impl.cpp:120] Total, abort: 1 commit: 726
2026-09-16T10:19:29.863621093Z I20260916 10:19:29.863520   147 transaction_manager_impl.cpp:62] Finish with epoch id=3691
2026-09-16T10:19:29.870818939Z I20260916 10:19:29.870658    44 block_storage_to_file.cpp:46] block store in file successfully, epoch=3691
2026-09-16T10:19:29.955249869Z I20260916 10:19:29.955128   151 epoch_txn_queue_manager.h:17] All threads reached barrier, epoch: 3693, count: 4
2026-09-16T10:19:29.959220376Z I20260916 10:19:29.959092   143 consensus_control_block.h:289] consensus of epoch=3692 has reach, all vote yes.
2026-09-16T10:19:29.974946415Z I20260916 10:19:29.974833   147 transaction_manager_impl.cpp:120] Total, abort: 11 commit: 1331
2026-09-16T10:19:29.974964001Z I20260916 10:19:29.974859   147 transaction_manager_impl.cpp:62] Finish with epoch id=3692
2026-09-16T10:19:29.987568140Z I20260916 10:19:29.987483    44 block_storage_to_file.cpp:46] block store in file successfully, epoch=3692
2026-09-16T10:19:30.055805519Z I20260916 10:19:30.055615   151 epoch_txn_queue_manager.h:17] All threads reached barrier, epoch: 3694, count: 4
2026-09-16T10:19:30.056819240Z I20260916 10:19:30.056757   143 consensus_control_block.h:289] consensus of epoch=3693 has reach, all vote yes.
2026-09-16T10:19:30.067497910Z I20260916 10:19:30.067406   147 transaction_manager_impl.cpp:120] Total, abort: 5 commit: 906
2026-09-16T10:19:30.067509683Z I20260916 10:19:30.067427   147 transaction_manager_impl.cpp:62] Finish with epoch id=3693
2026-09-16T10:19:30.076626064Z I20260916 10:19:30.076526    44 block_storage_to_file.cpp:46] block store in file successfully, epoch=3693
2026-09-16T10:19:30.147743275Z I20260916 10:19:30.147605   143 consensus_control_block.h:289] consensus of epoch=3694 has reach, all vote yes.
2026-09-16T10:19:30.156394523Z I20260916 10:19:30.156280   151 epoch_txn_queue_manager.h:17] All threads reached barrier, epoch: 3695, count: 4
2026-09-16T10:19:30.166030603Z I20260916 10:19:30.165877   147 transaction_manager_impl.cpp:120] Total, abort: 5 commit: 907
2026-09-16T10:19:30.166052040Z I20260916 10:19:30.165896   147 transaction_manager_impl.cpp:62] Finish with epoch id=3694
2026-09-16T10:19:30.174461240Z I20260916 10:19:30.174309    44 block_storage_to_file.cpp:46] block store in file successfully, epoch=3694
2026-09-16T10:19:30.235375014Z [epoch] I20260916 10:19:30.235178     7 chain_client.cpp:83] Sending Request to epoch_server_group at qps=0 latency=0
2026-09-16T10:19:30.247983736Z I20260916 10:19:30.247864   143 consensus_control_block.h:289] consensus of epoch=3695 has reach, all vote yes.
2026-09-16T10:19:30.257148932Z I20260916 10:19:30.257076   151 epoch_txn_queue_manager.h:17] All threads reached barrier, epoch: 3696, count: 4
2026-09-16T10:19:30.267422051Z I20260916 10:19:30.267305   147 transaction_manager_impl.cpp:120] Total, abort: 7 commit: 904
2026-09-16T10:19:30.267439628Z I20260916 10:19:30.267323   147 transaction_manager_impl.cpp:62] Finish with epoch id=3695
2026-09-16T10:19:30.275719086Z I20260916 10:19:30.275558    44 block_storage_to_file.cpp:46] block store in file successfully, epoch=3695
2026-09-16T10:19:30.294792466Z I20260916 10:19:30.294646   143 consensus_control_block.h:289] consensus of epoch=3696 has reach, all vote yes.
2026-09-16T10:19:30.357839728Z I20260916 10:19:30.357758   151 epoch_txn_queue_manager.h:17] All threads reached barrier, epoch: 3697, count: 4
2026-09-16T10:19:30.369278694Z I20260916 10:19:30.369171   147 transaction_manager_impl.cpp:120] Total, abort: 5 commit: 906
2026-09-16T10:19:30.369290895Z I20260916 10:19:30.369186   147 transaction_manager_impl.cpp:62] Finish with epoch id=3696
2026-09-16T10:19:30.378164135Z I20260916 10:19:30.378104    44 block_storage_to_file.cpp:46] block store in file successfully, epoch=3696
2026-09-16T10:19:30.448740386Z I20260916 10:19:30.448601   143 consensus_control_block.h:289] consensus of epoch=3697 has reach, all vote yes.
2026-09-16T10:19:30.459096281Z I20260916 10:19:30.458842   151 epoch_txn_queue_manager.h:17] All threads reached barrier, epoch: 3698, count: 4
2026-09-16T10:19:30.470543731Z I20260916 10:19:30.470461   147 transaction_manager_impl.cpp:120] Total, abort: 6 commit: 905
2026-09-16T10:19:30.470556834Z I20260916 10:19:30.470475   147 transaction_manager_impl.cpp:62] Finish with epoch id=3697
2026-09-16T10:19:30.479107158Z I20260916 10:19:30.479001    44 block_storage_to_file.cpp:46] block store in file successfully, epoch=3697
2026-09-16T10:19:30.559389707Z I20260916 10:19:30.559250   151 epoch_txn_queue_manager.h:17] All threads reached barrier, epoch: 3699, count: 4
2026-09-16T10:19:30.560926974Z I20260916 10:19:30.560820   143 consensus_control_block.h:289] consensus of epoch=3698 has reach, all vote yes.
2026-09-16T10:19:30.570628697Z I20260916 10:19:30.570498   147 transaction_manager_impl.cpp:120] Total, abort: 6 commit: 903
2026-09-16T10:19:30.570640062Z I20260916 10:19:30.570514   147 transaction_manager_impl.cpp:62] Finish with epoch id=3698
2026-09-16T10:19:30.579186801Z I20260916 10:19:30.579067    44 block_storage_to_file.cpp:46] block store in file successfully, epoch=3698
2026-09-16T10:19:30.658855871Z I20260916 10:19:30.658721   150 epoch_txn_queue_manager.h:17] All threads reached barrier, epoch: 3700, count: 4
2026-09-16T10:19:30.661298120Z I20260916 10:19:30.661201   143 consensus_control_block.h:289] consensus of epoch=3699 has reach, all vote yes.
2026-09-16T10:19:30.672962352Z I20260916 10:19:30.672766   147 transaction_manager_impl.cpp:120] Total, abort: 5 commit: 909
2026-09-16T10:19:30.672981700Z I20260916 10:19:30.672798   147 transaction_manager_impl.cpp:62] Finish with epoch id=3699
2026-09-16T10:19:30.681069151Z I20260916 10:19:30.680984    44 block_storage_to_file.cpp:46] block store in file successfully, epoch=3699
2026-09-16T10:19:30.759644427Z I20260916 10:19:30.759526   150 epoch_txn_queue_manager.h:17] All threads reached barrier, epoch: 3701, count: 4
2026-09-16T10:19:30.761787390Z I20260916 10:19:30.761672   143 consensus_control_block.h:289] consensus of epoch=3700 has reach, all vote yes.
2026-09-16T10:19:30.773500814Z I20260916 10:19:30.773396   147 transaction_manager_impl.cpp:120] Total, abort: 6 commit: 879
2026-09-16T10:19:30.773514000Z I20260916 10:19:30.773417   147 transaction_manager_impl.cpp:62] Finish with epoch id=3700
2026-09-16T10:19:30.782085405Z I20260916 10:19:30.781957    44 block_storage_to_file.cpp:46] block store in file successfully, epoch=3700
2026-09-16T10:19:30.860299672Z I20260916 10:19:30.860188   150 epoch_txn_queue_manager.h:17] All threads reached barrier, epoch: 3702, count: 4
2026-09-16T10:19:30.861971825Z I20260916 10:19:30.861894   143 consensus_control_block.h:289] consensus of epoch=3701 has reach, all vote yes.
2026-09-16T10:19:30.871135970Z I20260916 10:19:30.871034   147 transaction_manager_impl.cpp:120] Total, abort: 4 commit: 907
2026-09-16T10:19:30.871153287Z I20260916 10:19:30.871050   147 transaction_manager_impl.cpp:62] Finish with epoch id=3701
2026-09-16T10:19:30.880191240Z I20260916 10:19:30.880021    44 block_storage_to_file.cpp:46] block store in file successfully, epoch=3701
2026-09-16T10:19:30.952841394Z I20260916 10:19:30.952739   143 consensus_control_block.h:289] consensus of epoch=3702 has reach, all vote yes.
2026-09-16T10:19:30.960325164Z I20260916 10:19:30.960191   152 epoch_txn_queue_manager.h:17] All threads reached barrier, epoch: 3703, count: 4
2026-09-16T10:19:30.973117276Z I20260916 10:19:30.973019   147 transaction_manager_impl.cpp:120] Total, abort: 7 commit: 904
2026-09-16T10:19:30.973128951Z I20260916 10:19:30.973038   147 transaction_manager_impl.cpp:62] Finish with epoch id=3702
2026-09-16T10:19:30.981748113Z I20260916 10:19:30.981633    44 block_storage_to_file.cpp:46] block store in file successfully, epoch=3702
2026-09-16T10:19:31.050373592Z I20260916 10:19:31.050227   143 consensus_control_block.h:289] consensus of epoch=3703 has reach, all vote yes.
2026-09-16T10:19:31.056964450Z I20260916 10:19:31.056828   149 epoch_txn_queue_manager.h:17] All threads reached barrier, epoch: 3704, count: 4
2026-09-16T10:19:31.067631005Z I20260916 10:19:31.067499   147 transaction_manager_impl.cpp:120] Total, abort: 6 commit: 880
2026-09-16T10:19:31.067669537Z I20260916 10:19:31.067516   147 transaction_manager_impl.cpp:62] Finish with epoch id=3703
2026-09-16T10:19:31.076124072Z I20260916 10:19:31.076009    44 block_storage_to_file.cpp:46] block store in file successfully, epoch=3703
2026-09-16T10:19:31.150637941Z I20260916 10:19:31.150542   143 consensus_control_block.h:289] consensus of epoch=3704 has reach, all vote yes.
2026-09-16T10:19:31.157737947Z I20260916 10:19:31.157634   149 epoch_txn_queue_manager.h:17] All threads reached barrier, epoch: 3705, count: 4
2026-09-16T10:19:31.170218991Z I20260916 10:19:31.170027   147 transaction_manager_impl.cpp:120] Total, abort: 6 commit: 881
2026-09-16T10:19:31.170265666Z I20260916 10:19:31.170053   147 transaction_manager_impl.cpp:62] Finish with epoch id=3704
2026-09-16T10:19:31.178379101Z I20260916 10:19:31.178246    44 block_storage_to_file.cpp:46] block store in file successfully, epoch=3704
2026-09-16T10:19:31.235404448Z [epoch] I20260916 10:19:31.235266     7 chain_client.cpp:83] Sending Request to epoch_server_group at qps=0 latency=0
2026-09-16T10:19:31.250931408Z I20260916 10:19:31.250818   143 consensus_control_block.h:289] consensus of epoch=3705 has reach, all vote yes.
2026-09-16T10:19:31.258185243Z I20260916 10:19:31.258093   149 epoch_txn_queue_manager.h:17] All threads reached barrier, epoch: 3706, count: 4
2026-09-16T10:19:31.268064297Z I20260916 10:19:31.267972   147 transaction_manager_impl.cpp:120] Total, abort: 6 commit: 907
2026-09-16T10:19:31.268085307Z I20260916 10:19:31.267992   147 transaction_manager_impl.cpp:62] Finish with epoch id=3705
2026-09-16T10:19:31.276557815Z I20260916 10:19:31.276425    44 block_storage_to_file.cpp:46] block store in file successfully, epoch=3705
2026-09-16T10:19:31.294741295Z I20260916 10:19:31.294636   143 consensus_control_block.h:289] consensus of epoch=3706 has reach, all vote yes.
2026-09-16T10:19:31.358923803Z I20260916 10:19:31.358829   149 epoch_txn_queue_manager.h:17] All threads reached barrier, epoch: 3707, count: 4
2026-09-16T10:19:31.371635508Z I20260916 10:19:31.371526   147 transaction_manager_impl.cpp:120] Total, abort: 6 commit: 904
2026-09-16T10:19:31.371658830Z I20260916 10:19:31.371543   147 transaction_manager_impl.cpp:62] Finish with epoch id=3706
2026-09-16T10:19:31.380792896Z I20260916 10:19:31.380667    44 block_storage_to_file.cpp:46] block store in file successfully, epoch=3706
2026-09-16T10:19:31.451561662Z I20260916 10:19:31.451457   143 consensus_control_block.h:289] consensus of epoch=3707 has reach, all vote yes.
2026-09-16T10:19:31.459773356Z I20260916 10:19:31.459674   149 epoch_txn_queue_manager.h:17] All threads reached barrier, epoch: 3708, count: 4
2026-09-16T10:19:31.469134701Z I20260916 10:19:31.468957   147 transaction_manager_impl.cpp:120] Total, abort: 9 commit: 900
2026-09-16T10:19:31.469158937Z I20260916 10:19:31.468977   147 transaction_manager_impl.cpp:62] Finish with epoch id=3707
2026-09-16T10:19:31.477630587Z I20260916 10:19:31.477484    44 block_storage_to_file.cpp:46] block store in file successfully, epoch=3707
2026-09-16T10:19:31.551824118Z I20260916 10:19:31.551625   143 consensus_control_block.h:289] consensus of epoch=3708 has reach, all vote yes.
2026-09-16T10:19:31.560394383Z I20260916 10:19:31.560294   149 epoch_txn_queue_manager.h:17] All threads reached barrier, epoch: 3709, count: 4
2026-09-16T10:19:31.571208631Z I20260916 10:19:31.571116   147 transaction_manager_impl.cpp:120] Total, abort: 7 commit: 910
2026-09-16T10:19:31.571213048Z I20260916 10:19:31.571144   147 transaction_manager_impl.cpp:62] Finish with epoch id=3708
2026-09-16T10:19:31.580126178Z I20260916 10:19:31.579949    44 block_storage_to_file.cpp:46] block store in file successfully, epoch=3708
2026-09-16T10:19:31.652122573Z I20260916 10:19:31.651981   143 consensus_control_block.h:289] consensus of epoch=3709 has reach, all vote yes.
2026-09-16T10:19:31.661213312Z I20260916 10:19:31.661124   149 epoch_txn_queue_manager.h:17] All threads reached barrier, epoch: 3710, count: 4
2026-09-16T10:19:31.671106870Z I20260916 10:19:31.670972   147 transaction_manager_impl.cpp:120] Total, abort: 8 commit: 903
2026-09-16T10:19:31.671124058Z I20260916 10:19:31.670991   147 transaction_manager_impl.cpp:62] Finish with epoch id=3709
2026-09-16T10:19:31.680003112Z I20260916 10:19:31.679864    44 block_storage_to_file.cpp:46] block store in file successfully, epoch=3709
2026-09-16T10:19:31.752406179Z I20260916 10:19:31.752305   143 consensus_control_block.h:289] consensus of epoch=3710 has reach, all vote yes.
2026-09-16T10:19:31.761770811Z I20260916 10:19:31.761649   149 epoch_txn_queue_manager.h:17] All threads reached barrier, epoch: 3711, count: 4
2026-09-16T10:19:31.771723788Z I20260916 10:19:31.771588   147 transaction_manager_impl.cpp:120] Total, abort: 8 commit: 901
2026-09-16T10:19:31.771746136Z I20260916 10:19:31.771612   147 transaction_manager_impl.cpp:62] Finish with epoch id=3710
2026-09-16T10:19:31.780639621Z I20260916 10:19:31.780500    44 block_storage_to_file.cpp:46] block store in file successfully, epoch=3710
2026-09-16T10:19:31.852706416Z I20260916 10:19:31.852617   143 consensus_control_block.h:289] consensus of epoch=3711 has reach, all vote yes.
2026-09-16T10:19:31.862562160Z I20260916 10:19:31.862475   149 epoch_txn_queue_manager.h:17] All threads reached barrier, epoch: 3712, count: 4
2026-09-16T10:19:31.875292136Z I20260916 10:19:31.875201   147 transaction_manager_impl.cpp:120] Total, abort: 4 commit: 905
2026-09-16T10:19:31.875303307Z I20260916 10:19:31.875216   147 transaction_manager_impl.cpp:62] Finish with epoch id=3711
2026-09-16T10:19:31.883574732Z I20260916 10:19:31.883466    44 block_storage_to_file.cpp:46] block store in file successfully, epoch=3711
2026-09-16T10:19:31.952976563Z I20260916 10:19:31.952804   143 consensus_control_block.h:289] consensus of epoch=3712 has reach, all vote yes.
2026-09-16T10:19:31.963112251Z I20260916 10:19:31.963035   149 epoch_txn_queue_manager.h:17] All threads reached barrier, epoch: 3713, count: 4
2026-09-16T10:19:31.975266220Z I20260916 10:19:31.975158   147 transaction_manager_impl.cpp:120] Total, abort: 6 commit: 906
2026-09-16T10:19:31.975276885Z I20260916 10:19:31.975171   147 transaction_manager_impl.cpp:62] Finish with epoch id=3712
2026-09-16T10:19:31.984065682Z I20260916 10:19:31.983887    44 block_storage_to_file.cpp:46] block store in file successfully, epoch=3712
2026-09-16T10:19:32.053311359Z I20260916 10:19:32.053148   143 consensus_control_block.h:289] consensus of epoch=3713 has reach, all vote yes.
2026-09-16T10:19:32.062220514Z I20260916 10:19:32.062122   151 epoch_txn_queue_manager.h:17] All threads reached barrier, epoch: 3714, count: 4
2026-09-16T10:19:32.072434514Z I20260916 10:19:32.072286   147 transaction_manager_impl.cpp:120] Total, abort: 7 commit: 909
2026-09-16T10:19:32.072451394Z I20260916 10:19:32.072304   147 transaction_manager_impl.cpp:62] Finish with epoch id=3713
2026-09-16T10:19:32.080865173Z I20260916 10:19:32.080719    44 block_storage_to_file.cpp:46] block store in file successfully, epoch=3713
2026-09-16T10:19:32.153582744Z I20260916 10:19:32.153481   143 consensus_control_block.h:289] consensus of epoch=3714 has reach, all vote yes.
2026-09-16T10:19:32.163195333Z I20260916 10:19:32.163120   151 epoch_txn_queue_manager.h:17] All threads reached barrier, epoch: 3715, count: 4
2026-09-16T10:19:32.177068855Z I20260916 10:19:32.176980   147 transaction_manager_impl.cpp:120] Total, abort: 5 commit: 882
2026-09-16T10:19:32.177077995Z I20260916 10:19:32.176994   147 transaction_manager_impl.cpp:62] Finish with epoch id=3714
2026-09-16T10:19:32.185979801Z I20260916 10:19:32.185854    44 block_storage_to_file.cpp:46] block store in file successfully, epoch=3714
2026-09-16T10:19:32.235524348Z [epoch] I20260916 10:19:32.235358     7 chain_client.cpp:83] Sending Request to epoch_server_group at qps=0 latency=0
2026-09-16T10:19:32.253912611Z I20260916 10:19:32.253836   143 consensus_control_block.h:289] consensus of epoch=3715 has reach, all vote yes.
2026-09-16T10:19:32.263576726Z I20260916 10:19:32.263473   151 epoch_txn_queue_manager.h:17] All threads reached barrier, epoch: 3716, count: 4
2026-09-16T10:19:32.274988990Z I20260916 10:19:32.274825   147 transaction_manager_impl.cpp:120] Total, abort: 6 commit: 907
2026-09-16T10:19:32.275010429Z I20260916 10:19:32.274850   147 transaction_manager_impl.cpp:62] Finish with epoch id=3715
2026-09-16T10:19:32.283240917Z I20260916 10:19:32.283131    44 block_storage_to_file.cpp:46] block store in file successfully, epoch=3715
2026-09-16T10:19:32.294784403Z I20260916 10:19:32.294667   143 consensus_control_block.h:289] consensus of epoch=3716 has reach, all vote yes.
2026-09-16T10:19:32.364122722Z I20260916 10:19:32.364022   151 epoch_txn_queue_manager.h:17] All threads reached barrier, epoch: 3717, count: 4
2026-09-16T10:19:32.375245042Z I20260916 10:19:32.375165   147 transaction_manager_impl.cpp:120] Total, abort: 4 commit: 903
2026-09-16T10:19:32.375255096Z I20260916 10:19:32.375185   147 transaction_manager_impl.cpp:62] Finish with epoch id=3716
2026-09-16T10:19:32.384504498Z I20260916 10:19:32.384400    44 block_storage_to_file.cpp:46] block store in file successfully, epoch=3716
2026-09-16T10:19:32.454380081Z I20260916 10:19:32.454281   143 consensus_control_block.h:289] consensus of epoch=3717 has reach, all vote yes.
2026-09-16T10:19:32.465002515Z I20260916 10:19:32.464867   151 epoch_txn_queue_manager.h:17] All threads reached barrier, epoch: 3718, count: 4
2026-09-16T10:19:32.478211056Z I20260916 10:19:32.478097   147 transaction_manager_impl.cpp:120] Total, abort: 4 commit: 908
2026-09-16T10:19:32.478223631Z I20260916 10:19:32.478112   147 transaction_manager_impl.cpp:62] Finish with epoch id=3717
2026-09-16T10:19:32.486610533Z I20260916 10:19:32.486430    44 block_storage_to_file.cpp:46] block store in file successfully, epoch=3717
2026-09-16T10:19:32.554695598Z I20260916 10:19:32.554553   143 consensus_control_block.h:289] consensus of epoch=3718 has reach, all vote yes.
2026-09-16T10:19:32.564762392Z I20260916 10:19:32.564613   150 epoch_txn_queue_manager.h:17] All threads reached barrier, epoch: 3719, count: 4
2026-09-16T10:19:32.575249180Z I20260916 10:19:32.575136   147 transaction_manager_impl.cpp:120] Total, abort: 6 commit: 904
2026-09-16T10:19:32.575261815Z I20260916 10:19:32.575165   147 transaction_manager_impl.cpp:62] Finish with epoch id=3718
2026-09-16T10:19:32.583795650Z I20260916 10:19:32.583710    44 block_storage_to_file.cpp:46] block store in file successfully, epoch=3718
2026-09-16T10:19:32.665155580Z I20260916 10:19:32.665036   150 epoch_txn_queue_manager.h:17] All threads reached barrier, epoch: 3720, count: 4
2026-09-16T10:19:32.667190285Z I20260916 10:19:32.667081   143 consensus_control_block.h:289] consensus of epoch=3719 has reach, all vote yes.
2026-09-16T10:19:32.679747834Z I20260916 10:19:32.679621   147 transaction_manager_impl.cpp:120] Total, abort: 8 commit: 879
2026-09-16T10:19:32.679776106Z I20260916 10:19:32.679661   147 transaction_manager_impl.cpp:62] Finish with epoch id=3719
2026-09-16T10:19:32.688720909Z I20260916 10:19:32.688629    44 block_storage_to_file.cpp:46] block store in file successfully, epoch=3719
2026-09-16T10:19:32.765813801Z I20260916 10:19:32.765664   150 epoch_txn_queue_manager.h:17] All threads reached barrier, epoch: 3721, count: 4
2026-09-16T10:19:32.767445366Z I20260916 10:19:32.767357   143 consensus_control_block.h:289] consensus of epoch=3720 has reach, all vote yes.
2026-09-16T10:19:32.782080412Z I20260916 10:19:32.781920   147 transaction_manager_impl.cpp:120] Total, abort: 6 commit: 904
2026-09-16T10:19:32.782117629Z I20260916 10:19:32.781950   147 transaction_manager_impl.cpp:62] Finish with epoch id=3720
2026-09-16T10:19:32.790610489Z I20260916 10:19:32.790509    44 block_storage_to_file.cpp:46] block store in file successfully, epoch=3720
2026-09-16T10:19:32.858380566Z I20260916 10:19:32.858305   143 consensus_control_block.h:289] consensus of epoch=3721 has reach, all vote yes.
2026-09-16T10:19:32.864306621Z I20260916 10:19:32.864240   152 epoch_txn_queue_manager.h:17] All threads reached barrier, epoch: 3722, count: 4
2026-09-16T10:19:32.873469061Z I20260916 10:19:32.873353   147 transaction_manager_impl.cpp:120] Total, abort: 5 commit: 907
2026-09-16T10:19:32.873486707Z I20260916 10:19:32.873368   147 transaction_manager_impl.cpp:62] Finish with epoch id=3721
2026-09-16T10:19:32.881787928Z I20260916 10:19:32.881641    44 block_storage_to_file.cpp:46] block store in file successfully, epoch=3721
2026-09-16T10:19:32.955799321Z I20260916 10:19:32.955669   143 consensus_control_block.h:289] consensus of epoch=3722 has reach, all vote yes.
2026-09-16T10:19:32.965051044Z I20260916 10:19:32.964978   152 epoch_txn_queue_manager.h:17] All threads reached barrier, epoch: 3723, count: 4
2026-09-16T10:19:32.973917575Z I20260916 10:19:32.973846   147 transaction_manager_impl.cpp:120] Total, abort: 6 commit: 889
2026-09-16T10:19:32.973927326Z I20260916 10:19:32.973860   147 transaction_manager_impl.cpp:62] Finish with epoch id=3722
2026-09-16T10:19:32.982122316Z I20260916 10:19:32.982024    44 block_storage_to_file.cpp:46] block store in file successfully, epoch=3722
2026-09-16T10:19:33.056043241Z I20260916 10:19:33.055894   143 consensus_control_block.h:289] consensus of epoch=3723 has reach, all vote yes.
2026-09-16T10:19:33.066169078Z I20260916 10:19:33.065901   152 epoch_txn_queue_manager.h:17] All threads reached barrier, epoch: 3724, count: 4
2026-09-16T10:19:33.077380164Z I20260916 10:19:33.077294   147 transaction_manager_impl.cpp:120] Total, abort: 6 commit: 904
2026-09-16T10:19:33.077393652Z I20260916 10:19:33.077335   147 transaction_manager_impl.cpp:62] Finish with epoch id=3723
2026-09-16T10:19:33.086249989Z I20260916 10:19:33.086133    44 block_storage_to_file.cpp:46] block store in file successfully, epoch=3723
2026-09-16T10:19:33.156356082Z I20260916 10:19:33.156219   143 consensus_control_block.h:289] consensus of epoch=3724 has reach, all vote yes.
2026-09-16T10:19:33.166419374Z I20260916 10:19:33.166339   152 epoch_txn_queue_manager.h:17] All threads reached barrier, epoch: 3725, count: 4
2026-09-16T10:19:33.176316912Z I20260916 10:19:33.176234   147 transaction_manager_impl.cpp:120] Total, abort: 4 commit: 908
2026-09-16T10:19:33.176329440Z I20260916 10:19:33.176265   147 transaction_manager_impl.cpp:62] Finish with epoch id=3724
2026-09-16T10:19:33.184567096Z I20260916 10:19:33.184475    44 block_storage_to_file.cpp:46] block store in file successfully, epoch=3724
2026-09-16T10:19:33.235612974Z [epoch] I20260916 10:19:33.235450     7 chain_client.cpp:83] Sending Request to epoch_server_group at qps=0 latency=0
2026-09-16T10:19:33.256617353Z I20260916 10:19:33.256493   143 consensus_control_block.h:289] consensus of epoch=3725 has reach, all vote yes.
2026-09-16T10:19:33.267260784Z I20260916 10:19:33.267114   152 epoch_txn_queue_manager.h:17] All threads reached barrier, epoch: 3726, count: 4
2026-09-16T10:19:33.281212076Z I20260916 10:19:33.281100   147 transaction_manager_impl.cpp:120] Total, abort: 5 commit: 905
2026-09-16T10:19:33.281231739Z I20260916 10:19:33.281118   147 transaction_manager_impl.cpp:62] Finish with epoch id=3725
2026-09-16T10:19:33.289485044Z I20260916 10:19:33.289397    44 block_storage_to_file.cpp:46] block store in file successfully, epoch=3725
2026-09-16T10:19:33.294872998Z I20260916 10:19:33.294740   143 consensus_control_block.h:289] consensus of epoch=3726 has reach, all vote yes.
2026-09-16T10:19:33.366370288Z I20260916 10:19:33.366284   149 epoch_txn_queue_manager.h:17] All threads reached barrier, epoch: 3727, count: 4
2026-09-16T10:19:33.375677312Z I20260916 10:19:33.375509   147 transaction_manager_impl.cpp:120] Total, abort: 8 commit: 903
2026-09-16T10:19:33.375702217Z I20260916 10:19:33.375528   147 transaction_manager_impl.cpp:62] Finish with epoch id=3726
2026-09-16T10:19:33.383977402Z I20260916 10:19:33.383882    44 block_storage_to_file.cpp:46] block store in file successfully, epoch=3726
2026-09-16T10:19:33.420533277Z I20260916 10:19:33.420437   150 epoch_txn_queue_manager.h:17] All threads reached barrier, epoch: 3728, count: 4
2026-09-16T10:19:33.420654517Z I20260916 10:19:33.420614   143 consensus_control_block.h:289] consensus of epoch=3727 has reach, all vote yes.
2026-09-16T10:19:33.430162224Z I20260916 10:19:33.430059   147 transaction_manager_impl.cpp:120] Total, abort: 7 commit: 883
2026-09-16T10:19:33.430182639Z I20260916 10:19:33.430083   147 transaction_manager_impl.cpp:62] Finish with epoch id=3727
2026-09-16T10:19:33.438707469Z I20260916 10:19:33.438521    44 block_storage_to_file.cpp:46] block store in file successfully, epoch=3727
2026-09-16T10:19:33.469540501Z I20260916 10:19:33.469445   143 consensus_control_block.h:289] consensus of epoch=3728 has reach, all vote yes.
2026-09-16T10:19:33.567794638Z I20260916 10:19:33.567668   149 epoch_txn_queue_manager.h:17] All threads reached barrier, epoch: 3729, count: 4
2026-09-16T10:19:33.575414397Z I20260916 10:19:33.575310   147 transaction_manager_impl.cpp:120] Total, abort: 7 commit: 496
2026-09-16T10:19:33.575424134Z I20260916 10:19:33.575336   147 transaction_manager_impl.cpp:62] Finish with epoch id=3728
2026-09-16T10:19:33.580834952Z I20260916 10:19:33.580711    44 block_storage_to_file.cpp:46] block store in file successfully, epoch=3728
2026-09-16T10:19:33.657788855Z I20260916 10:19:33.657712   143 consensus_control_block.h:289] consensus of epoch=3729 has reach, all vote yes.
2026-09-16T10:19:33.665107108Z I20260916 10:19:33.665019   151 epoch_txn_queue_manager.h:17] All threads reached barrier, epoch: 3730, count: 4
2026-09-16T10:19:33.677967060Z I20260916 10:19:33.677858   147 transaction_manager_impl.cpp:120] Total, abort: 9 commit: 1312
2026-09-16T10:19:33.677979653Z I20260916 10:19:33.677877   147 transaction_manager_impl.cpp:62] Finish with epoch id=3729
2026-09-16T10:19:33.690269105Z I20260916 10:19:33.690165    44 block_storage_to_file.cpp:46] block store in file successfully, epoch=3729
2026-09-16T10:19:33.758027309Z I20260916 10:19:33.757927   143 consensus_control_block.h:289] consensus of epoch=3730 has reach, all vote yes.
2026-09-16T10:19:33.765902838Z I20260916 10:19:33.765753   151 epoch_txn_queue_manager.h:17] All threads reached barrier, epoch: 3731, count: 4
2026-09-16T10:19:33.777749160Z I20260916 10:19:33.777628   147 transaction_manager_impl.cpp:120] Total, abort: 10 commit: 875
2026-09-16T10:19:33.777760130Z I20260916 10:19:33.777665   147 transaction_manager_impl.cpp:62] Finish with epoch id=3730
2026-09-16T10:19:33.786224984Z I20260916 10:19:33.786056    44 block_storage_to_file.cpp:46] block store in file successfully, epoch=3730
2026-09-16T10:19:33.858312156Z I20260916 10:19:33.858202   143 consensus_control_block.h:289] consensus of epoch=3731 has reach, all vote yes.
2026-09-16T10:19:33.866551405Z I20260916 10:19:33.866495   151 epoch_txn_queue_manager.h:17] All threads reached barrier, epoch: 3732, count: 4
2026-09-16T10:19:33.875630274Z I20260916 10:19:33.875504   147 transaction_manager_impl.cpp:120] Total, abort: 6 commit: 899
2026-09-16T10:19:33.875651665Z I20260916 10:19:33.875522   147 transaction_manager_impl.cpp:62] Finish with epoch id=3731
2026-09-16T10:19:33.884088535Z I20260916 10:19:33.883929    44 block_storage_to_file.cpp:46] block store in file successfully, epoch=3731
2026-09-16T10:19:33.958616086Z I20260916 10:19:33.958482   143 consensus_control_block.h:289] consensus of epoch=3732 has reach, all vote yes.
2026-09-16T10:19:33.967400637Z I20260916 10:19:33.967308   151 epoch_txn_queue_manager.h:17] All threads reached barrier, epoch: 3733, count: 4
2026-09-16T10:19:33.978423451Z I20260916 10:19:33.978283   147 transaction_manager_impl.cpp:120] Total, abort: 9 commit: 905
2026-09-16T10:19:33.978443297Z I20260916 10:19:33.978302   147 transaction_manager_impl.cpp:62] Finish with epoch id=3732
2026-09-16T10:19:33.986798298Z I20260916 10:19:33.986671    44 block_storage_to_file.cpp:46] block store in file successfully, epoch=3732
2026-09-16T10:19:34.058858074Z I20260916 10:19:34.058753   143 consensus_control_block.h:289] consensus of epoch=3733 has reach, all vote yes.
2026-09-16T10:19:34.067944396Z I20260916 10:19:34.067849   151 epoch_txn_queue_manager.h:17] All threads reached barrier, epoch: 3734, count: 4
2026-09-16T10:19:34.078008407Z I20260916 10:19:34.077867   147 transaction_manager_impl.cpp:120] Total, abort: 8 commit: 903
2026-09-16T10:19:34.078055648Z I20260916 10:19:34.077888   147 transaction_manager_impl.cpp:62] Finish with epoch id=3733
2026-09-16T10:19:34.086640027Z I20260916 10:19:34.086556    44 block_storage_to_file.cpp:46] block store in file successfully, epoch=3733
2026-09-16T10:19:34.159233943Z I20260916 10:19:34.159049   143 consensus_control_block.h:289] consensus of epoch=3734 has reach, all vote yes.
2026-09-16T10:19:34.168946958Z I20260916 10:19:34.168845   151 epoch_txn_queue_manager.h:17] All threads reached barrier, epoch: 3735, count: 4
2026-09-16T10:19:34.183025129Z I20260916 10:19:34.182935   147 transaction_manager_impl.cpp:120] Total, abort: 5 commit: 904
2026-09-16T10:19:34.183041175Z I20260916 10:19:34.182978   147 transaction_manager_impl.cpp:62] Finish with epoch id=3734
2026-09-16T10:19:34.192604244Z I20260916 10:19:34.192476    44 block_storage_to_file.cpp:46] block store in file successfully, epoch=3734
2026-09-16T10:19:34.235694339Z [epoch] I20260916 10:19:34.235543     7 chain_client.cpp:83] Sending Request to epoch_server_group at qps=0 latency=0
2026-09-16T10:19:34.259469043Z I20260916 10:19:34.259335   143 consensus_control_block.h:289] consensus of epoch=3735 has reach, all vote yes.
2026-09-16T10:19:34.269717684Z I20260916 10:19:34.269614   151 epoch_txn_queue_manager.h:17] All threads reached barrier, epoch: 3736, count: 4
2026-09-16T10:19:34.280949078Z I20260916 10:19:34.280856   147 transaction_manager_impl.cpp:120] Total, abort: 4 commit: 908
2026-09-16T10:19:34.281072031Z I20260916 10:19:34.280870   147 transaction_manager_impl.cpp:62] Finish with epoch id=3735
2026-09-16T10:19:34.289971447Z I20260916 10:19:34.289860    44 block_storage_to_file.cpp:46] block store in file successfully, epoch=3735
2026-09-16T10:19:34.296108129Z I20260916 10:19:34.296008   143 consensus_control_block.h:289] consensus of epoch=3736 has reach, all vote yes.
2026-09-16T10:19:34.370147070Z I20260916 10:19:34.370067   151 epoch_txn_queue_manager.h:17] All threads reached barrier, epoch: 3737, count: 4
2026-09-16T10:19:34.379228172Z I20260916 10:19:34.379086   147 transaction_manager_impl.cpp:120] Total, abort: 7 commit: 904
2026-09-16T10:19:34.379249284Z I20260916 10:19:34.379105   147 transaction_manager_impl.cpp:62] Finish with epoch id=3736
2026-09-16T10:19:34.387745795Z I20260916 10:19:34.387566    44 block_storage_to_file.cpp:46] block store in file successfully, epoch=3736
2026-09-16T10:19:34.460008186Z I20260916 10:19:34.459908   143 consensus_control_block.h:289] consensus of epoch=3737 has reach, all vote yes.
2026-09-16T10:19:34.467987729Z I20260916 10:19:34.467880   150 epoch_txn_queue_manager.h:17] All threads reached barrier, epoch: 3738, count: 4
2026-09-16T10:19:34.482227168Z I20260916 10:19:34.482074   147 transaction_manager_impl.cpp:120] Total, abort: 8 commit: 902
2026-09-16T10:19:34.482246887Z I20260916 10:19:34.482097   147 transaction_manager_impl.cpp:62] Finish with epoch id=3737
2026-09-16T10:19:34.490535534Z I20260916 10:19:34.490401    44 block_storage_to_file.cpp:46] block store in file successfully, epoch=3737
2026-09-16T10:19:34.560376432Z I20260916 10:19:34.560230   143 consensus_control_block.h:289] consensus of epoch=3738 has reach, all vote yes.
2026-09-16T10:19:34.568693263Z I20260916 10:19:34.568610   150 epoch_txn_queue_manager.h:17] All threads reached barrier, epoch: 3739, count: 4
2026-09-16T10:19:34.579109593Z I20260916 10:19:34.579010   147 transaction_manager_impl.cpp:120] Total, abort: 8 commit: 879
2026-09-16T10:19:34.579127963Z I20260916 10:19:34.579023   147 transaction_manager_impl.cpp:62] Finish with epoch id=3738
2026-09-16T10:19:34.587335067Z I20260916 10:19:34.587224    44 block_storage_to_file.cpp:46] block store in file successfully, epoch=3738
2026-09-16T10:19:34.660655962Z I20260916 10:19:34.660507   143 consensus_control_block.h:289] consensus of epoch=3739 has reach, all vote yes.
2026-09-16T10:19:34.669363896Z I20260916 10:19:34.669260   150 epoch_txn_queue_manager.h:17] All threads reached barrier, epoch: 3740, count: 4
2026-09-16T10:19:34.681646170Z I20260916 10:19:34.681489   147 transaction_manager_impl.cpp:120] Total, abort: 6 commit: 903
2026-09-16T10:19:34.681670630Z I20260916 10:19:34.681507   147 transaction_manager_impl.cpp:62] Finish with epoch id=3739
2026-09-16T10:19:34.690381698Z I20260916 10:19:34.690258    44 block_storage_to_file.cpp:46] block store in file successfully, epoch=3739
2026-09-16T10:19:34.761339179Z I20260916 10:19:34.761191   143 consensus_control_block.h:289] consensus of epoch=3740 has reach, all vote yes.
2026-09-16T10:19:34.769971423Z I20260916 10:19:34.769819   150 epoch_txn_queue_manager.h:17] All threads reached barrier, epoch: 3741, count: 4
2026-09-16T10:19:34.779292063Z I20260916 10:19:34.779227   147 transaction_manager_impl.cpp:120] Total, abort: 5 commit: 909
2026-09-16T10:19:34.779297606Z I20260916 10:19:34.779258   147 transaction_manager_impl.cpp:62] Finish with epoch id=3740
2026-09-16T10:19:34.788737777Z I20260916 10:19:34.788635    44 block_storage_to_file.cpp:46] block store in file successfully, epoch=3740
2026-09-16T10:19:34.870480366Z I20260916 10:19:34.870409   150 epoch_txn_queue_manager.h:17] All threads reached barrier, epoch: 3742, count: 4
2026-09-16T10:19:34.872307405Z I20260916 10:19:34.872226   143 consensus_control_block.h:289] consensus of epoch=3741 has reach, all vote yes.
2026-09-16T10:19:34.885599605Z I20260916 10:19:34.885448   147 transaction_manager_impl.cpp:120] Total, abort: 6 commit: 902
2026-09-16T10:19:34.885625364Z I20260916 10:19:34.885468   147 transaction_manager_impl.cpp:62] Finish with epoch id=3741
2026-09-16T10:19:34.893431485Z I20260916 10:19:34.893339    44 block_storage_to_file.cpp:46] block store in file successfully, epoch=3741
2026-09-16T10:19:34.961864284Z I20260916 10:19:34.961742   143 consensus_control_block.h:289] consensus of epoch=3742 has reach, all vote yes.
2026-09-16T10:19:34.971165811Z I20260916 10:19:34.971081   150 epoch_txn_queue_manager.h:17] All threads reached barrier, epoch: 3743, count: 4
2026-09-16T10:19:34.980511956Z I20260916 10:19:34.980391   147 transaction_manager_impl.cpp:120] Total, abort: 5 commit: 906
2026-09-16T10:19:34.980533705Z I20260916 10:19:34.980417   147 transaction_manager_impl.cpp:62] Finish with epoch id=3742
2026-09-16T10:19:34.988888356Z I20260916 10:19:34.988735    44 block_storage_to_file.cpp:46] block store in file successfully, epoch=3742
2026-09-16T10:19:35.068688156Z I20260916 10:19:35.064060   143 consensus_control_block.h:289] consensus of epoch=3743 has reach, all vote yes.
2026-09-16T10:19:35.081845949Z I20260916 10:19:35.078969   150 epoch_txn_queue_manager.h:17] All threads reached barrier, epoch: 3744, count: 4
2026-09-16T10:19:35.093573165Z I20260916 10:19:35.093436   147 transaction_manager_impl.cpp:120] Total, abort: 7 commit: 905
2026-09-16T10:19:35.093598707Z I20260916 10:19:35.093456   147 transaction_manager_impl.cpp:62] Finish with epoch id=3743
2026-09-16T10:19:35.102309725Z I20260916 10:19:35.102169    44 block_storage_to_file.cpp:46] block store in file successfully, epoch=3743
2026-09-16T10:19:35.128677041Z I20260916 10:19:35.128545   143 consensus_control_block.h:289] consensus of epoch=3744 has reach, all vote yes.
2026-09-16T10:19:35.128699728Z I20260916 10:19:35.128593   149 epoch_txn_queue_manager.h:17] All threads reached barrier, epoch: 3745, count: 4
2026-09-16T10:19:35.136831077Z I20260916 10:19:35.136700   147 transaction_manager_impl.cpp:120] Total, abort: 5 commit: 834
2026-09-16T10:19:35.136857935Z I20260916 10:19:35.136718   147 transaction_manager_impl.cpp:62] Finish with epoch id=3744
2026-09-16T10:19:35.144537370Z I20260916 10:19:35.144431    44 block_storage_to_file.cpp:46] block store in file successfully, epoch=3744
2026-09-16T10:19:35.178683512Z I20260916 10:19:35.178598   143 consensus_control_block.h:289] consensus of epoch=3745 has reach, all vote yes.
2026-09-16T10:19:35.235797436Z [epoch] I20260916 10:19:35.235623     7 chain_client.cpp:83] Sending Request to epoch_server_group at qps=0 latency=0
2026-09-16T10:19:35.269534470Z I20260916 10:19:35.269445   149 epoch_txn_queue_manager.h:17] All threads reached barrier, epoch: 3746, count: 4
2026-09-16T10:19:35.279102898Z I20260916 10:19:35.278965   147 transaction_manager_impl.cpp:120] Total, abort: 5 commit: 582
2026-09-16T10:19:35.279118153Z I20260916 10:19:35.278997   147 transaction_manager_impl.cpp:62] Finish with epoch id=3745
2026-09-16T10:19:35.285763442Z I20260916 10:19:35.285657    44 block_storage_to_file.cpp:46] block store in file successfully, epoch=3745
2026-09-16T10:19:35.296076701Z I20260916 10:19:35.295984   143 consensus_control_block.h:289] consensus of epoch=3746 has reach, all vote yes.
2026-09-16T10:19:35.327879265Z I20260916 10:19:35.327780   152 epoch_txn_queue_manager.h:17] All threads reached barrier, epoch: 3747, count: 4
2026-09-16T10:19:35.339948232Z I20260916 10:19:35.339807   147 transaction_manager_impl.cpp:120] Total, abort: 8 commit: 1262
2026-09-16T10:19:35.339971458Z I20260916 10:19:35.339820   147 transaction_manager_impl.cpp:62] Finish with epoch id=3746
2026-09-16T10:19:35.351194766Z I20260916 10:19:35.351114    44 block_storage_to_file.cpp:46] block store in file successfully, epoch=3746
2026-09-16T10:19:35.379208725Z I20260916 10:19:35.379109   143 consensus_control_block.h:289] consensus of epoch=3747 has reach, all vote yes.
2026-09-16T10:19:35.471240287Z I20260916 10:19:35.471101   149 epoch_txn_queue_manager.h:17] All threads reached barrier, epoch: 3748, count: 4
2026-09-16T10:19:35.478498154Z I20260916 10:19:35.478371   147 transaction_manager_impl.cpp:120] Total, abort: 5 commit: 523
2026-09-16T10:19:35.478512244Z I20260916 10:19:35.478396   147 transaction_manager_impl.cpp:62] Finish with epoch id=3747
2026-09-16T10:19:35.486258464Z I20260916 10:19:35.486172    44 block_storage_to_file.cpp:46] block store in file successfully, epoch=3747
2026-09-16T10:19:35.567091254Z I20260916 10:19:35.567003   143 consensus_control_block.h:289] consensus of epoch=3748 has reach, all vote yes.
2026-09-16T10:19:35.573142046Z I20260916 10:19:35.573035   149 epoch_txn_queue_manager.h:17] All threads reached barrier, epoch: 3749, count: 4
2026-09-16T10:19:35.586880823Z I20260916 10:19:35.586783   147 transaction_manager_impl.cpp:120] Total, abort: 8 commit: 1288
2026-09-16T10:19:35.586894178Z I20260916 10:19:35.586799   147 transaction_manager_impl.cpp:62] Finish with epoch id=3748
2026-09-16T10:19:35.598692784Z I20260916 10:19:35.598559    44 block_storage_to_file.cpp:46] block store in file successfully, epoch=3748
2026-09-16T10:19:35.667311899Z I20260916 10:19:35.667213   143 consensus_control_block.h:289] consensus of epoch=3749 has reach, all vote yes.
2026-09-16T10:19:35.673736028Z I20260916 10:19:35.673635   149 epoch_txn_queue_manager.h:17] All threads reached barrier, epoch: 3750, count: 4
2026-09-16T10:19:35.685873805Z I20260916 10:19:35.685797   147 transaction_manager_impl.cpp:120] Total, abort: 6 commit: 906
2026-09-16T10:19:35.685887919Z I20260916 10:19:35.685815   147 transaction_manager_impl.cpp:62] Finish with epoch id=3749
2026-09-16T10:19:35.695199805Z I20260916 10:19:35.695124    44 block_storage_to_file.cpp:46] block store in file successfully, epoch=3749
2026-09-16T10:19:35.767573306Z I20260916 10:19:35.767472   143 consensus_control_block.h:289] consensus of epoch=3750 has reach, all vote yes.
2026-09-16T10:19:35.771245414Z I20260916 10:19:35.771191   152 epoch_txn_queue_manager.h:17] All threads reached barrier, epoch: 3751, count: 4
2026-09-16T10:19:35.782653074Z I20260916 10:19:35.782505   147 transaction_manager_impl.cpp:120] Total, abort: 7 commit: 907
2026-09-16T10:19:35.782669977Z I20260916 10:19:35.782537   147 transaction_manager_impl.cpp:62] Finish with epoch id=3750
2026-09-16T10:19:35.791333229Z I20260916 10:19:35.791193    44 block_storage_to_file.cpp:46] block store in file successfully, epoch=3750
2026-09-16T10:19:35.823125524Z I20260916 10:19:35.823045   143 consensus_control_block.h:289] consensus of epoch=3751 has reach, all vote yes.
2026-09-16T10:19:35.827175584Z I20260916 10:19:35.827117   150 epoch_txn_queue_manager.h:17] All threads reached barrier, epoch: 3752, count: 4
2026-09-16T10:19:35.836991608Z I20260916 10:19:35.836871   147 transaction_manager_impl.cpp:120] Total, abort: 5 commit: 880
2026-09-16T10:19:35.837009770Z I20260916 10:19:35.836932   147 transaction_manager_impl.cpp:62] Finish with epoch id=3751
2026-09-16T10:19:35.845137234Z I20260916 10:19:35.845019    44 block_storage_to_file.cpp:46] block store in file successfully, epoch=3751
2026-09-16T10:19:35.880726299Z I20260916 10:19:35.880637   143 consensus_control_block.h:289] consensus of epoch=3752 has reach, all vote yes.
2026-09-16T10:19:35.972826015Z I20260916 10:19:35.972697   152 epoch_txn_queue_manager.h:17] All threads reached barrier, epoch: 3753, count: 4
2026-09-16T10:19:35.980670799Z I20260916 10:19:35.980556   147 transaction_manager_impl.cpp:120] Total, abort: 4 commit: 498
2026-09-16T10:19:35.980683334Z I20260916 10:19:35.980573   147 transaction_manager_impl.cpp:62] Finish with epoch id=3752
2026-09-16T10:19:35.986008809Z I20260916 10:19:35.985872    44 block_storage_to_file.cpp:46] block store in file successfully, epoch=3752
2026-09-16T10:19:36.068276870Z I20260916 10:19:36.068176   143 consensus_control_block.h:289] consensus of epoch=3753 has reach, all vote yes.
2026-09-16T10:19:36.073499576Z I20260916 10:19:36.073369   152 epoch_txn_queue_manager.h:17] All threads reached barrier, epoch: 3754, count: 4
2026-09-16T10:19:36.089945447Z I20260916 10:19:36.089572   147 transaction_manager_impl.cpp:120] Total, abort: 6 commit: 1312
2026-09-16T10:19:36.089950723Z I20260916 10:19:36.089603   147 transaction_manager_impl.cpp:62] Finish with epoch id=3753
2026-09-16T10:19:36.101841832Z I20260916 10:19:36.101732    44 block_storage_to_file.cpp:46] block store in file successfully, epoch=3753
2026-09-16T10:19:36.168538976Z I20260916 10:19:36.168438   143 consensus_control_block.h:289] consensus of epoch=3754 has reach, all vote yes.
2026-09-16T10:19:36.174203769Z I20260916 10:19:36.174120   152 epoch_txn_queue_manager.h:17] All threads reached barrier, epoch: 3755, count: 4
2026-09-16T10:19:36.186149948Z I20260916 10:19:36.186005   147 transaction_manager_impl.cpp:120] Total, abort: 7 commit: 903
2026-09-16T10:19:36.186164980Z I20260916 10:19:36.186020   147 transaction_manager_impl.cpp:62] Finish with epoch id=3754
2026-09-16T10:19:36.195432067Z I20260916 10:19:36.195287    44 block_storage_to_file.cpp:46] block store in file successfully, epoch=3754
2026-09-16T10:19:36.235903639Z [epoch] I20260916 10:19:36.235737     7 chain_client.cpp:83] Sending Request to epoch_server_group at qps=0 latency=0
2026-09-16T10:19:36.268773111Z I20260916 10:19:36.268677   143 consensus_control_block.h:289] consensus of epoch=3755 has reach, all vote yes.
2026-09-16T10:19:36.275021910Z I20260916 10:19:36.274922   152 epoch_txn_queue_manager.h:17] All threads reached barrier, epoch: 3756, count: 4
2026-09-16T10:19:36.285891432Z I20260916 10:19:36.285791   147 transaction_manager_impl.cpp:120] Total, abort: 8 commit: 905
2026-09-16T10:19:36.285905093Z I20260916 10:19:36.285812   147 transaction_manager_impl.cpp:62] Finish with epoch id=3755
2026-09-16T10:19:36.294862375Z I20260916 10:19:36.294750    44 block_storage_to_file.cpp:46] block store in file successfully, epoch=3755
2026-09-16T10:19:36.295525816Z I20260916 10:19:36.295496   143 consensus_control_block.h:289] consensus of epoch=3756 has reach, all vote yes.
2026-09-16T10:19:36.375808919Z I20260916 10:19:36.375680   152 epoch_txn_queue_manager.h:17] All threads reached barrier, epoch: 3757, count: 4
2026-09-16T10:19:36.387611658Z I20260916 10:19:36.387506   147 transaction_manager_impl.cpp:120] Total, abort: 5 commit: 902
2026-09-16T10:19:36.387625222Z I20260916 10:19:36.387535   147 transaction_manager_impl.cpp:62] Finish with epoch id=3756
2026-09-16T10:19:36.397340403Z I20260916 10:19:36.397255    44 block_storage_to_file.cpp:46] block store in file successfully, epoch=3756
2026-09-16T10:19:36.469321674Z I20260916 10:19:36.469178   143 consensus_control_block.h:289] consensus of epoch=3757 has reach, all vote yes.
2026-09-16T10:19:36.476448977Z I20260916 10:19:36.476336   152 epoch_txn_queue_manager.h:17] All threads reached barrier, epoch: 3758, count: 4
2026-09-16T10:19:36.489112671Z I20260916 10:19:36.489017   147 transaction_manager_impl.cpp:120] Total, abort: 7 commit: 904
2026-09-16T10:19:36.489127521Z I20260916 10:19:36.489030   147 transaction_manager_impl.cpp:62] Finish with epoch id=3757
2026-09-16T10:19:36.499193231Z I20260916 10:19:36.498899    44 block_storage_to_file.cpp:46] block store in file successfully, epoch=3757
2026-09-16T10:19:36.568943691Z I20260916 10:19:36.568837   143 consensus_control_block.h:289] consensus of epoch=3758 has reach, all vote yes.
2026-09-16T10:19:36.575533969Z I20260916 10:19:36.575459   151 epoch_txn_queue_manager.h:17] All threads reached barrier, epoch: 3759, count: 4
2026-09-16T10:19:36.585999624Z I20260916 10:19:36.585907   147 transaction_manager_impl.cpp:120] Total, abort: 5 commit: 909
2026-09-16T10:19:36.586014709Z I20260916 10:19:36.585938   147 transaction_manager_impl.cpp:62] Finish with epoch id=3758
2026-09-16T10:19:36.594735796Z I20260916 10:19:36.594558    44 block_storage_to_file.cpp:46] block store in file successfully, epoch=3758
2026-09-16T10:19:36.628112187Z I20260916 10:19:36.628005   143 consensus_control_block.h:289] consensus of epoch=3759 has reach, all vote yes.
2026-09-16T10:19:36.630494155Z I20260916 10:19:36.630417   149 epoch_txn_queue_manager.h:17] All threads reached barrier, epoch: 3760, count: 4
2026-09-16T10:19:36.638568225Z I20260916 10:19:36.638454   147 transaction_manager_impl.cpp:120] Total, abort: 5 commit: 882
2026-09-16T10:19:36.638578279Z I20260916 10:19:36.638471   147 transaction_manager_impl.cpp:62] Finish with epoch id=3759
2026-09-16T10:19:36.646649475Z I20260916 10:19:36.646528    44 block_storage_to_file.cpp:46] block store in file successfully, epoch=3759
2026-09-16T10:19:36.683348067Z I20260916 10:19:36.683229   143 consensus_control_block.h:289] consensus of epoch=3760 has reach, all vote yes.
2026-09-16T10:19:36.693586221Z I20260916 10:19:36.693475   150 epoch_txn_queue_manager.h:17] All threads reached barrier, epoch: 3761, count: 4
2026-09-16T10:19:36.700141525Z I20260916 10:19:36.700070   147 transaction_manager_impl.cpp:120] Total, abort: 4 commit: 499
2026-09-16T10:19:36.700153436Z I20260916 10:19:36.700088   147 transaction_manager_impl.cpp:62] Finish with epoch id=3760
2026-09-16T10:19:36.705014051Z I20260916 10:19:36.704866    44 block_storage_to_file.cpp:46] block store in file successfully, epoch=3760
2026-09-16T10:19:36.777008556Z I20260916 10:19:36.776901   151 epoch_txn_queue_manager.h:17] All threads reached barrier, epoch: 3762, count: 4
2026-09-16T10:19:36.780463887Z I20260916 10:19:36.780347   143 consensus_control_block.h:289] consensus of epoch=3761 has reach, all vote yes.
2026-09-16T10:19:36.788497217Z I20260916 10:19:36.787531   147 transaction_manager_impl.cpp:120] Total, abort: 1 commit: 569
2026-09-16T10:19:36.788520188Z I20260916 10:19:36.787554   147 transaction_manager_impl.cpp:62] Finish with epoch id=3761
2026-09-16T10:19:36.793101209Z I20260916 10:19:36.793022    44 block_storage_to_file.cpp:46] block store in file successfully, epoch=3761
2026-09-16T10:19:36.870309171Z I20260916 10:19:36.870205   143 consensus_control_block.h:289] consensus of epoch=3762 has reach, all vote yes.
2026-09-16T10:19:36.874893531Z I20260916 10:19:36.874812   150 epoch_txn_queue_manager.h:17] All threads reached barrier, epoch: 3763, count: 4
2026-09-16T10:19:36.882538895Z I20260916 10:19:36.882421   147 transaction_manager_impl.cpp:120] Total, abort: 6 commit: 744
2026-09-16T10:19:36.882553556Z I20260916 10:19:36.882455   147 transaction_manager_impl.cpp:62] Finish with epoch id=3762
2026-09-16T10:19:36.889985060Z I20260916 10:19:36.889775    44 block_storage_to_file.cpp:46] block store in file successfully, epoch=3762
2026-09-16T10:19:36.932873787Z I20260916 10:19:36.932750   149 epoch_txn_queue_manager.h:17] All threads reached barrier, epoch: 3764, count: 4
2026-09-16T10:19:36.934609220Z I20260916 10:19:36.934521   143 consensus_control_block.h:289] consensus of epoch=3763 has reach, all vote yes.
2026-09-16T10:19:36.944583405Z I20260916 10:19:36.943724   147 transaction_manager_impl.cpp:120] Total, abort: 7 commit: 881
2026-09-16T10:19:36.944598245Z I20260916 10:19:36.943748   147 transaction_manager_impl.cpp:62] Finish with epoch id=3763
2026-09-16T10:19:36.952073542Z I20260916 10:19:36.951920    44 block_storage_to_file.cpp:46] block store in file successfully, epoch=3763
2026-09-16T10:19:36.985532613Z I20260916 10:19:36.985422   143 consensus_control_block.h:289] consensus of epoch=3764 has reach, all vote yes.
2026-09-16T10:19:37.076140762Z I20260916 10:19:37.076038   150 epoch_txn_queue_manager.h:17] All threads reached barrier, epoch: 3765, count: 4
2026-09-16T10:19:37.083863959Z I20260916 10:19:37.083768   147 transaction_manager_impl.cpp:120] Total, abort: 4 commit: 524
2026-09-16T10:19:37.083871913Z I20260916 10:19:37.083781   147 transaction_manager_impl.cpp:62] Finish with epoch id=3764
2026-09-16T10:19:37.089689480Z I20260916 10:19:37.089512    44 block_storage_to_file.cpp:46] block store in file successfully, epoch=3764
2026-09-16T10:19:37.170844749Z I20260916 10:19:37.170776   143 consensus_control_block.h:289] consensus of epoch=3765 has reach, all vote yes.
2026-09-16T10:19:37.174441642Z I20260916 10:19:37.174369   149 epoch_txn_queue_manager.h:17] All threads reached barrier, epoch: 3766, count: 4
2026-09-16T10:19:37.185276427Z I20260916 10:19:37.185149   147 transaction_manager_impl.cpp:120] Total, abort: 9 commit: 1289
2026-09-16T10:19:37.185331058Z I20260916 10:19:37.185168   147 transaction_manager_impl.cpp:62] Finish with epoch id=3765
2026-09-16T10:19:37.196868108Z I20260916 10:19:37.196723    44 block_storage_to_file.cpp:46] block store in file successfully, epoch=3765
2026-09-16T10:19:37.230305931Z I20260916 10:19:37.230149   151 epoch_txn_queue_manager.h:17] All threads reached barrier, epoch: 3767, count: 4
2026-09-16T10:19:37.231990249Z I20260916 10:19:37.231947   143 consensus_control_block.h:289] consensus of epoch=3766 has reach, all vote yes.
2026-09-16T10:19:37.236049578Z [epoch] I20260916 10:19:37.235836     7 chain_client.cpp:83] Sending Request to epoch_server_group at qps=0 latency=0
2026-09-16T10:19:37.240902603Z I20260916 10:19:37.240785   147 transaction_manager_impl.cpp:120] Total, abort: 4 commit: 885
2026-09-16T10:19:37.240926264Z I20260916 10:19:37.240816   147 transaction_manager_impl.cpp:62] Finish with epoch id=3766
2026-09-16T10:19:37.249290909Z I20260916 10:19:37.249187    44 block_storage_to_file.cpp:46] block store in file successfully, epoch=3766
2026-09-16T10:19:37.280438016Z I20260916 10:19:37.280320   143 consensus_control_block.h:289] consensus of epoch=3767 has reach, all vote yes.
2026-09-16T10:19:37.330813121Z I20260916 10:19:37.330772   151 epoch_txn_queue_manager.h:17] All threads reached barrier, epoch: 3768, count: 4
2026-09-16T10:19:37.336233238Z I20260916 10:19:37.336104   147 transaction_manager_impl.cpp:120] Total, abort: 4 commit: 501
2026-09-16T10:19:37.336247109Z I20260916 10:19:37.336125   147 transaction_manager_impl.cpp:62] Finish with epoch id=3767
2026-09-16T10:19:37.341274409Z I20260916 10:19:37.341120    44 block_storage_to_file.cpp:46] block store in file successfully, epoch=3767
2026-09-16T10:19:37.387557017Z I20260916 10:19:37.387487   143 consensus_control_block.h:289] consensus of epoch=3768 has reach, all vote yes.
2026-09-16T10:19:37.441628149Z I20260916 10:19:37.441540   151 epoch_txn_queue_manager.h:17] All threads reached barrier, epoch: 3769, count: 4
2026-09-16T10:19:37.450891986Z I20260916 10:19:37.450809   147 transaction_manager_impl.cpp:120] Total, abort: 5 commit: 903
2026-09-16T10:19:37.450902098Z I20260916 10:19:37.450827   147 transaction_manager_impl.cpp:62] Finish with epoch id=3768
2026-09-16T10:19:37.459553626Z I20260916 10:19:37.459474    44 block_storage_to_file.cpp:46] block store in file successfully, epoch=3768
2026-09-16T10:19:37.472637409Z I20260916 10:19:37.472543   143 consensus_control_block.h:289] consensus of epoch=3769 has reach, all vote yes.
2026-09-16T10:19:37.476474574Z I20260916 10:19:37.476390   149 epoch_txn_queue_manager.h:17] All threads reached barrier, epoch: 3770, count: 4
2026-09-16T10:19:37.487165209Z I20260916 10:19:37.487052   147 transaction_manager_impl.cpp:120] Total, abort: 5 commit: 995
2026-09-16T10:19:37.487180963Z I20260916 10:19:37.487102   147 transaction_manager_impl.cpp:62] Finish with epoch id=3769
2026-09-16T10:19:37.497004887Z I20260916 10:19:37.496860    44 block_storage_to_file.cpp:46] block store in file successfully, epoch=3769
2026-09-16T10:19:37.571935431Z I20260916 10:19:37.571832   143 consensus_control_block.h:289] consensus of epoch=3770 has reach, all vote yes.
2026-09-16T10:19:37.577153791Z I20260916 10:19:37.577055   149 epoch_txn_queue_manager.h:17] All threads reached barrier, epoch: 3771, count: 4
2026-09-16T10:19:37.580787768Z I20260916 10:19:37.580677   147 transaction_manager_impl.cpp:120] Total, abort: 0 commit: 319
2026-09-16T10:19:37.580797481Z I20260916 10:19:37.580691   147 transaction_manager_impl.cpp:62] Finish with epoch id=3770
2026-09-16T10:19:37.583834965Z I20260916 10:19:37.583686    44 block_storage_to_file.cpp:46] block store in file successfully, epoch=3770
2026-09-16T10:19:37.672151694Z I20260916 10:19:37.672071   143 consensus_control_block.h:289] consensus of epoch=3771 has reach, all vote yes.
2026-09-16T10:19:37.677739068Z I20260916 10:19:37.677611   149 epoch_txn_queue_manager.h:17] All threads reached barrier, epoch: 3772, count: 4
2026-09-16T10:19:37.688606887Z I20260916 10:19:37.688472   147 transaction_manager_impl.cpp:120] Total, abort: 8 commit: 902
2026-09-16T10:19:37.688623628Z I20260916 10:19:37.688508   147 transaction_manager_impl.cpp:62] Finish with epoch id=3771
2026-09-16T10:19:37.697228477Z I20260916 10:19:37.697116    44 block_storage_to_file.cpp:46] block store in file successfully, epoch=3771
2026-09-16T10:19:37.772364520Z I20260916 10:19:37.772235   143 consensus_control_block.h:289] consensus of epoch=3772 has reach, all vote yes.
2026-09-16T10:19:37.778592834Z I20260916 10:19:37.778469   149 epoch_txn_queue_manager.h:17] All threads reached barrier, epoch: 3773, count: 4
2026-09-16T10:19:37.788285698Z I20260916 10:19:37.788153   147 transaction_manager_impl.cpp:120] Total, abort: 5 commit: 908
2026-09-16T10:19:37.788359632Z I20260916 10:19:37.788295   147 transaction_manager_impl.cpp:62] Finish with epoch id=3772
2026-09-16T10:19:37.796573738Z I20260916 10:19:37.796473    44 block_storage_to_file.cpp:46] block store in file successfully, epoch=3772
2026-09-16T10:19:37.872680770Z I20260916 10:19:37.872514   143 consensus_control_block.h:289] consensus of epoch=3773 has reach, all vote yes.
2026-09-16T10:19:37.879264700Z I20260916 10:19:37.879148   149 epoch_txn_queue_manager.h:17] All threads reached barrier, epoch: 3774, count: 4
2026-09-16T10:19:37.894178810Z I20260916 10:19:37.894011   147 transaction_manager_impl.cpp:120] Total, abort: 6 commit: 902
2026-09-16T10:19:37.894197173Z I20260916 10:19:37.894058   147 transaction_manager_impl.cpp:62] Finish with epoch id=3773
2026-09-16T10:19:37.902153468Z I20260916 10:19:37.902064    44 block_storage_to_file.cpp:46] block store in file successfully, epoch=3773
2026-09-16T10:19:37.972870571Z I20260916 10:19:37.972743   143 consensus_control_block.h:289] consensus of epoch=3774 has reach, all vote yes.
2026-09-16T10:19:37.979897215Z I20260916 10:19:37.979794   149 epoch_txn_queue_manager.h:17] All threads reached barrier, epoch: 3775, count: 4
2026-09-16T10:19:37.992976725Z I20260916 10:19:37.992874   147 transaction_manager_impl.cpp:120] Total, abort: 4 commit: 906
2026-09-16T10:19:37.992992319Z I20260916 10:19:37.992888   147 transaction_manager_impl.cpp:62] Finish with epoch id=3774
2026-09-16T10:19:38.001005006Z I20260916 10:19:38.000898    44 block_storage_to_file.cpp:46] block store in file successfully, epoch=3774
2026-09-16T10:19:38.073115003Z I20260916 10:19:38.072978   143 consensus_control_block.h:289] consensus of epoch=3775 has reach, all vote yes.
2026-09-16T10:19:38.080598740Z I20260916 10:19:38.080475   149 epoch_txn_queue_manager.h:17] All threads reached barrier, epoch: 3776, count: 4
2026-09-16T10:19:38.092800596Z I20260916 10:19:38.092693   147 transaction_manager_impl.cpp:120] Total, abort: 4 commit: 906
2026-09-16T10:19:38.092812089Z I20260916 10:19:38.092736   147 transaction_manager_impl.cpp:62] Finish with epoch id=3775
2026-09-16T10:19:38.101183164Z I20260916 10:19:38.101104    44 block_storage_to_file.cpp:46] block store in file successfully, epoch=3775
2026-09-16T10:19:38.173328853Z I20260916 10:19:38.173229   143 consensus_control_block.h:289] consensus of epoch=3776 has reach, all vote yes.
2026-09-16T10:19:38.181234265Z I20260916 10:19:38.181124   152 epoch_txn_queue_manager.h:17] All threads reached barrier, epoch: 3777, count: 4
2026-09-16T10:19:38.191143564Z I20260916 10:19:38.191027   147 transaction_manager_impl.cpp:120] Total, abort: 9 commit: 900
2026-09-16T10:19:38.191155471Z I20260916 10:19:38.191044   147 transaction_manager_impl.cpp:62] Finish with epoch id=3776
2026-09-16T10:19:38.199394419Z I20260916 10:19:38.199309    44 block_storage_to_file.cpp:46] block store in file successfully, epoch=3776
2026-09-16T10:19:38.236149632Z [epoch] I20260916 10:19:38.235952     7 chain_client.cpp:83] Sending Request to epoch_server_group at qps=0 latency=0
2026-09-16T10:19:38.273573221Z I20260916 10:19:38.273466   143 consensus_control_block.h:289] consensus of epoch=3777 has reach, all vote yes.
2026-09-16T10:19:38.277597158Z I20260916 10:19:38.277516   151 epoch_txn_queue_manager.h:17] All threads reached barrier, epoch: 3778, count: 4
2026-09-16T10:19:38.292843295Z I20260916 10:19:38.292691   147 transaction_manager_impl.cpp:120] Total, abort: 5 commit: 885
2026-09-16T10:19:38.292866042Z I20260916 10:19:38.292740   147 transaction_manager_impl.cpp:62] Finish with epoch id=3777
2026-09-16T10:19:38.300686156Z I20260916 10:19:38.300582    44 block_storage_to_file.cpp:46] block store in file successfully, epoch=3777
2026-09-16T10:19:38.371217503Z I20260916 10:19:38.371111   143 consensus_control_block.h:289] consensus of epoch=3778 has reach, all vote yes.
2026-09-16T10:19:38.378305512Z I20260916 10:19:38.378204   151 epoch_txn_queue_manager.h:17] All threads reached barrier, epoch: 3779, count: 4
2026-09-16T10:19:38.389366486Z I20260916 10:19:38.389261   147 transaction_manager_impl.cpp:120] Total, abort: 6 commit: 880
2026-09-16T10:19:38.389379979Z I20260916 10:19:38.389274   147 transaction_manager_impl.cpp:62] Finish with epoch id=3778
2026-09-16T10:19:38.398605927Z I20260916 10:19:38.398507    44 block_storage_to_file.cpp:46] block store in file successfully, epoch=3778
2026-09-16T10:19:38.474245629Z I20260916 10:19:38.474179   143 consensus_control_block.h:289] consensus of epoch=3779 has reach, all vote yes.
2026-09-16T10:19:38.479156397Z I20260916 10:19:38.479015   151 epoch_txn_queue_manager.h:17] All threads reached barrier, epoch: 3780, count: 4
2026-09-16T10:19:38.493169653Z I20260916 10:19:38.493083   147 transaction_manager_impl.cpp:120] Total, abort: 7 commit: 901
2026-09-16T10:19:38.493265991Z I20260916 10:19:38.493175   147 transaction_manager_impl.cpp:62] Finish with epoch id=3779
2026-09-16T10:19:38.502707702Z I20260916 10:19:38.502573    44 block_storage_to_file.cpp:46] block store in file successfully, epoch=3779
2026-09-16T10:19:38.574442740Z I20260916 10:19:38.574352   143 consensus_control_block.h:289] consensus of epoch=3780 has reach, all vote yes.
2026-09-16T10:19:38.579797751Z I20260916 10:19:38.579708   151 epoch_txn_queue_manager.h:17] All threads reached barrier, epoch: 3781, count: 4
2026-09-16T10:19:38.590842161Z I20260916 10:19:38.590701   147 transaction_manager_impl.cpp:120] Total, abort: 6 commit: 907
2026-09-16T10:19:38.590863972Z I20260916 10:19:38.590720   147 transaction_manager_impl.cpp:62] Finish with epoch id=3780
2026-09-16T10:19:38.599011268Z I20260916 10:19:38.598912    44 block_storage_to_file.cpp:46] block store in file successfully, epoch=3780
2026-09-16T10:19:38.674664252Z I20260916 10:19:38.674569   143 consensus_control_block.h:289] consensus of epoch=3781 has reach, all vote yes.
2026-09-16T10:19:38.680546470Z I20260916 10:19:38.680459   151 epoch_txn_queue_manager.h:17] All threads reached barrier, epoch: 3782, count: 4
2026-09-16T10:19:38.692846132Z I20260916 10:19:38.692700   147 transaction_manager_impl.cpp:120] Total, abort: 5 commit: 905
2026-09-16T10:19:38.692857452Z I20260916 10:19:38.692713   147 transaction_manager_impl.cpp:62] Finish with epoch id=3781
2026-09-16T10:19:38.701313971Z I20260916 10:19:38.701197    44 block_storage_to_file.cpp:46] block store in file successfully, epoch=3781
2026-09-16T10:19:38.774940507Z I20260916 10:19:38.774811   143 consensus_control_block.h:289] consensus of epoch=3782 has reach, all vote yes.
2026-09-16T10:19:38.781176153Z I20260916 10:19:38.781111   151 epoch_txn_queue_manager.h:17] All threads reached barrier, epoch: 3783, count: 4
2026-09-16T10:19:38.793031613Z I20260916 10:19:38.792934   147 transaction_manager_impl.cpp:120] Total, abort: 9 commit: 902
2026-09-16T10:19:38.793050071Z I20260916 10:19:38.792948   147 transaction_manager_impl.cpp:62] Finish with epoch id=3782
2026-09-16T10:19:38.801853667Z I20260916 10:19:38.801754    44 block_storage_to_file.cpp:46] block store in file successfully, epoch=3782
2026-09-16T10:19:38.875192507Z I20260916 10:19:38.875038   143 consensus_control_block.h:289] consensus of epoch=3783 has reach, all vote yes.
2026-09-16T10:19:38.882215916Z I20260916 10:19:38.881753   151 epoch_txn_queue_manager.h:17] All threads reached barrier, epoch: 3784, count: 4
2026-09-16T10:19:38.893576898Z I20260916 10:19:38.893409   147 transaction_manager_impl.cpp:120] Total, abort: 5 commit: 906
2026-09-16T10:19:38.893614902Z I20260916 10:19:38.893441   147 transaction_manager_impl.cpp:62] Finish with epoch id=3783
2026-09-16T10:19:38.902902384Z I20260916 10:19:38.902781    44 block_storage_to_file.cpp:46] block store in file successfully, epoch=3783
2026-09-16T10:19:38.975472081Z I20260916 10:19:38.975293   143 consensus_control_block.h:289] consensus of epoch=3784 has reach, all vote yes.
2026-09-16T10:19:38.982466231Z I20260916 10:19:38.982398   151 epoch_txn_queue_manager.h:17] All threads reached barrier, epoch: 3785, count: 4
2026-09-16T10:19:38.996376364Z I20260916 10:19:38.994735   147 transaction_manager_impl.cpp:120] Total, abort: 9 commit: 901
2026-09-16T10:19:38.996404261Z I20260916 10:19:38.994755   147 transaction_manager_impl.cpp:62] Finish with epoch id=3784
2026-09-16T10:19:39.004175684Z I20260916 10:19:39.004078    44 block_storage_to_file.cpp:46] block store in file successfully, epoch=3784
2026-09-16T10:19:39.075674397Z I20260916 10:19:39.075536   143 consensus_control_block.h:289] consensus of epoch=3785 has reach, all vote yes.
2026-09-16T10:19:39.083211568Z I20260916 10:19:39.083128   151 epoch_txn_queue_manager.h:17] All threads reached barrier, epoch: 3786, count: 4
2026-09-16T10:19:39.093599707Z I20260916 10:19:39.093490   147 transaction_manager_impl.cpp:120] Total, abort: 6 commit: 904
2026-09-16T10:19:39.093614751Z I20260916 10:19:39.093505   147 transaction_manager_impl.cpp:62] Finish with epoch id=3785
2026-09-16T10:19:39.103112030Z I20260916 10:19:39.102999    44 block_storage_to_file.cpp:46] block store in file successfully, epoch=3785
2026-09-16T10:19:39.175944253Z I20260916 10:19:39.175825   143 consensus_control_block.h:289] consensus of epoch=3786 has reach, all vote yes.
2026-09-16T10:19:39.184098028Z I20260916 10:19:39.183903   151 epoch_txn_queue_manager.h:17] All threads reached barrier, epoch: 3787, count: 4
2026-09-16T10:19:39.196737409Z I20260916 10:19:39.196640   147 transaction_manager_impl.cpp:120] Total, abort: 7 commit: 899
2026-09-16T10:19:39.196749429Z I20260916 10:19:39.196655   147 transaction_manager_impl.cpp:62] Finish with epoch id=3786
2026-09-16T10:19:39.205630604Z I20260916 10:19:39.205518    44 block_storage_to_file.cpp:46] block store in file successfully, epoch=3786
2026-09-16T10:19:39.236150029Z [epoch] I20260916 10:19:39.236042     7 chain_client.cpp:83] Sending Request to epoch_server_group at qps=0 latency=0
2026-09-16T10:19:39.239112040Z I20260916 10:19:39.239024   149 epoch_txn_queue_manager.h:17] All threads reached barrier, epoch: 3788, count: 4
2026-09-16T10:19:39.240258952Z I20260916 10:19:39.240175   143 consensus_control_block.h:289] consensus of epoch=3787 has reach, all vote yes.
2026-09-16T10:19:39.251075028Z I20260916 10:19:39.250962   147 transaction_manager_impl.cpp:120] Total, abort: 6 commit: 909
2026-09-16T10:19:39.251090049Z I20260916 10:19:39.250979   147 transaction_manager_impl.cpp:62] Finish with epoch id=3787
2026-09-16T10:19:39.260188119Z I20260916 10:19:39.260079    44 block_storage_to_file.cpp:46] block store in file successfully, epoch=3787
2026-09-16T10:19:39.280686239Z I20260916 10:19:39.280596   143 consensus_control_block.h:289] consensus of epoch=3788 has reach, all vote yes.
2026-09-16T10:19:39.294874303Z I20260916 10:19:39.294759   151 epoch_txn_queue_manager.h:17] All threads reached barrier, epoch: 3789, count: 4
2026-09-16T10:19:39.300949068Z I20260916 10:19:39.300839   147 transaction_manager_impl.cpp:120] Total, abort: 4 commit: 498
2026-09-16T10:19:39.300965001Z I20260916 10:19:39.300868   147 transaction_manager_impl.cpp:62] Finish with epoch id=3788
2026-09-16T10:19:39.306087657Z I20260916 10:19:39.305933    44 block_storage_to_file.cpp:46] block store in file successfully, epoch=3788
2026-09-16T10:19:39.384287912Z I20260916 10:19:39.384181   150 epoch_txn_queue_manager.h:17] All threads reached barrier, epoch: 3790, count: 4
2026-09-16T10:19:39.386162998Z I20260916 10:19:39.386086   143 consensus_control_block.h:289] consensus of epoch=3789 has reach, all vote yes.
2026-09-16T10:19:39.392972706Z I20260916 10:19:39.392870   147 transaction_manager_impl.cpp:120] Total, abort: 0 commit: 500
2026-09-16T10:19:39.392999441Z I20260916 10:19:39.392894   147 transaction_manager_impl.cpp:62] Finish with epoch id=3789
2026-09-16T10:19:39.397344342Z I20260916 10:19:39.397267    44 block_storage_to_file.cpp:46] block store in file successfully, epoch=3789
2026-09-16T10:19:39.476656405Z I20260916 10:19:39.476552   143 consensus_control_block.h:289] consensus of epoch=3790 has reach, all vote yes.
2026-09-16T10:19:39.480655967Z I20260916 10:19:39.480554   149 epoch_txn_queue_manager.h:17] All threads reached barrier, epoch: 3791, count: 4
2026-09-16T10:19:39.488659319Z I20260916 10:19:39.488518   147 transaction_manager_impl.cpp:120] Total, abort: 4 commit: 792
2026-09-16T10:19:39.488684665Z I20260916 10:19:39.488540   147 transaction_manager_impl.cpp:62] Finish with epoch id=3790
2026-09-16T10:19:39.498230890Z I20260916 10:19:39.498159    44 block_storage_to_file.cpp:46] block store in file successfully, epoch=3790
2026-09-16T10:19:39.576875982Z I20260916 10:19:39.576776   143 consensus_control_block.h:289] consensus of epoch=3791 has reach, all vote yes.
2026-09-16T10:19:39.581228958Z I20260916 10:19:39.581120   149 epoch_txn_queue_manager.h:17] All threads reached barrier, epoch: 3792, count: 4
2026-09-16T10:19:39.591569371Z I20260916 10:19:39.591439   147 transaction_manager_impl.cpp:120] Total, abort: 7 commit: 880
2026-09-16T10:19:39.591581552Z I20260916 10:19:39.591464   147 transaction_manager_impl.cpp:62] Finish with epoch id=3791
2026-09-16T10:19:39.600054971Z I20260916 10:19:39.599967    44 block_storage_to_file.cpp:46] block store in file successfully, epoch=3791
2026-09-16T10:19:39.637356450Z I20260916 10:19:39.637212   151 epoch_txn_queue_manager.h:17] All threads reached barrier, epoch: 3793, count: 4
2026-09-16T10:19:39.639945215Z I20260916 10:19:39.639889   143 consensus_control_block.h:289] consensus of epoch=3792 has reach, all vote yes.
2026-09-16T10:19:39.649461707Z I20260916 10:19:39.649366   147 transaction_manager_impl.cpp:120] Total, abort: 4 commit: 909
2026-09-16T10:19:39.649476715Z I20260916 10:19:39.649380   147 transaction_manager_impl.cpp:62] Finish with epoch id=3792
2026-09-16T10:19:39.657943470Z I20260916 10:19:39.657855    44 block_storage_to_file.cpp:46] block store in file successfully, epoch=3792
2026-09-16T10:19:39.696210600Z I20260916 10:19:39.696131   143 consensus_control_block.h:289] consensus of epoch=3793 has reach, all vote yes.
2026-09-16T10:19:39.748096458Z I20260916 10:19:39.747983   151 epoch_txn_queue_manager.h:17] All threads reached barrier, epoch: 3794, count: 4
2026-09-16T10:19:39.755553982Z I20260916 10:19:39.755492   147 transaction_manager_impl.cpp:120] Total, abort: 4 commit: 499
2026-09-16T10:19:39.755559771Z I20260916 10:19:39.755505   147 transaction_manager_impl.cpp:62] Finish with epoch id=3793
2026-09-16T10:19:39.761296850Z I20260916 10:19:39.761188    44 block_storage_to_file.cpp:46] block store in file successfully, epoch=3793
2026-09-16T10:19:39.779285183Z I20260916 10:19:39.779201   143 consensus_control_block.h:289] consensus of epoch=3794 has reach, all vote yes.
2026-09-16T10:19:39.783104472Z I20260916 10:19:39.783030   149 epoch_txn_queue_manager.h:17] All threads reached barrier, epoch: 3795, count: 4
2026-09-16T10:19:39.794077289Z I20260916 10:19:39.793891   147 transaction_manager_impl.cpp:120] Total, abort: 8 commit: 992
2026-09-16T10:19:39.794098382Z I20260916 10:19:39.793916   147 transaction_manager_impl.cpp:62] Finish with epoch id=3794
2026-09-16T10:19:39.802968544Z I20260916 10:19:39.802855    44 block_storage_to_file.cpp:46] block store in file successfully, epoch=3794
2026-09-16T10:19:39.877593652Z I20260916 10:19:39.877461   143 consensus_control_block.h:289] consensus of epoch=3795 has reach, all vote yes.
2026-09-16T10:19:39.883965035Z I20260916 10:19:39.883863   149 epoch_txn_queue_manager.h:17] All threads reached barrier, epoch: 3796, count: 4
2026-09-16T10:19:39.888483977Z I20260916 10:19:39.888381   147 transaction_manager_impl.cpp:120] Total, abort: 1 commit: 316
2026-09-16T10:19:39.888497961Z I20260916 10:19:39.888404   147 transaction_manager_impl.cpp:62] Finish with epoch id=3795
2026-09-16T10:19:39.892533388Z I20260916 10:19:39.892408    44 block_storage_to_file.cpp:46] block store in file successfully, epoch=3795
2026-09-16T10:19:39.977812946Z I20260916 10:19:39.977679   143 consensus_control_block.h:289] consensus of epoch=3796 has reach, all vote yes.
2026-09-16T10:19:39.984671631Z I20260916 10:19:39.984567   149 epoch_txn_queue_manager.h:17] All threads reached barrier, epoch: 3797, count: 4
2026-09-16T10:19:39.995483891Z I20260916 10:19:39.995358   147 transaction_manager_impl.cpp:120] Total, abort: 5 commit: 906
2026-09-16T10:19:39.995493487Z I20260916 10:19:39.995376   147 transaction_manager_impl.cpp:62] Finish with epoch id=3796
2026-09-16T10:19:40.004459114Z I20260916 10:19:40.004300    44 block_storage_to_file.cpp:46] block store in file successfully, epoch=3796
2026-09-16T10:19:40.078062106Z I20260916 10:19:40.077970   143 consensus_control_block.h:289] consensus of epoch=3797 has reach, all vote yes.
2026-09-16T10:19:40.085155295Z I20260916 10:19:40.085007   149 epoch_txn_queue_manager.h:17] All threads reached barrier, epoch: 3798, count: 4
2026-09-16T10:19:40.095290291Z I20260916 10:19:40.095198   147 transaction_manager_impl.cpp:120] Total, abort: 8 commit: 902
2026-09-16T10:19:40.095300382Z I20260916 10:19:40.095217   147 transaction_manager_impl.cpp:62] Finish with epoch id=3797
2026-09-16T10:19:40.104139673Z I20260916 10:19:40.104027    44 block_storage_to_file.cpp:46] block store in file successfully, epoch=3797
2026-09-16T10:19:40.178382884Z I20260916 10:19:40.178316   143 consensus_control_block.h:289] consensus of epoch=3798 has reach, all vote yes.
2026-09-16T10:19:40.185938500Z I20260916 10:19:40.185788   149 epoch_txn_queue_manager.h:17] All threads reached barrier, epoch: 3799, count: 4
2026-09-16T10:19:40.198538983Z I20260916 10:19:40.198446   147 transaction_manager_impl.cpp:120] Total, abort: 9 commit: 902
2026-09-16T10:19:40.198550715Z I20260916 10:19:40.198459   147 transaction_manager_impl.cpp:62] Finish with epoch id=3798
2026-09-16T10:19:40.206689159Z I20260916 10:19:40.206547    44 block_storage_to_file.cpp:46] block store in file successfully, epoch=3798
2026-09-16T10:19:40.236327616Z [epoch] I20260916 10:19:40.236122     7 chain_client.cpp:83] Sending Request to epoch_server_group at qps=0 latency=0
2026-09-16T10:19:40.278661939Z I20260916 10:19:40.278555   143 consensus_control_block.h:289] consensus of epoch=3799 has reach, all vote yes.
2026-09-16T10:19:40.286577965Z I20260916 10:19:40.286407   149 epoch_txn_queue_manager.h:17] All threads reached barrier, epoch: 3800, count: 4
2026-09-16T10:19:40.298302620Z I20260916 10:19:40.298130   147 transaction_manager_impl.cpp:120] Total, abort: 5 commit: 906
2026-09-16T10:19:40.298324892Z I20260916 10:19:40.298163   147 transaction_manager_impl.cpp:62] Finish with epoch id=3799
2026-09-16T10:19:40.308063977Z I20260916 10:19:40.307942    44 block_storage_to_file.cpp:46] block store in file successfully, epoch=3799
2026-09-16T10:19:40.376790385Z I20260916 10:19:40.376632   143 consensus_control_block.h:289] consensus of epoch=3800 has reach, all vote yes.
2026-09-16T10:19:40.387395028Z I20260916 10:19:40.387265   149 epoch_txn_queue_manager.h:17] All threads reached barrier, epoch: 3801, count: 4
2026-09-16T10:19:40.398636143Z I20260916 10:19:40.398537   147 transaction_manager_impl.cpp:120] Total, abort: 4 commit: 908
2026-09-16T10:19:40.398651929Z I20260916 10:19:40.398556   147 transaction_manager_impl.cpp:62] Finish with epoch id=3800
2026-09-16T10:19:40.408404360Z I20260916 10:19:40.408316    44 block_storage_to_file.cpp:46] block store in file successfully, epoch=3800
2026-09-16T10:19:40.479272600Z I20260916 10:19:40.479123   143 consensus_control_block.h:289] consensus of epoch=3801 has reach, all vote yes.
2026-09-16T10:19:40.487600925Z I20260916 10:19:40.487540   152 epoch_txn_queue_manager.h:17] All threads reached barrier, epoch: 3802, count: 4
2026-09-16T10:19:40.499697296Z I20260916 10:19:40.499588   147 transaction_manager_impl.cpp:120] Total, abort: 8 commit: 900
2026-09-16T10:19:40.499722414Z I20260916 10:19:40.499626   147 transaction_manager_impl.cpp:62] Finish with epoch id=3801
2026-09-16T10:19:40.508940593Z I20260916 10:19:40.508822    44 block_storage_to_file.cpp:46] block store in file successfully, epoch=3801
2026-09-16T10:19:40.579539763Z I20260916 10:19:40.579430   143 consensus_control_block.h:289] consensus of epoch=3802 has reach, all vote yes.
2026-09-16T10:19:40.586638841Z I20260916 10:19:40.586515   151 epoch_txn_queue_manager.h:17] All threads reached barrier, epoch: 3803, count: 4
2026-09-16T10:19:40.596612242Z I20260916 10:19:40.596488   147 transaction_manager_impl.cpp:120] Total, abort: 7 commit: 887
2026-09-16T10:19:40.596631793Z I20260916 10:19:40.596506   147 transaction_manager_impl.cpp:62] Finish with epoch id=3802
2026-09-16T10:19:40.604702761Z I20260916 10:19:40.604539    44 block_storage_to_file.cpp:46] block store in file successfully, epoch=3802
2026-09-16T10:19:40.641289204Z I20260916 10:19:40.640507   152 epoch_txn_queue_manager.h:17] All threads reached barrier, epoch: 3804, count: 4
2026-09-16T10:19:40.647410384Z I20260916 10:19:40.647360   143 consensus_control_block.h:289] consensus of epoch=3803 has reach, all vote yes.
2026-09-16T10:19:40.678100869Z I20260916 10:19:40.677992   147 transaction_manager_impl.cpp:120] Total, abort: 7 commit: 882
2026-09-16T10:19:40.678163186Z I20260916 10:19:40.678066   147 transaction_manager_impl.cpp:62] Finish with epoch id=3803
2026-09-16T10:19:40.701603130Z I20260916 10:19:40.701416   143 consensus_control_block.h:289] consensus of epoch=3804 has reach, all vote yes.
2026-09-16T10:19:40.706763638Z I20260916 10:19:40.706663    44 block_storage_to_file.cpp:46] block store in file successfully, epoch=3803
2026-09-16T10:19:40.767102820Z I20260916 10:19:40.766948   150 epoch_txn_queue_manager.h:17] All threads reached barrier, epoch: 3805, count: 4
2026-09-16T10:19:40.774218146Z I20260916 10:19:40.773974   147 transaction_manager_impl.cpp:120] Total, abort: 5 commit: 496
2026-09-16T10:19:40.774251896Z I20260916 10:19:40.774000   147 transaction_manager_impl.cpp:62] Finish with epoch id=3804
2026-09-16T10:19:40.779825448Z I20260916 10:19:40.779714    44 block_storage_to_file.cpp:46] block store in file successfully, epoch=3804
2026-09-16T10:19:40.790424117Z I20260916 10:19:40.790343   143 consensus_control_block.h:289] consensus of epoch=3805 has reach, all vote yes.
2026-09-16T10:19:40.795132373Z I20260916 10:19:40.794440   152 epoch_txn_queue_manager.h:17] All threads reached barrier, epoch: 3806, count: 4
2026-09-16T10:19:40.806283575Z I20260916 10:19:40.806177   147 transaction_manager_impl.cpp:120] Total, abort: 6 commit: 1141
2026-09-16T10:19:40.806297157Z I20260916 10:19:40.806191   147 transaction_manager_impl.cpp:62] Finish with epoch id=3805
2026-09-16T10:19:40.816187037Z I20260916 10:19:40.816087    44 block_storage_to_file.cpp:46] block store in file successfully, epoch=3805
2026-09-16T10:19:40.890413868Z I20260916 10:19:40.890322   143 consensus_control_block.h:289] consensus of epoch=3806 has reach, all vote yes.
2026-09-16T10:19:40.895355930Z I20260916 10:19:40.895258   152 epoch_txn_queue_manager.h:17] All threads reached barrier, epoch: 3807, count: 4
2026-09-16T10:19:40.899355842Z I20260916 10:19:40.899242   147 transaction_manager_impl.cpp:120] Total, abort: 1 commit: 247
2026-09-16T10:19:40.899388058Z I20260916 10:19:40.899284   147 transaction_manager_impl.cpp:62] Finish with epoch id=3806
2026-09-16T10:19:40.902314549Z I20260916 10:19:40.902230    44 block_storage_to_file.cpp:46] block store in file successfully, epoch=3806
2026-09-16T10:19:40.990589352Z I20260916 10:19:40.990535   143 consensus_control_block.h:289] consensus of epoch=3807 has reach, all vote yes.
2026-09-16T10:19:40.995793891Z I20260916 10:19:40.995723   152 epoch_txn_queue_manager.h:17] All threads reached barrier, epoch: 3808, count: 4
2026-09-16T10:19:41.007675774Z I20260916 10:19:41.007292   147 transaction_manager_impl.cpp:120] Total, abort: 7 commit: 902
2026-09-16T10:19:41.007688734Z I20260916 10:19:41.007304   147 transaction_manager_impl.cpp:62] Finish with epoch id=3807
2026-09-16T10:19:41.015567955Z I20260916 10:19:41.015457    44 block_storage_to_file.cpp:46] block store in file successfully, epoch=3807
2026-09-16T10:19:41.090786655Z I20260916 10:19:41.090718   143 consensus_control_block.h:289] consensus of epoch=3808 has reach, all vote yes.
2026-09-16T10:19:41.096517894Z I20260916 10:19:41.096453   152 epoch_txn_queue_manager.h:17] All threads reached barrier, epoch: 3809, count: 4
2026-09-16T10:19:41.106045253Z I20260916 10:19:41.105960   147 transaction_manager_impl.cpp:120] Total, abort: 8 commit: 902
2026-09-16T10:19:41.106067845Z I20260916 10:19:41.105973   147 transaction_manager_impl.cpp:62] Finish with epoch id=3808
2026-09-16T10:19:41.114588793Z I20260916 10:19:41.114487    44 block_storage_to_file.cpp:46] block store in file successfully, epoch=3808
2026-09-16T10:19:41.191034717Z I20260916 10:19:41.190943   143 consensus_control_block.h:289] consensus of epoch=3809 has reach, all vote yes.
2026-09-16T10:19:41.197503455Z I20260916 10:19:41.197269   152 epoch_txn_queue_manager.h:17] All threads reached barrier, epoch: 3810, count: 4
2026-09-16T10:19:41.212020305Z I20260916 10:19:41.210248   147 transaction_manager_impl.cpp:120] Total, abort: 9 commit: 904
2026-09-16T10:19:41.212051299Z I20260916 10:19:41.210265   147 transaction_manager_impl.cpp:62] Finish with epoch id=3809
2026-09-16T10:19:41.218638417Z I20260916 10:19:41.218560    44 block_storage_to_file.cpp:46] block store in file successfully, epoch=3809
2026-09-16T10:19:41.236333709Z [epoch] I20260916 10:19:41.236174     7 chain_client.cpp:83] Sending Request to epoch_server_group at qps=0 latency=0
2026-09-16T10:19:41.291216442Z I20260916 10:19:41.291117   143 consensus_control_block.h:289] consensus of epoch=3810 has reach, all vote yes.
2026-09-16T10:19:41.298087006Z I20260916 10:19:41.297920   152 epoch_txn_queue_manager.h:17] All threads reached barrier, epoch: 3811, count: 4
2026-09-16T10:19:41.306853926Z I20260916 10:19:41.306643   147 transaction_manager_impl.cpp:120] Total, abort: 4 commit: 902
2026-09-16T10:19:41.306871184Z I20260916 10:19:41.306684   147 transaction_manager_impl.cpp:62] Finish with epoch id=3810
2026-09-16T10:19:41.315526844Z I20260916 10:19:41.315404    44 block_storage_to_file.cpp:46] block store in file successfully, epoch=3810
2026-09-16T10:19:41.391408611Z I20260916 10:19:41.391340   143 consensus_control_block.h:289] consensus of epoch=3811 has reach, all vote yes.
2026-09-16T10:19:41.398766035Z I20260916 10:19:41.398531   152 epoch_txn_queue_manager.h:17] All threads reached barrier, epoch: 3812, count: 4
2026-09-16T10:19:41.411657526Z I20260916 10:19:41.411550   147 transaction_manager_impl.cpp:120] Total, abort: 4 commit: 909
2026-09-16T10:19:41.411671472Z I20260916 10:19:41.411564   147 transaction_manager_impl.cpp:62] Finish with epoch id=3811
2026-09-16T10:19:41.420132989Z I20260916 10:19:41.420049    44 block_storage_to_file.cpp:46] block store in file successfully, epoch=3811
2026-09-16T10:19:41.490992140Z I20260916 10:19:41.490909   143 consensus_control_block.h:289] consensus of epoch=3812 has reach, all vote yes.
2026-09-16T10:19:41.497435001Z I20260916 10:19:41.497313   149 epoch_txn_queue_manager.h:17] All threads reached barrier, epoch: 3813, count: 4
2026-09-16T10:19:41.508261748Z I20260916 10:19:41.508162   147 transaction_manager_impl.cpp:120] Total, abort: 6 commit: 903
2026-09-16T10:19:41.508275416Z I20260916 10:19:41.508179   147 transaction_manager_impl.cpp:62] Finish with epoch id=3812
2026-09-16T10:19:41.516520868Z I20260916 10:19:41.516436    44 block_storage_to_file.cpp:46] block store in file successfully, epoch=3812
2026-09-16T10:19:41.582585717Z I20260916 10:19:41.582465   143 consensus_control_block.h:289] consensus of epoch=3813 has reach, all vote yes.
2026-09-16T10:19:41.598075969Z I20260916 10:19:41.597968   149 epoch_txn_queue_manager.h:17] All threads reached barrier, epoch: 3814, count: 4
2026-09-16T10:19:41.610045920Z I20260916 10:19:41.609956   147 transaction_manager_impl.cpp:120] Total, abort: 5 commit: 883
2026-09-16T10:19:41.610057954Z I20260916 10:19:41.609973   147 transaction_manager_impl.cpp:62] Finish with epoch id=3813
2026-09-16T10:19:41.618650897Z I20260916 10:19:41.618505    44 block_storage_to_file.cpp:46] block store in file successfully, epoch=3813
2026-09-16T10:19:41.692061938Z I20260916 10:19:41.691957   143 consensus_control_block.h:289] consensus of epoch=3814 has reach, all vote yes.
2026-09-16T10:19:41.698718978Z I20260916 10:19:41.698632   149 epoch_txn_queue_manager.h:17] All threads reached barrier, epoch: 3815, count: 4
2026-09-16T10:19:41.708463922Z I20260916 10:19:41.708379   147 transaction_manager_impl.cpp:120] Total, abort: 9 commit: 902
2026-09-16T10:19:41.708484325Z I20260916 10:19:41.708396   147 transaction_manager_impl.cpp:62] Finish with epoch id=3814
2026-09-16T10:19:41.716835129Z I20260916 10:19:41.716724    44 block_storage_to_file.cpp:46] block store in file successfully, epoch=3814
2026-09-16T10:19:41.792346901Z I20260916 10:19:41.792259   143 consensus_control_block.h:289] consensus of epoch=3815 has reach, all vote yes.
2026-09-16T10:19:41.799288085Z I20260916 10:19:41.799201   149 epoch_txn_queue_manager.h:17] All threads reached barrier, epoch: 3816, count: 4
2026-09-16T10:19:41.813175400Z I20260916 10:19:41.813061   147 transaction_manager_impl.cpp:120] Total, abort: 7 commit: 901
2026-09-16T10:19:41.813195764Z I20260916 10:19:41.813082   147 transaction_manager_impl.cpp:62] Finish with epoch id=3815
2026-09-16T10:19:41.822164679Z I20260916 10:19:41.822072    44 block_storage_to_file.cpp:46] block store in file successfully, epoch=3815
2026-09-16T10:19:41.892586200Z I20260916 10:19:41.892514   143 consensus_control_block.h:289] consensus of epoch=3816 has reach, all vote yes.
2026-09-16T10:19:41.900031466Z I20260916 10:19:41.899926   149 epoch_txn_queue_manager.h:17] All threads reached barrier, epoch: 3817, count: 4
2026-09-16T10:19:41.913468131Z I20260916 10:19:41.913340   147 transaction_manager_impl.cpp:120] Total, abort: 7 commit: 905
2026-09-16T10:19:41.913484127Z I20260916 10:19:41.913357   147 transaction_manager_impl.cpp:62] Finish with epoch id=3816
2026-09-16T10:19:41.921343709Z I20260916 10:19:41.921239    44 block_storage_to_file.cpp:46] block store in file successfully, epoch=3816
2026-09-16T10:19:41.993958231Z I20260916 10:19:41.993873   143 consensus_control_block.h:289] consensus of epoch=3817 has reach, all vote yes.
2026-09-16T10:19:41.999986279Z I20260916 10:19:41.999827   151 epoch_txn_queue_manager.h:17] All threads reached barrier, epoch: 3818, count: 4
2026-09-16T10:19:42.013139251Z I20260916 10:19:42.013028   147 transaction_manager_impl.cpp:120] Total, abort: 6 commit: 905
2026-09-16T10:19:42.013151876Z I20260916 10:19:42.013048   147 transaction_manager_impl.cpp:62] Finish with epoch id=3817
2026-09-16T10:19:42.021816288Z I20260916 10:19:42.021744    44 block_storage_to_file.cpp:46] block store in file successfully, epoch=3817
2026-09-16T10:19:42.092948997Z I20260916 10:19:42.092877   143 consensus_control_block.h:289] consensus of epoch=3818 has reach, all vote yes.
2026-09-16T10:19:42.100561092Z I20260916 10:19:42.100488   151 epoch_txn_queue_manager.h:17] All threads reached barrier, epoch: 3819, count: 4
2026-09-16T10:19:42.111717014Z I20260916 10:19:42.110265   147 transaction_manager_impl.cpp:120] Total, abort: 6 commit: 882
2026-09-16T10:19:42.111736189Z I20260916 10:19:42.110278   147 transaction_manager_impl.cpp:62] Finish with epoch id=3818
2026-09-16T10:19:42.118838806Z I20260916 10:19:42.118721    44 block_storage_to_file.cpp:46] block store in file successfully, epoch=3818
2026-09-16T10:19:42.193235640Z I20260916 10:19:42.193143   143 consensus_control_block.h:289] consensus of epoch=3819 has reach, all vote yes.
2026-09-16T10:19:42.197382353Z I20260916 10:19:42.197178   150 epoch_txn_queue_manager.h:17] All threads reached barrier, epoch: 3820, count: 4
2026-09-16T10:19:42.211460550Z I20260916 10:19:42.210258   147 transaction_manager_impl.cpp:120] Total, abort: 8 commit: 900
2026-09-16T10:19:42.211474997Z I20260916 10:19:42.210281   147 transaction_manager_impl.cpp:62] Finish with epoch id=3819
2026-09-16T10:19:42.219159622Z I20260916 10:19:42.219069    44 block_storage_to_file.cpp:46] block store in file successfully, epoch=3819
2026-09-16T10:19:42.236424508Z [epoch] I20260916 10:19:42.236272     7 chain_client.cpp:83] Sending Request to epoch_server_group at qps=0 latency=0
2026-09-16T10:19:42.293531636Z I20260916 10:19:42.293396   143 consensus_control_block.h:289] consensus of epoch=3820 has reach, all vote yes.
2026-09-16T10:19:42.297919917Z I20260916 10:19:42.297857   150 epoch_txn_queue_manager.h:17] All threads reached barrier, epoch: 3821, count: 4
2026-09-16T10:19:42.309983543Z I20260916 10:19:42.309892   147 transaction_manager_impl.cpp:120] Total, abort: 6 commit: 886
2026-09-16T10:19:42.309995683Z I20260916 10:19:42.309916   147 transaction_manager_impl.cpp:62] Finish with epoch id=3820
2026-09-16T10:19:42.318574944Z I20260916 10:19:42.318501    44 block_storage_to_file.cpp:46] block store in file successfully, epoch=3820
2026-09-16T10:19:42.358217759Z I20260916 10:19:42.358085   143 consensus_control_block.h:289] consensus of epoch=3821 has reach, all vote yes.
2026-09-16T10:19:42.358438572Z I20260916 10:19:42.358367   150 epoch_txn_queue_manager.h:17] All threads reached barrier, epoch: 3822, count: 4
2026-09-16T10:19:42.367662750Z I20260916 10:19:42.367563   147 transaction_manager_impl.cpp:120] Total, abort: 9 commit: 899
2026-09-16T10:19:42.367676670Z I20260916 10:19:42.367578   147 transaction_manager_impl.cpp:62] Finish with epoch id=3821
2026-09-16T10:19:42.376763711Z I20260916 10:19:42.376672    44 block_storage_to_file.cpp:46] block store in file successfully, epoch=3821
2026-09-16T10:19:42.409371795Z I20260916 10:19:42.409250   143 consensus_control_block.h:289] consensus of epoch=3822 has reach, all vote yes.
2026-09-16T10:19:42.499932407Z I20260916 10:19:42.499657   150 epoch_txn_queue_manager.h:17] All threads reached barrier, epoch: 3823, count: 4
2026-09-16T10:19:42.507780195Z I20260916 10:19:42.507673   147 transaction_manager_impl.cpp:120] Total, abort: 4 commit: 555
2026-09-16T10:19:42.507871077Z I20260916 10:19:42.507795   147 transaction_manager_impl.cpp:62] Finish with epoch id=3822
2026-09-16T10:19:42.513487220Z I20260916 10:19:42.513384    44 block_storage_to_file.cpp:46] block store in file successfully, epoch=3822
2026-09-16T10:19:42.594217989Z I20260916 10:19:42.594126   143 consensus_control_block.h:289] consensus of epoch=3823 has reach, all vote yes.
2026-09-16T10:19:42.600464722Z I20260916 10:19:42.600371   150 epoch_txn_queue_manager.h:17] All threads reached barrier, epoch: 3824, count: 4
2026-09-16T10:19:42.616078971Z I20260916 10:19:42.615923   147 transaction_manager_impl.cpp:120] Total, abort: 7 commit: 1266
2026-09-16T10:19:42.616109022Z I20260916 10:19:42.615950   147 transaction_manager_impl.cpp:62] Finish with epoch id=3823
2026-09-16T10:19:42.629114179Z I20260916 10:19:42.628955    44 block_storage_to_file.cpp:46] block store in file successfully, epoch=3823
2026-09-16T10:19:42.694435220Z I20260916 10:19:42.694356   143 consensus_control_block.h:289] consensus of epoch=3824 has reach, all vote yes.
2026-09-16T10:19:42.701234345Z I20260916 10:19:42.700942   150 epoch_txn_queue_manager.h:17] All threads reached barrier, epoch: 3825, count: 4
2026-09-16T10:19:42.712277215Z I20260916 10:19:42.712190   147 transaction_manager_impl.cpp:120] Total, abort: 7 commit: 903
2026-09-16T10:19:42.712286988Z I20260916 10:19:42.712205   147 transaction_manager_impl.cpp:62] Finish with epoch id=3824
2026-09-16T10:19:42.720660474Z I20260916 10:19:42.720561    44 block_storage_to_file.cpp:46] block store in file successfully, epoch=3824
2026-09-16T10:19:42.794617105Z I20260916 10:19:42.794548   143 consensus_control_block.h:289] consensus of epoch=3825 has reach, all vote yes.
2026-09-16T10:19:42.801811695Z I20260916 10:19:42.801628   150 epoch_txn_queue_manager.h:17] All threads reached barrier, epoch: 3826, count: 4
2026-09-16T10:19:42.814278111Z I20260916 10:19:42.814146   147 transaction_manager_impl.cpp:120] Total, abort: 5 commit: 907
2026-09-16T10:19:42.814291535Z I20260916 10:19:42.814165   147 transaction_manager_impl.cpp:62] Finish with epoch id=3825
2026-09-16T10:19:42.822953267Z I20260916 10:19:42.822808    44 block_storage_to_file.cpp:46] block store in file successfully, epoch=3825
2026-09-16T10:19:42.894858927Z I20260916 10:19:42.894773   143 consensus_control_block.h:289] consensus of epoch=3826 has reach, all vote yes.
2026-09-16T10:19:42.902483508Z I20260916 10:19:42.902416   150 epoch_txn_queue_manager.h:17] All threads reached barrier, epoch: 3827, count: 4
2026-09-16T10:19:42.911894669Z I20260916 10:19:42.911775   147 transaction_manager_impl.cpp:120] Total, abort: 4 commit: 909
2026-09-16T10:19:42.911917106Z I20260916 10:19:42.911793   147 transaction_manager_impl.cpp:62] Finish with epoch id=3826
2026-09-16T10:19:42.920773004Z I20260916 10:19:42.920622    44 block_storage_to_file.cpp:46] block store in file successfully, epoch=3826
2026-09-16T10:19:42.995087074Z I20260916 10:19:42.995008   143 consensus_control_block.h:289] consensus of epoch=3827 has reach, all vote yes.
2026-09-16T10:19:43.003426215Z I20260916 10:19:43.003283   150 epoch_txn_queue_manager.h:17] All threads reached barrier, epoch: 3828, count: 4
2026-09-16T10:19:43.015409900Z I20260916 10:19:43.015252   147 transaction_manager_impl.cpp:120] Total, abort: 6 commit: 904
2026-09-16T10:19:43.015415915Z I20260916 10:19:43.015283   147 transaction_manager_impl.cpp:62] Finish with epoch id=3827
2026-09-16T10:19:43.023961487Z I20260916 10:19:43.023850    44 block_storage_to_file.cpp:46] block store in file successfully, epoch=3827
2026-09-16T10:19:43.095444465Z I20260916 10:19:43.095324   143 consensus_control_block.h:289] consensus of epoch=3828 has reach, all vote yes.
2026-09-16T10:19:43.102595542Z I20260916 10:19:43.102409   151 epoch_txn_queue_manager.h:17] All threads reached barrier, epoch: 3829, count: 4
2026-09-16T10:19:43.116508813Z I20260916 10:19:43.116408   147 transaction_manager_impl.cpp:120] Total, abort: 5 commit: 905
2026-09-16T10:19:43.116530884Z I20260916 10:19:43.116423   147 transaction_manager_impl.cpp:62] Finish with epoch id=3828
2026-09-16T10:19:43.125450183Z I20260916 10:19:43.125342    44 block_storage_to_file.cpp:46] block store in file successfully, epoch=3828
2026-09-16T10:19:43.195638018Z I20260916 10:19:43.195570   143 consensus_control_block.h:289] consensus of epoch=3829 has reach, all vote yes.
2026-09-16T10:19:43.202725256Z I20260916 10:19:43.202626   151 epoch_txn_queue_manager.h:17] All threads reached barrier, epoch: 3830, count: 4
2026-09-16T10:19:43.212215023Z I20260916 10:19:43.212108   147 transaction_manager_impl.cpp:120] Total, abort: 4 commit: 885
2026-09-16T10:19:43.212227878Z I20260916 10:19:43.212128   147 transaction_manager_impl.cpp:62] Finish with epoch id=3829
2026-09-16T10:19:43.220744606Z I20260916 10:19:43.220662    44 block_storage_to_file.cpp:46] block store in file successfully, epoch=3829
2026-09-16T10:19:43.236517602Z [epoch] I20260916 10:19:43.236371     7 chain_client.cpp:83] Sending Request to epoch_server_group at qps=0 latency=0
2026-09-16T10:19:43.295826071Z I20260916 10:19:43.295747   143 consensus_control_block.h:289] consensus of epoch=3830 has reach, all vote yes.
2026-09-16T10:19:43.303513358Z I20260916 10:19:43.303354   151 epoch_txn_queue_manager.h:17] All threads reached barrier, epoch: 3831, count: 4
2026-09-16T10:19:43.320741658Z I20260916 10:19:43.319029   147 transaction_manager_impl.cpp:120] Total, abort: 8 commit: 901
2026-09-16T10:19:43.320761851Z I20260916 10:19:43.319062   147 transaction_manager_impl.cpp:62] Finish with epoch id=3830
2026-09-16T10:19:43.327852382Z I20260916 10:19:43.327754    44 block_storage_to_file.cpp:46] block store in file successfully, epoch=3830
2026-09-16T10:19:43.396069925Z I20260916 10:19:43.395994   143 consensus_control_block.h:289] consensus of epoch=3831 has reach, all vote yes.
2026-09-16T10:19:43.404066100Z I20260916 10:19:43.403983   151 epoch_txn_queue_manager.h:17] All threads reached barrier, epoch: 3832, count: 4
2026-09-16T10:19:43.411811609Z I20260916 10:19:43.411728   147 transaction_manager_impl.cpp:120] Total, abort: 7 commit: 904
2026-09-16T10:19:43.411832236Z I20260916 10:19:43.411747   147 transaction_manager_impl.cpp:62] Finish with epoch id=3831
2026-09-16T10:19:43.421464796Z I20260916 10:19:43.421367    44 block_storage_to_file.cpp:46] block store in file successfully, epoch=3831
2026-09-16T10:19:43.496462151Z I20260916 10:19:43.496322   143 consensus_control_block.h:289] consensus of epoch=3832 has reach, all vote yes.
2026-09-16T10:19:43.505057607Z I20260916 10:19:43.504967   151 epoch_txn_queue_manager.h:17] All threads reached barrier, epoch: 3833, count: 4
2026-09-16T10:19:43.514985463Z I20260916 10:19:43.514885   147 transaction_manager_impl.cpp:120] Total, abort: 4 commit: 907
2026-09-16T10:19:43.514996570Z I20260916 10:19:43.514899   147 transaction_manager_impl.cpp:62] Finish with epoch id=3832
2026-09-16T10:19:43.523279904Z I20260916 10:19:43.523191    44 block_storage_to_file.cpp:46] block store in file successfully, epoch=3832
2026-09-16T10:19:43.596644138Z I20260916 10:19:43.596577   143 consensus_control_block.h:289] consensus of epoch=3833 has reach, all vote yes.
2026-09-16T10:19:43.604749396Z I20260916 10:19:43.604684   152 epoch_txn_queue_manager.h:17] All threads reached barrier, epoch: 3834, count: 4
2026-09-16T10:19:43.619541887Z I20260916 10:19:43.615309   147 transaction_manager_impl.cpp:120] Total, abort: 6 commit: 904
2026-09-16T10:19:43.619576626Z I20260916 10:19:43.615322   147 transaction_manager_impl.cpp:62] Finish with epoch id=3833
2026-09-16T10:19:43.624087141Z I20260916 10:19:43.624006    44 block_storage_to_file.cpp:46] block store in file successfully, epoch=3833
2026-09-16T10:19:43.696896343Z I20260916 10:19:43.696811   143 consensus_control_block.h:289] consensus of epoch=3834 has reach, all vote yes.
2026-09-16T10:19:43.705413178Z I20260916 10:19:43.705349   152 epoch_txn_queue_manager.h:17] All threads reached barrier, epoch: 3835, count: 4
2026-09-16T10:19:43.719109373Z I20260916 10:19:43.718999   147 transaction_manager_impl.cpp:120] Total, abort: 7 commit: 883
2026-09-16T10:19:43.719130848Z I20260916 10:19:43.719017   147 transaction_manager_impl.cpp:62] Finish with epoch id=3834
2026-09-16T10:19:43.727294577Z I20260916 10:19:43.727193    44 block_storage_to_file.cpp:46] block store in file successfully, epoch=3834
2026-09-16T10:19:43.797140737Z I20260916 10:19:43.797039   143 consensus_control_block.h:289] consensus of epoch=3835 has reach, all vote yes.
2026-09-16T10:19:43.806079709Z I20260916 10:19:43.805960   152 epoch_txn_queue_manager.h:17] All threads reached barrier, epoch: 3836, count: 4
2026-09-16T10:19:43.816515232Z I20260916 10:19:43.816375   147 transaction_manager_impl.cpp:120] Total, abort: 6 commit: 903
2026-09-16T10:19:43.816540413Z I20260916 10:19:43.816393   147 transaction_manager_impl.cpp:62] Finish with epoch id=3835
2026-09-16T10:19:43.825351696Z I20260916 10:19:43.825233    44 block_storage_to_file.cpp:46] block store in file successfully, epoch=3835
2026-09-16T10:19:43.897302412Z I20260916 10:19:43.897238   143 consensus_control_block.h:289] consensus of epoch=3836 has reach, all vote yes.
2026-09-16T10:19:43.906064170Z I20260916 10:19:43.905977   149 epoch_txn_queue_manager.h:17] All threads reached barrier, epoch: 3837, count: 4
2026-09-16T10:19:43.919430835Z I20260916 10:19:43.919346   147 transaction_manager_impl.cpp:120] Total, abort: 7 commit: 904
2026-09-16T10:19:43.919442153Z I20260916 10:19:43.919387   147 transaction_manager_impl.cpp:62] Finish with epoch id=3836
2026-09-16T10:19:43.927955295Z I20260916 10:19:43.927846    44 block_storage_to_file.cpp:46] block store in file successfully, epoch=3836
2026-09-16T10:19:43.997537788Z I20260916 10:19:43.997463   143 consensus_control_block.h:289] consensus of epoch=3837 has reach, all vote yes.
2026-09-16T10:19:44.000049127Z I20260916 10:19:43.999939   150 epoch_txn_queue_manager.h:17] All threads reached barrier, epoch: 3838, count: 4
2026-09-16T10:19:44.010961649Z I20260916 10:19:44.010877   147 transaction_manager_impl.cpp:120] Total, abort: 8 commit: 879
2026-09-16T10:19:44.010972617Z I20260916 10:19:44.010901   147 transaction_manager_impl.cpp:62] Finish with epoch id=3837
2026-09-16T10:19:44.019196613Z I20260916 10:19:44.019120    44 block_storage_to_file.cpp:46] block store in file successfully, epoch=3837
2026-09-16T10:19:44.097791178Z I20260916 10:19:44.097709   143 consensus_control_block.h:289] consensus of epoch=3838 has reach, all vote yes.
2026-09-16T10:19:44.100781581Z I20260916 10:19:44.100709   150 epoch_txn_queue_manager.h:17] All threads reached barrier, epoch: 3839, count: 4
2026-09-16T10:19:44.112144289Z I20260916 10:19:44.111974   147 transaction_manager_impl.cpp:120] Total, abort: 5 commit: 883
2026-09-16T10:19:44.112157902Z I20260916 10:19:44.111994   147 transaction_manager_impl.cpp:62] Finish with epoch id=3838
2026-09-16T10:19:44.120416239Z I20260916 10:19:44.120260    44 block_storage_to_file.cpp:46] block store in file successfully, epoch=3838
2026-09-16T10:19:44.198062888Z I20260916 10:19:44.197974   143 consensus_control_block.h:289] consensus of epoch=3839 has reach, all vote yes.
2026-09-16T10:19:44.201453344Z I20260916 10:19:44.201359   150 epoch_txn_queue_manager.h:17] All threads reached barrier, epoch: 3840, count: 4
2026-09-16T10:19:44.210613510Z I20260916 10:19:44.210512   147 transaction_manager_impl.cpp:120] Total, abort: 7 commit: 902
2026-09-16T10:19:44.210625371Z I20260916 10:19:44.210526   147 transaction_manager_impl.cpp:62] Finish with epoch id=3839
2026-09-16T10:19:44.219097478Z I20260916 10:19:44.218988    44 block_storage_to_file.cpp:46] block store in file successfully, epoch=3839
2026-09-16T10:19:44.236684798Z [epoch] I20260916 10:19:44.236490     7 chain_client.cpp:83] Sending Request to epoch_server_group at qps=0 latency=0
2026-09-16T10:19:44.295837852Z I20260916 10:19:44.295707   143 consensus_control_block.h:289] consensus of epoch=3840 has reach, all vote yes.
2026-09-16T10:19:44.302360800Z I20260916 10:19:44.302241   150 epoch_txn_queue_manager.h:17] All threads reached barrier, epoch: 3841, count: 4
2026-09-16T10:19:44.309831579Z I20260916 10:19:44.308183   147 transaction_manager_impl.cpp:120] Total, abort: 6 commit: 909
2026-09-16T10:19:44.309862468Z I20260916 10:19:44.308200   147 transaction_manager_impl.cpp:62] Finish with epoch id=3840
2026-09-16T10:19:44.320538222Z I20260916 10:19:44.320430    44 block_storage_to_file.cpp:46] block store in file successfully, epoch=3840
2026-09-16T10:19:44.398598987Z I20260916 10:19:44.398509   143 consensus_control_block.h:289] consensus of epoch=3841 has reach, all vote yes.
2026-09-16T10:19:44.403050116Z I20260916 10:19:44.402956   151 epoch_txn_queue_manager.h:17] All threads reached barrier, epoch: 3842, count: 4
2026-09-16T10:19:44.413859318Z I20260916 10:19:44.413774   147 transaction_manager_impl.cpp:120] Total, abort: 7 commit: 906
2026-09-16T10:19:44.413869431Z I20260916 10:19:44.413792   147 transaction_manager_impl.cpp:62] Finish with epoch id=3841
2026-09-16T10:19:44.422316485Z I20260916 10:19:44.422185    44 block_storage_to_file.cpp:46] block store in file successfully, epoch=3841
2026-09-16T10:19:44.498908206Z I20260916 10:19:44.498795   143 consensus_control_block.h:289] consensus of epoch=3842 has reach, all vote yes.
2026-09-16T10:19:44.504213903Z I20260916 10:19:44.503983   151 epoch_txn_queue_manager.h:17] All threads reached barrier, epoch: 3843, count: 4
2026-09-16T10:19:44.514981336Z I20260916 10:19:44.513947   147 transaction_manager_impl.cpp:120] Total, abort: 7 commit: 901
2026-09-16T10:19:44.514992181Z I20260916 10:19:44.513964   147 transaction_manager_impl.cpp:62] Finish with epoch id=3842
2026-09-16T10:19:44.522589573Z I20260916 10:19:44.522495    44 block_storage_to_file.cpp:46] block store in file successfully, epoch=3842
2026-09-16T10:19:44.599053852Z I20260916 10:19:44.598979   143 consensus_control_block.h:289] consensus of epoch=3843 has reach, all vote yes.
2026-09-16T10:19:44.604093207Z I20260916 10:19:44.604027   151 epoch_txn_queue_manager.h:17] All threads reached barrier, epoch: 3844, count: 4
2026-09-16T10:19:44.613382528Z I20260916 10:19:44.613282   147 transaction_manager_impl.cpp:120] Total, abort: 6 commit: 906
2026-09-16T10:19:44.613395989Z I20260916 10:19:44.613304   147 transaction_manager_impl.cpp:62] Finish with epoch id=3843
2026-09-16T10:19:44.623068740Z I20260916 10:19:44.622962    44 block_storage_to_file.cpp:46] block store in file successfully, epoch=3843
2026-09-16T10:19:44.699266032Z I20260916 10:19:44.699187   143 consensus_control_block.h:289] consensus of epoch=3844 has reach, all vote yes.
2026-09-16T10:19:44.704931927Z I20260916 10:19:44.704813   150 epoch_txn_queue_manager.h:17] All threads reached barrier, epoch: 3845, count: 4
2026-09-16T10:19:44.717994896Z I20260916 10:19:44.717876   147 transaction_manager_impl.cpp:120] Total, abort: 8 commit: 902
2026-09-16T10:19:44.718009139Z I20260916 10:19:44.717892   147 transaction_manager_impl.cpp:62] Finish with epoch id=3844
2026-09-16T10:19:44.727491330Z I20260916 10:19:44.727419    44 block_storage_to_file.cpp:46] block store in file successfully, epoch=3844
2026-09-16T10:19:44.799519465Z I20260916 10:19:44.799443   143 consensus_control_block.h:289] consensus of epoch=3845 has reach, all vote yes.
2026-09-16T10:19:44.805751148Z I20260916 10:19:44.805619   150 epoch_txn_queue_manager.h:17] All threads reached barrier, epoch: 3846, count: 4
2026-09-16T10:19:44.816118073Z I20260916 10:19:44.815984   147 transaction_manager_impl.cpp:120] Total, abort: 7 commit: 903
2026-09-16T10:19:44.816146064Z I20260916 10:19:44.816025   147 transaction_manager_impl.cpp:62] Finish with epoch id=3845
2026-09-16T10:19:44.824709518Z I20260916 10:19:44.824627    44 block_storage_to_file.cpp:46] block store in file successfully, epoch=3845
2026-09-16T10:19:44.899683934Z I20260916 10:19:44.899574   143 consensus_control_block.h:289] consensus of epoch=3846 has reach, all vote yes.
2026-09-16T10:19:44.906212360Z I20260916 10:19:44.906109   150 epoch_txn_queue_manager.h:17] All threads reached barrier, epoch: 3847, count: 4
2026-09-16T10:19:44.919058113Z I20260916 10:19:44.918911   147 transaction_manager_impl.cpp:120] Total, abort: 6 commit: 904
2026-09-16T10:19:44.919078555Z I20260916 10:19:44.918929   147 transaction_manager_impl.cpp:62] Finish with epoch id=3846
2026-09-16T10:19:44.927608532Z I20260916 10:19:44.927462    44 block_storage_to_file.cpp:46] block store in file successfully, epoch=3846
2026-09-16T10:19:44.999867624Z I20260916 10:19:44.999779   143 consensus_control_block.h:289] consensus of epoch=3847 has reach, all vote yes.
2026-09-16T10:19:45.006957682Z I20260916 10:19:45.006879   150 epoch_txn_queue_manager.h:17] All threads reached barrier, epoch: 3848, count: 4
2026-09-16T10:19:45.016853607Z I20260916 10:19:45.016736   147 transaction_manager_impl.cpp:120] Total, abort: 7 commit: 903
2026-09-16T10:19:45.016870763Z I20260916 10:19:45.016758   147 transaction_manager_impl.cpp:62] Finish with epoch id=3847
2026-09-16T10:19:45.025440981Z I20260916 10:19:45.025301    44 block_storage_to_file.cpp:46] block store in file successfully, epoch=3847
2026-09-16T10:19:45.100104234Z I20260916 10:19:45.099987   143 consensus_control_block.h:289] consensus of epoch=3848 has reach, all vote yes.
2026-09-16T10:19:45.107666721Z I20260916 10:19:45.107597   150 epoch_txn_queue_manager.h:17] All threads reached barrier, epoch: 3849, count: 4
2026-09-16T10:19:45.120687085Z I20260916 10:19:45.120586   147 transaction_manager_impl.cpp:120] Total, abort: 6 commit: 905
2026-09-16T10:19:45.120704557Z I20260916 10:19:45.120609   147 transaction_manager_impl.cpp:62] Finish with epoch id=3848
2026-09-16T10:19:45.129555231Z I20260916 10:19:45.129468    44 block_storage_to_file.cpp:46] block store in file successfully, epoch=3848
2026-09-16T10:19:45.200405715Z I20260916 10:19:45.200294   143 consensus_control_block.h:289] consensus of epoch=3849 has reach, all vote yes.
2026-09-16T10:19:45.208452935Z I20260916 10:19:45.208333   150 epoch_txn_queue_manager.h:17] All threads reached barrier, epoch: 3850, count: 4
2026-09-16T10:19:45.219933135Z I20260916 10:19:45.219843   147 transaction_manager_impl.cpp:120] Total, abort: 5 commit: 905
2026-09-16T10:19:45.219947272Z I20260916 10:19:45.219862   147 transaction_manager_impl.cpp:62] Finish with epoch id=3849
2026-09-16T10:19:45.228198382Z I20260916 10:19:45.228104    44 block_storage_to_file.cpp:46] block store in file successfully, epoch=3849
2026-09-16T10:19:45.236734482Z [epoch] I20260916 10:19:45.236582     7 chain_client.cpp:83] Sending Request to epoch_server_group at qps=0 latency=0
2026-09-16T10:19:45.296274286Z I20260916 10:19:45.296137   143 consensus_control_block.h:289] consensus of epoch=3850 has reach, all vote yes.
2026-09-16T10:19:45.309022415Z I20260916 10:19:45.308950   150 epoch_txn_queue_manager.h:17] All threads reached barrier, epoch: 3851, count: 4
2026-09-16T10:19:45.320464073Z I20260916 10:19:45.320370   147 transaction_manager_impl.cpp:120] Total, abort: 6 commit: 906
2026-09-16T10:19:45.320476791Z I20260916 10:19:45.320384   147 transaction_manager_impl.cpp:62] Finish with epoch id=3850
2026-09-16T10:19:45.328883012Z I20260916 10:19:45.328747    44 block_storage_to_file.cpp:46] block store in file successfully, epoch=3850
2026-09-16T10:19:45.400772290Z I20260916 10:19:45.400673   143 consensus_control_block.h:289] consensus of epoch=3851 has reach, all vote yes.
2026-09-16T10:19:45.409838733Z I20260916 10:19:45.409801   150 epoch_txn_queue_manager.h:17] All threads reached barrier, epoch: 3852, count: 4
2026-09-16T10:19:45.419416715Z I20260916 10:19:45.419328   147 transaction_manager_impl.cpp:120] Total, abort: 7 commit: 902
2026-09-16T10:19:45.419430792Z I20260916 10:19:45.419346   147 transaction_manager_impl.cpp:62] Finish with epoch id=3851
2026-09-16T10:19:45.428128576Z I20260916 10:19:45.427997    44 block_storage_to_file.cpp:46] block store in file successfully, epoch=3851
2026-09-16T10:19:45.500971793Z I20260916 10:19:45.500888   143 consensus_control_block.h:289] consensus of epoch=3852 has reach, all vote yes.
2026-09-16T10:19:45.510553711Z I20260916 10:19:45.510469   150 epoch_txn_queue_manager.h:17] All threads reached barrier, epoch: 3853, count: 4
2026-09-16T10:19:45.520127078Z I20260916 10:19:45.520007   147 transaction_manager_impl.cpp:120] Total, abort: 5 commit: 902
2026-09-16T10:19:45.520139583Z I20260916 10:19:45.520022   147 transaction_manager_impl.cpp:62] Finish with epoch id=3852
2026-09-16T10:19:45.528876042Z I20260916 10:19:45.528776    44 block_storage_to_file.cpp:46] block store in file successfully, epoch=3852
2026-09-16T10:19:45.601255927Z I20260916 10:19:45.601145   143 consensus_control_block.h:289] consensus of epoch=3853 has reach, all vote yes.
2026-09-16T10:19:45.610841738Z I20260916 10:19:45.610749   151 epoch_txn_queue_manager.h:17] All threads reached barrier, epoch: 3854, count: 4
2026-09-16T10:19:45.621898049Z I20260916 10:19:45.621785   147 transaction_manager_impl.cpp:120] Total, abort: 6 commit: 908
2026-09-16T10:19:45.621912136Z I20260916 10:19:45.621805   147 transaction_manager_impl.cpp:62] Finish with epoch id=3853
2026-09-16T10:19:45.630286688Z I20260916 10:19:45.630194    44 block_storage_to_file.cpp:46] block store in file successfully, epoch=3853
2026-09-16T10:19:45.701637108Z I20260916 10:19:45.701532   143 consensus_control_block.h:289] consensus of epoch=3854 has reach, all vote yes.
2026-09-16T10:19:45.813726847Z I20260916 10:19:45.813303   150 epoch_txn_queue_manager.h:17] All threads reached barrier, epoch: 3855, count: 4
2026-09-16T10:19:45.828086082Z I20260916 10:19:45.828001   147 transaction_manager_impl.cpp:120] Total, abort: 7 commit: 880
2026-09-16T10:19:45.828098090Z I20260916 10:19:45.828020   147 transaction_manager_impl.cpp:62] Finish with epoch id=3854
2026-09-16T10:19:45.835727894Z I20260916 10:19:45.835621    44 block_storage_to_file.cpp:46] block store in file successfully, epoch=3854
2026-09-16T10:19:45.902439174Z I20260916 10:19:45.902367   143 consensus_control_block.h:289] consensus of epoch=3855 has reach, all vote yes.
2026-09-16T10:19:46.013945890Z I20260916 10:19:46.013854   151 epoch_txn_queue_manager.h:17] All threads reached barrier, epoch: 3856, count: 4
2026-09-16T10:19:46.020743111Z I20260916 10:19:46.020375   147 transaction_manager_impl.cpp:120] Total, abort: 8 commit: 359
2026-09-16T10:19:46.020770689Z I20260916 10:19:46.020397   147 transaction_manager_impl.cpp:62] Finish with epoch id=3855
2026-09-16T10:19:46.024330725Z I20260916 10:19:46.024266    44 block_storage_to_file.cpp:46] block store in file successfully, epoch=3855
2026-09-16T10:19:46.102855998Z I20260916 10:19:46.102782   143 consensus_control_block.h:289] consensus of epoch=3856 has reach, all vote yes.
2026-09-16T10:19:46.215053349Z I20260916 10:19:46.214951   152 epoch_txn_queue_manager.h:17] All threads reached barrier, epoch: 3857, count: 4
2026-09-16T10:19:46.215526057Z I20260916 10:19:46.215438   147 transaction_manager_impl.cpp:120] Total, abort: 8 commit: 0
2026-09-16T10:19:46.215533469Z I20260916 10:19:46.215452   147 transaction_manager_impl.cpp:62] Finish with epoch id=3856
2026-09-16T10:19:46.216124050Z I20260916 10:19:46.216038    44 block_storage_to_file.cpp:46] block store in file successfully, epoch=3856
2026-09-16T10:19:46.236941415Z [epoch] I20260916 10:19:46.236655     7 chain_client.cpp:83] Sending Request to epoch_server_group at qps=0 latency=0
2026-09-16T10:19:46.296090922Z I20260916 10:19:46.295928   143 consensus_control_block.h:289] consensus of epoch=3857 has reach, all vote yes.
2026-09-16T10:19:46.413994724Z I20260916 10:19:46.413854   149 epoch_txn_queue_manager.h:17] All threads reached barrier, epoch: 3858, count: 4
2026-09-16T10:19:46.414254258Z I20260916 10:19:46.414170   147 transaction_manager_impl.cpp:120] Total, abort: 8 commit: 0
2026-09-16T10:19:46.414259518Z I20260916 10:19:46.414184   147 transaction_manager_impl.cpp:62] Finish with epoch id=3857
2026-09-16T10:19:46.414844733Z I20260916 10:19:46.414752    44 block_storage_to_file.cpp:46] block store in file successfully, epoch=3857
2026-09-16T10:19:46.504115414Z I20260916 10:19:46.504026   143 consensus_control_block.h:289] consensus of epoch=3858 has reach, all vote yes.
2026-09-16T10:19:46.611487615Z I20260916 10:19:46.611380   150 epoch_txn_queue_manager.h:17] All threads reached barrier, epoch: 3859, count: 4
2026-09-16T10:19:46.612200370Z I20260916 10:19:46.612062   147 transaction_manager_impl.cpp:120] Total, abort: 8 commit: 0
2026-09-16T10:19:46.612217295Z I20260916 10:19:46.612073   147 transaction_manager_impl.cpp:62] Finish with epoch id=3858
2026-09-16T10:19:46.612695548Z I20260916 10:19:46.612416    44 block_storage_to_file.cpp:46] block store in file successfully, epoch=3858
2026-09-16T10:19:46.704989134Z I20260916 10:19:46.704895   143 consensus_control_block.h:289] consensus of epoch=3859 has reach, all vote yes.
2026-09-16T10:19:46.809443354Z I20260916 10:19:46.809367   151 epoch_txn_queue_manager.h:17] All threads reached barrier, epoch: 3860, count: 4
2026-09-16T10:19:46.809976724Z I20260916 10:19:46.809912   147 transaction_manager_impl.cpp:120] Total, abort: 8 commit: 0
2026-09-16T10:19:46.809984998Z I20260916 10:19:46.809937   147 transaction_manager_impl.cpp:62] Finish with epoch id=3859
2026-09-16T10:19:46.810472828Z I20260916 10:19:46.810357    44 block_storage_to_file.cpp:46] block store in file successfully, epoch=3859
2026-09-16T10:19:46.905567103Z I20260916 10:19:46.905491   143 consensus_control_block.h:289] consensus of epoch=3860 has reach, all vote yes.
2026-09-16T10:19:46.913692573Z I20260916 10:19:46.913535   150 epoch_txn_queue_manager.h:17] All threads reached barrier, epoch: 3861, count: 4
2026-09-16T10:19:46.913843059Z I20260916 10:19:46.913740   147 transaction_manager_impl.cpp:120] Total, abort: 7 commit: 0
2026-09-16T10:19:46.913847232Z I20260916 10:19:46.913749   147 transaction_manager_impl.cpp:62] Finish with epoch id=3860
2026-09-16T10:19:46.914287100Z I20260916 10:19:46.914152    44 block_storage_to_file.cpp:46] block store in file successfully, epoch=3860
2026-09-16T10:19:47.005809953Z I20260916 10:19:47.005734   143 consensus_control_block.h:289] consensus of epoch=3861 has reach, all vote yes.
2026-09-16T10:19:47.108587300Z I20260916 10:19:47.108496   149 epoch_txn_queue_manager.h:17] All threads reached barrier, epoch: 3862, count: 4
2026-09-16T10:19:47.108901023Z I20260916 10:19:47.108788   147 transaction_manager_impl.cpp:120] Total, abort: 5 commit: 0
2026-09-16T10:19:47.108904779Z I20260916 10:19:47.108810   147 transaction_manager_impl.cpp:62] Finish with epoch id=3861
2026-09-16T10:19:47.109301862Z I20260916 10:19:47.109246    44 block_storage_to_file.cpp:46] block store in file successfully, epoch=3861
2026-09-16T10:19:47.130025062Z I20260916 10:19:47.129874   143 consensus_control_block.h:289] consensus of epoch=3862 has reach, all vote yes.
2026-09-16T10:19:47.236862534Z [epoch] I20260916 10:19:47.236701     7 chain_client.cpp:83] Sending Request to epoch_server_group at qps=0 latency=0
2026-09-16T10:19:48.236976364Z [epoch] I20260916 10:19:48.236806     7 chain_client.cpp:83] Sending Request to epoch_server_group at qps=0 latency=0
2026-09-16T10:19:49.237130584Z [epoch] I20260916 10:19:49.236905     7 chain_client.cpp:83] Sending Request to epoch_server_group at qps=0 latency=0
