[run-all 14:44:48] campaign dir: /home/chad/Projects/bench/results/_campaigns/20260916T091448Z-local-32gb
==================== preflight (local-32gb) ====================
== tooling ==
  ok    go       go version go1.26.5 linux/amd64
  ok    docker   Docker version 29.7.2, build a7dcaa6
  ok    git      git version 2.34.1
  ok    curl     curl 7.81.0 (x86_64-pc-linux-gnu) libcurl/7.81.0 OpenSSL/3.0.2 zlib/1.2.11 brotli/1.0.9 zstd/1.4.8 libidn2/2.3.2 libpsl/0.21.0 (+libidn2/2.3.2) libssh/0.9.6/openssl/zlib nghttp2/1.43.0 librtmp/2.3 OpenLDAP/2.5.18
  ok    jq       jq-1.7.1
  ok    python3  Python 3.10.12
  ok    go 1.26.5 satisfies go.mod (1.26.5)
  ok    docker compose plugin
  ok    docker daemon reachable
  ok    python3 yaml
  ok    python3 matplotlib
[1;33m  WARN  no passwordless sudo - run-all.sh will prompt, or skip the page-cache drop[0m

== host vs profile 'local-32gb' ==
  host:    22 cores, 23.5 GB RAM (15.8 GB available), 860 GB disk free
  profile: 18 cores + 2 loadgen + 1 monitoring = 21.0 cores
           20 GB platform + 2 GB loadgen + 1 GB monitoring = 23.0 GB
  ok    cores sufficient
  ok    total RAM sufficient
[1;33m  WARN  only 15.8 GB available of the 23.0 GB needed - close other applications before running[0m
  ok    not swapping
  ok    disk headroom

[1;33mRUNNABLE, but 2 warning(s) - numbers may not be trustworthy[0m
[run-all 14:44:49] WARN: preflight warnings above - numbers from this host may not be trustworthy
==================== fabric-cft : configs/native/fabric-cft.yaml ====================
-- isolation: prune stopped containers + drop page cache
   (page cache not dropped: needs passwordless sudo)
-- deploy fabric-cft
[deploy 14:44:56] fabric images pinned to 2.5.16 (ca 1.5.22); peer and orderer verified
[deploy 14:44:57] pinning orderer batch in configtx.yaml: timeout=500ms maxMsgCount=500 preferred=4 MB absolute=10 MB
[0;34mUsing docker and docker-compose[0m
[0;34mStopping network[0m
Error response from daemon: get docker_orderer.example.com: no such volume
Error response from daemon: get docker_peer0.org1.example.com: no such volume
Error response from daemon: get docker_peer0.org2.example.com: no such volume
[0;34mRemoving remaining containers[0m
[0;34mRemoving generated chaincode docker images[0m
[deploy 14:45:02] WARN: could not drop page cache (needs root); continuing
[0;34mUsing docker and docker-compose[0m
[0;34mCreating channel 'mychannel'.[0m
[0;34mIf network is not up, starting nodes with CLI timeout of '5' tries and CLI delay of '3' seconds and using database 'leveldb with crypto from 'cryptogen'[0m
[0;34mBringing up network[0m
[0;34mLOCAL_VERSION=v2.5.16[0m
[0;34mDOCKER_IMAGE_VERSION=v2.5.16[0m
/home/chad/Projects/bench/deploy/docker/.cache/fabric-samples/test-network/../bin/cryptogen
[0;34mGenerating certificates using cryptogen tool[0m
[0;34mCreating Org1 Identities[0m
+ cryptogen generate --config=./organizations/cryptogen/crypto-config-org1.yaml --output=organizations
org1.example.com
+ res=0
[0;34mCreating Org2 Identities[0m
+ cryptogen generate --config=./organizations/cryptogen/crypto-config-org2.yaml --output=organizations
org2.example.com
+ res=0
[0;34mCreating Orderer Org Identities[0m
+ cryptogen generate --config=./organizations/cryptogen/crypto-config-orderer.yaml --output=organizations
+ res=0
[0;34mGenerating CCP files for Org1 and Org2[0m
 Network fabric_test Creating 
 Volume compose_peer0.org2.example.com Creating 
 Volume compose_peer0.org2.example.com Creating 
 Network fabric_test Creating 
 Volume compose_orderer.example.com Creating 
 Volume compose_orderer.example.com Creating 
 Volume compose_peer0.org1.example.com Creating 
 Volume compose_peer0.org1.example.com Creating 
 Volume compose_orderer.example.com Created 
 Volume compose_orderer.example.com Created 
 Volume compose_peer0.org1.example.com Created 
 Volume compose_peer0.org1.example.com Created 
 Network fabric_test Created 
 Network fabric_test Created 
 Container peer0.org1.example.com Creating 
 Container orderer.example.com Creating 
 Volume compose_peer0.org2.example.com Created 
 Volume compose_peer0.org2.example.com Created 
 Container peer0.org2.example.com Creating 
 Container peer0.org1.example.com Created 
 Container peer0.org2.example.com Created 
 Container orderer.example.com Created 
 Container peer0.org1.example.com Starting 
 Container peer0.org2.example.com Starting 
 Container orderer.example.com Starting 
 Container orderer.example.com Started 
 Container peer0.org1.example.com Started 
 Container peer0.org2.example.com Started 
CONTAINER ID   IMAGE                               COMMAND                  CREATED          STATUS                          PORTS                                                                                                                                   NAMES
9ad4bf12fcdb   hyperledger/fabric-peer:latest      "peer node start"        1 second ago     Up Less than a second           0.0.0.0:9051->9051/tcp, [::]:9051->9051/tcp, 7051/tcp, 0.0.0.0:9445->9445/tcp, [::]:9445->9445/tcp                                      peer0.org2.example.com
211b19ee422b   hyperledger/fabric-orderer:latest   "orderer"                1 second ago     Up Less than a second           0.0.0.0:7050->7050/tcp, [::]:7050->7050/tcp, 0.0.0.0:7053->7053/tcp, [::]:7053->7053/tcp, 0.0.0.0:9443->9443/tcp, [::]:9443->9443/tcp   orderer.example.com
84de1268b035   hyperledger/fabric-peer:latest      "peer node start"        1 second ago     Up Less than a second           0.0.0.0:7051->7051/tcp, [::]:7051->7051/tcp, 0.0.0.0:9444->9444/tcp, [::]:9444->9444/tcp                                                peer0.org1.example.com
ebca6f2a95cc   grafana/grafana:11.4.0              "/run.sh"                47 minutes ago   Up 47 minutes                   0.0.0.0:3000->3000/tcp, [::]:3000->3000/tcp                                                                                             bench-monitoring-grafana-1
1d3b05a42ab0   prom/prometheus:v3.1.0              "/bin/prometheus --c…"   47 minutes ago   Up 47 minutes                   0.0.0.0:9090->9090/tcp, [::]:9090->9090/tcp                                                                                             bench-monitoring-prometheus-1
09c75970ed81   ghcr.io/google/cadvisor:0.57.0      "/usr/bin/entrypoint…"   47 minutes ago   Up 47 minutes (healthy)         0.0.0.0:8080->8080/tcp, [::]:8080->8080/tcp                                                                                             bench-monitoring-cadvisor-1
00ac483ebe75   prom/node-exporter:v1.9.0           "/bin/node_exporter …"   47 minutes ago   Up 47 minutes                   0.0.0.0:9100->9100/tcp, [::]:9100->9100/tcp                                                                                             bench-monitoring-node_exporter-1
69c047fe19cc   weaverai/nucleus-k8-dashboard       "/headlamp/headlamp-…"   5 weeks ago      Up 22 hours                     0.0.0.0:4466->4466/tcp, [::]:4466->4466/tcp                                                                                             nucleus-headlamp-1
b40f395fe4bc   kindest/node:v1.36.1                "/usr/local/bin/entr…"   6 weeks ago      Up 22 hours                     127.0.0.1:40143->6443/tcp                                                                                                               feast-control-plane
6c0089a7879b   kindest/node:v1.36.1                "/usr/local/bin/entr…"   6 weeks ago      Up 22 hours                                                                                                                                                             feast-worker
902f5fc63b1e   kindest/node:v1.36.1                "/usr/local/bin/entr…"   6 weeks ago      Up 22 hours                                                                                                                                                             feast-worker2
d64d947f6529   cassandra:5.0                       "docker-entrypoint.s…"   7 weeks ago      Restarting (3) 28 seconds ago                                                                                                                                           untitled-cassandra
[0;34mUsing docker and docker-compose[0m
[0;34mGenerating channel genesis block 'mychannel.block'[0m
[0;34mUsing organization 1[0m
/home/chad/Projects/bench/deploy/docker/.cache/fabric-samples/test-network/../bin/configtxgen
+ '[' 0 -eq 1 ']'
+ configtxgen -profile ChannelUsingRaft -outputBlock ./channel-artifacts/mychannel.block -channelID mychannel
[34m2026-09-16 14:45:04.101 IST 0001 INFO[0m [common.tools.configtxgen] [34;1mmain[0m -> Loading configuration
[34m2026-09-16 14:45:04.102 IST 0002 INFO[0m [common.tools.configtxgen.localconfig] [34;1mcompleteInitialization[0m -> orderer type: etcdraft
[34m2026-09-16 14:45:04.102 IST 0003 INFO[0m [common.tools.configtxgen.localconfig] [34;1mcompleteInitialization[0m -> Orderer.EtcdRaft.Options unset, setting to tick_interval:"500ms" election_tick:10 heartbeat_tick:1 max_inflight_blocks:5 snapshot_interval_size:16777216 
[34m2026-09-16 14:45:04.102 IST 0004 INFO[0m [common.tools.configtxgen.localconfig] [34;1mLoad[0m -> Loaded configuration: /home/chad/Projects/bench/deploy/docker/.cache/fabric-samples/test-network/configtx/configtx.yaml
[34m2026-09-16 14:45:04.103 IST 0005 INFO[0m [common.tools.configtxgen] [34;1mdoOutputBlock[0m -> Generating genesis block
[34m2026-09-16 14:45:04.103 IST 0006 INFO[0m [common.tools.configtxgen] [34;1mdoOutputBlock[0m -> Creating application channel genesis block
[34m2026-09-16 14:45:04.104 IST 0007 INFO[0m [common.tools.configtxgen] [34;1mdoOutputBlock[0m -> Writing genesis block
+ res=0
[0;34mCreating channel mychannel[0m
[0;34mAdding orderers[0m
+ . scripts/orderer.sh mychannel
+ '[' 0 -eq 1 ']'
+ res=0
Status: 201
{
	"name": "mychannel",
	"url": "/participation/v1/channels/mychannel",
	"consensusRelation": "consenter",
	"status": "active",
	"height": 1
}

[0;32mChannel 'mychannel' created[0m
[0;34mJoining org1 peer to the channel...[0m
[0;34mUsing organization 1[0m
+ peer channel join -b ./channel-artifacts/mychannel.block
+ res=0
[34m2026-09-16 14:45:10.173 IST 0001 INFO[0m [channelCmd] [34;1mInitCmdFactory[0m -> Endorser and orderer connections initialized
[34m2026-09-16 14:45:10.192 IST 0002 INFO[0m [channelCmd] [34;1mexecuteJoin[0m -> Successfully submitted proposal to join channel
[0;34mJoining org2 peer to the channel...[0m
[0;34mUsing organization 2[0m
+ peer channel join -b ./channel-artifacts/mychannel.block
+ res=0
[34m2026-09-16 14:45:13.223 IST 0001 INFO[0m [channelCmd] [34;1mInitCmdFactory[0m -> Endorser and orderer connections initialized
[34m2026-09-16 14:45:13.245 IST 0002 INFO[0m [channelCmd] [34;1mexecuteJoin[0m -> Successfully submitted proposal to join channel
[0;34mSetting anchor peer for org1...[0m
[0;34mUsing organization 1[0m
[0;34mFetching channel config for channel mychannel[0m
[0;34mUsing organization 1[0m
[0;34mFetching the most recent configuration block for the channel[0m
++ peer channel fetch config /home/chad/Projects/bench/deploy/docker/.cache/fabric-samples/test-network/channel-artifacts/config_block.pb -o localhost:7050 --ordererTLSHostnameOverride orderer.example.com -c mychannel --tls --cafile /home/chad/Projects/bench/deploy/docker/.cache/fabric-samples/test-network/organizations/ordererOrganizations/example.com/tlsca/tlsca.example.com-cert.pem
[34m2026-09-16 14:45:13.273 IST 0001 INFO[0m [channelCmd] [34;1mInitCmdFactory[0m -> Endorser and orderer connections initialized
[34m2026-09-16 14:45:13.275 IST 0002 INFO[0m [cli.common] [34;1mreadBlock[0m -> Received block: 0
[34m2026-09-16 14:45:13.275 IST 0003 INFO[0m [channelCmd] [34;1mfetch[0m -> Retrieving last config block: 0
[34m2026-09-16 14:45:13.276 IST 0004 INFO[0m [cli.common] [34;1mreadBlock[0m -> Received block: 0
[0;34mDecoding config block to JSON and isolating config to /home/chad/Projects/bench/deploy/docker/.cache/fabric-samples/test-network/channel-artifacts/Org1MSPconfig.json[0m
++ configtxlator proto_decode --input /home/chad/Projects/bench/deploy/docker/.cache/fabric-samples/test-network/channel-artifacts/config_block.pb --type common.Block --output /home/chad/Projects/bench/deploy/docker/.cache/fabric-samples/test-network/channel-artifacts/config_block.json
++ jq '.data.data[0].payload.data.config' /home/chad/Projects/bench/deploy/docker/.cache/fabric-samples/test-network/channel-artifacts/config_block.json
++ res=0
[0;34mGenerating anchor peer update transaction for Org1 on channel mychannel[0m
++ jq '.channel_group.groups.Application.groups.Org1MSP.values += {"AnchorPeers":{"mod_policy": "Admins","value":{"anchor_peers": [{"host": "peer0.org1.example.com","port": 7051}]},"version": "0"}}' /home/chad/Projects/bench/deploy/docker/.cache/fabric-samples/test-network/channel-artifacts/Org1MSPconfig.json
++ res=0
++ configtxlator proto_encode --input /home/chad/Projects/bench/deploy/docker/.cache/fabric-samples/test-network/channel-artifacts/Org1MSPconfig.json --type common.Config --output /home/chad/Projects/bench/deploy/docker/.cache/fabric-samples/test-network/channel-artifacts/original_config.pb
++ configtxlator proto_encode --input /home/chad/Projects/bench/deploy/docker/.cache/fabric-samples/test-network/channel-artifacts/Org1MSPmodified_config.json --type common.Config --output /home/chad/Projects/bench/deploy/docker/.cache/fabric-samples/test-network/channel-artifacts/modified_config.pb
++ configtxlator compute_update --channel_id mychannel --original /home/chad/Projects/bench/deploy/docker/.cache/fabric-samples/test-network/channel-artifacts/original_config.pb --updated /home/chad/Projects/bench/deploy/docker/.cache/fabric-samples/test-network/channel-artifacts/modified_config.pb --output /home/chad/Projects/bench/deploy/docker/.cache/fabric-samples/test-network/channel-artifacts/config_update.pb
++ configtxlator proto_decode --input /home/chad/Projects/bench/deploy/docker/.cache/fabric-samples/test-network/channel-artifacts/config_update.pb --type common.ConfigUpdate --output /home/chad/Projects/bench/deploy/docker/.cache/fabric-samples/test-network/channel-artifacts/config_update.json
++ jq .
+++ cat /home/chad/Projects/bench/deploy/docker/.cache/fabric-samples/test-network/channel-artifacts/config_update.json
++ echo '{"payload":{"header":{"channel_header":{"channel_id":"mychannel", "type":2}},"data":{"config_update":{' '"channel_id":' '"mychannel",' '"isolated_data":' '{},' '"read_set":' '{' '"groups":' '{' '"Application":' '{' '"groups":' '{' '"Org1MSP":' '{' '"groups":' '{},' '"mod_policy":' '"",' '"policies":' '{' '"Admins":' '{' '"mod_policy":' '"",' '"policy":' null, '"version":' '"0"' '},' '"Endorsement":' '{' '"mod_policy":' '"",' '"policy":' null, '"version":' '"0"' '},' '"Readers":' '{' '"mod_policy":' '"",' '"policy":' null, '"version":' '"0"' '},' '"Writers":' '{' '"mod_policy":' '"",' '"policy":' null, '"version":' '"0"' '}' '},' '"values":' '{' '"MSP":' '{' '"mod_policy":' '"",' '"value":' null, '"version":' '"0"' '}' '},' '"version":' '"0"' '}' '},' '"mod_policy":' '"",' '"policies":' '{},' '"values":' '{},' '"version":' '"0"' '}' '},' '"mod_policy":' '"",' '"policies":' '{},' '"values":' '{},' '"version":' '"0"' '},' '"write_set":' '{' '"groups":' '{' '"Application":' '{' '"groups":' '{' '"Org1MSP":' '{' '"groups":' '{},' '"mod_policy":' '"Admins",' '"policies":' '{' '"Admins":' '{' '"mod_policy":' '"",' '"policy":' null, '"version":' '"0"' '},' '"Endorsement":' '{' '"mod_policy":' '"",' '"policy":' null, '"version":' '"0"' '},' '"Readers":' '{' '"mod_policy":' '"",' '"policy":' null, '"version":' '"0"' '},' '"Writers":' '{' '"mod_policy":' '"",' '"policy":' null, '"version":' '"0"' '}' '},' '"values":' '{' '"AnchorPeers":' '{' '"mod_policy":' '"Admins",' '"value":' '{' '"anchor_peers":' '[' '{' '"host":' '"peer0.org1.example.com",' '"port":' 7051 '}' ']' '},' '"version":' '"0"' '},' '"MSP":' '{' '"mod_policy":' '"",' '"value":' null, '"version":' '"0"' '}' '},' '"version":' '"1"' '}' '},' '"mod_policy":' '"",' '"policies":' '{},' '"values":' '{},' '"version":' '"0"' '}' '},' '"mod_policy":' '"",' '"policies":' '{},' '"values":' '{},' '"version":' '"0"' '}' '}}}}'
++ configtxlator proto_encode --input /home/chad/Projects/bench/deploy/docker/.cache/fabric-samples/test-network/channel-artifacts/config_update_in_envelope.json --type common.Envelope --output /home/chad/Projects/bench/deploy/docker/.cache/fabric-samples/test-network/channel-artifacts/Org1MSPanchors.tx
[34m2026-09-16 14:45:13.356 IST 0001 INFO[0m [channelCmd] [34;1mInitCmdFactory[0m -> Endorser and orderer connections initialized
[34m2026-09-16 14:45:13.362 IST 0002 INFO[0m [channelCmd] [34;1mupdate[0m -> Successfully submitted channel update
[0;32mAnchor peer set for org 'Org1MSP' on channel 'mychannel'[0m
[0;34mSetting anchor peer for org2...[0m
[0;34mUsing organization 2[0m
[0;34mFetching channel config for channel mychannel[0m
[0;34mUsing organization 2[0m
[0;34mFetching the most recent configuration block for the channel[0m
++ peer channel fetch config /home/chad/Projects/bench/deploy/docker/.cache/fabric-samples/test-network/channel-artifacts/config_block.pb -o localhost:7050 --ordererTLSHostnameOverride orderer.example.com -c mychannel --tls --cafile /home/chad/Projects/bench/deploy/docker/.cache/fabric-samples/test-network/organizations/ordererOrganizations/example.com/tlsca/tlsca.example.com-cert.pem
[34m2026-09-16 14:45:13.391 IST 0001 INFO[0m [channelCmd] [34;1mInitCmdFactory[0m -> Endorser and orderer connections initialized
[34m2026-09-16 14:45:13.392 IST 0002 INFO[0m [cli.common] [34;1mreadBlock[0m -> Received block: 1
[34m2026-09-16 14:45:13.392 IST 0003 INFO[0m [channelCmd] [34;1mfetch[0m -> Retrieving last config block: 1
[34m2026-09-16 14:45:13.393 IST 0004 INFO[0m [cli.common] [34;1mreadBlock[0m -> Received block: 1
[0;34mDecoding config block to JSON and isolating config to /home/chad/Projects/bench/deploy/docker/.cache/fabric-samples/test-network/channel-artifacts/Org2MSPconfig.json[0m
++ configtxlator proto_decode --input /home/chad/Projects/bench/deploy/docker/.cache/fabric-samples/test-network/channel-artifacts/config_block.pb --type common.Block --output /home/chad/Projects/bench/deploy/docker/.cache/fabric-samples/test-network/channel-artifacts/config_block.json
++ jq '.data.data[0].payload.data.config' /home/chad/Projects/bench/deploy/docker/.cache/fabric-samples/test-network/channel-artifacts/config_block.json
++ res=0
[0;34mGenerating anchor peer update transaction for Org2 on channel mychannel[0m
++ jq '.channel_group.groups.Application.groups.Org2MSP.values += {"AnchorPeers":{"mod_policy": "Admins","value":{"anchor_peers": [{"host": "peer0.org2.example.com","port": 9051}]},"version": "0"}}' /home/chad/Projects/bench/deploy/docker/.cache/fabric-samples/test-network/channel-artifacts/Org2MSPconfig.json
++ res=0
++ configtxlator proto_encode --input /home/chad/Projects/bench/deploy/docker/.cache/fabric-samples/test-network/channel-artifacts/Org2MSPconfig.json --type common.Config --output /home/chad/Projects/bench/deploy/docker/.cache/fabric-samples/test-network/channel-artifacts/original_config.pb
++ configtxlator proto_encode --input /home/chad/Projects/bench/deploy/docker/.cache/fabric-samples/test-network/channel-artifacts/Org2MSPmodified_config.json --type common.Config --output /home/chad/Projects/bench/deploy/docker/.cache/fabric-samples/test-network/channel-artifacts/modified_config.pb
++ configtxlator compute_update --channel_id mychannel --original /home/chad/Projects/bench/deploy/docker/.cache/fabric-samples/test-network/channel-artifacts/original_config.pb --updated /home/chad/Projects/bench/deploy/docker/.cache/fabric-samples/test-network/channel-artifacts/modified_config.pb --output /home/chad/Projects/bench/deploy/docker/.cache/fabric-samples/test-network/channel-artifacts/config_update.pb
++ configtxlator proto_decode --input /home/chad/Projects/bench/deploy/docker/.cache/fabric-samples/test-network/channel-artifacts/config_update.pb --type common.ConfigUpdate --output /home/chad/Projects/bench/deploy/docker/.cache/fabric-samples/test-network/channel-artifacts/config_update.json
++ jq .
+++ cat /home/chad/Projects/bench/deploy/docker/.cache/fabric-samples/test-network/channel-artifacts/config_update.json
++ echo '{"payload":{"header":{"channel_header":{"channel_id":"mychannel", "type":2}},"data":{"config_update":{' '"channel_id":' '"mychannel",' '"isolated_data":' '{},' '"read_set":' '{' '"groups":' '{' '"Application":' '{' '"groups":' '{' '"Org2MSP":' '{' '"groups":' '{},' '"mod_policy":' '"",' '"policies":' '{' '"Admins":' '{' '"mod_policy":' '"",' '"policy":' null, '"version":' '"0"' '},' '"Endorsement":' '{' '"mod_policy":' '"",' '"policy":' null, '"version":' '"0"' '},' '"Readers":' '{' '"mod_policy":' '"",' '"policy":' null, '"version":' '"0"' '},' '"Writers":' '{' '"mod_policy":' '"",' '"policy":' null, '"version":' '"0"' '}' '},' '"values":' '{' '"MSP":' '{' '"mod_policy":' '"",' '"value":' null, '"version":' '"0"' '}' '},' '"version":' '"0"' '}' '},' '"mod_policy":' '"",' '"policies":' '{},' '"values":' '{},' '"version":' '"0"' '}' '},' '"mod_policy":' '"",' '"policies":' '{},' '"values":' '{},' '"version":' '"0"' '},' '"write_set":' '{' '"groups":' '{' '"Application":' '{' '"groups":' '{' '"Org2MSP":' '{' '"groups":' '{},' '"mod_policy":' '"Admins",' '"policies":' '{' '"Admins":' '{' '"mod_policy":' '"",' '"policy":' null, '"version":' '"0"' '},' '"Endorsement":' '{' '"mod_policy":' '"",' '"policy":' null, '"version":' '"0"' '},' '"Readers":' '{' '"mod_policy":' '"",' '"policy":' null, '"version":' '"0"' '},' '"Writers":' '{' '"mod_policy":' '"",' '"policy":' null, '"version":' '"0"' '}' '},' '"values":' '{' '"AnchorPeers":' '{' '"mod_policy":' '"Admins",' '"value":' '{' '"anchor_peers":' '[' '{' '"host":' '"peer0.org2.example.com",' '"port":' 9051 '}' ']' '},' '"version":' '"0"' '},' '"MSP":' '{' '"mod_policy":' '"",' '"value":' null, '"version":' '"0"' '}' '},' '"version":' '"1"' '}' '},' '"mod_policy":' '"",' '"policies":' '{},' '"values":' '{},' '"version":' '"0"' '}' '},' '"mod_policy":' '"",' '"policies":' '{},' '"values":' '{},' '"version":' '"0"' '}' '}}}}'
++ configtxlator proto_encode --input /home/chad/Projects/bench/deploy/docker/.cache/fabric-samples/test-network/channel-artifacts/config_update_in_envelope.json --type common.Envelope --output /home/chad/Projects/bench/deploy/docker/.cache/fabric-samples/test-network/channel-artifacts/Org2MSPanchors.tx
[34m2026-09-16 14:45:13.475 IST 0001 INFO[0m [channelCmd] [34;1mInitCmdFactory[0m -> Endorser and orderer connections initialized
[34m2026-09-16 14:45:13.481 IST 0002 INFO[0m [channelCmd] [34;1mupdate[0m -> Successfully submitted channel update
[0;32mAnchor peer set for org 'Org2MSP' on channel 'mychannel'[0m
[0;32mChannel 'mychannel' joined[0m
[deploy 14:45:13] deploying kvstore chaincode from /home/chad/Projects/bench/chaincodes/kvstore
[0;34mUsing docker and docker-compose[0m
[0;34mdeploying chaincode on channel 'mychannel'[0m
executing with the following
- CHANNEL_NAME: [0;32mmychannel[0m
- CC_NAME: [0;32mkvstore[0m
- CC_SRC_PATH: [0;32m/home/chad/Projects/bench/chaincodes/kvstore[0m
- CC_SRC_LANGUAGE: [0;32mgo[0m
- CC_VERSION: [0;32m1.0[0m
- CC_SEQUENCE: [0;32m1[0m
- CC_END_POLICY: [0;32mNA[0m
- CC_COLL_CONFIG: [0;32mNA[0m
- CC_INIT_FCN: [0;32mNA[0m
- DELAY: [0;32m3[0m
- MAX_RETRY: [0;32m5[0m
- VERBOSE: [0;32mfalse[0m
executing with the following
- CC_NAME: [0;32mkvstore[0m
- CC_SRC_PATH: [0;32m/home/chad/Projects/bench/chaincodes/kvstore[0m
- CC_SRC_LANGUAGE: [0;32mgo[0m
- CC_VERSION: [0;32m1.0[0m
[0;34mVendoring Go dependencies at /home/chad/Projects/bench/chaincodes/kvstore[0m
/home/chad/Projects/bench/chaincodes/kvstore /home/chad/Projects/bench/deploy/docker/.cache/fabric-samples/test-network
/home/chad/Projects/bench/deploy/docker/.cache/fabric-samples/test-network
[0;32mFinished vendoring Go dependencies[0m
+ '[' false = true ']'
+ peer lifecycle chaincode package kvstore.tar.gz --path /home/chad/Projects/bench/chaincodes/kvstore --lang golang --label kvstore_1.0
+ res=0
[0;32mChaincode is packaged[0m
[0;34mInstalling chaincode on peer0.org1...[0m
[0;34mUsing organization 1[0m
+ peer lifecycle chaincode queryinstalled --output json
+ jq -r 'try (.installed_chaincodes[].package_id)'
+ grep '^kvstore_1.0:e88284a33ff8806958375f99312782794164d62aac26fe22876f2c72fb6294d9$'
+ test 1 -ne 0
+ peer lifecycle chaincode install kvstore.tar.gz
+ res=0
[34m2026-09-16 14:45:21.313 IST 0001 INFO[0m [cli.lifecycle.chaincode] [34;1msubmitInstallProposal[0m -> Installed remotely: response:<status:200 payload:"\nLkvstore_1.0:e88284a33ff8806958375f99312782794164d62aac26fe22876f2c72fb6294d9\022\013kvstore_1.0" > 
[34m2026-09-16 14:45:21.313 IST 0002 INFO[0m [cli.lifecycle.chaincode] [34;1msubmitInstallProposal[0m -> Chaincode code package identifier: kvstore_1.0:e88284a33ff8806958375f99312782794164d62aac26fe22876f2c72fb6294d9
[0;32mChaincode is installed on peer0.org1[0m
[0;34mInstall chaincode on peer0.org2...[0m
[0;34mUsing organization 2[0m
+ peer lifecycle chaincode queryinstalled --output json
+ grep '^kvstore_1.0:e88284a33ff8806958375f99312782794164d62aac26fe22876f2c72fb6294d9$'
+ jq -r 'try (.installed_chaincodes[].package_id)'
+ test 1 -ne 0
+ peer lifecycle chaincode install kvstore.tar.gz
+ res=0
[34m2026-09-16 14:45:28.135 IST 0001 INFO[0m [cli.lifecycle.chaincode] [34;1msubmitInstallProposal[0m -> Installed remotely: response:<status:200 payload:"\nLkvstore_1.0:e88284a33ff8806958375f99312782794164d62aac26fe22876f2c72fb6294d9\022\013kvstore_1.0" > 
[34m2026-09-16 14:45:28.135 IST 0002 INFO[0m [cli.lifecycle.chaincode] [34;1msubmitInstallProposal[0m -> Chaincode code package identifier: kvstore_1.0:e88284a33ff8806958375f99312782794164d62aac26fe22876f2c72fb6294d9
[0;32mChaincode is installed on peer0.org2[0m
[0;34mUsing organization 1[0m
+ peer lifecycle chaincode queryinstalled --output json
+ jq -r 'try (.installed_chaincodes[].package_id)'
+ grep '^kvstore_1.0:e88284a33ff8806958375f99312782794164d62aac26fe22876f2c72fb6294d9$'
+ res=0
kvstore_1.0:e88284a33ff8806958375f99312782794164d62aac26fe22876f2c72fb6294d9
[0;32mQuery installed successful on peer0.org1 on channel[0m
[0;34mUsing organization 1[0m
+ peer lifecycle chaincode approveformyorg -o localhost:7050 --ordererTLSHostnameOverride orderer.example.com --tls --cafile /home/chad/Projects/bench/deploy/docker/.cache/fabric-samples/test-network/organizations/ordererOrganizations/example.com/tlsca/tlsca.example.com-cert.pem --channelID mychannel --name kvstore --version 1.0 --package-id kvstore_1.0:e88284a33ff8806958375f99312782794164d62aac26fe22876f2c72fb6294d9 --sequence 1
+ res=0
[34m2026-09-16 14:45:28.718 IST 0001 INFO[0m [chaincodeCmd] [34;1mClientWait[0m -> txid [dbbe1fb5f6eacae928ba44a5cc740f2f9f33bdb27412729b2e651403972be90c] committed with status (VALID) at localhost:7051
[0;32mChaincode definition approved on peer0.org1 on channel 'mychannel'[0m
[0;34mUsing organization 1[0m
[0;34mChecking the commit readiness of the chaincode definition on peer0.org1 on channel 'mychannel'...[0m
[0;34mAttempting to check the commit readiness of the chaincode definition on peer0.org1, Retry after 3 seconds.[0m
+ peer lifecycle chaincode checkcommitreadiness --channelID mychannel --name kvstore --version 1.0 --sequence 1 --output json
+ res=0
{
	"approvals": {
		"Org1MSP": true,
		"Org2MSP": false
	}
}
[0;34mChecking the commit readiness of the chaincode definition successful on peer0.org1 on channel 'mychannel'[0m
[0;34mUsing organization 2[0m
[0;34mChecking the commit readiness of the chaincode definition on peer0.org2 on channel 'mychannel'...[0m
[0;34mAttempting to check the commit readiness of the chaincode definition on peer0.org2, Retry after 3 seconds.[0m
+ peer lifecycle chaincode checkcommitreadiness --channelID mychannel --name kvstore --version 1.0 --sequence 1 --output json
+ res=0
{
	"approvals": {
		"Org1MSP": true,
		"Org2MSP": false
	}
}
[0;34mChecking the commit readiness of the chaincode definition successful on peer0.org2 on channel 'mychannel'[0m
[0;34mUsing organization 2[0m
+ peer lifecycle chaincode approveformyorg -o localhost:7050 --ordererTLSHostnameOverride orderer.example.com --tls --cafile /home/chad/Projects/bench/deploy/docker/.cache/fabric-samples/test-network/organizations/ordererOrganizations/example.com/tlsca/tlsca.example.com-cert.pem --channelID mychannel --name kvstore --version 1.0 --package-id kvstore_1.0:e88284a33ff8806958375f99312782794164d62aac26fe22876f2c72fb6294d9 --sequence 1
+ res=0
[34m2026-09-16 14:45:35.345 IST 0001 INFO[0m [chaincodeCmd] [34;1mClientWait[0m -> txid [3409bc8d5257791785ba73b67963a37d9c794a615b007794e311e9d865fe519c] committed with status (VALID) at localhost:9051
[0;32mChaincode definition approved on peer0.org2 on channel 'mychannel'[0m
[0;34mUsing organization 1[0m
[0;34mChecking the commit readiness of the chaincode definition on peer0.org1 on channel 'mychannel'...[0m
[0;34mAttempting to check the commit readiness of the chaincode definition on peer0.org1, Retry after 3 seconds.[0m
+ peer lifecycle chaincode checkcommitreadiness --channelID mychannel --name kvstore --version 1.0 --sequence 1 --output json
+ res=0
{
	"approvals": {
		"Org1MSP": true,
		"Org2MSP": true
	}
}
[0;34mChecking the commit readiness of the chaincode definition successful on peer0.org1 on channel 'mychannel'[0m
[0;34mUsing organization 2[0m
[0;34mChecking the commit readiness of the chaincode definition on peer0.org2 on channel 'mychannel'...[0m
[0;34mAttempting to check the commit readiness of the chaincode definition on peer0.org2, Retry after 3 seconds.[0m
+ peer lifecycle chaincode checkcommitreadiness --channelID mychannel --name kvstore --version 1.0 --sequence 1 --output json
+ res=0
{
	"approvals": {
		"Org1MSP": true,
		"Org2MSP": true
	}
}
[0;34mChecking the commit readiness of the chaincode definition successful on peer0.org2 on channel 'mychannel'[0m
[0;34mUsing organization 1[0m
[0;34mUsing organization 2[0m
+ peer lifecycle chaincode commit -o localhost:7050 --ordererTLSHostnameOverride orderer.example.com --tls --cafile /home/chad/Projects/bench/deploy/docker/.cache/fabric-samples/test-network/organizations/ordererOrganizations/example.com/tlsca/tlsca.example.com-cert.pem --channelID mychannel --name kvstore --peerAddresses localhost:7051 --tlsRootCertFiles /home/chad/Projects/bench/deploy/docker/.cache/fabric-samples/test-network/organizations/peerOrganizations/org1.example.com/tlsca/tlsca.org1.example.com-cert.pem --peerAddresses localhost:9051 --tlsRootCertFiles /home/chad/Projects/bench/deploy/docker/.cache/fabric-samples/test-network/organizations/peerOrganizations/org2.example.com/tlsca/tlsca.org2.example.com-cert.pem --version 1.0 --sequence 1
+ res=0
[34m2026-09-16 14:45:42.018 IST 0001 INFO[0m [chaincodeCmd] [34;1mClientWait[0m -> txid [499aa37a64018e8b5b1e982536e454563506091eafc49d0c99ece31cf2f39f4e] committed with status (VALID) at localhost:7051
[34m2026-09-16 14:45:42.021 IST 0002 INFO[0m [chaincodeCmd] [34;1mClientWait[0m -> txid [499aa37a64018e8b5b1e982536e454563506091eafc49d0c99ece31cf2f39f4e] committed with status (VALID) at localhost:9051
[0;32mChaincode definition committed on channel 'mychannel'[0m
[0;34mUsing organization 1[0m
[0;34mQuerying chaincode definition on peer0.org1 on channel 'mychannel'...[0m
[0;34mAttempting to Query committed status on peer0.org1, Retry after 3 seconds.[0m
+ peer lifecycle chaincode querycommitted --channelID mychannel --name kvstore
+ res=0
Committed chaincode definition for chaincode 'kvstore' on channel 'mychannel':
Version: 1.0, Sequence: 1, Endorsement Plugin: escc, Validation Plugin: vscc, Approvals: [Org1MSP: true, Org2MSP: true]
[0;32mQuery chaincode definition successful on peer0.org1 on channel 'mychannel'[0m
[0;34mUsing organization 2[0m
[0;34mQuerying chaincode definition on peer0.org2 on channel 'mychannel'...[0m
[0;34mAttempting to Query committed status on peer0.org2, Retry after 3 seconds.[0m
+ peer lifecycle chaincode querycommitted --channelID mychannel --name kvstore
+ res=0
Committed chaincode definition for chaincode 'kvstore' on channel 'mychannel':
Version: 1.0, Sequence: 1, Endorsement Plugin: escc, Validation Plugin: vscc, Approvals: [Org1MSP: true, Org2MSP: true]
[0;32mQuery chaincode definition successful on peer0.org2 on channel 'mychannel'[0m
[0;34mChaincode initialization is not required[0m
[deploy 14:45:48] resource budget for fabric-cft: 18 CPU / 20 GB across 5 containers = 3.60 CPU each; memory by role weight (peer=4 statedb=4 orderer=2 other=1, total weight 12)
[deploy 14:45:49]   dev-peer0.org1.example.com-kvstore_1.0-e88284a33ff8806958375f99312782794164d62aac26fe22876f2c72fb6294d9  (other) 1706m
[deploy 14:45:49]   dev-peer0.org2.example.com-kvstore_1.0-e88284a33ff8806958375f99312782794164d62aac26fe22876f2c72fb6294d9  (other) 1706m
[deploy 14:45:50]   orderer.example.com  (orderer) 3413m
[deploy 14:45:50]   peer0.org1.example.com  (peer) 6826m
[deploy 14:45:50]   peer0.org2.example.com  (peer) 6826m
[deploy 14:45:50] wrote /home/chad/Projects/bench/deploy/docker/fabric-cft/connection.env
[deploy 14:45:50] fabric-cft up. peer :7051  orderer :7050  operations :9443
-- run configs/native/fabric-cft.yaml on fabric-cft
time=2026-09-16T14:45:50.993+05:30 level=INFO msg="run starting" platform=fabric-cft run=probe-sweep workload=kv-write profile=local-32gb normalized=false out_dir=results/fabric-cft/20260916-144550
time=2026-09-16T14:45:50.993+05:30 level=INFO msg="adapter setup" platform=fabric-cft run=probe-sweep
[34m2026-09-16 14:45:50.993 IST 0001 INFO[0m [grpc] [34;1mInfof[0m -> [core] original dial target is: "localhost:7051"
[34m2026-09-16 14:45:50.993 IST 0002 INFO[0m [grpc] [34;1mAddTraceEvent[0m -> [core] [Channel #1] Channel created for target "localhost:7051"
[34m2026-09-16 14:45:50.993 IST 0003 INFO[0m [grpc] [34;1mAddTraceEvent[0m -> [core] [Channel #1] parsed dial target is: resolver.Target{URL:url.URL{Scheme:"dns", Opaque:"", User:(*url.Userinfo)(nil), Host:"", Path:"/localhost:7051", Fragment:"", RawQuery:"", RawPath:"", RawFragment:"", ForceQuery:false, OmitHost:false}}
[34m2026-09-16 14:45:50.993 IST 0004 INFO[0m [grpc] [34;1mAddTraceEvent[0m -> [core] [Channel #1] Channel authority set to "peer0.org1.example.com"
[34m2026-09-16 14:45:50.994 IST 0005 INFO[0m [grpc] [34;1mAddTraceEvent[0m -> [core] [Channel #1] Channel Connectivity change to CONNECTING
[34m2026-09-16 14:45:50.994 IST 0006 INFO[0m [grpc] [34;1mAddTraceEvent[0m -> [core] [Channel #1] Channel exiting idle mode
[34m2026-09-16 14:45:51.024 IST 0007 INFO[0m [grpc] [34;1mAddTraceEvent[0m -> [core] [Channel #1] Resolver state updated: {
  "Addresses": [
    {
      "Addr": "127.0.0.1:7051",
      "ServerName": "",
      "Attributes": null,
      "BalancerAttributes": null,
      "Metadata": null
    }
  ],
  "Endpoints": [
    {
      "Addresses": [
        {
          "Addr": "127.0.0.1:7051",
          "ServerName": "",
          "Attributes": null,
          "BalancerAttributes": null,
          "Metadata": null
        }
      ],
      "Attributes": null
    }
  ],
  "ServiceConfig": null,
  "Attributes": null
} (resolver returned new addresses)
[34m2026-09-16 14:45:51.024 IST 0008 INFO[0m [grpc] [34;1mAddTraceEvent[0m -> [core] [Channel #1] Channel switches to new LB policy "pick_first"
[34m2026-09-16 14:45:51.024 IST 0009 INFO[0m [grpc] [34;1mInfof[0m -> [pick-first-leaf-lb] [pick-first-leaf-lb 0xcb5ce754e10] Received new config {
  "shuffleAddressList": false
}, resolver state {
  "Addresses": [
    {
      "Addr": "127.0.0.1:7051",
      "ServerName": "",
      "Attributes": null,
      "BalancerAttributes": null,
      "Metadata": null
    }
  ],
  "Endpoints": [
    {
      "Addresses": [
        {
          "Addr": "127.0.0.1:7051",
          "ServerName": "",
          "Attributes": null,
          "BalancerAttributes": null,
          "Metadata": null
        }
      ],
      "Attributes": null
    }
  ],
  "ServiceConfig": null,
  "Attributes": null
}
[34m2026-09-16 14:45:51.024 IST 000a INFO[0m [grpc] [34;1mAddTraceEvent[0m -> [core] [Channel #1 SubChannel #2] Subchannel created
[34m2026-09-16 14:45:51.024 IST 000b INFO[0m [grpc] [34;1mAddTraceEvent[0m -> [core] [Channel #1 SubChannel #2] Subchannel Connectivity change to CONNECTING
[34m2026-09-16 14:45:51.024 IST 000c INFO[0m [grpc] [34;1mAddTraceEvent[0m -> [core] [Channel #1 SubChannel #2] Subchannel picks a new address "127.0.0.1:7051" to connect
[34m2026-09-16 14:45:51.025 IST 000d INFO[0m [grpc] [34;1mAddTraceEvent[0m -> [core] [Channel #1 SubChannel #2] Subchannel Connectivity change to READY
[34m2026-09-16 14:45:51.025 IST 000e INFO[0m [grpc] [34;1mInfof[0m -> [pick-first-leaf-lb] [pick-first-leaf-lb 0xcb5ce754e10] SubConn 0xcb5ce704eb0 reported connectivity state READY and the health listener is disabled. Transitioning SubConn to READY.
[34m2026-09-16 14:45:51.025 IST 000f INFO[0m [grpc] [34;1mAddTraceEvent[0m -> [core] [Channel #1] Channel Connectivity change to READY
time=2026-09-16T14:45:51.029+05:30 level=INFO msg="setup complete" platform=fabric-cft run=probe-sweep component=adapter gateway=localhost:7051 finality_from=localhost:7051
time=2026-09-16T14:45:51.029+05:30 level=INFO msg="phase start" platform=fabric-cft run=probe-sweep phase=probe offered_tps=10 workers=0 duration=30s
time=2026-09-16T14:46:21.548+05:30 level=INFO msg="phase end" platform=fabric-cft run=probe-sweep phase=probe submitted=300 committed=300 confirmed_tps=10.0 fail_rate=0.0000 e2e_p99_ms=528.38
time=2026-09-16T14:46:21.549+05:30 level=INFO msg="phase start" platform=fabric-cft run=probe-sweep phase=sweep-100 offered_tps=100 workers=0 duration=1m0s
time=2026-09-16T14:47:21.777+05:30 level=INFO msg="phase end" platform=fabric-cft run=probe-sweep phase=sweep-100 submitted=1500 committed=1500 confirmed_tps=100.0 fail_rate=0.0000 e2e_p99_ms=537.60
time=2026-09-16T14:47:21.777+05:30 level=INFO msg="phase start" platform=fabric-cft run=probe-sweep phase=sweep-250 offered_tps=250 workers=0 duration=1m0s
time=2026-09-16T14:48:22.282+05:30 level=INFO msg="phase end" platform=fabric-cft run=probe-sweep phase=sweep-250 submitted=3750 committed=3750 confirmed_tps=250.0 fail_rate=0.0000 e2e_p99_ms=539.65
time=2026-09-16T14:48:22.282+05:30 level=INFO msg="phase start" platform=fabric-cft run=probe-sweep phase=sweep-500 offered_tps=500 workers=0 duration=1m0s
time=2026-09-16T14:49:22.698+05:30 level=INFO msg="phase end" platform=fabric-cft run=probe-sweep phase=sweep-500 submitted=7500 committed=7500 confirmed_tps=500.0 fail_rate=0.0000 e2e_p99_ms=564.74
time=2026-09-16T14:49:22.698+05:30 level=INFO msg="phase start" platform=fabric-cft run=probe-sweep phase=sweep-1000 offered_tps=1000 workers=0 duration=1m0s
time=2026-09-16T14:50:23.246+05:30 level=INFO msg="phase end" platform=fabric-cft run=probe-sweep phase=sweep-1000 submitted=15000 committed=15000 confirmed_tps=1000.0 fail_rate=0.0000 e2e_p99_ms=616.96
time=2026-09-16T14:50:23.246+05:30 level=INFO msg="phase start" platform=fabric-cft run=probe-sweep phase=sweep-2000 offered_tps=2000 workers=0 duration=1m0s
time=2026-09-16T14:51:23.830+05:30 level=INFO msg="phase end" platform=fabric-cft run=probe-sweep phase=sweep-2000 submitted=30000 committed=30000 confirmed_tps=2000.0 fail_rate=0.0000 e2e_p99_ms=383.23
time=2026-09-16T14:51:23.830+05:30 level=INFO msg="phase start" platform=fabric-cft run=probe-sweep phase=sweep-3500 offered_tps=3500 workers=0 duration=1m0s
time=2026-09-16T14:52:26.448+05:30 level=INFO msg="phase end" platform=fabric-cft run=probe-sweep phase=sweep-3500 submitted=52500 committed=52500 confirmed_tps=3500.0 fail_rate=0.0000 e2e_p99_ms=4673.54
time=2026-09-16T14:52:26.448+05:30 level=INFO msg="phase start" platform=fabric-cft run=probe-sweep phase=sweep-5000 offered_tps=5000 workers=0 duration=1m0s
time=2026-09-16T14:53:32.657+05:30 level=INFO msg="phase end" platform=fabric-cft run=probe-sweep phase=sweep-5000 submitted=75000 committed=46473 confirmed_tps=3098.2 fail_rate=0.3804 e2e_p99_ms=13139.97
time=2026-09-16T14:53:32.657+05:30 level=WARN msg="phase errors" platform=fabric-cft run=probe-sweep phase=sweep-5000 count=28527 message="not sent: N transactions already in flight (platform is not finalizing)"
time=2026-09-16T14:53:32.657+05:30 level=INFO msg="phase start" platform=fabric-cft run=probe-sweep phase=sweep-7500 offered_tps=7500 workers=0 duration=1m0s
time=2026-09-16T14:54:42.437+05:30 level=INFO msg="phase end" platform=fabric-cft run=probe-sweep phase=sweep-7500 submitted=112500 committed=44000 confirmed_tps=2933.3 fail_rate=0.6089 e2e_p99_ms=20185.09
time=2026-09-16T14:54:42.437+05:30 level=WARN msg="phase errors" platform=fabric-cft run=probe-sweep phase=sweep-7500 count=68500 message="not sent: N transactions already in flight (platform is not finalizing)"
time=2026-09-16T14:54:42.437+05:30 level=INFO msg="phase start" platform=fabric-cft run=probe-sweep phase=hold offered_tps=3150 workers=0 duration=5m0s
time=2026-09-16T14:59:48.220+05:30 level=INFO msg="phase end" platform=fabric-cft run=probe-sweep phase=hold submitted=803250 committed=760122 confirmed_tps=2980.9 fail_rate=0.0537 e2e_p99_ms=8880.13
time=2026-09-16T14:59:48.221+05:30 level=WARN msg="phase errors" platform=fabric-cft run=probe-sweep phase=hold count=43128 message="not sent: N transactions already in flight (platform is not finalizing)"
time=2026-09-16T14:59:48.230+05:30 level=WARN msg=caveat platform=fabric-cft run=probe-sweep text="sweep aborted early after 2 consecutive failed steps; 1 higher step(s) were never offered"
time=2026-09-16T14:59:48.595+05:30 level=WARN msg=caveat platform=fabric-cft run=probe-sweep text="native metrics scrape of http://localhost:9443/metrics failed: scrape http://localhost:9443/metrics: parser panic: Invalid name validation scheme requested: unset (informational metrics only; harness numbers unaffected)"
time=2026-09-16T14:59:48.598+05:30 level=INFO msg="run finished" platform=fabric-cft run=probe-sweep out_dir=results/fabric-cft/20260916-144550 caveats=2
results written to results/fabric-cft/20260916-144550
[34m2026-09-16 14:59:48.598 IST 0010 INFO[0m [grpc] [34;1mAddTraceEvent[0m -> [core] [Channel #1] Channel Connectivity change to SHUTDOWN
[34m2026-09-16 14:59:48.598 IST 0011 INFO[0m [grpc] [34;1mAddTraceEvent[0m -> [core] [Channel #1] Closing the name resolver
[34m2026-09-16 14:59:48.598 IST 0012 INFO[0m [grpc] [34;1mAddTraceEvent[0m -> [core] [Channel #1] ccBalancerWrapper: closing
[34m2026-09-16 14:59:48.598 IST 0013 INFO[0m [grpc] [34;1mAddTraceEvent[0m -> [core] [Channel #1 SubChannel #2] Subchannel Connectivity change to SHUTDOWN
[34m2026-09-16 14:59:48.598 IST 0014 INFO[0m [grpc] [34;1mAddTraceEvent[0m -> [core] [Channel #1 SubChannel #2] Subchannel deleted
[34m2026-09-16 14:59:48.598 IST 0015 INFO[0m [grpc] [34;1mInfof[0m -> [transport] [client-transport 0xcb5ce79a488] Closing: rpc error: code = Canceled desc = grpc: the client connection is closing
[34m2026-09-16 14:59:48.598 IST 0016 INFO[0m [grpc] [34;1mInfof[0m -> [transport] [client-transport 0xcb5ce79a488] loopyWriter exiting with error: rpc error: code = Canceled desc = grpc: the client connection is closing
[34m2026-09-16 14:59:48.598 IST 0017 INFO[0m [grpc] [34;1mAddTraceEvent[0m -> [core] [Channel #1] Channel deleted
monitoring report: results/fabric-cft/20260916-144550/monitoring-report.html
run book: results/index.html
-- capture fabric-cft
capture: 18 containers -> /home/chad/Projects/bench/results/_campaigns/20260916T091448Z-local-32gb/fabric-cft/fabric-cft/capture
-- teardown fabric-cft
[0;34mUsing docker and docker-compose[0m
[0;34mStopping network[0m
 Container peer0.org2.example.com Stopping 
 Container orderer.example.com Stopping 
 Container peer0.org1.example.com Stopping 
 Container orderer.example.com Stopped 
 Container orderer.example.com Removing 
 Container orderer.example.com Removed 
 Container peer0.org2.example.com Stopped 
 Container peer0.org2.example.com Removing 
 Container peer0.org2.example.com Removed 
 Container peer0.org1.example.com Stopped 
 Container peer0.org1.example.com Removing 
 Container peer0.org1.example.com Removed 
 Volume compose_peer0.org2.example.com Removing 
 Volume compose_orderer.example.com Removing 
 Volume compose_peer0.org1.example.com Removing 
 Network fabric_test Removing 
 Network fabric_test Removed 
 Volume compose_peer0.org2.example.com Removed 
 Volume compose_peer0.org1.example.com Removed 
 Volume compose_orderer.example.com Removed 
Error response from daemon: get docker_orderer.example.com: no such volume
Error response from daemon: get docker_peer0.org1.example.com: no such volume
Error response from daemon: get docker_peer0.org2.example.com: no such volume
[0;34mRemoving remaining containers[0m
[0;34mRemoving generated chaincode docker images[0m
Untagged: dev-peer0.org2.example.com-kvstore_1.0-e88284a33ff8806958375f99312782794164d62aac26fe22876f2c72fb6294d9-68943f16f9aba9f24cbd04de158905f755f192c405682abc67b51f4b237b88ec:latest
Deleted: sha256:993ad6cacd46a8cf26bca80ad612ee44fdd2b5513434a43c88401d4e82317832
Untagged: dev-peer0.org1.example.com-kvstore_1.0-e88284a33ff8806958375f99312782794164d62aac26fe22876f2c72fb6294d9-69fc7c62d4c586b892ebdf21972c9f99a025fa7f3de7b416a325aa17c7d14ed9:latest
Deleted: sha256:f8dab5af2bd0b3c71fdafd77bcbd383c0e01b91af34ceeb876d3d6bda98cf4f7
[deploy 15:00:09] WARN: could not drop page cache (needs root); continuing
[deploy 15:00:09] fabric-cft down
==================== fabric-bft : configs/native/fabric-bft.yaml ====================
-- isolation: prune stopped containers + drop page cache
   (page cache not dropped: needs passwordless sudo)
-- deploy fabric-bft
[deploy 15:00:13] installing Fabric 3.1.5 binaries + config (had: 2.5.16)
curl: (22) The requested URL returned error: 416
curl: (22) The requested URL returned error: 416
curl: (22) The requested URL returned error: 416
curl: (22) The requested URL returned error: 416
curl: (22) The requested URL returned error: 416
curl: (22) The requested URL returned error: 416
[deploy 15:00:40] download hyperledger-fabric-linux-amd64-3.1.5.tar.gz already complete (124679935 bytes)
curl: (22) The requested URL returned error: 416
curl: (22) The requested URL returned error: 416
curl: (22) The requested URL returned error: 416
curl: (22) The requested URL returned error: 416
curl: (22) The requested URL returned error: 416
curl: (22) The requested URL returned error: 416
[deploy 15:01:07] download hyperledger-fabric-ca-linux-amd64-1.5.22.tar.gz already complete (34486705 bytes)
[deploy 15:01:08] pulling Fabric 3.1.5 docker images

Pull Hyperledger Fabric docker images

FABRIC_IMAGES: peer orderer ccenv baseos
===> Pulling fabric Images
====>  ghcr.io/hyperledger/fabric-peer:3.1.5
3.1.5: Pulling from hyperledger/fabric-peer
Digest: sha256:db65e6f6698e251c92041935598f539cbab35d7624e433c9637c073e68cdd2e3
Status: Image is up to date for ghcr.io/hyperledger/fabric-peer:3.1.5
ghcr.io/hyperledger/fabric-peer:3.1.5
====>  ghcr.io/hyperledger/fabric-orderer:3.1.5
3.1.5: Pulling from hyperledger/fabric-orderer
Digest: sha256:9d15017ba215b186a1401079e9aa68723e2d993fd366c4f2b0c8381b008fe2f7
Status: Image is up to date for ghcr.io/hyperledger/fabric-orderer:3.1.5
ghcr.io/hyperledger/fabric-orderer:3.1.5
====>  ghcr.io/hyperledger/fabric-ccenv:3.1.5
3.1.5: Pulling from hyperledger/fabric-ccenv
Digest: sha256:274c7d10872ddbf161ad7b08c06eb3eafbfe336531a606f5af7a90a5d2f6af88
Status: Image is up to date for ghcr.io/hyperledger/fabric-ccenv:3.1.5
ghcr.io/hyperledger/fabric-ccenv:3.1.5
====>  ghcr.io/hyperledger/fabric-baseos:3.1.5
3.1.5: Pulling from hyperledger/fabric-baseos
Digest: sha256:9673173d2bbf7aac4ba9257f3bb9534ae07bcbc461a9bf047af7e51fb902e100
Status: Image is up to date for ghcr.io/hyperledger/fabric-baseos:3.1.5
ghcr.io/hyperledger/fabric-baseos:3.1.5
===> Pulling fabric ca Image
====>  ghcr.io/hyperledger/fabric-ca:1.5.22
1.5.22: Pulling from hyperledger/fabric-ca
Digest: sha256:87c36f0b655838e2c3b00379cafc6efb36dc6f8d88b2cec9c707fd47e93b1c63
Status: Image is up to date for ghcr.io/hyperledger/fabric-ca:1.5.22
ghcr.io/hyperledger/fabric-ca:1.5.22
===> List out hyperledger images
ghcr.io/hyperledger/fabric-baseos:3.1.5    54b7bcccd7f3        131MB             0B        
ghcr.io/hyperledger/fabric-ca:1.5.22       a0051f997136        254MB             0B        
ghcr.io/hyperledger/fabric-ccenv:3.1.5     ca289c1e38d8        708MB             0B        
ghcr.io/hyperledger/fabric-orderer:3.1.5   e9cad3e8b116        120MB             0B        
ghcr.io/hyperledger/fabric-peer:3.1.5      b7c9985d9b3a        154MB             0B        
hyperledger/fabric-baseos:2.5              71fca91e6713        160MB             0B        
hyperledger/fabric-baseos:2.5.16           71fca91e6713        160MB             0B        
hyperledger/fabric-baseos:3.1              54b7bcccd7f3        131MB             0B        
hyperledger/fabric-baseos:3.1.5            54b7bcccd7f3        131MB             0B        
hyperledger/fabric-baseos:latest           54b7bcccd7f3        131MB             0B        
hyperledger/fabric-ca:1.5                  a0051f997136        254MB             0B        
hyperledger/fabric-ca:1.5.22               a0051f997136        254MB             0B        
hyperledger/fabric-ca:latest               a0051f997136        254MB             0B        
hyperledger/fabric-ccenv:2.5               85e2ca8475b0        675MB             0B        
hyperledger/fabric-ccenv:2.5.16            85e2ca8475b0        675MB             0B        
hyperledger/fabric-ccenv:3.1               ca289c1e38d8        708MB             0B        
hyperledger/fabric-ccenv:3.1.5             ca289c1e38d8        708MB             0B        
hyperledger/fabric-ccenv:latest            ca289c1e38d8        708MB             0B        
hyperledger/fabric-orderer:2.5             80322dee2204        121MB             0B        
hyperledger/fabric-orderer:2.5.16          80322dee2204        121MB             0B        
hyperledger/fabric-orderer:3.1             e9cad3e8b116        120MB             0B        
hyperledger/fabric-orderer:3.1.5           e9cad3e8b116        120MB             0B        
hyperledger/fabric-orderer:latest          e9cad3e8b116        120MB             0B        
hyperledger/fabric-peer:2.5                e382f4af4538        155MB             0B        
hyperledger/fabric-peer:2.5.16             e382f4af4538        155MB             0B        
hyperledger/fabric-peer:3.1                b7c9985d9b3a        154MB             0B        
hyperledger/fabric-peer:3.1.5              b7c9985d9b3a        154MB             0B        
hyperledger/fabric-peer:latest             b7c9985d9b3a        154MB             0B        
hyperledger/fabric-tools:2.5               2993a30eff89        610MB             0B        
hyperledger/fabric-tools:2.5.16            2993a30eff89        610MB             0B        
hyperledger/fabric-tools:latest            2993a30eff89        610MB             0B        
[deploy 15:01:20] fabric images pinned to 3.1.5 (ca 1.5.22); peer and orderer verified
[deploy 15:01:21] pinning orderer batch in configtx.yaml: timeout=1s maxMsgCount=250 preferred=4 MB absolute=10 MB
[deploy 15:01:22] pinning orderer batch in configtx.yaml: timeout=1s maxMsgCount=250 preferred=4 MB absolute=10 MB
[0;34mUsing docker and docker-compose[0m
[0;34mStopping network[0m
Error response from daemon: get docker_orderer.example.com: no such volume
Error response from daemon: get docker_peer0.org1.example.com: no such volume
Error response from daemon: get docker_peer0.org2.example.com: no such volume
[0;34mRemoving remaining containers[0m
[0;34mRemoving generated chaincode docker images[0m
[deploy 15:01:27] WARN: could not drop page cache (needs root); continuing
[0;34mUsing docker and docker-compose[0m
[0;34mCreating channel 'mychannel'.[0m
[0;34mIf network is not up, starting nodes with CLI timeout of '5' tries and CLI delay of '3' seconds and using database 'leveldb with crypto from 'cryptogen'[0m
[0;34mBringing up network[0m
[0;34mLOCAL_VERSION=v3.1.5[0m
[0;34mDOCKER_IMAGE_VERSION=v3.1.5[0m
/home/chad/Projects/bench/deploy/docker/.cache/fabric-samples/test-network/../bin/cryptogen
[0;34mGenerating certificates using cryptogen tool[0m
[0;34mCreating Org1 Identities[0m
+ cryptogen generate --config=./organizations/cryptogen/crypto-config-org1.yaml --output=organizations
org1.example.com
+ res=0
[0;34mCreating Org2 Identities[0m
+ cryptogen generate --config=./organizations/cryptogen/crypto-config-org2.yaml --output=organizations
org2.example.com
+ res=0
[0;34mCreating Orderer Org Identities[0m
+ cryptogen generate --config=./organizations/cryptogen/crypto-config-orderer.yaml --output=organizations
+ res=0
[0;34mGenerating CCP files for Org1 and Org2[0m
 Network fabric_test Creating 
 Volume compose_peer0.org2.example.com Creating 
 Volume compose_peer0.org2.example.com Creating 
 Network fabric_test Creating 
 Volume compose_orderer3.example.com Creating 
 Volume compose_orderer3.example.com Creating 
 Volume compose_orderer.example.com Creating 
 Volume compose_orderer.example.com Creating 
 Volume compose_peer0.org1.example.com Creating 
 Volume compose_peer0.org1.example.com Creating 
 Volume compose_orderer2.example.com Creating 
 Volume compose_orderer2.example.com Creating 
 Volume compose_orderer4.example.com Creating 
 Volume compose_orderer4.example.com Creating 
 Volume compose_peer0.org2.example.com Created 
 Volume compose_peer0.org2.example.com Created 
 Volume compose_orderer3.example.com Created 
 Volume compose_orderer3.example.com Created 
 Volume compose_orderer4.example.com Created 
 Volume compose_orderer4.example.com Created 
 Volume compose_orderer2.example.com Created 
 Volume compose_orderer2.example.com Created 
 Volume compose_orderer.example.com Created 
 Volume compose_orderer.example.com Created 
 Volume compose_peer0.org1.example.com Created 
 Volume compose_peer0.org1.example.com Created 
 Network fabric_test Created 
 Network fabric_test Created 
 Container peer0.org2.example.com Creating 
 Container orderer4.example.com Creating 
 Container orderer.example.com Creating 
 Container orderer2.example.com Creating 
 Container orderer3.example.com Creating 
 Container peer0.org1.example.com Creating 
 Container orderer.example.com Created 
 Container peer0.org2.example.com Created 
 Container peer0.org1.example.com Created 
 Container orderer2.example.com Created 
 Container orderer3.example.com Created 
 Container orderer4.example.com Created 
 Container orderer2.example.com Starting 
 Container orderer3.example.com Starting 
 Container peer0.org2.example.com Starting 
 Container orderer.example.com Starting 
 Container orderer4.example.com Starting 
 Container peer0.org1.example.com Starting 
 Container orderer2.example.com Started 
 Container peer0.org1.example.com Started 
 Container orderer.example.com Started 
 Container peer0.org2.example.com Started 
 Container orderer3.example.com Started 
 Container orderer4.example.com Started 
CONTAINER ID   IMAGE                               COMMAND                  CREATED             STATUS                          PORTS                                                                                                                                             NAMES
78c0e293097f   hyperledger/fabric-peer:latest      "peer node start"        1 second ago        Up Less than a second           0.0.0.0:7051->7051/tcp, [::]:7051->7051/tcp, 0.0.0.0:9444->9444/tcp, [::]:9444->9444/tcp                                                          peer0.org1.example.com
9fa70650c352   hyperledger/fabric-orderer:latest   "orderer"                1 second ago        Up Less than a second           0.0.0.0:7056-7057->7056-7057/tcp, [::]:7056-7057->7056-7057/tcp, 7050/tcp, 0.0.0.0:9447->9447/tcp, [::]:9447->9447/tcp                            orderer3.example.com
409dcdddb3f5   hyperledger/fabric-orderer:latest   "orderer"                1 second ago        Up Less than a second           0.0.0.0:7058-7059->7058-7059/tcp, [::]:7058-7059->7058-7059/tcp, 7050/tcp, 0.0.0.0:9448->9448/tcp, [::]:9448->9448/tcp                            orderer4.example.com
72f6bd9e7d27   hyperledger/fabric-orderer:latest   "orderer"                1 second ago        Up Less than a second           0.0.0.0:7052->7052/tcp, [::]:7052->7052/tcp, 0.0.0.0:7055->7055/tcp, [::]:7055->7055/tcp, 7050/tcp, 0.0.0.0:9446->9446/tcp, [::]:9446->9446/tcp   orderer2.example.com
a603c7fa37b7   hyperledger/fabric-peer:latest      "peer node start"        1 second ago        Up Less than a second           0.0.0.0:9051->9051/tcp, [::]:9051->9051/tcp, 7051/tcp, 0.0.0.0:9445->9445/tcp, [::]:9445->9445/tcp                                                peer0.org2.example.com
c9b9dd556abd   hyperledger/fabric-orderer:latest   "orderer"                1 second ago        Up Less than a second           0.0.0.0:7050->7050/tcp, [::]:7050->7050/tcp, 0.0.0.0:7053->7053/tcp, [::]:7053->7053/tcp, 0.0.0.0:9443->9443/tcp, [::]:9443->9443/tcp             orderer.example.com
ebca6f2a95cc   grafana/grafana:11.4.0              "/run.sh"                About an hour ago   Up About an hour                0.0.0.0:3000->3000/tcp, [::]:3000->3000/tcp                                                                                                       bench-monitoring-grafana-1
1d3b05a42ab0   prom/prometheus:v3.1.0              "/bin/prometheus --c…"   About an hour ago   Up About an hour                0.0.0.0:9090->9090/tcp, [::]:9090->9090/tcp                                                                                                       bench-monitoring-prometheus-1
09c75970ed81   ghcr.io/google/cadvisor:0.57.0      "/usr/bin/entrypoint…"   About an hour ago   Up About an hour (healthy)      0.0.0.0:8080->8080/tcp, [::]:8080->8080/tcp                                                                                                       bench-monitoring-cadvisor-1
00ac483ebe75   prom/node-exporter:v1.9.0           "/bin/node_exporter …"   About an hour ago   Up About an hour                0.0.0.0:9100->9100/tcp, [::]:9100->9100/tcp                                                                                                       bench-monitoring-node_exporter-1
69c047fe19cc   weaverai/nucleus-k8-dashboard       "/headlamp/headlamp-…"   5 weeks ago         Up 22 hours                     0.0.0.0:4466->4466/tcp, [::]:4466->4466/tcp                                                                                                       nucleus-headlamp-1
b40f395fe4bc   kindest/node:v1.36.1                "/usr/local/bin/entr…"   6 weeks ago         Up 22 hours                     127.0.0.1:40143->6443/tcp                                                                                                                         feast-control-plane
6c0089a7879b   kindest/node:v1.36.1                "/usr/local/bin/entr…"   6 weeks ago         Up 22 hours                                                                                                                                                                       feast-worker
902f5fc63b1e   kindest/node:v1.36.1                "/usr/local/bin/entr…"   6 weeks ago         Up 22 hours                                                                                                                                                                       feast-worker2
d64d947f6529   cassandra:5.0                       "docker-entrypoint.s…"   7 weeks ago         Restarting (3) 30 seconds ago                                                                                                                                                     untitled-cassandra
[0;34mUsing docker and docker-compose[0m
[0;34mGenerating channel genesis block 'mychannel.block'[0m
[0;34mUsing organization 1[0m
/home/chad/Projects/bench/deploy/docker/.cache/fabric-samples/test-network/../bin/configtxgen
+ '[' 1 -eq 1 ']'
+ configtxgen -profile ChannelUsingBFT -outputBlock ./channel-artifacts/mychannel.block -channelID mychannel
[34m2026-09-16 15:01:29.251 IST 0001 INFO[0m [common.tools.configtxgen] [34;1mmain[0m -> Loading configuration
[34m2026-09-16 15:01:29.252 IST 0002 INFO[0m [common.tools.configtxgen.localconfig] [34;1mcompleteInitialization[0m -> orderer type: BFT
[34m2026-09-16 15:01:29.252 IST 0003 INFO[0m [common.tools.configtxgen.localconfig] [34;1mLoad[0m -> Loaded configuration: /home/chad/Projects/bench/deploy/docker/.cache/fabric-samples/test-network/bft-config/configtx.yaml
[34m2026-09-16 15:01:29.253 IST 0004 INFO[0m [common.tools.configtxgen] [34;1mdoOutputBlock[0m -> Generating genesis block
[34m2026-09-16 15:01:29.253 IST 0005 INFO[0m [common.tools.configtxgen] [34;1mdoOutputBlock[0m -> Creating application channel genesis block
[34m2026-09-16 15:01:29.253 IST 0006 INFO[0m [common.tools.configtxgen] [34;1mdoOutputBlock[0m -> Writing genesis block
+ res=0
[0;34mCreating channel mychannel[0m
[0;34mAdding orderers[0m
+ . scripts/orderer.sh mychannel
+ '[' 1 -eq 1 ']'
+ . scripts/orderer2.sh mychannel
+ . scripts/orderer3.sh mychannel
+ . scripts/orderer4.sh mychannel
+ res=0
Status: 201
{
	"name": "mychannel",
	"url": "/participation/v1/channels/mychannel",
	"consensusRelation": "consenter",
	"status": "active",
	"height": 1
}

Status: 201
{
	"name": "mychannel",
	"url": "/participation/v1/channels/mychannel",
	"consensusRelation": "consenter",
	"status": "active",
	"height": 1
}

Status: 201
{
	"name": "mychannel",
	"url": "/participation/v1/channels/mychannel",
	"consensusRelation": "consenter",
	"status": "active",
	"height": 1
}

Status: 201
{
	"name": "mychannel",
	"url": "/participation/v1/channels/mychannel",
	"consensusRelation": "consenter",
	"status": "active",
	"height": 1
}

[0;32mChannel 'mychannel' created[0m
[0;34mJoining org1 peer to the channel...[0m
[0;34mUsing organization 1[0m
+ peer channel join -b ./channel-artifacts/mychannel.block
+ res=0
[34m2026-09-16 15:01:35.409 IST 0001 INFO[0m [grpc] [34;1mInfof[0m -> [core] original dial target is: "localhost:7051"
[34m2026-09-16 15:01:35.409 IST 0002 INFO[0m [grpc] [34;1mAddTraceEvent[0m -> [core] [Channel #1] Channel created for target "localhost:7051"
[34m2026-09-16 15:01:35.409 IST 0003 INFO[0m [grpc] [34;1mAddTraceEvent[0m -> [core] [Channel #1] parsed dial target is: resolver.Target{URL:url.URL{Scheme:"passthrough", Opaque:"", User:(*url.Userinfo)(nil), Host:"", Path:"/localhost:7051", Fragment:"", RawQuery:"", RawPath:"", RawFragment:"", ForceQuery:false, OmitHost:false}}
[34m2026-09-16 15:01:35.409 IST 0004 INFO[0m [grpc] [34;1mAddTraceEvent[0m -> [core] [Channel #1] Channel authority set to "localhost:7051"
[34m2026-09-16 15:01:35.409 IST 0005 INFO[0m [grpc] [34;1mAddTraceEvent[0m -> [core] [Channel #1] Channel Connectivity change to CONNECTING
[34m2026-09-16 15:01:35.409 IST 0006 INFO[0m [grpc] [34;1mAddTraceEvent[0m -> [core] [Channel #1] Resolver state updated: {
  "Addresses": [
    {
      "Addr": "localhost:7051",
      "ServerName": "",
      "Attributes": null,
      "BalancerAttributes": null,
      "Metadata": null
    }
  ],
  "Endpoints": [
    {
      "Addresses": [
        {
          "Addr": "localhost:7051",
          "ServerName": "",
          "Attributes": null,
          "BalancerAttributes": null,
          "Metadata": null
        }
      ],
      "Attributes": null
    }
  ],
  "ServiceConfig": null,
  "Attributes": null
} (resolver returned new addresses)
[34m2026-09-16 15:01:35.409 IST 0007 INFO[0m [grpc] [34;1mAddTraceEvent[0m -> [core] [Channel #1] Channel switches to new LB policy "pick_first"
[34m2026-09-16 15:01:35.409 IST 0008 INFO[0m [grpc] [34;1mInfof[0m -> [pick-first-leaf-lb] [pick-first-leaf-lb 0xc6a068fb00] Received new config {
  "shuffleAddressList": false
}, resolver state {
  "Addresses": [
    {
      "Addr": "localhost:7051",
      "ServerName": "",
      "Attributes": null,
      "BalancerAttributes": null,
      "Metadata": null
    }
  ],
  "Endpoints": [
    {
      "Addresses": [
        {
          "Addr": "localhost:7051",
          "ServerName": "",
          "Attributes": null,
          "BalancerAttributes": null,
          "Metadata": null
        }
      ],
      "Attributes": null
    }
  ],
  "ServiceConfig": null,
  "Attributes": null
}
[34m2026-09-16 15:01:35.409 IST 0009 INFO[0m [grpc] [34;1mAddTraceEvent[0m -> [core] [Channel #1 SubChannel #2] Subchannel created
[34m2026-09-16 15:01:35.409 IST 000a INFO[0m [grpc] [34;1mAddTraceEvent[0m -> [core] [Channel #1] Channel exiting idle mode
[34m2026-09-16 15:01:35.409 IST 000b INFO[0m [grpc] [34;1mAddTraceEvent[0m -> [core] [Channel #1 SubChannel #2] Subchannel Connectivity change to CONNECTING
[34m2026-09-16 15:01:35.409 IST 000c INFO[0m [grpc] [34;1mAddTraceEvent[0m -> [core] [Channel #1 SubChannel #2] Subchannel picks a new address "localhost:7051" to connect
[34m2026-09-16 15:01:35.413 IST 000d INFO[0m [grpc] [34;1mAddTraceEvent[0m -> [core] [Channel #1 SubChannel #2] Subchannel Connectivity change to READY
[34m2026-09-16 15:01:35.413 IST 000e INFO[0m [grpc] [34;1mInfof[0m -> [pick-first-leaf-lb] [pick-first-leaf-lb 0xc6a068fb00] SubConn 0xc6a0629b80 reported connectivity state READY and the health listener is disabled. Transitioning SubConn to READY.
[34m2026-09-16 15:01:35.413 IST 000f INFO[0m [grpc] [34;1mAddTraceEvent[0m -> [core] [Channel #1] Channel Connectivity change to READY
[34m2026-09-16 15:01:35.413 IST 0010 INFO[0m [channelCmd] [34;1mInitCmdFactory[0m -> Endorser and orderer connections initialized
[34m2026-09-16 15:01:35.439 IST 0011 INFO[0m [channelCmd] [34;1mexecuteJoin[0m -> Successfully submitted proposal to join channel
[0;34mJoining org2 peer to the channel...[0m
[0;34mUsing organization 2[0m
+ peer channel join -b ./channel-artifacts/mychannel.block
+ res=0
[34m2026-09-16 15:01:38.467 IST 0001 INFO[0m [grpc] [34;1mInfof[0m -> [core] original dial target is: "localhost:9051"
[34m2026-09-16 15:01:38.467 IST 0002 INFO[0m [grpc] [34;1mAddTraceEvent[0m -> [core] [Channel #1] Channel created for target "localhost:9051"
[34m2026-09-16 15:01:38.467 IST 0003 INFO[0m [grpc] [34;1mAddTraceEvent[0m -> [core] [Channel #1] parsed dial target is: resolver.Target{URL:url.URL{Scheme:"passthrough", Opaque:"", User:(*url.Userinfo)(nil), Host:"", Path:"/localhost:9051", Fragment:"", RawQuery:"", RawPath:"", RawFragment:"", ForceQuery:false, OmitHost:false}}
[34m2026-09-16 15:01:38.467 IST 0004 INFO[0m [grpc] [34;1mAddTraceEvent[0m -> [core] [Channel #1] Channel authority set to "localhost:9051"
[34m2026-09-16 15:01:38.467 IST 0005 INFO[0m [grpc] [34;1mAddTraceEvent[0m -> [core] [Channel #1] Channel Connectivity change to CONNECTING
[34m2026-09-16 15:01:38.468 IST 0006 INFO[0m [grpc] [34;1mAddTraceEvent[0m -> [core] [Channel #1] Resolver state updated: {
  "Addresses": [
    {
      "Addr": "localhost:9051",
      "ServerName": "",
      "Attributes": null,
      "BalancerAttributes": null,
      "Metadata": null
    }
  ],
  "Endpoints": [
    {
      "Addresses": [
        {
          "Addr": "localhost:9051",
          "ServerName": "",
          "Attributes": null,
          "BalancerAttributes": null,
          "Metadata": null
        }
      ],
      "Attributes": null
    }
  ],
  "ServiceConfig": null,
  "Attributes": null
} (resolver returned new addresses)
[34m2026-09-16 15:01:38.468 IST 0007 INFO[0m [grpc] [34;1mAddTraceEvent[0m -> [core] [Channel #1] Channel switches to new LB policy "pick_first"
[34m2026-09-16 15:01:38.468 IST 0008 INFO[0m [grpc] [34;1mInfof[0m -> [pick-first-leaf-lb] [pick-first-leaf-lb 0x1d6991666750] Received new config {
  "shuffleAddressList": false
}, resolver state {
  "Addresses": [
    {
      "Addr": "localhost:9051",
      "ServerName": "",
      "Attributes": null,
      "BalancerAttributes": null,
      "Metadata": null
    }
  ],
  "Endpoints": [
    {
      "Addresses": [
        {
          "Addr": "localhost:9051",
          "ServerName": "",
          "Attributes": null,
          "BalancerAttributes": null,
          "Metadata": null
        }
      ],
      "Attributes": null
    }
  ],
  "ServiceConfig": null,
  "Attributes": null
}
[34m2026-09-16 15:01:38.468 IST 0009 INFO[0m [grpc] [34;1mAddTraceEvent[0m -> [core] [Channel #1 SubChannel #2] Subchannel created
[34m2026-09-16 15:01:38.468 IST 000a INFO[0m [grpc] [34;1mAddTraceEvent[0m -> [core] [Channel #1] Channel exiting idle mode
[34m2026-09-16 15:01:38.468 IST 000b INFO[0m [grpc] [34;1mAddTraceEvent[0m -> [core] [Channel #1 SubChannel #2] Subchannel Connectivity change to CONNECTING
[34m2026-09-16 15:01:38.468 IST 000c INFO[0m [grpc] [34;1mAddTraceEvent[0m -> [core] [Channel #1 SubChannel #2] Subchannel picks a new address "localhost:9051" to connect
[34m2026-09-16 15:01:38.469 IST 000d INFO[0m [grpc] [34;1mAddTraceEvent[0m -> [core] [Channel #1 SubChannel #2] Subchannel Connectivity change to READY
[34m2026-09-16 15:01:38.469 IST 000e INFO[0m [grpc] [34;1mInfof[0m -> [pick-first-leaf-lb] [pick-first-leaf-lb 0x1d6991666750] SubConn 0x1d6991c3dbd0 reported connectivity state READY and the health listener is disabled. Transitioning SubConn to READY.
[34m2026-09-16 15:01:38.469 IST 000f INFO[0m [grpc] [34;1mAddTraceEvent[0m -> [core] [Channel #1] Channel Connectivity change to READY
[34m2026-09-16 15:01:38.469 IST 0010 INFO[0m [channelCmd] [34;1mInitCmdFactory[0m -> Endorser and orderer connections initialized
[34m2026-09-16 15:01:38.496 IST 0011 INFO[0m [channelCmd] [34;1mexecuteJoin[0m -> Successfully submitted proposal to join channel
[0;34mSetting anchor peer for org1...[0m
[0;34mUsing organization 1[0m
[0;34mFetching channel config for channel mychannel[0m
[0;34mUsing organization 1[0m
[0;34mFetching the most recent configuration block for the channel[0m
++ peer channel fetch config /home/chad/Projects/bench/deploy/docker/.cache/fabric-samples/test-network/channel-artifacts/config_block.pb -o localhost:7050 --ordererTLSHostnameOverride orderer.example.com -c mychannel --tls --cafile /home/chad/Projects/bench/deploy/docker/.cache/fabric-samples/test-network/organizations/ordererOrganizations/example.com/tlsca/tlsca.example.com-cert.pem
[33m2026-09-16 15:01:38.523 IST 0001 WARN[0m [grpc] [33;1mWarningf[0m -> [core] Adjusting keepalive ping interval to minimum period of 10s
[34m2026-09-16 15:01:38.523 IST 0002 INFO[0m [grpc] [34;1mInfof[0m -> [core] original dial target is: "localhost:7050"
[34m2026-09-16 15:01:38.523 IST 0003 INFO[0m [grpc] [34;1mAddTraceEvent[0m -> [core] [Channel #1] Channel created for target "localhost:7050"
[34m2026-09-16 15:01:38.523 IST 0004 INFO[0m [grpc] [34;1mAddTraceEvent[0m -> [core] [Channel #1] parsed dial target is: resolver.Target{URL:url.URL{Scheme:"passthrough", Opaque:"", User:(*url.Userinfo)(nil), Host:"", Path:"/localhost:7050", Fragment:"", RawQuery:"", RawPath:"", RawFragment:"", ForceQuery:false, OmitHost:false}}
[34m2026-09-16 15:01:38.523 IST 0005 INFO[0m [grpc] [34;1mAddTraceEvent[0m -> [core] [Channel #1] Channel authority set to "orderer.example.com"
[34m2026-09-16 15:01:38.523 IST 0006 INFO[0m [grpc] [34;1mAddTraceEvent[0m -> [core] [Channel #1] Channel Connectivity change to CONNECTING
[34m2026-09-16 15:01:38.523 IST 0007 INFO[0m [grpc] [34;1mAddTraceEvent[0m -> [core] [Channel #1] Resolver state updated: {
  "Addresses": [
    {
      "Addr": "localhost:7050",
      "ServerName": "",
      "Attributes": null,
      "BalancerAttributes": null,
      "Metadata": null
    }
  ],
  "Endpoints": [
    {
      "Addresses": [
        {
          "Addr": "localhost:7050",
          "ServerName": "",
          "Attributes": null,
          "BalancerAttributes": null,
          "Metadata": null
        }
      ],
      "Attributes": null
    }
  ],
  "ServiceConfig": null,
  "Attributes": null
} (resolver returned new addresses)
[34m2026-09-16 15:01:38.523 IST 0008 INFO[0m [grpc] [34;1mAddTraceEvent[0m -> [core] [Channel #1] Channel switches to new LB policy "pick_first"
[34m2026-09-16 15:01:38.523 IST 0009 INFO[0m [grpc] [34;1mInfof[0m -> [pick-first-leaf-lb] [pick-first-leaf-lb 0x116b7d0dc750] Received new config {
  "shuffleAddressList": false
}, resolver state {
  "Addresses": [
    {
      "Addr": "localhost:7050",
      "ServerName": "",
      "Attributes": null,
      "BalancerAttributes": null,
      "Metadata": null
    }
  ],
  "Endpoints": [
    {
      "Addresses": [
        {
          "Addr": "localhost:7050",
          "ServerName": "",
          "Attributes": null,
          "BalancerAttributes": null,
          "Metadata": null
        }
      ],
      "Attributes": null
    }
  ],
  "ServiceConfig": null,
  "Attributes": null
}
[34m2026-09-16 15:01:38.523 IST 000a INFO[0m [grpc] [34;1mAddTraceEvent[0m -> [core] [Channel #1 SubChannel #2] Subchannel created
[34m2026-09-16 15:01:38.523 IST 000b INFO[0m [grpc] [34;1mAddTraceEvent[0m -> [core] [Channel #1] Channel exiting idle mode
[34m2026-09-16 15:01:38.523 IST 000c INFO[0m [grpc] [34;1mAddTraceEvent[0m -> [core] [Channel #1 SubChannel #2] Subchannel Connectivity change to CONNECTING
[34m2026-09-16 15:01:38.523 IST 000d INFO[0m [grpc] [34;1mAddTraceEvent[0m -> [core] [Channel #1 SubChannel #2] Subchannel picks a new address "localhost:7050" to connect
[34m2026-09-16 15:01:38.525 IST 000e INFO[0m [grpc] [34;1mAddTraceEvent[0m -> [core] [Channel #1 SubChannel #2] Subchannel Connectivity change to READY
[34m2026-09-16 15:01:38.525 IST 000f INFO[0m [grpc] [34;1mInfof[0m -> [pick-first-leaf-lb] [pick-first-leaf-lb 0x116b7d0dc750] SubConn 0x116b7d525090 reported connectivity state READY and the health listener is disabled. Transitioning SubConn to READY.
[34m2026-09-16 15:01:38.525 IST 0010 INFO[0m [grpc] [34;1mAddTraceEvent[0m -> [core] [Channel #1] Channel Connectivity change to READY
[34m2026-09-16 15:01:38.525 IST 0011 INFO[0m [channelCmd] [34;1mInitCmdFactory[0m -> Endorser and orderer connections initialized
[34m2026-09-16 15:01:38.526 IST 0012 INFO[0m [cli.common] [34;1mreadBlock[0m -> Received block: 0
[34m2026-09-16 15:01:38.526 IST 0013 INFO[0m [channelCmd] [34;1mfetch[0m -> Retrieving last config block: 0
[34m2026-09-16 15:01:38.527 IST 0014 INFO[0m [cli.common] [34;1mreadBlock[0m -> Received block: 0
[0;34mDecoding config block to JSON and isolating config to /home/chad/Projects/bench/deploy/docker/.cache/fabric-samples/test-network/channel-artifacts/Org1MSPconfig.json[0m
++ configtxlator proto_decode --input /home/chad/Projects/bench/deploy/docker/.cache/fabric-samples/test-network/channel-artifacts/config_block.pb --type common.Block --output /home/chad/Projects/bench/deploy/docker/.cache/fabric-samples/test-network/channel-artifacts/config_block.json
++ jq '.data.data[0].payload.data.config' /home/chad/Projects/bench/deploy/docker/.cache/fabric-samples/test-network/channel-artifacts/config_block.json
++ res=0
[0;34mGenerating anchor peer update transaction for Org1 on channel mychannel[0m
++ jq '.channel_group.groups.Application.groups.Org1MSP.values += {"AnchorPeers":{"mod_policy": "Admins","value":{"anchor_peers": [{"host": "peer0.org1.example.com","port": 7051}]},"version": "0"}}' /home/chad/Projects/bench/deploy/docker/.cache/fabric-samples/test-network/channel-artifacts/Org1MSPconfig.json
++ res=0
++ configtxlator proto_encode --input /home/chad/Projects/bench/deploy/docker/.cache/fabric-samples/test-network/channel-artifacts/Org1MSPconfig.json --type common.Config --output /home/chad/Projects/bench/deploy/docker/.cache/fabric-samples/test-network/channel-artifacts/original_config.pb
++ configtxlator proto_encode --input /home/chad/Projects/bench/deploy/docker/.cache/fabric-samples/test-network/channel-artifacts/Org1MSPmodified_config.json --type common.Config --output /home/chad/Projects/bench/deploy/docker/.cache/fabric-samples/test-network/channel-artifacts/modified_config.pb
++ configtxlator compute_update --channel_id mychannel --original /home/chad/Projects/bench/deploy/docker/.cache/fabric-samples/test-network/channel-artifacts/original_config.pb --updated /home/chad/Projects/bench/deploy/docker/.cache/fabric-samples/test-network/channel-artifacts/modified_config.pb --output /home/chad/Projects/bench/deploy/docker/.cache/fabric-samples/test-network/channel-artifacts/config_update.pb
++ configtxlator proto_decode --input /home/chad/Projects/bench/deploy/docker/.cache/fabric-samples/test-network/channel-artifacts/config_update.pb --type common.ConfigUpdate --output /home/chad/Projects/bench/deploy/docker/.cache/fabric-samples/test-network/channel-artifacts/config_update.json
++ jq .
+++ cat /home/chad/Projects/bench/deploy/docker/.cache/fabric-samples/test-network/channel-artifacts/config_update.json
++ echo '{"payload":{"header":{"channel_header":{"channel_id":"mychannel", "type":2}},"data":{"config_update":{' '"channel_id":' '"mychannel",' '"isolated_data":' '{},' '"read_set":' '{' '"groups":' '{' '"Application":' '{' '"groups":' '{' '"Org1MSP":' '{' '"groups":' '{},' '"mod_policy":' '"",' '"policies":' '{' '"Admins":' '{' '"mod_policy":' '"",' '"policy":' null, '"version":' '"0"' '},' '"Endorsement":' '{' '"mod_policy":' '"",' '"policy":' null, '"version":' '"0"' '},' '"Readers":' '{' '"mod_policy":' '"",' '"policy":' null, '"version":' '"0"' '},' '"Writers":' '{' '"mod_policy":' '"",' '"policy":' null, '"version":' '"0"' '}' '},' '"values":' '{' '"MSP":' '{' '"mod_policy":' '"",' '"value":' null, '"version":' '"0"' '}' '},' '"version":' '"0"' '}' '},' '"mod_policy":' '"",' '"policies":' '{},' '"values":' '{},' '"version":' '"0"' '}' '},' '"mod_policy":' '"",' '"policies":' '{},' '"values":' '{},' '"version":' '"0"' '},' '"write_set":' '{' '"groups":' '{' '"Application":' '{' '"groups":' '{' '"Org1MSP":' '{' '"groups":' '{},' '"mod_policy":' '"Admins",' '"policies":' '{' '"Admins":' '{' '"mod_policy":' '"",' '"policy":' null, '"version":' '"0"' '},' '"Endorsement":' '{' '"mod_policy":' '"",' '"policy":' null, '"version":' '"0"' '},' '"Readers":' '{' '"mod_policy":' '"",' '"policy":' null, '"version":' '"0"' '},' '"Writers":' '{' '"mod_policy":' '"",' '"policy":' null, '"version":' '"0"' '}' '},' '"values":' '{' '"AnchorPeers":' '{' '"mod_policy":' '"Admins",' '"value":' '{' '"anchor_peers":' '[' '{' '"host":' '"peer0.org1.example.com",' '"port":' 7051 '}' ']' '},' '"version":' '"0"' '},' '"MSP":' '{' '"mod_policy":' '"",' '"value":' null, '"version":' '"0"' '}' '},' '"version":' '"1"' '}' '},' '"mod_policy":' '"",' '"policies":' '{},' '"values":' '{},' '"version":' '"0"' '}' '},' '"mod_policy":' '"",' '"policies":' '{},' '"values":' '{},' '"version":' '"0"' '}' '}}}}'
++ configtxlator proto_encode --input /home/chad/Projects/bench/deploy/docker/.cache/fabric-samples/test-network/channel-artifacts/config_update_in_envelope.json --type common.Envelope --output /home/chad/Projects/bench/deploy/docker/.cache/fabric-samples/test-network/channel-artifacts/Org1MSPanchors.tx
[34m2026-09-16 15:01:38.591 IST 0001 INFO[0m [channelCmd] [34;1mInitCmdFactory[0m -> Endorser and orderer connections initialized
[33m2026-09-16 15:01:38.591 IST 0002 WARN[0m [grpc] [33;1mWarningf[0m -> [core] Adjusting keepalive ping interval to minimum period of 10s
[34m2026-09-16 15:01:38.591 IST 0003 INFO[0m [grpc] [34;1mInfof[0m -> [core] original dial target is: "localhost:7050"
[34m2026-09-16 15:01:38.591 IST 0004 INFO[0m [grpc] [34;1mAddTraceEvent[0m -> [core] [Channel #1] Channel created for target "localhost:7050"
[34m2026-09-16 15:01:38.591 IST 0005 INFO[0m [grpc] [34;1mAddTraceEvent[0m -> [core] [Channel #1] parsed dial target is: resolver.Target{URL:url.URL{Scheme:"passthrough", Opaque:"", User:(*url.Userinfo)(nil), Host:"", Path:"/localhost:7050", Fragment:"", RawQuery:"", RawPath:"", RawFragment:"", ForceQuery:false, OmitHost:false}}
[34m2026-09-16 15:01:38.591 IST 0006 INFO[0m [grpc] [34;1mAddTraceEvent[0m -> [core] [Channel #1] Channel authority set to "orderer.example.com"
[34m2026-09-16 15:01:38.591 IST 0007 INFO[0m [grpc] [34;1mAddTraceEvent[0m -> [core] [Channel #1] Channel Connectivity change to CONNECTING
[34m2026-09-16 15:01:38.591 IST 0008 INFO[0m [grpc] [34;1mAddTraceEvent[0m -> [core] [Channel #1] Resolver state updated: {
  "Addresses": [
    {
      "Addr": "localhost:7050",
      "ServerName": "",
      "Attributes": null,
      "BalancerAttributes": null,
      "Metadata": null
    }
  ],
  "Endpoints": [
    {
      "Addresses": [
        {
          "Addr": "localhost:7050",
          "ServerName": "",
          "Attributes": null,
          "BalancerAttributes": null,
          "Metadata": null
        }
      ],
      "Attributes": null
    }
  ],
  "ServiceConfig": null,
  "Attributes": null
} (resolver returned new addresses)
[34m2026-09-16 15:01:38.591 IST 0009 INFO[0m [grpc] [34;1mAddTraceEvent[0m -> [core] [Channel #1] Channel switches to new LB policy "pick_first"
[34m2026-09-16 15:01:38.591 IST 000a INFO[0m [grpc] [34;1mInfof[0m -> [pick-first-leaf-lb] [pick-first-leaf-lb 0x3651ef4743f0] Received new config {
  "shuffleAddressList": false
}, resolver state {
  "Addresses": [
    {
      "Addr": "localhost:7050",
      "ServerName": "",
      "Attributes": null,
      "BalancerAttributes": null,
      "Metadata": null
    }
  ],
  "Endpoints": [
    {
      "Addresses": [
        {
          "Addr": "localhost:7050",
          "ServerName": "",
          "Attributes": null,
          "BalancerAttributes": null,
          "Metadata": null
        }
      ],
      "Attributes": null
    }
  ],
  "ServiceConfig": null,
  "Attributes": null
}
[34m2026-09-16 15:01:38.591 IST 000b INFO[0m [grpc] [34;1mAddTraceEvent[0m -> [core] [Channel #1 SubChannel #2] Subchannel created
[34m2026-09-16 15:01:38.591 IST 000c INFO[0m [grpc] [34;1mAddTraceEvent[0m -> [core] [Channel #1] Channel exiting idle mode
[34m2026-09-16 15:01:38.591 IST 000d INFO[0m [grpc] [34;1mAddTraceEvent[0m -> [core] [Channel #1 SubChannel #2] Subchannel Connectivity change to CONNECTING
[34m2026-09-16 15:01:38.591 IST 000e INFO[0m [grpc] [34;1mAddTraceEvent[0m -> [core] [Channel #1 SubChannel #2] Subchannel picks a new address "localhost:7050" to connect
[34m2026-09-16 15:01:38.592 IST 000f INFO[0m [grpc] [34;1mAddTraceEvent[0m -> [core] [Channel #1 SubChannel #2] Subchannel Connectivity change to READY
[34m2026-09-16 15:01:38.592 IST 0010 INFO[0m [grpc] [34;1mInfof[0m -> [pick-first-leaf-lb] [pick-first-leaf-lb 0x3651ef4743f0] SubConn 0x3651ef62b090 reported connectivity state READY and the health listener is disabled. Transitioning SubConn to READY.
[34m2026-09-16 15:01:38.592 IST 0011 INFO[0m [grpc] [34;1mAddTraceEvent[0m -> [core] [Channel #1] Channel Connectivity change to READY
[34m2026-09-16 15:01:38.597 IST 0012 INFO[0m [channelCmd] [34;1mupdate[0m -> Successfully submitted channel update
[0;32mAnchor peer set for org 'Org1MSP' on channel 'mychannel'[0m
[0;34mSetting anchor peer for org2...[0m
[0;34mUsing organization 2[0m
[0;34mFetching channel config for channel mychannel[0m
[0;34mUsing organization 2[0m
[0;34mFetching the most recent configuration block for the channel[0m
++ peer channel fetch config /home/chad/Projects/bench/deploy/docker/.cache/fabric-samples/test-network/channel-artifacts/config_block.pb -o localhost:7050 --ordererTLSHostnameOverride orderer.example.com -c mychannel --tls --cafile /home/chad/Projects/bench/deploy/docker/.cache/fabric-samples/test-network/organizations/ordererOrganizations/example.com/tlsca/tlsca.example.com-cert.pem
[33m2026-09-16 15:01:38.621 IST 0001 WARN[0m [grpc] [33;1mWarningf[0m -> [core] Adjusting keepalive ping interval to minimum period of 10s
[34m2026-09-16 15:01:38.621 IST 0002 INFO[0m [grpc] [34;1mInfof[0m -> [core] original dial target is: "localhost:7050"
[34m2026-09-16 15:01:38.621 IST 0003 INFO[0m [grpc] [34;1mAddTraceEvent[0m -> [core] [Channel #1] Channel created for target "localhost:7050"
[34m2026-09-16 15:01:38.621 IST 0004 INFO[0m [grpc] [34;1mAddTraceEvent[0m -> [core] [Channel #1] parsed dial target is: resolver.Target{URL:url.URL{Scheme:"passthrough", Opaque:"", User:(*url.Userinfo)(nil), Host:"", Path:"/localhost:7050", Fragment:"", RawQuery:"", RawPath:"", RawFragment:"", ForceQuery:false, OmitHost:false}}
[34m2026-09-16 15:01:38.621 IST 0005 INFO[0m [grpc] [34;1mAddTraceEvent[0m -> [core] [Channel #1] Channel authority set to "orderer.example.com"
[34m2026-09-16 15:01:38.621 IST 0006 INFO[0m [grpc] [34;1mAddTraceEvent[0m -> [core] [Channel #1] Channel Connectivity change to CONNECTING
[34m2026-09-16 15:01:38.621 IST 0007 INFO[0m [grpc] [34;1mAddTraceEvent[0m -> [core] [Channel #1] Resolver state updated: {
  "Addresses": [
    {
      "Addr": "localhost:7050",
      "ServerName": "",
      "Attributes": null,
      "BalancerAttributes": null,
      "Metadata": null
    }
  ],
  "Endpoints": [
    {
      "Addresses": [
        {
          "Addr": "localhost:7050",
          "ServerName": "",
          "Attributes": null,
          "BalancerAttributes": null,
          "Metadata": null
        }
      ],
      "Attributes": null
    }
  ],
  "ServiceConfig": null,
  "Attributes": null
} (resolver returned new addresses)
[34m2026-09-16 15:01:38.621 IST 0008 INFO[0m [grpc] [34;1mAddTraceEvent[0m -> [core] [Channel #1] Channel switches to new LB policy "pick_first"
[34m2026-09-16 15:01:38.621 IST 0009 INFO[0m [grpc] [34;1mInfof[0m -> [pick-first-leaf-lb] [pick-first-leaf-lb 0x15b0ad9ae750] Received new config {
  "shuffleAddressList": false
}, resolver state {
  "Addresses": [
    {
      "Addr": "localhost:7050",
      "ServerName": "",
      "Attributes": null,
      "BalancerAttributes": null,
      "Metadata": null
    }
  ],
  "Endpoints": [
    {
      "Addresses": [
        {
          "Addr": "localhost:7050",
          "ServerName": "",
          "Attributes": null,
          "BalancerAttributes": null,
          "Metadata": null
        }
      ],
      "Attributes": null
    }
  ],
  "ServiceConfig": null,
  "Attributes": null
}
[34m2026-09-16 15:01:38.621 IST 000a INFO[0m [grpc] [34;1mAddTraceEvent[0m -> [core] [Channel #1 SubChannel #2] Subchannel created
[34m2026-09-16 15:01:38.621 IST 000b INFO[0m [grpc] [34;1mAddTraceEvent[0m -> [core] [Channel #1] Channel exiting idle mode
[34m2026-09-16 15:01:38.621 IST 000c INFO[0m [grpc] [34;1mAddTraceEvent[0m -> [core] [Channel #1 SubChannel #2] Subchannel Connectivity change to CONNECTING
[34m2026-09-16 15:01:38.621 IST 000d INFO[0m [grpc] [34;1mAddTraceEvent[0m -> [core] [Channel #1 SubChannel #2] Subchannel picks a new address "localhost:7050" to connect
[34m2026-09-16 15:01:38.622 IST 000e INFO[0m [grpc] [34;1mAddTraceEvent[0m -> [core] [Channel #1 SubChannel #2] Subchannel Connectivity change to READY
[34m2026-09-16 15:01:38.622 IST 000f INFO[0m [grpc] [34;1mInfof[0m -> [pick-first-leaf-lb] [pick-first-leaf-lb 0x15b0ad9ae750] SubConn 0x15b0ad915130 reported connectivity state READY and the health listener is disabled. Transitioning SubConn to READY.
[34m2026-09-16 15:01:38.622 IST 0010 INFO[0m [grpc] [34;1mAddTraceEvent[0m -> [core] [Channel #1] Channel Connectivity change to READY
[34m2026-09-16 15:01:38.622 IST 0011 INFO[0m [channelCmd] [34;1mInitCmdFactory[0m -> Endorser and orderer connections initialized
[34m2026-09-16 15:01:38.624 IST 0012 INFO[0m [cli.common] [34;1mreadBlock[0m -> Received block: 0
[34m2026-09-16 15:01:38.624 IST 0013 INFO[0m [channelCmd] [34;1mfetch[0m -> Retrieving last config block: 0
[34m2026-09-16 15:01:38.624 IST 0014 INFO[0m [cli.common] [34;1mreadBlock[0m -> Received block: 0
[0;34mDecoding config block to JSON and isolating config to /home/chad/Projects/bench/deploy/docker/.cache/fabric-samples/test-network/channel-artifacts/Org2MSPconfig.json[0m
++ configtxlator proto_decode --input /home/chad/Projects/bench/deploy/docker/.cache/fabric-samples/test-network/channel-artifacts/config_block.pb --type common.Block --output /home/chad/Projects/bench/deploy/docker/.cache/fabric-samples/test-network/channel-artifacts/config_block.json
++ jq '.data.data[0].payload.data.config' /home/chad/Projects/bench/deploy/docker/.cache/fabric-samples/test-network/channel-artifacts/config_block.json
++ res=0
[0;34mGenerating anchor peer update transaction for Org2 on channel mychannel[0m
++ jq '.channel_group.groups.Application.groups.Org2MSP.values += {"AnchorPeers":{"mod_policy": "Admins","value":{"anchor_peers": [{"host": "peer0.org2.example.com","port": 9051}]},"version": "0"}}' /home/chad/Projects/bench/deploy/docker/.cache/fabric-samples/test-network/channel-artifacts/Org2MSPconfig.json
++ res=0
++ configtxlator proto_encode --input /home/chad/Projects/bench/deploy/docker/.cache/fabric-samples/test-network/channel-artifacts/Org2MSPconfig.json --type common.Config --output /home/chad/Projects/bench/deploy/docker/.cache/fabric-samples/test-network/channel-artifacts/original_config.pb
++ configtxlator proto_encode --input /home/chad/Projects/bench/deploy/docker/.cache/fabric-samples/test-network/channel-artifacts/Org2MSPmodified_config.json --type common.Config --output /home/chad/Projects/bench/deploy/docker/.cache/fabric-samples/test-network/channel-artifacts/modified_config.pb
++ configtxlator compute_update --channel_id mychannel --original /home/chad/Projects/bench/deploy/docker/.cache/fabric-samples/test-network/channel-artifacts/original_config.pb --updated /home/chad/Projects/bench/deploy/docker/.cache/fabric-samples/test-network/channel-artifacts/modified_config.pb --output /home/chad/Projects/bench/deploy/docker/.cache/fabric-samples/test-network/channel-artifacts/config_update.pb
++ configtxlator proto_decode --input /home/chad/Projects/bench/deploy/docker/.cache/fabric-samples/test-network/channel-artifacts/config_update.pb --type common.ConfigUpdate --output /home/chad/Projects/bench/deploy/docker/.cache/fabric-samples/test-network/channel-artifacts/config_update.json
++ jq .
+++ cat /home/chad/Projects/bench/deploy/docker/.cache/fabric-samples/test-network/channel-artifacts/config_update.json
++ echo '{"payload":{"header":{"channel_header":{"channel_id":"mychannel", "type":2}},"data":{"config_update":{' '"channel_id":' '"mychannel",' '"isolated_data":' '{},' '"read_set":' '{' '"groups":' '{' '"Application":' '{' '"groups":' '{' '"Org2MSP":' '{' '"groups":' '{},' '"mod_policy":' '"",' '"policies":' '{' '"Admins":' '{' '"mod_policy":' '"",' '"policy":' null, '"version":' '"0"' '},' '"Endorsement":' '{' '"mod_policy":' '"",' '"policy":' null, '"version":' '"0"' '},' '"Readers":' '{' '"mod_policy":' '"",' '"policy":' null, '"version":' '"0"' '},' '"Writers":' '{' '"mod_policy":' '"",' '"policy":' null, '"version":' '"0"' '}' '},' '"values":' '{' '"MSP":' '{' '"mod_policy":' '"",' '"value":' null, '"version":' '"0"' '}' '},' '"version":' '"0"' '}' '},' '"mod_policy":' '"",' '"policies":' '{},' '"values":' '{},' '"version":' '"0"' '}' '},' '"mod_policy":' '"",' '"policies":' '{},' '"values":' '{},' '"version":' '"0"' '},' '"write_set":' '{' '"groups":' '{' '"Application":' '{' '"groups":' '{' '"Org2MSP":' '{' '"groups":' '{},' '"mod_policy":' '"Admins",' '"policies":' '{' '"Admins":' '{' '"mod_policy":' '"",' '"policy":' null, '"version":' '"0"' '},' '"Endorsement":' '{' '"mod_policy":' '"",' '"policy":' null, '"version":' '"0"' '},' '"Readers":' '{' '"mod_policy":' '"",' '"policy":' null, '"version":' '"0"' '},' '"Writers":' '{' '"mod_policy":' '"",' '"policy":' null, '"version":' '"0"' '}' '},' '"values":' '{' '"AnchorPeers":' '{' '"mod_policy":' '"Admins",' '"value":' '{' '"anchor_peers":' '[' '{' '"host":' '"peer0.org2.example.com",' '"port":' 9051 '}' ']' '},' '"version":' '"0"' '},' '"MSP":' '{' '"mod_policy":' '"",' '"value":' null, '"version":' '"0"' '}' '},' '"version":' '"1"' '}' '},' '"mod_policy":' '"",' '"policies":' '{},' '"values":' '{},' '"version":' '"0"' '}' '},' '"mod_policy":' '"",' '"policies":' '{},' '"values":' '{},' '"version":' '"0"' '}' '}}}}'
++ configtxlator proto_encode --input /home/chad/Projects/bench/deploy/docker/.cache/fabric-samples/test-network/channel-artifacts/config_update_in_envelope.json --type common.Envelope --output /home/chad/Projects/bench/deploy/docker/.cache/fabric-samples/test-network/channel-artifacts/Org2MSPanchors.tx
[34m2026-09-16 15:01:38.681 IST 0001 INFO[0m [channelCmd] [34;1mInitCmdFactory[0m -> Endorser and orderer connections initialized
[33m2026-09-16 15:01:38.682 IST 0002 WARN[0m [grpc] [33;1mWarningf[0m -> [core] Adjusting keepalive ping interval to minimum period of 10s
[34m2026-09-16 15:01:38.682 IST 0003 INFO[0m [grpc] [34;1mInfof[0m -> [core] original dial target is: "localhost:7050"
[34m2026-09-16 15:01:38.682 IST 0004 INFO[0m [grpc] [34;1mAddTraceEvent[0m -> [core] [Channel #1] Channel created for target "localhost:7050"
[34m2026-09-16 15:01:38.682 IST 0005 INFO[0m [grpc] [34;1mAddTraceEvent[0m -> [core] [Channel #1] parsed dial target is: resolver.Target{URL:url.URL{Scheme:"passthrough", Opaque:"", User:(*url.Userinfo)(nil), Host:"", Path:"/localhost:7050", Fragment:"", RawQuery:"", RawPath:"", RawFragment:"", ForceQuery:false, OmitHost:false}}
[34m2026-09-16 15:01:38.682 IST 0006 INFO[0m [grpc] [34;1mAddTraceEvent[0m -> [core] [Channel #1] Channel authority set to "orderer.example.com"
[34m2026-09-16 15:01:38.682 IST 0007 INFO[0m [grpc] [34;1mAddTraceEvent[0m -> [core] [Channel #1] Channel Connectivity change to CONNECTING
[34m2026-09-16 15:01:38.682 IST 0008 INFO[0m [grpc] [34;1mAddTraceEvent[0m -> [core] [Channel #1] Resolver state updated: {
  "Addresses": [
    {
      "Addr": "localhost:7050",
      "ServerName": "",
      "Attributes": null,
      "BalancerAttributes": null,
      "Metadata": null
    }
  ],
  "Endpoints": [
    {
      "Addresses": [
        {
          "Addr": "localhost:7050",
          "ServerName": "",
          "Attributes": null,
          "BalancerAttributes": null,
          "Metadata": null
        }
      ],
      "Attributes": null
    }
  ],
  "ServiceConfig": null,
  "Attributes": null
} (resolver returned new addresses)
[34m2026-09-16 15:01:38.682 IST 0009 INFO[0m [grpc] [34;1mAddTraceEvent[0m -> [core] [Channel #1] Channel switches to new LB policy "pick_first"
[34m2026-09-16 15:01:38.682 IST 000a INFO[0m [grpc] [34;1mInfof[0m -> [pick-first-leaf-lb] [pick-first-leaf-lb 0xff216bb82d0] Received new config {
  "shuffleAddressList": false
}, resolver state {
  "Addresses": [
    {
      "Addr": "localhost:7050",
      "ServerName": "",
      "Attributes": null,
      "BalancerAttributes": null,
      "Metadata": null
    }
  ],
  "Endpoints": [
    {
      "Addresses": [
        {
          "Addr": "localhost:7050",
          "ServerName": "",
          "Attributes": null,
          "BalancerAttributes": null,
          "Metadata": null
        }
      ],
      "Attributes": null
    }
  ],
  "ServiceConfig": null,
  "Attributes": null
}
[34m2026-09-16 15:01:38.682 IST 000b INFO[0m [grpc] [34;1mAddTraceEvent[0m -> [core] [Channel #1 SubChannel #2] Subchannel created
[34m2026-09-16 15:01:38.682 IST 000c INFO[0m [grpc] [34;1mAddTraceEvent[0m -> [core] [Channel #1] Channel exiting idle mode
[34m2026-09-16 15:01:38.682 IST 000d INFO[0m [grpc] [34;1mAddTraceEvent[0m -> [core] [Channel #1 SubChannel #2] Subchannel Connectivity change to CONNECTING
[34m2026-09-16 15:01:38.682 IST 000e INFO[0m [grpc] [34;1mAddTraceEvent[0m -> [core] [Channel #1 SubChannel #2] Subchannel picks a new address "localhost:7050" to connect
[34m2026-09-16 15:01:38.684 IST 000f INFO[0m [grpc] [34;1mAddTraceEvent[0m -> [core] [Channel #1 SubChannel #2] Subchannel Connectivity change to READY
[34m2026-09-16 15:01:38.684 IST 0010 INFO[0m [grpc] [34;1mInfof[0m -> [pick-first-leaf-lb] [pick-first-leaf-lb 0xff216bb82d0] SubConn 0xff216c215e0 reported connectivity state READY and the health listener is disabled. Transitioning SubConn to READY.
[34m2026-09-16 15:01:38.684 IST 0011 INFO[0m [grpc] [34;1mAddTraceEvent[0m -> [core] [Channel #1] Channel Connectivity change to READY
[34m2026-09-16 15:01:38.689 IST 0012 INFO[0m [channelCmd] [34;1mupdate[0m -> Successfully submitted channel update
[0;32mAnchor peer set for org 'Org2MSP' on channel 'mychannel'[0m
[0;32mChannel 'mychannel' joined[0m
[0;34mUsing docker and docker-compose[0m
[0;34mdeploying chaincode on channel 'mychannel'[0m
executing with the following
- CHANNEL_NAME: [0;32mmychannel[0m
- CC_NAME: [0;32mkvstore[0m
- CC_SRC_PATH: [0;32m/home/chad/Projects/bench/chaincodes/kvstore[0m
- CC_SRC_LANGUAGE: [0;32mgo[0m
- CC_VERSION: [0;32m1.0[0m
- CC_SEQUENCE: [0;32m1[0m
- CC_END_POLICY: [0;32mNA[0m
- CC_COLL_CONFIG: [0;32mNA[0m
- CC_INIT_FCN: [0;32mNA[0m
- DELAY: [0;32m3[0m
- MAX_RETRY: [0;32m5[0m
- VERBOSE: [0;32mfalse[0m
executing with the following
- CC_NAME: [0;32mkvstore[0m
- CC_SRC_PATH: [0;32m/home/chad/Projects/bench/chaincodes/kvstore[0m
- CC_SRC_LANGUAGE: [0;32mgo[0m
- CC_VERSION: [0;32m1.0[0m
[0;34mVendoring Go dependencies at /home/chad/Projects/bench/chaincodes/kvstore[0m
/home/chad/Projects/bench/chaincodes/kvstore /home/chad/Projects/bench/deploy/docker/.cache/fabric-samples/test-network
/home/chad/Projects/bench/deploy/docker/.cache/fabric-samples/test-network
[0;32mFinished vendoring Go dependencies[0m
+ '[' false = true ']'
+ peer lifecycle chaincode package kvstore.tar.gz --path /home/chad/Projects/bench/chaincodes/kvstore --lang golang --label kvstore_1.0
+ res=0
[0;32mChaincode is packaged[0m
[0;34mInstalling chaincode on peer0.org1...[0m
[0;34mUsing organization 1[0m
+ peer lifecycle chaincode queryinstalled --output json
+ jq -r 'try (.installed_chaincodes[].package_id)'
+ grep '^kvstore_1.0:e88284a33ff8806958375f99312782794164d62aac26fe22876f2c72fb6294d9$'
[34m2026-09-16 15:01:40.406 IST 0001 INFO[0m [grpc] [34;1mInfof[0m -> [core] original dial target is: "localhost:7051"
[34m2026-09-16 15:01:40.406 IST 0002 INFO[0m [grpc] [34;1mAddTraceEvent[0m -> [core] [Channel #1] Channel created for target "localhost:7051"
[34m2026-09-16 15:01:40.406 IST 0003 INFO[0m [grpc] [34;1mAddTraceEvent[0m -> [core] [Channel #1] parsed dial target is: resolver.Target{URL:url.URL{Scheme:"passthrough", Opaque:"", User:(*url.Userinfo)(nil), Host:"", Path:"/localhost:7051", Fragment:"", RawQuery:"", RawPath:"", RawFragment:"", ForceQuery:false, OmitHost:false}}
[34m2026-09-16 15:01:40.406 IST 0004 INFO[0m [grpc] [34;1mAddTraceEvent[0m -> [core] [Channel #1] Channel authority set to "localhost:7051"
[34m2026-09-16 15:01:40.406 IST 0005 INFO[0m [grpc] [34;1mAddTraceEvent[0m -> [core] [Channel #1] Channel Connectivity change to CONNECTING
[34m2026-09-16 15:01:40.406 IST 0006 INFO[0m [grpc] [34;1mAddTraceEvent[0m -> [core] [Channel #1] Resolver state updated: {
  "Addresses": [
    {
      "Addr": "localhost:7051",
      "ServerName": "",
      "Attributes": null,
      "BalancerAttributes": null,
      "Metadata": null
    }
  ],
  "Endpoints": [
    {
      "Addresses": [
        {
          "Addr": "localhost:7051",
          "ServerName": "",
          "Attributes": null,
          "BalancerAttributes": null,
          "Metadata": null
        }
      ],
      "Attributes": null
    }
  ],
  "ServiceConfig": null,
  "Attributes": null
} (resolver returned new addresses)
[34m2026-09-16 15:01:40.406 IST 0007 INFO[0m [grpc] [34;1mAddTraceEvent[0m -> [core] [Channel #1] Channel switches to new LB policy "pick_first"
[34m2026-09-16 15:01:40.406 IST 0008 INFO[0m [grpc] [34;1mInfof[0m -> [pick-first-leaf-lb] [pick-first-leaf-lb 0x1972d79e0750] Received new config {
  "shuffleAddressList": false
}, resolver state {
  "Addresses": [
    {
      "Addr": "localhost:7051",
      "ServerName": "",
      "Attributes": null,
      "BalancerAttributes": null,
      "Metadata": null
    }
  ],
  "Endpoints": [
    {
      "Addresses": [
        {
          "Addr": "localhost:7051",
          "ServerName": "",
          "Attributes": null,
          "BalancerAttributes": null,
          "Metadata": null
        }
      ],
      "Attributes": null
    }
  ],
  "ServiceConfig": null,
  "Attributes": null
}
[34m2026-09-16 15:01:40.406 IST 0009 INFO[0m [grpc] [34;1mAddTraceEvent[0m -> [core] [Channel #1 SubChannel #2] Subchannel created
[34m2026-09-16 15:01:40.406 IST 000a INFO[0m [grpc] [34;1mAddTraceEvent[0m -> [core] [Channel #1] Channel exiting idle mode
[34m2026-09-16 15:01:40.406 IST 000b INFO[0m [grpc] [34;1mAddTraceEvent[0m -> [core] [Channel #1 SubChannel #2] Subchannel Connectivity change to CONNECTING
[34m2026-09-16 15:01:40.406 IST 000c INFO[0m [grpc] [34;1mAddTraceEvent[0m -> [core] [Channel #1 SubChannel #2] Subchannel picks a new address "localhost:7051" to connect
[34m2026-09-16 15:01:40.408 IST 000d INFO[0m [grpc] [34;1mAddTraceEvent[0m -> [core] [Channel #1 SubChannel #2] Subchannel Connectivity change to READY
[34m2026-09-16 15:01:40.408 IST 000e INFO[0m [grpc] [34;1mInfof[0m -> [pick-first-leaf-lb] [pick-first-leaf-lb 0x1972d79e0750] SubConn 0x1972d7a23810 reported connectivity state READY and the health listener is disabled. Transitioning SubConn to READY.
[34m2026-09-16 15:01:40.408 IST 000f INFO[0m [grpc] [34;1mAddTraceEvent[0m -> [core] [Channel #1] Channel Connectivity change to READY
[34m2026-09-16 15:01:40.408 IST 0010 INFO[0m [grpc] [34;1mInfof[0m -> [core] original dial target is: "localhost:7051"
[34m2026-09-16 15:01:40.408 IST 0011 INFO[0m [grpc] [34;1mAddTraceEvent[0m -> [core] [Channel #4] Channel created for target "localhost:7051"
[34m2026-09-16 15:01:40.408 IST 0012 INFO[0m [grpc] [34;1mAddTraceEvent[0m -> [core] [Channel #4] parsed dial target is: resolver.Target{URL:url.URL{Scheme:"passthrough", Opaque:"", User:(*url.Userinfo)(nil), Host:"", Path:"/localhost:7051", Fragment:"", RawQuery:"", RawPath:"", RawFragment:"", ForceQuery:false, OmitHost:false}}
[34m2026-09-16 15:01:40.408 IST 0013 INFO[0m [grpc] [34;1mAddTraceEvent[0m -> [core] [Channel #4] Channel authority set to "localhost:7051"
[34m2026-09-16 15:01:40.408 IST 0014 INFO[0m [grpc] [34;1mAddTraceEvent[0m -> [core] [Channel #4] Channel Connectivity change to CONNECTING
[34m2026-09-16 15:01:40.408 IST 0015 INFO[0m [grpc] [34;1mAddTraceEvent[0m -> [core] [Channel #4] Resolver state updated: {
  "Addresses": [
    {
      "Addr": "localhost:7051",
      "ServerName": "",
      "Attributes": null,
      "BalancerAttributes": null,
      "Metadata": null
    }
  ],
  "Endpoints": [
    {
      "Addresses": [
        {
          "Addr": "localhost:7051",
          "ServerName": "",
          "Attributes": null,
          "BalancerAttributes": null,
          "Metadata": null
        }
      ],
      "Attributes": null
    }
  ],
  "ServiceConfig": null,
  "Attributes": null
} (resolver returned new addresses)
[34m2026-09-16 15:01:40.408 IST 0016 INFO[0m [grpc] [34;1mAddTraceEvent[0m -> [core] [Channel #4] Channel switches to new LB policy "pick_first"
[34m2026-09-16 15:01:40.408 IST 0017 INFO[0m [grpc] [34;1mInfof[0m -> [pick-first-leaf-lb] [pick-first-leaf-lb 0x1972d79e0990] Received new config {
  "shuffleAddressList": false
}, resolver state {
  "Addresses": [
    {
      "Addr": "localhost:7051",
      "ServerName": "",
      "Attributes": null,
      "BalancerAttributes": null,
      "Metadata": null
    }
  ],
  "Endpoints": [
    {
      "Addresses": [
        {
          "Addr": "localhost:7051",
          "ServerName": "",
          "Attributes": null,
          "BalancerAttributes": null,
          "Metadata": null
        }
      ],
      "Attributes": null
    }
  ],
  "ServiceConfig": null,
  "Attributes": null
}
[34m2026-09-16 15:01:40.408 IST 0018 INFO[0m [grpc] [34;1mAddTraceEvent[0m -> [core] [Channel #4 SubChannel #5] Subchannel created
[34m2026-09-16 15:01:40.408 IST 0019 INFO[0m [grpc] [34;1mAddTraceEvent[0m -> [core] [Channel #4] Channel exiting idle mode
[34m2026-09-16 15:01:40.408 IST 001a INFO[0m [grpc] [34;1mAddTraceEvent[0m -> [core] [Channel #4 SubChannel #5] Subchannel Connectivity change to CONNECTING
[34m2026-09-16 15:01:40.408 IST 001b INFO[0m [grpc] [34;1mAddTraceEvent[0m -> [core] [Channel #4 SubChannel #5] Subchannel picks a new address "localhost:7051" to connect
[34m2026-09-16 15:01:40.409 IST 001c INFO[0m [grpc] [34;1mAddTraceEvent[0m -> [core] [Channel #4 SubChannel #5] Subchannel Connectivity change to READY
[34m2026-09-16 15:01:40.409 IST 001d INFO[0m [grpc] [34;1mInfof[0m -> [pick-first-leaf-lb] [pick-first-leaf-lb 0x1972d79e0990] SubConn 0x1972d7b27d60 reported connectivity state READY and the health listener is disabled. Transitioning SubConn to READY.
[34m2026-09-16 15:01:40.409 IST 001e INFO[0m [grpc] [34;1mAddTraceEvent[0m -> [core] [Channel #4] Channel Connectivity change to READY
+ test 1 -ne 0
+ peer lifecycle chaincode install kvstore.tar.gz
+ res=0
[34m2026-09-16 15:01:40.433 IST 0001 INFO[0m [grpc] [34;1mInfof[0m -> [core] original dial target is: "localhost:7051"
[34m2026-09-16 15:01:40.434 IST 0002 INFO[0m [grpc] [34;1mAddTraceEvent[0m -> [core] [Channel #1] Channel created for target "localhost:7051"
[34m2026-09-16 15:01:40.434 IST 0003 INFO[0m [grpc] [34;1mAddTraceEvent[0m -> [core] [Channel #1] parsed dial target is: resolver.Target{URL:url.URL{Scheme:"passthrough", Opaque:"", User:(*url.Userinfo)(nil), Host:"", Path:"/localhost:7051", Fragment:"", RawQuery:"", RawPath:"", RawFragment:"", ForceQuery:false, OmitHost:false}}
[34m2026-09-16 15:01:40.434 IST 0004 INFO[0m [grpc] [34;1mAddTraceEvent[0m -> [core] [Channel #1] Channel authority set to "localhost:7051"
[34m2026-09-16 15:01:40.434 IST 0005 INFO[0m [grpc] [34;1mAddTraceEvent[0m -> [core] [Channel #1] Channel Connectivity change to CONNECTING
[34m2026-09-16 15:01:40.434 IST 0006 INFO[0m [grpc] [34;1mAddTraceEvent[0m -> [core] [Channel #1] Resolver state updated: {
  "Addresses": [
    {
      "Addr": "localhost:7051",
      "ServerName": "",
      "Attributes": null,
      "BalancerAttributes": null,
      "Metadata": null
    }
  ],
  "Endpoints": [
    {
      "Addresses": [
        {
          "Addr": "localhost:7051",
          "ServerName": "",
          "Attributes": null,
          "BalancerAttributes": null,
          "Metadata": null
        }
      ],
      "Attributes": null
    }
  ],
  "ServiceConfig": null,
  "Attributes": null
} (resolver returned new addresses)
[34m2026-09-16 15:01:40.434 IST 0007 INFO[0m [grpc] [34;1mAddTraceEvent[0m -> [core] [Channel #1] Channel switches to new LB policy "pick_first"
[34m2026-09-16 15:01:40.434 IST 0008 INFO[0m [grpc] [34;1mInfof[0m -> [pick-first-leaf-lb] [pick-first-leaf-lb 0xeae5eaa6630] Received new config {
  "shuffleAddressList": false
}, resolver state {
  "Addresses": [
    {
      "Addr": "localhost:7051",
      "ServerName": "",
      "Attributes": null,
      "BalancerAttributes": null,
      "Metadata": null
    }
  ],
  "Endpoints": [
    {
      "Addresses": [
        {
          "Addr": "localhost:7051",
          "ServerName": "",
          "Attributes": null,
          "BalancerAttributes": null,
          "Metadata": null
        }
      ],
      "Attributes": null
    }
  ],
  "ServiceConfig": null,
  "Attributes": null
}
[34m2026-09-16 15:01:40.434 IST 0009 INFO[0m [grpc] [34;1mAddTraceEvent[0m -> [core] [Channel #1 SubChannel #2] Subchannel created
[34m2026-09-16 15:01:40.434 IST 000a INFO[0m [grpc] [34;1mAddTraceEvent[0m -> [core] [Channel #1] Channel exiting idle mode
[34m2026-09-16 15:01:40.434 IST 000b INFO[0m [grpc] [34;1mAddTraceEvent[0m -> [core] [Channel #1 SubChannel #2] Subchannel Connectivity change to CONNECTING
[34m2026-09-16 15:01:40.434 IST 000c INFO[0m [grpc] [34;1mAddTraceEvent[0m -> [core] [Channel #1 SubChannel #2] Subchannel picks a new address "localhost:7051" to connect
[34m2026-09-16 15:01:40.435 IST 000d INFO[0m [grpc] [34;1mAddTraceEvent[0m -> [core] [Channel #1 SubChannel #2] Subchannel Connectivity change to READY
[34m2026-09-16 15:01:40.435 IST 000e INFO[0m [grpc] [34;1mInfof[0m -> [pick-first-leaf-lb] [pick-first-leaf-lb 0xeae5eaa6630] SubConn 0xeae5ead3a90 reported connectivity state READY and the health listener is disabled. Transitioning SubConn to READY.
[34m2026-09-16 15:01:40.435 IST 000f INFO[0m [grpc] [34;1mAddTraceEvent[0m -> [core] [Channel #1] Channel Connectivity change to READY
[34m2026-09-16 15:01:40.435 IST 0010 INFO[0m [grpc] [34;1mInfof[0m -> [core] original dial target is: "localhost:7051"
[34m2026-09-16 15:01:40.435 IST 0011 INFO[0m [grpc] [34;1mAddTraceEvent[0m -> [core] [Channel #4] Channel created for target "localhost:7051"
[34m2026-09-16 15:01:40.435 IST 0012 INFO[0m [grpc] [34;1mAddTraceEvent[0m -> [core] [Channel #4] parsed dial target is: resolver.Target{URL:url.URL{Scheme:"passthrough", Opaque:"", User:(*url.Userinfo)(nil), Host:"", Path:"/localhost:7051", Fragment:"", RawQuery:"", RawPath:"", RawFragment:"", ForceQuery:false, OmitHost:false}}
[34m2026-09-16 15:01:40.435 IST 0013 INFO[0m [grpc] [34;1mAddTraceEvent[0m -> [core] [Channel #4] Channel authority set to "localhost:7051"
[34m2026-09-16 15:01:40.435 IST 0014 INFO[0m [grpc] [34;1mAddTraceEvent[0m -> [core] [Channel #4] Channel Connectivity change to CONNECTING
[34m2026-09-16 15:01:40.435 IST 0015 INFO[0m [grpc] [34;1mAddTraceEvent[0m -> [core] [Channel #4] Resolver state updated: {
  "Addresses": [
    {
      "Addr": "localhost:7051",
      "ServerName": "",
      "Attributes": null,
      "BalancerAttributes": null,
      "Metadata": null
    }
  ],
  "Endpoints": [
    {
      "Addresses": [
        {
          "Addr": "localhost:7051",
          "ServerName": "",
          "Attributes": null,
          "BalancerAttributes": null,
          "Metadata": null
        }
      ],
      "Attributes": null
    }
  ],
  "ServiceConfig": null,
  "Attributes": null
} (resolver returned new addresses)
[34m2026-09-16 15:01:40.435 IST 0016 INFO[0m [grpc] [34;1mAddTraceEvent[0m -> [core] [Channel #4] Channel switches to new LB policy "pick_first"
[34m2026-09-16 15:01:40.435 IST 0017 INFO[0m [grpc] [34;1mInfof[0m -> [pick-first-leaf-lb] [pick-first-leaf-lb 0xeae5e92d050] Received new config {
  "shuffleAddressList": false
}, resolver state {
  "Addresses": [
    {
      "Addr": "localhost:7051",
      "ServerName": "",
      "Attributes": null,
      "BalancerAttributes": null,
      "Metadata": null
    }
  ],
  "Endpoints": [
    {
      "Addresses": [
        {
          "Addr": "localhost:7051",
          "ServerName": "",
          "Attributes": null,
          "BalancerAttributes": null,
          "Metadata": null
        }
      ],
      "Attributes": null
    }
  ],
  "ServiceConfig": null,
  "Attributes": null
}
[34m2026-09-16 15:01:40.435 IST 0018 INFO[0m [grpc] [34;1mAddTraceEvent[0m -> [core] [Channel #4 SubChannel #5] Subchannel created
[34m2026-09-16 15:01:40.435 IST 0019 INFO[0m [grpc] [34;1mAddTraceEvent[0m -> [core] [Channel #4] Channel exiting idle mode
[34m2026-09-16 15:01:40.435 IST 001a INFO[0m [grpc] [34;1mAddTraceEvent[0m -> [core] [Channel #4 SubChannel #5] Subchannel Connectivity change to CONNECTING
[34m2026-09-16 15:01:40.435 IST 001b INFO[0m [grpc] [34;1mAddTraceEvent[0m -> [core] [Channel #4 SubChannel #5] Subchannel picks a new address "localhost:7051" to connect
[34m2026-09-16 15:01:40.436 IST 001c INFO[0m [grpc] [34;1mAddTraceEvent[0m -> [core] [Channel #4 SubChannel #5] Subchannel Connectivity change to READY
[34m2026-09-16 15:01:40.436 IST 001d INFO[0m [grpc] [34;1mInfof[0m -> [pick-first-leaf-lb] [pick-first-leaf-lb 0xeae5e92d050] SubConn 0xeae5ec3ef00 reported connectivity state READY and the health listener is disabled. Transitioning SubConn to READY.
[34m2026-09-16 15:01:40.436 IST 001e INFO[0m [grpc] [34;1mAddTraceEvent[0m -> [core] [Channel #4] Channel Connectivity change to READY
[34m2026-09-16 15:01:47.449 IST 001f INFO[0m [cli.lifecycle.chaincode] [34;1msubmitInstallProposal[0m -> Installed remotely: response:{status:200 payload:"\nLkvstore_1.0:e88284a33ff8806958375f99312782794164d62aac26fe22876f2c72fb6294d9\x12\x0bkvstore_1.0"}
[34m2026-09-16 15:01:47.450 IST 0020 INFO[0m [cli.lifecycle.chaincode] [34;1msubmitInstallProposal[0m -> Chaincode code package identifier: kvstore_1.0:e88284a33ff8806958375f99312782794164d62aac26fe22876f2c72fb6294d9
[0;32mChaincode is installed on peer0.org1[0m
[0;34mInstall chaincode on peer0.org2...[0m
[0;34mUsing organization 2[0m
+ peer lifecycle chaincode queryinstalled --output json
+ jq -r 'try (.installed_chaincodes[].package_id)'
+ grep '^kvstore_1.0:e88284a33ff8806958375f99312782794164d62aac26fe22876f2c72fb6294d9$'
[34m2026-09-16 15:01:47.475 IST 0001 INFO[0m [grpc] [34;1mInfof[0m -> [core] original dial target is: "localhost:9051"
[34m2026-09-16 15:01:47.475 IST 0002 INFO[0m [grpc] [34;1mAddTraceEvent[0m -> [core] [Channel #1] Channel created for target "localhost:9051"
[34m2026-09-16 15:01:47.475 IST 0003 INFO[0m [grpc] [34;1mAddTraceEvent[0m -> [core] [Channel #1] parsed dial target is: resolver.Target{URL:url.URL{Scheme:"passthrough", Opaque:"", User:(*url.Userinfo)(nil), Host:"", Path:"/localhost:9051", Fragment:"", RawQuery:"", RawPath:"", RawFragment:"", ForceQuery:false, OmitHost:false}}
[34m2026-09-16 15:01:47.475 IST 0004 INFO[0m [grpc] [34;1mAddTraceEvent[0m -> [core] [Channel #1] Channel authority set to "localhost:9051"
[34m2026-09-16 15:01:47.475 IST 0005 INFO[0m [grpc] [34;1mAddTraceEvent[0m -> [core] [Channel #1] Channel Connectivity change to CONNECTING
[34m2026-09-16 15:01:47.475 IST 0006 INFO[0m [grpc] [34;1mAddTraceEvent[0m -> [core] [Channel #1] Resolver state updated: {
  "Addresses": [
    {
      "Addr": "localhost:9051",
      "ServerName": "",
      "Attributes": null,
      "BalancerAttributes": null,
      "Metadata": null
    }
  ],
  "Endpoints": [
    {
      "Addresses": [
        {
          "Addr": "localhost:9051",
          "ServerName": "",
          "Attributes": null,
          "BalancerAttributes": null,
          "Metadata": null
        }
      ],
      "Attributes": null
    }
  ],
  "ServiceConfig": null,
  "Attributes": null
} (resolver returned new addresses)
[34m2026-09-16 15:01:47.475 IST 0007 INFO[0m [grpc] [34;1mAddTraceEvent[0m -> [core] [Channel #1] Channel switches to new LB policy "pick_first"
[34m2026-09-16 15:01:47.475 IST 0008 INFO[0m [grpc] [34;1mInfof[0m -> [pick-first-leaf-lb] [pick-first-leaf-lb 0x2a3bc3dd8750] Received new config {
  "shuffleAddressList": false
}, resolver state {
  "Addresses": [
    {
      "Addr": "localhost:9051",
      "ServerName": "",
      "Attributes": null,
      "BalancerAttributes": null,
      "Metadata": null
    }
  ],
  "Endpoints": [
    {
      "Addresses": [
        {
          "Addr": "localhost:9051",
          "ServerName": "",
          "Attributes": null,
          "BalancerAttributes": null,
          "Metadata": null
        }
      ],
      "Attributes": null
    }
  ],
  "ServiceConfig": null,
  "Attributes": null
}
[34m2026-09-16 15:01:47.475 IST 0009 INFO[0m [grpc] [34;1mAddTraceEvent[0m -> [core] [Channel #1 SubChannel #2] Subchannel created
[34m2026-09-16 15:01:47.475 IST 000a INFO[0m [grpc] [34;1mAddTraceEvent[0m -> [core] [Channel #1] Channel exiting idle mode
[34m2026-09-16 15:01:47.475 IST 000b INFO[0m [grpc] [34;1mAddTraceEvent[0m -> [core] [Channel #1 SubChannel #2] Subchannel Connectivity change to CONNECTING
[34m2026-09-16 15:01:47.475 IST 000c INFO[0m [grpc] [34;1mAddTraceEvent[0m -> [core] [Channel #1 SubChannel #2] Subchannel picks a new address "localhost:9051" to connect
[34m2026-09-16 15:01:47.477 IST 000d INFO[0m [grpc] [34;1mAddTraceEvent[0m -> [core] [Channel #1 SubChannel #2] Subchannel Connectivity change to READY
[34m2026-09-16 15:01:47.477 IST 000e INFO[0m [grpc] [34;1mInfof[0m -> [pick-first-leaf-lb] [pick-first-leaf-lb 0x2a3bc3dd8750] SubConn 0x2a3bc3f22910 reported connectivity state READY and the health listener is disabled. Transitioning SubConn to READY.
[34m2026-09-16 15:01:47.477 IST 000f INFO[0m [grpc] [34;1mAddTraceEvent[0m -> [core] [Channel #1] Channel Connectivity change to READY
[34m2026-09-16 15:01:47.477 IST 0010 INFO[0m [grpc] [34;1mInfof[0m -> [core] original dial target is: "localhost:9051"
[34m2026-09-16 15:01:47.477 IST 0011 INFO[0m [grpc] [34;1mAddTraceEvent[0m -> [core] [Channel #4] Channel created for target "localhost:9051"
[34m2026-09-16 15:01:47.477 IST 0012 INFO[0m [grpc] [34;1mAddTraceEvent[0m -> [core] [Channel #4] parsed dial target is: resolver.Target{URL:url.URL{Scheme:"passthrough", Opaque:"", User:(*url.Userinfo)(nil), Host:"", Path:"/localhost:9051", Fragment:"", RawQuery:"", RawPath:"", RawFragment:"", ForceQuery:false, OmitHost:false}}
[34m2026-09-16 15:01:47.477 IST 0013 INFO[0m [grpc] [34;1mAddTraceEvent[0m -> [core] [Channel #4] Channel authority set to "localhost:9051"
[34m2026-09-16 15:01:47.477 IST 0014 INFO[0m [grpc] [34;1mAddTraceEvent[0m -> [core] [Channel #4] Channel Connectivity change to CONNECTING
[34m2026-09-16 15:01:47.477 IST 0015 INFO[0m [grpc] [34;1mAddTraceEvent[0m -> [core] [Channel #4] Resolver state updated: {
  "Addresses": [
    {
      "Addr": "localhost:9051",
      "ServerName": "",
      "Attributes": null,
      "BalancerAttributes": null,
      "Metadata": null
    }
  ],
  "Endpoints": [
    {
      "Addresses": [
        {
          "Addr": "localhost:9051",
          "ServerName": "",
          "Attributes": null,
          "BalancerAttributes": null,
          "Metadata": null
        }
      ],
      "Attributes": null
    }
  ],
  "ServiceConfig": null,
  "Attributes": null
} (resolver returned new addresses)
[34m2026-09-16 15:01:47.477 IST 0016 INFO[0m [grpc] [34;1mAddTraceEvent[0m -> [core] [Channel #4] Channel switches to new LB policy "pick_first"
[34m2026-09-16 15:01:47.477 IST 0017 INFO[0m [grpc] [34;1mInfof[0m -> [pick-first-leaf-lb] [pick-first-leaf-lb 0x2a3bc3dd8990] Received new config {
  "shuffleAddressList": false
}, resolver state {
  "Addresses": [
    {
      "Addr": "localhost:9051",
      "ServerName": "",
      "Attributes": null,
      "BalancerAttributes": null,
      "Metadata": null
    }
  ],
  "Endpoints": [
    {
      "Addresses": [
        {
          "Addr": "localhost:9051",
          "ServerName": "",
          "Attributes": null,
          "BalancerAttributes": null,
          "Metadata": null
        }
      ],
      "Attributes": null
    }
  ],
  "ServiceConfig": null,
  "Attributes": null
}
[34m2026-09-16 15:01:47.477 IST 0018 INFO[0m [grpc] [34;1mAddTraceEvent[0m -> [core] [Channel #4 SubChannel #5] Subchannel created
[34m2026-09-16 15:01:47.477 IST 0019 INFO[0m [grpc] [34;1mAddTraceEvent[0m -> [core] [Channel #4] Channel exiting idle mode
[34m2026-09-16 15:01:47.477 IST 001a INFO[0m [grpc] [34;1mAddTraceEvent[0m -> [core] [Channel #4 SubChannel #5] Subchannel Connectivity change to CONNECTING
[34m2026-09-16 15:01:47.477 IST 001b INFO[0m [grpc] [34;1mAddTraceEvent[0m -> [core] [Channel #4 SubChannel #5] Subchannel picks a new address "localhost:9051" to connect
[34m2026-09-16 15:01:47.478 IST 001c INFO[0m [grpc] [34;1mAddTraceEvent[0m -> [core] [Channel #4 SubChannel #5] Subchannel Connectivity change to READY
[34m2026-09-16 15:01:47.478 IST 001d INFO[0m [grpc] [34;1mInfof[0m -> [pick-first-leaf-lb] [pick-first-leaf-lb 0x2a3bc3dd8990] SubConn 0x2a3bc3bfab90 reported connectivity state READY and the health listener is disabled. Transitioning SubConn to READY.
[34m2026-09-16 15:01:47.478 IST 001e INFO[0m [grpc] [34;1mAddTraceEvent[0m -> [core] [Channel #4] Channel Connectivity change to READY
+ test 1 -ne 0
+ peer lifecycle chaincode install kvstore.tar.gz
+ res=0
[34m2026-09-16 15:01:47.505 IST 0001 INFO[0m [grpc] [34;1mInfof[0m -> [core] original dial target is: "localhost:9051"
[34m2026-09-16 15:01:47.505 IST 0002 INFO[0m [grpc] [34;1mAddTraceEvent[0m -> [core] [Channel #1] Channel created for target "localhost:9051"
[34m2026-09-16 15:01:47.505 IST 0003 INFO[0m [grpc] [34;1mAddTraceEvent[0m -> [core] [Channel #1] parsed dial target is: resolver.Target{URL:url.URL{Scheme:"passthrough", Opaque:"", User:(*url.Userinfo)(nil), Host:"", Path:"/localhost:9051", Fragment:"", RawQuery:"", RawPath:"", RawFragment:"", ForceQuery:false, OmitHost:false}}
[34m2026-09-16 15:01:47.505 IST 0004 INFO[0m [grpc] [34;1mAddTraceEvent[0m -> [core] [Channel #1] Channel authority set to "localhost:9051"
[34m2026-09-16 15:01:47.505 IST 0005 INFO[0m [grpc] [34;1mAddTraceEvent[0m -> [core] [Channel #1] Channel Connectivity change to CONNECTING
[34m2026-09-16 15:01:47.505 IST 0006 INFO[0m [grpc] [34;1mAddTraceEvent[0m -> [core] [Channel #1] Resolver state updated: {
  "Addresses": [
    {
      "Addr": "localhost:9051",
      "ServerName": "",
      "Attributes": null,
      "BalancerAttributes": null,
      "Metadata": null
    }
  ],
  "Endpoints": [
    {
      "Addresses": [
        {
          "Addr": "localhost:9051",
          "ServerName": "",
          "Attributes": null,
          "BalancerAttributes": null,
          "Metadata": null
        }
      ],
      "Attributes": null
    }
  ],
  "ServiceConfig": null,
  "Attributes": null
} (resolver returned new addresses)
[34m2026-09-16 15:01:47.505 IST 0007 INFO[0m [grpc] [34;1mAddTraceEvent[0m -> [core] [Channel #1] Channel switches to new LB policy "pick_first"
[34m2026-09-16 15:01:47.505 IST 0008 INFO[0m [grpc] [34;1mInfof[0m -> [pick-first-leaf-lb] [pick-first-leaf-lb 0xe3bc146c7e0] Received new config {
  "shuffleAddressList": false
}, resolver state {
  "Addresses": [
    {
      "Addr": "localhost:9051",
      "ServerName": "",
      "Attributes": null,
      "BalancerAttributes": null,
      "Metadata": null
    }
  ],
  "Endpoints": [
    {
      "Addresses": [
        {
          "Addr": "localhost:9051",
          "ServerName": "",
          "Attributes": null,
          "BalancerAttributes": null,
          "Metadata": null
        }
      ],
      "Attributes": null
    }
  ],
  "ServiceConfig": null,
  "Attributes": null
}
[34m2026-09-16 15:01:47.505 IST 0009 INFO[0m [grpc] [34;1mAddTraceEvent[0m -> [core] [Channel #1 SubChannel #2] Subchannel created
[34m2026-09-16 15:01:47.505 IST 000a INFO[0m [grpc] [34;1mAddTraceEvent[0m -> [core] [Channel #1] Channel exiting idle mode
[34m2026-09-16 15:01:47.506 IST 000b INFO[0m [grpc] [34;1mAddTraceEvent[0m -> [core] [Channel #1 SubChannel #2] Subchannel Connectivity change to CONNECTING
[34m2026-09-16 15:01:47.506 IST 000c INFO[0m [grpc] [34;1mAddTraceEvent[0m -> [core] [Channel #1 SubChannel #2] Subchannel picks a new address "localhost:9051" to connect
[34m2026-09-16 15:01:47.507 IST 000d INFO[0m [grpc] [34;1mAddTraceEvent[0m -> [core] [Channel #1 SubChannel #2] Subchannel Connectivity change to READY
[34m2026-09-16 15:01:47.507 IST 000e INFO[0m [grpc] [34;1mInfof[0m -> [pick-first-leaf-lb] [pick-first-leaf-lb 0xe3bc146c7e0] SubConn 0xe3bc1746d20 reported connectivity state READY and the health listener is disabled. Transitioning SubConn to READY.
[34m2026-09-16 15:01:47.507 IST 000f INFO[0m [grpc] [34;1mAddTraceEvent[0m -> [core] [Channel #1] Channel Connectivity change to READY
[34m2026-09-16 15:01:47.507 IST 0010 INFO[0m [grpc] [34;1mInfof[0m -> [core] original dial target is: "localhost:9051"
[34m2026-09-16 15:01:47.507 IST 0011 INFO[0m [grpc] [34;1mAddTraceEvent[0m -> [core] [Channel #4] Channel created for target "localhost:9051"
[34m2026-09-16 15:01:47.507 IST 0012 INFO[0m [grpc] [34;1mAddTraceEvent[0m -> [core] [Channel #4] parsed dial target is: resolver.Target{URL:url.URL{Scheme:"passthrough", Opaque:"", User:(*url.Userinfo)(nil), Host:"", Path:"/localhost:9051", Fragment:"", RawQuery:"", RawPath:"", RawFragment:"", ForceQuery:false, OmitHost:false}}
[34m2026-09-16 15:01:47.507 IST 0013 INFO[0m [grpc] [34;1mAddTraceEvent[0m -> [core] [Channel #4] Channel authority set to "localhost:9051"
[34m2026-09-16 15:01:47.507 IST 0014 INFO[0m [grpc] [34;1mAddTraceEvent[0m -> [core] [Channel #4] Channel Connectivity change to CONNECTING
[34m2026-09-16 15:01:47.507 IST 0015 INFO[0m [grpc] [34;1mAddTraceEvent[0m -> [core] [Channel #4] Resolver state updated: {
  "Addresses": [
    {
      "Addr": "localhost:9051",
      "ServerName": "",
      "Attributes": null,
      "BalancerAttributes": null,
      "Metadata": null
    }
  ],
  "Endpoints": [
    {
      "Addresses": [
        {
          "Addr": "localhost:9051",
          "ServerName": "",
          "Attributes": null,
          "BalancerAttributes": null,
          "Metadata": null
        }
      ],
      "Attributes": null
    }
  ],
  "ServiceConfig": null,
  "Attributes": null
} (resolver returned new addresses)
[34m2026-09-16 15:01:47.507 IST 0016 INFO[0m [grpc] [34;1mAddTraceEvent[0m -> [core] [Channel #4] Channel switches to new LB policy "pick_first"
[34m2026-09-16 15:01:47.507 IST 0017 INFO[0m [grpc] [34;1mInfof[0m -> [pick-first-leaf-lb] [pick-first-leaf-lb 0xe3bc11a6870] Received new config {
  "shuffleAddressList": false
}, resolver state {
  "Addresses": [
    {
      "Addr": "localhost:9051",
      "ServerName": "",
      "Attributes": null,
      "BalancerAttributes": null,
      "Metadata": null
    }
  ],
  "Endpoints": [
    {
      "Addresses": [
        {
          "Addr": "localhost:9051",
          "ServerName": "",
          "Attributes": null,
          "BalancerAttributes": null,
          "Metadata": null
        }
      ],
      "Attributes": null
    }
  ],
  "ServiceConfig": null,
  "Attributes": null
}
[34m2026-09-16 15:01:47.507 IST 0018 INFO[0m [grpc] [34;1mAddTraceEvent[0m -> [core] [Channel #4 SubChannel #5] Subchannel created
[34m2026-09-16 15:01:47.507 IST 0019 INFO[0m [grpc] [34;1mAddTraceEvent[0m -> [core] [Channel #4] Channel exiting idle mode
[34m2026-09-16 15:01:47.507 IST 001a INFO[0m [grpc] [34;1mAddTraceEvent[0m -> [core] [Channel #4 SubChannel #5] Subchannel Connectivity change to CONNECTING
[34m2026-09-16 15:01:47.507 IST 001b INFO[0m [grpc] [34;1mAddTraceEvent[0m -> [core] [Channel #4 SubChannel #5] Subchannel picks a new address "localhost:9051" to connect
[34m2026-09-16 15:01:47.508 IST 001c INFO[0m [grpc] [34;1mAddTraceEvent[0m -> [core] [Channel #4 SubChannel #5] Subchannel Connectivity change to READY
[34m2026-09-16 15:01:47.508 IST 001d INFO[0m [grpc] [34;1mInfof[0m -> [pick-first-leaf-lb] [pick-first-leaf-lb 0xe3bc11a6870] SubConn 0xe3bc16171d0 reported connectivity state READY and the health listener is disabled. Transitioning SubConn to READY.
[34m2026-09-16 15:01:47.508 IST 001e INFO[0m [grpc] [34;1mAddTraceEvent[0m -> [core] [Channel #4] Channel Connectivity change to READY
[34m2026-09-16 15:01:54.158 IST 001f INFO[0m [cli.lifecycle.chaincode] [34;1msubmitInstallProposal[0m -> Installed remotely: response:{status:200 payload:"\nLkvstore_1.0:e88284a33ff8806958375f99312782794164d62aac26fe22876f2c72fb6294d9\x12\x0bkvstore_1.0"}
[34m2026-09-16 15:01:54.158 IST 0020 INFO[0m [cli.lifecycle.chaincode] [34;1msubmitInstallProposal[0m -> Chaincode code package identifier: kvstore_1.0:e88284a33ff8806958375f99312782794164d62aac26fe22876f2c72fb6294d9
[0;32mChaincode is installed on peer0.org2[0m
[0;34mUsing organization 1[0m
+ peer lifecycle chaincode queryinstalled --output json
+ jq -r 'try (.installed_chaincodes[].package_id)'
+ grep '^kvstore_1.0:e88284a33ff8806958375f99312782794164d62aac26fe22876f2c72fb6294d9$'
[34m2026-09-16 15:01:54.184 IST 0001 INFO[0m [grpc] [34;1mInfof[0m -> [core] original dial target is: "localhost:7051"
[34m2026-09-16 15:01:54.185 IST 0002 INFO[0m [grpc] [34;1mAddTraceEvent[0m -> [core] [Channel #1] Channel created for target "localhost:7051"
[34m2026-09-16 15:01:54.185 IST 0003 INFO[0m [grpc] [34;1mAddTraceEvent[0m -> [core] [Channel #1] parsed dial target is: resolver.Target{URL:url.URL{Scheme:"passthrough", Opaque:"", User:(*url.Userinfo)(nil), Host:"", Path:"/localhost:7051", Fragment:"", RawQuery:"", RawPath:"", RawFragment:"", ForceQuery:false, OmitHost:false}}
[34m2026-09-16 15:01:54.185 IST 0004 INFO[0m [grpc] [34;1mAddTraceEvent[0m -> [core] [Channel #1] Channel authority set to "localhost:7051"
[34m2026-09-16 15:01:54.185 IST 0005 INFO[0m [grpc] [34;1mAddTraceEvent[0m -> [core] [Channel #1] Channel Connectivity change to CONNECTING
[34m2026-09-16 15:01:54.185 IST 0006 INFO[0m [grpc] [34;1mAddTraceEvent[0m -> [core] [Channel #1] Resolver state updated: {
  "Addresses": [
    {
      "Addr": "localhost:7051",
      "ServerName": "",
      "Attributes": null,
      "BalancerAttributes": null,
      "Metadata": null
    }
  ],
  "Endpoints": [
    {
      "Addresses": [
        {
          "Addr": "localhost:7051",
          "ServerName": "",
          "Attributes": null,
          "BalancerAttributes": null,
          "Metadata": null
        }
      ],
      "Attributes": null
    }
  ],
  "ServiceConfig": null,
  "Attributes": null
} (resolver returned new addresses)
[34m2026-09-16 15:01:54.185 IST 0007 INFO[0m [grpc] [34;1mAddTraceEvent[0m -> [core] [Channel #1] Channel switches to new LB policy "pick_first"
[34m2026-09-16 15:01:54.185 IST 0008 INFO[0m [grpc] [34;1mInfof[0m -> [pick-first-leaf-lb] [pick-first-leaf-lb 0x12d75a70e750] Received new config {
  "shuffleAddressList": false
}, resolver state {
  "Addresses": [
    {
      "Addr": "localhost:7051",
      "ServerName": "",
      "Attributes": null,
      "BalancerAttributes": null,
      "Metadata": null
    }
  ],
  "Endpoints": [
    {
      "Addresses": [
        {
          "Addr": "localhost:7051",
          "ServerName": "",
          "Attributes": null,
          "BalancerAttributes": null,
          "Metadata": null
        }
      ],
      "Attributes": null
    }
  ],
  "ServiceConfig": null,
  "Attributes": null
}
[34m2026-09-16 15:01:54.185 IST 0009 INFO[0m [grpc] [34;1mAddTraceEvent[0m -> [core] [Channel #1 SubChannel #2] Subchannel created
[34m2026-09-16 15:01:54.185 IST 000a INFO[0m [grpc] [34;1mAddTraceEvent[0m -> [core] [Channel #1] Channel exiting idle mode
[34m2026-09-16 15:01:54.185 IST 000b INFO[0m [grpc] [34;1mAddTraceEvent[0m -> [core] [Channel #1 SubChannel #2] Subchannel Connectivity change to CONNECTING
[34m2026-09-16 15:01:54.185 IST 000c INFO[0m [grpc] [34;1mAddTraceEvent[0m -> [core] [Channel #1 SubChannel #2] Subchannel picks a new address "localhost:7051" to connect
[34m2026-09-16 15:01:54.186 IST 000d INFO[0m [grpc] [34;1mAddTraceEvent[0m -> [core] [Channel #1 SubChannel #2] Subchannel Connectivity change to READY
[34m2026-09-16 15:01:54.186 IST 000e INFO[0m [grpc] [34;1mInfof[0m -> [pick-first-leaf-lb] [pick-first-leaf-lb 0x12d75a70e750] SubConn 0x12d75aa98a50 reported connectivity state READY and the health listener is disabled. Transitioning SubConn to READY.
[34m2026-09-16 15:01:54.186 IST 000f INFO[0m [grpc] [34;1mAddTraceEvent[0m -> [core] [Channel #1] Channel Connectivity change to READY
[34m2026-09-16 15:01:54.186 IST 0010 INFO[0m [grpc] [34;1mInfof[0m -> [core] original dial target is: "localhost:7051"
[34m2026-09-16 15:01:54.186 IST 0011 INFO[0m [grpc] [34;1mAddTraceEvent[0m -> [core] [Channel #4] Channel created for target "localhost:7051"
[34m2026-09-16 15:01:54.186 IST 0012 INFO[0m [grpc] [34;1mAddTraceEvent[0m -> [core] [Channel #4] parsed dial target is: resolver.Target{URL:url.URL{Scheme:"passthrough", Opaque:"", User:(*url.Userinfo)(nil), Host:"", Path:"/localhost:7051", Fragment:"", RawQuery:"", RawPath:"", RawFragment:"", ForceQuery:false, OmitHost:false}}
[34m2026-09-16 15:01:54.186 IST 0013 INFO[0m [grpc] [34;1mAddTraceEvent[0m -> [core] [Channel #4] Channel authority set to "localhost:7051"
[34m2026-09-16 15:01:54.186 IST 0014 INFO[0m [grpc] [34;1mAddTraceEvent[0m -> [core] [Channel #4] Channel Connectivity change to CONNECTING
[34m2026-09-16 15:01:54.186 IST 0015 INFO[0m [grpc] [34;1mAddTraceEvent[0m -> [core] [Channel #4] Resolver state updated: {
  "Addresses": [
    {
      "Addr": "localhost:7051",
      "ServerName": "",
      "Attributes": null,
      "BalancerAttributes": null,
      "Metadata": null
    }
  ],
  "Endpoints": [
    {
      "Addresses": [
        {
          "Addr": "localhost:7051",
          "ServerName": "",
          "Attributes": null,
          "BalancerAttributes": null,
          "Metadata": null
        }
      ],
      "Attributes": null
    }
  ],
  "ServiceConfig": null,
  "Attributes": null
} (resolver returned new addresses)
[34m2026-09-16 15:01:54.187 IST 0016 INFO[0m [grpc] [34;1mAddTraceEvent[0m -> [core] [Channel #4] Channel switches to new LB policy "pick_first"
[34m2026-09-16 15:01:54.187 IST 0017 INFO[0m [grpc] [34;1mInfof[0m -> [pick-first-leaf-lb] [pick-first-leaf-lb 0x12d75a78e7e0] Received new config {
  "shuffleAddressList": false
}, resolver state {
  "Addresses": [
    {
      "Addr": "localhost:7051",
      "ServerName": "",
      "Attributes": null,
      "BalancerAttributes": null,
      "Metadata": null
    }
  ],
  "Endpoints": [
    {
      "Addresses": [
        {
          "Addr": "localhost:7051",
          "ServerName": "",
          "Attributes": null,
          "BalancerAttributes": null,
          "Metadata": null
        }
      ],
      "Attributes": null
    }
  ],
  "ServiceConfig": null,
  "Attributes": null
}
[34m2026-09-16 15:01:54.187 IST 0018 INFO[0m [grpc] [34;1mAddTraceEvent[0m -> [core] [Channel #4 SubChannel #5] Subchannel created
[34m2026-09-16 15:01:54.187 IST 0019 INFO[0m [grpc] [34;1mAddTraceEvent[0m -> [core] [Channel #4] Channel exiting idle mode
[34m2026-09-16 15:01:54.187 IST 001a INFO[0m [grpc] [34;1mAddTraceEvent[0m -> [core] [Channel #4 SubChannel #5] Subchannel Connectivity change to CONNECTING
[34m2026-09-16 15:01:54.187 IST 001b INFO[0m [grpc] [34;1mAddTraceEvent[0m -> [core] [Channel #4 SubChannel #5] Subchannel picks a new address "localhost:7051" to connect
[34m2026-09-16 15:01:54.188 IST 001c INFO[0m [grpc] [34;1mAddTraceEvent[0m -> [core] [Channel #4 SubChannel #5] Subchannel Connectivity change to READY
[34m2026-09-16 15:01:54.188 IST 001d INFO[0m [grpc] [34;1mInfof[0m -> [pick-first-leaf-lb] [pick-first-leaf-lb 0x12d75a78e7e0] SubConn 0x12d75a60acd0 reported connectivity state READY and the health listener is disabled. Transitioning SubConn to READY.
[34m2026-09-16 15:01:54.188 IST 001e INFO[0m [grpc] [34;1mAddTraceEvent[0m -> [core] [Channel #4] Channel Connectivity change to READY
+ res=0
kvstore_1.0:e88284a33ff8806958375f99312782794164d62aac26fe22876f2c72fb6294d9
[0;32mQuery installed successful on peer0.org1 on channel[0m
[0;34mUsing organization 1[0m
+ peer lifecycle chaincode approveformyorg -o localhost:7050 --ordererTLSHostnameOverride orderer.example.com --tls --cafile /home/chad/Projects/bench/deploy/docker/.cache/fabric-samples/test-network/organizations/ordererOrganizations/example.com/tlsca/tlsca.example.com-cert.pem --channelID mychannel --name kvstore --version 1.0 --package-id kvstore_1.0:e88284a33ff8806958375f99312782794164d62aac26fe22876f2c72fb6294d9 --sequence 1
+ res=0
[34m2026-09-16 15:01:54.213 IST 0001 INFO[0m [grpc] [34;1mInfof[0m -> [core] original dial target is: "localhost:7051"
[34m2026-09-16 15:01:54.213 IST 0002 INFO[0m [grpc] [34;1mAddTraceEvent[0m -> [core] [Channel #1] Channel created for target "localhost:7051"
[34m2026-09-16 15:01:54.213 IST 0003 INFO[0m [grpc] [34;1mAddTraceEvent[0m -> [core] [Channel #1] parsed dial target is: resolver.Target{URL:url.URL{Scheme:"passthrough", Opaque:"", User:(*url.Userinfo)(nil), Host:"", Path:"/localhost:7051", Fragment:"", RawQuery:"", RawPath:"", RawFragment:"", ForceQuery:false, OmitHost:false}}
[34m2026-09-16 15:01:54.213 IST 0004 INFO[0m [grpc] [34;1mAddTraceEvent[0m -> [core] [Channel #1] Channel authority set to "localhost:7051"
[34m2026-09-16 15:01:54.213 IST 0005 INFO[0m [grpc] [34;1mAddTraceEvent[0m -> [core] [Channel #1] Channel Connectivity change to CONNECTING
[34m2026-09-16 15:01:54.213 IST 0006 INFO[0m [grpc] [34;1mAddTraceEvent[0m -> [core] [Channel #1] Resolver state updated: {
  "Addresses": [
    {
      "Addr": "localhost:7051",
      "ServerName": "",
      "Attributes": null,
      "BalancerAttributes": null,
      "Metadata": null
    }
  ],
  "Endpoints": [
    {
      "Addresses": [
        {
          "Addr": "localhost:7051",
          "ServerName": "",
          "Attributes": null,
          "BalancerAttributes": null,
          "Metadata": null
        }
      ],
      "Attributes": null
    }
  ],
  "ServiceConfig": null,
  "Attributes": null
} (resolver returned new addresses)
[34m2026-09-16 15:01:54.213 IST 0007 INFO[0m [grpc] [34;1mAddTraceEvent[0m -> [core] [Channel #1] Channel switches to new LB policy "pick_first"
[34m2026-09-16 15:01:54.213 IST 0008 INFO[0m [grpc] [34;1mInfof[0m -> [pick-first-leaf-lb] [pick-first-leaf-lb 0x824321a8750] Received new config {
  "shuffleAddressList": false
}, resolver state {
  "Addresses": [
    {
      "Addr": "localhost:7051",
      "ServerName": "",
      "Attributes": null,
      "BalancerAttributes": null,
      "Metadata": null
    }
  ],
  "Endpoints": [
    {
      "Addresses": [
        {
          "Addr": "localhost:7051",
          "ServerName": "",
          "Attributes": null,
          "BalancerAttributes": null,
          "Metadata": null
        }
      ],
      "Attributes": null
    }
  ],
  "ServiceConfig": null,
  "Attributes": null
}
[34m2026-09-16 15:01:54.213 IST 0009 INFO[0m [grpc] [34;1mAddTraceEvent[0m -> [core] [Channel #1 SubChannel #2] Subchannel created
[34m2026-09-16 15:01:54.213 IST 000a INFO[0m [grpc] [34;1mAddTraceEvent[0m -> [core] [Channel #1] Channel exiting idle mode
[34m2026-09-16 15:01:54.213 IST 000b INFO[0m [grpc] [34;1mAddTraceEvent[0m -> [core] [Channel #1 SubChannel #2] Subchannel Connectivity change to CONNECTING
[34m2026-09-16 15:01:54.213 IST 000c INFO[0m [grpc] [34;1mAddTraceEvent[0m -> [core] [Channel #1 SubChannel #2] Subchannel picks a new address "localhost:7051" to connect
[34m2026-09-16 15:01:54.214 IST 000d INFO[0m [grpc] [34;1mAddTraceEvent[0m -> [core] [Channel #1 SubChannel #2] Subchannel Connectivity change to READY
[34m2026-09-16 15:01:54.215 IST 000e INFO[0m [grpc] [34;1mInfof[0m -> [pick-first-leaf-lb] [pick-first-leaf-lb 0x824321a8750] SubConn 0x8243251b4a0 reported connectivity state READY and the health listener is disabled. Transitioning SubConn to READY.
[34m2026-09-16 15:01:54.215 IST 000f INFO[0m [grpc] [34;1mAddTraceEvent[0m -> [core] [Channel #1] Channel Connectivity change to READY
[34m2026-09-16 15:01:54.215 IST 0010 INFO[0m [grpc] [34;1mInfof[0m -> [core] original dial target is: "localhost:7051"
[34m2026-09-16 15:01:54.215 IST 0011 INFO[0m [grpc] [34;1mAddTraceEvent[0m -> [core] [Channel #4] Channel created for target "localhost:7051"
[34m2026-09-16 15:01:54.215 IST 0012 INFO[0m [grpc] [34;1mAddTraceEvent[0m -> [core] [Channel #4] parsed dial target is: resolver.Target{URL:url.URL{Scheme:"passthrough", Opaque:"", User:(*url.Userinfo)(nil), Host:"", Path:"/localhost:7051", Fragment:"", RawQuery:"", RawPath:"", RawFragment:"", ForceQuery:false, OmitHost:false}}
[34m2026-09-16 15:01:54.215 IST 0013 INFO[0m [grpc] [34;1mAddTraceEvent[0m -> [core] [Channel #4] Channel authority set to "localhost:7051"
[34m2026-09-16 15:01:54.215 IST 0014 INFO[0m [grpc] [34;1mAddTraceEvent[0m -> [core] [Channel #4] Channel Connectivity change to CONNECTING
[34m2026-09-16 15:01:54.215 IST 0015 INFO[0m [grpc] [34;1mAddTraceEvent[0m -> [core] [Channel #4] Resolver state updated: {
  "Addresses": [
    {
      "Addr": "localhost:7051",
      "ServerName": "",
      "Attributes": null,
      "BalancerAttributes": null,
      "Metadata": null
    }
  ],
  "Endpoints": [
    {
      "Addresses": [
        {
          "Addr": "localhost:7051",
          "ServerName": "",
          "Attributes": null,
          "BalancerAttributes": null,
          "Metadata": null
        }
      ],
      "Attributes": null
    }
  ],
  "ServiceConfig": null,
  "Attributes": null
} (resolver returned new addresses)
[34m2026-09-16 15:01:54.215 IST 0016 INFO[0m [grpc] [34;1mAddTraceEvent[0m -> [core] [Channel #4] Channel switches to new LB policy "pick_first"
[34m2026-09-16 15:01:54.215 IST 0017 INFO[0m [grpc] [34;1mInfof[0m -> [pick-first-leaf-lb] [pick-first-leaf-lb 0x824322b7e60] Received new config {
  "shuffleAddressList": false
}, resolver state {
  "Addresses": [
    {
      "Addr": "localhost:7051",
      "ServerName": "",
      "Attributes": null,
      "BalancerAttributes": null,
      "Metadata": null
    }
  ],
  "Endpoints": [
    {
      "Addresses": [
        {
          "Addr": "localhost:7051",
          "ServerName": "",
          "Attributes": null,
          "BalancerAttributes": null,
          "Metadata": null
        }
      ],
      "Attributes": null
    }
  ],
  "ServiceConfig": null,
  "Attributes": null
}
[34m2026-09-16 15:01:54.215 IST 0018 INFO[0m [grpc] [34;1mAddTraceEvent[0m -> [core] [Channel #4 SubChannel #5] Subchannel created
[34m2026-09-16 15:01:54.215 IST 0019 INFO[0m [grpc] [34;1mAddTraceEvent[0m -> [core] [Channel #4] Channel exiting idle mode
[34m2026-09-16 15:01:54.215 IST 001a INFO[0m [grpc] [34;1mAddTraceEvent[0m -> [core] [Channel #4 SubChannel #5] Subchannel Connectivity change to CONNECTING
[34m2026-09-16 15:01:54.215 IST 001b INFO[0m [grpc] [34;1mAddTraceEvent[0m -> [core] [Channel #4 SubChannel #5] Subchannel picks a new address "localhost:7051" to connect
[34m2026-09-16 15:01:54.216 IST 001c INFO[0m [grpc] [34;1mAddTraceEvent[0m -> [core] [Channel #4 SubChannel #5] Subchannel Connectivity change to READY
[34m2026-09-16 15:01:54.216 IST 001d INFO[0m [grpc] [34;1mInfof[0m -> [pick-first-leaf-lb] [pick-first-leaf-lb 0x824322b7e60] SubConn 0x824324a88c0 reported connectivity state READY and the health listener is disabled. Transitioning SubConn to READY.
[34m2026-09-16 15:01:54.216 IST 001e INFO[0m [grpc] [34;1mAddTraceEvent[0m -> [core] [Channel #4] Channel Connectivity change to READY
[33m2026-09-16 15:01:54.216 IST 001f WARN[0m [grpc] [33;1mWarningf[0m -> [core] Adjusting keepalive ping interval to minimum period of 10s
[34m2026-09-16 15:01:54.216 IST 0020 INFO[0m [grpc] [34;1mInfof[0m -> [core] original dial target is: "localhost:7050"
[34m2026-09-16 15:01:54.216 IST 0021 INFO[0m [grpc] [34;1mAddTraceEvent[0m -> [core] [Channel #7] Channel created for target "localhost:7050"
[34m2026-09-16 15:01:54.216 IST 0022 INFO[0m [grpc] [34;1mAddTraceEvent[0m -> [core] [Channel #7] parsed dial target is: resolver.Target{URL:url.URL{Scheme:"passthrough", Opaque:"", User:(*url.Userinfo)(nil), Host:"", Path:"/localhost:7050", Fragment:"", RawQuery:"", RawPath:"", RawFragment:"", ForceQuery:false, OmitHost:false}}
[34m2026-09-16 15:01:54.216 IST 0023 INFO[0m [grpc] [34;1mAddTraceEvent[0m -> [core] [Channel #7] Channel authority set to "orderer.example.com"
[34m2026-09-16 15:01:54.216 IST 0024 INFO[0m [grpc] [34;1mAddTraceEvent[0m -> [core] [Channel #7] Channel Connectivity change to CONNECTING
[34m2026-09-16 15:01:54.216 IST 0025 INFO[0m [grpc] [34;1mAddTraceEvent[0m -> [core] [Channel #7] Resolver state updated: {
  "Addresses": [
    {
      "Addr": "localhost:7050",
      "ServerName": "",
      "Attributes": null,
      "BalancerAttributes": null,
      "Metadata": null
    }
  ],
  "Endpoints": [
    {
      "Addresses": [
        {
          "Addr": "localhost:7050",
          "ServerName": "",
          "Attributes": null,
          "BalancerAttributes": null,
          "Metadata": null
        }
      ],
      "Attributes": null
    }
  ],
  "ServiceConfig": null,
  "Attributes": null
} (resolver returned new addresses)
[34m2026-09-16 15:01:54.216 IST 0026 INFO[0m [grpc] [34;1mAddTraceEvent[0m -> [core] [Channel #7] Channel switches to new LB policy "pick_first"
[34m2026-09-16 15:01:54.216 IST 0027 INFO[0m [grpc] [34;1mInfof[0m -> [pick-first-leaf-lb] [pick-first-leaf-lb 0x824322942d0] Received new config {
  "shuffleAddressList": false
}, resolver state {
  "Addresses": [
    {
      "Addr": "localhost:7050",
      "ServerName": "",
      "Attributes": null,
      "BalancerAttributes": null,
      "Metadata": null
    }
  ],
  "Endpoints": [
    {
      "Addresses": [
        {
          "Addr": "localhost:7050",
          "ServerName": "",
          "Attributes": null,
          "BalancerAttributes": null,
          "Metadata": null
        }
      ],
      "Attributes": null
    }
  ],
  "ServiceConfig": null,
  "Attributes": null
}
[34m2026-09-16 15:01:54.216 IST 0028 INFO[0m [grpc] [34;1mAddTraceEvent[0m -> [core] [Channel #7 SubChannel #8] Subchannel created
[34m2026-09-16 15:01:54.216 IST 0029 INFO[0m [grpc] [34;1mAddTraceEvent[0m -> [core] [Channel #7] Channel exiting idle mode
[34m2026-09-16 15:01:54.216 IST 002a INFO[0m [grpc] [34;1mAddTraceEvent[0m -> [core] [Channel #7 SubChannel #8] Subchannel Connectivity change to CONNECTING
[34m2026-09-16 15:01:54.216 IST 002b INFO[0m [grpc] [34;1mAddTraceEvent[0m -> [core] [Channel #7 SubChannel #8] Subchannel picks a new address "localhost:7050" to connect
[34m2026-09-16 15:01:54.217 IST 002c INFO[0m [grpc] [34;1mAddTraceEvent[0m -> [core] [Channel #7 SubChannel #8] Subchannel Connectivity change to READY
[34m2026-09-16 15:01:54.217 IST 002d INFO[0m [grpc] [34;1mInfof[0m -> [pick-first-leaf-lb] [pick-first-leaf-lb 0x824322942d0] SubConn 0x824324c04b0 reported connectivity state READY and the health listener is disabled. Transitioning SubConn to READY.
[34m2026-09-16 15:01:54.217 IST 002e INFO[0m [grpc] [34;1mAddTraceEvent[0m -> [core] [Channel #7] Channel Connectivity change to READY
[34m2026-09-16 15:01:54.357 IST 002f INFO[0m [chaincodeCmd] [34;1mClientWait[0m -> txid [df30fa13fe658103e57338c69738ad150334c11c224d71d61095a2936556a0a5] committed with status (VALID) at localhost:7051
[0;32mChaincode definition approved on peer0.org1 on channel 'mychannel'[0m
[0;34mUsing organization 1[0m
[0;34mChecking the commit readiness of the chaincode definition on peer0.org1 on channel 'mychannel'...[0m
[0;34mAttempting to check the commit readiness of the chaincode definition on peer0.org1, Retry after 3 seconds.[0m
+ peer lifecycle chaincode checkcommitreadiness --channelID mychannel --name kvstore --version 1.0 --sequence 1 --output json
+ res=0
[34m2026-09-16 15:01:57.383 IST 0001 INFO[0m [grpc] [34;1mInfof[0m -> [core] original dial target is: "localhost:7051"
[34m2026-09-16 15:01:57.383 IST 0002 INFO[0m [grpc] [34;1mAddTraceEvent[0m -> [core] [Channel #1] Channel created for target "localhost:7051"
[34m2026-09-16 15:01:57.383 IST 0003 INFO[0m [grpc] [34;1mAddTraceEvent[0m -> [core] [Channel #1] parsed dial target is: resolver.Target{URL:url.URL{Scheme:"passthrough", Opaque:"", User:(*url.Userinfo)(nil), Host:"", Path:"/localhost:7051", Fragment:"", RawQuery:"", RawPath:"", RawFragment:"", ForceQuery:false, OmitHost:false}}
[34m2026-09-16 15:01:57.383 IST 0004 INFO[0m [grpc] [34;1mAddTraceEvent[0m -> [core] [Channel #1] Channel authority set to "localhost:7051"
[34m2026-09-16 15:01:57.383 IST 0005 INFO[0m [grpc] [34;1mAddTraceEvent[0m -> [core] [Channel #1] Channel Connectivity change to CONNECTING
[34m2026-09-16 15:01:57.383 IST 0006 INFO[0m [grpc] [34;1mAddTraceEvent[0m -> [core] [Channel #1] Resolver state updated: {
  "Addresses": [
    {
      "Addr": "localhost:7051",
      "ServerName": "",
      "Attributes": null,
      "BalancerAttributes": null,
      "Metadata": null
    }
  ],
  "Endpoints": [
    {
      "Addresses": [
        {
          "Addr": "localhost:7051",
          "ServerName": "",
          "Attributes": null,
          "BalancerAttributes": null,
          "Metadata": null
        }
      ],
      "Attributes": null
    }
  ],
  "ServiceConfig": null,
  "Attributes": null
} (resolver returned new addresses)
[34m2026-09-16 15:01:57.383 IST 0007 INFO[0m [grpc] [34;1mAddTraceEvent[0m -> [core] [Channel #1] Channel switches to new LB policy "pick_first"
[34m2026-09-16 15:01:57.383 IST 0008 INFO[0m [grpc] [34;1mInfof[0m -> [pick-first-leaf-lb] [pick-first-leaf-lb 0x27e977fee750] Received new config {
  "shuffleAddressList": false
}, resolver state {
  "Addresses": [
    {
      "Addr": "localhost:7051",
      "ServerName": "",
      "Attributes": null,
      "BalancerAttributes": null,
      "Metadata": null
    }
  ],
  "Endpoints": [
    {
      "Addresses": [
        {
          "Addr": "localhost:7051",
          "ServerName": "",
          "Attributes": null,
          "BalancerAttributes": null,
          "Metadata": null
        }
      ],
      "Attributes": null
    }
  ],
  "ServiceConfig": null,
  "Attributes": null
}
[34m2026-09-16 15:01:57.383 IST 0009 INFO[0m [grpc] [34;1mAddTraceEvent[0m -> [core] [Channel #1 SubChannel #2] Subchannel created
[34m2026-09-16 15:01:57.383 IST 000a INFO[0m [grpc] [34;1mAddTraceEvent[0m -> [core] [Channel #1] Channel exiting idle mode
[34m2026-09-16 15:01:57.383 IST 000b INFO[0m [grpc] [34;1mAddTraceEvent[0m -> [core] [Channel #1 SubChannel #2] Subchannel Connectivity change to CONNECTING
[34m2026-09-16 15:01:57.383 IST 000c INFO[0m [grpc] [34;1mAddTraceEvent[0m -> [core] [Channel #1 SubChannel #2] Subchannel picks a new address "localhost:7051" to connect
[34m2026-09-16 15:01:57.385 IST 000d INFO[0m [grpc] [34;1mAddTraceEvent[0m -> [core] [Channel #1 SubChannel #2] Subchannel Connectivity change to READY
[34m2026-09-16 15:01:57.385 IST 000e INFO[0m [grpc] [34;1mInfof[0m -> [pick-first-leaf-lb] [pick-first-leaf-lb 0x27e977fee750] SubConn 0x27e97807d3b0 reported connectivity state READY and the health listener is disabled. Transitioning SubConn to READY.
[34m2026-09-16 15:01:57.385 IST 000f INFO[0m [grpc] [34;1mAddTraceEvent[0m -> [core] [Channel #1] Channel Connectivity change to READY
[34m2026-09-16 15:01:57.385 IST 0010 INFO[0m [grpc] [34;1mInfof[0m -> [core] original dial target is: "localhost:7051"
[34m2026-09-16 15:01:57.385 IST 0011 INFO[0m [grpc] [34;1mAddTraceEvent[0m -> [core] [Channel #4] Channel created for target "localhost:7051"
[34m2026-09-16 15:01:57.385 IST 0012 INFO[0m [grpc] [34;1mAddTraceEvent[0m -> [core] [Channel #4] parsed dial target is: resolver.Target{URL:url.URL{Scheme:"passthrough", Opaque:"", User:(*url.Userinfo)(nil), Host:"", Path:"/localhost:7051", Fragment:"", RawQuery:"", RawPath:"", RawFragment:"", ForceQuery:false, OmitHost:false}}
[34m2026-09-16 15:01:57.385 IST 0013 INFO[0m [grpc] [34;1mAddTraceEvent[0m -> [core] [Channel #4] Channel authority set to "localhost:7051"
[34m2026-09-16 15:01:57.385 IST 0014 INFO[0m [grpc] [34;1mAddTraceEvent[0m -> [core] [Channel #4] Channel Connectivity change to CONNECTING
[34m2026-09-16 15:01:57.385 IST 0015 INFO[0m [grpc] [34;1mAddTraceEvent[0m -> [core] [Channel #4] Resolver state updated: {
  "Addresses": [
    {
      "Addr": "localhost:7051",
      "ServerName": "",
      "Attributes": null,
      "BalancerAttributes": null,
      "Metadata": null
    }
  ],
  "Endpoints": [
    {
      "Addresses": [
        {
          "Addr": "localhost:7051",
          "ServerName": "",
          "Attributes": null,
          "BalancerAttributes": null,
          "Metadata": null
        }
      ],
      "Attributes": null
    }
  ],
  "ServiceConfig": null,
  "Attributes": null
} (resolver returned new addresses)
[34m2026-09-16 15:01:57.385 IST 0016 INFO[0m [grpc] [34;1mAddTraceEvent[0m -> [core] [Channel #4] Channel switches to new LB policy "pick_first"
[34m2026-09-16 15:01:57.385 IST 0017 INFO[0m [grpc] [34;1mInfof[0m -> [pick-first-leaf-lb] [pick-first-leaf-lb 0x27e978199e60] Received new config {
  "shuffleAddressList": false
}, resolver state {
  "Addresses": [
    {
      "Addr": "localhost:7051",
      "ServerName": "",
      "Attributes": null,
      "BalancerAttributes": null,
      "Metadata": null
    }
  ],
  "Endpoints": [
    {
      "Addresses": [
        {
          "Addr": "localhost:7051",
          "ServerName": "",
          "Attributes": null,
          "BalancerAttributes": null,
          "Metadata": null
        }
      ],
      "Attributes": null
    }
  ],
  "ServiceConfig": null,
  "Attributes": null
}
[34m2026-09-16 15:01:57.385 IST 0018 INFO[0m [grpc] [34;1mAddTraceEvent[0m -> [core] [Channel #4 SubChannel #5] Subchannel created
[34m2026-09-16 15:01:57.385 IST 0019 INFO[0m [grpc] [34;1mAddTraceEvent[0m -> [core] [Channel #4] Channel exiting idle mode
[34m2026-09-16 15:01:57.385 IST 001a INFO[0m [grpc] [34;1mAddTraceEvent[0m -> [core] [Channel #4 SubChannel #5] Subchannel Connectivity change to CONNECTING
[34m2026-09-16 15:01:57.385 IST 001b INFO[0m [grpc] [34;1mAddTraceEvent[0m -> [core] [Channel #4 SubChannel #5] Subchannel picks a new address "localhost:7051" to connect
[34m2026-09-16 15:01:57.386 IST 001c INFO[0m [grpc] [34;1mAddTraceEvent[0m -> [core] [Channel #4 SubChannel #5] Subchannel Connectivity change to READY
[34m2026-09-16 15:01:57.386 IST 001d INFO[0m [grpc] [34;1mInfof[0m -> [pick-first-leaf-lb] [pick-first-leaf-lb 0x27e978199e60] SubConn 0x27e978352370 reported connectivity state READY and the health listener is disabled. Transitioning SubConn to READY.
[34m2026-09-16 15:01:57.386 IST 001e INFO[0m [grpc] [34;1mAddTraceEvent[0m -> [core] [Channel #4] Channel Connectivity change to READY
{
	"approvals": {
		"Org1MSP": true,
		"Org2MSP": false
	}
}
[0;34mChecking the commit readiness of the chaincode definition successful on peer0.org1 on channel 'mychannel'[0m
[0;34mUsing organization 2[0m
[0;34mChecking the commit readiness of the chaincode definition on peer0.org2 on channel 'mychannel'...[0m
[0;34mAttempting to check the commit readiness of the chaincode definition on peer0.org2, Retry after 3 seconds.[0m
+ peer lifecycle chaincode checkcommitreadiness --channelID mychannel --name kvstore --version 1.0 --sequence 1 --output json
+ res=0
[34m2026-09-16 15:02:00.417 IST 0001 INFO[0m [grpc] [34;1mInfof[0m -> [core] original dial target is: "localhost:9051"
[34m2026-09-16 15:02:00.417 IST 0002 INFO[0m [grpc] [34;1mAddTraceEvent[0m -> [core] [Channel #1] Channel created for target "localhost:9051"
[34m2026-09-16 15:02:00.417 IST 0003 INFO[0m [grpc] [34;1mAddTraceEvent[0m -> [core] [Channel #1] parsed dial target is: resolver.Target{URL:url.URL{Scheme:"passthrough", Opaque:"", User:(*url.Userinfo)(nil), Host:"", Path:"/localhost:9051", Fragment:"", RawQuery:"", RawPath:"", RawFragment:"", ForceQuery:false, OmitHost:false}}
[34m2026-09-16 15:02:00.417 IST 0004 INFO[0m [grpc] [34;1mAddTraceEvent[0m -> [core] [Channel #1] Channel authority set to "localhost:9051"
[34m2026-09-16 15:02:00.417 IST 0005 INFO[0m [grpc] [34;1mAddTraceEvent[0m -> [core] [Channel #1] Channel Connectivity change to CONNECTING
[34m2026-09-16 15:02:00.417 IST 0006 INFO[0m [grpc] [34;1mAddTraceEvent[0m -> [core] [Channel #1] Resolver state updated: {
  "Addresses": [
    {
      "Addr": "localhost:9051",
      "ServerName": "",
      "Attributes": null,
      "BalancerAttributes": null,
      "Metadata": null
    }
  ],
  "Endpoints": [
    {
      "Addresses": [
        {
          "Addr": "localhost:9051",
          "ServerName": "",
          "Attributes": null,
          "BalancerAttributes": null,
          "Metadata": null
        }
      ],
      "Attributes": null
    }
  ],
  "ServiceConfig": null,
  "Attributes": null
} (resolver returned new addresses)
[34m2026-09-16 15:02:00.418 IST 0007 INFO[0m [grpc] [34;1mAddTraceEvent[0m -> [core] [Channel #1] Channel switches to new LB policy "pick_first"
[34m2026-09-16 15:02:00.418 IST 0008 INFO[0m [grpc] [34;1mInfof[0m -> [pick-first-leaf-lb] [pick-first-leaf-lb 0x37c4fba747e0] Received new config {
  "shuffleAddressList": false
}, resolver state {
  "Addresses": [
    {
      "Addr": "localhost:9051",
      "ServerName": "",
      "Attributes": null,
      "BalancerAttributes": null,
      "Metadata": null
    }
  ],
  "Endpoints": [
    {
      "Addresses": [
        {
          "Addr": "localhost:9051",
          "ServerName": "",
          "Attributes": null,
          "BalancerAttributes": null,
          "Metadata": null
        }
      ],
      "Attributes": null
    }
  ],
  "ServiceConfig": null,
  "Attributes": null
}
[34m2026-09-16 15:02:00.418 IST 0009 INFO[0m [grpc] [34;1mAddTraceEvent[0m -> [core] [Channel #1 SubChannel #2] Subchannel created
[34m2026-09-16 15:02:00.418 IST 000a INFO[0m [grpc] [34;1mAddTraceEvent[0m -> [core] [Channel #1] Channel exiting idle mode
[34m2026-09-16 15:02:00.418 IST 000b INFO[0m [grpc] [34;1mAddTraceEvent[0m -> [core] [Channel #1 SubChannel #2] Subchannel Connectivity change to CONNECTING
[34m2026-09-16 15:02:00.418 IST 000c INFO[0m [grpc] [34;1mAddTraceEvent[0m -> [core] [Channel #1 SubChannel #2] Subchannel picks a new address "localhost:9051" to connect
[34m2026-09-16 15:02:00.419 IST 000d INFO[0m [grpc] [34;1mAddTraceEvent[0m -> [core] [Channel #1 SubChannel #2] Subchannel Connectivity change to READY
[34m2026-09-16 15:02:00.419 IST 000e INFO[0m [grpc] [34;1mInfof[0m -> [pick-first-leaf-lb] [pick-first-leaf-lb 0x37c4fba747e0] SubConn 0x37c4fba790e0 reported connectivity state READY and the health listener is disabled. Transitioning SubConn to READY.
[34m2026-09-16 15:02:00.419 IST 000f INFO[0m [grpc] [34;1mAddTraceEvent[0m -> [core] [Channel #1] Channel Connectivity change to READY
[34m2026-09-16 15:02:00.419 IST 0010 INFO[0m [grpc] [34;1mInfof[0m -> [core] original dial target is: "localhost:9051"
[34m2026-09-16 15:02:00.419 IST 0011 INFO[0m [grpc] [34;1mAddTraceEvent[0m -> [core] [Channel #4] Channel created for target "localhost:9051"
[34m2026-09-16 15:02:00.419 IST 0012 INFO[0m [grpc] [34;1mAddTraceEvent[0m -> [core] [Channel #4] parsed dial target is: resolver.Target{URL:url.URL{Scheme:"passthrough", Opaque:"", User:(*url.Userinfo)(nil), Host:"", Path:"/localhost:9051", Fragment:"", RawQuery:"", RawPath:"", RawFragment:"", ForceQuery:false, OmitHost:false}}
[34m2026-09-16 15:02:00.419 IST 0013 INFO[0m [grpc] [34;1mAddTraceEvent[0m -> [core] [Channel #4] Channel authority set to "localhost:9051"
[34m2026-09-16 15:02:00.419 IST 0014 INFO[0m [grpc] [34;1mAddTraceEvent[0m -> [core] [Channel #4] Channel Connectivity change to CONNECTING
[34m2026-09-16 15:02:00.419 IST 0015 INFO[0m [grpc] [34;1mAddTraceEvent[0m -> [core] [Channel #4] Resolver state updated: {
  "Addresses": [
    {
      "Addr": "localhost:9051",
      "ServerName": "",
      "Attributes": null,
      "BalancerAttributes": null,
      "Metadata": null
    }
  ],
  "Endpoints": [
    {
      "Addresses": [
        {
          "Addr": "localhost:9051",
          "ServerName": "",
          "Attributes": null,
          "BalancerAttributes": null,
          "Metadata": null
        }
      ],
      "Attributes": null
    }
  ],
  "ServiceConfig": null,
  "Attributes": null
} (resolver returned new addresses)
[34m2026-09-16 15:02:00.419 IST 0016 INFO[0m [grpc] [34;1mAddTraceEvent[0m -> [core] [Channel #4] Channel switches to new LB policy "pick_first"
[34m2026-09-16 15:02:00.419 IST 0017 INFO[0m [grpc] [34;1mInfof[0m -> [pick-first-leaf-lb] [pick-first-leaf-lb 0x37c4fb81e480] Received new config {
  "shuffleAddressList": false
}, resolver state {
  "Addresses": [
    {
      "Addr": "localhost:9051",
      "ServerName": "",
      "Attributes": null,
      "BalancerAttributes": null,
      "Metadata": null
    }
  ],
  "Endpoints": [
    {
      "Addresses": [
        {
          "Addr": "localhost:9051",
          "ServerName": "",
          "Attributes": null,
          "BalancerAttributes": null,
          "Metadata": null
        }
      ],
      "Attributes": null
    }
  ],
  "ServiceConfig": null,
  "Attributes": null
}
[34m2026-09-16 15:02:00.419 IST 0018 INFO[0m [grpc] [34;1mAddTraceEvent[0m -> [core] [Channel #4 SubChannel #5] Subchannel created
[34m2026-09-16 15:02:00.419 IST 0019 INFO[0m [grpc] [34;1mAddTraceEvent[0m -> [core] [Channel #4] Channel exiting idle mode
[34m2026-09-16 15:02:00.419 IST 001a INFO[0m [grpc] [34;1mAddTraceEvent[0m -> [core] [Channel #4 SubChannel #5] Subchannel Connectivity change to CONNECTING
[34m2026-09-16 15:02:00.419 IST 001b INFO[0m [grpc] [34;1mAddTraceEvent[0m -> [core] [Channel #4 SubChannel #5] Subchannel picks a new address "localhost:9051" to connect
[34m2026-09-16 15:02:00.420 IST 001c INFO[0m [grpc] [34;1mAddTraceEvent[0m -> [core] [Channel #4 SubChannel #5] Subchannel Connectivity change to READY
[34m2026-09-16 15:02:00.420 IST 001d INFO[0m [grpc] [34;1mInfof[0m -> [pick-first-leaf-lb] [pick-first-leaf-lb 0x37c4fb81e480] SubConn 0x37c4fb920ff0 reported connectivity state READY and the health listener is disabled. Transitioning SubConn to READY.
[34m2026-09-16 15:02:00.420 IST 001e INFO[0m [grpc] [34;1mAddTraceEvent[0m -> [core] [Channel #4] Channel Connectivity change to READY
{
	"approvals": {
		"Org1MSP": true,
		"Org2MSP": false
	}
}
[0;34mChecking the commit readiness of the chaincode definition successful on peer0.org2 on channel 'mychannel'[0m
[0;34mUsing organization 2[0m
+ peer lifecycle chaincode approveformyorg -o localhost:7050 --ordererTLSHostnameOverride orderer.example.com --tls --cafile /home/chad/Projects/bench/deploy/docker/.cache/fabric-samples/test-network/organizations/ordererOrganizations/example.com/tlsca/tlsca.example.com-cert.pem --channelID mychannel --name kvstore --version 1.0 --package-id kvstore_1.0:e88284a33ff8806958375f99312782794164d62aac26fe22876f2c72fb6294d9 --sequence 1
+ res=0
[34m2026-09-16 15:02:00.448 IST 0001 INFO[0m [grpc] [34;1mInfof[0m -> [core] original dial target is: "localhost:9051"
[34m2026-09-16 15:02:00.448 IST 0002 INFO[0m [grpc] [34;1mAddTraceEvent[0m -> [core] [Channel #1] Channel created for target "localhost:9051"
[34m2026-09-16 15:02:00.448 IST 0003 INFO[0m [grpc] [34;1mAddTraceEvent[0m -> [core] [Channel #1] parsed dial target is: resolver.Target{URL:url.URL{Scheme:"passthrough", Opaque:"", User:(*url.Userinfo)(nil), Host:"", Path:"/localhost:9051", Fragment:"", RawQuery:"", RawPath:"", RawFragment:"", ForceQuery:false, OmitHost:false}}
[34m2026-09-16 15:02:00.448 IST 0004 INFO[0m [grpc] [34;1mAddTraceEvent[0m -> [core] [Channel #1] Channel authority set to "localhost:9051"
[34m2026-09-16 15:02:00.448 IST 0005 INFO[0m [grpc] [34;1mAddTraceEvent[0m -> [core] [Channel #1] Channel Connectivity change to CONNECTING
[34m2026-09-16 15:02:00.448 IST 0006 INFO[0m [grpc] [34;1mAddTraceEvent[0m -> [core] [Channel #1] Resolver state updated: {
  "Addresses": [
    {
      "Addr": "localhost:9051",
      "ServerName": "",
      "Attributes": null,
      "BalancerAttributes": null,
      "Metadata": null
    }
  ],
  "Endpoints": [
    {
      "Addresses": [
        {
          "Addr": "localhost:9051",
          "ServerName": "",
          "Attributes": null,
          "BalancerAttributes": null,
          "Metadata": null
        }
      ],
      "Attributes": null
    }
  ],
  "ServiceConfig": null,
  "Attributes": null
} (resolver returned new addresses)
[34m2026-09-16 15:02:00.448 IST 0007 INFO[0m [grpc] [34;1mAddTraceEvent[0m -> [core] [Channel #1] Channel switches to new LB policy "pick_first"
[34m2026-09-16 15:02:00.448 IST 0008 INFO[0m [grpc] [34;1mInfof[0m -> [pick-first-leaf-lb] [pick-first-leaf-lb 0x27bf91a8e750] Received new config {
  "shuffleAddressList": false
}, resolver state {
  "Addresses": [
    {
      "Addr": "localhost:9051",
      "ServerName": "",
      "Attributes": null,
      "BalancerAttributes": null,
      "Metadata": null
    }
  ],
  "Endpoints": [
    {
      "Addresses": [
        {
          "Addr": "localhost:9051",
          "ServerName": "",
          "Attributes": null,
          "BalancerAttributes": null,
          "Metadata": null
        }
      ],
      "Attributes": null
    }
  ],
  "ServiceConfig": null,
  "Attributes": null
}
[34m2026-09-16 15:02:00.448 IST 0009 INFO[0m [grpc] [34;1mAddTraceEvent[0m -> [core] [Channel #1 SubChannel #2] Subchannel created
[34m2026-09-16 15:02:00.448 IST 000a INFO[0m [grpc] [34;1mAddTraceEvent[0m -> [core] [Channel #1] Channel exiting idle mode
[34m2026-09-16 15:02:00.448 IST 000b INFO[0m [grpc] [34;1mAddTraceEvent[0m -> [core] [Channel #1 SubChannel #2] Subchannel Connectivity change to CONNECTING
[34m2026-09-16 15:02:00.448 IST 000c INFO[0m [grpc] [34;1mAddTraceEvent[0m -> [core] [Channel #1 SubChannel #2] Subchannel picks a new address "localhost:9051" to connect
[34m2026-09-16 15:02:00.450 IST 000d INFO[0m [grpc] [34;1mAddTraceEvent[0m -> [core] [Channel #1 SubChannel #2] Subchannel Connectivity change to READY
[34m2026-09-16 15:02:00.450 IST 000e INFO[0m [grpc] [34;1mInfof[0m -> [pick-first-leaf-lb] [pick-first-leaf-lb 0x27bf91a8e750] SubConn 0x27bf91d1e1e0 reported connectivity state READY and the health listener is disabled. Transitioning SubConn to READY.
[34m2026-09-16 15:02:00.450 IST 000f INFO[0m [grpc] [34;1mAddTraceEvent[0m -> [core] [Channel #1] Channel Connectivity change to READY
[34m2026-09-16 15:02:00.450 IST 0010 INFO[0m [grpc] [34;1mInfof[0m -> [core] original dial target is: "localhost:9051"
[34m2026-09-16 15:02:00.450 IST 0011 INFO[0m [grpc] [34;1mAddTraceEvent[0m -> [core] [Channel #4] Channel created for target "localhost:9051"
[34m2026-09-16 15:02:00.450 IST 0012 INFO[0m [grpc] [34;1mAddTraceEvent[0m -> [core] [Channel #4] parsed dial target is: resolver.Target{URL:url.URL{Scheme:"passthrough", Opaque:"", User:(*url.Userinfo)(nil), Host:"", Path:"/localhost:9051", Fragment:"", RawQuery:"", RawPath:"", RawFragment:"", ForceQuery:false, OmitHost:false}}
[34m2026-09-16 15:02:00.450 IST 0013 INFO[0m [grpc] [34;1mAddTraceEvent[0m -> [core] [Channel #4] Channel authority set to "localhost:9051"
[34m2026-09-16 15:02:00.450 IST 0014 INFO[0m [grpc] [34;1mAddTraceEvent[0m -> [core] [Channel #4] Channel Connectivity change to CONNECTING
[34m2026-09-16 15:02:00.450 IST 0015 INFO[0m [grpc] [34;1mAddTraceEvent[0m -> [core] [Channel #4] Resolver state updated: {
  "Addresses": [
    {
      "Addr": "localhost:9051",
      "ServerName": "",
      "Attributes": null,
      "BalancerAttributes": null,
      "Metadata": null
    }
  ],
  "Endpoints": [
    {
      "Addresses": [
        {
          "Addr": "localhost:9051",
          "ServerName": "",
          "Attributes": null,
          "BalancerAttributes": null,
          "Metadata": null
        }
      ],
      "Attributes": null
    }
  ],
  "ServiceConfig": null,
  "Attributes": null
} (resolver returned new addresses)
[34m2026-09-16 15:02:00.450 IST 0016 INFO[0m [grpc] [34;1mAddTraceEvent[0m -> [core] [Channel #4] Channel switches to new LB policy "pick_first"
[34m2026-09-16 15:02:00.450 IST 0017 INFO[0m [grpc] [34;1mInfof[0m -> [pick-first-leaf-lb] [pick-first-leaf-lb 0x27bf91ef1e60] Received new config {
  "shuffleAddressList": false
}, resolver state {
  "Addresses": [
    {
      "Addr": "localhost:9051",
      "ServerName": "",
      "Attributes": null,
      "BalancerAttributes": null,
      "Metadata": null
    }
  ],
  "Endpoints": [
    {
      "Addresses": [
        {
          "Addr": "localhost:9051",
          "ServerName": "",
          "Attributes": null,
          "BalancerAttributes": null,
          "Metadata": null
        }
      ],
      "Attributes": null
    }
  ],
  "ServiceConfig": null,
  "Attributes": null
}
[34m2026-09-16 15:02:00.450 IST 0018 INFO[0m [grpc] [34;1mAddTraceEvent[0m -> [core] [Channel #4 SubChannel #5] Subchannel created
[34m2026-09-16 15:02:00.450 IST 0019 INFO[0m [grpc] [34;1mAddTraceEvent[0m -> [core] [Channel #4] Channel exiting idle mode
[34m2026-09-16 15:02:00.450 IST 001a INFO[0m [grpc] [34;1mAddTraceEvent[0m -> [core] [Channel #4 SubChannel #5] Subchannel Connectivity change to CONNECTING
[34m2026-09-16 15:02:00.450 IST 001b INFO[0m [grpc] [34;1mAddTraceEvent[0m -> [core] [Channel #4 SubChannel #5] Subchannel picks a new address "localhost:9051" to connect
[34m2026-09-16 15:02:00.451 IST 001c INFO[0m [grpc] [34;1mAddTraceEvent[0m -> [core] [Channel #4 SubChannel #5] Subchannel Connectivity change to READY
[34m2026-09-16 15:02:00.451 IST 001d INFO[0m [grpc] [34;1mInfof[0m -> [pick-first-leaf-lb] [pick-first-leaf-lb 0x27bf91ef1e60] SubConn 0x27bf91d1f1d0 reported connectivity state READY and the health listener is disabled. Transitioning SubConn to READY.
[34m2026-09-16 15:02:00.451 IST 001e INFO[0m [grpc] [34;1mAddTraceEvent[0m -> [core] [Channel #4] Channel Connectivity change to READY
[33m2026-09-16 15:02:00.451 IST 001f WARN[0m [grpc] [33;1mWarningf[0m -> [core] Adjusting keepalive ping interval to minimum period of 10s
[34m2026-09-16 15:02:00.451 IST 0020 INFO[0m [grpc] [34;1mInfof[0m -> [core] original dial target is: "localhost:7050"
[34m2026-09-16 15:02:00.451 IST 0021 INFO[0m [grpc] [34;1mAddTraceEvent[0m -> [core] [Channel #7] Channel created for target "localhost:7050"
[34m2026-09-16 15:02:00.451 IST 0022 INFO[0m [grpc] [34;1mAddTraceEvent[0m -> [core] [Channel #7] parsed dial target is: resolver.Target{URL:url.URL{Scheme:"passthrough", Opaque:"", User:(*url.Userinfo)(nil), Host:"", Path:"/localhost:7050", Fragment:"", RawQuery:"", RawPath:"", RawFragment:"", ForceQuery:false, OmitHost:false}}
[34m2026-09-16 15:02:00.451 IST 0023 INFO[0m [grpc] [34;1mAddTraceEvent[0m -> [core] [Channel #7] Channel authority set to "orderer.example.com"
[34m2026-09-16 15:02:00.451 IST 0024 INFO[0m [grpc] [34;1mAddTraceEvent[0m -> [core] [Channel #7] Channel Connectivity change to CONNECTING
[34m2026-09-16 15:02:00.451 IST 0025 INFO[0m [grpc] [34;1mAddTraceEvent[0m -> [core] [Channel #7] Resolver state updated: {
  "Addresses": [
    {
      "Addr": "localhost:7050",
      "ServerName": "",
      "Attributes": null,
      "BalancerAttributes": null,
      "Metadata": null
    }
  ],
  "Endpoints": [
    {
      "Addresses": [
        {
          "Addr": "localhost:7050",
          "ServerName": "",
          "Attributes": null,
          "BalancerAttributes": null,
          "Metadata": null
        }
      ],
      "Attributes": null
    }
  ],
  "ServiceConfig": null,
  "Attributes": null
} (resolver returned new addresses)
[34m2026-09-16 15:02:00.451 IST 0026 INFO[0m [grpc] [34;1mAddTraceEvent[0m -> [core] [Channel #7] Channel switches to new LB policy "pick_first"
[34m2026-09-16 15:02:00.451 IST 0027 INFO[0m [grpc] [34;1mInfof[0m -> [pick-first-leaf-lb] [pick-first-leaf-lb 0x27bf91b6c2d0] Received new config {
  "shuffleAddressList": false
}, resolver state {
  "Addresses": [
    {
      "Addr": "localhost:7050",
      "ServerName": "",
      "Attributes": null,
      "BalancerAttributes": null,
      "Metadata": null
    }
  ],
  "Endpoints": [
    {
      "Addresses": [
        {
          "Addr": "localhost:7050",
          "ServerName": "",
          "Attributes": null,
          "BalancerAttributes": null,
          "Metadata": null
        }
      ],
      "Attributes": null
    }
  ],
  "ServiceConfig": null,
  "Attributes": null
}
[34m2026-09-16 15:02:00.451 IST 0028 INFO[0m [grpc] [34;1mAddTraceEvent[0m -> [core] [Channel #7 SubChannel #8] Subchannel created
[34m2026-09-16 15:02:00.451 IST 0029 INFO[0m [grpc] [34;1mAddTraceEvent[0m -> [core] [Channel #7] Channel exiting idle mode
[34m2026-09-16 15:02:00.451 IST 002a INFO[0m [grpc] [34;1mAddTraceEvent[0m -> [core] [Channel #7 SubChannel #8] Subchannel Connectivity change to CONNECTING
[34m2026-09-16 15:02:00.451 IST 002b INFO[0m [grpc] [34;1mAddTraceEvent[0m -> [core] [Channel #7 SubChannel #8] Subchannel picks a new address "localhost:7050" to connect
[34m2026-09-16 15:02:00.452 IST 002c INFO[0m [grpc] [34;1mAddTraceEvent[0m -> [core] [Channel #7 SubChannel #8] Subchannel Connectivity change to READY
[34m2026-09-16 15:02:00.452 IST 002d INFO[0m [grpc] [34;1mInfof[0m -> [pick-first-leaf-lb] [pick-first-leaf-lb 0x27bf91b6c2d0] SubConn 0x27bf91e97360 reported connectivity state READY and the health listener is disabled. Transitioning SubConn to READY.
[34m2026-09-16 15:02:00.452 IST 002e INFO[0m [grpc] [34;1mAddTraceEvent[0m -> [core] [Channel #7] Channel Connectivity change to READY
[34m2026-09-16 15:02:01.374 IST 002f INFO[0m [chaincodeCmd] [34;1mClientWait[0m -> txid [e5c201261146d52c29c6b8b625882524d7b56d7d4c7614d6a4c1772a7a185599] committed with status (VALID) at localhost:9051
[0;32mChaincode definition approved on peer0.org2 on channel 'mychannel'[0m
[0;34mUsing organization 1[0m
[0;34mChecking the commit readiness of the chaincode definition on peer0.org1 on channel 'mychannel'...[0m
[0;34mAttempting to check the commit readiness of the chaincode definition on peer0.org1, Retry after 3 seconds.[0m
+ peer lifecycle chaincode checkcommitreadiness --channelID mychannel --name kvstore --version 1.0 --sequence 1 --output json
+ res=0
[34m2026-09-16 15:02:04.402 IST 0001 INFO[0m [grpc] [34;1mInfof[0m -> [core] original dial target is: "localhost:7051"
[34m2026-09-16 15:02:04.402 IST 0002 INFO[0m [grpc] [34;1mAddTraceEvent[0m -> [core] [Channel #1] Channel created for target "localhost:7051"
[34m2026-09-16 15:02:04.402 IST 0003 INFO[0m [grpc] [34;1mAddTraceEvent[0m -> [core] [Channel #1] parsed dial target is: resolver.Target{URL:url.URL{Scheme:"passthrough", Opaque:"", User:(*url.Userinfo)(nil), Host:"", Path:"/localhost:7051", Fragment:"", RawQuery:"", RawPath:"", RawFragment:"", ForceQuery:false, OmitHost:false}}
[34m2026-09-16 15:02:04.402 IST 0004 INFO[0m [grpc] [34;1mAddTraceEvent[0m -> [core] [Channel #1] Channel authority set to "localhost:7051"
[34m2026-09-16 15:02:04.402 IST 0005 INFO[0m [grpc] [34;1mAddTraceEvent[0m -> [core] [Channel #1] Channel Connectivity change to CONNECTING
[34m2026-09-16 15:02:04.402 IST 0006 INFO[0m [grpc] [34;1mAddTraceEvent[0m -> [core] [Channel #1] Resolver state updated: {
  "Addresses": [
    {
      "Addr": "localhost:7051",
      "ServerName": "",
      "Attributes": null,
      "BalancerAttributes": null,
      "Metadata": null
    }
  ],
  "Endpoints": [
    {
      "Addresses": [
        {
          "Addr": "localhost:7051",
          "ServerName": "",
          "Attributes": null,
          "BalancerAttributes": null,
          "Metadata": null
        }
      ],
      "Attributes": null
    }
  ],
  "ServiceConfig": null,
  "Attributes": null
} (resolver returned new addresses)
[34m2026-09-16 15:02:04.402 IST 0007 INFO[0m [grpc] [34;1mAddTraceEvent[0m -> [core] [Channel #1] Channel switches to new LB policy "pick_first"
[34m2026-09-16 15:02:04.402 IST 0008 INFO[0m [grpc] [34;1mInfof[0m -> [pick-first-leaf-lb] [pick-first-leaf-lb 0x1bdfe99f07e0] Received new config {
  "shuffleAddressList": false
}, resolver state {
  "Addresses": [
    {
      "Addr": "localhost:7051",
      "ServerName": "",
      "Attributes": null,
      "BalancerAttributes": null,
      "Metadata": null
    }
  ],
  "Endpoints": [
    {
      "Addresses": [
        {
          "Addr": "localhost:7051",
          "ServerName": "",
          "Attributes": null,
          "BalancerAttributes": null,
          "Metadata": null
        }
      ],
      "Attributes": null
    }
  ],
  "ServiceConfig": null,
  "Attributes": null
}
[34m2026-09-16 15:02:04.402 IST 0009 INFO[0m [grpc] [34;1mAddTraceEvent[0m -> [core] [Channel #1 SubChannel #2] Subchannel created
[34m2026-09-16 15:02:04.402 IST 000a INFO[0m [grpc] [34;1mAddTraceEvent[0m -> [core] [Channel #1] Channel exiting idle mode
[34m2026-09-16 15:02:04.402 IST 000b INFO[0m [grpc] [34;1mAddTraceEvent[0m -> [core] [Channel #1 SubChannel #2] Subchannel Connectivity change to CONNECTING
[34m2026-09-16 15:02:04.402 IST 000c INFO[0m [grpc] [34;1mAddTraceEvent[0m -> [core] [Channel #1 SubChannel #2] Subchannel picks a new address "localhost:7051" to connect
[34m2026-09-16 15:02:04.404 IST 000d INFO[0m [grpc] [34;1mAddTraceEvent[0m -> [core] [Channel #1 SubChannel #2] Subchannel Connectivity change to READY
[34m2026-09-16 15:02:04.404 IST 000e INFO[0m [grpc] [34;1mInfof[0m -> [pick-first-leaf-lb] [pick-first-leaf-lb 0x1bdfe99f07e0] SubConn 0x1bdfe9c17a40 reported connectivity state READY and the health listener is disabled. Transitioning SubConn to READY.
[34m2026-09-16 15:02:04.404 IST 000f INFO[0m [grpc] [34;1mAddTraceEvent[0m -> [core] [Channel #1] Channel Connectivity change to READY
[34m2026-09-16 15:02:04.404 IST 0010 INFO[0m [grpc] [34;1mInfof[0m -> [core] original dial target is: "localhost:7051"
[34m2026-09-16 15:02:04.404 IST 0011 INFO[0m [grpc] [34;1mAddTraceEvent[0m -> [core] [Channel #4] Channel created for target "localhost:7051"
[34m2026-09-16 15:02:04.404 IST 0012 INFO[0m [grpc] [34;1mAddTraceEvent[0m -> [core] [Channel #4] parsed dial target is: resolver.Target{URL:url.URL{Scheme:"passthrough", Opaque:"", User:(*url.Userinfo)(nil), Host:"", Path:"/localhost:7051", Fragment:"", RawQuery:"", RawPath:"", RawFragment:"", ForceQuery:false, OmitHost:false}}
[34m2026-09-16 15:02:04.404 IST 0013 INFO[0m [grpc] [34;1mAddTraceEvent[0m -> [core] [Channel #4] Channel authority set to "localhost:7051"
[34m2026-09-16 15:02:04.404 IST 0014 INFO[0m [grpc] [34;1mAddTraceEvent[0m -> [core] [Channel #4] Channel Connectivity change to CONNECTING
[34m2026-09-16 15:02:04.404 IST 0015 INFO[0m [grpc] [34;1mAddTraceEvent[0m -> [core] [Channel #4] Resolver state updated: {
  "Addresses": [
    {
      "Addr": "localhost:7051",
      "ServerName": "",
      "Attributes": null,
      "BalancerAttributes": null,
      "Metadata": null
    }
  ],
  "Endpoints": [
    {
      "Addresses": [
        {
          "Addr": "localhost:7051",
          "ServerName": "",
          "Attributes": null,
          "BalancerAttributes": null,
          "Metadata": null
        }
      ],
      "Attributes": null
    }
  ],
  "ServiceConfig": null,
  "Attributes": null
} (resolver returned new addresses)
[34m2026-09-16 15:02:04.404 IST 0016 INFO[0m [grpc] [34;1mAddTraceEvent[0m -> [core] [Channel #4] Channel switches to new LB policy "pick_first"
[34m2026-09-16 15:02:04.404 IST 0017 INFO[0m [grpc] [34;1mInfof[0m -> [pick-first-leaf-lb] [pick-first-leaf-lb 0x1bdfe9c4a3f0] Received new config {
  "shuffleAddressList": false
}, resolver state {
  "Addresses": [
    {
      "Addr": "localhost:7051",
      "ServerName": "",
      "Attributes": null,
      "BalancerAttributes": null,
      "Metadata": null
    }
  ],
  "Endpoints": [
    {
      "Addresses": [
        {
          "Addr": "localhost:7051",
          "ServerName": "",
          "Attributes": null,
          "BalancerAttributes": null,
          "Metadata": null
        }
      ],
      "Attributes": null
    }
  ],
  "ServiceConfig": null,
  "Attributes": null
}
[34m2026-09-16 15:02:04.404 IST 0018 INFO[0m [grpc] [34;1mAddTraceEvent[0m -> [core] [Channel #4 SubChannel #5] Subchannel created
[34m2026-09-16 15:02:04.404 IST 0019 INFO[0m [grpc] [34;1mAddTraceEvent[0m -> [core] [Channel #4] Channel exiting idle mode
[34m2026-09-16 15:02:04.404 IST 001a INFO[0m [grpc] [34;1mAddTraceEvent[0m -> [core] [Channel #4 SubChannel #5] Subchannel Connectivity change to CONNECTING
[34m2026-09-16 15:02:04.404 IST 001b INFO[0m [grpc] [34;1mAddTraceEvent[0m -> [core] [Channel #4 SubChannel #5] Subchannel picks a new address "localhost:7051" to connect
[34m2026-09-16 15:02:04.405 IST 001c INFO[0m [grpc] [34;1mAddTraceEvent[0m -> [core] [Channel #4 SubChannel #5] Subchannel Connectivity change to READY
[34m2026-09-16 15:02:04.405 IST 001d INFO[0m [grpc] [34;1mInfof[0m -> [pick-first-leaf-lb] [pick-first-leaf-lb 0x1bdfe9c4a3f0] SubConn 0x1bdfe9b13270 reported connectivity state READY and the health listener is disabled. Transitioning SubConn to READY.
[34m2026-09-16 15:02:04.405 IST 001e INFO[0m [grpc] [34;1mAddTraceEvent[0m -> [core] [Channel #4] Channel Connectivity change to READY
{
	"approvals": {
		"Org1MSP": true,
		"Org2MSP": true
	}
}
[0;34mChecking the commit readiness of the chaincode definition successful on peer0.org1 on channel 'mychannel'[0m
[0;34mUsing organization 2[0m
[0;34mChecking the commit readiness of the chaincode definition on peer0.org2 on channel 'mychannel'...[0m
[0;34mAttempting to check the commit readiness of the chaincode definition on peer0.org2, Retry after 3 seconds.[0m
+ peer lifecycle chaincode checkcommitreadiness --channelID mychannel --name kvstore --version 1.0 --sequence 1 --output json
+ res=0
[34m2026-09-16 15:02:07.436 IST 0001 INFO[0m [grpc] [34;1mInfof[0m -> [core] original dial target is: "localhost:9051"
[34m2026-09-16 15:02:07.436 IST 0002 INFO[0m [grpc] [34;1mAddTraceEvent[0m -> [core] [Channel #1] Channel created for target "localhost:9051"
[34m2026-09-16 15:02:07.436 IST 0003 INFO[0m [grpc] [34;1mAddTraceEvent[0m -> [core] [Channel #1] parsed dial target is: resolver.Target{URL:url.URL{Scheme:"passthrough", Opaque:"", User:(*url.Userinfo)(nil), Host:"", Path:"/localhost:9051", Fragment:"", RawQuery:"", RawPath:"", RawFragment:"", ForceQuery:false, OmitHost:false}}
[34m2026-09-16 15:02:07.436 IST 0004 INFO[0m [grpc] [34;1mAddTraceEvent[0m -> [core] [Channel #1] Channel authority set to "localhost:9051"
[34m2026-09-16 15:02:07.436 IST 0005 INFO[0m [grpc] [34;1mAddTraceEvent[0m -> [core] [Channel #1] Channel Connectivity change to CONNECTING
[34m2026-09-16 15:02:07.436 IST 0006 INFO[0m [grpc] [34;1mAddTraceEvent[0m -> [core] [Channel #1] Resolver state updated: {
  "Addresses": [
    {
      "Addr": "localhost:9051",
      "ServerName": "",
      "Attributes": null,
      "BalancerAttributes": null,
      "Metadata": null
    }
  ],
  "Endpoints": [
    {
      "Addresses": [
        {
          "Addr": "localhost:9051",
          "ServerName": "",
          "Attributes": null,
          "BalancerAttributes": null,
          "Metadata": null
        }
      ],
      "Attributes": null
    }
  ],
  "ServiceConfig": null,
  "Attributes": null
} (resolver returned new addresses)
[34m2026-09-16 15:02:07.436 IST 0007 INFO[0m [grpc] [34;1mAddTraceEvent[0m -> [core] [Channel #1] Channel switches to new LB policy "pick_first"
[34m2026-09-16 15:02:07.436 IST 0008 INFO[0m [grpc] [34;1mInfof[0m -> [pick-first-leaf-lb] [pick-first-leaf-lb 0x277328e7a750] Received new config {
  "shuffleAddressList": false
}, resolver state {
  "Addresses": [
    {
      "Addr": "localhost:9051",
      "ServerName": "",
      "Attributes": null,
      "BalancerAttributes": null,
      "Metadata": null
    }
  ],
  "Endpoints": [
    {
      "Addresses": [
        {
          "Addr": "localhost:9051",
          "ServerName": "",
          "Attributes": null,
          "BalancerAttributes": null,
          "Metadata": null
        }
      ],
      "Attributes": null
    }
  ],
  "ServiceConfig": null,
  "Attributes": null
}
[34m2026-09-16 15:02:07.436 IST 0009 INFO[0m [grpc] [34;1mAddTraceEvent[0m -> [core] [Channel #1 SubChannel #2] Subchannel created
[34m2026-09-16 15:02:07.436 IST 000a INFO[0m [grpc] [34;1mAddTraceEvent[0m -> [core] [Channel #1] Channel exiting idle mode
[34m2026-09-16 15:02:07.436 IST 000b INFO[0m [grpc] [34;1mAddTraceEvent[0m -> [core] [Channel #1 SubChannel #2] Subchannel Connectivity change to CONNECTING
[34m2026-09-16 15:02:07.436 IST 000c INFO[0m [grpc] [34;1mAddTraceEvent[0m -> [core] [Channel #1 SubChannel #2] Subchannel picks a new address "localhost:9051" to connect
[34m2026-09-16 15:02:07.437 IST 000d INFO[0m [grpc] [34;1mAddTraceEvent[0m -> [core] [Channel #1 SubChannel #2] Subchannel Connectivity change to READY
[34m2026-09-16 15:02:07.437 IST 000e INFO[0m [grpc] [34;1mInfof[0m -> [pick-first-leaf-lb] [pick-first-leaf-lb 0x277328e7a750] SubConn 0x277328f8ba90 reported connectivity state READY and the health listener is disabled. Transitioning SubConn to READY.
[34m2026-09-16 15:02:07.437 IST 000f INFO[0m [grpc] [34;1mAddTraceEvent[0m -> [core] [Channel #1] Channel Connectivity change to READY
[34m2026-09-16 15:02:07.437 IST 0010 INFO[0m [grpc] [34;1mInfof[0m -> [core] original dial target is: "localhost:9051"
[34m2026-09-16 15:02:07.438 IST 0011 INFO[0m [grpc] [34;1mAddTraceEvent[0m -> [core] [Channel #4] Channel created for target "localhost:9051"
[34m2026-09-16 15:02:07.438 IST 0012 INFO[0m [grpc] [34;1mAddTraceEvent[0m -> [core] [Channel #4] parsed dial target is: resolver.Target{URL:url.URL{Scheme:"passthrough", Opaque:"", User:(*url.Userinfo)(nil), Host:"", Path:"/localhost:9051", Fragment:"", RawQuery:"", RawPath:"", RawFragment:"", ForceQuery:false, OmitHost:false}}
[34m2026-09-16 15:02:07.438 IST 0013 INFO[0m [grpc] [34;1mAddTraceEvent[0m -> [core] [Channel #4] Channel authority set to "localhost:9051"
[34m2026-09-16 15:02:07.438 IST 0014 INFO[0m [grpc] [34;1mAddTraceEvent[0m -> [core] [Channel #4] Channel Connectivity change to CONNECTING
[34m2026-09-16 15:02:07.438 IST 0015 INFO[0m [grpc] [34;1mAddTraceEvent[0m -> [core] [Channel #4] Resolver state updated: {
  "Addresses": [
    {
      "Addr": "localhost:9051",
      "ServerName": "",
      "Attributes": null,
      "BalancerAttributes": null,
      "Metadata": null
    }
  ],
  "Endpoints": [
    {
      "Addresses": [
        {
          "Addr": "localhost:9051",
          "ServerName": "",
          "Attributes": null,
          "BalancerAttributes": null,
          "Metadata": null
        }
      ],
      "Attributes": null
    }
  ],
  "ServiceConfig": null,
  "Attributes": null
} (resolver returned new addresses)
[34m2026-09-16 15:02:07.438 IST 0016 INFO[0m [grpc] [34;1mAddTraceEvent[0m -> [core] [Channel #4] Channel switches to new LB policy "pick_first"
[34m2026-09-16 15:02:07.438 IST 0017 INFO[0m [grpc] [34;1mInfof[0m -> [pick-first-leaf-lb] [pick-first-leaf-lb 0x277328e7a000] Received new config {
  "shuffleAddressList": false
}, resolver state {
  "Addresses": [
    {
      "Addr": "localhost:9051",
      "ServerName": "",
      "Attributes": null,
      "BalancerAttributes": null,
      "Metadata": null
    }
  ],
  "Endpoints": [
    {
      "Addresses": [
        {
          "Addr": "localhost:9051",
          "ServerName": "",
          "Attributes": null,
          "BalancerAttributes": null,
          "Metadata": null
        }
      ],
      "Attributes": null
    }
  ],
  "ServiceConfig": null,
  "Attributes": null
}
[34m2026-09-16 15:02:07.438 IST 0018 INFO[0m [grpc] [34;1mAddTraceEvent[0m -> [core] [Channel #4 SubChannel #5] Subchannel created
[34m2026-09-16 15:02:07.438 IST 0019 INFO[0m [grpc] [34;1mAddTraceEvent[0m -> [core] [Channel #4] Channel exiting idle mode
[34m2026-09-16 15:02:07.438 IST 001a INFO[0m [grpc] [34;1mAddTraceEvent[0m -> [core] [Channel #4 SubChannel #5] Subchannel Connectivity change to CONNECTING
[34m2026-09-16 15:02:07.438 IST 001b INFO[0m [grpc] [34;1mAddTraceEvent[0m -> [core] [Channel #4 SubChannel #5] Subchannel picks a new address "localhost:9051" to connect
[34m2026-09-16 15:02:07.439 IST 001c INFO[0m [grpc] [34;1mAddTraceEvent[0m -> [core] [Channel #4 SubChannel #5] Subchannel Connectivity change to READY
[34m2026-09-16 15:02:07.439 IST 001d INFO[0m [grpc] [34;1mInfof[0m -> [pick-first-leaf-lb] [pick-first-leaf-lb 0x277328e7a000] SubConn 0x277328dac280 reported connectivity state READY and the health listener is disabled. Transitioning SubConn to READY.
[34m2026-09-16 15:02:07.439 IST 001e INFO[0m [grpc] [34;1mAddTraceEvent[0m -> [core] [Channel #4] Channel Connectivity change to READY
{
	"approvals": {
		"Org1MSP": true,
		"Org2MSP": true
	}
}
[0;34mChecking the commit readiness of the chaincode definition successful on peer0.org2 on channel 'mychannel'[0m
[0;34mUsing organization 1[0m
[0;34mUsing organization 2[0m
+ peer lifecycle chaincode commit -o localhost:7050 --ordererTLSHostnameOverride orderer.example.com --tls --cafile /home/chad/Projects/bench/deploy/docker/.cache/fabric-samples/test-network/organizations/ordererOrganizations/example.com/tlsca/tlsca.example.com-cert.pem --channelID mychannel --name kvstore --peerAddresses localhost:7051 --tlsRootCertFiles /home/chad/Projects/bench/deploy/docker/.cache/fabric-samples/test-network/organizations/peerOrganizations/org1.example.com/tlsca/tlsca.org1.example.com-cert.pem --peerAddresses localhost:9051 --tlsRootCertFiles /home/chad/Projects/bench/deploy/docker/.cache/fabric-samples/test-network/organizations/peerOrganizations/org2.example.com/tlsca/tlsca.org2.example.com-cert.pem --version 1.0 --sequence 1
+ res=0
[34m2026-09-16 15:02:07.467 IST 0001 INFO[0m [grpc] [34;1mInfof[0m -> [core] original dial target is: "localhost:7051"
[34m2026-09-16 15:02:07.467 IST 0002 INFO[0m [grpc] [34;1mAddTraceEvent[0m -> [core] [Channel #1] Channel created for target "localhost:7051"
[34m2026-09-16 15:02:07.467 IST 0003 INFO[0m [grpc] [34;1mAddTraceEvent[0m -> [core] [Channel #1] parsed dial target is: resolver.Target{URL:url.URL{Scheme:"passthrough", Opaque:"", User:(*url.Userinfo)(nil), Host:"", Path:"/localhost:7051", Fragment:"", RawQuery:"", RawPath:"", RawFragment:"", ForceQuery:false, OmitHost:false}}
[34m2026-09-16 15:02:07.467 IST 0004 INFO[0m [grpc] [34;1mAddTraceEvent[0m -> [core] [Channel #1] Channel authority set to "localhost:7051"
[34m2026-09-16 15:02:07.467 IST 0005 INFO[0m [grpc] [34;1mAddTraceEvent[0m -> [core] [Channel #1] Channel Connectivity change to CONNECTING
[34m2026-09-16 15:02:07.467 IST 0006 INFO[0m [grpc] [34;1mAddTraceEvent[0m -> [core] [Channel #1] Resolver state updated: {
  "Addresses": [
    {
      "Addr": "localhost:7051",
      "ServerName": "",
      "Attributes": null,
      "BalancerAttributes": null,
      "Metadata": null
    }
  ],
  "Endpoints": [
    {
      "Addresses": [
        {
          "Addr": "localhost:7051",
          "ServerName": "",
          "Attributes": null,
          "BalancerAttributes": null,
          "Metadata": null
        }
      ],
      "Attributes": null
    }
  ],
  "ServiceConfig": null,
  "Attributes": null
} (resolver returned new addresses)
[34m2026-09-16 15:02:07.467 IST 0007 INFO[0m [grpc] [34;1mAddTraceEvent[0m -> [core] [Channel #1] Channel switches to new LB policy "pick_first"
[34m2026-09-16 15:02:07.467 IST 0008 INFO[0m [grpc] [34;1mInfof[0m -> [pick-first-leaf-lb] [pick-first-leaf-lb 0x13098dd20750] Received new config {
  "shuffleAddressList": false
}, resolver state {
  "Addresses": [
    {
      "Addr": "localhost:7051",
      "ServerName": "",
      "Attributes": null,
      "BalancerAttributes": null,
      "Metadata": null
    }
  ],
  "Endpoints": [
    {
      "Addresses": [
        {
          "Addr": "localhost:7051",
          "ServerName": "",
          "Attributes": null,
          "BalancerAttributes": null,
          "Metadata": null
        }
      ],
      "Attributes": null
    }
  ],
  "ServiceConfig": null,
  "Attributes": null
}
[34m2026-09-16 15:02:07.467 IST 0009 INFO[0m [grpc] [34;1mAddTraceEvent[0m -> [core] [Channel #1 SubChannel #2] Subchannel created
[34m2026-09-16 15:02:07.467 IST 000a INFO[0m [grpc] [34;1mAddTraceEvent[0m -> [core] [Channel #1] Channel exiting idle mode
[34m2026-09-16 15:02:07.467 IST 000b INFO[0m [grpc] [34;1mAddTraceEvent[0m -> [core] [Channel #1 SubChannel #2] Subchannel Connectivity change to CONNECTING
[34m2026-09-16 15:02:07.467 IST 000c INFO[0m [grpc] [34;1mAddTraceEvent[0m -> [core] [Channel #1 SubChannel #2] Subchannel picks a new address "localhost:7051" to connect
[34m2026-09-16 15:02:07.468 IST 000d INFO[0m [grpc] [34;1mAddTraceEvent[0m -> [core] [Channel #1 SubChannel #2] Subchannel Connectivity change to READY
[34m2026-09-16 15:02:07.468 IST 000e INFO[0m [grpc] [34;1mInfof[0m -> [pick-first-leaf-lb] [pick-first-leaf-lb 0x13098dd20750] SubConn 0x13098dd7a960 reported connectivity state READY and the health listener is disabled. Transitioning SubConn to READY.
[34m2026-09-16 15:02:07.468 IST 000f INFO[0m [grpc] [34;1mAddTraceEvent[0m -> [core] [Channel #1] Channel Connectivity change to READY
[34m2026-09-16 15:02:07.468 IST 0010 INFO[0m [grpc] [34;1mInfof[0m -> [core] original dial target is: "localhost:7051"
[34m2026-09-16 15:02:07.468 IST 0011 INFO[0m [grpc] [34;1mAddTraceEvent[0m -> [core] [Channel #4] Channel created for target "localhost:7051"
[34m2026-09-16 15:02:07.468 IST 0012 INFO[0m [grpc] [34;1mAddTraceEvent[0m -> [core] [Channel #4] parsed dial target is: resolver.Target{URL:url.URL{Scheme:"passthrough", Opaque:"", User:(*url.Userinfo)(nil), Host:"", Path:"/localhost:7051", Fragment:"", RawQuery:"", RawPath:"", RawFragment:"", ForceQuery:false, OmitHost:false}}
[34m2026-09-16 15:02:07.468 IST 0013 INFO[0m [grpc] [34;1mAddTraceEvent[0m -> [core] [Channel #4] Channel authority set to "localhost:7051"
[34m2026-09-16 15:02:07.468 IST 0014 INFO[0m [grpc] [34;1mAddTraceEvent[0m -> [core] [Channel #4] Channel Connectivity change to CONNECTING
[34m2026-09-16 15:02:07.468 IST 0015 INFO[0m [grpc] [34;1mAddTraceEvent[0m -> [core] [Channel #4] Resolver state updated: {
  "Addresses": [
    {
      "Addr": "localhost:7051",
      "ServerName": "",
      "Attributes": null,
      "BalancerAttributes": null,
      "Metadata": null
    }
  ],
  "Endpoints": [
    {
      "Addresses": [
        {
          "Addr": "localhost:7051",
          "ServerName": "",
          "Attributes": null,
          "BalancerAttributes": null,
          "Metadata": null
        }
      ],
      "Attributes": null
    }
  ],
  "ServiceConfig": null,
  "Attributes": null
} (resolver returned new addresses)
[34m2026-09-16 15:02:07.468 IST 0016 INFO[0m [grpc] [34;1mAddTraceEvent[0m -> [core] [Channel #4] Channel switches to new LB policy "pick_first"
[34m2026-09-16 15:02:07.468 IST 0017 INFO[0m [grpc] [34;1mInfof[0m -> [pick-first-leaf-lb] [pick-first-leaf-lb 0x13098de31e60] Received new config {
  "shuffleAddressList": false
}, resolver state {
  "Addresses": [
    {
      "Addr": "localhost:7051",
      "ServerName": "",
      "Attributes": null,
      "BalancerAttributes": null,
      "Metadata": null
    }
  ],
  "Endpoints": [
    {
      "Addresses": [
        {
          "Addr": "localhost:7051",
          "ServerName": "",
          "Attributes": null,
          "BalancerAttributes": null,
          "Metadata": null
        }
      ],
      "Attributes": null
    }
  ],
  "ServiceConfig": null,
  "Attributes": null
}
[34m2026-09-16 15:02:07.468 IST 0018 INFO[0m [grpc] [34;1mAddTraceEvent[0m -> [core] [Channel #4 SubChannel #5] Subchannel created
[34m2026-09-16 15:02:07.468 IST 0019 INFO[0m [grpc] [34;1mAddTraceEvent[0m -> [core] [Channel #4] Channel exiting idle mode
[34m2026-09-16 15:02:07.468 IST 001a INFO[0m [grpc] [34;1mAddTraceEvent[0m -> [core] [Channel #4 SubChannel #5] Subchannel Connectivity change to CONNECTING
[34m2026-09-16 15:02:07.468 IST 001b INFO[0m [grpc] [34;1mAddTraceEvent[0m -> [core] [Channel #4 SubChannel #5] Subchannel picks a new address "localhost:7051" to connect
[34m2026-09-16 15:02:07.469 IST 001c INFO[0m [grpc] [34;1mAddTraceEvent[0m -> [core] [Channel #4 SubChannel #5] Subchannel Connectivity change to READY
[34m2026-09-16 15:02:07.469 IST 001d INFO[0m [grpc] [34;1mInfof[0m -> [pick-first-leaf-lb] [pick-first-leaf-lb 0x13098de31e60] SubConn 0x13098e08eeb0 reported connectivity state READY and the health listener is disabled. Transitioning SubConn to READY.
[34m2026-09-16 15:02:07.469 IST 001e INFO[0m [grpc] [34;1mAddTraceEvent[0m -> [core] [Channel #4] Channel Connectivity change to READY
[34m2026-09-16 15:02:07.469 IST 001f INFO[0m [grpc] [34;1mInfof[0m -> [core] original dial target is: "localhost:9051"
[34m2026-09-16 15:02:07.469 IST 0020 INFO[0m [grpc] [34;1mAddTraceEvent[0m -> [core] [Channel #7] Channel created for target "localhost:9051"
[34m2026-09-16 15:02:07.469 IST 0021 INFO[0m [grpc] [34;1mAddTraceEvent[0m -> [core] [Channel #7] parsed dial target is: resolver.Target{URL:url.URL{Scheme:"passthrough", Opaque:"", User:(*url.Userinfo)(nil), Host:"", Path:"/localhost:9051", Fragment:"", RawQuery:"", RawPath:"", RawFragment:"", ForceQuery:false, OmitHost:false}}
[34m2026-09-16 15:02:07.469 IST 0022 INFO[0m [grpc] [34;1mAddTraceEvent[0m -> [core] [Channel #7] Channel authority set to "localhost:9051"
[34m2026-09-16 15:02:07.469 IST 0023 INFO[0m [grpc] [34;1mAddTraceEvent[0m -> [core] [Channel #7] Channel Connectivity change to CONNECTING
[34m2026-09-16 15:02:07.469 IST 0024 INFO[0m [grpc] [34;1mAddTraceEvent[0m -> [core] [Channel #7] Resolver state updated: {
  "Addresses": [
    {
      "Addr": "localhost:9051",
      "ServerName": "",
      "Attributes": null,
      "BalancerAttributes": null,
      "Metadata": null
    }
  ],
  "Endpoints": [
    {
      "Addresses": [
        {
          "Addr": "localhost:9051",
          "ServerName": "",
          "Attributes": null,
          "BalancerAttributes": null,
          "Metadata": null
        }
      ],
      "Attributes": null
    }
  ],
  "ServiceConfig": null,
  "Attributes": null
} (resolver returned new addresses)
[34m2026-09-16 15:02:07.469 IST 0025 INFO[0m [grpc] [34;1mAddTraceEvent[0m -> [core] [Channel #7] Channel switches to new LB policy "pick_first"
[34m2026-09-16 15:02:07.469 IST 0026 INFO[0m [grpc] [34;1mInfof[0m -> [pick-first-leaf-lb] [pick-first-leaf-lb 0x13098e018090] Received new config {
  "shuffleAddressList": false
}, resolver state {
  "Addresses": [
    {
      "Addr": "localhost:9051",
      "ServerName": "",
      "Attributes": null,
      "BalancerAttributes": null,
      "Metadata": null
    }
  ],
  "Endpoints": [
    {
      "Addresses": [
        {
          "Addr": "localhost:9051",
          "ServerName": "",
          "Attributes": null,
          "BalancerAttributes": null,
          "Metadata": null
        }
      ],
      "Attributes": null
    }
  ],
  "ServiceConfig": null,
  "Attributes": null
}
[34m2026-09-16 15:02:07.469 IST 0027 INFO[0m [grpc] [34;1mAddTraceEvent[0m -> [core] [Channel #7 SubChannel #8] Subchannel created
[34m2026-09-16 15:02:07.469 IST 0028 INFO[0m [grpc] [34;1mAddTraceEvent[0m -> [core] [Channel #7] Channel exiting idle mode
[34m2026-09-16 15:02:07.469 IST 0029 INFO[0m [grpc] [34;1mAddTraceEvent[0m -> [core] [Channel #7 SubChannel #8] Subchannel Connectivity change to CONNECTING
[34m2026-09-16 15:02:07.469 IST 002a INFO[0m [grpc] [34;1mAddTraceEvent[0m -> [core] [Channel #7 SubChannel #8] Subchannel picks a new address "localhost:9051" to connect
[34m2026-09-16 15:02:07.470 IST 002b INFO[0m [grpc] [34;1mAddTraceEvent[0m -> [core] [Channel #7 SubChannel #8] Subchannel Connectivity change to READY
[34m2026-09-16 15:02:07.470 IST 002c INFO[0m [grpc] [34;1mInfof[0m -> [pick-first-leaf-lb] [pick-first-leaf-lb 0x13098e018090] SubConn 0x13098e116910 reported connectivity state READY and the health listener is disabled. Transitioning SubConn to READY.
[34m2026-09-16 15:02:07.470 IST 002d INFO[0m [grpc] [34;1mAddTraceEvent[0m -> [core] [Channel #7] Channel Connectivity change to READY
[34m2026-09-16 15:02:07.470 IST 002e INFO[0m [grpc] [34;1mInfof[0m -> [core] original dial target is: "localhost:9051"
[34m2026-09-16 15:02:07.470 IST 002f INFO[0m [grpc] [34;1mAddTraceEvent[0m -> [core] [Channel #10] Channel created for target "localhost:9051"
[34m2026-09-16 15:02:07.470 IST 0030 INFO[0m [grpc] [34;1mAddTraceEvent[0m -> [core] [Channel #10] parsed dial target is: resolver.Target{URL:url.URL{Scheme:"passthrough", Opaque:"", User:(*url.Userinfo)(nil), Host:"", Path:"/localhost:9051", Fragment:"", RawQuery:"", RawPath:"", RawFragment:"", ForceQuery:false, OmitHost:false}}
[34m2026-09-16 15:02:07.470 IST 0031 INFO[0m [grpc] [34;1mAddTraceEvent[0m -> [core] [Channel #10] Channel authority set to "localhost:9051"
[34m2026-09-16 15:02:07.470 IST 0032 INFO[0m [grpc] [34;1mAddTraceEvent[0m -> [core] [Channel #10] Channel Connectivity change to CONNECTING
[34m2026-09-16 15:02:07.470 IST 0033 INFO[0m [grpc] [34;1mAddTraceEvent[0m -> [core] [Channel #10] Resolver state updated: {
  "Addresses": [
    {
      "Addr": "localhost:9051",
      "ServerName": "",
      "Attributes": null,
      "BalancerAttributes": null,
      "Metadata": null
    }
  ],
  "Endpoints": [
    {
      "Addresses": [
        {
          "Addr": "localhost:9051",
          "ServerName": "",
          "Attributes": null,
          "BalancerAttributes": null,
          "Metadata": null
        }
      ],
      "Attributes": null
    }
  ],
  "ServiceConfig": null,
  "Attributes": null
} (resolver returned new addresses)
[34m2026-09-16 15:02:07.470 IST 0034 INFO[0m [grpc] [34;1mAddTraceEvent[0m -> [core] [Channel #10] Channel switches to new LB policy "pick_first"
[34m2026-09-16 15:02:07.470 IST 0035 INFO[0m [grpc] [34;1mInfof[0m -> [pick-first-leaf-lb] [pick-first-leaf-lb 0x13098dd20bd0] Received new config {
  "shuffleAddressList": false
}, resolver state {
  "Addresses": [
    {
      "Addr": "localhost:9051",
      "ServerName": "",
      "Attributes": null,
      "BalancerAttributes": null,
      "Metadata": null
    }
  ],
  "Endpoints": [
    {
      "Addresses": [
        {
          "Addr": "localhost:9051",
          "ServerName": "",
          "Attributes": null,
          "BalancerAttributes": null,
          "Metadata": null
        }
      ],
      "Attributes": null
    }
  ],
  "ServiceConfig": null,
  "Attributes": null
}
[34m2026-09-16 15:02:07.471 IST 0036 INFO[0m [grpc] [34;1mAddTraceEvent[0m -> [core] [Channel #10 SubChannel #11] Subchannel created
[34m2026-09-16 15:02:07.471 IST 0037 INFO[0m [grpc] [34;1mAddTraceEvent[0m -> [core] [Channel #10] Channel exiting idle mode
[34m2026-09-16 15:02:07.471 IST 0038 INFO[0m [grpc] [34;1mAddTraceEvent[0m -> [core] [Channel #10 SubChannel #11] Subchannel Connectivity change to CONNECTING
[34m2026-09-16 15:02:07.471 IST 0039 INFO[0m [grpc] [34;1mAddTraceEvent[0m -> [core] [Channel #10 SubChannel #11] Subchannel picks a new address "localhost:9051" to connect
[34m2026-09-16 15:02:07.471 IST 003a INFO[0m [grpc] [34;1mAddTraceEvent[0m -> [core] [Channel #10 SubChannel #11] Subchannel Connectivity change to READY
[34m2026-09-16 15:02:07.471 IST 003b INFO[0m [grpc] [34;1mInfof[0m -> [pick-first-leaf-lb] [pick-first-leaf-lb 0x13098dd20bd0] SubConn 0x13098dd7bc70 reported connectivity state READY and the health listener is disabled. Transitioning SubConn to READY.
[34m2026-09-16 15:02:07.471 IST 003c INFO[0m [grpc] [34;1mAddTraceEvent[0m -> [core] [Channel #10] Channel Connectivity change to READY
[33m2026-09-16 15:02:07.471 IST 003d WARN[0m [grpc] [33;1mWarningf[0m -> [core] Adjusting keepalive ping interval to minimum period of 10s
[34m2026-09-16 15:02:07.471 IST 003e INFO[0m [grpc] [34;1mInfof[0m -> [core] original dial target is: "localhost:7050"
[34m2026-09-16 15:02:07.471 IST 003f INFO[0m [grpc] [34;1mAddTraceEvent[0m -> [core] [Channel #13] Channel created for target "localhost:7050"
[34m2026-09-16 15:02:07.471 IST 0040 INFO[0m [grpc] [34;1mAddTraceEvent[0m -> [core] [Channel #13] parsed dial target is: resolver.Target{URL:url.URL{Scheme:"passthrough", Opaque:"", User:(*url.Userinfo)(nil), Host:"", Path:"/localhost:7050", Fragment:"", RawQuery:"", RawPath:"", RawFragment:"", ForceQuery:false, OmitHost:false}}
[34m2026-09-16 15:02:07.471 IST 0041 INFO[0m [grpc] [34;1mAddTraceEvent[0m -> [core] [Channel #13] Channel authority set to "orderer.example.com"
[34m2026-09-16 15:02:07.471 IST 0042 INFO[0m [grpc] [34;1mAddTraceEvent[0m -> [core] [Channel #13] Channel Connectivity change to CONNECTING
[34m2026-09-16 15:02:07.471 IST 0043 INFO[0m [grpc] [34;1mAddTraceEvent[0m -> [core] [Channel #13] Resolver state updated: {
  "Addresses": [
    {
      "Addr": "localhost:7050",
      "ServerName": "",
      "Attributes": null,
      "BalancerAttributes": null,
      "Metadata": null
    }
  ],
  "Endpoints": [
    {
      "Addresses": [
        {
          "Addr": "localhost:7050",
          "ServerName": "",
          "Attributes": null,
          "BalancerAttributes": null,
          "Metadata": null
        }
      ],
      "Attributes": null
    }
  ],
  "ServiceConfig": null,
  "Attributes": null
} (resolver returned new addresses)
[34m2026-09-16 15:02:07.471 IST 0044 INFO[0m [grpc] [34;1mAddTraceEvent[0m -> [core] [Channel #13] Channel switches to new LB policy "pick_first"
[34m2026-09-16 15:02:07.472 IST 0045 INFO[0m [grpc] [34;1mInfof[0m -> [pick-first-leaf-lb] [pick-first-leaf-lb 0x13098de562d0] Received new config {
  "shuffleAddressList": false
}, resolver state {
  "Addresses": [
    {
      "Addr": "localhost:7050",
      "ServerName": "",
      "Attributes": null,
      "BalancerAttributes": null,
      "Metadata": null
    }
  ],
  "Endpoints": [
    {
      "Addresses": [
        {
          "Addr": "localhost:7050",
          "ServerName": "",
          "Attributes": null,
          "BalancerAttributes": null,
          "Metadata": null
        }
      ],
      "Attributes": null
    }
  ],
  "ServiceConfig": null,
  "Attributes": null
}
[34m2026-09-16 15:02:07.472 IST 0046 INFO[0m [grpc] [34;1mAddTraceEvent[0m -> [core] [Channel #13 SubChannel #14] Subchannel created
[34m2026-09-16 15:02:07.472 IST 0047 INFO[0m [grpc] [34;1mAddTraceEvent[0m -> [core] [Channel #13] Channel exiting idle mode
[34m2026-09-16 15:02:07.472 IST 0048 INFO[0m [grpc] [34;1mAddTraceEvent[0m -> [core] [Channel #13 SubChannel #14] Subchannel Connectivity change to CONNECTING
[34m2026-09-16 15:02:07.472 IST 0049 INFO[0m [grpc] [34;1mAddTraceEvent[0m -> [core] [Channel #13 SubChannel #14] Subchannel picks a new address "localhost:7050" to connect
[34m2026-09-16 15:02:07.473 IST 004a INFO[0m [grpc] [34;1mAddTraceEvent[0m -> [core] [Channel #13 SubChannel #14] Subchannel Connectivity change to READY
[34m2026-09-16 15:02:07.473 IST 004b INFO[0m [grpc] [34;1mInfof[0m -> [pick-first-leaf-lb] [pick-first-leaf-lb 0x13098de562d0] SubConn 0x13098dc0cb90 reported connectivity state READY and the health listener is disabled. Transitioning SubConn to READY.
[34m2026-09-16 15:02:07.473 IST 004c INFO[0m [grpc] [34;1mAddTraceEvent[0m -> [core] [Channel #13] Channel Connectivity change to READY
[34m2026-09-16 15:02:08.435 IST 004d INFO[0m [chaincodeCmd] [34;1mClientWait[0m -> txid [c35066dc0754ca337a40da9b8b90d779c1b6a3497f8b4bdb1f0bc7f9c9c75707] committed with status (VALID) at localhost:7051
[34m2026-09-16 15:02:08.438 IST 004e INFO[0m [chaincodeCmd] [34;1mClientWait[0m -> txid [c35066dc0754ca337a40da9b8b90d779c1b6a3497f8b4bdb1f0bc7f9c9c75707] committed with status (VALID) at localhost:9051
[0;32mChaincode definition committed on channel 'mychannel'[0m
[0;34mUsing organization 1[0m
[0;34mQuerying chaincode definition on peer0.org1 on channel 'mychannel'...[0m
[0;34mAttempting to Query committed status on peer0.org1, Retry after 3 seconds.[0m
+ peer lifecycle chaincode querycommitted --channelID mychannel --name kvstore
+ res=0
[34m2026-09-16 15:02:11.467 IST 0001 INFO[0m [grpc] [34;1mInfof[0m -> [core] original dial target is: "localhost:7051"
[34m2026-09-16 15:02:11.467 IST 0002 INFO[0m [grpc] [34;1mAddTraceEvent[0m -> [core] [Channel #1] Channel created for target "localhost:7051"
[34m2026-09-16 15:02:11.467 IST 0003 INFO[0m [grpc] [34;1mAddTraceEvent[0m -> [core] [Channel #1] parsed dial target is: resolver.Target{URL:url.URL{Scheme:"passthrough", Opaque:"", User:(*url.Userinfo)(nil), Host:"", Path:"/localhost:7051", Fragment:"", RawQuery:"", RawPath:"", RawFragment:"", ForceQuery:false, OmitHost:false}}
[34m2026-09-16 15:02:11.467 IST 0004 INFO[0m [grpc] [34;1mAddTraceEvent[0m -> [core] [Channel #1] Channel authority set to "localhost:7051"
[34m2026-09-16 15:02:11.467 IST 0005 INFO[0m [grpc] [34;1mAddTraceEvent[0m -> [core] [Channel #1] Channel Connectivity change to CONNECTING
[34m2026-09-16 15:02:11.467 IST 0006 INFO[0m [grpc] [34;1mAddTraceEvent[0m -> [core] [Channel #1] Resolver state updated: {
  "Addresses": [
    {
      "Addr": "localhost:7051",
      "ServerName": "",
      "Attributes": null,
      "BalancerAttributes": null,
      "Metadata": null
    }
  ],
  "Endpoints": [
    {
      "Addresses": [
        {
          "Addr": "localhost:7051",
          "ServerName": "",
          "Attributes": null,
          "BalancerAttributes": null,
          "Metadata": null
        }
      ],
      "Attributes": null
    }
  ],
  "ServiceConfig": null,
  "Attributes": null
} (resolver returned new addresses)
[34m2026-09-16 15:02:11.467 IST 0007 INFO[0m [grpc] [34;1mAddTraceEvent[0m -> [core] [Channel #1] Channel switches to new LB policy "pick_first"
[34m2026-09-16 15:02:11.467 IST 0008 INFO[0m [grpc] [34;1mInfof[0m -> [pick-first-leaf-lb] [pick-first-leaf-lb 0x35dbc8db07e0] Received new config {
  "shuffleAddressList": false
}, resolver state {
  "Addresses": [
    {
      "Addr": "localhost:7051",
      "ServerName": "",
      "Attributes": null,
      "BalancerAttributes": null,
      "Metadata": null
    }
  ],
  "Endpoints": [
    {
      "Addresses": [
        {
          "Addr": "localhost:7051",
          "ServerName": "",
          "Attributes": null,
          "BalancerAttributes": null,
          "Metadata": null
        }
      ],
      "Attributes": null
    }
  ],
  "ServiceConfig": null,
  "Attributes": null
}
[34m2026-09-16 15:02:11.467 IST 0009 INFO[0m [grpc] [34;1mAddTraceEvent[0m -> [core] [Channel #1 SubChannel #2] Subchannel created
[34m2026-09-16 15:02:11.467 IST 000a INFO[0m [grpc] [34;1mAddTraceEvent[0m -> [core] [Channel #1] Channel exiting idle mode
[34m2026-09-16 15:02:11.467 IST 000b INFO[0m [grpc] [34;1mAddTraceEvent[0m -> [core] [Channel #1 SubChannel #2] Subchannel Connectivity change to CONNECTING
[34m2026-09-16 15:02:11.467 IST 000c INFO[0m [grpc] [34;1mAddTraceEvent[0m -> [core] [Channel #1 SubChannel #2] Subchannel picks a new address "localhost:7051" to connect
[34m2026-09-16 15:02:11.469 IST 000d INFO[0m [grpc] [34;1mAddTraceEvent[0m -> [core] [Channel #1 SubChannel #2] Subchannel Connectivity change to READY
[34m2026-09-16 15:02:11.469 IST 000e INFO[0m [grpc] [34;1mInfof[0m -> [pick-first-leaf-lb] [pick-first-leaf-lb 0x35dbc8db07e0] SubConn 0x35dbc9085ae0 reported connectivity state READY and the health listener is disabled. Transitioning SubConn to READY.
[34m2026-09-16 15:02:11.469 IST 000f INFO[0m [grpc] [34;1mAddTraceEvent[0m -> [core] [Channel #1] Channel Connectivity change to READY
[34m2026-09-16 15:02:11.469 IST 0010 INFO[0m [grpc] [34;1mInfof[0m -> [core] original dial target is: "localhost:7051"
[34m2026-09-16 15:02:11.469 IST 0011 INFO[0m [grpc] [34;1mAddTraceEvent[0m -> [core] [Channel #4] Channel created for target "localhost:7051"
[34m2026-09-16 15:02:11.469 IST 0012 INFO[0m [grpc] [34;1mAddTraceEvent[0m -> [core] [Channel #4] parsed dial target is: resolver.Target{URL:url.URL{Scheme:"passthrough", Opaque:"", User:(*url.Userinfo)(nil), Host:"", Path:"/localhost:7051", Fragment:"", RawQuery:"", RawPath:"", RawFragment:"", ForceQuery:false, OmitHost:false}}
[34m2026-09-16 15:02:11.469 IST 0013 INFO[0m [grpc] [34;1mAddTraceEvent[0m -> [core] [Channel #4] Channel authority set to "localhost:7051"
[34m2026-09-16 15:02:11.469 IST 0014 INFO[0m [grpc] [34;1mAddTraceEvent[0m -> [core] [Channel #4] Channel Connectivity change to CONNECTING
[34m2026-09-16 15:02:11.469 IST 0015 INFO[0m [grpc] [34;1mAddTraceEvent[0m -> [core] [Channel #4] Resolver state updated: {
  "Addresses": [
    {
      "Addr": "localhost:7051",
      "ServerName": "",
      "Attributes": null,
      "BalancerAttributes": null,
      "Metadata": null
    }
  ],
  "Endpoints": [
    {
      "Addresses": [
        {
          "Addr": "localhost:7051",
          "ServerName": "",
          "Attributes": null,
          "BalancerAttributes": null,
          "Metadata": null
        }
      ],
      "Attributes": null
    }
  ],
  "ServiceConfig": null,
  "Attributes": null
} (resolver returned new addresses)
[34m2026-09-16 15:02:11.469 IST 0016 INFO[0m [grpc] [34;1mAddTraceEvent[0m -> [core] [Channel #4] Channel switches to new LB policy "pick_first"
[34m2026-09-16 15:02:11.469 IST 0017 INFO[0m [grpc] [34;1mInfof[0m -> [pick-first-leaf-lb] [pick-first-leaf-lb 0x35dbc8a7a7e0] Received new config {
  "shuffleAddressList": false
}, resolver state {
  "Addresses": [
    {
      "Addr": "localhost:7051",
      "ServerName": "",
      "Attributes": null,
      "BalancerAttributes": null,
      "Metadata": null
    }
  ],
  "Endpoints": [
    {
      "Addresses": [
        {
          "Addr": "localhost:7051",
          "ServerName": "",
          "Attributes": null,
          "BalancerAttributes": null,
          "Metadata": null
        }
      ],
      "Attributes": null
    }
  ],
  "ServiceConfig": null,
  "Attributes": null
}
[34m2026-09-16 15:02:11.469 IST 0018 INFO[0m [grpc] [34;1mAddTraceEvent[0m -> [core] [Channel #4 SubChannel #5] Subchannel created
[34m2026-09-16 15:02:11.469 IST 0019 INFO[0m [grpc] [34;1mAddTraceEvent[0m -> [core] [Channel #4] Channel exiting idle mode
[34m2026-09-16 15:02:11.469 IST 001a INFO[0m [grpc] [34;1mAddTraceEvent[0m -> [core] [Channel #4 SubChannel #5] Subchannel Connectivity change to CONNECTING
[34m2026-09-16 15:02:11.469 IST 001b INFO[0m [grpc] [34;1mAddTraceEvent[0m -> [core] [Channel #4 SubChannel #5] Subchannel picks a new address "localhost:7051" to connect
[34m2026-09-16 15:02:11.470 IST 001c INFO[0m [grpc] [34;1mAddTraceEvent[0m -> [core] [Channel #4 SubChannel #5] Subchannel Connectivity change to READY
[34m2026-09-16 15:02:11.470 IST 001d INFO[0m [grpc] [34;1mInfof[0m -> [pick-first-leaf-lb] [pick-first-leaf-lb 0x35dbc8a7a7e0] SubConn 0x35dbc8d079f0 reported connectivity state READY and the health listener is disabled. Transitioning SubConn to READY.
[34m2026-09-16 15:02:11.470 IST 001e INFO[0m [grpc] [34;1mAddTraceEvent[0m -> [core] [Channel #4] Channel Connectivity change to READY
Committed chaincode definition for chaincode 'kvstore' on channel 'mychannel':
Version: 1.0, Sequence: 1, Endorsement Plugin: escc, Validation Plugin: vscc, Approvals: [Org1MSP: true, Org2MSP: true]
[0;32mQuery chaincode definition successful on peer0.org1 on channel 'mychannel'[0m
[0;34mUsing organization 2[0m
[0;34mQuerying chaincode definition on peer0.org2 on channel 'mychannel'...[0m
[0;34mAttempting to Query committed status on peer0.org2, Retry after 3 seconds.[0m
+ peer lifecycle chaincode querycommitted --channelID mychannel --name kvstore
+ res=0
[34m2026-09-16 15:02:14.501 IST 0001 INFO[0m [grpc] [34;1mInfof[0m -> [core] original dial target is: "localhost:9051"
[34m2026-09-16 15:02:14.501 IST 0002 INFO[0m [grpc] [34;1mAddTraceEvent[0m -> [core] [Channel #1] Channel created for target "localhost:9051"
[34m2026-09-16 15:02:14.501 IST 0003 INFO[0m [grpc] [34;1mAddTraceEvent[0m -> [core] [Channel #1] parsed dial target is: resolver.Target{URL:url.URL{Scheme:"passthrough", Opaque:"", User:(*url.Userinfo)(nil), Host:"", Path:"/localhost:9051", Fragment:"", RawQuery:"", RawPath:"", RawFragment:"", ForceQuery:false, OmitHost:false}}
[34m2026-09-16 15:02:14.501 IST 0004 INFO[0m [grpc] [34;1mAddTraceEvent[0m -> [core] [Channel #1] Channel authority set to "localhost:9051"
[34m2026-09-16 15:02:14.501 IST 0005 INFO[0m [grpc] [34;1mAddTraceEvent[0m -> [core] [Channel #1] Channel Connectivity change to CONNECTING
[34m2026-09-16 15:02:14.502 IST 0006 INFO[0m [grpc] [34;1mAddTraceEvent[0m -> [core] [Channel #1] Resolver state updated: {
  "Addresses": [
    {
      "Addr": "localhost:9051",
      "ServerName": "",
      "Attributes": null,
      "BalancerAttributes": null,
      "Metadata": null
    }
  ],
  "Endpoints": [
    {
      "Addresses": [
        {
          "Addr": "localhost:9051",
          "ServerName": "",
          "Attributes": null,
          "BalancerAttributes": null,
          "Metadata": null
        }
      ],
      "Attributes": null
    }
  ],
  "ServiceConfig": null,
  "Attributes": null
} (resolver returned new addresses)
[34m2026-09-16 15:02:14.502 IST 0007 INFO[0m [grpc] [34;1mAddTraceEvent[0m -> [core] [Channel #1] Channel switches to new LB policy "pick_first"
[34m2026-09-16 15:02:14.502 IST 0008 INFO[0m [grpc] [34;1mInfof[0m -> [pick-first-leaf-lb] [pick-first-leaf-lb 0x1fc9a184e7e0] Received new config {
  "shuffleAddressList": false
}, resolver state {
  "Addresses": [
    {
      "Addr": "localhost:9051",
      "ServerName": "",
      "Attributes": null,
      "BalancerAttributes": null,
      "Metadata": null
    }
  ],
  "Endpoints": [
    {
      "Addresses": [
        {
          "Addr": "localhost:9051",
          "ServerName": "",
          "Attributes": null,
          "BalancerAttributes": null,
          "Metadata": null
        }
      ],
      "Attributes": null
    }
  ],
  "ServiceConfig": null,
  "Attributes": null
}
[34m2026-09-16 15:02:14.502 IST 0009 INFO[0m [grpc] [34;1mAddTraceEvent[0m -> [core] [Channel #1 SubChannel #2] Subchannel created
[34m2026-09-16 15:02:14.502 IST 000a INFO[0m [grpc] [34;1mAddTraceEvent[0m -> [core] [Channel #1] Channel exiting idle mode
[34m2026-09-16 15:02:14.502 IST 000b INFO[0m [grpc] [34;1mAddTraceEvent[0m -> [core] [Channel #1 SubChannel #2] Subchannel Connectivity change to CONNECTING
[34m2026-09-16 15:02:14.502 IST 000c INFO[0m [grpc] [34;1mAddTraceEvent[0m -> [core] [Channel #1 SubChannel #2] Subchannel picks a new address "localhost:9051" to connect
[34m2026-09-16 15:02:14.503 IST 000d INFO[0m [grpc] [34;1mAddTraceEvent[0m -> [core] [Channel #1 SubChannel #2] Subchannel Connectivity change to READY
[34m2026-09-16 15:02:14.503 IST 000e INFO[0m [grpc] [34;1mInfof[0m -> [pick-first-leaf-lb] [pick-first-leaf-lb 0x1fc9a184e7e0] SubConn 0x1fc9a15e2d20 reported connectivity state READY and the health listener is disabled. Transitioning SubConn to READY.
[34m2026-09-16 15:02:14.503 IST 000f INFO[0m [grpc] [34;1mAddTraceEvent[0m -> [core] [Channel #1] Channel Connectivity change to READY
[34m2026-09-16 15:02:14.503 IST 0010 INFO[0m [grpc] [34;1mInfof[0m -> [core] original dial target is: "localhost:9051"
[34m2026-09-16 15:02:14.503 IST 0011 INFO[0m [grpc] [34;1mAddTraceEvent[0m -> [core] [Channel #4] Channel created for target "localhost:9051"
[34m2026-09-16 15:02:14.503 IST 0012 INFO[0m [grpc] [34;1mAddTraceEvent[0m -> [core] [Channel #4] parsed dial target is: resolver.Target{URL:url.URL{Scheme:"passthrough", Opaque:"", User:(*url.Userinfo)(nil), Host:"", Path:"/localhost:9051", Fragment:"", RawQuery:"", RawPath:"", RawFragment:"", ForceQuery:false, OmitHost:false}}
[34m2026-09-16 15:02:14.503 IST 0013 INFO[0m [grpc] [34;1mAddTraceEvent[0m -> [core] [Channel #4] Channel authority set to "localhost:9051"
[34m2026-09-16 15:02:14.503 IST 0014 INFO[0m [grpc] [34;1mAddTraceEvent[0m -> [core] [Channel #4] Channel Connectivity change to CONNECTING
[34m2026-09-16 15:02:14.503 IST 0015 INFO[0m [grpc] [34;1mAddTraceEvent[0m -> [core] [Channel #4] Resolver state updated: {
  "Addresses": [
    {
      "Addr": "localhost:9051",
      "ServerName": "",
      "Attributes": null,
      "BalancerAttributes": null,
      "Metadata": null
    }
  ],
  "Endpoints": [
    {
      "Addresses": [
        {
          "Addr": "localhost:9051",
          "ServerName": "",
          "Attributes": null,
          "BalancerAttributes": null,
          "Metadata": null
        }
      ],
      "Attributes": null
    }
  ],
  "ServiceConfig": null,
  "Attributes": null
} (resolver returned new addresses)
[34m2026-09-16 15:02:14.503 IST 0016 INFO[0m [grpc] [34;1mAddTraceEvent[0m -> [core] [Channel #4] Channel switches to new LB policy "pick_first"
[34m2026-09-16 15:02:14.504 IST 0017 INFO[0m [grpc] [34;1mInfof[0m -> [pick-first-leaf-lb] [pick-first-leaf-lb 0x1fc9a19dc7e0] Received new config {
  "shuffleAddressList": false
}, resolver state {
  "Addresses": [
    {
      "Addr": "localhost:9051",
      "ServerName": "",
      "Attributes": null,
      "BalancerAttributes": null,
      "Metadata": null
    }
  ],
  "Endpoints": [
    {
      "Addresses": [
        {
          "Addr": "localhost:9051",
          "ServerName": "",
          "Attributes": null,
          "BalancerAttributes": null,
          "Metadata": null
        }
      ],
      "Attributes": null
    }
  ],
  "ServiceConfig": null,
  "Attributes": null
}
[34m2026-09-16 15:02:14.504 IST 0018 INFO[0m [grpc] [34;1mAddTraceEvent[0m -> [core] [Channel #4 SubChannel #5] Subchannel created
[34m2026-09-16 15:02:14.504 IST 0019 INFO[0m [grpc] [34;1mAddTraceEvent[0m -> [core] [Channel #4] Channel exiting idle mode
[34m2026-09-16 15:02:14.504 IST 001a INFO[0m [grpc] [34;1mAddTraceEvent[0m -> [core] [Channel #4 SubChannel #5] Subchannel Connectivity change to CONNECTING
[34m2026-09-16 15:02:14.504 IST 001b INFO[0m [grpc] [34;1mAddTraceEvent[0m -> [core] [Channel #4 SubChannel #5] Subchannel picks a new address "localhost:9051" to connect
[34m2026-09-16 15:02:14.504 IST 001c INFO[0m [grpc] [34;1mAddTraceEvent[0m -> [core] [Channel #4 SubChannel #5] Subchannel Connectivity change to READY
[34m2026-09-16 15:02:14.504 IST 001d INFO[0m [grpc] [34;1mInfof[0m -> [pick-first-leaf-lb] [pick-first-leaf-lb 0x1fc9a19dc7e0] SubConn 0x1fc9a1c06370 reported connectivity state READY and the health listener is disabled. Transitioning SubConn to READY.
[34m2026-09-16 15:02:14.504 IST 001e INFO[0m [grpc] [34;1mAddTraceEvent[0m -> [core] [Channel #4] Channel Connectivity change to READY
Committed chaincode definition for chaincode 'kvstore' on channel 'mychannel':
Version: 1.0, Sequence: 1, Endorsement Plugin: escc, Validation Plugin: vscc, Approvals: [Org1MSP: true, Org2MSP: true]
[0;32mQuery chaincode definition successful on peer0.org2 on channel 'mychannel'[0m
[0;34mChaincode initialization is not required[0m
[deploy 15:02:15] resource budget for fabric-bft: 18 CPU / 20 GB across 8 containers = 2.25 CPU each; memory by role weight (peer=4 statedb=4 orderer=2 other=1, total weight 18)
[deploy 15:02:15]   dev-peer0.org1.example.com-kvstore_1.0-e88284a33ff8806958375f99312782794164d62aac26fe22876f2c72fb6294d9  (other) 1137m
[deploy 15:02:16]   dev-peer0.org2.example.com-kvstore_1.0-e88284a33ff8806958375f99312782794164d62aac26fe22876f2c72fb6294d9  (other) 1137m
[deploy 15:02:16]   orderer.example.com  (orderer) 2275m
[deploy 15:02:16]   orderer2.example.com  (orderer) 2275m
[deploy 15:02:17]   orderer3.example.com  (orderer) 2275m
[deploy 15:02:17]   orderer4.example.com  (orderer) 2275m
[deploy 15:02:18]   peer0.org1.example.com  (peer) 4551m
[deploy 15:02:18]   peer0.org2.example.com  (peer) 4551m
[deploy 15:02:18] fabric-bft up (SmartBFT, 4 orderers). peer :7051  operations :9443
-- run configs/native/fabric-bft.yaml on fabric-bft
time=2026-09-16T15:02:18.807+05:30 level=INFO msg="run starting" platform=fabric-bft run=probe-sweep workload=kv-write profile=local-32gb normalized=false out_dir=results/fabric-bft/20260916-150218
time=2026-09-16T15:02:18.807+05:30 level=INFO msg="adapter setup" platform=fabric-bft run=probe-sweep
[34m2026-09-16 15:02:18.807 IST 0001 INFO[0m [grpc] [34;1mInfof[0m -> [core] original dial target is: "localhost:7051"
[34m2026-09-16 15:02:18.807 IST 0002 INFO[0m [grpc] [34;1mAddTraceEvent[0m -> [core] [Channel #1] Channel created for target "localhost:7051"
[34m2026-09-16 15:02:18.807 IST 0003 INFO[0m [grpc] [34;1mAddTraceEvent[0m -> [core] [Channel #1] parsed dial target is: resolver.Target{URL:url.URL{Scheme:"dns", Opaque:"", User:(*url.Userinfo)(nil), Host:"", Path:"/localhost:7051", Fragment:"", RawQuery:"", RawPath:"", RawFragment:"", ForceQuery:false, OmitHost:false}}
[34m2026-09-16 15:02:18.807 IST 0004 INFO[0m [grpc] [34;1mAddTraceEvent[0m -> [core] [Channel #1] Channel authority set to "peer0.org1.example.com"
[34m2026-09-16 15:02:18.807 IST 0005 INFO[0m [grpc] [34;1mAddTraceEvent[0m -> [core] [Channel #1] Channel Connectivity change to CONNECTING
[34m2026-09-16 15:02:18.807 IST 0006 INFO[0m [grpc] [34;1mAddTraceEvent[0m -> [core] [Channel #1] Channel exiting idle mode
[34m2026-09-16 15:02:18.837 IST 0007 INFO[0m [grpc] [34;1mAddTraceEvent[0m -> [core] [Channel #1] Resolver state updated: {
  "Addresses": [
    {
      "Addr": "127.0.0.1:7051",
      "ServerName": "",
      "Attributes": null,
      "BalancerAttributes": null,
      "Metadata": null
    }
  ],
  "Endpoints": [
    {
      "Addresses": [
        {
          "Addr": "127.0.0.1:7051",
          "ServerName": "",
          "Attributes": null,
          "BalancerAttributes": null,
          "Metadata": null
        }
      ],
      "Attributes": null
    }
  ],
  "ServiceConfig": null,
  "Attributes": null
} (resolver returned new addresses)
[34m2026-09-16 15:02:18.837 IST 0008 INFO[0m [grpc] [34;1mAddTraceEvent[0m -> [core] [Channel #1] Channel switches to new LB policy "pick_first"
[34m2026-09-16 15:02:18.837 IST 0009 INFO[0m [grpc] [34;1mInfof[0m -> [pick-first-leaf-lb] [pick-first-leaf-lb 0x23bac35d8000] Received new config {
  "shuffleAddressList": false
}, resolver state {
  "Addresses": [
    {
      "Addr": "127.0.0.1:7051",
      "ServerName": "",
      "Attributes": null,
      "BalancerAttributes": null,
      "Metadata": null
    }
  ],
  "Endpoints": [
    {
      "Addresses": [
        {
          "Addr": "127.0.0.1:7051",
          "ServerName": "",
          "Attributes": null,
          "BalancerAttributes": null,
          "Metadata": null
        }
      ],
      "Attributes": null
    }
  ],
  "ServiceConfig": null,
  "Attributes": null
}
[34m2026-09-16 15:02:18.837 IST 000a INFO[0m [grpc] [34;1mAddTraceEvent[0m -> [core] [Channel #1 SubChannel #2] Subchannel created
[34m2026-09-16 15:02:18.837 IST 000b INFO[0m [grpc] [34;1mAddTraceEvent[0m -> [core] [Channel #1 SubChannel #2] Subchannel Connectivity change to CONNECTING
[34m2026-09-16 15:02:18.837 IST 000c INFO[0m [grpc] [34;1mAddTraceEvent[0m -> [core] [Channel #1 SubChannel #2] Subchannel picks a new address "127.0.0.1:7051" to connect
[34m2026-09-16 15:02:18.840 IST 000d INFO[0m [grpc] [34;1mAddTraceEvent[0m -> [core] [Channel #1 SubChannel #2] Subchannel Connectivity change to READY
[34m2026-09-16 15:02:18.840 IST 000e INFO[0m [grpc] [34;1mInfof[0m -> [pick-first-leaf-lb] [pick-first-leaf-lb 0x23bac35d8000] SubConn 0x23bac3594190 reported connectivity state READY and the health listener is disabled. Transitioning SubConn to READY.
[34m2026-09-16 15:02:18.840 IST 000f INFO[0m [grpc] [34;1mAddTraceEvent[0m -> [core] [Channel #1] Channel Connectivity change to READY
time=2026-09-16T15:02:18.842+05:30 level=INFO msg="setup complete" platform=fabric-bft run=probe-sweep component=adapter gateway=localhost:7051 finality_from=localhost:7051
time=2026-09-16T15:02:18.842+05:30 level=INFO msg="phase start" platform=fabric-bft run=probe-sweep phase=probe offered_tps=10 workers=0 duration=30s
time=2026-09-16T15:02:49.746+05:30 level=INFO msg="phase end" platform=fabric-bft run=probe-sweep phase=probe submitted=300 committed=300 confirmed_tps=10.0 fail_rate=0.0000 e2e_p99_ms=1040.90
time=2026-09-16T15:02:49.746+05:30 level=INFO msg="phase start" platform=fabric-bft run=probe-sweep phase=sweep-100 offered_tps=100 workers=0 duration=1m0s
time=2026-09-16T15:03:49.920+05:30 level=INFO msg="phase end" platform=fabric-bft run=probe-sweep phase=sweep-100 submitted=1500 committed=1500 confirmed_tps=100.0 fail_rate=0.0000 e2e_p99_ms=1063.94
time=2026-09-16T15:03:49.920+05:30 level=INFO msg="phase start" platform=fabric-bft run=probe-sweep phase=sweep-250 offered_tps=250 workers=0 duration=1m0s
time=2026-09-16T15:04:50.969+05:30 level=INFO msg="phase end" platform=fabric-bft run=probe-sweep phase=sweep-250 submitted=3750 committed=3750 confirmed_tps=250.0 fail_rate=0.0000 e2e_p99_ms=1081.34
time=2026-09-16T15:04:50.969+05:30 level=INFO msg="phase start" platform=fabric-bft run=probe-sweep phase=sweep-500 offered_tps=500 workers=0 duration=1m0s
time=2026-09-16T15:05:52.033+05:30 level=INFO msg="phase end" platform=fabric-bft run=probe-sweep phase=sweep-500 submitted=7500 committed=7500 confirmed_tps=500.0 fail_rate=0.0000 e2e_p99_ms=593.92
time=2026-09-16T15:05:52.033+05:30 level=INFO msg="phase start" platform=fabric-bft run=probe-sweep phase=sweep-1000 offered_tps=1000 workers=0 duration=1m0s
time=2026-09-16T15:06:53.137+05:30 level=INFO msg="phase end" platform=fabric-bft run=probe-sweep phase=sweep-1000 submitted=15000 committed=15000 confirmed_tps=1000.0 fail_rate=0.0000 e2e_p99_ms=352.77
time=2026-09-16T15:06:53.138+05:30 level=INFO msg="phase start" platform=fabric-bft run=probe-sweep phase=sweep-2000 offered_tps=2000 workers=0 duration=1m0s
time=2026-09-16T15:07:56.550+05:30 level=INFO msg="phase end" platform=fabric-bft run=probe-sweep phase=sweep-2000 submitted=30000 committed=27620 confirmed_tps=1841.3 fail_rate=0.0793 e2e_p99_ms=8855.55
time=2026-09-16T15:07:56.550+05:30 level=WARN msg="phase errors" platform=fabric-bft run=probe-sweep phase=sweep-2000 count=2380 message="not sent: N transactions already in flight (platform is not finalizing)"
time=2026-09-16T15:07:56.550+05:30 level=INFO msg="phase start" platform=fabric-bft run=probe-sweep phase=sweep-3500 offered_tps=3500 workers=0 duration=1m0s
time=2026-09-16T15:09:03.206+05:30 level=INFO msg="phase end" platform=fabric-bft run=probe-sweep phase=sweep-3500 submitted=52500 committed=19161 confirmed_tps=1277.4 fail_rate=0.6350 e2e_p99_ms=19972.10
time=2026-09-16T15:09:03.206+05:30 level=WARN msg="phase errors" platform=fabric-bft run=probe-sweep phase=sweep-3500 count=33068 message="not sent: N transactions already in flight (platform is not finalizing)"
time=2026-09-16T15:09:03.206+05:30 level=WARN msg="phase errors" platform=fabric-bft run=probe-sweep phase=sweep-3500 count=271 message="submit to orderer: rpc error: code = Unavailable desc = insufficient number of orderers could successfully process transaction to satisfy quorum requirement\nDetails:\n  - Address: orderer4.example.com:7058\n    MspId: OrdererMSP\n    Message: received unsuccessful response from orderer: status=SERVICE_UNAVAILABLE, info=failed to submit request: request already processed\n  - Address: orderer.example.com:7050\n    MspId: OrdererMSP\n    Message: received unsuccessful response from orderer: status=SERVICE_UNAVAILABLE, info=failed to submit request: request already processed"
time=2026-09-16T15:09:03.206+05:30 level=INFO msg="phase start" platform=fabric-bft run=probe-sweep phase=hold offered_tps=900 workers=0 duration=5m0s
time=2026-09-16T15:14:04.607+05:30 level=INFO msg="phase end" platform=fabric-bft run=probe-sweep phase=hold submitted=229500 committed=229500 confirmed_tps=900.0 fail_rate=0.0000 e2e_p99_ms=414.72
time=2026-09-16T15:14:04.607+05:30 level=WARN msg=caveat platform=fabric-bft run=probe-sweep text="sweep aborted early after 2 consecutive failed steps; 3 higher step(s) were never offered"
time=2026-09-16T15:14:04.680+05:30 level=WARN msg=caveat platform=fabric-bft run=probe-sweep text="native metrics scrape of http://localhost:9443/metrics failed: scrape http://localhost:9443/metrics: parser panic: Invalid name validation scheme requested: unset (informational metrics only; harness numbers unaffected)"
time=2026-09-16T15:14:04.683+05:30 level=INFO msg="run finished" platform=fabric-bft run=probe-sweep out_dir=results/fabric-bft/20260916-150218 caveats=2
results written to results/fabric-bft/20260916-150218
[34m2026-09-16 15:14:04.684 IST 0010 INFO[0m [grpc] [34;1mAddTraceEvent[0m -> [core] [Channel #1] Channel Connectivity change to SHUTDOWN
[34m2026-09-16 15:14:04.684 IST 0011 INFO[0m [grpc] [34;1mAddTraceEvent[0m -> [core] [Channel #1] Closing the name resolver
[34m2026-09-16 15:14:04.684 IST 0012 INFO[0m [grpc] [34;1mAddTraceEvent[0m -> [core] [Channel #1] ccBalancerWrapper: closing
[34m2026-09-16 15:14:04.684 IST 0013 INFO[0m [grpc] [34;1mAddTraceEvent[0m -> [core] [Channel #1 SubChannel #2] Subchannel Connectivity change to SHUTDOWN
[34m2026-09-16 15:14:04.684 IST 0014 INFO[0m [grpc] [34;1mAddTraceEvent[0m -> [core] [Channel #1 SubChannel #2] Subchannel deleted
[34m2026-09-16 15:14:04.684 IST 0015 INFO[0m [grpc] [34;1mInfof[0m -> [transport] [client-transport 0x23bac34fa488] Closing: rpc error: code = Canceled desc = grpc: the client connection is closing
[34m2026-09-16 15:14:04.684 IST 0016 INFO[0m [grpc] [34;1mInfof[0m -> [transport] [client-transport 0x23bac34fa488] loopyWriter exiting with error: rpc error: code = Canceled desc = grpc: the client connection is closing
[34m2026-09-16 15:14:04.684 IST 0017 INFO[0m [grpc] [34;1mAddTraceEvent[0m -> [core] [Channel #1] Channel deleted
monitoring report: results/fabric-bft/20260916-150218/monitoring-report.html
run book: results/index.html
-- capture fabric-bft
capture: 21 containers -> /home/chad/Projects/bench/results/_campaigns/20260916T091448Z-local-32gb/fabric-bft/fabric-bft/capture
-- teardown fabric-bft
[0;34mUsing docker and docker-compose[0m
[0;34mStopping network[0m
 Container orderer3.example.com Stopping 
 Container orderer4.example.com Stopping 
 Container peer0.org2.example.com Stopping 
 Container orderer2.example.com Stopping 
 Container orderer.example.com Stopping 
 Container peer0.org1.example.com Stopping 
 Container orderer3.example.com Stopped 
 Container orderer3.example.com Removing 
 Container orderer3.example.com Removed 
 Container orderer2.example.com Stopped 
 Container orderer2.example.com Removing 
 Container orderer2.example.com Removed 
 Container orderer4.example.com Stopped 
 Container orderer4.example.com Removing 
 Container orderer4.example.com Removed 
 Container orderer.example.com Stopped 
 Container orderer.example.com Removing 
 Container orderer.example.com Removed 
 Container peer0.org1.example.com Stopped 
 Container peer0.org1.example.com Removing 
 Container peer0.org1.example.com Removed 
 Container peer0.org2.example.com Stopped 
 Container peer0.org2.example.com Removing 
 Container peer0.org2.example.com Removed 
 Volume compose_orderer4.example.com Removing 
 Volume compose_orderer.example.com Removing 
 Volume compose_peer0.org1.example.com Removing 
 Volume compose_orderer3.example.com Removing 
 Volume compose_orderer2.example.com Removing 
 Volume compose_peer0.org2.example.com Removing 
 Network fabric_test Removing 
 Volume compose_orderer4.example.com Removed 
 Volume compose_orderer.example.com Removed 
 Network fabric_test Removed 
 Volume compose_peer0.org1.example.com Removed 
 Volume compose_orderer3.example.com Removed 
 Volume compose_peer0.org2.example.com Removed 
 Volume compose_orderer2.example.com Removed 
Error response from daemon: get docker_orderer.example.com: no such volume
Error response from daemon: get docker_peer0.org1.example.com: no such volume
Error response from daemon: get docker_peer0.org2.example.com: no such volume
[0;34mRemoving remaining containers[0m
[0;34mRemoving generated chaincode docker images[0m
Untagged: dev-peer0.org2.example.com-kvstore_1.0-e88284a33ff8806958375f99312782794164d62aac26fe22876f2c72fb6294d9-68943f16f9aba9f24cbd04de158905f755f192c405682abc67b51f4b237b88ec:latest
Deleted: sha256:f24ec0924ed91d4a14496f2de43e10ab10bd5e58f83ff70e30fb40d9beeff571
Untagged: dev-peer0.org1.example.com-kvstore_1.0-e88284a33ff8806958375f99312782794164d62aac26fe22876f2c72fb6294d9-69fc7c62d4c586b892ebdf21972c9f99a025fa7f3de7b416a325aa17c7d14ed9:latest
Deleted: sha256:f010beb64decdcf5d4d5847ea24ef11cf18df533619ca1dd6c17bb4db0b265fc
[deploy 15:14:22] WARN: could not drop page cache (needs root); continuing
[deploy 15:14:22] fabric-bft down
==================== drunix : configs/native/drunix.yaml ====================
-- isolation: prune stopped containers + drop page cache
   (page cache not dropped: needs passwordless sudo)
-- deploy drunix
[deploy 15:14:25] drunix state_db=yugabyte
[deploy 15:14:26] pinning orderer batch in configtx.yaml: timeout=500ms maxMsgCount=500 preferred=4 MB absolute=10 MB
[deploy 15:14:26] drunix state DB: yugabyte
[0;34mUsing docker and docker-compose[0m
[0;34mStopping network[0m
[0;34mRemoving remaining containers[0m
Error response from daemon: get compose_orderer.example.com: no such volume
Error response from daemon: get compose_peer0.org1.example.com: no such volume
Error response from daemon: get compose_peer1.org1.example.com: no such volume
Error response from daemon: get compose_peer2.org1.example.com: no such volume
Error response from daemon: get compose_peer0.org2.example.com: no such volume
Error response from daemon: get compose_peer1.org2.example.com: no such volume
Error response from daemon: get compose_peer2.org2.example.com: no such volume
[0;34mRemoving generated chaincode docker images[0m
[deploy 15:14:32] WARN: could not drop page cache (needs root); continuing
[0;34mUsing docker and docker-compose[0m
[0;34mCreating channel 'mychannel'.[0m
[0;34mIf network is not up, starting nodes with CLI timeout of '5' tries and CLI delay of '3' seconds and using database 'yugabyte with crypto from 'cryptogen'[0m
[0;34mBringing up network[0m
[0;34mLOCAL_VERSION=v2.5.16[0m
[0;34mDOCKER_IMAGE_VERSION=1.0.0[0m
[1;33mLocal fabric binaries and docker images are out of sync. This may cause problems.[0m
/home/chad/Projects/bench/deploy/docker/drunix/.cache/drunix/drunix-network/test-network/bin/cryptogen
[0;34mGenerating certificates using cryptogen tool[0m
[0;34mCreating Org1 Identities[0m
+ cryptogen generate --config=./organizations/cryptogen/crypto-config-org1.yaml --output=organizations
org1.example.com
+ res=0
[0;34mCreating Org2 Identities[0m
+ cryptogen generate --config=./organizations/cryptogen/crypto-config-org2.yaml --output=organizations
org2.example.com
+ res=0
[0;34mCreating Orderer Org Identities[0m
+ cryptogen generate --config=./organizations/cryptogen/crypto-config-orderer.yaml --output=organizations
+ res=0
[0;34mGenerating CCP files for Org1 and Org2[0m
 Network drunix_test Creating 
 Network drunix_test Creating 
 Network drunix_test Created 
 Network drunix_test Created 
 Container yugabyte-org2 Creating 
 Container yugabyte-org1 Creating 
 Container hlf_keydb_org1msp Creating 
 Container hlf_keydb_org2msp Creating 
 Container hlf_keydb_org1msp Created 
 Container hlf_keydb_org2msp Created 
 Container yugabyte-org2 Created 
 Container yugabyte-org1 Created 
 Container yugabyte-org2 Starting 
 Container hlf_keydb_org2msp Starting 
 Container hlf_keydb_org1msp Starting 
 Container yugabyte-org1 Starting 
 Container hlf_keydb_org1msp Started 
 Container hlf_keydb_org2msp Started 
 Container yugabyte-org1 Started 
 Container yugabyte-org2 Started 
time="2026-09-16T15:15:04+05:30" level=warning msg="a network with name drunix_test exists but was not created for project \"compose\".\nSet `external: true` to use an existing network"
 Container vs1.org2 Creating 
 Volume compose_orderer.example.com Creating 
 Volume compose_orderer.example.com Creating 
 Volume compose_peer0.org2.example.com Creating 
 Volume compose_peer0.org2.example.com Creating 
 Volume compose_peer0.org1.example.com Creating 
 Volume compose_peer0.org1.example.com Creating 
 Volume compose_peer1.org1.example.com Creating 
 Volume compose_peer1.org1.example.com Creating 
 Volume compose_peer1.org2.example.com Creating 
 Volume compose_peer1.org2.example.com Creating 
 Container vs1.org1 Creating 
 Volume compose_orderer.example.com Created 
 Volume compose_orderer.example.com Created 
 Container orderer.example.com Creating 
 Volume compose_peer0.org2.example.com Created 
 Volume compose_peer0.org2.example.com Created 
 Container lp1.org2 Creating 
 Volume compose_peer1.org2.example.com Created 
 Volume compose_peer1.org2.example.com Created 
 Container cp.org2 Creating 
 Volume compose_peer1.org1.example.com Created 
 Volume compose_peer1.org1.example.com Created 
 Container cp.org1 Creating 
 Volume compose_peer0.org1.example.com Created 
 Volume compose_peer0.org1.example.com Created 
 Container lp1.org1 Creating 
 Container vs1.org2 Created 
 Container cp.org2 Created 
 Container vs1.org1 Created 
 Container cp.org1 Created 
 Container lp1.org2 Created 
 Container lp1.org1 Created 
 Container orderer.example.com Created 
 Container cp.org2 Starting 
 Container lp1.org1 Starting 
 Container vs1.org2 Starting 
 Container lp1.org2 Starting 
 Container orderer.example.com Starting 
 Container vs1.org1 Starting 
 Container cp.org1 Starting 
 Container vs1.org2 Started 
 Container cp.org2 Started 
 Container cp.org1 Started 
 Container lp1.org1 Started 
 Container vs1.org1 Started 
 Container orderer.example.com Started 
 Container lp1.org2 Started 
CONTAINER ID   IMAGE                                 COMMAND                  CREATED             STATUS                          PORTS                                                                                                                                                           NAMES
f3cd0de56631   npcioss/drunix-peer:1.0.0             "peer node start"        1 second ago        Up Less than a second           0.0.0.0:7051->7051/tcp, [::]:7051->7051/tcp, 0.0.0.0:9444->9444/tcp, [::]:9444->9444/tcp                                                                        lp1.org1
e116de6d1b62   npcioss/drunix-peer:1.0.0             "peer node start"        1 second ago        Up Less than a second           0.0.0.0:7061->7061/tcp, [::]:7061->7061/tcp, 7051/tcp, 0.0.0.0:9454->9454/tcp, [::]:9454->9454/tcp                                                              cp.org1
f7306497197b   npcioss/drunix-peer:1.0.0             "peer node start"        1 second ago        Up Less than a second           0.0.0.0:9061->9061/tcp, [::]:9061->9061/tcp, 7051/tcp, 0.0.0.0:9455->9455/tcp, [::]:9455->9455/tcp                                                              cp.org2
0103811509dc   npcioss/drunix-peer:1.0.0             "peer node start"        1 second ago        Up Less than a second           0.0.0.0:9051->9051/tcp, [::]:9051->9051/tcp, 7051/tcp, 0.0.0.0:9445->9445/tcp, [::]:9445->9445/tcp                                                              lp1.org2
69abc10eca3b   npcioss/drunix-orderer:1.0.0          "orderer"                1 second ago        Up Less than a second           0.0.0.0:7050->7050/tcp, [::]:7050->7050/tcp, 0.0.0.0:7053->7053/tcp, [::]:7053->7053/tcp, 0.0.0.0:9443->9443/tcp, [::]:9443->9443/tcp                           orderer.example.com
54769e2add4a   npcioss/drunix-vscc:1.0.0             "vscc node start"        1 second ago        Up Less than a second           0.0.0.0:9071->9071/tcp, [::]:9071->9071/tcp, 7051/tcp, 0.0.0.0:9465->9465/tcp, [::]:9465->9465/tcp                                                              vs1.org2
a6a19809f45f   npcioss/drunix-vscc:1.0.0             "vscc node start"        1 second ago        Up Less than a second           0.0.0.0:7071->7071/tcp, [::]:7071->7071/tcp, 7051/tcp, 0.0.0.0:9464->9464/tcp, [::]:9464->9464/tcp                                                              vs1.org1
f2201404285f   yugabytedb/yugabyte:2025.2.0.0-b131   "/sbin/tini -- bin/y…"   32 seconds ago      Up 31 seconds                   6379/tcp, 7000/tcp, 7100/tcp, 7200/tcp, 9000/tcp, 9042/tcp, 9100/tcp, 10100/tcp, 11000/tcp, 12000/tcp, 0.0.0.0:5433->5433/tcp, [::]:5433->5433/tcp, 18018/tcp   yugabyte-org1
2db3ffcdd777   eqalpha/keydb                         "docker-entrypoint.s…"   32 seconds ago      Up 31 seconds                   0.0.0.0:6479->6379/tcp, [::]:6479->6379/tcp                                                                                                                     hlf_keydb_org1msp
009e66d12d62   yugabytedb/yugabyte:2025.2.0.0-b131   "/sbin/tini -- bin/y…"   32 seconds ago      Up 31 seconds                   6379/tcp, 7000/tcp, 7100/tcp, 7200/tcp, 9000/tcp, 9042/tcp, 9100/tcp, 10100/tcp, 11000/tcp, 12000/tcp, 18018/tcp, 0.0.0.0:5123->5433/tcp, [::]:5123->5433/tcp   yugabyte-org2
333620bcef40   eqalpha/keydb                         "docker-entrypoint.s…"   32 seconds ago      Up 31 seconds                   0.0.0.0:6389->6379/tcp, [::]:6389->6379/tcp                                                                                                                     hlf_keydb_org2msp
ebca6f2a95cc   grafana/grafana:11.4.0                "/run.sh"                About an hour ago   Up About an hour                0.0.0.0:3000->3000/tcp, [::]:3000->3000/tcp                                                                                                                     bench-monitoring-grafana-1
1d3b05a42ab0   prom/prometheus:v3.1.0                "/bin/prometheus --c…"   About an hour ago   Up About an hour                0.0.0.0:9090->9090/tcp, [::]:9090->9090/tcp                                                                                                                     bench-monitoring-prometheus-1
09c75970ed81   ghcr.io/google/cadvisor:0.57.0        "/usr/bin/entrypoint…"   About an hour ago   Up About an hour (healthy)      0.0.0.0:8080->8080/tcp, [::]:8080->8080/tcp                                                                                                                     bench-monitoring-cadvisor-1
00ac483ebe75   prom/node-exporter:v1.9.0             "/bin/node_exporter …"   About an hour ago   Up About an hour                0.0.0.0:9100->9100/tcp, [::]:9100->9100/tcp                                                                                                                     bench-monitoring-node_exporter-1
69c047fe19cc   weaverai/nucleus-k8-dashboard         "/headlamp/headlamp-…"   5 weeks ago         Up 22 hours                     0.0.0.0:4466->4466/tcp, [::]:4466->4466/tcp                                                                                                                     nucleus-headlamp-1
b40f395fe4bc   kindest/node:v1.36.1                  "/usr/local/bin/entr…"   6 weeks ago         Up 22 hours                     127.0.0.1:40143->6443/tcp                                                                                                                                       feast-control-plane
6c0089a7879b   kindest/node:v1.36.1                  "/usr/local/bin/entr…"   6 weeks ago         Up 22 hours                                                                                                                                                                                     feast-worker
902f5fc63b1e   kindest/node:v1.36.1                  "/usr/local/bin/entr…"   6 weeks ago         Up 22 hours                                                                                                                                                                                     feast-worker2
d64d947f6529   cassandra:5.0                         "docker-entrypoint.s…"   7 weeks ago         Restarting (3) 49 seconds ago                                                                                                                                                                   untitled-cassandra
[0;34mUsing organization 2[0m
[0;34mUsing docker and docker-compose[0m
[0;34mGenerating channel genesis block 'mychannel.block'[0m
[0;34mUsing organization 1[0m
/home/chad/Projects/bench/deploy/docker/drunix/.cache/drunix/drunix-network/test-network/bin/configtxgen
+ configtxgen -profile ChannelUsingRaft -outputBlock ./channel-artifacts/mychannel.block -channelID mychannel
[34m2026-09-16 15:15:05.076 IST 0001 INFO[0m [common.tools.configtxgen] [34;1mmain[0m -> Loading configuration
[34m2026-09-16 15:15:05.078 IST 0002 INFO[0m [common.tools.configtxgen.localconfig] [34;1mcompleteInitialization[0m -> orderer type: etcdraft
[34m2026-09-16 15:15:05.078 IST 0003 INFO[0m [common.tools.configtxgen.localconfig] [34;1mcompleteInitialization[0m -> Orderer.EtcdRaft.Options unset, setting to tick_interval:"500ms" election_tick:10 heartbeat_tick:1 max_inflight_blocks:5 snapshot_interval_size:16777216 
[34m2026-09-16 15:15:05.078 IST 0004 INFO[0m [common.tools.configtxgen.localconfig] [34;1mLoad[0m -> Loaded configuration: /home/chad/Projects/bench/deploy/docker/drunix/.cache/drunix/drunix-network/test-network/configtx/configtx.yaml
[34m2026-09-16 15:15:05.080 IST 0005 INFO[0m [common.tools.configtxgen] [34;1mdoOutputBlock[0m -> Generating genesis block
[34m2026-09-16 15:15:05.080 IST 0006 INFO[0m [common.tools.configtxgen] [34;1mdoOutputBlock[0m -> Creating application channel genesis block
[34m2026-09-16 15:15:05.080 IST 0007 INFO[0m [common.tools.configtxgen] [34;1mdoOutputBlock[0m -> Writing genesis block
+ res=0
[0;34mCreating channel mychannel[0m
[0;34mAdding orderers[0m
+ . scripts/orderer.sh mychannel
+ '[' 0 -eq 1 ']'
+ res=0
Status: 201
{
	"name": "mychannel",
	"url": "/participation/v1/channels/mychannel",
	"consensusRelation": "consenter",
	"status": "active",
	"height": 1
}

[0;32mChannel 'mychannel' created[0m
[0;34mJoining org1 CP to the channel...[0m
[0;34mUsing organization 1[0m
/home/chad/Projects/bench/deploy/docker/drunix/.cache/drunix/drunix-network/test-network/organizations/peerOrganizations/org1.example.com/users/Admin@org1.example.com/msp
Org1MSP
+ peer channel join -b ./channel-artifacts/mychannel.block
+ res=0
[34m2026-09-16 15:15:11.184 IST 0001 INFO[0m [channelCmd] [34;1mInitCmdFactory[0m -> Endorser and orderer connections initialized
[34m2026-09-16 15:15:11.743 IST 0002 INFO[0m [channelCmd] [34;1mexecuteJoin[0m -> Successfully submitted proposal to join channel
[0;34mJoining org1 LP to the channel...[0m
[0;34mUsing organization 1[0m
/home/chad/Projects/bench/deploy/docker/drunix/.cache/drunix/drunix-network/test-network/organizations/peerOrganizations/org1.example.com/users/Admin@org1.example.com/msp
Org1MSP
+ peer channel join -b ./channel-artifacts/mychannel.block
+ res=0
[34m2026-09-16 15:15:14.776 IST 0001 INFO[0m [channelCmd] [34;1mInitCmdFactory[0m -> Endorser and orderer connections initialized
[34m2026-09-16 15:15:15.262 IST 0002 INFO[0m [channelCmd] [34;1mexecuteJoin[0m -> Successfully submitted proposal to join channel
[0;34mJoining org2 CP to the channel...[0m
[0;34mUsing organization 2[0m
/home/chad/Projects/bench/deploy/docker/drunix/.cache/drunix/drunix-network/test-network/organizations/peerOrganizations/org2.example.com/users/Admin@org2.example.com/msp
Org2MSP
+ peer channel join -b ./channel-artifacts/mychannel.block
+ res=0
[34m2026-09-16 15:15:18.294 IST 0001 INFO[0m [channelCmd] [34;1mInitCmdFactory[0m -> Endorser and orderer connections initialized
[34m2026-09-16 15:15:18.830 IST 0002 INFO[0m [channelCmd] [34;1mexecuteJoin[0m -> Successfully submitted proposal to join channel
[0;34mJoining org1 CP to the channel...[0m
[0;34mUsing organization 2[0m
/home/chad/Projects/bench/deploy/docker/drunix/.cache/drunix/drunix-network/test-network/organizations/peerOrganizations/org2.example.com/users/Admin@org2.example.com/msp
Org2MSP
+ peer channel join -b ./channel-artifacts/mychannel.block
+ res=0
[34m2026-09-16 15:15:21.864 IST 0001 INFO[0m [channelCmd] [34;1mInitCmdFactory[0m -> Endorser and orderer connections initialized
[34m2026-09-16 15:15:22.335 IST 0002 INFO[0m [channelCmd] [34;1mexecuteJoin[0m -> Successfully submitted proposal to join channel
[0;34mSetting anchor peer for org1...[0m
[0;34mUsing organization 2[0m
[0;34mUsing organization 1[0m
[0;34mFetching channel config for channel mychannel[0m
[0;34mUsing organization 1[0m
[0;34mFetching the most recent configuration block for the channel[0m
++ peer channel fetch config /home/chad/Projects/bench/deploy/docker/drunix/.cache/drunix/drunix-network/test-network/channel-artifacts/config_block.pb -o localhost:7050 --ordererTLSHostnameOverride orderer.example.com -c mychannel --tls --cafile /home/chad/Projects/bench/deploy/docker/drunix/.cache/drunix/drunix-network/test-network/organizations/ordererOrganizations/example.com/tlsca/tlsca.example.com-cert.pem
[34m2026-09-16 15:15:22.368 IST 0001 INFO[0m [channelCmd] [34;1mInitCmdFactory[0m -> Endorser and orderer connections initialized
[34m2026-09-16 15:15:22.369 IST 0002 INFO[0m [cli.common] [34;1mreadBlock[0m -> Received block: 0
[34m2026-09-16 15:15:22.369 IST 0003 INFO[0m [channelCmd] [34;1mfetch[0m -> Retrieving last config block: 0
[34m2026-09-16 15:15:22.370 IST 0004 INFO[0m [cli.common] [34;1mreadBlock[0m -> Received block: 0
[0;34mDecoding config block to JSON and isolating config to /home/chad/Projects/bench/deploy/docker/drunix/.cache/drunix/drunix-network/test-network/channel-artifacts/Org1MSPconfig.json[0m
++ configtxlator proto_decode --input /home/chad/Projects/bench/deploy/docker/drunix/.cache/drunix/drunix-network/test-network/channel-artifacts/config_block.pb --type common.Block --output /home/chad/Projects/bench/deploy/docker/drunix/.cache/drunix/drunix-network/test-network/channel-artifacts/config_block.json
++ jq '.data.data[0].payload.data.config' /home/chad/Projects/bench/deploy/docker/drunix/.cache/drunix/drunix-network/test-network/channel-artifacts/config_block.json
++ res=0
[0;34mGenerating anchor peer update transaction for Org1 on channel mychannel[0m
++ echo Org1MSP
Org1MSP
++ echo peer1.org1.example.com
peer1.org1.example.com
++ echo 7061
7061
++ echo 1
1
++ echo 1
1
++ jq '.channel_group.groups.Application.groups.Org1MSP.values += {"AnchorPeers":{"mod_policy": "Admins","value":{"anchor_peers": [{"host": "peer1.org1.example.com","port": 7061}]},"version": "0"}}' /home/chad/Projects/bench/deploy/docker/drunix/.cache/drunix/drunix-network/test-network/channel-artifacts/Org1MSPconfig.json
++ res=0
++ configtxlator proto_encode --input /home/chad/Projects/bench/deploy/docker/drunix/.cache/drunix/drunix-network/test-network/channel-artifacts/Org1MSPconfig.json --type common.Config --output /home/chad/Projects/bench/deploy/docker/drunix/.cache/drunix/drunix-network/test-network/channel-artifacts/original_config.pb
++ configtxlator proto_encode --input /home/chad/Projects/bench/deploy/docker/drunix/.cache/drunix/drunix-network/test-network/channel-artifacts/Org1MSPmodified_config.json --type common.Config --output /home/chad/Projects/bench/deploy/docker/drunix/.cache/drunix/drunix-network/test-network/channel-artifacts/modified_config.pb
++ configtxlator compute_update --channel_id mychannel --original /home/chad/Projects/bench/deploy/docker/drunix/.cache/drunix/drunix-network/test-network/channel-artifacts/original_config.pb --updated /home/chad/Projects/bench/deploy/docker/drunix/.cache/drunix/drunix-network/test-network/channel-artifacts/modified_config.pb --output /home/chad/Projects/bench/deploy/docker/drunix/.cache/drunix/drunix-network/test-network/channel-artifacts/config_update.pb
++ configtxlator proto_decode --input /home/chad/Projects/bench/deploy/docker/drunix/.cache/drunix/drunix-network/test-network/channel-artifacts/config_update.pb --type common.ConfigUpdate --output /home/chad/Projects/bench/deploy/docker/drunix/.cache/drunix/drunix-network/test-network/channel-artifacts/config_update.json
++ jq .
+++ cat /home/chad/Projects/bench/deploy/docker/drunix/.cache/drunix/drunix-network/test-network/channel-artifacts/config_update.json
++ echo '{"payload":{"header":{"channel_header":{"channel_id":"mychannel", "type":2}},"data":{"config_update":{' '"channel_id":' '"mychannel",' '"isolated_data":' '{},' '"read_set":' '{' '"groups":' '{' '"Application":' '{' '"groups":' '{' '"Org1MSP":' '{' '"groups":' '{},' '"mod_policy":' '"",' '"policies":' '{' '"Admins":' '{' '"mod_policy":' '"",' '"policy":' null, '"version":' '"0"' '},' '"Endorsement":' '{' '"mod_policy":' '"",' '"policy":' null, '"version":' '"0"' '},' '"Readers":' '{' '"mod_policy":' '"",' '"policy":' null, '"version":' '"0"' '},' '"Writers":' '{' '"mod_policy":' '"",' '"policy":' null, '"version":' '"0"' '}' '},' '"values":' '{' '"MSP":' '{' '"mod_policy":' '"",' '"value":' null, '"version":' '"0"' '}' '},' '"version":' '"0"' '}' '},' '"mod_policy":' '"",' '"policies":' '{},' '"values":' '{},' '"version":' '"0"' '}' '},' '"mod_policy":' '"",' '"policies":' '{},' '"values":' '{},' '"version":' '"0"' '},' '"write_set":' '{' '"groups":' '{' '"Application":' '{' '"groups":' '{' '"Org1MSP":' '{' '"groups":' '{},' '"mod_policy":' '"Admins",' '"policies":' '{' '"Admins":' '{' '"mod_policy":' '"",' '"policy":' null, '"version":' '"0"' '},' '"Endorsement":' '{' '"mod_policy":' '"",' '"policy":' null, '"version":' '"0"' '},' '"Readers":' '{' '"mod_policy":' '"",' '"policy":' null, '"version":' '"0"' '},' '"Writers":' '{' '"mod_policy":' '"",' '"policy":' null, '"version":' '"0"' '}' '},' '"values":' '{' '"AnchorPeers":' '{' '"mod_policy":' '"Admins",' '"value":' '{' '"anchor_peers":' '[' '{' '"host":' '"peer1.org1.example.com",' '"port":' 7061 '}' ']' '},' '"version":' '"0"' '},' '"MSP":' '{' '"mod_policy":' '"",' '"value":' null, '"version":' '"0"' '}' '},' '"version":' '"1"' '}' '},' '"mod_policy":' '"",' '"policies":' '{},' '"values":' '{},' '"version":' '"0"' '}' '},' '"mod_policy":' '"",' '"policies":' '{},' '"values":' '{},' '"version":' '"0"' '}' '}}}}'
++ configtxlator proto_encode --input /home/chad/Projects/bench/deploy/docker/drunix/.cache/drunix/drunix-network/test-network/channel-artifacts/config_update_in_envelope.json --type common.Envelope --output /home/chad/Projects/bench/deploy/docker/drunix/.cache/drunix/drunix-network/test-network/channel-artifacts/Org1MSPanchors.tx
[34m2026-09-16 15:15:22.491 IST 0001 INFO[0m [channelCmd] [34;1mInitCmdFactory[0m -> Endorser and orderer connections initialized
[34m2026-09-16 15:15:22.499 IST 0002 INFO[0m [channelCmd] [34;1mupdate[0m -> Successfully submitted channel update
[0;32mAnchor peer set for org 'Org1MSP' on channel 'mychannel'[0m
[0;34mSetting anchor peer for org2...[0m
[0;34mUsing organization 2[0m
[0;34mUsing organization 2[0m
[0;34mFetching channel config for channel mychannel[0m
[0;34mUsing organization 2[0m
[0;34mFetching the most recent configuration block for the channel[0m
++ peer channel fetch config /home/chad/Projects/bench/deploy/docker/drunix/.cache/drunix/drunix-network/test-network/channel-artifacts/config_block.pb -o localhost:7050 --ordererTLSHostnameOverride orderer.example.com -c mychannel --tls --cafile /home/chad/Projects/bench/deploy/docker/drunix/.cache/drunix/drunix-network/test-network/organizations/ordererOrganizations/example.com/tlsca/tlsca.example.com-cert.pem
[34m2026-09-16 15:15:22.530 IST 0001 INFO[0m [channelCmd] [34;1mInitCmdFactory[0m -> Endorser and orderer connections initialized
[34m2026-09-16 15:15:22.532 IST 0002 INFO[0m [cli.common] [34;1mreadBlock[0m -> Received block: 1
[34m2026-09-16 15:15:22.532 IST 0003 INFO[0m [channelCmd] [34;1mfetch[0m -> Retrieving last config block: 1
[34m2026-09-16 15:15:22.533 IST 0004 INFO[0m [cli.common] [34;1mreadBlock[0m -> Received block: 1
[0;34mDecoding config block to JSON and isolating config to /home/chad/Projects/bench/deploy/docker/drunix/.cache/drunix/drunix-network/test-network/channel-artifacts/Org2MSPconfig.json[0m
++ configtxlator proto_decode --input /home/chad/Projects/bench/deploy/docker/drunix/.cache/drunix/drunix-network/test-network/channel-artifacts/config_block.pb --type common.Block --output /home/chad/Projects/bench/deploy/docker/drunix/.cache/drunix/drunix-network/test-network/channel-artifacts/config_block.json
++ jq '.data.data[0].payload.data.config' /home/chad/Projects/bench/deploy/docker/drunix/.cache/drunix/drunix-network/test-network/channel-artifacts/config_block.json
++ res=0
[0;34mGenerating anchor peer update transaction for Org2 on channel mychannel[0m
++ echo Org2MSP
Org2MSP
++ echo peer1.org2.example.com
peer1.org2.example.com
++ echo 9061
9061
++ echo 2
2
++ echo 1
1
++ jq '.channel_group.groups.Application.groups.Org2MSP.values += {"AnchorPeers":{"mod_policy": "Admins","value":{"anchor_peers": [{"host": "peer1.org2.example.com","port": 9061}]},"version": "0"}}' /home/chad/Projects/bench/deploy/docker/drunix/.cache/drunix/drunix-network/test-network/channel-artifacts/Org2MSPconfig.json
++ res=0
++ configtxlator proto_encode --input /home/chad/Projects/bench/deploy/docker/drunix/.cache/drunix/drunix-network/test-network/channel-artifacts/Org2MSPconfig.json --type common.Config --output /home/chad/Projects/bench/deploy/docker/drunix/.cache/drunix/drunix-network/test-network/channel-artifacts/original_config.pb
++ configtxlator proto_encode --input /home/chad/Projects/bench/deploy/docker/drunix/.cache/drunix/drunix-network/test-network/channel-artifacts/Org2MSPmodified_config.json --type common.Config --output /home/chad/Projects/bench/deploy/docker/drunix/.cache/drunix/drunix-network/test-network/channel-artifacts/modified_config.pb
++ configtxlator compute_update --channel_id mychannel --original /home/chad/Projects/bench/deploy/docker/drunix/.cache/drunix/drunix-network/test-network/channel-artifacts/original_config.pb --updated /home/chad/Projects/bench/deploy/docker/drunix/.cache/drunix/drunix-network/test-network/channel-artifacts/modified_config.pb --output /home/chad/Projects/bench/deploy/docker/drunix/.cache/drunix/drunix-network/test-network/channel-artifacts/config_update.pb
++ configtxlator proto_decode --input /home/chad/Projects/bench/deploy/docker/drunix/.cache/drunix/drunix-network/test-network/channel-artifacts/config_update.pb --type common.ConfigUpdate --output /home/chad/Projects/bench/deploy/docker/drunix/.cache/drunix/drunix-network/test-network/channel-artifacts/config_update.json
++ jq .
+++ cat /home/chad/Projects/bench/deploy/docker/drunix/.cache/drunix/drunix-network/test-network/channel-artifacts/config_update.json
++ echo '{"payload":{"header":{"channel_header":{"channel_id":"mychannel", "type":2}},"data":{"config_update":{' '"channel_id":' '"mychannel",' '"isolated_data":' '{},' '"read_set":' '{' '"groups":' '{' '"Application":' '{' '"groups":' '{' '"Org2MSP":' '{' '"groups":' '{},' '"mod_policy":' '"",' '"policies":' '{' '"Admins":' '{' '"mod_policy":' '"",' '"policy":' null, '"version":' '"0"' '},' '"Endorsement":' '{' '"mod_policy":' '"",' '"policy":' null, '"version":' '"0"' '},' '"Readers":' '{' '"mod_policy":' '"",' '"policy":' null, '"version":' '"0"' '},' '"Writers":' '{' '"mod_policy":' '"",' '"policy":' null, '"version":' '"0"' '}' '},' '"values":' '{' '"MSP":' '{' '"mod_policy":' '"",' '"value":' null, '"version":' '"0"' '}' '},' '"version":' '"0"' '}' '},' '"mod_policy":' '"",' '"policies":' '{},' '"values":' '{},' '"version":' '"0"' '}' '},' '"mod_policy":' '"",' '"policies":' '{},' '"values":' '{},' '"version":' '"0"' '},' '"write_set":' '{' '"groups":' '{' '"Application":' '{' '"groups":' '{' '"Org2MSP":' '{' '"groups":' '{},' '"mod_policy":' '"Admins",' '"policies":' '{' '"Admins":' '{' '"mod_policy":' '"",' '"policy":' null, '"version":' '"0"' '},' '"Endorsement":' '{' '"mod_policy":' '"",' '"policy":' null, '"version":' '"0"' '},' '"Readers":' '{' '"mod_policy":' '"",' '"policy":' null, '"version":' '"0"' '},' '"Writers":' '{' '"mod_policy":' '"",' '"policy":' null, '"version":' '"0"' '}' '},' '"values":' '{' '"AnchorPeers":' '{' '"mod_policy":' '"Admins",' '"value":' '{' '"anchor_peers":' '[' '{' '"host":' '"peer1.org2.example.com",' '"port":' 9061 '}' ']' '},' '"version":' '"0"' '},' '"MSP":' '{' '"mod_policy":' '"",' '"value":' null, '"version":' '"0"' '}' '},' '"version":' '"1"' '}' '},' '"mod_policy":' '"",' '"policies":' '{},' '"values":' '{},' '"version":' '"0"' '}' '},' '"mod_policy":' '"",' '"policies":' '{},' '"values":' '{},' '"version":' '"0"' '}' '}}}}'
++ configtxlator proto_encode --input /home/chad/Projects/bench/deploy/docker/drunix/.cache/drunix/drunix-network/test-network/channel-artifacts/config_update_in_envelope.json --type common.Envelope --output /home/chad/Projects/bench/deploy/docker/drunix/.cache/drunix/drunix-network/test-network/channel-artifacts/Org2MSPanchors.tx
[34m2026-09-16 15:15:22.617 IST 0001 INFO[0m [channelCmd] [34;1mInitCmdFactory[0m -> Endorser and orderer connections initialized
[34m2026-09-16 15:15:22.624 IST 0002 INFO[0m [channelCmd] [34;1mupdate[0m -> Successfully submitted channel update
[0;32mAnchor peer set for org 'Org2MSP' on channel 'mychannel'[0m
[0;32mChannel 'mychannel' joined[0m
[deploy 15:15:22] deploying kvstore from /home/chad/Projects/bench/chaincodes/kvstore (connTimeout=120s, retries=10)
[0;34mUsing docker and docker-compose[0m
[0;34mdeploying chaincode on channel 'mychannel'[0m
executing with the following
- CHANNEL_NAME: [0;32mmychannel[0m
- CC_NAME: [0;32mkvstore[0m
- CC_SRC_PATH: [0;32m/home/chad/Projects/bench/chaincodes/kvstore[0m
- CC_SRC_LANGUAGE: [0;32mgo[0m
- CC_VERSION: [0;32m1.0[0m
- CC_SEQUENCE: [0;32mauto[0m
- CC_END_POLICY: [0;32mNA[0m
- CC_COLL_CONFIG: [0;32mNA[0m
- CC_INIT_FCN: [0;32mNA[0m
- DELAY: [0;32m10[0m
- MAX_RETRY: [0;32m10[0m
- VERBOSE: [0;32mfalse[0m
[0;34mUsing organization 2[0m
executing with the following
- CC_NAME: [0;32mkvstore[0m
- CC_SRC_PATH: [0;32m/home/chad/Projects/bench/chaincodes/kvstore[0m
- CC_SRC_LANGUAGE: [0;32mgo[0m
- CC_VERSION: [0;32m1.0[0m
[0;34mVendoring Go dependencies at /home/chad/Projects/bench/chaincodes/kvstore[0m
/home/chad/Projects/bench/chaincodes/kvstore /home/chad/Projects/bench/deploy/docker/drunix/.cache/drunix/drunix-network/test-network
/home/chad/Projects/bench/deploy/docker/drunix/.cache/drunix/drunix-network/test-network
[0;32mFinished vendoring Go dependencies[0m
+ '[' false = true ']'
+ peer lifecycle chaincode package kvstore.tar.gz --path /home/chad/Projects/bench/chaincodes/kvstore --lang golang --label kvstore_1.0
+ res=0
[0;32mChaincode is packaged[0m
[0;34mInstalling chaincode on peer0.org1...[0m
[0;34mUsing organization 1[0m
+ peer lifecycle chaincode queryinstalled --output json
+ jq -r 'try (.installed_chaincodes[].package_id)'
+ grep '^kvstore_1.0:e88284a33ff8806958375f99312782794164d62aac26fe22876f2c72fb6294d9$'
+ test 1 -ne 0
+ peer lifecycle chaincode install kvstore.tar.gz
+ res=0
[34m2026-09-16 15:15:30.436 IST 0001 INFO[0m [cli.lifecycle.chaincode] [34;1msubmitInstallProposal[0m -> Installed remotely: response:<status:200 payload:"\nLkvstore_1.0:e88284a33ff8806958375f99312782794164d62aac26fe22876f2c72fb6294d9\022\013kvstore_1.0" > 
[34m2026-09-16 15:15:30.436 IST 0002 INFO[0m [cli.lifecycle.chaincode] [34;1msubmitInstallProposal[0m -> Chaincode code package identifier: kvstore_1.0:e88284a33ff8806958375f99312782794164d62aac26fe22876f2c72fb6294d9
[0;32mChaincode is installed on peer0.org1[0m
[0;34mInstall chaincode on peer0.org2...[0m
[0;34mUsing organization 2[0m
+ peer lifecycle chaincode queryinstalled --output json
+ jq -r 'try (.installed_chaincodes[].package_id)'
+ grep '^kvstore_1.0:e88284a33ff8806958375f99312782794164d62aac26fe22876f2c72fb6294d9$'
+ test 1 -ne 0
+ peer lifecycle chaincode install kvstore.tar.gz
+ res=0
[34m2026-09-16 15:15:36.907 IST 0001 INFO[0m [cli.lifecycle.chaincode] [34;1msubmitInstallProposal[0m -> Installed remotely: response:<status:200 payload:"\nLkvstore_1.0:e88284a33ff8806958375f99312782794164d62aac26fe22876f2c72fb6294d9\022\013kvstore_1.0" > 
[34m2026-09-16 15:15:36.907 IST 0002 INFO[0m [cli.lifecycle.chaincode] [34;1msubmitInstallProposal[0m -> Chaincode code package identifier: kvstore_1.0:e88284a33ff8806958375f99312782794164d62aac26fe22876f2c72fb6294d9
[0;32mChaincode is installed on peer0.org2[0m
++ peer lifecycle chaincode querycommitted --channelID mychannel --name kvstore
++ sed -n '/Version:/{s/.*Sequence: //; s/, Endorsement Plugin:.*$//; p;}'
Error: query failed with status: 404 - namespace kvstore is not defined
+ COMMITTED_CC_SEQUENCE=
+ res=0
[0;34mUsing organization 1[0m
+ peer lifecycle chaincode queryinstalled --output json
+ jq -r 'try (.installed_chaincodes[].package_id)'
+ grep '^kvstore_1.0:e88284a33ff8806958375f99312782794164d62aac26fe22876f2c72fb6294d9$'
+ res=0
kvstore_1.0:e88284a33ff8806958375f99312782794164d62aac26fe22876f2c72fb6294d9
[0;32mQuery installed successful on peer0.org1 on channel[0m
[0;34mUsing organization 1[0m
+ peer lifecycle chaincode approveformyorg -o localhost:7050 --ordererTLSHostnameOverride orderer.example.com --tls --cafile /home/chad/Projects/bench/deploy/docker/drunix/.cache/drunix/drunix-network/test-network/organizations/ordererOrganizations/example.com/tlsca/tlsca.example.com-cert.pem --channelID mychannel --name kvstore --version 1.0 --package-id kvstore_1.0:e88284a33ff8806958375f99312782794164d62aac26fe22876f2c72fb6294d9 --sequence 1
+ res=0
[34m2026-09-16 15:15:39.479 IST 0001 INFO[0m [chaincodeCmd] [34;1mClientWait[0m -> txid [d42bc8834148a7f3d88f45738f39e67a1fecfd338a1140eb6b793d56a21387ac] committed with status (VALID) at localhost:7061
[0;32mChaincode definition approved on peer0.org1 on channel 'mychannel'[0m
[0;34mUsing organization 1[0m
[0;34mChecking the commit readiness of the chaincode definition on peer0.org1 on channel 'mychannel'...[0m
[0;34mAttempting to check the commit readiness of the chaincode definition on peer0.org1, Retry after 10 seconds.[0m
+ peer lifecycle chaincode checkcommitreadiness --channelID mychannel --name kvstore --version 1.0 --sequence 1 --output json
+ res=0
{
	"approvals": {
		"Org1MSP": true,
		"Org2MSP": false
	}
}
[0;34mChecking the commit readiness of the chaincode definition successful on peer0.org1 on channel 'mychannel'[0m
[0;34mUsing organization 2[0m
[0;34mChecking the commit readiness of the chaincode definition on peer0.org2 on channel 'mychannel'...[0m
[0;34mAttempting to check the commit readiness of the chaincode definition on peer0.org2, Retry after 10 seconds.[0m
+ peer lifecycle chaincode checkcommitreadiness --channelID mychannel --name kvstore --version 1.0 --sequence 1 --output json
+ res=0
{
	"approvals": {
		"Org1MSP": true,
		"Org2MSP": false
	}
}
[0;34mChecking the commit readiness of the chaincode definition successful on peer0.org2 on channel 'mychannel'[0m
[0;34mUsing organization 2[0m
+ peer lifecycle chaincode approveformyorg -o localhost:7050 --ordererTLSHostnameOverride orderer.example.com --tls --cafile /home/chad/Projects/bench/deploy/docker/drunix/.cache/drunix/drunix-network/test-network/organizations/ordererOrganizations/example.com/tlsca/tlsca.example.com-cert.pem --channelID mychannel --name kvstore --version 1.0 --package-id kvstore_1.0:e88284a33ff8806958375f99312782794164d62aac26fe22876f2c72fb6294d9 --sequence 1
+ res=0
[34m2026-09-16 15:16:01.662 IST 0001 INFO[0m [chaincodeCmd] [34;1mClientWait[0m -> txid [fd6766a23114fcfccab6403d99d04ac7292523ce9996dc190ed52cea20f418ec] committed with status (VALID) at localhost:9061
[0;32mChaincode definition approved on peer0.org2 on channel 'mychannel'[0m
[0;34mUsing organization 1[0m
[0;34mChecking the commit readiness of the chaincode definition on peer0.org1 on channel 'mychannel'...[0m
[0;34mAttempting to check the commit readiness of the chaincode definition on peer0.org1, Retry after 10 seconds.[0m
+ peer lifecycle chaincode checkcommitreadiness --channelID mychannel --name kvstore --version 1.0 --sequence 1 --output json
+ res=0
{
	"approvals": {
		"Org1MSP": true,
		"Org2MSP": true
	}
}
[0;34mChecking the commit readiness of the chaincode definition successful on peer0.org1 on channel 'mychannel'[0m
[0;34mUsing organization 2[0m
[0;34mChecking the commit readiness of the chaincode definition on peer0.org2 on channel 'mychannel'...[0m
[0;34mAttempting to check the commit readiness of the chaincode definition on peer0.org2, Retry after 10 seconds.[0m
+ peer lifecycle chaincode checkcommitreadiness --channelID mychannel --name kvstore --version 1.0 --sequence 1 --output json
+ res=0
{
	"approvals": {
		"Org1MSP": true,
		"Org2MSP": true
	}
}
[0;34mChecking the commit readiness of the chaincode definition successful on peer0.org2 on channel 'mychannel'[0m
[0;34mUsing organization 1[0m
[0;34mUsing organization 2[0m
+ peer lifecycle chaincode commit -o localhost:7050 --ordererTLSHostnameOverride orderer.example.com --tls --cafile /home/chad/Projects/bench/deploy/docker/drunix/.cache/drunix/drunix-network/test-network/organizations/ordererOrganizations/example.com/tlsca/tlsca.example.com-cert.pem --channelID mychannel --name kvstore --peerAddresses localhost:7061 --tlsRootCertFiles /home/chad/Projects/bench/deploy/docker/drunix/.cache/drunix/drunix-network/test-network/organizations/peerOrganizations/org1.example.com/tlsca/tlsca.org1.example.com-cert.pem --peerAddresses localhost:9061 --tlsRootCertFiles /home/chad/Projects/bench/deploy/docker/drunix/.cache/drunix/drunix-network/test-network/organizations/peerOrganizations/org2.example.com/tlsca/tlsca.org2.example.com-cert.pem --version 1.0 --sequence 1
+ res=0
[34m2026-09-16 15:16:23.810 IST 0001 INFO[0m [chaincodeCmd] [34;1mClientWait[0m -> txid [ffdd7e7a88eecd87a7d5a47cc225d3e4cda053999d9ef409d0380fc5d1b40904] committed with status (VALID) at localhost:9061
[34m2026-09-16 15:16:23.811 IST 0002 INFO[0m [chaincodeCmd] [34;1mClientWait[0m -> txid [ffdd7e7a88eecd87a7d5a47cc225d3e4cda053999d9ef409d0380fc5d1b40904] committed with status (VALID) at localhost:7061
[0;32mChaincode definition committed on channel 'mychannel'[0m
[0;34mUsing organization 1[0m
[0;34mQuerying chaincode definition on peer0.org1 on channel 'mychannel'...[0m
[0;34mAttempting to Query committed status on peer0.org1, Retry after 10 seconds.[0m
+ peer lifecycle chaincode querycommitted --channelID mychannel --name kvstore
+ res=0
Committed chaincode definition for chaincode 'kvstore' on channel 'mychannel':
Version: 1.0, Sequence: 1, Endorsement Plugin: escc, Validation Plugin: vscc, Approvals: [Org1MSP: true, Org2MSP: true]
[0;32mQuery chaincode definition successful on peer0.org1 on channel 'mychannel'[0m
[0;34mUsing organization 2[0m
[0;34mQuerying chaincode definition on peer0.org2 on channel 'mychannel'...[0m
[0;34mAttempting to Query committed status on peer0.org2, Retry after 10 seconds.[0m
+ peer lifecycle chaincode querycommitted --channelID mychannel --name kvstore
+ res=0
Committed chaincode definition for chaincode 'kvstore' on channel 'mychannel':
Version: 1.0, Sequence: 1, Endorsement Plugin: escc, Validation Plugin: vscc, Approvals: [Org1MSP: true, Org2MSP: true]
[0;32mQuery chaincode definition successful on peer0.org2 on channel 'mychannel'[0m
[0;34mChaincode initialization is not required[0m
[deploy 15:16:44] resource budget for drunix: 18 CPU / 20 GB across 13 containers = 1.38 CPU each; memory by role weight (peer=4 statedb=4 orderer=2 other=1, total weight 32)
[deploy 15:16:45]   cp.org1  (peer) 2560m
[deploy 15:16:45]   cp.org2  (peer) 2560m
[deploy 15:16:46]   dev-peer0.org1.example.com-kvstore_1.0-e88284a33ff8806958375f99312782794164d62aac26fe22876f2c72fb6294d9  (other) 640m
[deploy 15:16:46]   dev-peer0.org2.example.com-kvstore_1.0-e88284a33ff8806958375f99312782794164d62aac26fe22876f2c72fb6294d9  (other) 640m
[deploy 15:16:47]   hlf_keydb_org1msp  (other) 640m
[deploy 15:16:47]   hlf_keydb_org2msp  (other) 640m
[deploy 15:16:48]   lp1.org1  (peer) 2560m
[deploy 15:16:48]   lp1.org2  (peer) 2560m
[deploy 15:16:48]   orderer.example.com  (orderer) 1280m
[deploy 15:16:49]   vs1.org1  (other) 640m
[deploy 15:16:49]   vs1.org2  (other) 640m
[deploy 15:16:50]   yugabyte-org1  (statedb) 2560m
[deploy 15:16:50]   yugabyte-org2  (statedb) 2560m
[deploy 15:16:50] drunix up. lite-peer :7051  committing-peer :7061  lite-peer operations :9444
-- run configs/native/drunix.yaml on drunix
time=2026-09-16T15:16:50.770+05:30 level=INFO msg="run starting" platform=drunix run=probe-sweep workload=transfer profile=local-32gb normalized=false out_dir=results/drunix/20260916-151650
time=2026-09-16T15:16:50.770+05:30 level=WARN msg=caveat platform=drunix run=probe-sweep text="drunix write values are JSON-wrapped client-side to survive a YugabyteDB statedb bug (non-JSON values panic the Committing Peer); the on-wire payload format differs from the shared kv workload on other platforms for this run"
time=2026-09-16T15:16:50.770+05:30 level=INFO msg="adapter setup" platform=drunix run=probe-sweep
[34m2026-09-16 15:16:50.770 IST 0001 INFO[0m [grpc] [34;1mInfof[0m -> [core] original dial target is: "localhost:7051"
[34m2026-09-16 15:16:50.770 IST 0002 INFO[0m [grpc] [34;1mAddTraceEvent[0m -> [core] [Channel #1] Channel created for target "localhost:7051"
[34m2026-09-16 15:16:50.770 IST 0003 INFO[0m [grpc] [34;1mAddTraceEvent[0m -> [core] [Channel #1] parsed dial target is: resolver.Target{URL:url.URL{Scheme:"dns", Opaque:"", User:(*url.Userinfo)(nil), Host:"", Path:"/localhost:7051", Fragment:"", RawQuery:"", RawPath:"", RawFragment:"", ForceQuery:false, OmitHost:false}}
[34m2026-09-16 15:16:50.770 IST 0004 INFO[0m [grpc] [34;1mAddTraceEvent[0m -> [core] [Channel #1] Channel authority set to "peer0.org1.example.com"
[34m2026-09-16 15:16:50.770 IST 0005 INFO[0m [grpc] [34;1mInfof[0m -> [core] original dial target is: "localhost:7061"
[34m2026-09-16 15:16:50.770 IST 0006 INFO[0m [grpc] [34;1mAddTraceEvent[0m -> [core] [Channel #2] Channel created for target "localhost:7061"
[34m2026-09-16 15:16:50.770 IST 0007 INFO[0m [grpc] [34;1mAddTraceEvent[0m -> [core] [Channel #2] parsed dial target is: resolver.Target{URL:url.URL{Scheme:"dns", Opaque:"", User:(*url.Userinfo)(nil), Host:"", Path:"/localhost:7061", Fragment:"", RawQuery:"", RawPath:"", RawFragment:"", ForceQuery:false, OmitHost:false}}
[34m2026-09-16 15:16:50.770 IST 0008 INFO[0m [grpc] [34;1mAddTraceEvent[0m -> [core] [Channel #2] Channel authority set to "peer1.org1.example.com"
[34m2026-09-16 15:16:50.770 IST 0009 INFO[0m [grpc] [34;1mAddTraceEvent[0m -> [core] [Channel #2] Channel Connectivity change to CONNECTING
[34m2026-09-16 15:16:50.770 IST 000a INFO[0m [grpc] [34;1mAddTraceEvent[0m -> [core] [Channel #2] Channel exiting idle mode
[34m2026-09-16 15:16:50.800 IST 000b INFO[0m [grpc] [34;1mAddTraceEvent[0m -> [core] [Channel #2] Resolver state updated: {
  "Addresses": [
    {
      "Addr": "127.0.0.1:7061",
      "ServerName": "",
      "Attributes": null,
      "BalancerAttributes": null,
      "Metadata": null
    }
  ],
  "Endpoints": [
    {
      "Addresses": [
        {
          "Addr": "127.0.0.1:7061",
          "ServerName": "",
          "Attributes": null,
          "BalancerAttributes": null,
          "Metadata": null
        }
      ],
      "Attributes": null
    }
  ],
  "ServiceConfig": null,
  "Attributes": null
} (resolver returned new addresses)
[34m2026-09-16 15:16:50.800 IST 000c INFO[0m [grpc] [34;1mAddTraceEvent[0m -> [core] [Channel #2] Channel switches to new LB policy "pick_first"
[34m2026-09-16 15:16:50.800 IST 000d INFO[0m [grpc] [34;1mInfof[0m -> [pick-first-leaf-lb] [pick-first-leaf-lb 0x3e7a2395b830] Received new config {
  "shuffleAddressList": false
}, resolver state {
  "Addresses": [
    {
      "Addr": "127.0.0.1:7061",
      "ServerName": "",
      "Attributes": null,
      "BalancerAttributes": null,
      "Metadata": null
    }
  ],
  "Endpoints": [
    {
      "Addresses": [
        {
          "Addr": "127.0.0.1:7061",
          "ServerName": "",
          "Attributes": null,
          "BalancerAttributes": null,
          "Metadata": null
        }
      ],
      "Attributes": null
    }
  ],
  "ServiceConfig": null,
  "Attributes": null
}
[34m2026-09-16 15:16:50.800 IST 000e INFO[0m [grpc] [34;1mAddTraceEvent[0m -> [core] [Channel #2 SubChannel #3] Subchannel created
[34m2026-09-16 15:16:50.800 IST 000f INFO[0m [grpc] [34;1mAddTraceEvent[0m -> [core] [Channel #2 SubChannel #3] Subchannel Connectivity change to CONNECTING
[34m2026-09-16 15:16:50.800 IST 0010 INFO[0m [grpc] [34;1mAddTraceEvent[0m -> [core] [Channel #2 SubChannel #3] Subchannel picks a new address "127.0.0.1:7061" to connect
[34m2026-09-16 15:16:50.802 IST 0011 INFO[0m [grpc] [34;1mAddTraceEvent[0m -> [core] [Channel #2 SubChannel #3] Subchannel Connectivity change to READY
[34m2026-09-16 15:16:50.802 IST 0012 INFO[0m [grpc] [34;1mInfof[0m -> [pick-first-leaf-lb] [pick-first-leaf-lb 0x3e7a2395b830] SubConn 0x3e7a23913e00 reported connectivity state READY and the health listener is disabled. Transitioning SubConn to READY.
[34m2026-09-16 15:16:50.802 IST 0013 INFO[0m [grpc] [34;1mAddTraceEvent[0m -> [core] [Channel #2] Channel Connectivity change to READY
[34m2026-09-16 15:16:50.804 IST 0014 INFO[0m [grpc] [34;1mAddTraceEvent[0m -> [core] [Channel #1] Channel Connectivity change to CONNECTING
[34m2026-09-16 15:16:50.804 IST 0015 INFO[0m [grpc] [34;1mAddTraceEvent[0m -> [core] [Channel #1] Channel exiting idle mode
[34m2026-09-16 15:16:50.834 IST 0016 INFO[0m [grpc] [34;1mAddTraceEvent[0m -> [core] [Channel #1] Resolver state updated: {
  "Addresses": [
    {
      "Addr": "127.0.0.1:7051",
      "ServerName": "",
      "Attributes": null,
      "BalancerAttributes": null,
      "Metadata": null
    }
  ],
  "Endpoints": [
    {
      "Addresses": [
        {
          "Addr": "127.0.0.1:7051",
          "ServerName": "",
          "Attributes": null,
          "BalancerAttributes": null,
          "Metadata": null
        }
      ],
      "Attributes": null
    }
  ],
  "ServiceConfig": null,
  "Attributes": null
} (resolver returned new addresses)
[34m2026-09-16 15:16:50.834 IST 0017 INFO[0m [grpc] [34;1mAddTraceEvent[0m -> [core] [Channel #1] Channel switches to new LB policy "pick_first"
[34m2026-09-16 15:16:50.834 IST 0018 INFO[0m [grpc] [34;1mInfof[0m -> [pick-first-leaf-lb] [pick-first-leaf-lb 0x3e7a23b4f8c0] Received new config {
  "shuffleAddressList": false
}, resolver state {
  "Addresses": [
    {
      "Addr": "127.0.0.1:7051",
      "ServerName": "",
      "Attributes": null,
      "BalancerAttributes": null,
      "Metadata": null
    }
  ],
  "Endpoints": [
    {
      "Addresses": [
        {
          "Addr": "127.0.0.1:7051",
          "ServerName": "",
          "Attributes": null,
          "BalancerAttributes": null,
          "Metadata": null
        }
      ],
      "Attributes": null
    }
  ],
  "ServiceConfig": null,
  "Attributes": null
}
[34m2026-09-16 15:16:50.834 IST 0019 INFO[0m [grpc] [34;1mAddTraceEvent[0m -> [core] [Channel #1 SubChannel #5] Subchannel created
[34m2026-09-16 15:16:50.834 IST 001a INFO[0m [grpc] [34;1mAddTraceEvent[0m -> [core] [Channel #1 SubChannel #5] Subchannel Connectivity change to CONNECTING
[34m2026-09-16 15:16:50.834 IST 001b INFO[0m [grpc] [34;1mAddTraceEvent[0m -> [core] [Channel #1 SubChannel #5] Subchannel picks a new address "127.0.0.1:7051" to connect
[34m2026-09-16 15:16:50.835 IST 001c INFO[0m [grpc] [34;1mAddTraceEvent[0m -> [core] [Channel #1 SubChannel #5] Subchannel Connectivity change to READY
[34m2026-09-16 15:16:50.835 IST 001d INFO[0m [grpc] [34;1mInfof[0m -> [pick-first-leaf-lb] [pick-first-leaf-lb 0x3e7a23b4f8c0] SubConn 0x3e7a23704230 reported connectivity state READY and the health listener is disabled. Transitioning SubConn to READY.
[34m2026-09-16 15:16:50.835 IST 001e INFO[0m [grpc] [34;1mAddTraceEvent[0m -> [core] [Channel #1] Channel Connectivity change to READY
time=2026-09-16T15:16:50.839+05:30 level=INFO msg="setup complete" platform=drunix run=probe-sweep component=adapter gateway=localhost:7051 finality_from=localhost:7061
time=2026-09-16T15:16:50.839+05:30 level=INFO msg="phase start" platform=drunix run=probe-sweep phase=probe offered_tps=10 workers=0 duration=30s
time=2026-09-16T15:17:22.895+05:30 level=INFO msg="phase end" platform=drunix run=probe-sweep phase=probe submitted=300 committed=300 confirmed_tps=10.0 fail_rate=0.0000 e2e_p99_ms=2615.30
time=2026-09-16T15:17:22.895+05:30 level=INFO msg="phase start" platform=drunix run=probe-sweep phase=sweep-100 offered_tps=100 workers=0 duration=1m0s
time=2026-09-16T15:18:24.940+05:30 level=INFO msg="phase end" platform=drunix run=probe-sweep phase=sweep-100 submitted=1500 committed=1494 confirmed_tps=99.6 fail_rate=0.0040 e2e_p99_ms=2877.44
time=2026-09-16T15:18:24.940+05:30 level=WARN msg="phase errors" platform=drunix run=probe-sweep phase=sweep-100 count=6 message="committed invalid: MVCC_READ_CONFLICT"
time=2026-09-16T15:18:24.940+05:30 level=INFO msg="phase start" platform=drunix run=probe-sweep phase=sweep-250 offered_tps=250 workers=0 duration=1m0s
time=2026-09-16T15:19:32.515+05:30 level=INFO msg="phase end" platform=drunix run=probe-sweep phase=sweep-250 submitted=3750 committed=3631 confirmed_tps=242.1 fail_rate=0.0317 e2e_p99_ms=8970.24
time=2026-09-16T15:19:32.515+05:30 level=WARN msg="phase errors" platform=drunix run=probe-sweep phase=sweep-250 count=101 message="committed invalid: MVCC_READ_CONFLICT"
time=2026-09-16T15:19:32.515+05:30 level=WARN msg="phase errors" platform=drunix run=probe-sweep phase=sweep-250 count=18 message="endorse Transfer: rpc error: code = Aborted desc = failed to collect enough transaction endorsements, see attached details for more info\nDetails:\n  - Address: peer0.org2.example.com:9051\n    MspId: Org2MSP\n    Message: ProposalResponsePayloads do not match"
time=2026-09-16T15:19:32.515+05:30 level=INFO msg="phase start" platform=drunix run=probe-sweep phase=sweep-500 offered_tps=500 workers=0 duration=1m0s
time=2026-09-16T15:20:47.829+05:30 level=INFO msg="phase end" platform=drunix run=probe-sweep phase=sweep-500 submitted=7500 committed=3136 confirmed_tps=209.1 fail_rate=0.5819 e2e_p99_ms=17743.87
time=2026-09-16T15:20:47.829+05:30 level=WARN msg="phase errors" platform=drunix run=probe-sweep phase=sweep-500 count=4106 message="not sent: N transactions already in flight (platform is not finalizing)"
time=2026-09-16T15:20:47.829+05:30 level=WARN msg="phase errors" platform=drunix run=probe-sweep phase=sweep-500 count=258 message="committed invalid: MVCC_READ_CONFLICT"
time=2026-09-16T15:20:47.829+05:30 level=INFO msg="phase start" platform=drunix run=probe-sweep phase=hold offered_tps=90 workers=0 duration=5m0s
time=2026-09-16T15:25:49.449+05:30 level=INFO msg="phase end" platform=drunix run=probe-sweep phase=hold submitted=22950 committed=22889 confirmed_tps=89.8 fail_rate=0.0027 e2e_p99_ms=2820.10
time=2026-09-16T15:25:49.449+05:30 level=WARN msg="phase errors" platform=drunix run=probe-sweep phase=hold count=61 message="committed invalid: MVCC_READ_CONFLICT"
time=2026-09-16T15:25:49.449+05:30 level=WARN msg=caveat platform=drunix run=probe-sweep text="sweep aborted early after 2 consecutive failed steps; 6 higher step(s) were never offered"
time=2026-09-16T15:25:49.455+05:30 level=WARN msg=caveat platform=drunix run=probe-sweep text="native metrics scrape of http://localhost:9444/metrics failed: scrape http://localhost:9444/metrics: parser panic: Invalid name validation scheme requested: unset (informational metrics only; harness numbers unaffected)"
time=2026-09-16T15:25:49.458+05:30 level=INFO msg="run finished" platform=drunix run=probe-sweep out_dir=results/drunix/20260916-151650 caveats=3
results written to results/drunix/20260916-151650
[34m2026-09-16 15:25:49.458 IST 001f INFO[0m [grpc] [34;1mAddTraceEvent[0m -> [core] [Channel #2] Channel Connectivity change to SHUTDOWN
[34m2026-09-16 15:25:49.458 IST 0020 INFO[0m [grpc] [34;1mAddTraceEvent[0m -> [core] [Channel #2] Closing the name resolver
[34m2026-09-16 15:25:49.458 IST 0021 INFO[0m [grpc] [34;1mAddTraceEvent[0m -> [core] [Channel #2] ccBalancerWrapper: closing
[34m2026-09-16 15:25:49.458 IST 0022 INFO[0m [grpc] [34;1mAddTraceEvent[0m -> [core] [Channel #2 SubChannel #3] Subchannel Connectivity change to SHUTDOWN
[34m2026-09-16 15:25:49.458 IST 0023 INFO[0m [grpc] [34;1mAddTraceEvent[0m -> [core] [Channel #2 SubChannel #3] Subchannel deleted
[34m2026-09-16 15:25:49.458 IST 0024 INFO[0m [grpc] [34;1mInfof[0m -> [transport] [client-transport 0x3e7a23aa0008] Closing: rpc error: code = Canceled desc = grpc: the client connection is closing
[34m2026-09-16 15:25:49.458 IST 0025 INFO[0m [grpc] [34;1mInfof[0m -> [transport] [client-transport 0x3e7a23aa0008] loopyWriter exiting with error: rpc error: code = Canceled desc = grpc: the client connection is closing
[34m2026-09-16 15:25:49.458 IST 0026 INFO[0m [grpc] [34;1mAddTraceEvent[0m -> [core] [Channel #2] Channel deleted
[34m2026-09-16 15:25:49.458 IST 0027 INFO[0m [grpc] [34;1mAddTraceEvent[0m -> [core] [Channel #1] Channel Connectivity change to SHUTDOWN
[34m2026-09-16 15:25:49.458 IST 0028 INFO[0m [grpc] [34;1mAddTraceEvent[0m -> [core] [Channel #1] Closing the name resolver
[34m2026-09-16 15:25:49.458 IST 0029 INFO[0m [grpc] [34;1mAddTraceEvent[0m -> [core] [Channel #1] ccBalancerWrapper: closing
[34m2026-09-16 15:25:49.458 IST 002a INFO[0m [grpc] [34;1mAddTraceEvent[0m -> [core] [Channel #1 SubChannel #5] Subchannel Connectivity change to SHUTDOWN
[34m2026-09-16 15:25:49.458 IST 002b INFO[0m [grpc] [34;1mAddTraceEvent[0m -> [core] [Channel #1 SubChannel #5] Subchannel deleted
[34m2026-09-16 15:25:49.458 IST 002c INFO[0m [grpc] [34;1mInfof[0m -> [transport] [client-transport 0x3e7a23b3afc8] Closing: rpc error: code = Canceled desc = grpc: the client connection is closing
[34m2026-09-16 15:25:49.458 IST 002d INFO[0m [grpc] [34;1mInfof[0m -> [transport] [client-transport 0x3e7a23b3afc8] loopyWriter exiting with error: rpc error: code = Canceled desc = grpc: the client connection is closing
[34m2026-09-16 15:25:49.458 IST 002e INFO[0m [grpc] [34;1mAddTraceEvent[0m -> [core] [Channel #1] Channel deleted
monitoring report: results/drunix/20260916-151650/monitoring-report.html
run book: results/index.html
-- capture drunix
capture: 26 containers -> /home/chad/Projects/bench/results/_campaigns/20260916T091448Z-local-32gb/drunix/drunix/capture
-- teardown drunix
[0;34mUsing docker and docker-compose[0m
[0;34mStopping network[0m
 Container yugabyte-org1 Stopping 
 Container yugabyte-org2 Stopping 
 Container hlf_keydb_org1msp Stopping 
 Container hlf_keydb_org2msp Stopping 
 Container hlf_keydb_org2msp Stopped 
 Container hlf_keydb_org2msp Removing 
 Container hlf_keydb_org2msp Removed 
 Container hlf_keydb_org1msp Stopped 
 Container hlf_keydb_org1msp Removing 
 Container hlf_keydb_org1msp Removed 
 Container yugabyte-org1 Stopped 
 Container yugabyte-org1 Removing 
 Container yugabyte-org1 Removed 
 Container yugabyte-org2 Stopped 
 Container yugabyte-org2 Removing 
 Container yugabyte-org2 Removed 
 Network drunix_test Removing 
 Network drunix_test Resource is still in use 
 Container lp1.org2 Stopping 
 Container cp.org2 Stopping 
 Container vs1.org1 Stopping 
 Container vs1.org2 Stopping 
 Container orderer.example.com Stopping 
 Container lp1.org1 Stopping 
 Container cp.org1 Stopping 
 Container orderer.example.com Stopped 
 Container orderer.example.com Removing 
 Container orderer.example.com Removed 
 Container vs1.org1 Stopped 
 Container vs1.org1 Removing 
 Container vs1.org1 Removed 
 Container vs1.org2 Stopped 
 Container vs1.org2 Removing 
 Container vs1.org2 Removed 
 Container cp.org1 Stopped 
 Container cp.org1 Removing 
 Container cp.org1 Removed 
 Container cp.org2 Stopped 
 Container cp.org2 Removing 
 Container cp.org2 Removed 
 Container lp1.org2 Stopped 
 Container lp1.org2 Removing 
 Container lp1.org2 Removed 
 Container lp1.org1 Stopped 
 Container lp1.org1 Removing 
 Container lp1.org1 Removed 
 Volume compose_peer1.org1.example.com Removing 
 Volume compose_orderer.example.com Removing 
 Volume compose_peer0.org2.example.com Removing 
 Volume compose_peer1.org2.example.com Removing 
 Volume compose_peer0.org1.example.com Removing 
 Volume compose_orderer.example.com Removed 
 Volume compose_peer0.org2.example.com Removed 
 Volume compose_peer1.org1.example.com Removed 
 Volume compose_peer0.org1.example.com Removed 
 Volume compose_peer1.org2.example.com Removed 
[0;34mRemoving remaining containers[0m
Error response from daemon: get compose_orderer.example.com: no such volume
Error response from daemon: get compose_peer0.org1.example.com: no such volume
Error response from daemon: get compose_peer1.org1.example.com: no such volume
Error response from daemon: get compose_peer2.org1.example.com: no such volume
Error response from daemon: get compose_peer0.org2.example.com: no such volume
Error response from daemon: get compose_peer1.org2.example.com: no such volume
Error response from daemon: get compose_peer2.org2.example.com: no such volume
[0;34mRemoving generated chaincode docker images[0m
Untagged: dev-peer0.org2.example.com-kvstore_1.0-e88284a33ff8806958375f99312782794164d62aac26fe22876f2c72fb6294d9-68943f16f9aba9f24cbd04de158905f755f192c405682abc67b51f4b237b88ec:latest
Deleted: sha256:e0fa1123f9f466e5d5e00eb04b443ddecd847d9fac1fa0180508249d27bbb370
Untagged: dev-peer0.org1.example.com-kvstore_1.0-e88284a33ff8806958375f99312782794164d62aac26fe22876f2c72fb6294d9-69fc7c62d4c586b892ebdf21972c9f99a025fa7f3de7b416a325aa17c7d14ed9:latest
Deleted: sha256:e25f27148b8a943820caf8cc65d1a03504b443bf7c5d68c7f82136d67a7cabeb
[deploy 15:26:06] WARN: could not drop page cache (needs root); continuing
[deploy 15:26:06] drunix down
==================== fabricx : configs/native/fabricx.yaml ====================
-- isolation: prune stopped containers + drop page cache
   (page cache not dropped: needs passwordless sudo)
-- deploy fabricx
[deploy 15:26:09] WARN: fabric-x-committer-src is at 7ca0d43148e90df697b8b3a2cd0b1cd4db6d25a0, want v1.0.5 - refetching
[deploy 15:26:09] fetching fabric-x-committer-src @ v1.0.5 (attempt 1)
[deploy 15:26:12] WARN: fabric-x-orderer-src is at 5796962454f3589368740f717f81b942c4d80471, want v1.0.6 - refetching
[deploy 15:26:12] fetching fabric-x-orderer-src @ v1.0.6 (attempt 1)
[deploy 15:26:15] orderer batch from profile 'local-32gb' (normalized=false): timeout=500ms maxMessageCount=500
[deploy 15:26:15] building bench/fabricx:native-500-500ms (first build pulls a Go toolchain and compiles Arma + committer; several minutes)
#0 building with "default" instance using docker driver

#1 [internal] load build definition from Dockerfile
#1 transferring dockerfile: 3.83kB done
#1 DONE 0.0s

#2 resolve image config for docker-image://docker.io/docker/dockerfile:1
#2 DONE 1.4s

#3 docker-image://docker.io/docker/dockerfile:1@sha256:ecfaec9ed6d810b56388c508f4121597bfbba70d41a6dfeee4d8cad5f295fc32
#3 CACHED

#4 [internal] load metadata for docker.io/library/postgres:18.3-alpine3.23
#4 ...

#5 [internal] load metadata for docker.io/library/golang:1.27-bookworm
#5 DONE 1.2s

#4 [internal] load metadata for docker.io/library/postgres:18.3-alpine3.23
#4 DONE 1.3s

#6 [internal] load .dockerignore
#6 transferring context: 2B done
#6 DONE 0.0s

#7 [build 1/8] FROM docker.io/library/golang:1.27-bookworm@sha256:648f440f42a0958804efb24df176f806f9d353b41f1c0627f666428e40310f6b
#7 DONE 0.0s

#8 [stage-1  1/12] FROM docker.io/library/postgres:18.3-alpine3.23@sha256:54451ecb8ab38c24c3ec123f2fd501303a3a1856a5c66e98cecf2460d5e1e9d7
#8 DONE 0.0s

#9 [internal] load build context
#9 transferring context: 1.45MB 0.2s done
#9 DONE 0.2s

#10 [build 7/8] WORKDIR /src/orderer
#10 CACHED

#11 [build 2/8] WORKDIR /src
#11 CACHED

#12 [build 3/8] COPY .cache/fabric-x-committer-src /src/committer
#12 CACHED

#13 [stage-1  3/12] COPY --from=build /out/committer /out/loadgen /out/arma /out/armageddon /root/bin/
#13 CACHED

#14 [stage-1  5/12] COPY .cache/fabric-x-orderer-src/testutil/fabric/sampleconfig  /root/arma-sampleconfig
#14 CACHED

#15 [stage-1  2/12] RUN apk add --no-cache ca-certificates python3  && mkdir -p /root/bin /root/config /root/artifacts /data/ledger /data/arma /opt/fabric-x
#15 CACHED

#16 [build 4/8] WORKDIR /src/committer
#16 CACHED

#17 [stage-1  4/12] COPY .cache/fabric-x-committer-src/cmd/config/samples          /root/config
#17 CACHED

#18 [build 5/8] RUN go build -o /out/committer ./cmd/committer  && go build -o /out/loadgen   ./cmd/loadgen
#18 CACHED

#19 [build 6/8] COPY .cache/fabric-x-orderer-src /src/orderer
#19 CACHED

#20 [build 8/8] RUN go build -o /out/arma       ./cmd/arma  && go build -o /out/armageddon ./cmd/armageddon
#20 CACHED

#21 [stage-1  6/12] COPY image/run.sh image/start-arma.sh image/start-node2.sh image/start-node3.sh      image/generate-arma.sh image/patch-configs.py image/entrypoint.sh /opt/fabric-x/
#21 CACHED

#22 [stage-1  7/12] COPY image/arma-deployment.yaml /opt/fabric-x/arma-deployment.yaml
#22 CACHED

#23 [stage-1  8/12] RUN chmod a+x /root/bin/* /opt/fabric-x/*.sh /opt/fabric-x/patch-configs.py
#23 DONE 0.6s

#24 [stage-1  9/12] RUN apk add --no-cache openssl  && openssl genpkey -algorithm EC -pkeyopt ec_paramgen_curve:P-256       -outform PEM -out /root/artifacts/ns-signing-key.pem  && openssl pkey -in /root/artifacts/ns-signing-key.pem -pubout       -out /root/artifacts/ns-verification-key.pem  && chmod 600 /root/artifacts/ns-signing-key.pem
#24 0.997 (1/3) Upgrading libcrypto3 (3.5.6-r0 -> 3.5.8-r0)
#24 1.219 (2/3) Upgrading libssl3 (3.5.6-r0 -> 3.5.8-r0)
#24 1.272 (3/3) Installing openssl (3.5.8-r0)
#24 1.323 Executing busybox-1.37.0-r30.trigger
#24 1.328 Executing ca-certificates-20260611-r0.trigger
#24 1.370 OK: 247.8 MiB in 65 packages
#24 DONE 1.4s

#25 [stage-1 10/12] RUN python3 /opt/fabric-x/patch-configs.py
#25 DONE 0.3s

#26 [stage-1 11/12] RUN ARMA_OUT=/root/arma DEPLOY=/opt/fabric-x/arma-deployment.yaml     SAMPLE=/root/arma-sampleconfig ARMAGEDDON=/root/bin/armageddon     /opt/fabric-x/generate-arma.sh  && loadgen make-artifacts -c /root/config/loadgen.yaml  && cp /root/arma/bootstrap/bootstrap.block /root/artifacts/config-block.pb.bin
#26 0.290 [34m2026-09-16 09:56:22.107 UTC 0001 INFO[0m [common.tools.configtxgen] [34;1mcompleteInitialization[0m -> orderer type: arma
#26 0.308 [34m2026-09-16 09:56:22.124 UTC 0002 INFO[0m [common.tools.configtxgen] [34;1mGetOutputBlock[0m -> Generating genesis block
#26 0.308 [34m2026-09-16 09:56:22.124 UTC 0003 INFO[0m [common.tools.configtxgen] [34;1mGetOutputBlock[0m -> Creating application channel genesis block
#26 0.320 [34m2026-09-16 09:56:22.136 UTC 0004 INFO[0m [armageddon] [34;1mRun[0m -> Configuration material was created successfully in /root/arma
#26 0.322 applying profile orderer_batch: timeout=500ms maxMessageCount=500
#26 0.325   BatchCreationTimeout = 500ms
#26 0.327   MaxMessageCount = 500
#26 0.365 [34m2026-09-16 09:56:22.182 UTC 0001 INFO[0m [common.tools.configtxgen] [34;1mcompleteInitialization[0m -> Orderer.BatchSize.PreferredMaxBytes unset, setting to 2097152
#26 0.365 [34m2026-09-16 09:56:22.182 UTC 0002 INFO[0m [common.tools.configtxgen] [34;1mcompleteInitialization[0m -> orderer type: arma
#26 0.365 [34m2026-09-16 09:56:22.182 UTC 0003 INFO[0m [common.tools.configtxgen] [34;1mcompleteInitialization[0m -> Orderer.Arma unset, setting to &{}
#26 0.365 [34m2026-09-16 09:56:22.182 UTC 0004 INFO[0m [common.tools.configtxgen] [34;1mLoad[0m -> Loaded configuration: /root/arma-sampleconfig/configtx.yaml
#26 0.367 [34m2026-09-16 09:56:22.184 UTC 0005 INFO[0m [common.tools.configtxgen] [34;1mGetOutputBlock[0m -> Generating genesis block
#26 0.367 [34m2026-09-16 09:56:22.184 UTC 0006 INFO[0m [common.tools.configtxgen] [34;1mGetOutputBlock[0m -> Creating application channel genesis block
#26 0.411 Generating crypto artifacts and config block...
#26 0.415 [34m2026-09-16 09:56:22.231 UTC [common.tools.configtxgen] completeInitialization -> INFO[0m orderer type: arma
#26 0.432 [34m2026-09-16 09:56:22.248 UTC [common.tools.configtxgen] GetOutputBlock -> INFO[0m Generating genesis block
#26 0.432 [34m2026-09-16 09:56:22.248 UTC [common.tools.configtxgen] GetOutputBlock -> INFO[0m Creating application channel genesis block
#26 0.432 Artifacts path: /root/artifacts
#26 DONE 0.5s

#27 [stage-1 12/12] WORKDIR /data
#27 DONE 0.1s

#28 exporting to image
#28 exporting layers
#28 exporting layers 0.2s done
#28 writing image sha256:42461f8e7db7f3b7f93332324f9c536a471928e5ec6178126bec639ad7077d65 done
#28 naming to docker.io/bench/fabricx:native-500-500ms done
#28 DONE 0.2s

 [33m3 warnings found (use docker --debug to expand):
[0m - SecretsUsedInArgOrEnv: Do not use ARG or ENV instructions for sensitive data (ENV "SC_VC_DATABASE_PASSWORD") (line 37)
 - SecretsUsedInArgOrEnv: Do not use ARG or ENV instructions for sensitive data (ENV "SC_QUERY_DATABASE_PASSWORD") (line 37)
 - SecretsUsedInArgOrEnv: Do not use ARG or ENV instructions for sensitive data (ENV "POSTGRES_PASSWORD") (line 37)
[deploy 15:26:22] WARN: could not drop page cache (needs root); continuing
[deploy 15:26:22] starting stack
 Network bench-fabricx_fx Creating 
 Network bench-fabricx_fx Creating 
 Volume bench-fabricx_fx-pgdata Creating 
 Volume bench-fabricx_fx-pgdata Creating 
 Volume bench-fabricx_fx-arma Creating 
 Volume bench-fabricx_fx-arma Creating 
 Volume bench-fabricx_fx-ledger Creating 
 Volume bench-fabricx_fx-ledger Creating 
 Volume bench-fabricx_fx-pgdata Created 
 Volume bench-fabricx_fx-pgdata Created 
 Volume bench-fabricx_fx-arma Created 
 Volume bench-fabricx_fx-arma Created 
 Volume bench-fabricx_fx-ledger Created 
 Volume bench-fabricx_fx-ledger Created 
 Network bench-fabricx_fx Created 
 Network bench-fabricx_fx Created 
 Container bench-fabricx-fabricx-db-1 Creating 
 Container bench-fabricx-fabricx-db-1 Created 
 Container bench-fabricx-fabricx-arma-1 Creating 
 Container bench-fabricx-fabricx-arma-1 Created 
 Container bench-fabricx-fabricx-pipeline-1 Creating 
 Container bench-fabricx-fabricx-pipeline-1 Created 
 Container bench-fabricx-fabricx-committer-1 Creating 
 Container bench-fabricx-fabricx-committer-1 Created 
 Container bench-fabricx-fabricx-db-1 Starting 
 Container bench-fabricx-fabricx-db-1 Started 
 Container bench-fabricx-fabricx-db-1 Waiting 
 Container bench-fabricx-fabricx-db-1 Healthy 
 Container bench-fabricx-fabricx-arma-1 Starting 
 Container bench-fabricx-fabricx-arma-1 Started 
 Container bench-fabricx-fabricx-pipeline-1 Starting 
 Container bench-fabricx-fabricx-pipeline-1 Started 
 Container bench-fabricx-fabricx-committer-1 Starting 
 Container bench-fabricx-fabricx-committer-1 Started 
[deploy 15:26:29] resource budget for fabricx: 18 CPU / 20 GB across 4 containers = 4.50 CPU each; memory by role weight (peer=4 statedb=4 orderer=2 other=1, total weight 16)
[deploy 15:26:29]   bench-fabricx-fabricx-arma-1  (peer) 5120m
[deploy 15:26:30]   bench-fabricx-fabricx-committer-1  (peer) 5120m
[deploy 15:26:30]   bench-fabricx-fabricx-db-1  (statedb) 5120m
[deploy 15:26:31]   bench-fabricx-fabricx-pipeline-1  (peer) 5120m
[deploy 15:26:31] waiting up to 120s for Arma router on :6022
[deploy 15:26:31] Arma router on :6022: ready after 0s
[deploy 15:26:31] waiting up to 120s for Arma router on :6122
[deploy 15:26:31] Arma router on :6122: ready after 0s
[deploy 15:26:31] waiting up to 120s for Arma router on :6222
[deploy 15:26:31] Arma router on :6222: ready after 0s
[deploy 15:26:31] waiting up to 120s for Arma router on :6322
[deploy 15:26:31] Arma router on :6322: ready after 0s
[deploy 15:26:31] waiting up to 120s for sidecar deliver on :4001
[deploy 15:26:31] sidecar deliver on :4001: ready after 0s
[deploy 15:26:31] waiting up to 120s for QueryService on :7001
[deploy 15:26:31] QueryService on :7001: ready after 0s
[deploy 15:26:31] registering application namespace '0'
[deploy 15:26:34] namespace '0' committed with the image's ECDSA verification key
[deploy 15:26:34] exported namespace signing key to /home/chad/Projects/bench/deploy/docker/fabricx/.cache/keys/ns-signing-key.pem
[deploy 15:26:34] fabricx up. broadcast :6022,:6122,:6222,:6322  deliver :4001  query :7001  metrics :9643
[deploy 15:26:34] wrote /home/chad/Projects/bench/deploy/docker/fabricx/connection.env
-- run configs/native/fabricx.yaml on fabricx
time=2026-09-16T15:26:34.806+05:30 level=INFO msg="run starting" platform=fabricx run=probe-sweep workload=kv-write profile=local-32gb normalized=false out_dir=results/fabricx/20260916-152634
time=2026-09-16T15:26:34.806+05:30 level=WARN msg=caveat platform=fabricx run=probe-sweep text="fabricx native run uses kv-write over the gRPC path (adr-016); Token SDK Issue/Transfer/Redeem is not implemented (the old REST token configs were removed)"
time=2026-09-16T15:26:34.806+05:30 level=INFO msg="adapter setup" platform=fabricx run=probe-sweep
[34m2026-09-16 15:26:34.806 IST 0001 INFO[0m [grpc] [34;1mInfof[0m -> [core] original dial target is: "localhost:4001"
[34m2026-09-16 15:26:34.806 IST 0002 INFO[0m [grpc] [34;1mAddTraceEvent[0m -> [core] [Channel #1] Channel created for target "localhost:4001"
[34m2026-09-16 15:26:34.806 IST 0003 INFO[0m [grpc] [34;1mAddTraceEvent[0m -> [core] [Channel #1] parsed dial target is: resolver.Target{URL:url.URL{Scheme:"dns", Opaque:"", User:(*url.Userinfo)(nil), Host:"", Path:"/localhost:4001", Fragment:"", RawQuery:"", RawPath:"", RawFragment:"", ForceQuery:false, OmitHost:false}}
[34m2026-09-16 15:26:34.807 IST 0004 INFO[0m [grpc] [34;1mAddTraceEvent[0m -> [core] [Channel #1] Channel authority set to "localhost:4001"
[34m2026-09-16 15:26:34.807 IST 0005 INFO[0m [grpc] [34;1mAddTraceEvent[0m -> [core] [Channel #1] Channel Connectivity change to CONNECTING
[34m2026-09-16 15:26:34.807 IST 0006 INFO[0m [grpc] [34;1mAddTraceEvent[0m -> [core] [Channel #1] Channel exiting idle mode
[34m2026-09-16 15:26:34.850 IST 0007 INFO[0m [grpc] [34;1mAddTraceEvent[0m -> [core] [Channel #1] Resolver state updated: {
  "Addresses": [
    {
      "Addr": "127.0.0.1:4001",
      "ServerName": "",
      "Attributes": null,
      "BalancerAttributes": null,
      "Metadata": null
    }
  ],
  "Endpoints": [
    {
      "Addresses": [
        {
          "Addr": "127.0.0.1:4001",
          "ServerName": "",
          "Attributes": null,
          "BalancerAttributes": null,
          "Metadata": null
        }
      ],
      "Attributes": null
    }
  ],
  "ServiceConfig": null,
  "Attributes": null
} (resolver returned new addresses)
[34m2026-09-16 15:26:34.850 IST 0008 INFO[0m [grpc] [34;1mAddTraceEvent[0m -> [core] [Channel #1] Channel switches to new LB policy "pick_first"
[34m2026-09-16 15:26:34.850 IST 0009 INFO[0m [grpc] [34;1mInfof[0m -> [pick-first-leaf-lb] [pick-first-leaf-lb 0xbd66d4acfc0] Received new config {
  "shuffleAddressList": false
}, resolver state {
  "Addresses": [
    {
      "Addr": "127.0.0.1:4001",
      "ServerName": "",
      "Attributes": null,
      "BalancerAttributes": null,
      "Metadata": null
    }
  ],
  "Endpoints": [
    {
      "Addresses": [
        {
          "Addr": "127.0.0.1:4001",
          "ServerName": "",
          "Attributes": null,
          "BalancerAttributes": null,
          "Metadata": null
        }
      ],
      "Attributes": null
    }
  ],
  "ServiceConfig": null,
  "Attributes": null
}
[34m2026-09-16 15:26:34.850 IST 000a INFO[0m [grpc] [34;1mAddTraceEvent[0m -> [core] [Channel #1 SubChannel #2] Subchannel created
[34m2026-09-16 15:26:34.850 IST 000b INFO[0m [grpc] [34;1mAddTraceEvent[0m -> [core] [Channel #1 SubChannel #2] Subchannel Connectivity change to CONNECTING
[34m2026-09-16 15:26:34.850 IST 000c INFO[0m [grpc] [34;1mAddTraceEvent[0m -> [core] [Channel #1 SubChannel #2] Subchannel picks a new address "127.0.0.1:4001" to connect
[34m2026-09-16 15:26:34.850 IST 000d INFO[0m [grpc] [34;1mAddTraceEvent[0m -> [core] [Channel #1 SubChannel #2] Subchannel Connectivity change to READY
[34m2026-09-16 15:26:34.850 IST 000e INFO[0m [grpc] [34;1mInfof[0m -> [pick-first-leaf-lb] [pick-first-leaf-lb 0xbd66d4acfc0] SubConn 0xbd66d70a5a0 reported connectivity state READY and the health listener is disabled. Transitioning SubConn to READY.
[34m2026-09-16 15:26:34.850 IST 000f INFO[0m [grpc] [34;1mAddTraceEvent[0m -> [core] [Channel #1] Channel Connectivity change to READY
[34m2026-09-16 15:26:34.851 IST 0010 INFO[0m [grpc] [34;1mInfof[0m -> [core] original dial target is: "localhost:6022"
[34m2026-09-16 15:26:34.851 IST 0011 INFO[0m [grpc] [34;1mAddTraceEvent[0m -> [core] [Channel #4] Channel created for target "localhost:6022"
[34m2026-09-16 15:26:34.851 IST 0012 INFO[0m [grpc] [34;1mAddTraceEvent[0m -> [core] [Channel #4] parsed dial target is: resolver.Target{URL:url.URL{Scheme:"dns", Opaque:"", User:(*url.Userinfo)(nil), Host:"", Path:"/localhost:6022", Fragment:"", RawQuery:"", RawPath:"", RawFragment:"", ForceQuery:false, OmitHost:false}}
[34m2026-09-16 15:26:34.851 IST 0013 INFO[0m [grpc] [34;1mAddTraceEvent[0m -> [core] [Channel #4] Channel authority set to "localhost:6022"
[34m2026-09-16 15:26:34.851 IST 0014 INFO[0m [grpc] [34;1mAddTraceEvent[0m -> [core] [Channel #4] Channel Connectivity change to CONNECTING
[34m2026-09-16 15:26:34.851 IST 0015 INFO[0m [grpc] [34;1mAddTraceEvent[0m -> [core] [Channel #4] Channel exiting idle mode
[34m2026-09-16 15:26:34.888 IST 0016 INFO[0m [grpc] [34;1mAddTraceEvent[0m -> [core] [Channel #4] Resolver state updated: {
  "Addresses": [
    {
      "Addr": "127.0.0.1:6022",
      "ServerName": "",
      "Attributes": null,
      "BalancerAttributes": null,
      "Metadata": null
    }
  ],
  "Endpoints": [
    {
      "Addresses": [
        {
          "Addr": "127.0.0.1:6022",
          "ServerName": "",
          "Attributes": null,
          "BalancerAttributes": null,
          "Metadata": null
        }
      ],
      "Attributes": null
    }
  ],
  "ServiceConfig": null,
  "Attributes": null
} (resolver returned new addresses)
[34m2026-09-16 15:26:34.888 IST 0017 INFO[0m [grpc] [34;1mAddTraceEvent[0m -> [core] [Channel #4] Channel switches to new LB policy "pick_first"
[34m2026-09-16 15:26:34.888 IST 0018 INFO[0m [grpc] [34;1mInfof[0m -> [pick-first-leaf-lb] [pick-first-leaf-lb 0xbd66d65ccf0] Received new config {
  "shuffleAddressList": false
}, resolver state {
  "Addresses": [
    {
      "Addr": "127.0.0.1:6022",
      "ServerName": "",
      "Attributes": null,
      "BalancerAttributes": null,
      "Metadata": null
    }
  ],
  "Endpoints": [
    {
      "Addresses": [
        {
          "Addr": "127.0.0.1:6022",
          "ServerName": "",
          "Attributes": null,
          "BalancerAttributes": null,
          "Metadata": null
        }
      ],
      "Attributes": null
    }
  ],
  "ServiceConfig": null,
  "Attributes": null
}
[34m2026-09-16 15:26:34.888 IST 0019 INFO[0m [grpc] [34;1mAddTraceEvent[0m -> [core] [Channel #4 SubChannel #5] Subchannel created
[34m2026-09-16 15:26:34.888 IST 001a INFO[0m [grpc] [34;1mAddTraceEvent[0m -> [core] [Channel #4 SubChannel #5] Subchannel Connectivity change to CONNECTING
[34m2026-09-16 15:26:34.888 IST 001b INFO[0m [grpc] [34;1mAddTraceEvent[0m -> [core] [Channel #4 SubChannel #5] Subchannel picks a new address "127.0.0.1:6022" to connect
[34m2026-09-16 15:26:34.889 IST 001c INFO[0m [grpc] [34;1mAddTraceEvent[0m -> [core] [Channel #4 SubChannel #5] Subchannel Connectivity change to READY
[34m2026-09-16 15:26:34.889 IST 001d INFO[0m [grpc] [34;1mInfof[0m -> [pick-first-leaf-lb] [pick-first-leaf-lb 0xbd66d65ccf0] SubConn 0xbd66d64cd20 reported connectivity state READY and the health listener is disabled. Transitioning SubConn to READY.
[34m2026-09-16 15:26:34.889 IST 001e INFO[0m [grpc] [34;1mAddTraceEvent[0m -> [core] [Channel #4] Channel Connectivity change to READY
[34m2026-09-16 15:26:34.896 IST 001f INFO[0m [grpc] [34;1mInfof[0m -> [core] original dial target is: "localhost:6122"
[34m2026-09-16 15:26:34.896 IST 0020 INFO[0m [grpc] [34;1mAddTraceEvent[0m -> [core] [Channel #7] Channel created for target "localhost:6122"
[34m2026-09-16 15:26:34.896 IST 0021 INFO[0m [grpc] [34;1mAddTraceEvent[0m -> [core] [Channel #7] parsed dial target is: resolver.Target{URL:url.URL{Scheme:"dns", Opaque:"", User:(*url.Userinfo)(nil), Host:"", Path:"/localhost:6122", Fragment:"", RawQuery:"", RawPath:"", RawFragment:"", ForceQuery:false, OmitHost:false}}
[34m2026-09-16 15:26:34.896 IST 0022 INFO[0m [grpc] [34;1mAddTraceEvent[0m -> [core] [Channel #7] Channel authority set to "localhost:6122"
[34m2026-09-16 15:26:34.896 IST 0023 INFO[0m [grpc] [34;1mAddTraceEvent[0m -> [core] [Channel #7] Channel Connectivity change to CONNECTING
[34m2026-09-16 15:26:34.896 IST 0024 INFO[0m [grpc] [34;1mAddTraceEvent[0m -> [core] [Channel #7] Channel exiting idle mode
[34m2026-09-16 15:26:34.926 IST 0025 INFO[0m [grpc] [34;1mAddTraceEvent[0m -> [core] [Channel #7] Resolver state updated: {
  "Addresses": [
    {
      "Addr": "127.0.0.1:6122",
      "ServerName": "",
      "Attributes": null,
      "BalancerAttributes": null,
      "Metadata": null
    }
  ],
  "Endpoints": [
    {
      "Addresses": [
        {
          "Addr": "127.0.0.1:6122",
          "ServerName": "",
          "Attributes": null,
          "BalancerAttributes": null,
          "Metadata": null
        }
      ],
      "Attributes": null
    }
  ],
  "ServiceConfig": null,
  "Attributes": null
} (resolver returned new addresses)
[34m2026-09-16 15:26:34.926 IST 0026 INFO[0m [grpc] [34;1mAddTraceEvent[0m -> [core] [Channel #7] Channel switches to new LB policy "pick_first"
[34m2026-09-16 15:26:34.926 IST 0027 INFO[0m [grpc] [34;1mInfof[0m -> [pick-first-leaf-lb] [pick-first-leaf-lb 0xbd66d65c750] Received new config {
  "shuffleAddressList": false
}, resolver state {
  "Addresses": [
    {
      "Addr": "127.0.0.1:6122",
      "ServerName": "",
      "Attributes": null,
      "BalancerAttributes": null,
      "Metadata": null
    }
  ],
  "Endpoints": [
    {
      "Addresses": [
        {
          "Addr": "127.0.0.1:6122",
          "ServerName": "",
          "Attributes": null,
          "BalancerAttributes": null,
          "Metadata": null
        }
      ],
      "Attributes": null
    }
  ],
  "ServiceConfig": null,
  "Attributes": null
}
[34m2026-09-16 15:26:34.926 IST 0028 INFO[0m [grpc] [34;1mAddTraceEvent[0m -> [core] [Channel #7 SubChannel #8] Subchannel created
[34m2026-09-16 15:26:34.926 IST 0029 INFO[0m [grpc] [34;1mAddTraceEvent[0m -> [core] [Channel #7 SubChannel #8] Subchannel Connectivity change to CONNECTING
[34m2026-09-16 15:26:34.927 IST 002a INFO[0m [grpc] [34;1mAddTraceEvent[0m -> [core] [Channel #7 SubChannel #8] Subchannel picks a new address "127.0.0.1:6122" to connect
[34m2026-09-16 15:26:34.927 IST 002b INFO[0m [grpc] [34;1mAddTraceEvent[0m -> [core] [Channel #7 SubChannel #8] Subchannel Connectivity change to READY
[34m2026-09-16 15:26:34.927 IST 002c INFO[0m [grpc] [34;1mInfof[0m -> [pick-first-leaf-lb] [pick-first-leaf-lb 0xbd66d65c750] SubConn 0xbd66dbb6190 reported connectivity state READY and the health listener is disabled. Transitioning SubConn to READY.
[34m2026-09-16 15:26:34.927 IST 002d INFO[0m [grpc] [34;1mAddTraceEvent[0m -> [core] [Channel #7] Channel Connectivity change to READY
[34m2026-09-16 15:26:34.932 IST 002e INFO[0m [grpc] [34;1mInfof[0m -> [core] original dial target is: "localhost:6222"
[34m2026-09-16 15:26:34.932 IST 002f INFO[0m [grpc] [34;1mAddTraceEvent[0m -> [core] [Channel #10] Channel created for target "localhost:6222"
[34m2026-09-16 15:26:34.932 IST 0030 INFO[0m [grpc] [34;1mAddTraceEvent[0m -> [core] [Channel #10] parsed dial target is: resolver.Target{URL:url.URL{Scheme:"dns", Opaque:"", User:(*url.Userinfo)(nil), Host:"", Path:"/localhost:6222", Fragment:"", RawQuery:"", RawPath:"", RawFragment:"", ForceQuery:false, OmitHost:false}}
[34m2026-09-16 15:26:34.932 IST 0031 INFO[0m [grpc] [34;1mAddTraceEvent[0m -> [core] [Channel #10] Channel authority set to "localhost:6222"
[34m2026-09-16 15:26:34.932 IST 0032 INFO[0m [grpc] [34;1mAddTraceEvent[0m -> [core] [Channel #10] Channel Connectivity change to CONNECTING
[34m2026-09-16 15:26:34.932 IST 0033 INFO[0m [grpc] [34;1mAddTraceEvent[0m -> [core] [Channel #10] Channel exiting idle mode
[34m2026-09-16 15:26:34.964 IST 0034 INFO[0m [grpc] [34;1mAddTraceEvent[0m -> [core] [Channel #10] Resolver state updated: {
  "Addresses": [
    {
      "Addr": "127.0.0.1:6222",
      "ServerName": "",
      "Attributes": null,
      "BalancerAttributes": null,
      "Metadata": null
    }
  ],
  "Endpoints": [
    {
      "Addresses": [
        {
          "Addr": "127.0.0.1:6222",
          "ServerName": "",
          "Attributes": null,
          "BalancerAttributes": null,
          "Metadata": null
        }
      ],
      "Attributes": null
    }
  ],
  "ServiceConfig": null,
  "Attributes": null
} (resolver returned new addresses)
[34m2026-09-16 15:26:34.964 IST 0035 INFO[0m [grpc] [34;1mAddTraceEvent[0m -> [core] [Channel #10] Channel switches to new LB policy "pick_first"
[34m2026-09-16 15:26:34.964 IST 0036 INFO[0m [grpc] [34;1mInfof[0m -> [pick-first-leaf-lb] [pick-first-leaf-lb 0xbd66d65cab0] Received new config {
  "shuffleAddressList": false
}, resolver state {
  "Addresses": [
    {
      "Addr": "127.0.0.1:6222",
      "ServerName": "",
      "Attributes": null,
      "BalancerAttributes": null,
      "Metadata": null
    }
  ],
  "Endpoints": [
    {
      "Addresses": [
        {
          "Addr": "127.0.0.1:6222",
          "ServerName": "",
          "Attributes": null,
          "BalancerAttributes": null,
          "Metadata": null
        }
      ],
      "Attributes": null
    }
  ],
  "ServiceConfig": null,
  "Attributes": null
}
[34m2026-09-16 15:26:34.964 IST 0037 INFO[0m [grpc] [34;1mAddTraceEvent[0m -> [core] [Channel #10 SubChannel #11] Subchannel created
[34m2026-09-16 15:26:34.964 IST 0038 INFO[0m [grpc] [34;1mAddTraceEvent[0m -> [core] [Channel #10 SubChannel #11] Subchannel Connectivity change to CONNECTING
[34m2026-09-16 15:26:34.964 IST 0039 INFO[0m [grpc] [34;1mAddTraceEvent[0m -> [core] [Channel #10 SubChannel #11] Subchannel picks a new address "127.0.0.1:6222" to connect
[34m2026-09-16 15:26:34.964 IST 003a INFO[0m [grpc] [34;1mAddTraceEvent[0m -> [core] [Channel #10 SubChannel #11] Subchannel Connectivity change to READY
[34m2026-09-16 15:26:34.964 IST 003b INFO[0m [grpc] [34;1mInfof[0m -> [pick-first-leaf-lb] [pick-first-leaf-lb 0xbd66d65cab0] SubConn 0xbd66e79caa0 reported connectivity state READY and the health listener is disabled. Transitioning SubConn to READY.
[34m2026-09-16 15:26:34.964 IST 003c INFO[0m [grpc] [34;1mAddTraceEvent[0m -> [core] [Channel #10] Channel Connectivity change to READY
[34m2026-09-16 15:26:34.970 IST 003d INFO[0m [grpc] [34;1mInfof[0m -> [core] original dial target is: "localhost:6322"
[34m2026-09-16 15:26:34.970 IST 003e INFO[0m [grpc] [34;1mAddTraceEvent[0m -> [core] [Channel #13] Channel created for target "localhost:6322"
[34m2026-09-16 15:26:34.970 IST 003f INFO[0m [grpc] [34;1mAddTraceEvent[0m -> [core] [Channel #13] parsed dial target is: resolver.Target{URL:url.URL{Scheme:"dns", Opaque:"", User:(*url.Userinfo)(nil), Host:"", Path:"/localhost:6322", Fragment:"", RawQuery:"", RawPath:"", RawFragment:"", ForceQuery:false, OmitHost:false}}
[34m2026-09-16 15:26:34.970 IST 0040 INFO[0m [grpc] [34;1mAddTraceEvent[0m -> [core] [Channel #13] Channel authority set to "localhost:6322"
[34m2026-09-16 15:26:34.970 IST 0041 INFO[0m [grpc] [34;1mAddTraceEvent[0m -> [core] [Channel #13] Channel Connectivity change to CONNECTING
[34m2026-09-16 15:26:34.970 IST 0042 INFO[0m [grpc] [34;1mAddTraceEvent[0m -> [core] [Channel #13] Channel exiting idle mode
[34m2026-09-16 15:26:35.044 IST 0043 INFO[0m [grpc] [34;1mAddTraceEvent[0m -> [core] [Channel #13] Resolver state updated: {
  "Addresses": [
    {
      "Addr": "127.0.0.1:6322",
      "ServerName": "",
      "Attributes": null,
      "BalancerAttributes": null,
      "Metadata": null
    }
  ],
  "Endpoints": [
    {
      "Addresses": [
        {
          "Addr": "127.0.0.1:6322",
          "ServerName": "",
          "Attributes": null,
          "BalancerAttributes": null,
          "Metadata": null
        }
      ],
      "Attributes": null
    }
  ],
  "ServiceConfig": null,
  "Attributes": null
} (resolver returned new addresses)
[34m2026-09-16 15:26:35.044 IST 0044 INFO[0m [grpc] [34;1mAddTraceEvent[0m -> [core] [Channel #13] Channel switches to new LB policy "pick_first"
[34m2026-09-16 15:26:35.044 IST 0045 INFO[0m [grpc] [34;1mInfof[0m -> [pick-first-leaf-lb] [pick-first-leaf-lb 0xbd66d7b4480] Received new config {
  "shuffleAddressList": false
}, resolver state {
  "Addresses": [
    {
      "Addr": "127.0.0.1:6322",
      "ServerName": "",
      "Attributes": null,
      "BalancerAttributes": null,
      "Metadata": null
    }
  ],
  "Endpoints": [
    {
      "Addresses": [
        {
          "Addr": "127.0.0.1:6322",
          "ServerName": "",
          "Attributes": null,
          "BalancerAttributes": null,
          "Metadata": null
        }
      ],
      "Attributes": null
    }
  ],
  "ServiceConfig": null,
  "Attributes": null
}
[34m2026-09-16 15:26:35.044 IST 0046 INFO[0m [grpc] [34;1mAddTraceEvent[0m -> [core] [Channel #13 SubChannel #14] Subchannel created
[34m2026-09-16 15:26:35.044 IST 0047 INFO[0m [grpc] [34;1mAddTraceEvent[0m -> [core] [Channel #13 SubChannel #14] Subchannel Connectivity change to CONNECTING
[34m2026-09-16 15:26:35.044 IST 0048 INFO[0m [grpc] [34;1mAddTraceEvent[0m -> [core] [Channel #13 SubChannel #14] Subchannel picks a new address "127.0.0.1:6322" to connect
[34m2026-09-16 15:26:35.045 IST 0049 INFO[0m [grpc] [34;1mAddTraceEvent[0m -> [core] [Channel #13 SubChannel #14] Subchannel Connectivity change to READY
[34m2026-09-16 15:26:35.045 IST 004a INFO[0m [grpc] [34;1mInfof[0m -> [pick-first-leaf-lb] [pick-first-leaf-lb 0xbd66d7b4480] SubConn 0xbd66ea6a960 reported connectivity state READY and the health listener is disabled. Transitioning SubConn to READY.
[34m2026-09-16 15:26:35.045 IST 004b INFO[0m [grpc] [34;1mAddTraceEvent[0m -> [core] [Channel #13] Channel Connectivity change to READY
[34m2026-09-16 15:26:35.049 IST 004c INFO[0m [grpc] [34;1mInfof[0m -> [core] original dial target is: "localhost:7001"
[34m2026-09-16 15:26:35.049 IST 004d INFO[0m [grpc] [34;1mAddTraceEvent[0m -> [core] [Channel #16] Channel created for target "localhost:7001"
[34m2026-09-16 15:26:35.049 IST 004e INFO[0m [grpc] [34;1mAddTraceEvent[0m -> [core] [Channel #16] parsed dial target is: resolver.Target{URL:url.URL{Scheme:"dns", Opaque:"", User:(*url.Userinfo)(nil), Host:"", Path:"/localhost:7001", Fragment:"", RawQuery:"", RawPath:"", RawFragment:"", ForceQuery:false, OmitHost:false}}
[34m2026-09-16 15:26:35.049 IST 004f INFO[0m [grpc] [34;1mAddTraceEvent[0m -> [core] [Channel #16] Channel authority set to "localhost:7001"
[34m2026-09-16 15:26:35.049 IST 0050 INFO[0m [grpc] [34;1mAddTraceEvent[0m -> [core] [Channel #16] Channel Connectivity change to CONNECTING
[34m2026-09-16 15:26:35.049 IST 0051 INFO[0m [grpc] [34;1mAddTraceEvent[0m -> [core] [Channel #16] Channel exiting idle mode
[34m2026-09-16 15:26:35.090 IST 0052 INFO[0m [grpc] [34;1mAddTraceEvent[0m -> [core] [Channel #16] Resolver state updated: {
  "Addresses": [
    {
      "Addr": "127.0.0.1:7001",
      "ServerName": "",
      "Attributes": null,
      "BalancerAttributes": null,
      "Metadata": null
    }
  ],
  "Endpoints": [
    {
      "Addresses": [
        {
          "Addr": "127.0.0.1:7001",
          "ServerName": "",
          "Attributes": null,
          "BalancerAttributes": null,
          "Metadata": null
        }
      ],
      "Attributes": null
    }
  ],
  "ServiceConfig": null,
  "Attributes": null
} (resolver returned new addresses)
[34m2026-09-16 15:26:35.090 IST 0053 INFO[0m [grpc] [34;1mAddTraceEvent[0m -> [core] [Channel #16] Channel switches to new LB policy "pick_first"
[34m2026-09-16 15:26:35.090 IST 0054 INFO[0m [grpc] [34;1mInfof[0m -> [pick-first-leaf-lb] [pick-first-leaf-lb 0xbd66d54e750] Received new config {
  "shuffleAddressList": false
}, resolver state {
  "Addresses": [
    {
      "Addr": "127.0.0.1:7001",
      "ServerName": "",
      "Attributes": null,
      "BalancerAttributes": null,
      "Metadata": null
    }
  ],
  "Endpoints": [
    {
      "Addresses": [
        {
          "Addr": "127.0.0.1:7001",
          "ServerName": "",
          "Attributes": null,
          "BalancerAttributes": null,
          "Metadata": null
        }
      ],
      "Attributes": null
    }
  ],
  "ServiceConfig": null,
  "Attributes": null
}
[34m2026-09-16 15:26:35.090 IST 0055 INFO[0m [grpc] [34;1mAddTraceEvent[0m -> [core] [Channel #16 SubChannel #17] Subchannel created
[34m2026-09-16 15:26:35.090 IST 0056 INFO[0m [grpc] [34;1mAddTraceEvent[0m -> [core] [Channel #16 SubChannel #17] Subchannel Connectivity change to CONNECTING
[34m2026-09-16 15:26:35.090 IST 0057 INFO[0m [grpc] [34;1mAddTraceEvent[0m -> [core] [Channel #16 SubChannel #17] Subchannel picks a new address "127.0.0.1:7001" to connect
[34m2026-09-16 15:26:35.091 IST 0058 INFO[0m [grpc] [34;1mAddTraceEvent[0m -> [core] [Channel #16 SubChannel #17] Subchannel Connectivity change to READY
[34m2026-09-16 15:26:35.091 IST 0059 INFO[0m [grpc] [34;1mInfof[0m -> [pick-first-leaf-lb] [pick-first-leaf-lb 0xbd66d54e750] SubConn 0xbd66f1b3680 reported connectivity state READY and the health listener is disabled. Transitioning SubConn to READY.
[34m2026-09-16 15:26:35.091 IST 005a INFO[0m [grpc] [34;1mAddTraceEvent[0m -> [core] [Channel #16] Channel Connectivity change to READY
time=2026-09-16T15:26:35.093+05:30 level=INFO msg="setup complete" platform=fabricx run=probe-sweep component=adapter routers=localhost:6022,localhost:6122,localhost:6222,localhost:6322 deliver=localhost:4001 query=localhost:7001 channel=arma namespace=0 broadcast_streams=512
time=2026-09-16T15:26:35.093+05:30 level=INFO msg="phase start" platform=fabricx run=probe-sweep phase=probe offered_tps=10 workers=0 duration=30s
time=2026-09-16T15:27:05.349+05:30 level=INFO msg="phase end" platform=fabricx run=probe-sweep phase=probe submitted=300 committed=300 confirmed_tps=10.0 fail_rate=0.0000 e2e_p99_ms=914.43
time=2026-09-16T15:27:05.349+05:30 level=INFO msg="phase start" platform=fabricx run=probe-sweep phase=sweep-100 offered_tps=100 workers=0 duration=1m0s
time=2026-09-16T15:28:05.804+05:30 level=INFO msg="phase end" platform=fabricx run=probe-sweep phase=sweep-100 submitted=1500 committed=1500 confirmed_tps=100.0 fail_rate=0.0000 e2e_p99_ms=792.58
time=2026-09-16T15:28:05.804+05:30 level=INFO msg="phase start" platform=fabricx run=probe-sweep phase=sweep-250 offered_tps=250 workers=0 duration=1m0s
time=2026-09-16T15:29:06.783+05:30 level=INFO msg="phase end" platform=fabricx run=probe-sweep phase=sweep-250 submitted=3750 committed=3750 confirmed_tps=250.0 fail_rate=0.0000 e2e_p99_ms=985.60
time=2026-09-16T15:29:06.783+05:30 level=INFO msg="phase start" platform=fabricx run=probe-sweep phase=sweep-500 offered_tps=500 workers=0 duration=1m0s
time=2026-09-16T15:30:07.193+05:30 level=INFO msg="phase end" platform=fabricx run=probe-sweep phase=sweep-500 submitted=7500 committed=7500 confirmed_tps=500.0 fail_rate=0.0000 e2e_p99_ms=1012.22
time=2026-09-16T15:30:07.193+05:30 level=INFO msg="phase start" platform=fabricx run=probe-sweep phase=sweep-1000 offered_tps=1000 workers=0 duration=1m0s
time=2026-09-16T15:31:07.649+05:30 level=INFO msg="phase end" platform=fabricx run=probe-sweep phase=sweep-1000 submitted=15000 committed=15000 confirmed_tps=1000.0 fail_rate=0.0000 e2e_p99_ms=904.19
time=2026-09-16T15:31:07.649+05:30 level=INFO msg="phase start" platform=fabricx run=probe-sweep phase=sweep-2000 offered_tps=2000 workers=0 duration=1m0s
time=2026-09-16T15:32:08.269+05:30 level=INFO msg="phase end" platform=fabricx run=probe-sweep phase=sweep-2000 submitted=30000 committed=30000 confirmed_tps=2000.0 fail_rate=0.0000 e2e_p99_ms=755.20
time=2026-09-16T15:32:08.269+05:30 level=INFO msg="phase start" platform=fabricx run=probe-sweep phase=sweep-3500 offered_tps=3500 workers=0 duration=1m0s
time=2026-09-16T15:33:09.197+05:30 level=INFO msg="phase end" platform=fabricx run=probe-sweep phase=sweep-3500 submitted=52500 committed=52500 confirmed_tps=3500.0 fail_rate=0.0000 e2e_p99_ms=679.94
time=2026-09-16T15:33:09.197+05:30 level=INFO msg="phase start" platform=fabricx run=probe-sweep phase=sweep-5000 offered_tps=5000 workers=0 duration=1m0s
time=2026-09-16T15:34:10.248+05:30 level=INFO msg="phase end" platform=fabricx run=probe-sweep phase=sweep-5000 submitted=75000 committed=75000 confirmed_tps=5000.0 fail_rate=0.0000 e2e_p99_ms=652.29
time=2026-09-16T15:34:10.248+05:30 level=INFO msg="phase start" platform=fabricx run=probe-sweep phase=sweep-7500 offered_tps=7500 workers=0 duration=1m0s
time=2026-09-16T15:35:11.426+05:30 level=INFO msg="phase end" platform=fabricx run=probe-sweep phase=sweep-7500 submitted=112500 committed=112500 confirmed_tps=7500.0 fail_rate=0.0000 e2e_p99_ms=726.53
time=2026-09-16T15:35:11.426+05:30 level=INFO msg="phase start" platform=fabricx run=probe-sweep phase=sweep-10000 offered_tps=10000 workers=0 duration=1m0s
time=2026-09-16T15:36:12.907+05:30 level=INFO msg="phase end" platform=fabricx run=probe-sweep phase=sweep-10000 submitted=150000 committed=150000 confirmed_tps=10000.0 fail_rate=0.0000 e2e_p99_ms=750.08
time=2026-09-16T15:36:12.907+05:30 level=INFO msg="phase start" platform=fabricx run=probe-sweep phase=sweep-15000 offered_tps=15000 workers=0 duration=1m0s
time=2026-09-16T15:37:14.996+05:30 level=INFO msg="phase end" platform=fabricx run=probe-sweep phase=sweep-15000 submitted=225000 committed=225000 confirmed_tps=15000.0 fail_rate=0.0000 e2e_p99_ms=859.14
time=2026-09-16T15:37:14.996+05:30 level=INFO msg="phase start" platform=fabricx run=probe-sweep phase=hold offered_tps=13500 workers=0 duration=5m0s
time=2026-09-16T15:42:41.281+05:30 level=INFO msg="phase end" platform=fabricx run=probe-sweep phase=hold submitted=3442500 committed=2947317 confirmed_tps=11558.1 fail_rate=0.1438 e2e_p99_ms=27033.60
time=2026-09-16T15:42:41.281+05:30 level=WARN msg="phase errors" platform=fabricx run=probe-sweep phase=hold count=495183 message="not sent: N transactions already in flight (platform is not finalizing)"
time=2026-09-16T15:42:41.281+05:30 level=WARN msg=caveat platform=fabricx run=probe-sweep text="every sweep step held: the platform did not saturate within the ladder, so 15000 TPS is a lower bound on its knee, not the knee"
time=2026-09-16T15:42:42.431+05:30 level=WARN msg=caveat platform=fabricx run=probe-sweep text="native metrics scrape of http://localhost:9643/metrics failed: scrape http://localhost:9643/metrics: parser panic: Invalid name validation scheme requested: unset (informational metrics only; harness numbers unaffected)"
time=2026-09-16T15:42:42.434+05:30 level=INFO msg="run finished" platform=fabricx run=probe-sweep out_dir=results/fabricx/20260916-152634 caveats=3
results written to results/fabricx/20260916-152634
[34m2026-09-16 15:42:42.435 IST 005b INFO[0m [grpc] [34;1mAddTraceEvent[0m -> [core] [Channel #4] Channel Connectivity change to SHUTDOWN
[34m2026-09-16 15:42:42.436 IST 005c INFO[0m [grpc] [34;1mAddTraceEvent[0m -> [core] [Channel #4] Closing the name resolver
[34m2026-09-16 15:42:42.436 IST 005d INFO[0m [grpc] [34;1mAddTraceEvent[0m -> [core] [Channel #4] ccBalancerWrapper: closing
[34m2026-09-16 15:42:42.437 IST 005e INFO[0m [grpc] [34;1mAddTraceEvent[0m -> [core] [Channel #4 SubChannel #5] Subchannel Connectivity change to SHUTDOWN
[34m2026-09-16 15:42:42.437 IST 005f INFO[0m [grpc] [34;1mAddTraceEvent[0m -> [core] [Channel #4 SubChannel #5] Subchannel deleted
[34m2026-09-16 15:42:42.437 IST 0060 INFO[0m [grpc] [34;1mInfof[0m -> [transport] [client-transport 0xbd66d654d88] Closing: rpc error: code = Canceled desc = grpc: the client connection is closing
[34m2026-09-16 15:42:42.437 IST 0061 INFO[0m [grpc] [34;1mInfof[0m -> [transport] [client-transport 0xbd66d654d88] loopyWriter exiting with error: rpc error: code = Canceled desc = grpc: the client connection is closing
[34m2026-09-16 15:42:42.437 IST 0062 INFO[0m [grpc] [34;1mAddTraceEvent[0m -> [core] [Channel #4] Channel deleted
[34m2026-09-16 15:42:42.437 IST 0063 INFO[0m [grpc] [34;1mAddTraceEvent[0m -> [core] [Channel #7] Channel Connectivity change to SHUTDOWN
[34m2026-09-16 15:42:42.437 IST 0064 INFO[0m [grpc] [34;1mAddTraceEvent[0m -> [core] [Channel #7] Closing the name resolver
[34m2026-09-16 15:42:42.438 IST 0065 INFO[0m [grpc] [34;1mAddTraceEvent[0m -> [core] [Channel #7] ccBalancerWrapper: closing
[34m2026-09-16 15:42:42.438 IST 0066 INFO[0m [grpc] [34;1mAddTraceEvent[0m -> [core] [Channel #7 SubChannel #8] Subchannel Connectivity change to SHUTDOWN
[34m2026-09-16 15:42:42.438 IST 0067 INFO[0m [grpc] [34;1mAddTraceEvent[0m -> [core] [Channel #7 SubChannel #8] Subchannel deleted
[34m2026-09-16 15:42:42.438 IST 0068 INFO[0m [grpc] [34;1mInfof[0m -> [transport] [client-transport 0xbd66d654fc8] Closing: rpc error: code = Canceled desc = grpc: the client connection is closing
[34m2026-09-16 15:42:42.438 IST 0069 INFO[0m [grpc] [34;1mInfof[0m -> [transport] [client-transport 0xbd66d654fc8] loopyWriter exiting with error: rpc error: code = Canceled desc = grpc: the client connection is closing
[34m2026-09-16 15:42:42.438 IST 006a INFO[0m [grpc] [34;1mAddTraceEvent[0m -> [core] [Channel #7] Channel deleted
[34m2026-09-16 15:42:42.439 IST 006b INFO[0m [grpc] [34;1mAddTraceEvent[0m -> [core] [Channel #10] Channel Connectivity change to SHUTDOWN
[34m2026-09-16 15:42:42.439 IST 006c INFO[0m [grpc] [34;1mAddTraceEvent[0m -> [core] [Channel #10] Closing the name resolver
[34m2026-09-16 15:42:42.439 IST 006d INFO[0m [grpc] [34;1mAddTraceEvent[0m -> [core] [Channel #10] ccBalancerWrapper: closing
[34m2026-09-16 15:42:42.439 IST 006e INFO[0m [grpc] [34;1mAddTraceEvent[0m -> [core] [Channel #10 SubChannel #11] Subchannel Connectivity change to SHUTDOWN
[34m2026-09-16 15:42:42.439 IST 006f INFO[0m [grpc] [34;1mAddTraceEvent[0m -> [core] [Channel #10 SubChannel #11] Subchannel deleted
[34m2026-09-16 15:42:42.439 IST 0070 INFO[0m [grpc] [34;1mInfof[0m -> [transport] [client-transport 0xbd66d655448] Closing: rpc error: code = Canceled desc = grpc: the client connection is closing
[34m2026-09-16 15:42:42.440 IST 0071 INFO[0m [grpc] [34;1mInfof[0m -> [transport] [client-transport 0xbd66d655448] loopyWriter exiting with error: rpc error: code = Canceled desc = grpc: the client connection is closing
[34m2026-09-16 15:42:42.440 IST 0072 INFO[0m [grpc] [34;1mAddTraceEvent[0m -> [core] [Channel #10] Channel deleted
[34m2026-09-16 15:42:42.440 IST 0073 INFO[0m [grpc] [34;1mAddTraceEvent[0m -> [core] [Channel #13] Channel Connectivity change to SHUTDOWN
[34m2026-09-16 15:42:42.441 IST 0074 INFO[0m [grpc] [34;1mAddTraceEvent[0m -> [core] [Channel #13] Closing the name resolver
[34m2026-09-16 15:42:42.441 IST 0075 INFO[0m [grpc] [34;1mAddTraceEvent[0m -> [core] [Channel #13] ccBalancerWrapper: closing
[34m2026-09-16 15:42:42.441 IST 0076 INFO[0m [grpc] [34;1mAddTraceEvent[0m -> [core] [Channel #13 SubChannel #14] Subchannel Connectivity change to SHUTDOWN
[34m2026-09-16 15:42:42.441 IST 0077 INFO[0m [grpc] [34;1mAddTraceEvent[0m -> [core] [Channel #13 SubChannel #14] Subchannel deleted
[34m2026-09-16 15:42:42.441 IST 0078 INFO[0m [grpc] [34;1mInfof[0m -> [transport] [client-transport 0xbd66d7186c8] Closing: rpc error: code = Canceled desc = grpc: the client connection is closing
[34m2026-09-16 15:42:42.441 IST 0079 INFO[0m [grpc] [34;1mInfof[0m -> [transport] [client-transport 0xbd66d7186c8] loopyWriter exiting with error: rpc error: code = Canceled desc = grpc: the client connection is closing
[34m2026-09-16 15:42:42.441 IST 007a INFO[0m [grpc] [34;1mAddTraceEvent[0m -> [core] [Channel #13] Channel deleted
[34m2026-09-16 15:42:42.441 IST 007b INFO[0m [grpc] [34;1mAddTraceEvent[0m -> [core] [Channel #1] Channel Connectivity change to SHUTDOWN
[34m2026-09-16 15:42:42.441 IST 007c INFO[0m [grpc] [34;1mAddTraceEvent[0m -> [core] [Channel #1] Closing the name resolver
[34m2026-09-16 15:42:42.441 IST 007d INFO[0m [grpc] [34;1mAddTraceEvent[0m -> [core] [Channel #1] ccBalancerWrapper: closing
[34m2026-09-16 15:42:42.441 IST 007e INFO[0m [grpc] [34;1mAddTraceEvent[0m -> [core] [Channel #1 SubChannel #2] Subchannel Connectivity change to SHUTDOWN
[34m2026-09-16 15:42:42.441 IST 007f INFO[0m [grpc] [34;1mAddTraceEvent[0m -> [core] [Channel #1 SubChannel #2] Subchannel deleted
[34m2026-09-16 15:42:42.441 IST 0080 INFO[0m [grpc] [34;1mInfof[0m -> [transport] [client-transport 0xbd66d718488] Closing: rpc error: code = Canceled desc = grpc: the client connection is closing
[34m2026-09-16 15:42:42.441 IST 0081 INFO[0m [grpc] [34;1mInfof[0m -> [transport] [client-transport 0xbd66d718488] loopyWriter exiting with error: rpc error: code = Canceled desc = grpc: the client connection is closing
[34m2026-09-16 15:42:42.441 IST 0082 INFO[0m [grpc] [34;1mAddTraceEvent[0m -> [core] [Channel #1] Channel deleted
[34m2026-09-16 15:42:42.441 IST 0083 INFO[0m [grpc] [34;1mAddTraceEvent[0m -> [core] [Channel #16] Channel Connectivity change to SHUTDOWN
[34m2026-09-16 15:42:42.441 IST 0084 INFO[0m [grpc] [34;1mAddTraceEvent[0m -> [core] [Channel #16] Closing the name resolver
[34m2026-09-16 15:42:42.441 IST 0085 INFO[0m [grpc] [34;1mAddTraceEvent[0m -> [core] [Channel #16] ccBalancerWrapper: closing
[34m2026-09-16 15:42:42.441 IST 0086 INFO[0m [grpc] [34;1mAddTraceEvent[0m -> [core] [Channel #16 SubChannel #17] Subchannel Connectivity change to SHUTDOWN
[34m2026-09-16 15:42:42.441 IST 0087 INFO[0m [grpc] [34;1mAddTraceEvent[0m -> [core] [Channel #16 SubChannel #17] Subchannel deleted
[34m2026-09-16 15:42:42.441 IST 0088 INFO[0m [grpc] [34;1mInfof[0m -> [transport] [client-transport 0xbd66d470008] Closing: rpc error: code = Canceled desc = grpc: the client connection is closing
[34m2026-09-16 15:42:42.441 IST 0089 INFO[0m [grpc] [34;1mInfof[0m -> [transport] [client-transport 0xbd66d470008] loopyWriter exiting with error: rpc error: code = Canceled desc = grpc: the client connection is closing
[34m2026-09-16 15:42:42.441 IST 008a INFO[0m [grpc] [34;1mAddTraceEvent[0m -> [core] [Channel #16] Channel deleted
monitoring report: results/fabricx/20260916-152634/monitoring-report.html
run book: results/index.html
-- capture fabricx
capture: 13 containers -> /home/chad/Projects/bench/results/_campaigns/20260916T091448Z-local-32gb/fabricx/fabricx/capture
-- teardown fabricx
[deploy 15:42:58] WARN: could not drop page cache (needs root); continuing
[deploy 15:42:58] fabricx down
==================== neuchain : configs/native/neuchain.yaml ====================
-- isolation: prune stopped containers + drop page cache
   (page cache not dropped: needs passwordless sudo)
-- deploy neuchain
[deploy 15:43:02] WARN: could not drop page cache (needs root); continuing
 Network bench-neuchain_nc Creating 
 Network bench-neuchain_nc Creating 
 Network bench-neuchain_nc Created 
 Network bench-neuchain_nc Created 
 Container bench-neuchain-block-server-3 Creating 
 Container bench-neuchain-block-server-0 Creating 
 Container bench-neuchain-block-server-2 Creating 
 Container bench-neuchain-block-server-1 Creating 
 Container bench-neuchain-block-server-3 Created 
 Container bench-neuchain-block-server-1 Created 
 Container bench-neuchain-block-server-2 Created 
 Container bench-neuchain-block-server-0 Created 
 Container bench-neuchain-block-server-1 Starting 
 Container bench-neuchain-block-server-2 Starting 
 Container bench-neuchain-block-server-3 Starting 
 Container bench-neuchain-block-server-0 Starting 
 Container bench-neuchain-block-server-2 Started 
 Container bench-neuchain-block-server-0 Started 
 Container bench-neuchain-block-server-3 Started 
 Container bench-neuchain-block-server-1 Started 
[deploy 15:43:03] waiting up to 120s for block server 0 query port :7003
[deploy 15:43:03] block server 0 query port :7003: ready after 0s
[deploy 15:43:03] waiting up to 60s for block server 0 submit port :5001
[deploy 15:43:03] block server 0 submit port :5001: ready after 0s
[deploy 15:43:03] waiting up to 120s for block server 1 query port :7013
[deploy 15:43:03] block server 1 query port :7013: ready after 0s
[deploy 15:43:03] waiting up to 60s for block server 1 submit port :5011
[deploy 15:43:03] block server 1 submit port :5011: ready after 0s
[deploy 15:43:03] waiting up to 120s for block server 2 query port :7023
[deploy 15:43:03] block server 2 query port :7023: ready after 0s
[deploy 15:43:03] waiting up to 60s for block server 2 submit port :5021
[deploy 15:43:03] block server 2 submit port :5021: ready after 0s
[deploy 15:43:03] waiting up to 120s for block server 3 query port :7033
[deploy 15:43:03] block server 3 query port :7033: ready after 0s
[deploy 15:43:03] waiting up to 60s for block server 3 submit port :5031
[deploy 15:43:03] block server 3 submit port :5031: ready after 0s
[deploy 15:43:03] waiting 5s for NeuChain ZMQ sockets to accept handshakes
[deploy 15:43:08] resource budget for neuchain: 18 CPU / 20 GB across 4 containers = 4.50 CPU each; memory by role weight (peer=4 statedb=4 orderer=2 other=1, total weight 16)
[deploy 15:43:09]   bench-neuchain-block-server-0  (peer) 5120m
[deploy 15:43:09]   bench-neuchain-block-server-1  (peer) 5120m
[deploy 15:43:10]   bench-neuchain-block-server-2  (peer) 5120m
[deploy 15:43:10]   bench-neuchain-block-server-3  (peer) 5120m
[deploy 15:43:10] neuchain up: 4 block servers + 4 co-located epoch servers (image bench/neuchain:ev, patched build)
-- run configs/native/neuchain.yaml on neuchain
time=2026-09-16T15:43:10.896+05:30 level=INFO msg="run starting" platform=neuchain run=probe-sweep workload=kv-write profile=local-32gb normalized=false out_dir=results/neuchain/20260916-154310
time=2026-09-16T15:43:10.896+05:30 level=WARN msg=caveat platform=neuchain run=probe-sweep text="neuchain native run is shortened to stay under the upstream epoch-10000 crash (nodes SIGSEGV together; see docs/REMAINING-WORK.md)"
time=2026-09-16T15:43:10.896+05:30 level=INFO msg="adapter setup" platform=neuchain run=probe-sweep
time=2026-09-16T15:43:11.102+05:30 level=INFO msg="setup complete" platform=neuchain run=probe-sweep component=adapter block_servers="[localhost:5001 localhost:5011 localhost:5021 localhost:5031]" query=localhost:7003 tip=0 start_block=1 poll_interval=50ms
time=2026-09-16T15:43:11.102+05:30 level=INFO msg="phase start" platform=neuchain run=probe-sweep phase=probe offered_tps=10 workers=0 duration=30s
time=2026-09-16T15:43:41.556+05:30 level=INFO msg="phase end" platform=neuchain run=probe-sweep phase=probe submitted=50 committed=50 confirmed_tps=10.0 fail_rate=0.0000 e2e_p99_ms=485.38
time=2026-09-16T15:43:41.556+05:30 level=INFO msg="phase start" platform=neuchain run=probe-sweep phase=sweep-100 offered_tps=100 workers=0 duration=30s
time=2026-09-16T15:44:11.856+05:30 level=INFO msg="phase end" platform=neuchain run=probe-sweep phase=sweep-100 submitted=500 committed=500 confirmed_tps=100.0 fail_rate=0.0000 e2e_p99_ms=302.85
time=2026-09-16T15:44:11.856+05:30 level=INFO msg="phase start" platform=neuchain run=probe-sweep phase=sweep-250 offered_tps=250 workers=0 duration=30s
time=2026-09-16T15:44:42.256+05:30 level=INFO msg="phase end" platform=neuchain run=probe-sweep phase=sweep-250 submitted=1250 committed=1250 confirmed_tps=250.0 fail_rate=0.0000 e2e_p99_ms=280.58
time=2026-09-16T15:44:42.256+05:30 level=INFO msg="phase start" platform=neuchain run=probe-sweep phase=sweep-500 offered_tps=500 workers=0 duration=30s
time=2026-09-16T15:45:12.558+05:30 level=INFO msg="phase end" platform=neuchain run=probe-sweep phase=sweep-500 submitted=2500 committed=2500 confirmed_tps=500.0 fail_rate=0.0000 e2e_p99_ms=295.94
time=2026-09-16T15:45:12.558+05:30 level=INFO msg="phase start" platform=neuchain run=probe-sweep phase=sweep-1000 offered_tps=1000 workers=0 duration=30s
time=2026-09-16T15:45:42.867+05:30 level=INFO msg="phase end" platform=neuchain run=probe-sweep phase=sweep-1000 submitted=5000 committed=4999 confirmed_tps=999.8 fail_rate=0.0002 e2e_p99_ms=262.91
time=2026-09-16T15:45:42.867+05:30 level=WARN msg="phase errors" platform=neuchain run=probe-sweep phase=sweep-1000 count=1 message="committed invalid"
time=2026-09-16T15:45:42.867+05:30 level=INFO msg="phase start" platform=neuchain run=probe-sweep phase=sweep-2000 offered_tps=2000 workers=0 duration=30s
time=2026-09-16T15:46:13.382+05:30 level=INFO msg="phase end" platform=neuchain run=probe-sweep phase=sweep-2000 submitted=10000 committed=9990 confirmed_tps=1998.0 fail_rate=0.0010 e2e_p99_ms=257.41
time=2026-09-16T15:46:13.382+05:30 level=WARN msg="phase errors" platform=neuchain run=probe-sweep phase=sweep-2000 count=10 message="committed invalid"
time=2026-09-16T15:46:13.382+05:30 level=INFO msg="phase start" platform=neuchain run=probe-sweep phase=sweep-3500 offered_tps=3500 workers=0 duration=30s
time=2026-09-16T15:46:43.810+05:30 level=INFO msg="phase end" platform=neuchain run=probe-sweep phase=sweep-3500 submitted=17500 committed=17479 confirmed_tps=3495.8 fail_rate=0.0012 e2e_p99_ms=273.66
time=2026-09-16T15:46:43.810+05:30 level=WARN msg="phase errors" platform=neuchain run=probe-sweep phase=sweep-3500 count=21 message="committed invalid"
time=2026-09-16T15:46:43.810+05:30 level=INFO msg="phase start" platform=neuchain run=probe-sweep phase=sweep-5000 offered_tps=5000 workers=0 duration=30s
time=2026-09-16T15:47:14.276+05:30 level=INFO msg="phase end" platform=neuchain run=probe-sweep phase=sweep-5000 submitted=25000 committed=24970 confirmed_tps=4994.0 fail_rate=0.0012 e2e_p99_ms=288.00
time=2026-09-16T15:47:14.276+05:30 level=WARN msg="phase errors" platform=neuchain run=probe-sweep phase=sweep-5000 count=30 message="committed invalid"
time=2026-09-16T15:47:14.276+05:30 level=INFO msg="phase start" platform=neuchain run=probe-sweep phase=sweep-7500 offered_tps=7500 workers=0 duration=30s
time=2026-09-16T15:47:44.855+05:30 level=INFO msg="phase end" platform=neuchain run=probe-sweep phase=sweep-7500 submitted=37500 committed=37417 confirmed_tps=7483.4 fail_rate=0.0022 e2e_p99_ms=286.98
time=2026-09-16T15:47:44.855+05:30 level=WARN msg="phase errors" platform=neuchain run=probe-sweep phase=sweep-7500 count=83 message="committed invalid"
time=2026-09-16T15:47:44.855+05:30 level=INFO msg="phase start" platform=neuchain run=probe-sweep phase=sweep-10000 offered_tps=10000 workers=0 duration=30s
time=2026-09-16T15:48:15.635+05:30 level=INFO msg="phase end" platform=neuchain run=probe-sweep phase=sweep-10000 submitted=50000 committed=49862 confirmed_tps=9972.4 fail_rate=0.0028 e2e_p99_ms=298.75
time=2026-09-16T15:48:15.635+05:30 level=WARN msg="phase errors" platform=neuchain run=probe-sweep phase=sweep-10000 count=138 message="committed invalid"
time=2026-09-16T15:48:15.635+05:30 level=INFO msg="phase start" platform=neuchain run=probe-sweep phase=hold offered_tps=9000 workers=0 duration=1m30s
time=2026-09-16T15:49:46.955+05:30 level=INFO msg="phase end" platform=neuchain run=probe-sweep phase=hold submitted=585000 committed=583649 confirmed_tps=8979.2 fail_rate=0.0023 e2e_p99_ms=287.74
time=2026-09-16T15:49:46.955+05:30 level=WARN msg="phase errors" platform=neuchain run=probe-sweep phase=hold count=1351 message="committed invalid"
time=2026-09-16T15:49:46.955+05:30 level=WARN msg=caveat platform=neuchain run=probe-sweep text="every sweep step held: the platform did not saturate within the ladder, so 10000 TPS is a lower bound on its knee, not the knee"
time=2026-09-16T15:49:47.146+05:30 level=INFO msg="run finished" platform=neuchain run=probe-sweep out_dir=results/neuchain/20260916-154310 caveats=2
results written to results/neuchain/20260916-154310
monitoring report: results/neuchain/20260916-154310/monitoring-report.html
run book: results/index.html
-- capture neuchain
capture: 13 containers -> /home/chad/Projects/bench/results/_campaigns/20260916T091448Z-local-32gb/neuchain/neuchain/capture
-- teardown neuchain
 Container bench-neuchain-block-server-3 Stopping 
 Container bench-neuchain-block-server-1 Stopping 
 Container bench-neuchain-block-server-0 Stopping 
 Container bench-neuchain-block-server-2 Stopping 
 Container bench-neuchain-block-server-2 Stopped 
 Container bench-neuchain-block-server-2 Removing 
 Container bench-neuchain-block-server-2 Removed 
 Container bench-neuchain-block-server-0 Stopped 
 Container bench-neuchain-block-server-0 Removing 
 Container bench-neuchain-block-server-0 Removed 
 Container bench-neuchain-block-server-1 Stopped 
 Container bench-neuchain-block-server-1 Removing 
 Container bench-neuchain-block-server-3 Stopped 
 Container bench-neuchain-block-server-3 Removing 
 Container bench-neuchain-block-server-1 Removed 
 Container bench-neuchain-block-server-3 Removed 
 Network bench-neuchain_nc Removing 
 Network bench-neuchain_nc Removed 
[deploy 15:50:05] WARN: could not drop page cache (needs root); continuing
[deploy 15:50:05] neuchain down (image and .cache/crypto kept; 'docker rmi' / rm -rf .cache to reclaim)
==================== report ====================
wrote /home/chad/Projects/bench/results/_campaigns/20260916T091448Z-local-32gb/comparison.html
[run-all 15:50:05] wrote /home/chad/Projects/bench/results/_campaigns/20260916T091448Z-local-32gb/comparison.html (this campaign's runs only)
==================== summary ====================
platform    config      stage  status  reason  dir
fabric-cft  fabric-cft  run    ok              fabric-cft/fabric-cft
fabric-bft  fabric-bft  run    ok              fabric-bft/fabric-bft
drunix      drunix      run    ok              drunix/drunix
fabricx     fabricx     run    ok              fabricx/fabricx
neuchain    neuchain    run    ok              neuchain/neuchain
logs: /home/chad/Projects/bench/results/_campaigns/20260916T091448Z-local-32gb/<platform>/<config>/{deploy,run,teardown}.log, capture/
run details: results/<platform>/<timestamp>/{summary.txt,run.log,error.txt}
what each status means and how to triage: docs/README.md#troubleshooting
[run-all 15:50:05] campaign finished with no failures
