2026-09-16T03:47:29.315931483Z [34m2026-09-16 03:47:29.315 UTC 0002 INFO[0m [ReadConfigAssembler] [34;1mapplyGeneralDefaults[0m -> General.Cluster.RPCTimeout is not set, using default value: 1m0s
2026-09-16T03:47:29.315932566Z [34m2026-09-16 03:47:29.315 UTC 0002 INFO[0m [ReadConfigAssembler] [34;1mapplyGeneralDefaults[0m -> General.Cluster.RPCTimeout is not set, using default value: 1m0s
2026-09-16T03:47:29.315933481Z [34m2026-09-16 03:47:29.315 UTC 0003 INFO[0m [ReadConfigAssembler] [34;1mapplyGeneralDefaults[0m -> General.Cluster.ReplicationBufferSize is not set, using default value: 52428800
2026-09-16T03:47:29.315934371Z [34m2026-09-16 03:47:29.315 UTC 0003 INFO[0m [ReadConfigAssembler] [34;1mapplyGeneralDefaults[0m -> General.Cluster.ReplicationBufferSize is not set, using default value: 52428800
2026-09-16T03:47:29.315935218Z [34m2026-09-16 03:47:29.315 UTC 0004 INFO[0m [ReadConfigAssembler] [34;1mapplyGeneralDefaults[0m -> General.Cluster.ReplicationMaxRetryInterval is not set, using default value: 10s
2026-09-16T03:47:29.315936060Z [34m2026-09-16 03:47:29.315 UTC 0004 INFO[0m [ReadConfigAssembler] [34;1mapplyGeneralDefaults[0m -> General.Cluster.ReplicationMaxRetryInterval is not set, using default value: 10s
2026-09-16T03:47:29.315936940Z [34m2026-09-16 03:47:29.315 UTC 0005 INFO[0m [ReadConfigAssembler] [34;1mapplyGeneralDefaults[0m -> General.Cluster.ReplicationMinRetryInterval is not set, using default value: 200ms
2026-09-16T03:47:29.315946902Z [34m2026-09-16 03:47:29.315 UTC 0005 INFO[0m [ReadConfigAssembler] [34;1mapplyGeneralDefaults[0m -> General.Cluster.ReplicationMinRetryInterval is not set, using default value: 200ms
2026-09-16T03:47:29.315948115Z [34m2026-09-16 03:47:29.315 UTC 0006 INFO[0m [ReadConfigAssembler] [34;1mapplyGeneralDefaults[0m -> General.Cluster.ReplicationMaxRetryDuration is not set, using default value: 1m0s
2026-09-16T03:47:29.315950144Z [34m2026-09-16 03:47:29.315 UTC 0006 INFO[0m [ReadConfigAssembler] [34;1mapplyGeneralDefaults[0m -> General.Cluster.ReplicationMaxRetryDuration is not set, using default value: 1m0s
2026-09-16T03:47:29.315951128Z [34m2026-09-16 03:47:29.315 UTC 0007 INFO[0m [ReadConfigAssembler] [34;1mapplyGeneralDefaults[0m -> General.Cluster.CertExpirationWarningThreshold is not set, using default value: 168h0m0s
2026-09-16T03:47:29.315952111Z [34m2026-09-16 03:47:29.315 UTC 0007 INFO[0m [ReadConfigAssembler] [34;1mapplyGeneralDefaults[0m -> General.Cluster.CertExpirationWarningThreshold is not set, using default value: 168h0m0s
2026-09-16T03:47:29.315953013Z [34m2026-09-16 03:47:29.315 UTC 0008 INFO[0m [ReadConfigAssembler] [34;1mapplyGeneralDefaults[0m -> General.Cluster client TLS credentials are not set, using General.TLS credentials
2026-09-16T03:47:29.315953827Z [34m2026-09-16 03:47:29.315 UTC 0008 INFO[0m [ReadConfigAssembler] [34;1mapplyGeneralDefaults[0m -> General.Cluster client TLS credentials are not set, using General.TLS credentials
2026-09-16T03:47:29.315954644Z [34m2026-09-16 03:47:29.315 UTC 0009 INFO[0m [ReadConfigAssembler] [34;1mapplyNodeDefaults[0m -> General.Cluster.ReplicationPolicy is not set, using default value: assembler
2026-09-16T03:47:29.315955481Z [34m2026-09-16 03:47:29.315 UTC 0009 INFO[0m [ReadConfigAssembler] [34;1mapplyNodeDefaults[0m -> General.Cluster.ReplicationPolicy is not set, using default value: assembler
2026-09-16T03:47:29.315956279Z [34m2026-09-16 03:47:29.315 UTC 0001 INFO[0m [ReadConfigAssembler] [34;1mapplyGeneralDefaults[0m -> General.Cluster.SendBufferSize is not set, using default value: 2000
2026-09-16T03:47:29.315957083Z [34m2026-09-16 03:47:29.315 UTC 0002 INFO[0m [ReadConfigAssembler] [34;1mapplyGeneralDefaults[0m -> General.Cluster.RPCTimeout is not set, using default value: 1m0s
2026-09-16T03:47:29.315957869Z [34m2026-09-16 03:47:29.315 UTC 0003 INFO[0m [ReadConfigAssembler] [34;1mapplyGeneralDefaults[0m -> General.Cluster.ReplicationBufferSize is not set, using default value: 52428800
2026-09-16T03:47:29.315958671Z [34m2026-09-16 03:47:29.315 UTC 0004 INFO[0m [ReadConfigAssembler] [34;1mapplyGeneralDefaults[0m -> General.Cluster.ReplicationMaxRetryInterval is not set, using default value: 10s
2026-09-16T03:47:29.315959622Z [34m2026-09-16 03:47:29.315 UTC 0005 INFO[0m [ReadConfigAssembler] [34;1mapplyGeneralDefaults[0m -> General.Cluster.ReplicationMinRetryInterval is not set, using default value: 200ms
2026-09-16T03:47:29.315962651Z [34m2026-09-16 03:47:29.315 UTC 0006 INFO[0m [ReadConfigAssembler] [34;1mapplyGeneralDefaults[0m -> General.Cluster.ReplicationMaxRetryDuration is not set, using default value: 1m0s
2026-09-16T03:47:29.315963699Z [34m2026-09-16 03:47:29.315 UTC 0007 INFO[0m [ReadConfigAssembler] [34;1mapplyGeneralDefaults[0m -> General.Cluster.CertExpirationWarningThreshold is not set, using default value: 168h0m0s
2026-09-16T03:47:29.315964594Z [34m2026-09-16 03:47:29.315 UTC 0008 INFO[0m [ReadConfigAssembler] [34;1mapplyGeneralDefaults[0m -> General.Cluster client TLS credentials are not set, using General.TLS credentials
2026-09-16T03:47:29.315965683Z [34m2026-09-16 03:47:29.315 UTC 0009 INFO[0m [ReadConfigAssembler] [34;1mapplyNodeDefaults[0m -> General.Cluster.ReplicationPolicy is not set, using default value: assembler
2026-09-16T03:47:29.316224208Z [34m2026-09-16 03:47:29.316 UTC 0001 INFO[0m [ReadConfigAssembler] [34;1mapplyGeneralDefaults[0m -> General.Cluster.SendBufferSize is not set, using default value: 2000
2026-09-16T03:47:29.316404687Z [34m2026-09-16 03:47:29.316 UTC 0002 INFO[0m [ReadConfigAssembler] [34;1mapplyGeneralDefaults[0m -> General.Cluster.RPCTimeout is not set, using default value: 1m0s
2026-09-16T03:47:29.316406525Z [34m2026-09-16 03:47:29.316 UTC 0003 INFO[0m [ReadConfigAssembler] [34;1mapplyGeneralDefaults[0m -> General.Cluster.ReplicationBufferSize is not set, using default value: 52428800
2026-09-16T03:47:29.316407404Z [34m2026-09-16 03:47:29.316 UTC 0004 INFO[0m [ReadConfigAssembler] [34;1mapplyGeneralDefaults[0m -> General.Cluster.ReplicationMaxRetryInterval is not set, using default value: 10s
2026-09-16T03:47:29.316408140Z [34m2026-09-16 03:47:29.316 UTC 0005 INFO[0m [ReadConfigAssembler] [34;1mapplyGeneralDefaults[0m -> General.Cluster.ReplicationMinRetryInterval is not set, using default value: 200ms
2026-09-16T03:47:29.316408794Z [34m2026-09-16 03:47:29.316 UTC 0006 INFO[0m [ReadConfigAssembler] [34;1mapplyGeneralDefaults[0m -> General.Cluster.ReplicationMaxRetryDuration is not set, using default value: 1m0s
2026-09-16T03:47:29.316409563Z [34m2026-09-16 03:47:29.316 UTC 0007 INFO[0m [ReadConfigAssembler] [34;1mapplyGeneralDefaults[0m -> General.Cluster.CertExpirationWarningThreshold is not set, using default value: 168h0m0s
2026-09-16T03:47:29.316412504Z [34m2026-09-16 03:47:29.316 UTC 0008 INFO[0m [ReadConfigAssembler] [34;1mapplyGeneralDefaults[0m -> General.Cluster client TLS credentials are not set, using General.TLS credentials
2026-09-16T03:47:29.316413461Z [34m2026-09-16 03:47:29.316 UTC 0009 INFO[0m [ReadConfigAssembler] [34;1mapplyNodeDefaults[0m -> General.Cluster.ReplicationPolicy is not set, using default value: assembler
2026-09-16T03:47:29.329027876Z [34m2026-09-16 03:47:29.328 UTC 000a INFO[0m [blkstorage] [34;1mNewProvider[0m -> Creating new file ledger directory at /data/arma/party4/assembler/chains
2026-09-16T03:47:29.329041239Z [34m2026-09-16 03:47:29.328 UTC 000a INFO[0m [blkstorage] [34;1mNewProvider[0m -> Creating new file ledger directory at /data/arma/party3/assembler/chains
2026-09-16T03:47:29.329988287Z [34m2026-09-16 03:47:29.329 UTC 000a INFO[0m [blkstorage] [34;1mNewProvider[0m -> Creating new file ledger directory at /data/arma/party1/assembler/chains
2026-09-16T03:47:29.330972540Z [34m2026-09-16 03:47:29.330 UTC 000b INFO[0m [blkstorage] [34;1mnewBlockfileMgr[0m -> Getting block information from block storage
2026-09-16T03:47:29.330977927Z [34m2026-09-16 03:47:29.330 UTC 000b INFO[0m [blkstorage] [34;1mnewBlockfileMgr[0m -> Getting block information from block storage
2026-09-16T03:47:29.330988725Z [34m2026-09-16 03:47:29.330 UTC 000a INFO[0m [blkstorage] [34;1mNewProvider[0m -> Creating new file ledger directory at /data/arma/party2/assembler/chains
2026-09-16T03:47:29.331849882Z [34m2026-09-16 03:47:29.331 UTC 000b INFO[0m [blkstorage] [34;1mnewBlockfileMgr[0m -> Getting block information from block storage
2026-09-16T03:47:29.332810907Z [34m2026-09-16 03:47:29.332 UTC 000b INFO[0m [blkstorage] [34;1mnewBlockfileMgr[0m -> Getting block information from block storage
2026-09-16T03:47:29.334666566Z [34m2026-09-16 03:47:29.334 UTC 000c INFO[0m [ReadConfigAssembler] [34;1mNewAssemblerLedger[0m -> Assembler ledger opened block store: path: /data/arma/party3/assembler, ledger-ID: arma
2026-09-16T03:47:29.334674102Z [34m2026-09-16 03:47:29.334 UTC 000c INFO[0m [ReadConfigAssembler] [34;1mNewAssemblerLedger[0m -> Assembler ledger opened block store: path: /data/arma/party4/assembler, ledger-ID: arma
2026-09-16T03:47:29.335668023Z [34m2026-09-16 03:47:29.335 UTC 000c INFO[0m [ReadConfigAssembler] [34;1mNewAssemblerLedger[0m -> Assembler ledger opened block store: path: /data/arma/party1/assembler, ledger-ID: arma
2026-09-16T03:47:29.336704925Z [34m2026-09-16 03:47:29.336 UTC 000c INFO[0m [ReadConfigAssembler] [34;1mNewAssemblerLedger[0m -> Assembler ledger opened block store: path: /data/arma/party2/assembler, ledger-ID: arma
2026-09-16T03:47:29.350314646Z [34m2026-09-16 03:47:29.350 UTC 000d INFO[0m [Assembler3] [34;1mNewDefaultAssembler[0m -> Creating assembler, party: 3, address: 0.0.0.0:6223
2026-09-16T03:47:29.350332578Z [34m2026-09-16 03:47:29.350 UTC 000d INFO[0m [Assembler4] [34;1mNewDefaultAssembler[0m -> Creating assembler, party: 4, address: 0.0.0.0:6323
2026-09-16T03:47:29.351403239Z [34m2026-09-16 03:47:29.351 UTC 000d INFO[0m [Assembler1] [34;1mNewDefaultAssembler[0m -> Creating assembler, party: 1, address: 0.0.0.0:6023
2026-09-16T03:47:29.351831631Z [34m2026-09-16 03:47:29.351 UTC 000d INFO[0m [Assembler2] [34;1mNewDefaultAssembler[0m -> Creating assembler, party: 2, address: 0.0.0.0:6123
2026-09-16T03:47:29.371570206Z [34m2026-09-16 03:47:29.371 UTC 000e INFO[0m [Assembler1] [34;1mNewAssemblerLedger[0m -> Assembler ledger opened block store: path: /data/arma/party1/assembler, ledger-ID: arma
2026-09-16T03:47:29.371592991Z [34m2026-09-16 03:47:29.371 UTC 000e INFO[0m [Assembler4] [34;1mNewAssemblerLedger[0m -> Assembler ledger opened block store: path: /data/arma/party4/assembler, ledger-ID: arma
2026-09-16T03:47:29.371604075Z [34m2026-09-16 03:47:29.371 UTC 000e INFO[0m [Assembler3] [34;1mNewAssemblerLedger[0m -> Assembler ledger opened block store: path: /data/arma/party3/assembler, ledger-ID: arma
2026-09-16T03:47:29.371605493Z [34m2026-09-16 03:47:29.371 UTC 000f INFO[0m [Assembler3] [34;1minitLedger[0m -> Initializing assembler ledger, current height: 0, config block number: 0
2026-09-16T03:47:29.371606451Z [34m2026-09-16 03:47:29.371 UTC 000f INFO[0m [Assembler4] [34;1minitLedger[0m -> Initializing assembler ledger, current height: 0, config block number: 0
2026-09-16T03:47:29.371607356Z [34m2026-09-16 03:47:29.371 UTC 000f INFO[0m [Assembler1] [34;1minitLedger[0m -> Initializing assembler ledger, current height: 0, config block number: 0
2026-09-16T03:47:29.373903915Z [34m2026-09-16 03:47:29.373 UTC 000e INFO[0m [Assembler2] [34;1mNewAssemblerLedger[0m -> Assembler ledger opened block store: path: /data/arma/party2/assembler, ledger-ID: arma
2026-09-16T03:47:29.373957339Z [34m2026-09-16 03:47:29.373 UTC 000f INFO[0m [Assembler2] [34;1minitLedger[0m -> Initializing assembler ledger, current height: 0, config block number: 0
2026-09-16T03:47:29.375557948Z [34m2026-09-16 03:47:29.375 UTC 0010 INFO[0m [Assembler3] [34;1mfunc1[0m -> Appended config block 0, decision 0, in 3.886268ms
2026-09-16T03:47:29.375563770Z [34m2026-09-16 03:47:29.375 UTC 0010 INFO[0m [Assembler4] [34;1mfunc1[0m -> Appended config block 0, decision 0, in 3.88913ms
2026-09-16T03:47:29.375565431Z [34m2026-09-16 03:47:29.375 UTC 0010 INFO[0m [Assembler1] [34;1mfunc1[0m -> Appended config block 0, decision 0, in 3.890954ms
2026-09-16T03:47:29.375566497Z [34m2026-09-16 03:47:29.375 UTC 0011 INFO[0m [Assembler4] [34;1minitLedger[0m -> Appended genesis block, header digest: dcedc2913d51c731786b893a0ea6985be664d225f058920eebb4e1127bce154f
2026-09-16T03:47:29.375567465Z [34m2026-09-16 03:47:29.375 UTC 0011 INFO[0m [Assembler3] [34;1minitLedger[0m -> Appended genesis block, header digest: dcedc2913d51c731786b893a0ea6985be664d225f058920eebb4e1127bce154f
2026-09-16T03:47:29.375568364Z [34m2026-09-16 03:47:29.375 UTC 0011 INFO[0m [Assembler1] [34;1minitLedger[0m -> Appended genesis block, header digest: dcedc2913d51c731786b893a0ea6985be664d225f058920eebb4e1127bce154f
2026-09-16T03:47:29.375569390Z [34m2026-09-16 03:47:29.375 UTC 0012 INFO[0m [Assembler4] [34;1minitLedger[0m -> Ledger was initialized, current ledger height: 1
2026-09-16T03:47:29.375570224Z [34m2026-09-16 03:47:29.375 UTC 0012 INFO[0m [Assembler3] [34;1minitLedger[0m -> Ledger was initialized, current ledger height: 1
2026-09-16T03:47:29.375571025Z [34m2026-09-16 03:47:29.375 UTC 0012 INFO[0m [Assembler1] [34;1minitLedger[0m -> Ledger was initialized, current ledger height: 1
2026-09-16T03:47:29.375571817Z [34m2026-09-16 03:47:29.375 UTC 0013 INFO[0m [Assembler4] [34;1minitFromConfig[0m -> Initializing assembler with config sequence number: 0, assembler ledger height: 1
2026-09-16T03:47:29.375578622Z [34m2026-09-16 03:47:29.375 UTC 0013 INFO[0m [Assembler3] [34;1minitFromConfig[0m -> Initializing assembler with config sequence number: 0, assembler ledger height: 1
2026-09-16T03:47:29.375579834Z [34m2026-09-16 03:47:29.375 UTC 0013 INFO[0m [Assembler1] [34;1minitFromConfig[0m -> Initializing assembler with config sequence number: 0, assembler ledger height: 1
2026-09-16T03:47:29.375617453Z [34m2026-09-16 03:47:29.375 UTC 0014 INFO[0m [Assembler4] [34;1minitFromConfig[0m -> Starting with BatchFrontier: {}
2026-09-16T03:47:29.375621032Z [34m2026-09-16 03:47:29.375 UTC 0014 INFO[0m [Assembler1] [34;1minitFromConfig[0m -> Starting with BatchFrontier: {}
2026-09-16T03:47:29.375622440Z [34m2026-09-16 03:47:29.375 UTC 0015 INFO[0m [Assembler4] [34;1mNewBatchFetcher[0m -> Creating new Batch Fetcher using batch frontier with assembler: endpoint 0.0.0.0:6323 partyID 4 
2026-09-16T03:47:29.375623473Z [34m2026-09-16 03:47:29.375 UTC 0015 INFO[0m [Assembler1] [34;1mNewBatchFetcher[0m -> Creating new Batch Fetcher using batch frontier with assembler: endpoint 0.0.0.0:6023 partyID 1 
2026-09-16T03:47:29.375647822Z [34m2026-09-16 03:47:29.375 UTC 0016 INFO[0m [Assembler4] [34;1minitFromConfig[0m -> Assembler initialized successfully with config sequence number: 0
2026-09-16T03:47:29.375649249Z [34m2026-09-16 03:47:29.375 UTC 0016 INFO[0m [Assembler1] [34;1minitFromConfig[0m -> Assembler initialized successfully with config sequence number: 0
2026-09-16T03:47:29.375650170Z [34m2026-09-16 03:47:29.375 UTC 0014 INFO[0m [Assembler3] [34;1minitFromConfig[0m -> Starting with BatchFrontier: {}
2026-09-16T03:47:29.375735186Z [34m2026-09-16 03:47:29.375 UTC 0015 INFO[0m [Assembler3] [34;1mNewBatchFetcher[0m -> Creating new Batch Fetcher using batch frontier with assembler: endpoint 0.0.0.0:6223 partyID 3 
2026-09-16T03:47:29.375740376Z [34m2026-09-16 03:47:29.375 UTC 0016 INFO[0m [Assembler3] [34;1minitFromConfig[0m -> Assembler initialized successfully with config sequence number: 0
2026-09-16T03:47:29.375742162Z [34m2026-09-16 03:47:29.375 UTC 0017 INFO[0m [Assembler1] [34;1mprocessOrderedBatchAttestations[0m -> Starting to process incoming OrderedBatchAttestations from consensus
2026-09-16T03:47:29.375743271Z [34m2026-09-16 03:47:29.375 UTC 0017 INFO[0m [Assembler4] [34;1mReplicate[0m -> Assembler 4 Replicate from shard 1
2026-09-16T03:47:29.375744229Z [34m2026-09-16 03:47:29.375 UTC 0018 INFO[0m [Assembler4] [34;1mprocessOrderedBatchAttestations[0m -> Starting to process incoming OrderedBatchAttestations from consensus
2026-09-16T03:47:29.375745158Z [34m2026-09-16 03:47:29.375 UTC 0019 INFO[0m [Assembler4] [34;1mReplicate[0m -> Assembler 4 Replicate from shard 1, batcher endpoint: 172.29.0.10:6324, batcher party: 4
2026-09-16T03:47:29.375746098Z [34m2026-09-16 03:47:29.375 UTC 001a INFO[0m [Assembler4] [34;1mpullFromParty[0m -> Assembler replicating from channel shard1party1-arma 
2026-09-16T03:47:29.375746966Z [34m2026-09-16 03:47:29.375 UTC 001b INFO[0m [Assembler4] [34;1mpullFromParty[0m -> Started pulling from: shard1party1-arma, sqn=0
2026-09-16T03:47:29.375795493Z [34m2026-09-16 03:47:29.375 UTC 0018 INFO[0m [Assembler1] [34;1mReplicate[0m -> Assembler 1 Replicate from shard 1
2026-09-16T03:47:29.375801218Z [34m2026-09-16 03:47:29.375 UTC 0017 INFO[0m [Assembler3] [34;1mReplicate[0m -> Assembler 3 Replicate from shard 1
2026-09-16T03:47:29.375802551Z [34m2026-09-16 03:47:29.375 UTC 0018 INFO[0m [Assembler3] [34;1mReplicate[0m -> Assembler 3 Replicate from shard 1, batcher endpoint: 172.29.0.10:6224, batcher party: 3
2026-09-16T03:47:29.375803577Z [34m2026-09-16 03:47:29.375 UTC 0019 INFO[0m [Assembler1] [34;1mReplicate[0m -> Initial OrderingInfo: DecisionNum: 0, BatchIndex: 0, BatchCount: 0; No. Sigs: 0, Common Block: Number: 0, PreviousHash: , DataHash: abd8b4ff9aa706452cde61309f186901190f520b74f79fe2aafd09e1b79d4769; Initial AssemblerConsensusPosition: {DecisionNum:0 BatchIndex:1}
2026-09-16T03:47:29.375804410Z [34m2026-09-16 03:47:29.375 UTC 001a INFO[0m [Assembler1] [34;1mReplicate[0m -> Assembler 1 Replicate from shard 1, batcher endpoint: 172.29.0.10:6024, batcher party: 1
2026-09-16T03:47:29.375805192Z [34m2026-09-16 03:47:29.375 UTC 0019 INFO[0m [Assembler3] [34;1mpullFromParty[0m -> Assembler replicating from channel shard1party1-arma 
2026-09-16T03:47:29.375805868Z [34m2026-09-16 03:47:29.375 UTC 001b INFO[0m [Assembler1] [34;1mReplicate[0m -> Starting to replicate from consenter
2026-09-16T03:47:29.375806459Z [34m2026-09-16 03:47:29.375 UTC 001b INFO[0m [Assembler3] [34;1mpullFromParty[0m -> Started pulling from: shard1party1-arma, sqn=0
2026-09-16T03:47:29.375807184Z [34m2026-09-16 03:47:29.375 UTC 001c INFO[0m [Assembler3] [34;1mpullFromParty[0m -> Assembler replicating from channel shard1party2-arma 
2026-09-16T03:47:29.375807834Z [34m2026-09-16 03:47:29.375 UTC 001c INFO[0m [Assembler1] [34;1mPull[0m -> Started pulling from: consensus-ba-replicate
2026-09-16T03:47:29.375808449Z [34m2026-09-16 03:47:29.375 UTC 001d INFO[0m [Assembler3] [34;1mpullFromParty[0m -> Started pulling from: shard1party2-arma, sqn=0
2026-09-16T03:47:29.375809051Z [34m2026-09-16 03:47:29.375 UTC 001d INFO[0m [Assembler1] [34;1mpullFromParty[0m -> Assembler replicating from channel shard1party1-arma 
2026-09-16T03:47:29.375809656Z [34m2026-09-16 03:47:29.375 UTC 001e INFO[0m [Assembler1] [34;1mPull[0m -> Endpoint to pull from is 172.29.0.10:6025
2026-09-16T03:47:29.375810576Z [34m2026-09-16 03:47:29.375 UTC 001a INFO[0m [Assembler3] [34;1mprocessOrderedBatchAttestations[0m -> Starting to process incoming OrderedBatchAttestations from consensus
2026-09-16T03:47:29.375811293Z [34m2026-09-16 03:47:29.375 UTC 001f INFO[0m [Assembler3] [34;1mPull[0m -> Started pulling from: shard1party2-arma
2026-09-16T03:47:29.375811876Z [34m2026-09-16 03:47:29.375 UTC 0020 INFO[0m [Assembler3] [34;1mPull[0m -> Endpoint to pull from is 172.29.0.10:6224
2026-09-16T03:47:29.375818621Z [34m2026-09-16 03:47:29.375 UTC 001f INFO[0m [Assembler1] [34;1mpullFromParty[0m -> Started pulling from: shard1party1-arma, sqn=0
2026-09-16T03:47:29.375819504Z [34m2026-09-16 03:47:29.375 UTC 0020 INFO[0m [Assembler1] [34;1mpullFromParty[0m -> Assembler replicating from channel shard1party2-arma 
2026-09-16T03:47:29.375820166Z [34m2026-09-16 03:47:29.375 UTC 0021 INFO[0m [Assembler1] [34;1mpullFromParty[0m -> Started pulling from: shard1party2-arma, sqn=0
2026-09-16T03:47:29.375820820Z [34m2026-09-16 03:47:29.375 UTC 0022 INFO[0m [Assembler1] [34;1mpullFromParty[0m -> Assembler replicating from channel shard1party3-arma 
2026-09-16T03:47:29.375826591Z [34m2026-09-16 03:47:29.375 UTC 0023 INFO[0m [Assembler1] [34;1mpullFromParty[0m -> Started pulling from: shard1party3-arma, sqn=0
2026-09-16T03:47:29.375830175Z [34m2026-09-16 03:47:29.375 UTC 0024 INFO[0m [Assembler1] [34;1mpullFromParty[0m -> Assembler replicating from channel shard1party4-arma 
2026-09-16T03:47:29.375831853Z [34m2026-09-16 03:47:29.375 UTC 0025 INFO[0m [Assembler1] [34;1mpullFromParty[0m -> Started pulling from: shard1party4-arma, sqn=0
2026-09-16T03:47:29.375902379Z [34m2026-09-16 03:47:29.375 UTC 0026 INFO[0m [Assembler1] [34;1mPull[0m -> Started pulling from: shard1party1-arma
2026-09-16T03:47:29.375908536Z [34m2026-09-16 03:47:29.375 UTC 0021 INFO[0m [Assembler3] [34;1mReplicate[0m -> Initial OrderingInfo: DecisionNum: 0, BatchIndex: 0, BatchCount: 0; No. Sigs: 0, Common Block: Number: 0, PreviousHash: , DataHash: abd8b4ff9aa706452cde61309f186901190f520b74f79fe2aafd09e1b79d4769; Initial AssemblerConsensusPosition: {DecisionNum:0 BatchIndex:1}
2026-09-16T03:47:29.375911071Z [34m2026-09-16 03:47:29.375 UTC 0022 INFO[0m [Assembler3] [34;1mReplicate[0m -> Starting to replicate from consenter
2026-09-16T03:47:29.375912041Z [34m2026-09-16 03:47:29.375 UTC 0027 INFO[0m [Assembler1] [34;1mPull[0m -> Endpoint to pull from is 172.29.0.10:6024
2026-09-16T03:47:29.375912941Z [34m2026-09-16 03:47:29.375 UTC 0023 INFO[0m [Assembler3] [34;1mPull[0m -> Started pulling from: consensus-ba-replicate
2026-09-16T03:47:29.375913869Z [34m2026-09-16 03:47:29.375 UTC 0024 INFO[0m [Assembler3] [34;1mPull[0m -> Endpoint to pull from is 172.29.0.10:6225
2026-09-16T03:47:29.375968985Z [34m2026-09-16 03:47:29.375 UTC 001c INFO[0m [Assembler4] [34;1mReplicate[0m -> Initial OrderingInfo: DecisionNum: 0, BatchIndex: 0, BatchCount: 0; No. Sigs: 0, Common Block: Number: 0, PreviousHash: , DataHash: abd8b4ff9aa706452cde61309f186901190f520b74f79fe2aafd09e1b79d4769; Initial AssemblerConsensusPosition: {DecisionNum:0 BatchIndex:1}
2026-09-16T03:47:29.375974547Z [34m2026-09-16 03:47:29.375 UTC 001d INFO[0m [Assembler4] [34;1mReplicate[0m -> Starting to replicate from consenter
2026-09-16T03:47:29.375975876Z [34m2026-09-16 03:47:29.375 UTC 001e INFO[0m [Assembler4] [34;1mpullFromParty[0m -> Assembler replicating from channel shard1party2-arma 
2026-09-16T03:47:29.375976730Z [34m2026-09-16 03:47:29.375 UTC 0025 INFO[0m [Assembler3] [34;1mPull[0m -> Started pulling from: shard1party1-arma
2026-09-16T03:47:29.375981167Z [34m2026-09-16 03:47:29.375 UTC 0026 INFO[0m [Assembler3] [34;1mPull[0m -> Endpoint to pull from is 172.29.0.10:6224
2026-09-16T03:47:29.375981978Z [34m2026-09-16 03:47:29.375 UTC 001f INFO[0m [Assembler4] [34;1mpullFromParty[0m -> Started pulling from: shard1party2-arma, sqn=0
2026-09-16T03:47:29.375989253Z [34m2026-09-16 03:47:29.375 UTC 0020 INFO[0m [Assembler4] [34;1mpullFromParty[0m -> Assembler replicating from channel shard1party3-arma 
2026-09-16T03:47:29.375995211Z [34m2026-09-16 03:47:29.375 UTC 0021 INFO[0m [Assembler4] [34;1mpullFromParty[0m -> Started pulling from: shard1party3-arma, sqn=0
2026-09-16T03:47:29.375996712Z [34m2026-09-16 03:47:29.375 UTC 0022 INFO[0m [Assembler4] [34;1mpullFromParty[0m -> Assembler replicating from channel shard1party4-arma 
2026-09-16T03:47:29.375997692Z [34m2026-09-16 03:47:29.375 UTC 0023 INFO[0m [Assembler4] [34;1mpullFromParty[0m -> Started pulling from: shard1party4-arma, sqn=0
2026-09-16T03:47:29.376023101Z [34m2026-09-16 03:47:29.375 UTC 0024 INFO[0m [Assembler4] [34;1mPull[0m -> Started pulling from: shard1party1-arma
2026-09-16T03:47:29.376025154Z [34m2026-09-16 03:47:29.375 UTC 0025 INFO[0m [Assembler4] [34;1mPull[0m -> Endpoint to pull from is 172.29.0.10:6324
2026-09-16T03:47:29.376096617Z [34m2026-09-16 03:47:29.376 UTC 0026 INFO[0m [Assembler4] [34;1mPull[0m -> Started pulling from: consensus-ba-replicate
2026-09-16T03:47:29.376102412Z [34m2026-09-16 03:47:29.376 UTC 0027 INFO[0m [Assembler4] [34;1mPull[0m -> Endpoint to pull from is 172.29.0.10:6325
2026-09-16T03:47:29.376304881Z [34m2026-09-16 03:47:29.376 UTC 0028 INFO[0m [Assembler4] [34;1mPull[0m -> Started pulling from: shard1party2-arma
2026-09-16T03:47:29.376307230Z [34m2026-09-16 03:47:29.376 UTC 0029 INFO[0m [Assembler4] [34;1mPull[0m -> Endpoint to pull from is 172.29.0.10:6324
2026-09-16T03:47:29.376413585Z [34m2026-09-16 03:47:29.376 UTC 002a INFO[0m [Assembler4] [34;1mPull[0m -> Started pulling from: shard1party3-arma
2026-09-16T03:47:29.376419873Z [34m2026-09-16 03:47:29.376 UTC 002b INFO[0m [Assembler4] [34;1mPull[0m -> Endpoint to pull from is 172.29.0.10:6324
2026-09-16T03:47:29.376600788Z [34m2026-09-16 03:47:29.376 UTC 002c INFO[0m [Assembler4] [34;1mPull[0m -> Started pulling from: shard1party4-arma
2026-09-16T03:47:29.376604502Z [34m2026-09-16 03:47:29.376 UTC 002d INFO[0m [Assembler4] [34;1mPull[0m -> Endpoint to pull from is 172.29.0.10:6324
2026-09-16T03:47:29.377557376Z [34m2026-09-16 03:47:29.375 UTC 001e INFO[0m [Assembler3] [34;1mpullFromParty[0m -> Assembler replicating from channel shard1party3-arma 
2026-09-16T03:47:29.377563601Z [34m2026-09-16 03:47:29.377 UTC 0027 INFO[0m [Assembler3] [34;1mpullFromParty[0m -> Started pulling from: shard1party3-arma, sqn=0
2026-09-16T03:47:29.377571985Z [34m2026-09-16 03:47:29.377 UTC 0028 INFO[0m [Assembler3] [34;1mpullFromParty[0m -> Assembler replicating from channel shard1party4-arma 
2026-09-16T03:47:29.377572931Z [34m2026-09-16 03:47:29.377 UTC 0029 INFO[0m [Assembler3] [34;1mpullFromParty[0m -> Started pulling from: shard1party4-arma, sqn=0
2026-09-16T03:47:29.377653047Z [34m2026-09-16 03:47:29.377 UTC 002e INFO[0m [Assembler4] [34;1mNewDefaultAssembler[0m -> Prometheus serving on URL: http://127.0.0.1:35499/metrics
2026-09-16T03:47:29.377659965Z [34m2026-09-16 03:47:29.377 UTC 002f INFO[0m [Assembler4] [34;1mNewDefaultAssembler[0m -> Health check serving on URL: http://127.0.0.1:35499/healthz
2026-09-16T03:47:29.377661493Z [34m2026-09-16 03:47:29.377 UTC 0030 INFO[0m [Assembler4] [34;1mNewDefaultAssembler[0m -> Logging spec service serving on URL: http://127.0.0.1:35499/logspec
2026-09-16T03:47:29.377662540Z [34m2026-09-16 03:47:29.377 UTC 0031 INFO[0m [Assembler4] [34;1mNewDefaultAssembler[0m -> Version info serving on URL: http://127.0.0.1:35499/version
2026-09-16T03:47:29.377741445Z [34m2026-09-16 03:47:29.377 UTC 0028 INFO[0m [Assembler1] [34;1mPull[0m -> Started pulling from: shard1party4-arma
2026-09-16T03:47:29.377754952Z [34m2026-09-16 03:47:29.377 UTC 0029 INFO[0m [Assembler1] [34;1mPull[0m -> Endpoint to pull from is 172.29.0.10:6024
2026-09-16T03:47:29.377822043Z [34m2026-09-16 03:47:29.377 UTC 002a INFO[0m [Assembler1] [34;1mPull[0m -> Started pulling from: shard1party2-arma
2026-09-16T03:47:29.377927492Z [34m2026-09-16 03:47:29.377 UTC 0032 INFO[0m [Assembler4] [34;1mfunc1[0m -> Assembler listening on [::]:6323
2026-09-16T03:47:29.377932810Z [34m2026-09-16 03:47:29.377 UTC 0033 INFO[0m [Assembler4] [34;1mfunc1[0m -> Assembler network service is starting on [::]:6323
2026-09-16T03:47:29.377934491Z [34m2026-09-16 03:47:29.377 UTC 002a INFO[0m [Assembler3] [34;1mPull[0m -> Started pulling from: shard1party3-arma
2026-09-16T03:47:29.377935439Z [34m2026-09-16 03:47:29.377 UTC 002b INFO[0m [Assembler3] [34;1mNewDefaultAssembler[0m -> Prometheus serving on URL: http://127.0.0.1:41869/metrics
2026-09-16T03:47:29.377936234Z [34m2026-09-16 03:47:29.377 UTC 002c INFO[0m [Assembler3] [34;1mPull[0m -> Endpoint to pull from is 172.29.0.10:6224
2026-09-16T03:47:29.377936984Z [34m2026-09-16 03:47:29.377 UTC 002d INFO[0m [Assembler3] [34;1mNewDefaultAssembler[0m -> Health check serving on URL: http://127.0.0.1:41869/healthz
2026-09-16T03:47:29.377937689Z [34m2026-09-16 03:47:29.377 UTC 002e INFO[0m [Assembler3] [34;1mNewDefaultAssembler[0m -> Logging spec service serving on URL: http://127.0.0.1:41869/logspec
2026-09-16T03:47:29.377938388Z [34m2026-09-16 03:47:29.377 UTC 002f INFO[0m [Assembler3] [34;1mNewDefaultAssembler[0m -> Version info serving on URL: http://127.0.0.1:41869/version
2026-09-16T03:47:29.378058882Z [34m2026-09-16 03:47:29.377 UTC 0030 INFO[0m [Assembler3] [34;1mPull[0m -> Started pulling from: shard1party4-arma
2026-09-16T03:47:29.378086008Z [34m2026-09-16 03:47:29.377 UTC 0031 INFO[0m [Assembler3] [34;1mPull[0m -> Endpoint to pull from is 172.29.0.10:6224
2026-09-16T03:47:29.378275669Z [34m2026-09-16 03:47:29.378 UTC 0032 INFO[0m [Assembler3] [34;1mfunc1[0m -> Assembler listening on [::]:6223
2026-09-16T03:47:29.378282961Z [34m2026-09-16 03:47:29.378 UTC 002c INFO[0m [Assembler1] [34;1mPull[0m -> Endpoint to pull from is 172.29.0.10:6024
2026-09-16T03:47:29.378284452Z [34m2026-09-16 03:47:29.378 UTC 002d INFO[0m [Assembler1] [34;1mNewDefaultAssembler[0m -> Prometheus serving on URL: http://127.0.0.1:38625/metrics
2026-09-16T03:47:29.378285642Z [34m2026-09-16 03:47:29.378 UTC 002e INFO[0m [Assembler1] [34;1mNewDefaultAssembler[0m -> Health check serving on URL: http://127.0.0.1:38625/healthz
2026-09-16T03:47:29.378286547Z [34m2026-09-16 03:47:29.378 UTC 002f INFO[0m [Assembler1] [34;1mNewDefaultAssembler[0m -> Logging spec service serving on URL: http://127.0.0.1:38625/logspec
2026-09-16T03:47:29.378287440Z [34m2026-09-16 03:47:29.378 UTC 0030 INFO[0m [Assembler1] [34;1mNewDefaultAssembler[0m -> Version info serving on URL: http://127.0.0.1:38625/version
2026-09-16T03:47:29.378288312Z [34m2026-09-16 03:47:29.378 UTC 0033 INFO[0m [Assembler3] [34;1mfunc1[0m -> Assembler network service is starting on [::]:6223
2026-09-16T03:47:29.378289149Z [34m2026-09-16 03:47:29.377 UTC 002b INFO[0m [Assembler1] [34;1mPull[0m -> Started pulling from: shard1party3-arma
2026-09-16T03:47:29.378289925Z [34m2026-09-16 03:47:29.378 UTC 0031 INFO[0m [Assembler1] [34;1mPull[0m -> Endpoint to pull from is 172.29.0.10:6024
2026-09-16T03:47:29.378290690Z [34m2026-09-16 03:47:29.378 UTC 0032 INFO[0m [Assembler1] [34;1mfunc1[0m -> Assembler listening on [::]:6023
2026-09-16T03:47:29.378387915Z [34m2026-09-16 03:47:29.378 UTC 0034 INFO[0m [Assembler4] [34;1mfunc2[0m -> Last OrderingInfo: DecisionNum: 0, BatchIndex: 0, BatchCount: 0; No. Sigs: 0, Common Block: Number: 0, PreviousHash: , DataHash: abd8b4ff9aa706452cde61309f186901190f520b74f79fe2aafd09e1b79d4769; Last AssemblerConsensusPosition: {DecisionNum:0 BatchIndex:1}
2026-09-16T03:47:29.378392820Z [34m2026-09-16 03:47:29.378 UTC 0033 INFO[0m [Assembler1] [34;1mfunc1[0m -> Assembler network service is starting on [::]:6023
2026-09-16T03:47:29.378394525Z [34m2026-09-16 03:47:29.378 UTC 0035 INFO[0m [Assembler4] [34;1mpullBlocks[0m -> Started pulling blocks from: shard1party1-arma
2026-09-16T03:47:29.378395570Z [34m2026-09-16 03:47:29.378 UTC 0036 INFO[0m [Assembler4] [34;1mpullBlocks[0m -> Started pulling blocks from: consensus-ba-replicate
2026-09-16T03:47:29.378400101Z [34m2026-09-16 03:47:29.378 UTC 0037 INFO[0m [Assembler4] [34;1mpullBlocks[0m -> Started pulling blocks from: shard1party4-arma
2026-09-16T03:47:29.378615626Z [34m2026-09-16 03:47:29.378 UTC 0038 INFO[0m [Assembler4] [34;1mpullBlocks[0m -> Started pulling blocks from: shard1party3-arma
2026-09-16T03:47:29.378631077Z [34m2026-09-16 03:47:29.378 UTC 0039 INFO[0m [Assembler4] [34;1mpullBlocks[0m -> Started pulling blocks from: shard1party2-arma
2026-09-16T03:47:29.379499404Z [34m2026-09-16 03:47:29.379 UTC 003a INFO[0m [Assembler4] [34;1mfunc3[0m -> Decision 0, with 1 AvailableCommonBlocks
2026-09-16T03:47:29.379509664Z [34m2026-09-16 03:47:29.379 UTC 003b INFO[0m [Assembler4] [34;1mfunc3[0m -> BA index: 0; BatchID: Sh,Pr,Sq,Dg: <65535,0,0,abd8b4ff9aa706452cde61309f186901190f520b74f79fe2aafd09e1b79d4769>; Common Block: Number: 0, PreviousHash: , DataHash: abd8b4ff9aa706452cde61309f186901190f520b74f79fe2aafd09e1b79d4769; BA block signers: []
2026-09-16T03:47:29.379511461Z [34m2026-09-16 03:47:29.379 UTC 0034 INFO[0m [Assembler3] [34;1mfunc2[0m -> Last OrderingInfo: DecisionNum: 0, BatchIndex: 0, BatchCount: 0; No. Sigs: 0, Common Block: Number: 0, PreviousHash: , DataHash: abd8b4ff9aa706452cde61309f186901190f520b74f79fe2aafd09e1b79d4769; Last AssemblerConsensusPosition: {DecisionNum:0 BatchIndex:1}
2026-09-16T03:47:29.379513683Z [34m2026-09-16 03:47:29.379 UTC 003c INFO[0m [Assembler4] [34;1mfunc3[0m -> Recovery from partial decision commit: AvailableBatchOrdered skipped, already committed; BatchID: Sh,Pr,Sq,Dg: <65535,0,0,abd8b4ff9aa706452cde61309f186901190f520b74f79fe2aafd09e1b79d4769>, OrderingInfo: DecisionNum: 0, BatchIndex: 0, BatchCount: 1; No. Sigs: 0, Common Block: Number: 0, PreviousHash: , DataHash: abd8b4ff9aa706452cde61309f186901190f520b74f79fe2aafd09e1b79d4769; but initial AssemblerConsensusPosition: {DecisionNum:0 BatchIndex:1}
2026-09-16T03:47:29.379628544Z [34m2026-09-16 03:47:29.379 UTC 0035 INFO[0m [Assembler3] [34;1mpullBlocks[0m -> Started pulling blocks from: consensus-ba-replicate
2026-09-16T03:47:29.379636158Z [34m2026-09-16 03:47:29.379 UTC 0034 INFO[0m [Assembler1] [34;1mpullBlocks[0m -> Started pulling blocks from: shard1party2-arma
2026-09-16T03:47:29.379637635Z [34m2026-09-16 03:47:29.379 UTC 0035 INFO[0m [Assembler1] [34;1mpullBlocks[0m -> Started pulling blocks from: shard1party3-arma
2026-09-16T03:47:29.379638622Z [34m2026-09-16 03:47:29.379 UTC 0036 INFO[0m [Assembler3] [34;1mpullBlocks[0m -> Started pulling blocks from: shard1party4-arma
2026-09-16T03:47:29.379642967Z [34m2026-09-16 03:47:29.379 UTC 0037 INFO[0m [Assembler3] [34;1mpullBlocks[0m -> Started pulling blocks from: shard1party1-arma
2026-09-16T03:47:29.379644126Z [34m2026-09-16 03:47:29.379 UTC 0036 INFO[0m [Assembler1] [34;1mpullBlocks[0m -> Started pulling blocks from: shard1party4-arma
2026-09-16T03:47:29.379798868Z [34m2026-09-16 03:47:29.379 UTC 0038 INFO[0m [Assembler3] [34;1mpullBlocks[0m -> Started pulling blocks from: shard1party3-arma
2026-09-16T03:47:29.379804067Z [34m2026-09-16 03:47:29.379 UTC 0010 INFO[0m [Assembler2] [34;1mfunc1[0m -> Appended config block 0, decision 0, in 5.795625ms
2026-09-16T03:47:29.379805645Z [34m2026-09-16 03:47:29.379 UTC 0011 INFO[0m [Assembler2] [34;1minitLedger[0m -> Appended genesis block, header digest: dcedc2913d51c731786b893a0ea6985be664d225f058920eebb4e1127bce154f
2026-09-16T03:47:29.379817499Z [34m2026-09-16 03:47:29.379 UTC 0012 INFO[0m [Assembler2] [34;1minitLedger[0m -> Ledger was initialized, current ledger height: 1
2026-09-16T03:47:29.379818793Z [34m2026-09-16 03:47:29.379 UTC 0013 INFO[0m [Assembler2] [34;1minitFromConfig[0m -> Initializing assembler with config sequence number: 0, assembler ledger height: 1
2026-09-16T03:47:29.379827774Z [34m2026-09-16 03:47:29.379 UTC 0039 INFO[0m [Assembler3] [34;1mpullBlocks[0m -> Started pulling blocks from: shard1party2-arma
2026-09-16T03:47:29.379883399Z [34m2026-09-16 03:47:29.379 UTC 0037 INFO[0m [Assembler1] [34;1mpullBlocks[0m -> Started pulling blocks from: shard1party1-arma
2026-09-16T03:47:29.379889929Z [34m2026-09-16 03:47:29.379 UTC 0014 INFO[0m [Assembler2] [34;1minitFromConfig[0m -> Starting with BatchFrontier: {}
2026-09-16T03:47:29.380014394Z [34m2026-09-16 03:47:29.379 UTC 0015 INFO[0m [Assembler2] [34;1mNewBatchFetcher[0m -> Creating new Batch Fetcher using batch frontier with assembler: endpoint 0.0.0.0:6123 partyID 2 
2026-09-16T03:47:29.380022006Z [34m2026-09-16 03:47:29.379 UTC 0016 INFO[0m [Assembler2] [34;1minitFromConfig[0m -> Assembler initialized successfully with config sequence number: 0
2026-09-16T03:47:29.380023366Z [34m2026-09-16 03:47:29.379 UTC 0038 INFO[0m [Assembler1] [34;1mfunc2[0m -> Last OrderingInfo: DecisionNum: 0, BatchIndex: 0, BatchCount: 0; No. Sigs: 0, Common Block: Number: 0, PreviousHash: , DataHash: abd8b4ff9aa706452cde61309f186901190f520b74f79fe2aafd09e1b79d4769; Last AssemblerConsensusPosition: {DecisionNum:0 BatchIndex:1}
2026-09-16T03:47:29.380024386Z [34m2026-09-16 03:47:29.379 UTC 0039 INFO[0m [Assembler1] [34;1mpullBlocks[0m -> Started pulling blocks from: consensus-ba-replicate
2026-09-16T03:47:29.380025191Z [34m2026-09-16 03:47:29.379 UTC 0017 INFO[0m [Assembler2] [34;1mReplicate[0m -> Assembler 2 Replicate from shard 1
2026-09-16T03:47:29.380025909Z [34m2026-09-16 03:47:29.379 UTC 0019 INFO[0m [Assembler2] [34;1mReplicate[0m -> Assembler 2 Replicate from shard 1, batcher endpoint: 172.29.0.10:6124, batcher party: 2
2026-09-16T03:47:29.380034444Z [34m2026-09-16 03:47:29.379 UTC 0018 INFO[0m [Assembler2] [34;1mprocessOrderedBatchAttestations[0m -> Starting to process incoming OrderedBatchAttestations from consensus
2026-09-16T03:47:29.380035475Z [34m2026-09-16 03:47:29.379 UTC 001a INFO[0m [Assembler2] [34;1mpullFromParty[0m -> Assembler replicating from channel shard1party1-arma 
2026-09-16T03:47:29.380044753Z [34m2026-09-16 03:47:29.379 UTC 001b INFO[0m [Assembler2] [34;1mpullFromParty[0m -> Started pulling from: shard1party1-arma, sqn=0
2026-09-16T03:47:29.380045538Z [34m2026-09-16 03:47:29.379 UTC 001c INFO[0m [Assembler2] [34;1mpullFromParty[0m -> Assembler replicating from channel shard1party2-arma 
2026-09-16T03:47:29.380053953Z [34m2026-09-16 03:47:29.379 UTC 001d INFO[0m [Assembler2] [34;1mpullFromParty[0m -> Started pulling from: shard1party2-arma, sqn=0
2026-09-16T03:47:29.380062113Z [34m2026-09-16 03:47:29.379 UTC 001e INFO[0m [Assembler2] [34;1mpullFromParty[0m -> Assembler replicating from channel shard1party3-arma 
2026-09-16T03:47:29.380062919Z [34m2026-09-16 03:47:29.380 UTC 001f INFO[0m [Assembler2] [34;1mpullFromParty[0m -> Started pulling from: shard1party3-arma, sqn=0
2026-09-16T03:47:29.380063602Z [34m2026-09-16 03:47:29.380 UTC 0020 INFO[0m [Assembler2] [34;1mpullFromParty[0m -> Assembler replicating from channel shard1party4-arma 
2026-09-16T03:47:29.380064202Z [34m2026-09-16 03:47:29.380 UTC 0021 INFO[0m [Assembler2] [34;1mpullFromParty[0m -> Started pulling from: shard1party4-arma, sqn=0
2026-09-16T03:47:29.380067772Z [34m2026-09-16 03:47:29.380 UTC 0022 INFO[0m [Assembler2] [34;1mPull[0m -> Started pulling from: shard1party1-arma
2026-09-16T03:47:29.380068662Z [34m2026-09-16 03:47:29.380 UTC 0023 INFO[0m [Assembler2] [34;1mPull[0m -> Endpoint to pull from is 172.29.0.10:6124
2026-09-16T03:47:29.380131098Z [34m2026-09-16 03:47:29.380 UTC 0024 INFO[0m [Assembler2] [34;1mReplicate[0m -> Initial OrderingInfo: DecisionNum: 0, BatchIndex: 0, BatchCount: 0; No. Sigs: 0, Common Block: Number: 0, PreviousHash: , DataHash: abd8b4ff9aa706452cde61309f186901190f520b74f79fe2aafd09e1b79d4769; Initial AssemblerConsensusPosition: {DecisionNum:0 BatchIndex:1}
2026-09-16T03:47:29.380133333Z [34m2026-09-16 03:47:29.380 UTC 0025 INFO[0m [Assembler2] [34;1mReplicate[0m -> Starting to replicate from consenter
2026-09-16T03:47:29.380134247Z [34m2026-09-16 03:47:29.380 UTC 0026 INFO[0m [Assembler2] [34;1mPull[0m -> Started pulling from: consensus-ba-replicate
2026-09-16T03:47:29.380135007Z [34m2026-09-16 03:47:29.380 UTC 0027 INFO[0m [Assembler2] [34;1mPull[0m -> Endpoint to pull from is 172.29.0.10:6125
2026-09-16T03:47:29.380232505Z [34m2026-09-16 03:47:29.380 UTC 0028 INFO[0m [Assembler2] [34;1mPull[0m -> Started pulling from: shard1party2-arma
2026-09-16T03:47:29.380239166Z [34m2026-09-16 03:47:29.380 UTC 0029 INFO[0m [Assembler2] [34;1mPull[0m -> Endpoint to pull from is 172.29.0.10:6124
2026-09-16T03:47:29.380280231Z [34m2026-09-16 03:47:29.380 UTC 002a INFO[0m [Assembler2] [34;1mPull[0m -> Started pulling from: shard1party3-arma
2026-09-16T03:47:29.380302571Z [34m2026-09-16 03:47:29.380 UTC 002b INFO[0m [Assembler2] [34;1mPull[0m -> Endpoint to pull from is 172.29.0.10:6124
2026-09-16T03:47:29.380371896Z [34m2026-09-16 03:47:29.380 UTC 002c INFO[0m [Assembler2] [34;1mPull[0m -> Started pulling from: shard1party4-arma
2026-09-16T03:47:29.380375155Z [34m2026-09-16 03:47:29.380 UTC 002d INFO[0m [Assembler2] [34;1mPull[0m -> Endpoint to pull from is 172.29.0.10:6124
2026-09-16T03:47:29.380880055Z [34m2026-09-16 03:47:29.380 UTC 003a INFO[0m [Assembler3] [34;1mfunc3[0m -> Decision 0, with 1 AvailableCommonBlocks
2026-09-16T03:47:29.380885720Z [34m2026-09-16 03:47:29.380 UTC 003b INFO[0m [Assembler3] [34;1mfunc3[0m -> BA index: 0; BatchID: Sh,Pr,Sq,Dg: <65535,0,0,abd8b4ff9aa706452cde61309f186901190f520b74f79fe2aafd09e1b79d4769>; Common Block: Number: 0, PreviousHash: , DataHash: abd8b4ff9aa706452cde61309f186901190f520b74f79fe2aafd09e1b79d4769; BA block signers: []
2026-09-16T03:47:29.380893088Z [34m2026-09-16 03:47:29.380 UTC 003c INFO[0m [Assembler3] [34;1mfunc3[0m -> Recovery from partial decision commit: AvailableBatchOrdered skipped, already committed; BatchID: Sh,Pr,Sq,Dg: <65535,0,0,abd8b4ff9aa706452cde61309f186901190f520b74f79fe2aafd09e1b79d4769>, OrderingInfo: DecisionNum: 0, BatchIndex: 0, BatchCount: 1; No. Sigs: 0, Common Block: Number: 0, PreviousHash: , DataHash: abd8b4ff9aa706452cde61309f186901190f520b74f79fe2aafd09e1b79d4769; but initial AssemblerConsensusPosition: {DecisionNum:0 BatchIndex:1}
2026-09-16T03:47:29.381225994Z [34m2026-09-16 03:47:29.381 UTC 003a INFO[0m [Assembler1] [34;1mfunc3[0m -> Decision 0, with 1 AvailableCommonBlocks
2026-09-16T03:47:29.381231879Z [34m2026-09-16 03:47:29.381 UTC 003b INFO[0m [Assembler1] [34;1mfunc3[0m -> BA index: 0; BatchID: Sh,Pr,Sq,Dg: <65535,0,0,abd8b4ff9aa706452cde61309f186901190f520b74f79fe2aafd09e1b79d4769>; Common Block: Number: 0, PreviousHash: , DataHash: abd8b4ff9aa706452cde61309f186901190f520b74f79fe2aafd09e1b79d4769; BA block signers: []
2026-09-16T03:47:29.381233343Z [34m2026-09-16 03:47:29.381 UTC 003c INFO[0m [Assembler1] [34;1mfunc3[0m -> Recovery from partial decision commit: AvailableBatchOrdered skipped, already committed; BatchID: Sh,Pr,Sq,Dg: <65535,0,0,abd8b4ff9aa706452cde61309f186901190f520b74f79fe2aafd09e1b79d4769>, OrderingInfo: DecisionNum: 0, BatchIndex: 0, BatchCount: 1; No. Sigs: 0, Common Block: Number: 0, PreviousHash: , DataHash: abd8b4ff9aa706452cde61309f186901190f520b74f79fe2aafd09e1b79d4769; but initial AssemblerConsensusPosition: {DecisionNum:0 BatchIndex:1}
2026-09-16T03:47:29.382092406Z [34m2026-09-16 03:47:29.382 UTC 002e INFO[0m [Assembler2] [34;1mNewDefaultAssembler[0m -> Prometheus serving on URL: http://127.0.0.1:41203/metrics
2026-09-16T03:47:29.382108491Z [34m2026-09-16 03:47:29.382 UTC 002f INFO[0m [Assembler2] [34;1mNewDefaultAssembler[0m -> Health check serving on URL: http://127.0.0.1:41203/healthz
2026-09-16T03:47:29.382110578Z [34m2026-09-16 03:47:29.382 UTC 0030 INFO[0m [Assembler2] [34;1mNewDefaultAssembler[0m -> Logging spec service serving on URL: http://127.0.0.1:41203/logspec
2026-09-16T03:47:29.382111633Z [34m2026-09-16 03:47:29.382 UTC 0031 INFO[0m [Assembler2] [34;1mNewDefaultAssembler[0m -> Version info serving on URL: http://127.0.0.1:41203/version
2026-09-16T03:47:29.382350132Z [34m2026-09-16 03:47:29.382 UTC 0032 INFO[0m [Assembler2] [34;1mfunc1[0m -> Assembler listening on [::]:6123
2026-09-16T03:47:29.382356045Z [34m2026-09-16 03:47:29.382 UTC 0033 INFO[0m [Assembler2] [34;1mfunc1[0m -> Assembler network service is starting on [::]:6123
2026-09-16T03:47:29.382877067Z [34m2026-09-16 03:47:29.382 UTC 0034 INFO[0m [Assembler2] [34;1mfunc2[0m -> Last OrderingInfo: DecisionNum: 0, BatchIndex: 0, BatchCount: 0; No. Sigs: 0, Common Block: Number: 0, PreviousHash: , DataHash: abd8b4ff9aa706452cde61309f186901190f520b74f79fe2aafd09e1b79d4769; Last AssemblerConsensusPosition: {DecisionNum:0 BatchIndex:1}
2026-09-16T03:47:29.382938428Z [34m2026-09-16 03:47:29.382 UTC 0035 INFO[0m [Assembler2] [34;1mpullBlocks[0m -> Started pulling blocks from: consensus-ba-replicate
2026-09-16T03:47:29.383025279Z [34m2026-09-16 03:47:29.382 UTC 0036 INFO[0m [Assembler2] [34;1mpullBlocks[0m -> Started pulling blocks from: shard1party3-arma
2026-09-16T03:47:29.383108300Z [34m2026-09-16 03:47:29.383 UTC 0037 INFO[0m [Assembler2] [34;1mpullBlocks[0m -> Started pulling blocks from: shard1party4-arma
2026-09-16T03:47:29.383174333Z [34m2026-09-16 03:47:29.383 UTC 0038 INFO[0m [Assembler2] [34;1mpullBlocks[0m -> Started pulling blocks from: shard1party2-arma
2026-09-16T03:47:29.383227788Z [34m2026-09-16 03:47:29.383 UTC 0039 INFO[0m [Assembler2] [34;1mpullBlocks[0m -> Started pulling blocks from: shard1party1-arma
2026-09-16T03:47:29.383594246Z [34m2026-09-16 03:47:29.383 UTC 003a INFO[0m [Assembler2] [34;1mfunc3[0m -> Decision 0, with 1 AvailableCommonBlocks
2026-09-16T03:47:29.383599413Z [34m2026-09-16 03:47:29.383 UTC 003b INFO[0m [Assembler2] [34;1mfunc3[0m -> BA index: 0; BatchID: Sh,Pr,Sq,Dg: <65535,0,0,abd8b4ff9aa706452cde61309f186901190f520b74f79fe2aafd09e1b79d4769>; Common Block: Number: 0, PreviousHash: , DataHash: abd8b4ff9aa706452cde61309f186901190f520b74f79fe2aafd09e1b79d4769; BA block signers: []
2026-09-16T03:47:29.383600541Z [34m2026-09-16 03:47:29.383 UTC 003c INFO[0m [Assembler2] [34;1mfunc3[0m -> Recovery from partial decision commit: AvailableBatchOrdered skipped, already committed; BatchID: Sh,Pr,Sq,Dg: <65535,0,0,abd8b4ff9aa706452cde61309f186901190f520b74f79fe2aafd09e1b79d4769>, OrderingInfo: DecisionNum: 0, BatchIndex: 0, BatchCount: 1; No. Sigs: 0, Common Block: Number: 0, PreviousHash: , DataHash: abd8b4ff9aa706452cde61309f186901190f520b74f79fe2aafd09e1b79d4769; but initial AssemblerConsensusPosition: {DecisionNum:0 BatchIndex:1}
2026-09-16T03:47:29.490740301Z [34m2026-09-16 03:47:29.490 UTC 003d INFO[0m [Assembler2] [34;1mDeliver[0m -> Received new deliver request from client 172.29.0.12:32920
2026-09-16T03:47:29.490755638Z [34m2026-09-16 03:47:29.490 UTC 003d INFO[0m [Assembler1] [34;1mDeliver[0m -> Received new deliver request from client 172.29.0.12:53292
2026-09-16T03:47:29.490757497Z [34m2026-09-16 03:47:29.490 UTC 003d INFO[0m [Assembler3] [34;1mDeliver[0m -> Received new deliver request from client 172.29.0.12:57864
2026-09-16T03:47:29.490758841Z [34m2026-09-16 03:47:29.490 UTC 003d INFO[0m [Assembler4] [34;1mDeliver[0m -> Received new deliver request from client 172.29.0.12:39104
2026-09-16T03:47:31.317384360Z [34m2026-09-16 03:47:31.317 UTC 0001 INFO[0m [ReadConfigRouter] [34;1mapplyGeneralDefaults[0m -> General.Cluster.SendBufferSize is not set, using default value: 2000
2026-09-16T03:47:31.317404758Z [34m2026-09-16 03:47:31.317 UTC 0001 INFO[0m [ReadConfigRouter] [34;1mapplyGeneralDefaults[0m -> General.Cluster.SendBufferSize is not set, using default value: 2000
2026-09-16T03:47:31.317406604Z [34m2026-09-16 03:47:31.317 UTC 0002 INFO[0m [ReadConfigRouter] [34;1mapplyGeneralDefaults[0m -> General.Cluster.RPCTimeout is not set, using default value: 1m0s
2026-09-16T03:47:31.317415540Z [34m2026-09-16 03:47:31.317 UTC 0002 INFO[0m [ReadConfigRouter] [34;1mapplyGeneralDefaults[0m -> General.Cluster.RPCTimeout is not set, using default value: 1m0s
2026-09-16T03:47:31.317416451Z [34m2026-09-16 03:47:31.317 UTC 0003 INFO[0m [ReadConfigRouter] [34;1mapplyGeneralDefaults[0m -> General.Cluster.ReplicationBufferSize is not set, using default value: 52428800
2026-09-16T03:47:31.317417160Z [34m2026-09-16 03:47:31.317 UTC 0003 INFO[0m [ReadConfigRouter] [34;1mapplyGeneralDefaults[0m -> General.Cluster.ReplicationBufferSize is not set, using default value: 52428800
2026-09-16T03:47:31.317417874Z [34m2026-09-16 03:47:31.317 UTC 0004 INFO[0m [ReadConfigRouter] [34;1mapplyGeneralDefaults[0m -> General.Cluster.ReplicationMaxRetryInterval is not set, using default value: 10s
2026-09-16T03:47:31.317418512Z [34m2026-09-16 03:47:31.317 UTC 0004 INFO[0m [ReadConfigRouter] [34;1mapplyGeneralDefaults[0m -> General.Cluster.ReplicationMaxRetryInterval is not set, using default value: 10s
2026-09-16T03:47:31.317419121Z [34m2026-09-16 03:47:31.317 UTC 0005 INFO[0m [ReadConfigRouter] [34;1mapplyGeneralDefaults[0m -> General.Cluster.ReplicationMinRetryInterval is not set, using default value: 200ms
2026-09-16T03:47:31.317419742Z [34m2026-09-16 03:47:31.317 UTC 0005 INFO[0m [ReadConfigRouter] [34;1mapplyGeneralDefaults[0m -> General.Cluster.ReplicationMinRetryInterval is not set, using default value: 200ms
2026-09-16T03:47:31.317420354Z [34m2026-09-16 03:47:31.317 UTC 0006 INFO[0m [ReadConfigRouter] [34;1mapplyGeneralDefaults[0m -> General.Cluster.ReplicationMaxRetryDuration is not set, using default value: 1m0s
2026-09-16T03:47:31.317421580Z [34m2026-09-16 03:47:31.317 UTC 0006 INFO[0m [ReadConfigRouter] [34;1mapplyGeneralDefaults[0m -> General.Cluster.ReplicationMaxRetryDuration is not set, using default value: 1m0s
2026-09-16T03:47:31.317422290Z [34m2026-09-16 03:47:31.317 UTC 0007 INFO[0m [ReadConfigRouter] [34;1mapplyGeneralDefaults[0m -> General.Cluster.CertExpirationWarningThreshold is not set, using default value: 168h0m0s
2026-09-16T03:47:31.317422968Z [34m2026-09-16 03:47:31.317 UTC 0007 INFO[0m [ReadConfigRouter] [34;1mapplyGeneralDefaults[0m -> General.Cluster.CertExpirationWarningThreshold is not set, using default value: 168h0m0s
2026-09-16T03:47:31.317423590Z [34m2026-09-16 03:47:31.317 UTC 0008 INFO[0m [ReadConfigRouter] [34;1mapplyGeneralDefaults[0m -> General.Cluster client TLS credentials are not set, using General.TLS credentials
2026-09-16T03:47:31.317424266Z [34m2026-09-16 03:47:31.317 UTC 0008 INFO[0m [ReadConfigRouter] [34;1mapplyGeneralDefaults[0m -> General.Cluster client TLS credentials are not set, using General.TLS credentials
2026-09-16T03:47:31.317550094Z [34m2026-09-16 03:47:31.317 UTC 0001 INFO[0m [ReadConfigRouter] [34;1mapplyGeneralDefaults[0m -> General.Cluster.SendBufferSize is not set, using default value: 2000
2026-09-16T03:47:31.317557652Z [34m2026-09-16 03:47:31.317 UTC 0001 INFO[0m [ReadConfigRouter] [34;1mapplyGeneralDefaults[0m -> General.Cluster.SendBufferSize is not set, using default value: 2000
2026-09-16T03:47:31.317565141Z [34m2026-09-16 03:47:31.317 UTC 0002 INFO[0m [ReadConfigRouter] [34;1mapplyGeneralDefaults[0m -> General.Cluster.RPCTimeout is not set, using default value: 1m0s
2026-09-16T03:47:31.317566169Z [34m2026-09-16 03:47:31.317 UTC 0003 INFO[0m [ReadConfigRouter] [34;1mapplyGeneralDefaults[0m -> General.Cluster.ReplicationBufferSize is not set, using default value: 52428800
2026-09-16T03:47:31.317566957Z [34m2026-09-16 03:47:31.317 UTC 0002 INFO[0m [ReadConfigRouter] [34;1mapplyGeneralDefaults[0m -> General.Cluster.RPCTimeout is not set, using default value: 1m0s
2026-09-16T03:47:31.317567599Z [34m2026-09-16 03:47:31.317 UTC 0004 INFO[0m [ReadConfigRouter] [34;1mapplyGeneralDefaults[0m -> General.Cluster.ReplicationMaxRetryInterval is not set, using default value: 10s
2026-09-16T03:47:31.317568228Z [34m2026-09-16 03:47:31.317 UTC 0003 INFO[0m [ReadConfigRouter] [34;1mapplyGeneralDefaults[0m -> General.Cluster.ReplicationBufferSize is not set, using default value: 52428800
2026-09-16T03:47:31.317568873Z [34m2026-09-16 03:47:31.317 UTC 0005 INFO[0m [ReadConfigRouter] [34;1mapplyGeneralDefaults[0m -> General.Cluster.ReplicationMinRetryInterval is not set, using default value: 200ms
2026-09-16T03:47:31.317569583Z [34m2026-09-16 03:47:31.317 UTC 0006 INFO[0m [ReadConfigRouter] [34;1mapplyGeneralDefaults[0m -> General.Cluster.ReplicationMaxRetryDuration is not set, using default value: 1m0s
2026-09-16T03:47:31.317570203Z [34m2026-09-16 03:47:31.317 UTC 0004 INFO[0m [ReadConfigRouter] [34;1mapplyGeneralDefaults[0m -> General.Cluster.ReplicationMaxRetryInterval is not set, using default value: 10s
2026-09-16T03:47:31.317570930Z [34m2026-09-16 03:47:31.317 UTC 0007 INFO[0m [ReadConfigRouter] [34;1mapplyGeneralDefaults[0m -> General.Cluster.CertExpirationWarningThreshold is not set, using default value: 168h0m0s
2026-09-16T03:47:31.317572030Z [34m2026-09-16 03:47:31.317 UTC 0005 INFO[0m [ReadConfigRouter] [34;1mapplyGeneralDefaults[0m -> General.Cluster.ReplicationMinRetryInterval is not set, using default value: 200ms
2026-09-16T03:47:31.317572763Z [34m2026-09-16 03:47:31.317 UTC 0008 INFO[0m [ReadConfigRouter] [34;1mapplyGeneralDefaults[0m -> General.Cluster client TLS credentials are not set, using General.TLS credentials
2026-09-16T03:47:31.317573415Z [34m2026-09-16 03:47:31.317 UTC 0006 INFO[0m [ReadConfigRouter] [34;1mapplyGeneralDefaults[0m -> General.Cluster.ReplicationMaxRetryDuration is not set, using default value: 1m0s
2026-09-16T03:47:31.317574035Z [34m2026-09-16 03:47:31.317 UTC 0007 INFO[0m [ReadConfigRouter] [34;1mapplyGeneralDefaults[0m -> General.Cluster.CertExpirationWarningThreshold is not set, using default value: 168h0m0s
2026-09-16T03:47:31.317574677Z [34m2026-09-16 03:47:31.317 UTC 0008 INFO[0m [ReadConfigRouter] [34;1mapplyGeneralDefaults[0m -> General.Cluster client TLS credentials are not set, using General.TLS credentials
2026-09-16T03:47:31.330537700Z [34m2026-09-16 03:47:31.330 UTC 0009 INFO[0m [ReadConfigRouter] [34;1mReadConfig[0m -> Append bootstrap block 0 to the Router config store
2026-09-16T03:47:31.330565473Z [34m2026-09-16 03:47:31.330 UTC 0009 INFO[0m [ReadConfigRouter] [34;1mReadConfig[0m -> Append bootstrap block 0 to the Router config store
2026-09-16T03:47:31.331575082Z [34m2026-09-16 03:47:31.331 UTC 0009 INFO[0m [ReadConfigRouter] [34;1mReadConfig[0m -> Append bootstrap block 0 to the Router config store
2026-09-16T03:47:31.331588394Z [34m2026-09-16 03:47:31.331 UTC 0009 INFO[0m [ReadConfigRouter] [34;1mReadConfig[0m -> Append bootstrap block 0 to the Router config store
2026-09-16T03:47:31.340042102Z [34m2026-09-16 03:47:31.339 UTC 000a INFO[0m [Router1] [34;1mNewRouter[0m -> Creating new router with PartyID: 1
2026-09-16T03:47:31.340198818Z [34m2026-09-16 03:47:31.340 UTC 000a INFO[0m [Router3] [34;1mNewRouter[0m -> Creating new router with PartyID: 3
2026-09-16T03:47:31.340630305Z [34m2026-09-16 03:47:31.340 UTC 000a INFO[0m [Router4] [34;1mNewRouter[0m -> Creating new router with PartyID: 4
2026-09-16T03:47:31.340919027Z [34m2026-09-16 03:47:31.340 UTC 000a INFO[0m [Router2] [34;1mNewRouter[0m -> Creating new router with PartyID: 2
2026-09-16T03:47:31.344680175Z [34m2026-09-16 03:47:31.344 UTC 000b INFO[0m [Router4] [34;1mInitializeAndReadAll[0m -> Trying to creating a Write-Ahead-Log at dir: /data/arma/party4/router/wal
2026-09-16T03:47:31.344688495Z [34m2026-09-16 03:47:31.344 UTC 000b INFO[0m [Router3] [34;1mInitializeAndReadAll[0m -> Trying to creating a Write-Ahead-Log at dir: /data/arma/party3/router/wal
2026-09-16T03:47:31.344689993Z [34m2026-09-16 03:47:31.344 UTC 000b INFO[0m [Router1] [34;1mInitializeAndReadAll[0m -> Trying to creating a Write-Ahead-Log at dir: /data/arma/party1/router/wal
2026-09-16T03:47:31.344690977Z [34m2026-09-16 03:47:31.344 UTC 000b INFO[0m [Router2] [34;1mInitializeAndReadAll[0m -> Trying to creating a Write-Ahead-Log at dir: /data/arma/party2/router/wal
2026-09-16T03:47:31.346326313Z [34m2026-09-16 03:47:31.346 UTC 000c INFO[0m [Router2] [34;1mCreate[0m -> Write-Ahead-Log created successfully, mode: WRITE, dir: /data/arma/party2/router/wal
2026-09-16T03:47:31.346336428Z [34m2026-09-16 03:47:31.346 UTC 000c INFO[0m [Router3] [34;1mCreate[0m -> Write-Ahead-Log created successfully, mode: WRITE, dir: /data/arma/party3/router/wal
2026-09-16T03:47:31.346338146Z [34m2026-09-16 03:47:31.346 UTC 000c INFO[0m [Router4] [34;1mCreate[0m -> Write-Ahead-Log created successfully, mode: WRITE, dir: /data/arma/party4/router/wal
2026-09-16T03:47:31.346339122Z [34m2026-09-16 03:47:31.346 UTC 000c INFO[0m [Router1] [34;1mCreate[0m -> Write-Ahead-Log created successfully, mode: WRITE, dir: /data/arma/party1/router/wal
2026-09-16T03:47:31.346340097Z [34m2026-09-16 03:47:31.346 UTC 000d INFO[0m [Router2] [34;1mInitializeAndReadAll[0m -> Write-Ahead-Log initialized successfully, initial state contains 0 entries
2026-09-16T03:47:31.346340957Z [34m2026-09-16 03:47:31.346 UTC 000d INFO[0m [Router3] [34;1mInitializeAndReadAll[0m -> Write-Ahead-Log initialized successfully, initial state contains 0 entries
2026-09-16T03:47:31.346350436Z [34m2026-09-16 03:47:31.346 UTC 000d INFO[0m [Router4] [34;1mInitializeAndReadAll[0m -> Write-Ahead-Log initialized successfully, initial state contains 0 entries
2026-09-16T03:47:31.346351567Z [34m2026-09-16 03:47:31.346 UTC 000d INFO[0m [Router1] [34;1mInitializeAndReadAll[0m -> Write-Ahead-Log initialized successfully, initial state contains 0 entries
2026-09-16T03:47:31.346352433Z [34m2026-09-16 03:47:31.346 UTC 000e INFO[0m [Router3] [34;1mgetNextDecisionNumber[0m -> No entries in router's WAL
2026-09-16T03:47:31.346353257Z [34m2026-09-16 03:47:31.346 UTC 000e INFO[0m [Router2] [34;1mgetNextDecisionNumber[0m -> No entries in router's WAL
2026-09-16T03:47:31.346354053Z [34m2026-09-16 03:47:31.346 UTC 000e INFO[0m [Router4] [34;1mgetNextDecisionNumber[0m -> No entries in router's WAL
2026-09-16T03:47:31.346354966Z [34m2026-09-16 03:47:31.346 UTC 000e INFO[0m [Router1] [34;1mgetNextDecisionNumber[0m -> No entries in router's WAL
2026-09-16T03:47:31.346485997Z [34m2026-09-16 03:47:31.346 UTC 000f INFO[0m [Router3] [34;1mgetNextDecisionNumber[0m -> Last config block is genesis block. Router will start pulling consensus decisions from decision number 1
2026-09-16T03:47:31.346491242Z [34m2026-09-16 03:47:31.346 UTC 0010 INFO[0m [Router3] [34;1minitFromConfig[0m -> Initializing router with PartyID: 3 from config with sequence: 0
2026-09-16T03:47:31.346493029Z [34m2026-09-16 03:47:31.346 UTC 000f INFO[0m [Router4] [34;1mgetNextDecisionNumber[0m -> Last config block is genesis block. Router will start pulling consensus decisions from decision number 1
2026-09-16T03:47:31.346494180Z [34m2026-09-16 03:47:31.346 UTC 0010 INFO[0m [Router4] [34;1minitFromConfig[0m -> Initializing router with PartyID: 4 from config with sequence: 0
2026-09-16T03:47:31.346591329Z [34m2026-09-16 03:47:31.346 UTC 000f INFO[0m [Router1] [34;1mgetNextDecisionNumber[0m -> Last config block is genesis block. Router will start pulling consensus decisions from decision number 1
2026-09-16T03:47:31.346599213Z [34m2026-09-16 03:47:31.346 UTC 0010 INFO[0m [Router1] [34;1minitFromConfig[0m -> Initializing router with PartyID: 1 from config with sequence: 0
2026-09-16T03:47:31.347081458Z [34m2026-09-16 03:47:31.346 UTC 000f INFO[0m [Router2] [34;1mgetNextDecisionNumber[0m -> Last config block is genesis block. Router will start pulling consensus decisions from decision number 1
2026-09-16T03:47:31.347088087Z [34m2026-09-16 03:47:31.346 UTC 0010 INFO[0m [Router2] [34;1minitFromConfig[0m -> Initializing router with PartyID: 2 from config with sequence: 0
2026-09-16T03:47:31.360156664Z [34m2026-09-16 03:47:31.359 UTC 0011 INFO[0m [Router4] [34;1minitFromConfig[0m -> Prometheus serving on URL: http://127.0.0.1:46589/metrics
2026-09-16T03:47:31.360187347Z [34m2026-09-16 03:47:31.359 UTC 0012 INFO[0m [Router4] [34;1minitFromConfig[0m -> Health check serving on URL: http://127.0.0.1:46589/healthz
2026-09-16T03:47:31.360200325Z [34m2026-09-16 03:47:31.359 UTC 0013 INFO[0m [Router4] [34;1minitFromConfig[0m -> Logging spec service serving on URL: http://127.0.0.1:46589/logspec
2026-09-16T03:47:31.360201640Z [34m2026-09-16 03:47:31.359 UTC 0014 INFO[0m [Router4] [34;1minitFromConfig[0m -> Version info serving on URL: http://127.0.0.1:46589/version
2026-09-16T03:47:31.360202745Z [34m2026-09-16 03:47:31.359 UTC 0015 INFO[0m [Router4] [34;1minitFromConfig[0m -> Router with PartyID: 4 has been initialized from config with sequence: 0
2026-09-16T03:47:31.360203648Z [34m2026-09-16 03:47:31.359 UTC 0016 INFO[0m [Router4] [34;1mtrackMetrics[0m -> Reporting routine is starting
2026-09-16T03:47:31.360204504Z [34m2026-09-16 03:47:31.360 UTC 0017 INFO[0m [Router4] [34;1mStart[0m -> config submitter is starting
2026-09-16T03:47:31.360205361Z [34m2026-09-16 03:47:31.360 UTC 0018 INFO[0m [Router4] [34;1mreadConfigRequests[0m -> config submitter start listening for requests
2026-09-16T03:47:31.360206205Z [34m2026-09-16 03:47:31.360 UTC 0019 INFO[0m [Router4] [34;1mfunc1[0m -> Router network service is starting on [::]:6322
2026-09-16T03:47:31.360207025Z [34m2026-09-16 03:47:31.360 UTC 001a INFO[0m [Router4] [34;1mPull[0m -> Started pulling from: consensus-decision-replicate
2026-09-16T03:47:31.360207827Z [34m2026-09-16 03:47:31.360 UTC 001b INFO[0m [Router4] [34;1mPull[0m -> Endpoint to pull from is 172.29.0.10:6325
2026-09-16T03:47:31.360208626Z [34m2026-09-16 03:47:31.360 UTC 001c INFO[0m [Router4] [34;1mfunc1[0m -> Router listening on [::]:6322, PartyID: 4
2026-09-16T03:47:31.360264817Z [34m2026-09-16 03:47:31.360 UTC 0011 INFO[0m [Router1] [34;1minitFromConfig[0m -> Prometheus serving on URL: http://127.0.0.1:35397/metrics
2026-09-16T03:47:31.360274213Z [34m2026-09-16 03:47:31.360 UTC 0012 INFO[0m [Router1] [34;1minitFromConfig[0m -> Health check serving on URL: http://127.0.0.1:35397/healthz
2026-09-16T03:47:31.360275761Z [34m2026-09-16 03:47:31.360 UTC 0011 INFO[0m [Router3] [34;1minitFromConfig[0m -> Prometheus serving on URL: http://127.0.0.1:36835/metrics
2026-09-16T03:47:31.360276727Z [34m2026-09-16 03:47:31.360 UTC 0013 INFO[0m [Router1] [34;1minitFromConfig[0m -> Logging spec service serving on URL: http://127.0.0.1:35397/logspec
2026-09-16T03:47:31.360277634Z [34m2026-09-16 03:47:31.360 UTC 0014 INFO[0m [Router1] [34;1minitFromConfig[0m -> Version info serving on URL: http://127.0.0.1:35397/version
2026-09-16T03:47:31.360278475Z [34m2026-09-16 03:47:31.360 UTC 0012 INFO[0m [Router3] [34;1minitFromConfig[0m -> Health check serving on URL: http://127.0.0.1:36835/healthz
2026-09-16T03:47:31.360279241Z [34m2026-09-16 03:47:31.360 UTC 0015 INFO[0m [Router1] [34;1minitFromConfig[0m -> Router with PartyID: 1 has been initialized from config with sequence: 0
2026-09-16T03:47:31.360280063Z [34m2026-09-16 03:47:31.360 UTC 0013 INFO[0m [Router3] [34;1minitFromConfig[0m -> Logging spec service serving on URL: http://127.0.0.1:36835/logspec
2026-09-16T03:47:31.360289847Z [34m2026-09-16 03:47:31.360 UTC 0016 INFO[0m [Router1] [34;1mStart[0m -> config submitter is starting
2026-09-16T03:47:31.360291032Z [34m2026-09-16 03:47:31.360 UTC 0014 INFO[0m [Router3] [34;1minitFromConfig[0m -> Version info serving on URL: http://127.0.0.1:36835/version
2026-09-16T03:47:31.360336604Z [34m2026-09-16 03:47:31.360 UTC 0015 INFO[0m [Router3] [34;1minitFromConfig[0m -> Router with PartyID: 3 has been initialized from config with sequence: 0
2026-09-16T03:47:31.360342687Z [34m2026-09-16 03:47:31.360 UTC 0011 INFO[0m [Router2] [34;1minitFromConfig[0m -> Prometheus serving on URL: http://127.0.0.1:44863/metrics
2026-09-16T03:47:31.360395298Z [34m2026-09-16 03:47:31.360 UTC 0012 INFO[0m [Router2] [34;1minitFromConfig[0m -> Health check serving on URL: http://127.0.0.1:44863/healthz
2026-09-16T03:47:31.360397956Z [34m2026-09-16 03:47:31.360 UTC 0013 INFO[0m [Router2] [34;1minitFromConfig[0m -> Logging spec service serving on URL: http://127.0.0.1:44863/logspec
2026-09-16T03:47:31.360398899Z [34m2026-09-16 03:47:31.360 UTC 0014 INFO[0m [Router2] [34;1minitFromConfig[0m -> Version info serving on URL: http://127.0.0.1:44863/version
2026-09-16T03:47:31.360400190Z [34m2026-09-16 03:47:31.360 UTC 0015 INFO[0m [Router2] [34;1minitFromConfig[0m -> Router with PartyID: 2 has been initialized from config with sequence: 0
2026-09-16T03:47:31.360485586Z [34m2026-09-16 03:47:31.360 UTC 0016 INFO[0m [Router2] [34;1mStart[0m -> config submitter is starting
2026-09-16T03:47:31.360493139Z [34m2026-09-16 03:47:31.360 UTC 0017 INFO[0m [Router2] [34;1mtrackMetrics[0m -> Reporting routine is starting
2026-09-16T03:47:31.360494315Z [34m2026-09-16 03:47:31.360 UTC 0018 INFO[0m [Router2] [34;1mfunc1[0m -> Router network service is starting on [::]:6122
2026-09-16T03:47:31.360495027Z [34m2026-09-16 03:47:31.360 UTC 0016 INFO[0m [Router3] [34;1mtrackMetrics[0m -> Reporting routine is starting
2026-09-16T03:47:31.360495760Z [34m2026-09-16 03:47:31.360 UTC 0019 INFO[0m [Router2] [34;1mreadConfigRequests[0m -> config submitter start listening for requests
2026-09-16T03:47:31.360558670Z [34m2026-09-16 03:47:31.360 UTC 0017 INFO[0m [Router3] [34;1mStart[0m -> config submitter is starting
2026-09-16T03:47:31.360564672Z [34m2026-09-16 03:47:31.360 UTC 001a INFO[0m [Router2] [34;1mPull[0m -> Started pulling from: consensus-decision-replicate
2026-09-16T03:47:31.360566131Z [34m2026-09-16 03:47:31.360 UTC 001b INFO[0m [Router2] [34;1mPull[0m -> Endpoint to pull from is 172.29.0.10:6125
2026-09-16T03:47:31.360567222Z [34m2026-09-16 03:47:31.360 UTC 0017 INFO[0m [Router1] [34;1mfunc1[0m -> Router listening on [::]:6022, PartyID: 1
2026-09-16T03:47:31.360568139Z [34m2026-09-16 03:47:31.360 UTC 0018 INFO[0m [Router1] [34;1mreadConfigRequests[0m -> config submitter start listening for requests
2026-09-16T03:47:31.360608599Z [34m2026-09-16 03:47:31.360 UTC 0018 INFO[0m [Router3] [34;1mreadConfigRequests[0m -> config submitter start listening for requests
2026-09-16T03:47:31.360702260Z [34m2026-09-16 03:47:31.360 UTC 0019 INFO[0m [Router1] [34;1mPull[0m -> Started pulling from: consensus-decision-replicate
2026-09-16T03:47:31.360706648Z [34m2026-09-16 03:47:31.360 UTC 0019 INFO[0m [Router3] [34;1mfunc1[0m -> Router network service is starting on [::]:6222
2026-09-16T03:47:31.360707822Z [34m2026-09-16 03:47:31.360 UTC 001a INFO[0m [Router3] [34;1mfunc1[0m -> Router listening on [::]:6222, PartyID: 3
2026-09-16T03:47:31.360708646Z [34m2026-09-16 03:47:31.360 UTC 001c INFO[0m [Router2] [34;1mfunc1[0m -> Router listening on [::]:6122, PartyID: 2
2026-09-16T03:47:31.360709394Z [34m2026-09-16 03:47:31.360 UTC 001b INFO[0m [Router3] [34;1mPull[0m -> Started pulling from: consensus-decision-replicate
2026-09-16T03:47:31.360710040Z [34m2026-09-16 03:47:31.360 UTC 001c INFO[0m [Router3] [34;1mPull[0m -> Endpoint to pull from is 172.29.0.10:6225
2026-09-16T03:47:31.360756940Z [34m2026-09-16 03:47:31.360 UTC 001a INFO[0m [Router1] [34;1mPull[0m -> Endpoint to pull from is 172.29.0.10:6025
2026-09-16T03:47:31.360927593Z [34m2026-09-16 03:47:31.360 UTC 001b INFO[0m [Router1] [34;1mtrackMetrics[0m -> Reporting routine is starting
2026-09-16T03:47:31.360934865Z [34m2026-09-16 03:47:31.360 UTC 001c INFO[0m [Router1] [34;1mfunc1[0m -> Router network service is starting on [::]:6022
2026-09-16T03:47:31.361721946Z [34m2026-09-16 03:47:31.361 UTC 001d INFO[0m [Router4] [34;1mpullBlocks[0m -> Started pulling blocks from: consensus-decision-replicate
2026-09-16T03:47:31.361948559Z [34m2026-09-16 03:47:31.361 UTC 001d INFO[0m [Router3] [34;1mpullBlocks[0m -> Started pulling blocks from: consensus-decision-replicate
2026-09-16T03:47:31.362116573Z [34m2026-09-16 03:47:31.362 UTC 001d INFO[0m [Router2] [34;1mpullBlocks[0m -> Started pulling blocks from: consensus-decision-replicate
2026-09-16T03:47:31.362483725Z [34m2026-09-16 03:47:31.362 UTC 001d INFO[0m [Router1] [34;1mpullBlocks[0m -> Started pulling blocks from: consensus-decision-replicate
2026-09-16T03:47:32.282290652Z [34m2026-09-16 03:47:32.281 UTC 001e INFO[0m [Router2] [34;1mBroadcast[0m -> Client connected: 172.29.0.10:52162
2026-09-16T03:47:32.282966342Z [34m2026-09-16 03:47:32.282 UTC 001e INFO[0m [Router3] [34;1mBroadcast[0m -> Client connected: 172.29.0.10:38158
2026-09-16T03:47:32.283934203Z [34m2026-09-16 03:47:32.283 UTC 001e INFO[0m [Router4] [34;1mBroadcast[0m -> Client connected: 172.29.0.10:58506
2026-09-16T03:47:32.283940115Z [34m2026-09-16 03:47:32.283 UTC 001e INFO[0m [Router1] [34;1mBroadcast[0m -> Client connected: 172.29.0.10:50796
2026-09-16T03:47:32.474487296Z [34m2026-09-16 03:47:32.474 UTC 0023 INFO[0m [Batcher2Shard1] [34;1mrunPrimary[0m -> Batcher batched a total of 1 requests for sequence 0
2026-09-16T03:47:32.479640533Z [34m2026-09-16 03:47:32.479 UTC 0024 INFO[0m [Batcher2Shard1] [34;1mSendBAF[0m -> Sending batch attestation fragment for seq 0 with digest 41f37365e27fb924bb5f9cd1a1f7cb291c0ad08b8032f9fefea2e16b9902d4c6
2026-09-16T03:47:32.480191618Z [34m2026-09-16 03:47:32.479 UTC 003e INFO[0m [Assembler2] [34;1mfunc3[0m -> Assembler pulled from 172.29.0.10:6124 batch Sh,Pr,Sq,Dg: <1,2,0,41f37365e27fb924bb5f9cd1a1f7cb291c0ad08b8032f9fefea2e16b9902d4c6>
2026-09-16T03:47:32.480202057Z [34m2026-09-16 03:47:32.480 UTC 0026 INFO[0m [Batcher1Shard1] [34;1mfunc3[0m -> [shard1party2-arma] Fetched batch 0 with 1 transactions
2026-09-16T03:47:32.480204690Z [34m2026-09-16 03:47:32.480 UTC 0026 INFO[0m [Batcher4Shard1] [34;1mfunc3[0m -> [shard1party2-arma] Fetched batch 0 with 1 transactions
2026-09-16T03:47:32.480206771Z [34m2026-09-16 03:47:32.480 UTC 0026 INFO[0m [Batcher3Shard1] [34;1mfunc3[0m -> [shard1party2-arma] Fetched batch 0 with 1 transactions
2026-09-16T03:47:32.480511308Z [34m2026-09-16 03:47:32.480 UTC 0027 INFO[0m [Batcher4Shard1] [34;1mrunSecondary[0m -> Secondary batcher 4 (shard 1; current primary 2) appending to ledger batch with seq 0 and 1 requests
2026-09-16T03:47:32.480545557Z [34m2026-09-16 03:47:32.480 UTC 0027 INFO[0m [Batcher1Shard1] [34;1mrunSecondary[0m -> Secondary batcher 1 (shard 1; current primary 2) appending to ledger batch with seq 0 and 1 requests
2026-09-16T03:47:32.480629897Z [34m2026-09-16 03:47:32.480 UTC 0027 INFO[0m [Batcher3Shard1] [34;1mrunSecondary[0m -> Secondary batcher 3 (shard 1; current primary 2) appending to ledger batch with seq 0 and 1 requests
2026-09-16T03:47:32.481536628Z [34m2026-09-16 03:47:32.481 UTC 0025 INFO[0m [Batcher2Shard1] [34;1mfunc1[0m -> Sending control event took 1.844501ms
2026-09-16T03:47:32.481582688Z [34m2026-09-16 03:47:32.481 UTC 0026 INFO[0m [Batcher2Shard1] [34;1mfunc1[0m -> Sending control event took 1.888472ms
2026-09-16T03:47:32.481588291Z [34m2026-09-16 03:47:32.481 UTC 0027 INFO[0m [Batcher2Shard1] [34;1mfunc1[0m -> Sending control event took 1.946459ms
2026-09-16T03:47:32.481755301Z [34m2026-09-16 03:47:32.481 UTC 0028 INFO[0m [Batcher2Shard1] [34;1mfunc1[0m -> Sending control event took 1.892719ms
2026-09-16T03:47:32.481763021Z [34m2026-09-16 03:47:32.481 UTC 0029 INFO[0m [Batcher2Shard1] [34;1mBroadcastControlEvent[0m -> Control event sent to quorum (4 out of 4)
2026-09-16T03:47:32.483895655Z [34m2026-09-16 03:47:32.483 UTC 0028 INFO[0m [Batcher4Shard1] [34;1mSendBAF[0m -> Sending batch attestation fragment for seq 0 with digest 41f37365e27fb924bb5f9cd1a1f7cb291c0ad08b8032f9fefea2e16b9902d4c6
2026-09-16T03:47:32.483901171Z [34m2026-09-16 03:47:32.483 UTC 0028 INFO[0m [Batcher1Shard1] [34;1mSendBAF[0m -> Sending batch attestation fragment for seq 0 with digest 41f37365e27fb924bb5f9cd1a1f7cb291c0ad08b8032f9fefea2e16b9902d4c6
2026-09-16T03:47:32.483916366Z [34m2026-09-16 03:47:32.483 UTC 0028 INFO[0m [Batcher3Shard1] [34;1mSendBAF[0m -> Sending batch attestation fragment for seq 0 with digest 41f37365e27fb924bb5f9cd1a1f7cb291c0ad08b8032f9fefea2e16b9902d4c6
2026-09-16T03:47:32.483917822Z [34m2026-09-16 03:47:32.483 UTC 003e INFO[0m [Assembler4] [34;1mfunc3[0m -> Assembler pulled from 172.29.0.10:6324 batch Sh,Pr,Sq,Dg: <1,2,0,41f37365e27fb924bb5f9cd1a1f7cb291c0ad08b8032f9fefea2e16b9902d4c6>
2026-09-16T03:47:32.485277052Z [34m2026-09-16 03:47:32.484 UTC 003e INFO[0m [Assembler3] [34;1mfunc3[0m -> Assembler pulled from 172.29.0.10:6224 batch Sh,Pr,Sq,Dg: <1,2,0,41f37365e27fb924bb5f9cd1a1f7cb291c0ad08b8032f9fefea2e16b9902d4c6>
2026-09-16T03:47:32.485283189Z [34m2026-09-16 03:47:32.484 UTC 003e INFO[0m [Assembler1] [34;1mfunc3[0m -> Assembler pulled from 172.29.0.10:6024 batch Sh,Pr,Sq,Dg: <1,2,0,41f37365e27fb924bb5f9cd1a1f7cb291c0ad08b8032f9fefea2e16b9902d4c6>
2026-09-16T03:47:32.485284493Z [34m2026-09-16 03:47:32.484 UTC 0029 INFO[0m [Batcher3Shard1] [34;1mfunc1[0m -> Sending control event took 1.267152ms
2026-09-16T03:47:32.485417846Z [34m2026-09-16 03:47:32.485 UTC 0029 INFO[0m [Batcher4Shard1] [34;1mfunc1[0m -> Sending control event took 1.35947ms
2026-09-16T03:47:32.485512050Z [34m2026-09-16 03:47:32.485 UTC 002a INFO[0m [Batcher4Shard1] [34;1mfunc1[0m -> Sending control event took 1.197745ms
2026-09-16T03:47:32.485515980Z [34m2026-09-16 03:47:32.485 UTC 002a INFO[0m [Batcher3Shard1] [34;1mfunc1[0m -> Sending control event took 1.426949ms
2026-09-16T03:47:32.485516955Z [34m2026-09-16 03:47:32.485 UTC 0029 INFO[0m [Batcher1Shard1] [34;1mfunc1[0m -> Sending control event took 1.60949ms
2026-09-16T03:47:32.485517716Z [34m2026-09-16 03:47:32.485 UTC 002a INFO[0m [Batcher1Shard1] [34;1mfunc1[0m -> Sending control event took 1.6744ms
2026-09-16T03:47:32.485520504Z [34m2026-09-16 03:47:32.485 UTC 002b INFO[0m [Batcher3Shard1] [34;1mfunc1[0m -> Sending control event took 1.711119ms
2026-09-16T03:47:32.485587847Z [34m2026-09-16 03:47:32.485 UTC 002b INFO[0m [Batcher4Shard1] [34;1mfunc1[0m -> Sending control event took 1.664854ms
2026-09-16T03:47:32.485779405Z [34m2026-09-16 03:47:32.485 UTC 002b INFO[0m [Batcher1Shard1] [34;1mfunc1[0m -> Sending control event took 1.885169ms
2026-09-16T03:47:32.485885321Z [34m2026-09-16 03:47:32.485 UTC 002c INFO[0m [Batcher4Shard1] [34;1mfunc1[0m -> Sending control event took 2.050492ms
2026-09-16T03:47:32.485890762Z [34m2026-09-16 03:47:32.485 UTC 002d INFO[0m [Batcher4Shard1] [34;1mBroadcastControlEvent[0m -> Control event sent to quorum (4 out of 4)
2026-09-16T03:47:32.485891905Z [34m2026-09-16 03:47:32.485 UTC 002c INFO[0m [Batcher3Shard1] [34;1mfunc1[0m -> Sending control event took 2.169757ms
2026-09-16T03:47:32.485892762Z [34m2026-09-16 03:47:32.485 UTC 002d INFO[0m [Batcher3Shard1] [34;1mBroadcastControlEvent[0m -> Control event sent to quorum (4 out of 4)
2026-09-16T03:47:32.486126721Z [34m2026-09-16 03:47:32.485 UTC 002c INFO[0m [Batcher1Shard1] [34;1mfunc1[0m -> Sending control event took 2.28022ms
2026-09-16T03:47:32.486129953Z [34m2026-09-16 03:47:32.486 UTC 002d INFO[0m [Batcher1Shard1] [34;1mBroadcastControlEvent[0m -> Control event sent to quorum (4 out of 4)
2026-09-16T03:47:32.487040080Z [34m2026-09-16 03:47:32.486 UTC 002a INFO[0m [Batcher2Shard1] [34;1mNotifyAck[0m -> Starting to handle acks from batcher 4
2026-09-16T03:47:32.487186564Z [34m2026-09-16 03:47:32.487 UTC 002b INFO[0m [Batcher2Shard1] [34;1mNotifyAck[0m -> Starting to handle acks from batcher 1
2026-09-16T03:47:32.487191955Z [34m2026-09-16 03:47:32.487 UTC 002c INFO[0m [Batcher2Shard1] [34;1mNotifyAck[0m -> Starting to handle acks from batcher 3
2026-09-16T03:47:32.494157883Z [34m2026-09-16 03:47:32.494 UTC 0023 INFO[0m [Consensus1] [34;1mAssembleProposal[0m -> Creating proposal with 1 attestations and new state: State{N: 4, Quorum: 3, Threshold: 2, ShardCount: 1, 
2026-09-16T03:47:32.494166460Z Pending: none, 
2026-09-16T03:47:32.494167735Z Complaints: none}
2026-09-16T03:47:32.494169077Z [34m2026-09-16 03:47:32.494 UTC 0024 INFO[0m [Consensus1] [34;1mAssembleProposal[0m -> Proposing available common data block: number=1, prevHash=dcedc2913d51c731786b893a0ea6985be664d225f058920eebb4e1127bce154f, dataHash=41f37365e27fb924bb5f9cd1a1f7cb291c0ad08b8032f9fefea2e16b9902d4c6, numOfReqs=1, decisionNum=1, blockIndex=0/1, lastConfigBlockNum=0
2026-09-16T03:47:32.496688857Z [34m2026-09-16 03:47:32.496 UTC 0025 INFO[0m [Consensus1] [34;1mprocessProposal[0m -> Processed proposal with seq 1
2026-09-16T03:47:32.498799601Z [34m2026-09-16 03:47:32.498 UTC 0023 INFO[0m [Consensus2] [34;1mprocessProposal[0m -> Processed proposal with seq 1
2026-09-16T03:47:32.499338034Z [34m2026-09-16 03:47:32.499 UTC 0023 INFO[0m [Consensus3] [34;1mprocessProposal[0m -> Processed proposal with seq 1
2026-09-16T03:47:32.499508438Z [34m2026-09-16 03:47:32.499 UTC 0024 INFO[0m [Consensus3] [34;1mprocessPrepares[0m -> 3 collected 2 prepares from [1 2]
2026-09-16T03:47:32.499709148Z [34m2026-09-16 03:47:32.499 UTC 0024 INFO[0m [Consensus2] [34;1mprocessPrepares[0m -> 2 collected 2 prepares from [1 3]
2026-09-16T03:47:32.499714483Z [34m2026-09-16 03:47:32.499 UTC 0026 INFO[0m [Consensus1] [34;1mprocessPrepares[0m -> 1 collected 2 prepares from [2 3]
2026-09-16T03:47:32.499834321Z [34m2026-09-16 03:47:32.499 UTC 0023 INFO[0m [Consensus4] [34;1mprocessProposal[0m -> Processed proposal with seq 1
2026-09-16T03:47:32.500112681Z [34m2026-09-16 03:47:32.500 UTC 0024 INFO[0m [Consensus4] [34;1mprocessPrepares[0m -> 4 collected 2 prepares from [1 2]
2026-09-16T03:47:32.500838796Z [34m2026-09-16 03:47:32.500 UTC 0025 INFO[0m [Consensus3] [34;1mprocessPrepares[0m -> Processed prepares for proposal with seq 1
2026-09-16T03:47:32.500850711Z [34m2026-09-16 03:47:32.500 UTC 0025 INFO[0m [Consensus2] [34;1mprocessPrepares[0m -> Processed prepares for proposal with seq 1
2026-09-16T03:47:32.501864714Z [34m2026-09-16 03:47:32.501 UTC 0027 INFO[0m [Consensus1] [34;1mprocessPrepares[0m -> Processed prepares for proposal with seq 1
2026-09-16T03:47:32.501875364Z [34m2026-09-16 03:47:32.501 UTC 0025 INFO[0m [Consensus4] [34;1mprocessPrepares[0m -> Processed prepares for proposal with seq 1
2026-09-16T03:47:32.502119931Z [34m2026-09-16 03:47:32.502 UTC 0028 INFO[0m [Consensus1] [34;1mprocessCommits[0m -> 1 collected 2 commits from [3 2]
2026-09-16T03:47:32.502123327Z [34m2026-09-16 03:47:32.502 UTC 0029 INFO[0m [Consensus1] [34;1mprepared[0m -> 1 processed commits for proposal with seq 1
2026-09-16T03:47:32.502124586Z [34m2026-09-16 03:47:32.502 UTC 002a INFO[0m [Consensus1] [34;1mdecide[0m -> Deciding on seq 1
2026-09-16T03:47:32.502125581Z [34m2026-09-16 03:47:32.502 UTC 002b INFO[0m [Consensus1] [34;1mstartNextSeq[0m -> Sequence: 1-->2
2026-09-16T03:47:32.502273575Z [34m2026-09-16 03:47:32.502 UTC 0026 INFO[0m [Consensus4] [34;1mprocessCommits[0m -> 4 collected 2 commits from [2 1]
2026-09-16T03:47:32.502280653Z [34m2026-09-16 03:47:32.502 UTC 0027 INFO[0m [Consensus4] [34;1mprepared[0m -> 4 processed commits for proposal with seq 1
2026-09-16T03:47:32.502282254Z [34m2026-09-16 03:47:32.502 UTC 0028 INFO[0m [Consensus4] [34;1mdecide[0m -> Deciding on seq 1
2026-09-16T03:47:32.502283258Z [34m2026-09-16 03:47:32.502 UTC 0029 INFO[0m [Consensus4] [34;1mstartNextSeq[0m -> Sequence: 1-->2
2026-09-16T03:47:32.502284170Z [34m2026-09-16 03:47:32.502 UTC 0026 INFO[0m [Consensus3] [34;1mprocessCommits[0m -> 3 collected 2 commits from [2 1]
2026-09-16T03:47:32.502285045Z [34m2026-09-16 03:47:32.502 UTC 0027 INFO[0m [Consensus3] [34;1mprepared[0m -> 3 processed commits for proposal with seq 1
2026-09-16T03:47:32.502285862Z [34m2026-09-16 03:47:32.502 UTC 0028 INFO[0m [Consensus3] [34;1mdecide[0m -> Deciding on seq 1
2026-09-16T03:47:32.502286707Z [34m2026-09-16 03:47:32.502 UTC 0029 INFO[0m [Consensus3] [34;1mstartNextSeq[0m -> Sequence: 1-->2
2026-09-16T03:47:32.502357800Z [34m2026-09-16 03:47:32.502 UTC 0026 INFO[0m [Consensus2] [34;1mprocessCommits[0m -> 2 collected 2 commits from [3 4]
2026-09-16T03:47:32.502363479Z [34m2026-09-16 03:47:32.502 UTC 0027 INFO[0m [Consensus2] [34;1mprepared[0m -> 2 processed commits for proposal with seq 1
2026-09-16T03:47:32.502365095Z [34m2026-09-16 03:47:32.502 UTC 0028 INFO[0m [Consensus2] [34;1mdecide[0m -> Deciding on seq 1
2026-09-16T03:47:32.502366947Z [34m2026-09-16 03:47:32.502 UTC 0029 INFO[0m [Consensus2] [34;1mstartNextSeq[0m -> Sequence: 1-->2
2026-09-16T03:47:32.505685288Z [34m2026-09-16 03:47:32.505 UTC 003f INFO[0m [Assembler1] [34;1mfunc3[0m -> Decision 1, with 1 AvailableCommonBlocks
2026-09-16T03:47:32.505707919Z [34m2026-09-16 03:47:32.505 UTC 0040 INFO[0m [Assembler1] [34;1mfunc3[0m -> BA index: 0; BatchID: Sh,Pr,Sq,Dg: <1,2,0,41f37365e27fb924bb5f9cd1a1f7cb291c0ad08b8032f9fefea2e16b9902d4c6>; Common Block: Number: 1, PreviousHash: dcedc2913d51c731786b893a0ea6985be664d225f058920eebb4e1127bce154f, DataHash: 41f37365e27fb924bb5f9cd1a1f7cb291c0ad08b8032f9fefea2e16b9902d4c6; BA block signers: [3 2 1]
2026-09-16T03:47:32.506584187Z [34m2026-09-16 03:47:32.506 UTC 003f INFO[0m [Assembler2] [34;1mfunc3[0m -> Decision 1, with 1 AvailableCommonBlocks
2026-09-16T03:47:32.506593185Z [34m2026-09-16 03:47:32.506 UTC 003f INFO[0m [Assembler3] [34;1mfunc3[0m -> Decision 1, with 1 AvailableCommonBlocks
2026-09-16T03:47:32.506594393Z [34m2026-09-16 03:47:32.506 UTC 0040 INFO[0m [Assembler2] [34;1mfunc3[0m -> BA index: 0; BatchID: Sh,Pr,Sq,Dg: <1,2,0,41f37365e27fb924bb5f9cd1a1f7cb291c0ad08b8032f9fefea2e16b9902d4c6>; Common Block: Number: 1, PreviousHash: dcedc2913d51c731786b893a0ea6985be664d225f058920eebb4e1127bce154f, DataHash: 41f37365e27fb924bb5f9cd1a1f7cb291c0ad08b8032f9fefea2e16b9902d4c6; BA block signers: [3 4 2]
2026-09-16T03:47:32.506595423Z [34m2026-09-16 03:47:32.506 UTC 003f INFO[0m [Assembler4] [34;1mfunc3[0m -> Decision 1, with 1 AvailableCommonBlocks
2026-09-16T03:47:32.506596098Z [34m2026-09-16 03:47:32.506 UTC 0040 INFO[0m [Assembler3] [34;1mfunc3[0m -> BA index: 0; BatchID: Sh,Pr,Sq,Dg: <1,2,0,41f37365e27fb924bb5f9cd1a1f7cb291c0ad08b8032f9fefea2e16b9902d4c6>; Common Block: Number: 1, PreviousHash: dcedc2913d51c731786b893a0ea6985be664d225f058920eebb4e1127bce154f, DataHash: 41f37365e27fb924bb5f9cd1a1f7cb291c0ad08b8032f9fefea2e16b9902d4c6; BA block signers: [2 1 3]
2026-09-16T03:47:32.506596948Z [34m2026-09-16 03:47:32.506 UTC 0040 INFO[0m [Assembler4] [34;1mfunc3[0m -> BA index: 0; BatchID: Sh,Pr,Sq,Dg: <1,2,0,41f37365e27fb924bb5f9cd1a1f7cb291c0ad08b8032f9fefea2e16b9902d4c6>; Common Block: Number: 1, PreviousHash: dcedc2913d51c731786b893a0ea6985be664d225f058920eebb4e1127bce154f, DataHash: 41f37365e27fb924bb5f9cd1a1f7cb291c0ad08b8032f9fefea2e16b9902d4c6; BA block signers: [2 1 4]
2026-09-16T03:47:32.510722328Z [34m2026-09-16 03:47:32.510 UTC 0041 INFO[0m [Assembler1] [34;1mfunc1[0m -> Appended block 1 of 1 requests to ledger in 4.982027ms
2026-09-16T03:47:32.511927839Z [34m2026-09-16 03:47:32.511 UTC 0041 INFO[0m [Assembler3] [34;1mfunc1[0m -> Appended block 1 of 1 requests to ledger in 5.254547ms
2026-09-16T03:47:32.511933643Z [34m2026-09-16 03:47:32.511 UTC 0041 INFO[0m [Assembler2] [34;1mfunc1[0m -> Appended block 1 of 1 requests to ledger in 5.267574ms
2026-09-16T03:47:32.511935180Z [34m2026-09-16 03:47:32.511 UTC 0041 INFO[0m [Assembler4] [34;1mfunc1[0m -> Appended block 1 of 1 requests to ledger in 5.257429ms
2026-09-16T03:47:32.909662574Z [34m2026-09-16 03:47:32.909 UTC 001f INFO[0m [Router1] [34;1mBroadcast[0m -> Received error from stream: rpc error: code = Canceled desc = context canceled, closing broadcastfrom client 172.29.0.10:50796
2026-09-16T03:47:32.909683713Z [34m2026-09-16 03:47:32.909 UTC 001f INFO[0m [Router2] [34;1mBroadcast[0m -> Received error from stream: rpc error: code = Canceled desc = context canceled, closing broadcastfrom client 172.29.0.10:52162
2026-09-16T03:47:32.909820597Z [34m2026-09-16 03:47:32.909 UTC 001f INFO[0m [Router4] [34;1mBroadcast[0m -> Received error from stream: rpc error: code = Canceled desc = context canceled, closing broadcastfrom client 172.29.0.10:58506
2026-09-16T03:47:32.909970756Z [34m2026-09-16 03:47:32.909 UTC 001f INFO[0m [Router3] [34;1mBroadcast[0m -> Received error from stream: rpc error: code = Canceled desc = context canceled, closing broadcastfrom client 172.29.0.10:38158
2026-09-16T03:47:34.051115024Z [34m2026-09-16 03:47:34.050 UTC 0020 INFO[0m [Router1] [34;1mBroadcast[0m -> Client connected: 172.29.0.1:42170
2026-09-16T03:47:34.051134120Z [34m2026-09-16 03:47:34.050 UTC 0021 INFO[0m [Router1] [34;1mBroadcast[0m -> Client connected: 172.29.0.1:42170
2026-09-16T03:47:34.051135453Z [34m2026-09-16 03:47:34.050 UTC 0022 INFO[0m [Router1] [34;1mBroadcast[0m -> Client connected: 172.29.0.1:42170
2026-09-16T03:47:34.051136224Z [34m2026-09-16 03:47:34.051 UTC 0023 INFO[0m [Router1] [34;1mBroadcast[0m -> Client connected: 172.29.0.1:42170
2026-09-16T03:47:34.051136930Z [34m2026-09-16 03:47:34.051 UTC 0024 INFO[0m [Router1] [34;1mBroadcast[0m -> Client connected: 172.29.0.1:42170
2026-09-16T03:47:34.051137575Z [34m2026-09-16 03:47:34.051 UTC 0025 INFO[0m [Router1] [34;1mBroadcast[0m -> Client connected: 172.29.0.1:42170
2026-09-16T03:47:34.051138227Z [34m2026-09-16 03:47:34.051 UTC 0026 INFO[0m [Router1] [34;1mBroadcast[0m -> Client connected: 172.29.0.1:42170
2026-09-16T03:47:34.051138923Z [34m2026-09-16 03:47:34.051 UTC 0028 INFO[0m [Router1] [34;1mBroadcast[0m -> Client connected: 172.29.0.1:42170
2026-09-16T03:47:34.051139600Z [34m2026-09-16 03:47:34.051 UTC 0029 INFO[0m [Router1] [34;1mBroadcast[0m -> Client connected: 172.29.0.1:42170
2026-09-16T03:47:34.051140268Z [34m2026-09-16 03:47:34.051 UTC 002a INFO[0m [Router1] [34;1mBroadcast[0m -> Client connected: 172.29.0.1:42170
2026-09-16T03:47:34.051144049Z [34m2026-09-16 03:47:34.051 UTC 002b INFO[0m [Router1] [34;1mBroadcast[0m -> Client connected: 172.29.0.1:42170
2026-09-16T03:47:34.051144738Z [34m2026-09-16 03:47:34.051 UTC 002d INFO[0m [Router1] [34;1mBroadcast[0m -> Client connected: 172.29.0.1:42170
2026-09-16T03:47:34.051145314Z [34m2026-09-16 03:47:34.051 UTC 002c INFO[0m [Router1] [34;1mBroadcast[0m -> Client connected: 172.29.0.1:42170
2026-09-16T03:47:34.051145919Z [34m2026-09-16 03:47:34.051 UTC 002e INFO[0m [Router1] [34;1mBroadcast[0m -> Client connected: 172.29.0.1:42170
2026-09-16T03:47:34.051146492Z [34m2026-09-16 03:47:34.051 UTC 002f INFO[0m [Router1] [34;1mBroadcast[0m -> Client connected: 172.29.0.1:42170
2026-09-16T03:47:34.051147177Z [34m2026-09-16 03:47:34.051 UTC 0030 INFO[0m [Router1] [34;1mBroadcast[0m -> Client connected: 172.29.0.1:42170
2026-09-16T03:47:34.051380555Z [34m2026-09-16 03:47:34.051 UTC 0032 INFO[0m [Router1] [34;1mBroadcast[0m -> Client connected: 172.29.0.1:42170
2026-09-16T03:47:34.051388022Z [34m2026-09-16 03:47:34.051 UTC 0027 INFO[0m [Router1] [34;1mBroadcast[0m -> Client connected: 172.29.0.1:42170
2026-09-16T03:47:34.051389260Z [34m2026-09-16 03:47:34.051 UTC 0033 INFO[0m [Router1] [34;1mBroadcast[0m -> Client connected: 172.29.0.1:42170
2026-09-16T03:47:34.051433794Z [34m2026-09-16 03:47:34.051 UTC 0034 INFO[0m [Router1] [34;1mBroadcast[0m -> Client connected: 172.29.0.1:42170
2026-09-16T03:47:34.051524852Z [34m2026-09-16 03:47:34.051 UTC 0031 INFO[0m [Router1] [34;1mBroadcast[0m -> Client connected: 172.29.0.1:42170
2026-09-16T03:47:34.051530568Z [34m2026-09-16 03:47:34.051 UTC 0035 INFO[0m [Router1] [34;1mBroadcast[0m -> Client connected: 172.29.0.1:42170
2026-09-16T03:47:34.051670617Z [34m2026-09-16 03:47:34.051 UTC 0036 INFO[0m [Router1] [34;1mBroadcast[0m -> Client connected: 172.29.0.1:42170
2026-09-16T03:47:34.051679103Z [34m2026-09-16 03:47:34.051 UTC 0037 INFO[0m [Router1] [34;1mBroadcast[0m -> Client connected: 172.29.0.1:42170
2026-09-16T03:47:34.051685565Z [34m2026-09-16 03:47:34.051 UTC 0038 INFO[0m [Router1] [34;1mBroadcast[0m -> Client connected: 172.29.0.1:42170
2026-09-16T03:47:34.051686824Z [34m2026-09-16 03:47:34.051 UTC 0039 INFO[0m [Router1] [34;1mBroadcast[0m -> Client connected: 172.29.0.1:42170
2026-09-16T03:47:34.051732965Z [34m2026-09-16 03:47:34.051 UTC 003a INFO[0m [Router1] [34;1mBroadcast[0m -> Client connected: 172.29.0.1:42170
2026-09-16T03:47:34.051833887Z [34m2026-09-16 03:47:34.051 UTC 003b INFO[0m [Router1] [34;1mBroadcast[0m -> Client connected: 172.29.0.1:42170
2026-09-16T03:47:34.051904232Z [34m2026-09-16 03:47:34.051 UTC 003c INFO[0m [Router1] [34;1mBroadcast[0m -> Client connected: 172.29.0.1:42170
2026-09-16T03:47:34.051911321Z [34m2026-09-16 03:47:34.051 UTC 003d INFO[0m [Router1] [34;1mBroadcast[0m -> Client connected: 172.29.0.1:42170
2026-09-16T03:47:34.051912924Z [34m2026-09-16 03:47:34.051 UTC 003e INFO[0m [Router1] [34;1mBroadcast[0m -> Client connected: 172.29.0.1:42170
2026-09-16T03:47:34.051914016Z [34m2026-09-16 03:47:34.051 UTC 003f INFO[0m [Router1] [34;1mBroadcast[0m -> Client connected: 172.29.0.1:42170
2026-09-16T03:47:34.051914952Z [34m2026-09-16 03:47:34.051 UTC 0040 INFO[0m [Router1] [34;1mBroadcast[0m -> Client connected: 172.29.0.1:42170
2026-09-16T03:47:34.051954196Z [34m2026-09-16 03:47:34.051 UTC 0041 INFO[0m [Router1] [34;1mBroadcast[0m -> Client connected: 172.29.0.1:42170
2026-09-16T03:47:34.051967633Z [34m2026-09-16 03:47:34.051 UTC 0042 INFO[0m [Router1] [34;1mBroadcast[0m -> Client connected: 172.29.0.1:42170
2026-09-16T03:47:34.051973733Z [34m2026-09-16 03:47:34.051 UTC 0043 INFO[0m [Router1] [34;1mBroadcast[0m -> Client connected: 172.29.0.1:42170
2026-09-16T03:47:34.052020961Z [34m2026-09-16 03:47:34.051 UTC 0044 INFO[0m [Router1] [34;1mBroadcast[0m -> Client connected: 172.29.0.1:42170
2026-09-16T03:47:34.052022772Z [34m2026-09-16 03:47:34.051 UTC 0045 INFO[0m [Router1] [34;1mBroadcast[0m -> Client connected: 172.29.0.1:42170
2026-09-16T03:47:34.052066617Z [34m2026-09-16 03:47:34.052 UTC 0046 INFO[0m [Router1] [34;1mBroadcast[0m -> Client connected: 172.29.0.1:42170
2026-09-16T03:47:34.052249132Z [34m2026-09-16 03:47:34.052 UTC 0047 INFO[0m [Router1] [34;1mBroadcast[0m -> Client connected: 172.29.0.1:42170
2026-09-16T03:47:34.052256203Z [34m2026-09-16 03:47:34.052 UTC 0048 INFO[0m [Router1] [34;1mBroadcast[0m -> Client connected: 172.29.0.1:42170
2026-09-16T03:47:34.052343886Z [34m2026-09-16 03:47:34.052 UTC 0049 INFO[0m [Router1] [34;1mBroadcast[0m -> Client connected: 172.29.0.1:42170
2026-09-16T03:47:34.052373031Z [34m2026-09-16 03:47:34.052 UTC 004a INFO[0m [Router1] [34;1mBroadcast[0m -> Client connected: 172.29.0.1:42170
2026-09-16T03:47:34.052374943Z [34m2026-09-16 03:47:34.052 UTC 004b INFO[0m [Router1] [34;1mBroadcast[0m -> Client connected: 172.29.0.1:42170
2026-09-16T03:47:34.052413469Z [34m2026-09-16 03:47:34.052 UTC 004c INFO[0m [Router1] [34;1mBroadcast[0m -> Client connected: 172.29.0.1:42170
2026-09-16T03:47:34.052459887Z [34m2026-09-16 03:47:34.052 UTC 004d INFO[0m [Router1] [34;1mBroadcast[0m -> Client connected: 172.29.0.1:42170
2026-09-16T03:47:34.052490940Z [34m2026-09-16 03:47:34.052 UTC 004e INFO[0m [Router1] [34;1mBroadcast[0m -> Client connected: 172.29.0.1:42170
2026-09-16T03:47:34.052823280Z [34m2026-09-16 03:47:34.052 UTC 004f INFO[0m [Router1] [34;1mBroadcast[0m -> Client connected: 172.29.0.1:42170
2026-09-16T03:47:34.052830482Z [34m2026-09-16 03:47:34.052 UTC 0050 INFO[0m [Router1] [34;1mBroadcast[0m -> Client connected: 172.29.0.1:42170
2026-09-16T03:47:34.052832142Z [34m2026-09-16 03:47:34.052 UTC 0051 INFO[0m [Router1] [34;1mBroadcast[0m -> Client connected: 172.29.0.1:42170
2026-09-16T03:47:34.052833115Z [34m2026-09-16 03:47:34.052 UTC 0052 INFO[0m [Router1] [34;1mBroadcast[0m -> Client connected: 172.29.0.1:42170
2026-09-16T03:47:34.052834089Z [34m2026-09-16 03:47:34.052 UTC 0053 INFO[0m [Router1] [34;1mBroadcast[0m -> Client connected: 172.29.0.1:42170
2026-09-16T03:47:34.052834920Z [34m2026-09-16 03:47:34.052 UTC 0054 INFO[0m [Router1] [34;1mBroadcast[0m -> Client connected: 172.29.0.1:42170
2026-09-16T03:47:34.052835873Z [34m2026-09-16 03:47:34.052 UTC 0055 INFO[0m [Router1] [34;1mBroadcast[0m -> Client connected: 172.29.0.1:42170
2026-09-16T03:47:34.052836718Z [34m2026-09-16 03:47:34.052 UTC 0056 INFO[0m [Router1] [34;1mBroadcast[0m -> Client connected: 172.29.0.1:42170
2026-09-16T03:47:34.052846623Z [34m2026-09-16 03:47:34.052 UTC 0057 INFO[0m [Router1] [34;1mBroadcast[0m -> Client connected: 172.29.0.1:42170
2026-09-16T03:47:34.052847809Z [34m2026-09-16 03:47:34.052 UTC 0058 INFO[0m [Router1] [34;1mBroadcast[0m -> Client connected: 172.29.0.1:42170
2026-09-16T03:47:34.052848699Z [34m2026-09-16 03:47:34.052 UTC 0059 INFO[0m [Router1] [34;1mBroadcast[0m -> Client connected: 172.29.0.1:42170
2026-09-16T03:47:34.052849538Z [34m2026-09-16 03:47:34.052 UTC 005a INFO[0m [Router1] [34;1mBroadcast[0m -> Client connected: 172.29.0.1:42170
2026-09-16T03:47:34.052850475Z [34m2026-09-16 03:47:34.052 UTC 005b INFO[0m [Router1] [34;1mBroadcast[0m -> Client connected: 172.29.0.1:42170
2026-09-16T03:47:34.052851332Z [34m2026-09-16 03:47:34.052 UTC 005c INFO[0m [Router1] [34;1mBroadcast[0m -> Client connected: 172.29.0.1:42170
2026-09-16T03:47:34.052910168Z [34m2026-09-16 03:47:34.052 UTC 005d INFO[0m [Router1] [34;1mBroadcast[0m -> Client connected: 172.29.0.1:42170
2026-09-16T03:47:34.052915933Z [34m2026-09-16 03:47:34.052 UTC 005e INFO[0m [Router1] [34;1mBroadcast[0m -> Client connected: 172.29.0.1:42170
2026-09-16T03:47:34.052917069Z [34m2026-09-16 03:47:34.052 UTC 005f INFO[0m [Router1] [34;1mBroadcast[0m -> Client connected: 172.29.0.1:42170
2026-09-16T03:47:34.052917865Z [34m2026-09-16 03:47:34.052 UTC 0060 INFO[0m [Router1] [34;1mBroadcast[0m -> Client connected: 172.29.0.1:42170
2026-09-16T03:47:34.052918487Z [34m2026-09-16 03:47:34.052 UTC 0061 INFO[0m [Router1] [34;1mBroadcast[0m -> Client connected: 172.29.0.1:42170
2026-09-16T03:47:34.052919040Z [34m2026-09-16 03:47:34.052 UTC 0062 INFO[0m [Router1] [34;1mBroadcast[0m -> Client connected: 172.29.0.1:42170
2026-09-16T03:47:34.052919658Z [34m2026-09-16 03:47:34.052 UTC 0063 INFO[0m [Router1] [34;1mBroadcast[0m -> Client connected: 172.29.0.1:42170
2026-09-16T03:47:34.052920244Z [34m2026-09-16 03:47:34.052 UTC 0064 INFO[0m [Router1] [34;1mBroadcast[0m -> Client connected: 172.29.0.1:42170
2026-09-16T03:47:34.052920877Z [34m2026-09-16 03:47:34.052 UTC 0065 INFO[0m [Router1] [34;1mBroadcast[0m -> Client connected: 172.29.0.1:42170
2026-09-16T03:47:34.052921480Z [34m2026-09-16 03:47:34.052 UTC 0066 INFO[0m [Router1] [34;1mBroadcast[0m -> Client connected: 172.29.0.1:42170
2026-09-16T03:47:34.052925292Z [34m2026-09-16 03:47:34.052 UTC 0067 INFO[0m [Router1] [34;1mBroadcast[0m -> Client connected: 172.29.0.1:42170
2026-09-16T03:47:34.052926118Z [34m2026-09-16 03:47:34.052 UTC 0068 INFO[0m [Router1] [34;1mBroadcast[0m -> Client connected: 172.29.0.1:42170
2026-09-16T03:47:34.052926789Z [34m2026-09-16 03:47:34.052 UTC 0069 INFO[0m [Router1] [34;1mBroadcast[0m -> Client connected: 172.29.0.1:42170
2026-09-16T03:47:34.052933594Z [34m2026-09-16 03:47:34.052 UTC 006a INFO[0m [Router1] [34;1mBroadcast[0m -> Client connected: 172.29.0.1:42170
2026-09-16T03:47:34.052934373Z [34m2026-09-16 03:47:34.052 UTC 006b INFO[0m [Router1] [34;1mBroadcast[0m -> Client connected: 172.29.0.1:42170
2026-09-16T03:47:34.052972618Z [34m2026-09-16 03:47:34.052 UTC 006c INFO[0m [Router1] [34;1mBroadcast[0m -> Client connected: 172.29.0.1:42170
2026-09-16T03:47:34.052976609Z [34m2026-09-16 03:47:34.052 UTC 006d INFO[0m [Router1] [34;1mBroadcast[0m -> Client connected: 172.29.0.1:42170
2026-09-16T03:47:34.052977636Z [34m2026-09-16 03:47:34.052 UTC 006e INFO[0m [Router1] [34;1mBroadcast[0m -> Client connected: 172.29.0.1:42170
2026-09-16T03:47:34.052978437Z [34m2026-09-16 03:47:34.052 UTC 006f INFO[0m [Router1] [34;1mBroadcast[0m -> Client connected: 172.29.0.1:42170
2026-09-16T03:47:34.053018689Z [34m2026-09-16 03:47:34.052 UTC 0070 INFO[0m [Router1] [34;1mBroadcast[0m -> Client connected: 172.29.0.1:42170
2026-09-16T03:47:34.053023876Z [34m2026-09-16 03:47:34.052 UTC 0071 INFO[0m [Router1] [34;1mBroadcast[0m -> Client connected: 172.29.0.1:42170
2026-09-16T03:47:34.053070486Z [34m2026-09-16 03:47:34.052 UTC 0072 INFO[0m [Router1] [34;1mBroadcast[0m -> Client connected: 172.29.0.1:42170
2026-09-16T03:47:34.053075857Z [34m2026-09-16 03:47:34.053 UTC 0073 INFO[0m [Router1] [34;1mBroadcast[0m -> Client connected: 172.29.0.1:42170
2026-09-16T03:47:34.053127026Z [34m2026-09-16 03:47:34.053 UTC 0074 INFO[0m [Router1] [34;1mBroadcast[0m -> Client connected: 172.29.0.1:42170
2026-09-16T03:47:34.053128878Z [34m2026-09-16 03:47:34.053 UTC 0075 INFO[0m [Router1] [34;1mBroadcast[0m -> Client connected: 172.29.0.1:42170
2026-09-16T03:47:34.053129633Z [34m2026-09-16 03:47:34.053 UTC 0076 INFO[0m [Router1] [34;1mBroadcast[0m -> Client connected: 172.29.0.1:42170
2026-09-16T03:47:34.053130250Z [34m2026-09-16 03:47:34.053 UTC 0077 INFO[0m [Router1] [34;1mBroadcast[0m -> Client connected: 172.29.0.1:42170
2026-09-16T03:47:34.053130942Z [34m2026-09-16 03:47:34.053 UTC 0078 INFO[0m [Router1] [34;1mBroadcast[0m -> Client connected: 172.29.0.1:42170
2026-09-16T03:47:34.053131561Z [34m2026-09-16 03:47:34.053 UTC 0079 INFO[0m [Router1] [34;1mBroadcast[0m -> Client connected: 172.29.0.1:42170
2026-09-16T03:47:34.053132163Z [34m2026-09-16 03:47:34.053 UTC 007a INFO[0m [Router1] [34;1mBroadcast[0m -> Client connected: 172.29.0.1:42170
2026-09-16T03:47:34.053132739Z [34m2026-09-16 03:47:34.053 UTC 007b INFO[0m [Router1] [34;1mBroadcast[0m -> Client connected: 172.29.0.1:42170
2026-09-16T03:47:34.053133298Z [34m2026-09-16 03:47:34.053 UTC 007c INFO[0m [Router1] [34;1mBroadcast[0m -> Client connected: 172.29.0.1:42170
2026-09-16T03:47:34.053133870Z [34m2026-09-16 03:47:34.053 UTC 007d INFO[0m [Router1] [34;1mBroadcast[0m -> Client connected: 172.29.0.1:42170
2026-09-16T03:47:34.053175135Z [34m2026-09-16 03:47:34.053 UTC 007e INFO[0m [Router1] [34;1mBroadcast[0m -> Client connected: 172.29.0.1:42170
2026-09-16T03:47:34.053176715Z [34m2026-09-16 03:47:34.053 UTC 0080 INFO[0m [Router1] [34;1mBroadcast[0m -> Client connected: 172.29.0.1:42170
2026-09-16T03:47:34.053177477Z [34m2026-09-16 03:47:34.053 UTC 0083 INFO[0m [Router1] [34;1mBroadcast[0m -> Client connected: 172.29.0.1:42170
2026-09-16T03:47:34.053178163Z [34m2026-09-16 03:47:34.053 UTC 0084 INFO[0m [Router1] [34;1mBroadcast[0m -> Client connected: 172.29.0.1:42170
2026-09-16T03:47:34.053178846Z [34m2026-09-16 03:47:34.053 UTC 0085 INFO[0m [Router1] [34;1mBroadcast[0m -> Client connected: 172.29.0.1:42170
2026-09-16T03:47:34.053179494Z [34m2026-09-16 03:47:34.053 UTC 0081 INFO[0m [Router1] [34;1mBroadcast[0m -> Client connected: 172.29.0.1:42170
2026-09-16T03:47:34.053180186Z [34m2026-09-16 03:47:34.053 UTC 0086 INFO[0m [Router1] [34;1mBroadcast[0m -> Client connected: 172.29.0.1:42170
2026-09-16T03:47:34.053180832Z [34m2026-09-16 03:47:34.053 UTC 0087 INFO[0m [Router1] [34;1mBroadcast[0m -> Client connected: 172.29.0.1:42170
2026-09-16T03:47:34.053261569Z [34m2026-09-16 03:47:34.053 UTC 0088 INFO[0m [Router1] [34;1mBroadcast[0m -> Client connected: 172.29.0.1:42170
2026-09-16T03:47:34.053267088Z [34m2026-09-16 03:47:34.053 UTC 0089 INFO[0m [Router1] [34;1mBroadcast[0m -> Client connected: 172.29.0.1:42170
2026-09-16T03:47:34.053268385Z [34m2026-09-16 03:47:34.053 UTC 0082 INFO[0m [Router1] [34;1mBroadcast[0m -> Client connected: 172.29.0.1:42170
2026-09-16T03:47:34.053269208Z [34m2026-09-16 03:47:34.053 UTC 008b INFO[0m [Router1] [34;1mBroadcast[0m -> Client connected: 172.29.0.1:42170
2026-09-16T03:47:34.053269877Z [34m2026-09-16 03:47:34.053 UTC 008c INFO[0m [Router1] [34;1mBroadcast[0m -> Client connected: 172.29.0.1:42170
2026-09-16T03:47:34.053270500Z [34m2026-09-16 03:47:34.053 UTC 008a INFO[0m [Router1] [34;1mBroadcast[0m -> Client connected: 172.29.0.1:42170
2026-09-16T03:47:34.053271146Z [34m2026-09-16 03:47:34.053 UTC 008d INFO[0m [Router1] [34;1mBroadcast[0m -> Client connected: 172.29.0.1:42170
2026-09-16T03:47:34.053271741Z [34m2026-09-16 03:47:34.053 UTC 008f INFO[0m [Router1] [34;1mBroadcast[0m -> Client connected: 172.29.0.1:42170
2026-09-16T03:47:34.053272312Z [34m2026-09-16 03:47:34.053 UTC 008e INFO[0m [Router1] [34;1mBroadcast[0m -> Client connected: 172.29.0.1:42170
2026-09-16T03:47:34.053272896Z [34m2026-09-16 03:47:34.053 UTC 0090 INFO[0m [Router1] [34;1mBroadcast[0m -> Client connected: 172.29.0.1:42170
2026-09-16T03:47:34.053275961Z [34m2026-09-16 03:47:34.053 UTC 0091 INFO[0m [Router1] [34;1mBroadcast[0m -> Client connected: 172.29.0.1:42170
2026-09-16T03:47:34.053280310Z [34m2026-09-16 03:47:34.053 UTC 0092 INFO[0m [Router1] [34;1mBroadcast[0m -> Client connected: 172.29.0.1:42170
2026-09-16T03:47:34.053281140Z [34m2026-09-16 03:47:34.053 UTC 0094 INFO[0m [Router1] [34;1mBroadcast[0m -> Client connected: 172.29.0.1:42170
2026-09-16T03:47:34.053308966Z [34m2026-09-16 03:47:34.053 UTC 0095 INFO[0m [Router1] [34;1mBroadcast[0m -> Client connected: 172.29.0.1:42170
2026-09-16T03:47:34.053310407Z [34m2026-09-16 03:47:34.053 UTC 0096 INFO[0m [Router1] [34;1mBroadcast[0m -> Client connected: 172.29.0.1:42170
2026-09-16T03:47:34.053311209Z [34m2026-09-16 03:47:34.053 UTC 0097 INFO[0m [Router1] [34;1mBroadcast[0m -> Client connected: 172.29.0.1:42170
2026-09-16T03:47:34.053311853Z [34m2026-09-16 03:47:34.053 UTC 0098 INFO[0m [Router1] [34;1mBroadcast[0m -> Client connected: 172.29.0.1:42170
2026-09-16T03:47:34.053337774Z [34m2026-09-16 03:47:34.053 UTC 0099 INFO[0m [Router1] [34;1mBroadcast[0m -> Client connected: 172.29.0.1:42170
2026-09-16T03:47:34.053342382Z [34m2026-09-16 03:47:34.053 UTC 009a INFO[0m [Router1] [34;1mBroadcast[0m -> Client connected: 172.29.0.1:42170
2026-09-16T03:47:34.053376824Z [34m2026-09-16 03:47:34.053 UTC 009b INFO[0m [Router1] [34;1mBroadcast[0m -> Client connected: 172.29.0.1:42170
2026-09-16T03:47:34.053381730Z [34m2026-09-16 03:47:34.053 UTC 009c INFO[0m [Router1] [34;1mBroadcast[0m -> Client connected: 172.29.0.1:42170
2026-09-16T03:47:34.053382799Z [34m2026-09-16 03:47:34.053 UTC 009d INFO[0m [Router1] [34;1mBroadcast[0m -> Client connected: 172.29.0.1:42170
2026-09-16T03:47:34.053597009Z [34m2026-09-16 03:47:34.053 UTC 009e INFO[0m [Router1] [34;1mBroadcast[0m -> Client connected: 172.29.0.1:42170
2026-09-16T03:47:34.053603848Z [34m2026-09-16 03:47:34.053 UTC 00a0 INFO[0m [Router1] [34;1mBroadcast[0m -> Client connected: 172.29.0.1:42170
2026-09-16T03:47:34.053605786Z [34m2026-09-16 03:47:34.053 UTC 00a1 INFO[0m [Router1] [34;1mBroadcast[0m -> Client connected: 172.29.0.1:42170
2026-09-16T03:47:34.053610981Z [34m2026-09-16 03:47:34.053 UTC 00a3 INFO[0m [Router1] [34;1mBroadcast[0m -> Client connected: 172.29.0.1:42170
2026-09-16T03:47:34.053612175Z [34m2026-09-16 03:47:34.053 UTC 00a4 INFO[0m [Router1] [34;1mBroadcast[0m -> Client connected: 172.29.0.1:42170
2026-09-16T03:47:34.053675418Z [34m2026-09-16 03:47:34.053 UTC 00a6 INFO[0m [Router1] [34;1mBroadcast[0m -> Client connected: 172.29.0.1:42170
2026-09-16T03:47:34.053682283Z [34m2026-09-16 03:47:34.053 UTC 00a7 INFO[0m [Router1] [34;1mBroadcast[0m -> Client connected: 172.29.0.1:42170
2026-09-16T03:47:34.053733266Z [34m2026-09-16 03:47:34.053 UTC 00a8 INFO[0m [Router1] [34;1mBroadcast[0m -> Client connected: 172.29.0.1:42170
2026-09-16T03:47:34.053749793Z [34m2026-09-16 03:47:34.053 UTC 00a9 INFO[0m [Router1] [34;1mBroadcast[0m -> Client connected: 172.29.0.1:42170
2026-09-16T03:47:34.053803575Z [34m2026-09-16 03:47:34.053 UTC 00aa INFO[0m [Router1] [34;1mBroadcast[0m -> Client connected: 172.29.0.1:42170
2026-09-16T03:47:34.053837602Z [34m2026-09-16 03:47:34.053 UTC 00ac INFO[0m [Router1] [34;1mBroadcast[0m -> Client connected: 172.29.0.1:42170
2026-09-16T03:47:34.053839857Z [34m2026-09-16 03:47:34.053 UTC 00ad INFO[0m [Router1] [34;1mBroadcast[0m -> Client connected: 172.29.0.1:42170
2026-09-16T03:47:34.053884005Z [34m2026-09-16 03:47:34.053 UTC 00ae INFO[0m [Router1] [34;1mBroadcast[0m -> Client connected: 172.29.0.1:42170
2026-09-16T03:47:34.053886043Z [34m2026-09-16 03:47:34.053 UTC 00af INFO[0m [Router1] [34;1mBroadcast[0m -> Client connected: 172.29.0.1:42170
2026-09-16T03:47:34.053928723Z [34m2026-09-16 03:47:34.053 UTC 00b0 INFO[0m [Router1] [34;1mBroadcast[0m -> Client connected: 172.29.0.1:42170
2026-09-16T03:47:34.053930246Z [34m2026-09-16 03:47:34.053 UTC 00b1 INFO[0m [Router1] [34;1mBroadcast[0m -> Client connected: 172.29.0.1:42170
2026-09-16T03:47:34.053967319Z [34m2026-09-16 03:47:34.053 UTC 00b2 INFO[0m [Router1] [34;1mBroadcast[0m -> Client connected: 172.29.0.1:42170
2026-09-16T03:47:34.054005227Z [34m2026-09-16 03:47:34.053 UTC 00b3 INFO[0m [Router1] [34;1mBroadcast[0m -> Client connected: 172.29.0.1:42170
2026-09-16T03:47:34.054009455Z [34m2026-09-16 03:47:34.053 UTC 00b4 INFO[0m [Router1] [34;1mBroadcast[0m -> Client connected: 172.29.0.1:42170
2026-09-16T03:47:34.054044876Z [34m2026-09-16 03:47:34.053 UTC 00b5 INFO[0m [Router1] [34;1mBroadcast[0m -> Client connected: 172.29.0.1:42170
2026-09-16T03:47:34.054046829Z [34m2026-09-16 03:47:34.054 UTC 00b6 INFO[0m [Router1] [34;1mBroadcast[0m -> Client connected: 172.29.0.1:42170
2026-09-16T03:47:34.054068523Z [34m2026-09-16 03:47:34.054 UTC 00b7 INFO[0m [Router1] [34;1mBroadcast[0m -> Client connected: 172.29.0.1:42170
2026-09-16T03:47:34.054069816Z [34m2026-09-16 03:47:34.054 UTC 00b8 INFO[0m [Router1] [34;1mBroadcast[0m -> Client connected: 172.29.0.1:42170
2026-09-16T03:47:34.054109151Z [34m2026-09-16 03:47:34.054 UTC 00b9 INFO[0m [Router1] [34;1mBroadcast[0m -> Client connected: 172.29.0.1:42170
2026-09-16T03:47:34.054110760Z [34m2026-09-16 03:47:34.054 UTC 00bb INFO[0m [Router1] [34;1mBroadcast[0m -> Client connected: 172.29.0.1:42170
2026-09-16T03:47:34.054143895Z [34m2026-09-16 03:47:34.054 UTC 00bc INFO[0m [Router1] [34;1mBroadcast[0m -> Client connected: 172.29.0.1:42170
2026-09-16T03:47:34.054186573Z [34m2026-09-16 03:47:34.054 UTC 00bd INFO[0m [Router1] [34;1mBroadcast[0m -> Client connected: 172.29.0.1:42170
2026-09-16T03:47:34.054190647Z [34m2026-09-16 03:47:34.054 UTC 00be INFO[0m [Router1] [34;1mBroadcast[0m -> Client connected: 172.29.0.1:42170
2026-09-16T03:47:34.054196750Z [34m2026-09-16 03:47:34.054 UTC 00bf INFO[0m [Router1] [34;1mBroadcast[0m -> Client connected: 172.29.0.1:42170
2026-09-16T03:47:34.054241943Z [34m2026-09-16 03:47:34.054 UTC 00c0 INFO[0m [Router1] [34;1mBroadcast[0m -> Client connected: 172.29.0.1:42170
2026-09-16T03:47:34.054271614Z [34m2026-09-16 03:47:34.054 UTC 00c1 INFO[0m [Router1] [34;1mBroadcast[0m -> Client connected: 172.29.0.1:42170
2026-09-16T03:47:34.054298036Z [34m2026-09-16 03:47:34.054 UTC 00c2 INFO[0m [Router1] [34;1mBroadcast[0m -> Client connected: 172.29.0.1:42170
2026-09-16T03:47:34.054302342Z [34m2026-09-16 03:47:34.054 UTC 00c3 INFO[0m [Router1] [34;1mBroadcast[0m -> Client connected: 172.29.0.1:42170
2026-09-16T03:47:34.054305115Z [34m2026-09-16 03:47:34.054 UTC 00c4 INFO[0m [Router1] [34;1mBroadcast[0m -> Client connected: 172.29.0.1:42170
2026-09-16T03:47:34.054354539Z [34m2026-09-16 03:47:34.054 UTC 00c5 INFO[0m [Router1] [34;1mBroadcast[0m -> Client connected: 172.29.0.1:42170
2026-09-16T03:47:34.054356420Z [34m2026-09-16 03:47:34.054 UTC 00c6 INFO[0m [Router1] [34;1mBroadcast[0m -> Client connected: 172.29.0.1:42170
2026-09-16T03:47:34.054391411Z [34m2026-09-16 03:47:34.054 UTC 00c7 INFO[0m [Router1] [34;1mBroadcast[0m -> Client connected: 172.29.0.1:42170
2026-09-16T03:47:34.054424121Z [34m2026-09-16 03:47:34.054 UTC 00c8 INFO[0m [Router1] [34;1mBroadcast[0m -> Client connected: 172.29.0.1:42170
2026-09-16T03:47:34.054425591Z [34m2026-09-16 03:47:34.053 UTC 00a2 INFO[0m [Router1] [34;1mBroadcast[0m -> Client connected: 172.29.0.1:42170
2026-09-16T03:47:34.054426299Z [34m2026-09-16 03:47:34.054 UTC 00c9 INFO[0m [Router1] [34;1mBroadcast[0m -> Client connected: 172.29.0.1:42170
2026-09-16T03:47:34.054462223Z [34m2026-09-16 03:47:34.053 UTC 00a5 INFO[0m [Router1] [34;1mBroadcast[0m -> Client connected: 172.29.0.1:42170
2026-09-16T03:47:34.054464779Z [34m2026-09-16 03:47:34.053 UTC 0093 INFO[0m [Router1] [34;1mBroadcast[0m -> Client connected: 172.29.0.1:42170
2026-09-16T03:47:34.054494101Z [34m2026-09-16 03:47:34.053 UTC 009f INFO[0m [Router1] [34;1mBroadcast[0m -> Client connected: 172.29.0.1:42170
2026-09-16T03:47:34.054565761Z [34m2026-09-16 03:47:34.054 UTC 00ca INFO[0m [Router1] [34;1mBroadcast[0m -> Client connected: 172.29.0.1:42170
2026-09-16T03:47:34.054569032Z [34m2026-09-16 03:47:34.054 UTC 00cb INFO[0m [Router1] [34;1mBroadcast[0m -> Client connected: 172.29.0.1:42170
2026-09-16T03:47:34.054570000Z [34m2026-09-16 03:47:34.054 UTC 00cc INFO[0m [Router1] [34;1mBroadcast[0m -> Client connected: 172.29.0.1:42170
2026-09-16T03:47:34.054641258Z [34m2026-09-16 03:47:34.054 UTC 00cd INFO[0m [Router1] [34;1mBroadcast[0m -> Client connected: 172.29.0.1:42170
2026-09-16T03:47:34.054647263Z [34m2026-09-16 03:47:34.054 UTC 00ce INFO[0m [Router1] [34;1mBroadcast[0m -> Client connected: 172.29.0.1:42170
2026-09-16T03:47:34.054677856Z [34m2026-09-16 03:47:34.054 UTC 00cf INFO[0m [Router1] [34;1mBroadcast[0m -> Client connected: 172.29.0.1:42170
2026-09-16T03:47:34.054680181Z [34m2026-09-16 03:47:34.054 UTC 00d0 INFO[0m [Router1] [34;1mBroadcast[0m -> Client connected: 172.29.0.1:42170
2026-09-16T03:47:34.054704812Z [34m2026-09-16 03:47:34.054 UTC 00d1 INFO[0m [Router1] [34;1mBroadcast[0m -> Client connected: 172.29.0.1:42170
2026-09-16T03:47:34.054757388Z [34m2026-09-16 03:47:34.054 UTC 00d2 INFO[0m [Router1] [34;1mBroadcast[0m -> Client connected: 172.29.0.1:42170
2026-09-16T03:47:34.054759292Z [34m2026-09-16 03:47:34.054 UTC 00d3 INFO[0m [Router1] [34;1mBroadcast[0m -> Client connected: 172.29.0.1:42170
2026-09-16T03:47:34.054799780Z [34m2026-09-16 03:47:34.054 UTC 00d4 INFO[0m [Router1] [34;1mBroadcast[0m -> Client connected: 172.29.0.1:42170
2026-09-16T03:47:34.054802547Z [34m2026-09-16 03:47:34.054 UTC 00d5 INFO[0m [Router1] [34;1mBroadcast[0m -> Client connected: 172.29.0.1:42170
2026-09-16T03:47:34.054805099Z [34m2026-09-16 03:47:34.054 UTC 00d6 INFO[0m [Router1] [34;1mBroadcast[0m -> Client connected: 172.29.0.1:42170
2026-09-16T03:47:34.054868621Z [34m2026-09-16 03:47:34.054 UTC 00d7 INFO[0m [Router1] [34;1mBroadcast[0m -> Client connected: 172.29.0.1:42170
2026-09-16T03:47:34.054878651Z [34m2026-09-16 03:47:34.054 UTC 00d8 INFO[0m [Router1] [34;1mBroadcast[0m -> Client connected: 172.29.0.1:42170
2026-09-16T03:47:34.054909613Z [34m2026-09-16 03:47:34.054 UTC 00d9 INFO[0m [Router1] [34;1mBroadcast[0m -> Client connected: 172.29.0.1:42170
2026-09-16T03:47:34.054911613Z [34m2026-09-16 03:47:34.054 UTC 00da INFO[0m [Router1] [34;1mBroadcast[0m -> Client connected: 172.29.0.1:42170
2026-09-16T03:47:34.054946930Z [34m2026-09-16 03:47:34.054 UTC 00db INFO[0m [Router1] [34;1mBroadcast[0m -> Client connected: 172.29.0.1:42170
2026-09-16T03:47:34.054988353Z [34m2026-09-16 03:47:34.054 UTC 00dd INFO[0m [Router1] [34;1mBroadcast[0m -> Client connected: 172.29.0.1:42170
2026-09-16T03:47:34.054990251Z [34m2026-09-16 03:47:34.054 UTC 00de INFO[0m [Router1] [34;1mBroadcast[0m -> Client connected: 172.29.0.1:42170
2026-09-16T03:47:34.054991042Z [34m2026-09-16 03:47:34.054 UTC 00df INFO[0m [Router1] [34;1mBroadcast[0m -> Client connected: 172.29.0.1:42170
2026-09-16T03:47:34.055017290Z [34m2026-09-16 03:47:34.054 UTC 00e0 INFO[0m [Router1] [34;1mBroadcast[0m -> Client connected: 172.29.0.1:42170
2026-09-16T03:47:34.055019340Z [34m2026-09-16 03:47:34.054 UTC 00e1 INFO[0m [Router1] [34;1mBroadcast[0m -> Client connected: 172.29.0.1:42170
2026-09-16T03:47:34.055020108Z [34m2026-09-16 03:47:34.054 UTC 00e2 INFO[0m [Router1] [34;1mBroadcast[0m -> Client connected: 172.29.0.1:42170
2026-09-16T03:47:34.055024621Z [34m2026-09-16 03:47:34.055 UTC 00e3 INFO[0m [Router1] [34;1mBroadcast[0m -> Client connected: 172.29.0.1:42170
2026-09-16T03:47:34.055050706Z [34m2026-09-16 03:47:34.055 UTC 00e4 INFO[0m [Router1] [34;1mBroadcast[0m -> Client connected: 172.29.0.1:42170
2026-09-16T03:47:34.055081080Z [34m2026-09-16 03:47:34.055 UTC 00e5 INFO[0m [Router1] [34;1mBroadcast[0m -> Client connected: 172.29.0.1:42170
2026-09-16T03:47:34.055116888Z [34m2026-09-16 03:47:34.055 UTC 00e6 INFO[0m [Router1] [34;1mBroadcast[0m -> Client connected: 172.29.0.1:42170
2026-09-16T03:47:34.055141011Z [34m2026-09-16 03:47:34.055 UTC 00e7 INFO[0m [Router1] [34;1mBroadcast[0m -> Client connected: 172.29.0.1:42170
2026-09-16T03:47:34.055142264Z [34m2026-09-16 03:47:34.055 UTC 00e8 INFO[0m [Router1] [34;1mBroadcast[0m -> Client connected: 172.29.0.1:42170
2026-09-16T03:47:34.055184038Z [34m2026-09-16 03:47:34.055 UTC 00e9 INFO[0m [Router1] [34;1mBroadcast[0m -> Client connected: 172.29.0.1:42170
2026-09-16T03:47:34.055185362Z [34m2026-09-16 03:47:34.055 UTC 00ea INFO[0m [Router1] [34;1mBroadcast[0m -> Client connected: 172.29.0.1:42170
2026-09-16T03:47:34.055264802Z [34m2026-09-16 03:47:34.055 UTC 00eb INFO[0m [Router1] [34;1mBroadcast[0m -> Client connected: 172.29.0.1:42170
2026-09-16T03:47:34.055291586Z [34m2026-09-16 03:47:34.055 UTC 00ec INFO[0m [Router1] [34;1mBroadcast[0m -> Client connected: 172.29.0.1:42170
2026-09-16T03:47:34.055295074Z [34m2026-09-16 03:47:34.055 UTC 00ed INFO[0m [Router1] [34;1mBroadcast[0m -> Client connected: 172.29.0.1:42170
2026-09-16T03:47:34.055322796Z [34m2026-09-16 03:47:34.055 UTC 00ee INFO[0m [Router1] [34;1mBroadcast[0m -> Client connected: 172.29.0.1:42170
2026-09-16T03:47:34.055326322Z [34m2026-09-16 03:47:34.054 UTC 00ef INFO[0m [Router1] [34;1mBroadcast[0m -> Client connected: 172.29.0.1:42170
2026-09-16T03:47:34.055327160Z [34m2026-09-16 03:47:34.054 UTC 00dc INFO[0m [Router1] [34;1mBroadcast[0m -> Client connected: 172.29.0.1:42170
2026-09-16T03:47:34.055327897Z [34m2026-09-16 03:47:34.055 UTC 00f0 INFO[0m [Router1] [34;1mBroadcast[0m -> Client connected: 172.29.0.1:42170
2026-09-16T03:47:34.055361381Z [34m2026-09-16 03:47:34.055 UTC 00f1 INFO[0m [Router1] [34;1mBroadcast[0m -> Client connected: 172.29.0.1:42170
2026-09-16T03:47:34.055363334Z [34m2026-09-16 03:47:34.055 UTC 00f2 INFO[0m [Router1] [34;1mBroadcast[0m -> Client connected: 172.29.0.1:42170
2026-09-16T03:47:34.055364267Z [34m2026-09-16 03:47:34.055 UTC 00f3 INFO[0m [Router1] [34;1mBroadcast[0m -> Client connected: 172.29.0.1:42170
2026-09-16T03:47:34.055400172Z [34m2026-09-16 03:47:34.055 UTC 00f4 INFO[0m [Router1] [34;1mBroadcast[0m -> Client connected: 172.29.0.1:42170
2026-09-16T03:47:34.055409496Z [34m2026-09-16 03:47:34.055 UTC 00f5 INFO[0m [Router1] [34;1mBroadcast[0m -> Client connected: 172.29.0.1:42170
2026-09-16T03:47:34.055438074Z [34m2026-09-16 03:47:34.055 UTC 00f6 INFO[0m [Router1] [34;1mBroadcast[0m -> Client connected: 172.29.0.1:42170
2026-09-16T03:47:34.055439978Z [34m2026-09-16 03:47:34.055 UTC 00f7 INFO[0m [Router1] [34;1mBroadcast[0m -> Client connected: 172.29.0.1:42170
2026-09-16T03:47:34.055440798Z [34m2026-09-16 03:47:34.055 UTC 00f8 INFO[0m [Router1] [34;1mBroadcast[0m -> Client connected: 172.29.0.1:42170
2026-09-16T03:47:34.055441459Z [34m2026-09-16 03:47:34.055 UTC 00f9 INFO[0m [Router1] [34;1mBroadcast[0m -> Client connected: 172.29.0.1:42170
2026-09-16T03:47:34.055442129Z [34m2026-09-16 03:47:34.053 UTC 007f INFO[0m [Router1] [34;1mBroadcast[0m -> Client connected: 172.29.0.1:42170
2026-09-16T03:47:34.055442748Z [34m2026-09-16 03:47:34.053 UTC 00ab INFO[0m [Router1] [34;1mBroadcast[0m -> Client connected: 172.29.0.1:42170
2026-09-16T03:47:34.055472509Z [34m2026-09-16 03:47:34.054 UTC 00ba INFO[0m [Router1] [34;1mBroadcast[0m -> Client connected: 172.29.0.1:42170
2026-09-16T03:47:34.055562964Z [34m2026-09-16 03:47:34.055 UTC 00fb INFO[0m [Router1] [34;1mBroadcast[0m -> Client connected: 172.29.0.1:42170
2026-09-16T03:47:34.055565315Z [34m2026-09-16 03:47:34.055 UTC 00fc INFO[0m [Router1] [34;1mBroadcast[0m -> Client connected: 172.29.0.1:42170
2026-09-16T03:47:34.055566187Z [34m2026-09-16 03:47:34.055 UTC 00fd INFO[0m [Router1] [34;1mBroadcast[0m -> Client connected: 172.29.0.1:42170
2026-09-16T03:47:34.055600892Z [34m2026-09-16 03:47:34.055 UTC 00fe INFO[0m [Router1] [34;1mBroadcast[0m -> Client connected: 172.29.0.1:42170
2026-09-16T03:47:34.055602252Z [34m2026-09-16 03:47:34.055 UTC 00ff INFO[0m [Router1] [34;1mBroadcast[0m -> Client connected: 172.29.0.1:42170
2026-09-16T03:47:34.055602970Z [34m2026-09-16 03:47:34.055 UTC 0100 INFO[0m [Router1] [34;1mBroadcast[0m -> Client connected: 172.29.0.1:42170
2026-09-16T03:47:34.055603636Z [34m2026-09-16 03:47:34.055 UTC 0101 INFO[0m [Router1] [34;1mBroadcast[0m -> Client connected: 172.29.0.1:42170
2026-09-16T03:47:34.055633169Z [34m2026-09-16 03:47:34.055 UTC 0103 INFO[0m [Router1] [34;1mBroadcast[0m -> Client connected: 172.29.0.1:42170
2026-09-16T03:47:34.055635599Z [34m2026-09-16 03:47:34.055 UTC 0104 INFO[0m [Router1] [34;1mBroadcast[0m -> Client connected: 172.29.0.1:42170
2026-09-16T03:47:34.055636487Z [34m2026-09-16 03:47:34.055 UTC 0105 INFO[0m [Router1] [34;1mBroadcast[0m -> Client connected: 172.29.0.1:42170
2026-09-16T03:47:34.055637104Z [34m2026-09-16 03:47:34.055 UTC 0106 INFO[0m [Router1] [34;1mBroadcast[0m -> Client connected: 172.29.0.1:42170
2026-09-16T03:47:34.055642157Z [34m2026-09-16 03:47:34.055 UTC 0102 INFO[0m [Router1] [34;1mBroadcast[0m -> Client connected: 172.29.0.1:42170
2026-09-16T03:47:34.055642945Z [34m2026-09-16 03:47:34.055 UTC 0107 INFO[0m [Router1] [34;1mBroadcast[0m -> Client connected: 172.29.0.1:42170
2026-09-16T03:47:34.055645293Z [34m2026-09-16 03:47:34.055 UTC 0108 INFO[0m [Router1] [34;1mBroadcast[0m -> Client connected: 172.29.0.1:42170
2026-09-16T03:47:34.055675379Z [34m2026-09-16 03:47:34.055 UTC 0109 INFO[0m [Router1] [34;1mBroadcast[0m -> Client connected: 172.29.0.1:42170
2026-09-16T03:47:34.055677519Z [34m2026-09-16 03:47:34.055 UTC 010a INFO[0m [Router1] [34;1mBroadcast[0m -> Client connected: 172.29.0.1:42170
2026-09-16T03:47:34.055678350Z [34m2026-09-16 03:47:34.055 UTC 010b INFO[0m [Router1] [34;1mBroadcast[0m -> Client connected: 172.29.0.1:42170
2026-09-16T03:47:34.055679067Z [34m2026-09-16 03:47:34.055 UTC 010c INFO[0m [Router1] [34;1mBroadcast[0m -> Client connected: 172.29.0.1:42170
2026-09-16T03:47:34.055681303Z [34m2026-09-16 03:47:34.055 UTC 010d INFO[0m [Router1] [34;1mBroadcast[0m -> Client connected: 172.29.0.1:42170
2026-09-16T03:47:34.055682110Z [34m2026-09-16 03:47:34.055 UTC 010e INFO[0m [Router1] [34;1mBroadcast[0m -> Client connected: 172.29.0.1:42170
2026-09-16T03:47:34.055682725Z [34m2026-09-16 03:47:34.055 UTC 010f INFO[0m [Router1] [34;1mBroadcast[0m -> Client connected: 172.29.0.1:42170
2026-09-16T03:47:34.055683313Z [34m2026-09-16 03:47:34.055 UTC 0110 INFO[0m [Router1] [34;1mBroadcast[0m -> Client connected: 172.29.0.1:42170
2026-09-16T03:47:34.055683918Z [34m2026-09-16 03:47:34.055 UTC 0111 INFO[0m [Router1] [34;1mBroadcast[0m -> Client connected: 172.29.0.1:42170
2026-09-16T03:47:34.055686139Z [34m2026-09-16 03:47:34.055 UTC 0112 INFO[0m [Router1] [34;1mBroadcast[0m -> Client connected: 172.29.0.1:42170
2026-09-16T03:47:34.055686792Z [34m2026-09-16 03:47:34.055 UTC 0113 INFO[0m [Router1] [34;1mBroadcast[0m -> Client connected: 172.29.0.1:42170
2026-09-16T03:47:34.055687636Z [34m2026-09-16 03:47:34.055 UTC 0114 INFO[0m [Router1] [34;1mBroadcast[0m -> Client connected: 172.29.0.1:42170
2026-09-16T03:47:34.055714342Z [34m2026-09-16 03:47:34.055 UTC 0115 INFO[0m [Router1] [34;1mBroadcast[0m -> Client connected: 172.29.0.1:42170
2026-09-16T03:47:34.055715832Z [34m2026-09-16 03:47:34.055 UTC 0116 INFO[0m [Router1] [34;1mBroadcast[0m -> Client connected: 172.29.0.1:42170
2026-09-16T03:47:34.055716666Z [34m2026-09-16 03:47:34.055 UTC 0117 INFO[0m [Router1] [34;1mBroadcast[0m -> Client connected: 172.29.0.1:42170
2026-09-16T03:47:34.055717424Z [34m2026-09-16 03:47:34.055 UTC 0118 INFO[0m [Router1] [34;1mBroadcast[0m -> Client connected: 172.29.0.1:42170
2026-09-16T03:47:34.055718228Z [34m2026-09-16 03:47:34.055 UTC 0119 INFO[0m [Router1] [34;1mBroadcast[0m -> Client connected: 172.29.0.1:42170
2026-09-16T03:47:34.055722392Z [34m2026-09-16 03:47:34.055 UTC 011a INFO[0m [Router1] [34;1mBroadcast[0m -> Client connected: 172.29.0.1:42170
2026-09-16T03:47:34.055765345Z [34m2026-09-16 03:47:34.055 UTC 011b INFO[0m [Router1] [34;1mBroadcast[0m -> Client connected: 172.29.0.1:42170
2026-09-16T03:47:34.055767597Z [34m2026-09-16 03:47:34.055 UTC 00fa INFO[0m [Router1] [34;1mBroadcast[0m -> Client connected: 172.29.0.1:42170
2026-09-16T03:47:34.055768359Z [34m2026-09-16 03:47:34.055 UTC 011d INFO[0m [Router1] [34;1mBroadcast[0m -> Client connected: 172.29.0.1:42170
2026-09-16T03:47:34.055769092Z [34m2026-09-16 03:47:34.055 UTC 011c INFO[0m [Router1] [34;1mBroadcast[0m -> Client connected: 172.29.0.1:42170
2026-09-16T03:47:34.055769727Z [34m2026-09-16 03:47:34.055 UTC 011e INFO[0m [Router1] [34;1mBroadcast[0m -> Client connected: 172.29.0.1:42170
2026-09-16T03:47:34.055770347Z [34m2026-09-16 03:47:34.055 UTC 011f INFO[0m [Router1] [34;1mBroadcast[0m -> Client connected: 172.29.0.1:42170
2026-09-16T03:47:34.081408912Z [34m2026-09-16 03:47:34.081 UTC 0020 INFO[0m [Router2] [34;1mBroadcast[0m -> Client connected: 172.29.0.1:34812
2026-09-16T03:47:34.081431998Z [34m2026-09-16 03:47:34.081 UTC 0022 INFO[0m [Router2] [34;1mBroadcast[0m -> Client connected: 172.29.0.1:34812
2026-09-16T03:47:34.081433277Z [34m2026-09-16 03:47:34.081 UTC 0023 INFO[0m [Router2] [34;1mBroadcast[0m -> Client connected: 172.29.0.1:34812
2026-09-16T03:47:34.081434423Z [34m2026-09-16 03:47:34.081 UTC 0024 INFO[0m [Router2] [34;1mBroadcast[0m -> Client connected: 172.29.0.1:34812
2026-09-16T03:47:34.081435093Z [34m2026-09-16 03:47:34.081 UTC 0025 INFO[0m [Router2] [34;1mBroadcast[0m -> Client connected: 172.29.0.1:34812
2026-09-16T03:47:34.081435699Z [34m2026-09-16 03:47:34.081 UTC 0026 INFO[0m [Router2] [34;1mBroadcast[0m -> Client connected: 172.29.0.1:34812
2026-09-16T03:47:34.081436327Z [34m2026-09-16 03:47:34.081 UTC 0027 INFO[0m [Router2] [34;1mBroadcast[0m -> Client connected: 172.29.0.1:34812
2026-09-16T03:47:34.081438674Z [34m2026-09-16 03:47:34.081 UTC 0028 INFO[0m [Router2] [34;1mBroadcast[0m -> Client connected: 172.29.0.1:34812
2026-09-16T03:47:34.081439334Z [34m2026-09-16 03:47:34.081 UTC 0029 INFO[0m [Router2] [34;1mBroadcast[0m -> Client connected: 172.29.0.1:34812
2026-09-16T03:47:34.081439933Z [34m2026-09-16 03:47:34.081 UTC 002a INFO[0m [Router2] [34;1mBroadcast[0m -> Client connected: 172.29.0.1:34812
2026-09-16T03:47:34.081440499Z [34m2026-09-16 03:47:34.081 UTC 002b INFO[0m [Router2] [34;1mBroadcast[0m -> Client connected: 172.29.0.1:34812
2026-09-16T03:47:34.081441154Z [34m2026-09-16 03:47:34.081 UTC 002e INFO[0m [Router2] [34;1mBroadcast[0m -> Client connected: 172.29.0.1:34812
2026-09-16T03:47:34.081446584Z [34m2026-09-16 03:47:34.081 UTC 0021 INFO[0m [Router2] [34;1mBroadcast[0m -> Client connected: 172.29.0.1:34812
2026-09-16T03:47:34.081447294Z [34m2026-09-16 03:47:34.081 UTC 002f INFO[0m [Router2] [34;1mBroadcast[0m -> Client connected: 172.29.0.1:34812
2026-09-16T03:47:34.081447917Z [34m2026-09-16 03:47:34.081 UTC 002c INFO[0m [Router2] [34;1mBroadcast[0m -> Client connected: 172.29.0.1:34812
2026-09-16T03:47:34.081448506Z [34m2026-09-16 03:47:34.081 UTC 002d INFO[0m [Router2] [34;1mBroadcast[0m -> Client connected: 172.29.0.1:34812
2026-09-16T03:47:34.081449051Z [34m2026-09-16 03:47:34.081 UTC 0030 INFO[0m [Router2] [34;1mBroadcast[0m -> Client connected: 172.29.0.1:34812
2026-09-16T03:47:34.081450160Z [34m2026-09-16 03:47:34.081 UTC 0031 INFO[0m [Router2] [34;1mBroadcast[0m -> Client connected: 172.29.0.1:34812
2026-09-16T03:47:34.081450854Z [34m2026-09-16 03:47:34.081 UTC 0033 INFO[0m [Router2] [34;1mBroadcast[0m -> Client connected: 172.29.0.1:34812
2026-09-16T03:47:34.081451471Z [34m2026-09-16 03:47:34.081 UTC 0034 INFO[0m [Router2] [34;1mBroadcast[0m -> Client connected: 172.29.0.1:34812
2026-09-16T03:47:34.081552415Z [34m2026-09-16 03:47:34.081 UTC 0035 INFO[0m [Router2] [34;1mBroadcast[0m -> Client connected: 172.29.0.1:34812
2026-09-16T03:47:34.081655739Z [34m2026-09-16 03:47:34.081 UTC 0037 INFO[0m [Router2] [34;1mBroadcast[0m -> Client connected: 172.29.0.1:34812
2026-09-16T03:47:34.081661431Z [34m2026-09-16 03:47:34.081 UTC 0038 INFO[0m [Router2] [34;1mBroadcast[0m -> Client connected: 172.29.0.1:34812
2026-09-16T03:47:34.081662403Z [34m2026-09-16 03:47:34.081 UTC 0039 INFO[0m [Router2] [34;1mBroadcast[0m -> Client connected: 172.29.0.1:34812
2026-09-16T03:47:34.081663422Z [34m2026-09-16 03:47:34.081 UTC 003a INFO[0m [Router2] [34;1mBroadcast[0m -> Client connected: 172.29.0.1:34812
2026-09-16T03:47:34.081738088Z [34m2026-09-16 03:47:34.081 UTC 003b INFO[0m [Router2] [34;1mBroadcast[0m -> Client connected: 172.29.0.1:34812
2026-09-16T03:47:34.081808594Z [34m2026-09-16 03:47:34.081 UTC 003c INFO[0m [Router2] [34;1mBroadcast[0m -> Client connected: 172.29.0.1:34812
2026-09-16T03:47:34.081811326Z [34m2026-09-16 03:47:34.081 UTC 003e INFO[0m [Router2] [34;1mBroadcast[0m -> Client connected: 172.29.0.1:34812
2026-09-16T03:47:34.081881973Z [34m2026-09-16 03:47:34.081 UTC 003f INFO[0m [Router2] [34;1mBroadcast[0m -> Client connected: 172.29.0.1:34812
2026-09-16T03:47:34.081943526Z [34m2026-09-16 03:47:34.081 UTC 0040 INFO[0m [Router2] [34;1mBroadcast[0m -> Client connected: 172.29.0.1:34812
2026-09-16T03:47:34.081949273Z [34m2026-09-16 03:47:34.081 UTC 0041 INFO[0m [Router2] [34;1mBroadcast[0m -> Client connected: 172.29.0.1:34812
2026-09-16T03:47:34.081950739Z [34m2026-09-16 03:47:34.081 UTC 003d INFO[0m [Router2] [34;1mBroadcast[0m -> Client connected: 172.29.0.1:34812
2026-09-16T03:47:34.082059314Z [34m2026-09-16 03:47:34.081 UTC 0042 INFO[0m [Router2] [34;1mBroadcast[0m -> Client connected: 172.29.0.1:34812
2026-09-16T03:47:34.082064597Z [34m2026-09-16 03:47:34.081 UTC 0043 INFO[0m [Router2] [34;1mBroadcast[0m -> Client connected: 172.29.0.1:34812
2026-09-16T03:47:34.082065566Z [34m2026-09-16 03:47:34.081 UTC 0032 INFO[0m [Router2] [34;1mBroadcast[0m -> Client connected: 172.29.0.1:34812
2026-09-16T03:47:34.082111255Z [34m2026-09-16 03:47:34.082 UTC 0044 INFO[0m [Router2] [34;1mBroadcast[0m -> Client connected: 172.29.0.1:34812
2026-09-16T03:47:34.082112950Z [34m2026-09-16 03:47:34.082 UTC 0045 INFO[0m [Router2] [34;1mBroadcast[0m -> Client connected: 172.29.0.1:34812
2026-09-16T03:47:34.082307045Z [34m2026-09-16 03:47:34.082 UTC 0046 INFO[0m [Router2] [34;1mBroadcast[0m -> Client connected: 172.29.0.1:34812
2026-09-16T03:47:34.082319387Z [34m2026-09-16 03:47:34.082 UTC 0047 INFO[0m [Router2] [34;1mBroadcast[0m -> Client connected: 172.29.0.1:34812
2026-09-16T03:47:34.082322185Z [34m2026-09-16 03:47:34.082 UTC 0048 INFO[0m [Router2] [34;1mBroadcast[0m -> Client connected: 172.29.0.1:34812
2026-09-16T03:47:34.082324070Z [34m2026-09-16 03:47:34.082 UTC 0049 INFO[0m [Router2] [34;1mBroadcast[0m -> Client connected: 172.29.0.1:34812
2026-09-16T03:47:34.082325943Z [34m2026-09-16 03:47:34.082 UTC 004a INFO[0m [Router2] [34;1mBroadcast[0m -> Client connected: 172.29.0.1:34812
2026-09-16T03:47:34.082332289Z [34m2026-09-16 03:47:34.081 UTC 0036 INFO[0m [Router2] [34;1mBroadcast[0m -> Client connected: 172.29.0.1:34812
2026-09-16T03:47:34.082454762Z [34m2026-09-16 03:47:34.082 UTC 004b INFO[0m [Router2] [34;1mBroadcast[0m -> Client connected: 172.29.0.1:34812
2026-09-16T03:47:34.082491833Z [34m2026-09-16 03:47:34.082 UTC 004c INFO[0m [Router2] [34;1mBroadcast[0m -> Client connected: 172.29.0.1:34812
2026-09-16T03:47:34.082560243Z [34m2026-09-16 03:47:34.082 UTC 004d INFO[0m [Router2] [34;1mBroadcast[0m -> Client connected: 172.29.0.1:34812
2026-09-16T03:47:34.082564062Z [34m2026-09-16 03:47:34.082 UTC 004e INFO[0m [Router2] [34;1mBroadcast[0m -> Client connected: 172.29.0.1:34812
2026-09-16T03:47:34.083782917Z [34m2026-09-16 03:47:34.083 UTC 007d INFO[0m [Router2] [34;1mBroadcast[0m -> Client connected: 172.29.0.1:34812
2026-09-16T03:47:34.083789280Z [34m2026-09-16 03:47:34.083 UTC 007e INFO[0m [Router2] [34;1mBroadcast[0m -> Client connected: 172.29.0.1:34812
2026-09-16T03:47:34.083790488Z [34m2026-09-16 03:47:34.083 UTC 007f INFO[0m [Router2] [34;1mBroadcast[0m -> Client connected: 172.29.0.1:34812
2026-09-16T03:47:34.083791282Z [34m2026-09-16 03:47:34.082 UTC 004f INFO[0m [Router2] [34;1mBroadcast[0m -> Client connected: 172.29.0.1:34812
2026-09-16T03:47:34.083796827Z [34m2026-09-16 03:47:34.083 UTC 0081 INFO[0m [Router2] [34;1mBroadcast[0m -> Client connected: 172.29.0.1:34812
2026-09-16T03:47:34.083800214Z [34m2026-09-16 03:47:34.082 UTC 0050 INFO[0m [Router2] [34;1mBroadcast[0m -> Client connected: 172.29.0.1:34812
2026-09-16T03:47:34.083801078Z [34m2026-09-16 03:47:34.083 UTC 0082 INFO[0m [Router2] [34;1mBroadcast[0m -> Client connected: 172.29.0.1:34812
2026-09-16T03:47:34.083836990Z [34m2026-09-16 03:47:34.082 UTC 0051 INFO[0m [Router2] [34;1mBroadcast[0m -> Client connected: 172.29.0.1:34812
2026-09-16T03:47:34.083842428Z [34m2026-09-16 03:47:34.083 UTC 0083 INFO[0m [Router2] [34;1mBroadcast[0m -> Client connected: 172.29.0.1:34812
2026-09-16T03:47:34.083873932Z [34m2026-09-16 03:47:34.082 UTC 0052 INFO[0m [Router2] [34;1mBroadcast[0m -> Client connected: 172.29.0.1:34812
2026-09-16T03:47:34.083875609Z [34m2026-09-16 03:47:34.083 UTC 0084 INFO[0m [Router2] [34;1mBroadcast[0m -> Client connected: 172.29.0.1:34812
2026-09-16T03:47:34.083973967Z [34m2026-09-16 03:47:34.083 UTC 0053 INFO[0m [Router2] [34;1mBroadcast[0m -> Client connected: 172.29.0.1:34812
2026-09-16T03:47:34.083988092Z [34m2026-09-16 03:47:34.083 UTC 0085 INFO[0m [Router2] [34;1mBroadcast[0m -> Client connected: 172.29.0.1:34812
2026-09-16T03:47:34.083991853Z [34m2026-09-16 03:47:34.083 UTC 0054 INFO[0m [Router2] [34;1mBroadcast[0m -> Client connected: 172.29.0.1:34812
2026-09-16T03:47:34.083994008Z [34m2026-09-16 03:47:34.083 UTC 0086 INFO[0m [Router2] [34;1mBroadcast[0m -> Client connected: 172.29.0.1:34812
2026-09-16T03:47:34.083995852Z [34m2026-09-16 03:47:34.083 UTC 0055 INFO[0m [Router2] [34;1mBroadcast[0m -> Client connected: 172.29.0.1:34812
2026-09-16T03:47:34.084125135Z [34m2026-09-16 03:47:34.083 UTC 0087 INFO[0m [Router2] [34;1mBroadcast[0m -> Client connected: 172.29.0.1:34812
2026-09-16T03:47:34.084136880Z [34m2026-09-16 03:47:34.083 UTC 0089 INFO[0m [Router2] [34;1mBroadcast[0m -> Client connected: 172.29.0.1:34812
2026-09-16T03:47:34.084140206Z [34m2026-09-16 03:47:34.083 UTC 008a INFO[0m [Router2] [34;1mBroadcast[0m -> Client connected: 172.29.0.1:34812
2026-09-16T03:47:34.084142315Z [34m2026-09-16 03:47:34.083 UTC 0056 INFO[0m [Router2] [34;1mBroadcast[0m -> Client connected: 172.29.0.1:34812
2026-09-16T03:47:34.084144201Z [34m2026-09-16 03:47:34.083 UTC 008b INFO[0m [Router2] [34;1mBroadcast[0m -> Client connected: 172.29.0.1:34812
2026-09-16T03:47:34.084145909Z [34m2026-09-16 03:47:34.083 UTC 008c INFO[0m [Router2] [34;1mBroadcast[0m -> Client connected: 172.29.0.1:34812
2026-09-16T03:47:34.084147618Z [34m2026-09-16 03:47:34.083 UTC 008d INFO[0m [Router2] [34;1mBroadcast[0m -> Client connected: 172.29.0.1:34812
2026-09-16T03:47:34.084149298Z [34m2026-09-16 03:47:34.083 UTC 008e INFO[0m [Router2] [34;1mBroadcast[0m -> Client connected: 172.29.0.1:34812
2026-09-16T03:47:34.084161840Z [34m2026-09-16 03:47:34.083 UTC 0057 INFO[0m [Router2] [34;1mBroadcast[0m -> Client connected: 172.29.0.1:34812
2026-09-16T03:47:34.084164196Z [34m2026-09-16 03:47:34.084 UTC 0090 INFO[0m [Router2] [34;1mBroadcast[0m -> Client connected: 172.29.0.1:34812
2026-09-16T03:47:34.084166058Z [34m2026-09-16 03:47:34.084 UTC 0091 INFO[0m [Router2] [34;1mBroadcast[0m -> Client connected: 172.29.0.1:34812
2026-09-16T03:47:34.084167758Z [34m2026-09-16 03:47:34.084 UTC 0092 INFO[0m [Router2] [34;1mBroadcast[0m -> Client connected: 172.29.0.1:34812
2026-09-16T03:47:34.084169406Z [34m2026-09-16 03:47:34.083 UTC 0058 INFO[0m [Router2] [34;1mBroadcast[0m -> Client connected: 172.29.0.1:34812
2026-09-16T03:47:34.084171050Z [34m2026-09-16 03:47:34.084 UTC 0093 INFO[0m [Router2] [34;1mBroadcast[0m -> Client connected: 172.29.0.1:34812
2026-09-16T03:47:34.084175919Z [34m2026-09-16 03:47:34.084 UTC 0094 INFO[0m [Router2] [34;1mBroadcast[0m -> Client connected: 172.29.0.1:34812
2026-09-16T03:47:34.084177898Z [34m2026-09-16 03:47:34.084 UTC 0095 INFO[0m [Router2] [34;1mBroadcast[0m -> Client connected: 172.29.0.1:34812
2026-09-16T03:47:34.084179680Z [34m2026-09-16 03:47:34.084 UTC 0096 INFO[0m [Router2] [34;1mBroadcast[0m -> Client connected: 172.29.0.1:34812
2026-09-16T03:47:34.084182191Z [34m2026-09-16 03:47:34.084 UTC 0097 INFO[0m [Router2] [34;1mBroadcast[0m -> Client connected: 172.29.0.1:34812
2026-09-16T03:47:34.084184065Z [34m2026-09-16 03:47:34.084 UTC 0098 INFO[0m [Router2] [34;1mBroadcast[0m -> Client connected: 172.29.0.1:34812
2026-09-16T03:47:34.084185770Z [34m2026-09-16 03:47:34.083 UTC 0059 INFO[0m [Router2] [34;1mBroadcast[0m -> Client connected: 172.29.0.1:34812
2026-09-16T03:47:34.084187417Z [34m2026-09-16 03:47:34.083 UTC 005a INFO[0m [Router2] [34;1mBroadcast[0m -> Client connected: 172.29.0.1:34812
2026-09-16T03:47:34.084189051Z [34m2026-09-16 03:47:34.083 UTC 005b INFO[0m [Router2] [34;1mBroadcast[0m -> Client connected: 172.29.0.1:34812
2026-09-16T03:47:34.084190700Z [34m2026-09-16 03:47:34.084 UTC 0099 INFO[0m [Router2] [34;1mBroadcast[0m -> Client connected: 172.29.0.1:34812
2026-09-16T03:47:34.084192380Z [34m2026-09-16 03:47:34.084 UTC 009a INFO[0m [Router2] [34;1mBroadcast[0m -> Client connected: 172.29.0.1:34812
2026-09-16T03:47:34.084194072Z [34m2026-09-16 03:47:34.083 UTC 005c INFO[0m [Router2] [34;1mBroadcast[0m -> Client connected: 172.29.0.1:34812
2026-09-16T03:47:34.084195757Z [34m2026-09-16 03:47:34.083 UTC 005d INFO[0m [Router2] [34;1mBroadcast[0m -> Client connected: 172.29.0.1:34812
2026-09-16T03:47:34.084197435Z [34m2026-09-16 03:47:34.084 UTC 009b INFO[0m [Router2] [34;1mBroadcast[0m -> Client connected: 172.29.0.1:34812
2026-09-16T03:47:34.084203294Z [34m2026-09-16 03:47:34.083 UTC 005e INFO[0m [Router2] [34;1mBroadcast[0m -> Client connected: 172.29.0.1:34812
2026-09-16T03:47:34.084205541Z [34m2026-09-16 03:47:34.084 UTC 009d INFO[0m [Router2] [34;1mBroadcast[0m -> Client connected: 172.29.0.1:34812
2026-09-16T03:47:34.084207434Z [34m2026-09-16 03:47:34.084 UTC 009e INFO[0m [Router2] [34;1mBroadcast[0m -> Client connected: 172.29.0.1:34812
2026-09-16T03:47:34.084209224Z [34m2026-09-16 03:47:34.083 UTC 005f INFO[0m [Router2] [34;1mBroadcast[0m -> Client connected: 172.29.0.1:34812
2026-09-16T03:47:34.084211061Z [34m2026-09-16 03:47:34.084 UTC 00a0 INFO[0m [Router2] [34;1mBroadcast[0m -> Client connected: 172.29.0.1:34812
2026-09-16T03:47:34.084212798Z [34m2026-09-16 03:47:34.084 UTC 009f INFO[0m [Router2] [34;1mBroadcast[0m -> Client connected: 172.29.0.1:34812
2026-09-16T03:47:34.084214487Z [34m2026-09-16 03:47:34.083 UTC 0060 INFO[0m [Router2] [34;1mBroadcast[0m -> Client connected: 172.29.0.1:34812
2026-09-16T03:47:34.084218888Z [34m2026-09-16 03:47:34.083 UTC 0061 INFO[0m [Router2] [34;1mBroadcast[0m -> Client connected: 172.29.0.1:34812
2026-09-16T03:47:34.084220772Z [34m2026-09-16 03:47:34.084 UTC 00a2 INFO[0m [Router2] [34;1mBroadcast[0m -> Client connected: 172.29.0.1:34812
2026-09-16T03:47:34.084222573Z [34m2026-09-16 03:47:34.084 UTC 00a3 INFO[0m [Router2] [34;1mBroadcast[0m -> Client connected: 172.29.0.1:34812
2026-09-16T03:47:34.084224201Z [34m2026-09-16 03:47:34.084 UTC 00a4 INFO[0m [Router2] [34;1mBroadcast[0m -> Client connected: 172.29.0.1:34812
2026-09-16T03:47:34.084225857Z [34m2026-09-16 03:47:34.082 UTC 0062 INFO[0m [Router2] [34;1mBroadcast[0m -> Client connected: 172.29.0.1:34812
2026-09-16T03:47:34.084227529Z [34m2026-09-16 03:47:34.083 UTC 0065 INFO[0m [Router2] [34;1mBroadcast[0m -> Client connected: 172.29.0.1:34812
2026-09-16T03:47:34.084229314Z [34m2026-09-16 03:47:34.083 UTC 0066 INFO[0m [Router2] [34;1mBroadcast[0m -> Client connected: 172.29.0.1:34812
2026-09-16T03:47:34.084247822Z [34m2026-09-16 03:47:34.083 UTC 0067 INFO[0m [Router2] [34;1mBroadcast[0m -> Client connected: 172.29.0.1:34812
2026-09-16T03:47:34.084251530Z [34m2026-09-16 03:47:34.083 UTC 0068 INFO[0m [Router2] [34;1mBroadcast[0m -> Client connected: 172.29.0.1:34812
2026-09-16T03:47:34.084252644Z [34m2026-09-16 03:47:34.083 UTC 0069 INFO[0m [Router2] [34;1mBroadcast[0m -> Client connected: 172.29.0.1:34812
2026-09-16T03:47:34.084253336Z [34m2026-09-16 03:47:34.084 UTC 00a5 INFO[0m [Router2] [34;1mBroadcast[0m -> Client connected: 172.29.0.1:34812
2026-09-16T03:47:34.084254002Z [34m2026-09-16 03:47:34.083 UTC 006a INFO[0m [Router2] [34;1mBroadcast[0m -> Client connected: 172.29.0.1:34812
2026-09-16T03:47:34.084292959Z [34m2026-09-16 03:47:34.084 UTC 00a7 INFO[0m [Router2] [34;1mBroadcast[0m -> Client connected: 172.29.0.1:34812
2026-09-16T03:47:34.084304354Z [34m2026-09-16 03:47:34.084 UTC 00a8 INFO[0m [Router2] [34;1mBroadcast[0m -> Client connected: 172.29.0.1:34812
2026-09-16T03:47:34.084309177Z [34m2026-09-16 03:47:34.084 UTC 00a9 INFO[0m [Router2] [34;1mBroadcast[0m -> Client connected: 172.29.0.1:34812
2026-09-16T03:47:34.084311500Z [34m2026-09-16 03:47:34.084 UTC 00aa INFO[0m [Router2] [34;1mBroadcast[0m -> Client connected: 172.29.0.1:34812
2026-09-16T03:47:34.084329487Z [34m2026-09-16 03:47:34.084 UTC 00ab INFO[0m [Router2] [34;1mBroadcast[0m -> Client connected: 172.29.0.1:34812
2026-09-16T03:47:34.084359641Z [34m2026-09-16 03:47:34.084 UTC 00ae INFO[0m [Router2] [34;1mBroadcast[0m -> Client connected: 172.29.0.1:34812
2026-09-16T03:47:34.084362366Z [34m2026-09-16 03:47:34.084 UTC 00af INFO[0m [Router2] [34;1mBroadcast[0m -> Client connected: 172.29.0.1:34812
2026-09-16T03:47:34.084363573Z [34m2026-09-16 03:47:34.084 UTC 00b1 INFO[0m [Router2] [34;1mBroadcast[0m -> Client connected: 172.29.0.1:34812
2026-09-16T03:47:34.084364356Z [34m2026-09-16 03:47:34.084 UTC 00b0 INFO[0m [Router2] [34;1mBroadcast[0m -> Client connected: 172.29.0.1:34812
2026-09-16T03:47:34.084365737Z [34m2026-09-16 03:47:34.084 UTC 00b2 INFO[0m [Router2] [34;1mBroadcast[0m -> Client connected: 172.29.0.1:34812
2026-09-16T03:47:34.084366425Z [34m2026-09-16 03:47:34.084 UTC 00b3 INFO[0m [Router2] [34;1mBroadcast[0m -> Client connected: 172.29.0.1:34812
2026-09-16T03:47:34.084367067Z [34m2026-09-16 03:47:34.084 UTC 00b4 INFO[0m [Router2] [34;1mBroadcast[0m -> Client connected: 172.29.0.1:34812
2026-09-16T03:47:34.084367660Z [34m2026-09-16 03:47:34.084 UTC 00b5 INFO[0m [Router2] [34;1mBroadcast[0m -> Client connected: 172.29.0.1:34812
2026-09-16T03:47:34.084368277Z [34m2026-09-16 03:47:34.084 UTC 00b6 INFO[0m [Router2] [34;1mBroadcast[0m -> Client connected: 172.29.0.1:34812
2026-09-16T03:47:34.084368860Z [34m2026-09-16 03:47:34.084 UTC 00b7 INFO[0m [Router2] [34;1mBroadcast[0m -> Client connected: 172.29.0.1:34812
2026-09-16T03:47:34.084416644Z [34m2026-09-16 03:47:34.084 UTC 00b8 INFO[0m [Router2] [34;1mBroadcast[0m -> Client connected: 172.29.0.1:34812
2026-09-16T03:47:34.084419838Z [34m2026-09-16 03:47:34.084 UTC 00ba INFO[0m [Router2] [34;1mBroadcast[0m -> Client connected: 172.29.0.1:34812
2026-09-16T03:47:34.084421324Z [34m2026-09-16 03:47:34.084 UTC 00bb INFO[0m [Router2] [34;1mBroadcast[0m -> Client connected: 172.29.0.1:34812
2026-09-16T03:47:34.084422116Z [34m2026-09-16 03:47:34.084 UTC 00bd INFO[0m [Router2] [34;1mBroadcast[0m -> Client connected: 172.29.0.1:34812
2026-09-16T03:47:34.084422871Z [34m2026-09-16 03:47:34.084 UTC 00be INFO[0m [Router2] [34;1mBroadcast[0m -> Client connected: 172.29.0.1:34812
2026-09-16T03:47:34.084430000Z [34m2026-09-16 03:47:34.084 UTC 00bf INFO[0m [Router2] [34;1mBroadcast[0m -> Client connected: 172.29.0.1:34812
2026-09-16T03:47:34.084461547Z [34m2026-09-16 03:47:34.084 UTC 00c1 INFO[0m [Router2] [34;1mBroadcast[0m -> Client connected: 172.29.0.1:34812
2026-09-16T03:47:34.084474881Z [34m2026-09-16 03:47:34.084 UTC 00c2 INFO[0m [Router2] [34;1mBroadcast[0m -> Client connected: 172.29.0.1:34812
2026-09-16T03:47:34.084476230Z [34m2026-09-16 03:47:34.084 UTC 00c3 INFO[0m [Router2] [34;1mBroadcast[0m -> Client connected: 172.29.0.1:34812
2026-09-16T03:47:34.084624181Z [34m2026-09-16 03:47:34.084 UTC 00c4 INFO[0m [Router2] [34;1mBroadcast[0m -> Client connected: 172.29.0.1:34812
2026-09-16T03:47:34.084634833Z [34m2026-09-16 03:47:34.082 UTC 0064 INFO[0m [Router2] [34;1mBroadcast[0m -> Client connected: 172.29.0.1:34812
2026-09-16T03:47:34.084637474Z [34m2026-09-16 03:47:34.083 UTC 006c INFO[0m [Router2] [34;1mBroadcast[0m -> Client connected: 172.29.0.1:34812
2026-09-16T03:47:34.084639388Z [34m2026-09-16 03:47:34.084 UTC 00c0 INFO[0m [Router2] [34;1mBroadcast[0m -> Client connected: 172.29.0.1:34812
2026-09-16T03:47:34.084641228Z [34m2026-09-16 03:47:34.084 UTC 00c5 INFO[0m [Router2] [34;1mBroadcast[0m -> Client connected: 172.29.0.1:34812
2026-09-16T03:47:34.084655819Z [34m2026-09-16 03:47:34.084 UTC 00b9 INFO[0m [Router2] [34;1mBroadcast[0m -> Client connected: 172.29.0.1:34812
2026-09-16T03:47:34.084736895Z [34m2026-09-16 03:47:34.084 UTC 00c6 INFO[0m [Router2] [34;1mBroadcast[0m -> Client connected: 172.29.0.1:34812
2026-09-16T03:47:34.084739371Z [34m2026-09-16 03:47:34.084 UTC 00bc INFO[0m [Router2] [34;1mBroadcast[0m -> Client connected: 172.29.0.1:34812
2026-09-16T03:47:34.084791367Z [34m2026-09-16 03:47:34.084 UTC 00c7 INFO[0m [Router2] [34;1mBroadcast[0m -> Client connected: 172.29.0.1:34812
2026-09-16T03:47:34.084832610Z [34m2026-09-16 03:47:34.084 UTC 00c8 INFO[0m [Router2] [34;1mBroadcast[0m -> Client connected: 172.29.0.1:34812
2026-09-16T03:47:34.084834896Z [34m2026-09-16 03:47:34.083 UTC 006b INFO[0m [Router2] [34;1mBroadcast[0m -> Client connected: 172.29.0.1:34812
2026-09-16T03:47:34.084874614Z [34m2026-09-16 03:47:34.084 UTC 00c9 INFO[0m [Router2] [34;1mBroadcast[0m -> Client connected: 172.29.0.1:34812
2026-09-16T03:47:34.084876499Z [34m2026-09-16 03:47:34.084 UTC 00ca INFO[0m [Router2] [34;1mBroadcast[0m -> Client connected: 172.29.0.1:34812
2026-09-16T03:47:34.084877204Z [34m2026-09-16 03:47:34.083 UTC 006d INFO[0m [Router2] [34;1mBroadcast[0m -> Client connected: 172.29.0.1:34812
2026-09-16T03:47:34.084972947Z [34m2026-09-16 03:47:34.084 UTC 00cb INFO[0m [Router2] [34;1mBroadcast[0m -> Client connected: 172.29.0.1:34812
2026-09-16T03:47:34.084995331Z [34m2026-09-16 03:47:34.084 UTC 00cc INFO[0m [Router2] [34;1mBroadcast[0m -> Client connected: 172.29.0.1:34812
2026-09-16T03:47:34.085000493Z [34m2026-09-16 03:47:34.083 UTC 006e INFO[0m [Router2] [34;1mBroadcast[0m -> Client connected: 172.29.0.1:34812
2026-09-16T03:47:34.085032967Z [34m2026-09-16 03:47:34.084 UTC 00cd INFO[0m [Router2] [34;1mBroadcast[0m -> Client connected: 172.29.0.1:34812
2026-09-16T03:47:34.085035414Z [34m2026-09-16 03:47:34.083 UTC 006f INFO[0m [Router2] [34;1mBroadcast[0m -> Client connected: 172.29.0.1:34812
2026-09-16T03:47:34.085037678Z [34m2026-09-16 03:47:34.085 UTC 00ce INFO[0m [Router2] [34;1mBroadcast[0m -> Client connected: 172.29.0.1:34812
2026-09-16T03:47:34.085038504Z [34m2026-09-16 03:47:34.085 UTC 00cf INFO[0m [Router2] [34;1mBroadcast[0m -> Client connected: 172.29.0.1:34812
2026-09-16T03:47:34.085098549Z [34m2026-09-16 03:47:34.083 UTC 0070 INFO[0m [Router2] [34;1mBroadcast[0m -> Client connected: 172.29.0.1:34812
2026-09-16T03:47:34.085136037Z [34m2026-09-16 03:47:34.083 UTC 0071 INFO[0m [Router2] [34;1mBroadcast[0m -> Client connected: 172.29.0.1:34812
2026-09-16T03:47:34.085137909Z [34m2026-09-16 03:47:34.085 UTC 00d0 INFO[0m [Router2] [34;1mBroadcast[0m -> Client connected: 172.29.0.1:34812
2026-09-16T03:47:34.085138885Z [34m2026-09-16 03:47:34.085 UTC 00d1 INFO[0m [Router2] [34;1mBroadcast[0m -> Client connected: 172.29.0.1:34812
2026-09-16T03:47:34.085185733Z [34m2026-09-16 03:47:34.085 UTC 00d2 INFO[0m [Router2] [34;1mBroadcast[0m -> Client connected: 172.29.0.1:34812
2026-09-16T03:47:34.085187556Z [34m2026-09-16 03:47:34.085 UTC 00d3 INFO[0m [Router2] [34;1mBroadcast[0m -> Client connected: 172.29.0.1:34812
2026-09-16T03:47:34.085213005Z [34m2026-09-16 03:47:34.085 UTC 00d4 INFO[0m [Router2] [34;1mBroadcast[0m -> Client connected: 172.29.0.1:34812
2026-09-16T03:47:34.085214190Z [34m2026-09-16 03:47:34.083 UTC 0072 INFO[0m [Router2] [34;1mBroadcast[0m -> Client connected: 172.29.0.1:34812
2026-09-16T03:47:34.085274337Z [34m2026-09-16 03:47:34.085 UTC 00d6 INFO[0m [Router2] [34;1mBroadcast[0m -> Client connected: 172.29.0.1:34812
2026-09-16T03:47:34.085276015Z [34m2026-09-16 03:47:34.083 UTC 0073 INFO[0m [Router2] [34;1mBroadcast[0m -> Client connected: 172.29.0.1:34812
2026-09-16T03:47:34.085276706Z [34m2026-09-16 03:47:34.083 UTC 0074 INFO[0m [Router2] [34;1mBroadcast[0m -> Client connected: 172.29.0.1:34812
2026-09-16T03:47:34.085284396Z [34m2026-09-16 03:47:34.085 UTC 00d7 INFO[0m [Router2] [34;1mBroadcast[0m -> Client connected: 172.29.0.1:34812
2026-09-16T03:47:34.085285099Z [34m2026-09-16 03:47:34.083 UTC 0075 INFO[0m [Router2] [34;1mBroadcast[0m -> Client connected: 172.29.0.1:34812
2026-09-16T03:47:34.085285731Z [34m2026-09-16 03:47:34.085 UTC 00d8 INFO[0m [Router2] [34;1mBroadcast[0m -> Client connected: 172.29.0.1:34812
2026-09-16T03:47:34.085315326Z [34m2026-09-16 03:47:34.083 UTC 0076 INFO[0m [Router2] [34;1mBroadcast[0m -> Client connected: 172.29.0.1:34812
2026-09-16T03:47:34.085355627Z [34m2026-09-16 03:47:34.085 UTC 00d9 INFO[0m [Router2] [34;1mBroadcast[0m -> Client connected: 172.29.0.1:34812
2026-09-16T03:47:34.085388392Z [34m2026-09-16 03:47:34.085 UTC 00da INFO[0m [Router2] [34;1mBroadcast[0m -> Client connected: 172.29.0.1:34812
2026-09-16T03:47:34.085423389Z [34m2026-09-16 03:47:34.085 UTC 00db INFO[0m [Router2] [34;1mBroadcast[0m -> Client connected: 172.29.0.1:34812
2026-09-16T03:47:34.085473026Z [34m2026-09-16 03:47:34.085 UTC 00dc INFO[0m [Router2] [34;1mBroadcast[0m -> Client connected: 172.29.0.1:34812
2026-09-16T03:47:34.085474366Z [34m2026-09-16 03:47:34.085 UTC 00dd INFO[0m [Router2] [34;1mBroadcast[0m -> Client connected: 172.29.0.1:34812
2026-09-16T03:47:34.085475067Z [34m2026-09-16 03:47:34.085 UTC 00de INFO[0m [Router2] [34;1mBroadcast[0m -> Client connected: 172.29.0.1:34812
2026-09-16T03:47:34.085510820Z [34m2026-09-16 03:47:34.085 UTC 00df INFO[0m [Router2] [34;1mBroadcast[0m -> Client connected: 172.29.0.1:34812
2026-09-16T03:47:34.085513219Z [34m2026-09-16 03:47:34.083 UTC 0077 INFO[0m [Router2] [34;1mBroadcast[0m -> Client connected: 172.29.0.1:34812
2026-09-16T03:47:34.085541716Z [34m2026-09-16 03:47:34.083 UTC 0078 INFO[0m [Router2] [34;1mBroadcast[0m -> Client connected: 172.29.0.1:34812
2026-09-16T03:47:34.085543135Z [34m2026-09-16 03:47:34.085 UTC 00e0 INFO[0m [Router2] [34;1mBroadcast[0m -> Client connected: 172.29.0.1:34812
2026-09-16T03:47:34.085576385Z [34m2026-09-16 03:47:34.085 UTC 00e1 INFO[0m [Router2] [34;1mBroadcast[0m -> Client connected: 172.29.0.1:34812
2026-09-16T03:47:34.085582232Z [34m2026-09-16 03:47:34.083 UTC 0079 INFO[0m [Router2] [34;1mBroadcast[0m -> Client connected: 172.29.0.1:34812
2026-09-16T03:47:34.085615817Z [34m2026-09-16 03:47:34.085 UTC 00e2 INFO[0m [Router2] [34;1mBroadcast[0m -> Client connected: 172.29.0.1:34812
2026-09-16T03:47:34.085621174Z [34m2026-09-16 03:47:34.083 UTC 007b INFO[0m [Router2] [34;1mBroadcast[0m -> Client connected: 172.29.0.1:34812
2026-09-16T03:47:34.085622248Z [34m2026-09-16 03:47:34.085 UTC 00e3 INFO[0m [Router2] [34;1mBroadcast[0m -> Client connected: 172.29.0.1:34812
2026-09-16T03:47:34.085655090Z [34m2026-09-16 03:47:34.083 UTC 007a INFO[0m [Router2] [34;1mBroadcast[0m -> Client connected: 172.29.0.1:34812
2026-09-16T03:47:34.085686804Z [34m2026-09-16 03:47:34.085 UTC 00e4 INFO[0m [Router2] [34;1mBroadcast[0m -> Client connected: 172.29.0.1:34812
2026-09-16T03:47:34.085690319Z [34m2026-09-16 03:47:34.083 UTC 007c INFO[0m [Router2] [34;1mBroadcast[0m -> Client connected: 172.29.0.1:34812
2026-09-16T03:47:34.085726440Z [34m2026-09-16 03:47:34.085 UTC 00e5 INFO[0m [Router2] [34;1mBroadcast[0m -> Client connected: 172.29.0.1:34812
2026-09-16T03:47:34.085762297Z [34m2026-09-16 03:47:34.083 UTC 0080 INFO[0m [Router2] [34;1mBroadcast[0m -> Client connected: 172.29.0.1:34812
2026-09-16T03:47:34.085764414Z [34m2026-09-16 03:47:34.085 UTC 00e6 INFO[0m [Router2] [34;1mBroadcast[0m -> Client connected: 172.29.0.1:34812
2026-09-16T03:47:34.085766744Z [34m2026-09-16 03:47:34.085 UTC 00e7 INFO[0m [Router2] [34;1mBroadcast[0m -> Client connected: 172.29.0.1:34812
2026-09-16T03:47:34.085767493Z [34m2026-09-16 03:47:34.083 UTC 008f INFO[0m [Router2] [34;1mBroadcast[0m -> Client connected: 172.29.0.1:34812
2026-09-16T03:47:34.085768101Z [34m2026-09-16 03:47:34.085 UTC 00e8 INFO[0m [Router2] [34;1mBroadcast[0m -> Client connected: 172.29.0.1:34812
2026-09-16T03:47:34.085865101Z [34m2026-09-16 03:47:34.085 UTC 00e9 INFO[0m [Router2] [34;1mBroadcast[0m -> Client connected: 172.29.0.1:34812
2026-09-16T03:47:34.085867324Z [34m2026-09-16 03:47:34.085 UTC 00ea INFO[0m [Router2] [34;1mBroadcast[0m -> Client connected: 172.29.0.1:34812
2026-09-16T03:47:34.085868079Z [34m2026-09-16 03:47:34.085 UTC 00eb INFO[0m [Router2] [34;1mBroadcast[0m -> Client connected: 172.29.0.1:34812
2026-09-16T03:47:34.085910647Z [34m2026-09-16 03:47:34.085 UTC 00ec INFO[0m [Router2] [34;1mBroadcast[0m -> Client connected: 172.29.0.1:34812
2026-09-16T03:47:34.085912292Z [34m2026-09-16 03:47:34.085 UTC 00ed INFO[0m [Router2] [34;1mBroadcast[0m -> Client connected: 172.29.0.1:34812
2026-09-16T03:47:34.085914625Z [34m2026-09-16 03:47:34.085 UTC 00ee INFO[0m [Router2] [34;1mBroadcast[0m -> Client connected: 172.29.0.1:34812
2026-09-16T03:47:34.085962574Z [34m2026-09-16 03:47:34.084 UTC 009c INFO[0m [Router2] [34;1mBroadcast[0m -> Client connected: 172.29.0.1:34812
2026-09-16T03:47:34.085964616Z [34m2026-09-16 03:47:34.084 UTC 00a1 INFO[0m [Router2] [34;1mBroadcast[0m -> Client connected: 172.29.0.1:34812
2026-09-16T03:47:34.085988519Z [34m2026-09-16 03:47:34.085 UTC 00ef INFO[0m [Router2] [34;1mBroadcast[0m -> Client connected: 172.29.0.1:34812
2026-09-16T03:47:34.085989792Z [34m2026-09-16 03:47:34.084 UTC 00a6 INFO[0m [Router2] [34;1mBroadcast[0m -> Client connected: 172.29.0.1:34812
2026-09-16T03:47:34.085990559Z [34m2026-09-16 03:47:34.085 UTC 00f0 INFO[0m [Router2] [34;1mBroadcast[0m -> Client connected: 172.29.0.1:34812
2026-09-16T03:47:34.086037039Z [34m2026-09-16 03:47:34.084 UTC 00ad INFO[0m [Router2] [34;1mBroadcast[0m -> Client connected: 172.29.0.1:34812
2026-09-16T03:47:34.086039018Z [34m2026-09-16 03:47:34.086 UTC 00f1 INFO[0m [Router2] [34;1mBroadcast[0m -> Client connected: 172.29.0.1:34812
2026-09-16T03:47:34.086071991Z [34m2026-09-16 03:47:34.086 UTC 00f2 INFO[0m [Router2] [34;1mBroadcast[0m -> Client connected: 172.29.0.1:34812
2026-09-16T03:47:34.086077520Z [34m2026-09-16 03:47:34.086 UTC 00f3 INFO[0m [Router2] [34;1mBroadcast[0m -> Client connected: 172.29.0.1:34812
2026-09-16T03:47:34.086078430Z [34m2026-09-16 03:47:34.086 UTC 00f4 INFO[0m [Router2] [34;1mBroadcast[0m -> Client connected: 172.29.0.1:34812
2026-09-16T03:47:34.086116258Z [34m2026-09-16 03:47:34.086 UTC 00f5 INFO[0m [Router2] [34;1mBroadcast[0m -> Client connected: 172.29.0.1:34812
2026-09-16T03:47:34.086148331Z [34m2026-09-16 03:47:34.086 UTC 00f6 INFO[0m [Router2] [34;1mBroadcast[0m -> Client connected: 172.29.0.1:34812
2026-09-16T03:47:34.086150432Z [34m2026-09-16 03:47:34.086 UTC 00f7 INFO[0m [Router2] [34;1mBroadcast[0m -> Client connected: 172.29.0.1:34812
2026-09-16T03:47:34.086207052Z [34m2026-09-16 03:47:34.086 UTC 00f8 INFO[0m [Router2] [34;1mBroadcast[0m -> Client connected: 172.29.0.1:34812
2026-09-16T03:47:34.086209531Z [34m2026-09-16 03:47:34.086 UTC 00f9 INFO[0m [Router2] [34;1mBroadcast[0m -> Client connected: 172.29.0.1:34812
2026-09-16T03:47:34.086245297Z [34m2026-09-16 03:47:34.086 UTC 00fa INFO[0m [Router2] [34;1mBroadcast[0m -> Client connected: 172.29.0.1:34812
2026-09-16T03:47:34.086265493Z [34m2026-09-16 03:47:34.086 UTC 00fb INFO[0m [Router2] [34;1mBroadcast[0m -> Client connected: 172.29.0.1:34812
2026-09-16T03:47:34.086266808Z [34m2026-09-16 03:47:34.086 UTC 00fc INFO[0m [Router2] [34;1mBroadcast[0m -> Client connected: 172.29.0.1:34812
2026-09-16T03:47:34.086350656Z [34m2026-09-16 03:47:34.086 UTC 00fd INFO[0m [Router2] [34;1mBroadcast[0m -> Client connected: 172.29.0.1:34812
2026-09-16T03:47:34.086352671Z [34m2026-09-16 03:47:34.086 UTC 00fe INFO[0m [Router2] [34;1mBroadcast[0m -> Client connected: 172.29.0.1:34812
2026-09-16T03:47:34.086353475Z [34m2026-09-16 03:47:34.086 UTC 00ff INFO[0m [Router2] [34;1mBroadcast[0m -> Client connected: 172.29.0.1:34812
2026-09-16T03:47:34.086398422Z [34m2026-09-16 03:47:34.086 UTC 0100 INFO[0m [Router2] [34;1mBroadcast[0m -> Client connected: 172.29.0.1:34812
2026-09-16T03:47:34.086441082Z [34m2026-09-16 03:47:34.083 UTC 0063 INFO[0m [Router2] [34;1mBroadcast[0m -> Client connected: 172.29.0.1:34812
2026-09-16T03:47:34.086537020Z [34m2026-09-16 03:47:34.086 UTC 0101 INFO[0m [Router2] [34;1mBroadcast[0m -> Client connected: 172.29.0.1:34812
2026-09-16T03:47:34.086542027Z [34m2026-09-16 03:47:34.083 UTC 0088 INFO[0m [Router2] [34;1mBroadcast[0m -> Client connected: 172.29.0.1:34812
2026-09-16T03:47:34.086543523Z [34m2026-09-16 03:47:34.086 UTC 0102 INFO[0m [Router2] [34;1mBroadcast[0m -> Client connected: 172.29.0.1:34812
2026-09-16T03:47:34.086544455Z [34m2026-09-16 03:47:34.086 UTC 0103 INFO[0m [Router2] [34;1mBroadcast[0m -> Client connected: 172.29.0.1:34812
2026-09-16T03:47:34.086548996Z [34m2026-09-16 03:47:34.086 UTC 0104 INFO[0m [Router2] [34;1mBroadcast[0m -> Client connected: 172.29.0.1:34812
2026-09-16T03:47:34.086549840Z [34m2026-09-16 03:47:34.086 UTC 0105 INFO[0m [Router2] [34;1mBroadcast[0m -> Client connected: 172.29.0.1:34812
2026-09-16T03:47:34.086550489Z [34m2026-09-16 03:47:34.084 UTC 00ac INFO[0m [Router2] [34;1mBroadcast[0m -> Client connected: 172.29.0.1:34812
2026-09-16T03:47:34.086551191Z [34m2026-09-16 03:47:34.086 UTC 0106 INFO[0m [Router2] [34;1mBroadcast[0m -> Client connected: 172.29.0.1:34812
2026-09-16T03:47:34.086551802Z [34m2026-09-16 03:47:34.085 UTC 00d5 INFO[0m [Router2] [34;1mBroadcast[0m -> Client connected: 172.29.0.1:34812
2026-09-16T03:47:34.086552423Z [34m2026-09-16 03:47:34.086 UTC 0107 INFO[0m [Router2] [34;1mBroadcast[0m -> Client connected: 172.29.0.1:34812
2026-09-16T03:47:34.086553030Z [34m2026-09-16 03:47:34.086 UTC 0109 INFO[0m [Router2] [34;1mBroadcast[0m -> Client connected: 172.29.0.1:34812
2026-09-16T03:47:34.086553716Z [34m2026-09-16 03:47:34.086 UTC 0108 INFO[0m [Router2] [34;1mBroadcast[0m -> Client connected: 172.29.0.1:34812
2026-09-16T03:47:34.086554334Z [34m2026-09-16 03:47:34.086 UTC 010a INFO[0m [Router2] [34;1mBroadcast[0m -> Client connected: 172.29.0.1:34812
2026-09-16T03:47:34.086584927Z [34m2026-09-16 03:47:34.086 UTC 010b INFO[0m [Router2] [34;1mBroadcast[0m -> Client connected: 172.29.0.1:34812
2026-09-16T03:47:34.086596405Z [34m2026-09-16 03:47:34.086 UTC 010c INFO[0m [Router2] [34;1mBroadcast[0m -> Client connected: 172.29.0.1:34812
2026-09-16T03:47:34.086597915Z [34m2026-09-16 03:47:34.086 UTC 010d INFO[0m [Router2] [34;1mBroadcast[0m -> Client connected: 172.29.0.1:34812
2026-09-16T03:47:34.086598805Z [34m2026-09-16 03:47:34.086 UTC 010e INFO[0m [Router2] [34;1mBroadcast[0m -> Client connected: 172.29.0.1:34812
2026-09-16T03:47:34.086599529Z [34m2026-09-16 03:47:34.086 UTC 010f INFO[0m [Router2] [34;1mBroadcast[0m -> Client connected: 172.29.0.1:34812
2026-09-16T03:47:34.086600193Z [34m2026-09-16 03:47:34.086 UTC 0110 INFO[0m [Router2] [34;1mBroadcast[0m -> Client connected: 172.29.0.1:34812
2026-09-16T03:47:34.086607203Z [34m2026-09-16 03:47:34.086 UTC 0111 INFO[0m [Router2] [34;1mBroadcast[0m -> Client connected: 172.29.0.1:34812
2026-09-16T03:47:34.086612555Z [34m2026-09-16 03:47:34.086 UTC 0112 INFO[0m [Router2] [34;1mBroadcast[0m -> Client connected: 172.29.0.1:34812
2026-09-16T03:47:34.086613687Z [34m2026-09-16 03:47:34.086 UTC 0113 INFO[0m [Router2] [34;1mBroadcast[0m -> Client connected: 172.29.0.1:34812
2026-09-16T03:47:34.086634456Z [34m2026-09-16 03:47:34.086 UTC 0114 INFO[0m [Router2] [34;1mBroadcast[0m -> Client connected: 172.29.0.1:34812
2026-09-16T03:47:34.086641919Z [34m2026-09-16 03:47:34.086 UTC 0116 INFO[0m [Router2] [34;1mBroadcast[0m -> Client connected: 172.29.0.1:34812
2026-09-16T03:47:34.086642923Z [34m2026-09-16 03:47:34.086 UTC 0117 INFO[0m [Router2] [34;1mBroadcast[0m -> Client connected: 172.29.0.1:34812
2026-09-16T03:47:34.086703842Z [34m2026-09-16 03:47:34.086 UTC 0115 INFO[0m [Router2] [34;1mBroadcast[0m -> Client connected: 172.29.0.1:34812
2026-09-16T03:47:34.086717476Z [34m2026-09-16 03:47:34.086 UTC 0118 INFO[0m [Router2] [34;1mBroadcast[0m -> Client connected: 172.29.0.1:34812
2026-09-16T03:47:34.086720284Z [34m2026-09-16 03:47:34.086 UTC 0119 INFO[0m [Router2] [34;1mBroadcast[0m -> Client connected: 172.29.0.1:34812
2026-09-16T03:47:34.086722304Z [34m2026-09-16 03:47:34.086 UTC 011a INFO[0m [Router2] [34;1mBroadcast[0m -> Client connected: 172.29.0.1:34812
2026-09-16T03:47:34.086724120Z [34m2026-09-16 03:47:34.086 UTC 011b INFO[0m [Router2] [34;1mBroadcast[0m -> Client connected: 172.29.0.1:34812
2026-09-16T03:47:34.086725970Z [34m2026-09-16 03:47:34.086 UTC 011c INFO[0m [Router2] [34;1mBroadcast[0m -> Client connected: 172.29.0.1:34812
2026-09-16T03:47:34.086727697Z [34m2026-09-16 03:47:34.086 UTC 011d INFO[0m [Router2] [34;1mBroadcast[0m -> Client connected: 172.29.0.1:34812
2026-09-16T03:47:34.086729424Z [34m2026-09-16 03:47:34.086 UTC 011e INFO[0m [Router2] [34;1mBroadcast[0m -> Client connected: 172.29.0.1:34812
2026-09-16T03:47:34.086731142Z [34m2026-09-16 03:47:34.086 UTC 011f INFO[0m [Router2] [34;1mBroadcast[0m -> Client connected: 172.29.0.1:34812
2026-09-16T03:47:34.112604370Z [34m2026-09-16 03:47:34.112 UTC 0020 INFO[0m [Router3] [34;1mBroadcast[0m -> Client connected: 172.29.0.1:37194
2026-09-16T03:47:34.112621241Z [34m2026-09-16 03:47:34.112 UTC 0021 INFO[0m [Router3] [34;1mBroadcast[0m -> Client connected: 172.29.0.1:37194
2026-09-16T03:47:34.112622439Z [34m2026-09-16 03:47:34.112 UTC 0022 INFO[0m [Router3] [34;1mBroadcast[0m -> Client connected: 172.29.0.1:37194
2026-09-16T03:47:34.112623146Z [34m2026-09-16 03:47:34.112 UTC 0023 INFO[0m [Router3] [34;1mBroadcast[0m -> Client connected: 172.29.0.1:37194
2026-09-16T03:47:34.112623781Z [34m2026-09-16 03:47:34.112 UTC 0024 INFO[0m [Router3] [34;1mBroadcast[0m -> Client connected: 172.29.0.1:37194
2026-09-16T03:47:34.112624348Z [34m2026-09-16 03:47:34.112 UTC 0025 INFO[0m [Router3] [34;1mBroadcast[0m -> Client connected: 172.29.0.1:37194
2026-09-16T03:47:34.112624987Z [34m2026-09-16 03:47:34.112 UTC 0026 INFO[0m [Router3] [34;1mBroadcast[0m -> Client connected: 172.29.0.1:37194
2026-09-16T03:47:34.112625555Z [34m2026-09-16 03:47:34.112 UTC 0027 INFO[0m [Router3] [34;1mBroadcast[0m -> Client connected: 172.29.0.1:37194
2026-09-16T03:47:34.112626121Z [34m2026-09-16 03:47:34.112 UTC 0028 INFO[0m [Router3] [34;1mBroadcast[0m -> Client connected: 172.29.0.1:37194
2026-09-16T03:47:34.112757163Z [34m2026-09-16 03:47:34.112 UTC 0029 INFO[0m [Router3] [34;1mBroadcast[0m -> Client connected: 172.29.0.1:37194
2026-09-16T03:47:34.113559471Z [34m2026-09-16 03:47:34.113 UTC 004a INFO[0m [Router3] [34;1mBroadcast[0m -> Client connected: 172.29.0.1:37194
2026-09-16T03:47:34.113565753Z [34m2026-09-16 03:47:34.113 UTC 004b INFO[0m [Router3] [34;1mBroadcast[0m -> Client connected: 172.29.0.1:37194
2026-09-16T03:47:34.113611146Z [34m2026-09-16 03:47:34.113 UTC 004c INFO[0m [Router3] [34;1mBroadcast[0m -> Client connected: 172.29.0.1:37194
2026-09-16T03:47:34.113617383Z [34m2026-09-16 03:47:34.113 UTC 004d INFO[0m [Router3] [34;1mBroadcast[0m -> Client connected: 172.29.0.1:37194
2026-09-16T03:47:34.113676754Z [34m2026-09-16 03:47:34.113 UTC 004f INFO[0m [Router3] [34;1mBroadcast[0m -> Client connected: 172.29.0.1:37194
2026-09-16T03:47:34.113679198Z [34m2026-09-16 03:47:34.113 UTC 0050 INFO[0m [Router3] [34;1mBroadcast[0m -> Client connected: 172.29.0.1:37194
2026-09-16T03:47:34.113680368Z [34m2026-09-16 03:47:34.113 UTC 0051 INFO[0m [Router3] [34;1mBroadcast[0m -> Client connected: 172.29.0.1:37194
2026-09-16T03:47:34.113743904Z [34m2026-09-16 03:47:34.113 UTC 0052 INFO[0m [Router3] [34;1mBroadcast[0m -> Client connected: 172.29.0.1:37194
2026-09-16T03:47:34.113900683Z [34m2026-09-16 03:47:34.112 UTC 002a INFO[0m [Router3] [34;1mBroadcast[0m -> Client connected: 172.29.0.1:37194
2026-09-16T03:47:34.113907525Z [34m2026-09-16 03:47:34.112 UTC 002b INFO[0m [Router3] [34;1mBroadcast[0m -> Client connected: 172.29.0.1:37194
2026-09-16T03:47:34.113908948Z [34m2026-09-16 03:47:34.112 UTC 002c INFO[0m [Router3] [34;1mBroadcast[0m -> Client connected: 172.29.0.1:37194
2026-09-16T03:47:34.113909859Z [34m2026-09-16 03:47:34.112 UTC 002d INFO[0m [Router3] [34;1mBroadcast[0m -> Client connected: 172.29.0.1:37194
2026-09-16T03:47:34.113910712Z [34m2026-09-16 03:47:34.112 UTC 002e INFO[0m [Router3] [34;1mBroadcast[0m -> Client connected: 172.29.0.1:37194
2026-09-16T03:47:34.113911463Z [34m2026-09-16 03:47:34.112 UTC 002f INFO[0m [Router3] [34;1mBroadcast[0m -> Client connected: 172.29.0.1:37194
2026-09-16T03:47:34.113912336Z [34m2026-09-16 03:47:34.112 UTC 0030 INFO[0m [Router3] [34;1mBroadcast[0m -> Client connected: 172.29.0.1:37194
2026-09-16T03:47:34.113913085Z [34m2026-09-16 03:47:34.112 UTC 0031 INFO[0m [Router3] [34;1mBroadcast[0m -> Client connected: 172.29.0.1:37194
2026-09-16T03:47:34.113913846Z [34m2026-09-16 03:47:34.112 UTC 0032 INFO[0m [Router3] [34;1mBroadcast[0m -> Client connected: 172.29.0.1:37194
2026-09-16T03:47:34.114026976Z [34m2026-09-16 03:47:34.112 UTC 0033 INFO[0m [Router3] [34;1mBroadcast[0m -> Client connected: 172.29.0.1:37194
2026-09-16T03:47:34.114048281Z [34m2026-09-16 03:47:34.113 UTC 0053 INFO[0m [Router3] [34;1mBroadcast[0m -> Client connected: 172.29.0.1:37194
2026-09-16T03:47:34.114050233Z [34m2026-09-16 03:47:34.112 UTC 0034 INFO[0m [Router3] [34;1mBroadcast[0m -> Client connected: 172.29.0.1:37194
2026-09-16T03:47:34.114051078Z [34m2026-09-16 03:47:34.113 UTC 0054 INFO[0m [Router3] [34;1mBroadcast[0m -> Client connected: 172.29.0.1:37194
2026-09-16T03:47:34.114051829Z [34m2026-09-16 03:47:34.113 UTC 004e INFO[0m [Router3] [34;1mBroadcast[0m -> Client connected: 172.29.0.1:37194
2026-09-16T03:47:34.114052465Z [34m2026-09-16 03:47:34.113 UTC 0035 INFO[0m [Router3] [34;1mBroadcast[0m -> Client connected: 172.29.0.1:37194
2026-09-16T03:47:34.114053043Z [34m2026-09-16 03:47:34.113 UTC 0055 INFO[0m [Router3] [34;1mBroadcast[0m -> Client connected: 172.29.0.1:37194
2026-09-16T03:47:34.114053678Z [34m2026-09-16 03:47:34.114 UTC 0057 INFO[0m [Router3] [34;1mBroadcast[0m -> Client connected: 172.29.0.1:37194
2026-09-16T03:47:34.114054323Z [34m2026-09-16 03:47:34.113 UTC 0056 INFO[0m [Router3] [34;1mBroadcast[0m -> Client connected: 172.29.0.1:37194
2026-09-16T03:47:34.114055033Z [34m2026-09-16 03:47:34.114 UTC 0058 INFO[0m [Router3] [34;1mBroadcast[0m -> Client connected: 172.29.0.1:37194
2026-09-16T03:47:34.114071716Z [34m2026-09-16 03:47:34.113 UTC 0036 INFO[0m [Router3] [34;1mBroadcast[0m -> Client connected: 172.29.0.1:37194
2026-09-16T03:47:34.114074699Z [34m2026-09-16 03:47:34.114 UTC 0059 INFO[0m [Router3] [34;1mBroadcast[0m -> Client connected: 172.29.0.1:37194
2026-09-16T03:47:34.114075712Z [34m2026-09-16 03:47:34.113 UTC 0037 INFO[0m [Router3] [34;1mBroadcast[0m -> Client connected: 172.29.0.1:37194
2026-09-16T03:47:34.114086046Z [34m2026-09-16 03:47:34.114 UTC 005a INFO[0m [Router3] [34;1mBroadcast[0m -> Client connected: 172.29.0.1:37194
2026-09-16T03:47:34.114087401Z [34m2026-09-16 03:47:34.114 UTC 005b INFO[0m [Router3] [34;1mBroadcast[0m -> Client connected: 172.29.0.1:37194
2026-09-16T03:47:34.114088168Z [34m2026-09-16 03:47:34.114 UTC 005c INFO[0m [Router3] [34;1mBroadcast[0m -> Client connected: 172.29.0.1:37194
2026-09-16T03:47:34.114122553Z [34m2026-09-16 03:47:34.113 UTC 0038 INFO[0m [Router3] [34;1mBroadcast[0m -> Client connected: 172.29.0.1:37194
2026-09-16T03:47:34.114128094Z [34m2026-09-16 03:47:34.114 UTC 005d INFO[0m [Router3] [34;1mBroadcast[0m -> Client connected: 172.29.0.1:37194
2026-09-16T03:47:34.114129296Z [34m2026-09-16 03:47:34.113 UTC 005e INFO[0m [Router3] [34;1mBroadcast[0m -> Client connected: 172.29.0.1:37194
2026-09-16T03:47:34.114132321Z [34m2026-09-16 03:47:34.114 UTC 005f INFO[0m [Router3] [34;1mBroadcast[0m -> Client connected: 172.29.0.1:37194
2026-09-16T03:47:34.114133290Z [34m2026-09-16 03:47:34.113 UTC 0039 INFO[0m [Router3] [34;1mBroadcast[0m -> Client connected: 172.29.0.1:37194
2026-09-16T03:47:34.114138874Z [34m2026-09-16 03:47:34.114 UTC 0060 INFO[0m [Router3] [34;1mBroadcast[0m -> Client connected: 172.29.0.1:37194
2026-09-16T03:47:34.114165180Z [34m2026-09-16 03:47:34.113 UTC 003a INFO[0m [Router3] [34;1mBroadcast[0m -> Client connected: 172.29.0.1:37194
2026-09-16T03:47:34.114167321Z [34m2026-09-16 03:47:34.114 UTC 0061 INFO[0m [Router3] [34;1mBroadcast[0m -> Client connected: 172.29.0.1:37194
2026-09-16T03:47:34.114196206Z [34m2026-09-16 03:47:34.114 UTC 0062 INFO[0m [Router3] [34;1mBroadcast[0m -> Client connected: 172.29.0.1:37194
2026-09-16T03:47:34.114201671Z [34m2026-09-16 03:47:34.113 UTC 003b INFO[0m [Router3] [34;1mBroadcast[0m -> Client connected: 172.29.0.1:37194
2026-09-16T03:47:34.114229447Z [34m2026-09-16 03:47:34.114 UTC 0063 INFO[0m [Router3] [34;1mBroadcast[0m -> Client connected: 172.29.0.1:37194
2026-09-16T03:47:34.114231176Z [34m2026-09-16 03:47:34.113 UTC 003c INFO[0m [Router3] [34;1mBroadcast[0m -> Client connected: 172.29.0.1:37194
2026-09-16T03:47:34.114232107Z [34m2026-09-16 03:47:34.114 UTC 0064 INFO[0m [Router3] [34;1mBroadcast[0m -> Client connected: 172.29.0.1:37194
2026-09-16T03:47:34.114232781Z [34m2026-09-16 03:47:34.113 UTC 003d INFO[0m [Router3] [34;1mBroadcast[0m -> Client connected: 172.29.0.1:37194
2026-09-16T03:47:34.114264332Z [34m2026-09-16 03:47:34.114 UTC 0065 INFO[0m [Router3] [34;1mBroadcast[0m -> Client connected: 172.29.0.1:37194
2026-09-16T03:47:34.114266772Z [34m2026-09-16 03:47:34.114 UTC 0066 INFO[0m [Router3] [34;1mBroadcast[0m -> Client connected: 172.29.0.1:37194
2026-09-16T03:47:34.114301723Z [34m2026-09-16 03:47:34.114 UTC 0067 INFO[0m [Router3] [34;1mBroadcast[0m -> Client connected: 172.29.0.1:37194
2026-09-16T03:47:34.114303794Z [34m2026-09-16 03:47:34.114 UTC 0068 INFO[0m [Router3] [34;1mBroadcast[0m -> Client connected: 172.29.0.1:37194
2026-09-16T03:47:34.114304543Z [34m2026-09-16 03:47:34.113 UTC 0069 INFO[0m [Router3] [34;1mBroadcast[0m -> Client connected: 172.29.0.1:37194
2026-09-16T03:47:34.114313605Z [34m2026-09-16 03:47:34.114 UTC 006a INFO[0m [Router3] [34;1mBroadcast[0m -> Client connected: 172.29.0.1:37194
2026-09-16T03:47:34.114314471Z [34m2026-09-16 03:47:34.114 UTC 006b INFO[0m [Router3] [34;1mBroadcast[0m -> Client connected: 172.29.0.1:37194
2026-09-16T03:47:34.114321164Z [34m2026-09-16 03:47:34.113 UTC 006c INFO[0m [Router3] [34;1mBroadcast[0m -> Client connected: 172.29.0.1:37194
2026-09-16T03:47:34.114353037Z [34m2026-09-16 03:47:34.114 UTC 006e INFO[0m [Router3] [34;1mBroadcast[0m -> Client connected: 172.29.0.1:37194
2026-09-16T03:47:34.114359968Z [34m2026-09-16 03:47:34.114 UTC 006f INFO[0m [Router3] [34;1mBroadcast[0m -> Client connected: 172.29.0.1:37194
2026-09-16T03:47:34.114367360Z [34m2026-09-16 03:47:34.114 UTC 006d INFO[0m [Router3] [34;1mBroadcast[0m -> Client connected: 172.29.0.1:37194
2026-09-16T03:47:34.114396062Z [34m2026-09-16 03:47:34.114 UTC 0070 INFO[0m [Router3] [34;1mBroadcast[0m -> Client connected: 172.29.0.1:37194
2026-09-16T03:47:34.114398748Z [34m2026-09-16 03:47:34.114 UTC 0071 INFO[0m [Router3] [34;1mBroadcast[0m -> Client connected: 172.29.0.1:37194
2026-09-16T03:47:34.114429201Z [34m2026-09-16 03:47:34.113 UTC 003f INFO[0m [Router3] [34;1mBroadcast[0m -> Client connected: 172.29.0.1:37194
2026-09-16T03:47:34.114431401Z [34m2026-09-16 03:47:34.114 UTC 0072 INFO[0m [Router3] [34;1mBroadcast[0m -> Client connected: 172.29.0.1:37194
2026-09-16T03:47:34.114463815Z [34m2026-09-16 03:47:34.113 UTC 0040 INFO[0m [Router3] [34;1mBroadcast[0m -> Client connected: 172.29.0.1:37194
2026-09-16T03:47:34.114469876Z [34m2026-09-16 03:47:34.114 UTC 0073 INFO[0m [Router3] [34;1mBroadcast[0m -> Client connected: 172.29.0.1:37194
2026-09-16T03:47:34.114471481Z [34m2026-09-16 03:47:34.113 UTC 0041 INFO[0m [Router3] [34;1mBroadcast[0m -> Client connected: 172.29.0.1:37194
2026-09-16T03:47:34.114474897Z [34m2026-09-16 03:47:34.114 UTC 0074 INFO[0m [Router3] [34;1mBroadcast[0m -> Client connected: 172.29.0.1:37194
2026-09-16T03:47:34.114475854Z [34m2026-09-16 03:47:34.114 UTC 0076 INFO[0m [Router3] [34;1mBroadcast[0m -> Client connected: 172.29.0.1:37194
2026-09-16T03:47:34.114476713Z [34m2026-09-16 03:47:34.114 UTC 0077 INFO[0m [Router3] [34;1mBroadcast[0m -> Client connected: 172.29.0.1:37194
2026-09-16T03:47:34.114519517Z [34m2026-09-16 03:47:34.113 UTC 0042 INFO[0m [Router3] [34;1mBroadcast[0m -> Client connected: 172.29.0.1:37194
2026-09-16T03:47:34.114526840Z [34m2026-09-16 03:47:34.114 UTC 0078 INFO[0m [Router3] [34;1mBroadcast[0m -> Client connected: 172.29.0.1:37194
2026-09-16T03:47:34.114528401Z [34m2026-09-16 03:47:34.114 UTC 007a INFO[0m [Router3] [34;1mBroadcast[0m -> Client connected: 172.29.0.1:37194
2026-09-16T03:47:34.114529345Z [34m2026-09-16 03:47:34.113 UTC 0043 INFO[0m [Router3] [34;1mBroadcast[0m -> Client connected: 172.29.0.1:37194
2026-09-16T03:47:34.114530211Z [34m2026-09-16 03:47:34.114 UTC 007b INFO[0m [Router3] [34;1mBroadcast[0m -> Client connected: 172.29.0.1:37194
2026-09-16T03:47:34.114534539Z [34m2026-09-16 03:47:34.114 UTC 007c INFO[0m [Router3] [34;1mBroadcast[0m -> Client connected: 172.29.0.1:37194
2026-09-16T03:47:34.114535611Z [34m2026-09-16 03:47:34.114 UTC 007e INFO[0m [Router3] [34;1mBroadcast[0m -> Client connected: 172.29.0.1:37194
2026-09-16T03:47:34.114536468Z [34m2026-09-16 03:47:34.113 UTC 0044 INFO[0m [Router3] [34;1mBroadcast[0m -> Client connected: 172.29.0.1:37194
2026-09-16T03:47:34.114537283Z [34m2026-09-16 03:47:34.114 UTC 007f INFO[0m [Router3] [34;1mBroadcast[0m -> Client connected: 172.29.0.1:37194
2026-09-16T03:47:34.114545587Z [34m2026-09-16 03:47:34.114 UTC 0080 INFO[0m [Router3] [34;1mBroadcast[0m -> Client connected: 172.29.0.1:37194
2026-09-16T03:47:34.114569446Z [34m2026-09-16 03:47:34.114 UTC 0081 INFO[0m [Router3] [34;1mBroadcast[0m -> Client connected: 172.29.0.1:37194
2026-09-16T03:47:34.114571584Z [34m2026-09-16 03:47:34.113 UTC 0045 INFO[0m [Router3] [34;1mBroadcast[0m -> Client connected: 172.29.0.1:37194
2026-09-16T03:47:34.114572276Z [34m2026-09-16 03:47:34.114 UTC 0082 INFO[0m [Router3] [34;1mBroadcast[0m -> Client connected: 172.29.0.1:37194
2026-09-16T03:47:34.114572968Z [34m2026-09-16 03:47:34.114 UTC 0083 INFO[0m [Router3] [34;1mBroadcast[0m -> Client connected: 172.29.0.1:37194
2026-09-16T03:47:34.114573610Z [34m2026-09-16 03:47:34.114 UTC 0084 INFO[0m [Router3] [34;1mBroadcast[0m -> Client connected: 172.29.0.1:37194
2026-09-16T03:47:34.114604311Z [34m2026-09-16 03:47:34.113 UTC 0046 INFO[0m [Router3] [34;1mBroadcast[0m -> Client connected: 172.29.0.1:37194
2026-09-16T03:47:34.114606712Z [34m2026-09-16 03:47:34.114 UTC 0086 INFO[0m [Router3] [34;1mBroadcast[0m -> Client connected: 172.29.0.1:37194
2026-09-16T03:47:34.114607470Z [34m2026-09-16 03:47:34.114 UTC 0087 INFO[0m [Router3] [34;1mBroadcast[0m -> Client connected: 172.29.0.1:37194
2026-09-16T03:47:34.114608316Z [34m2026-09-16 03:47:34.113 UTC 0047 INFO[0m [Router3] [34;1mBroadcast[0m -> Client connected: 172.29.0.1:37194
2026-09-16T03:47:34.114609038Z [34m2026-09-16 03:47:34.114 UTC 0088 INFO[0m [Router3] [34;1mBroadcast[0m -> Client connected: 172.29.0.1:37194
2026-09-16T03:47:34.114609658Z [34m2026-09-16 03:47:34.114 UTC 0089 INFO[0m [Router3] [34;1mBroadcast[0m -> Client connected: 172.29.0.1:37194
2026-09-16T03:47:34.114789785Z [34m2026-09-16 03:47:34.114 UTC 008a INFO[0m [Router3] [34;1mBroadcast[0m -> Client connected: 172.29.0.1:37194
2026-09-16T03:47:34.114792586Z [34m2026-09-16 03:47:34.113 UTC 0048 INFO[0m [Router3] [34;1mBroadcast[0m -> Client connected: 172.29.0.1:37194
2026-09-16T03:47:34.114793508Z [34m2026-09-16 03:47:34.114 UTC 008b INFO[0m [Router3] [34;1mBroadcast[0m -> Client connected: 172.29.0.1:37194
2026-09-16T03:47:34.114820107Z [34m2026-09-16 03:47:34.114 UTC 008c INFO[0m [Router3] [34;1mBroadcast[0m -> Client connected: 172.29.0.1:37194
2026-09-16T03:47:34.114856357Z [34m2026-09-16 03:47:34.114 UTC 008d INFO[0m [Router3] [34;1mBroadcast[0m -> Client connected: 172.29.0.1:37194
2026-09-16T03:47:34.114890588Z [34m2026-09-16 03:47:34.114 UTC 008e INFO[0m [Router3] [34;1mBroadcast[0m -> Client connected: 172.29.0.1:37194
2026-09-16T03:47:34.114892526Z [34m2026-09-16 03:47:34.114 UTC 008f INFO[0m [Router3] [34;1mBroadcast[0m -> Client connected: 172.29.0.1:37194
2026-09-16T03:47:34.114938947Z [34m2026-09-16 03:47:34.114 UTC 0090 INFO[0m [Router3] [34;1mBroadcast[0m -> Client connected: 172.29.0.1:37194
2026-09-16T03:47:34.114973602Z [34m2026-09-16 03:47:34.114 UTC 0091 INFO[0m [Router3] [34;1mBroadcast[0m -> Client connected: 172.29.0.1:37194
2026-09-16T03:47:34.115001908Z [34m2026-09-16 03:47:34.113 UTC 0049 INFO[0m [Router3] [34;1mBroadcast[0m -> Client connected: 172.29.0.1:37194
2026-09-16T03:47:34.115043844Z [34m2026-09-16 03:47:34.114 UTC 0093 INFO[0m [Router3] [34;1mBroadcast[0m -> Client connected: 172.29.0.1:37194
2026-09-16T03:47:34.115047261Z [34m2026-09-16 03:47:34.115 UTC 0094 INFO[0m [Router3] [34;1mBroadcast[0m -> Client connected: 172.29.0.1:37194
2026-09-16T03:47:34.115093153Z [34m2026-09-16 03:47:34.115 UTC 0095 INFO[0m [Router3] [34;1mBroadcast[0m -> Client connected: 172.29.0.1:37194
2026-09-16T03:47:34.115130968Z [34m2026-09-16 03:47:34.115 UTC 0096 INFO[0m [Router3] [34;1mBroadcast[0m -> Client connected: 172.29.0.1:37194
2026-09-16T03:47:34.115132426Z [34m2026-09-16 03:47:34.115 UTC 0097 INFO[0m [Router3] [34;1mBroadcast[0m -> Client connected: 172.29.0.1:37194
2026-09-16T03:47:34.115156015Z [34m2026-09-16 03:47:34.115 UTC 0098 INFO[0m [Router3] [34;1mBroadcast[0m -> Client connected: 172.29.0.1:37194
2026-09-16T03:47:34.115158090Z [34m2026-09-16 03:47:34.114 UTC 0085 INFO[0m [Router3] [34;1mBroadcast[0m -> Client connected: 172.29.0.1:37194
2026-09-16T03:47:34.115181924Z [34m2026-09-16 03:47:34.115 UTC 0099 INFO[0m [Router3] [34;1mBroadcast[0m -> Client connected: 172.29.0.1:37194
2026-09-16T03:47:34.115240196Z [34m2026-09-16 03:47:34.115 UTC 009a INFO[0m [Router3] [34;1mBroadcast[0m -> Client connected: 172.29.0.1:37194
2026-09-16T03:47:34.115241610Z [34m2026-09-16 03:47:34.115 UTC 009b INFO[0m [Router3] [34;1mBroadcast[0m -> Client connected: 172.29.0.1:37194
2026-09-16T03:47:34.115287157Z [34m2026-09-16 03:47:34.115 UTC 009c INFO[0m [Router3] [34;1mBroadcast[0m -> Client connected: 172.29.0.1:37194
2026-09-16T03:47:34.115288475Z [34m2026-09-16 03:47:34.114 UTC 0092 INFO[0m [Router3] [34;1mBroadcast[0m -> Client connected: 172.29.0.1:37194
2026-09-16T03:47:34.115289378Z [34m2026-09-16 03:47:34.115 UTC 009d INFO[0m [Router3] [34;1mBroadcast[0m -> Client connected: 172.29.0.1:37194
2026-09-16T03:47:34.115369916Z [34m2026-09-16 03:47:34.115 UTC 009e INFO[0m [Router3] [34;1mBroadcast[0m -> Client connected: 172.29.0.1:37194
2026-09-16T03:47:34.115372026Z [34m2026-09-16 03:47:34.115 UTC 009f INFO[0m [Router3] [34;1mBroadcast[0m -> Client connected: 172.29.0.1:37194
2026-09-16T03:47:34.115401716Z [34m2026-09-16 03:47:34.115 UTC 00a0 INFO[0m [Router3] [34;1mBroadcast[0m -> Client connected: 172.29.0.1:37194
2026-09-16T03:47:34.115457637Z [34m2026-09-16 03:47:34.115 UTC 00a2 INFO[0m [Router3] [34;1mBroadcast[0m -> Client connected: 172.29.0.1:37194
2026-09-16T03:47:34.115460047Z [34m2026-09-16 03:47:34.115 UTC 00a3 INFO[0m [Router3] [34;1mBroadcast[0m -> Client connected: 172.29.0.1:37194
2026-09-16T03:47:34.115489824Z [34m2026-09-16 03:47:34.115 UTC 00a4 INFO[0m [Router3] [34;1mBroadcast[0m -> Client connected: 172.29.0.1:37194
2026-09-16T03:47:34.115605547Z [34m2026-09-16 03:47:34.115 UTC 00a5 INFO[0m [Router3] [34;1mBroadcast[0m -> Client connected: 172.29.0.1:37194
2026-09-16T03:47:34.115607516Z [34m2026-09-16 03:47:34.115 UTC 00a6 INFO[0m [Router3] [34;1mBroadcast[0m -> Client connected: 172.29.0.1:37194
2026-09-16T03:47:34.115608394Z [34m2026-09-16 03:47:34.115 UTC 00a7 INFO[0m [Router3] [34;1mBroadcast[0m -> Client connected: 172.29.0.1:37194
2026-09-16T03:47:34.115640335Z [34m2026-09-16 03:47:34.115 UTC 00a8 INFO[0m [Router3] [34;1mBroadcast[0m -> Client connected: 172.29.0.1:37194
2026-09-16T03:47:34.115642449Z [34m2026-09-16 03:47:34.115 UTC 00a9 INFO[0m [Router3] [34;1mBroadcast[0m -> Client connected: 172.29.0.1:37194
2026-09-16T03:47:34.115725063Z [34m2026-09-16 03:47:34.115 UTC 00aa INFO[0m [Router3] [34;1mBroadcast[0m -> Client connected: 172.29.0.1:37194
2026-09-16T03:47:34.115729537Z [34m2026-09-16 03:47:34.115 UTC 00ab INFO[0m [Router3] [34;1mBroadcast[0m -> Client connected: 172.29.0.1:37194
2026-09-16T03:47:34.115731087Z [34m2026-09-16 03:47:34.115 UTC 00ac INFO[0m [Router3] [34;1mBroadcast[0m -> Client connected: 172.29.0.1:37194
2026-09-16T03:47:34.115731967Z [34m2026-09-16 03:47:34.115 UTC 00ad INFO[0m [Router3] [34;1mBroadcast[0m -> Client connected: 172.29.0.1:37194
2026-09-16T03:47:34.115732804Z [34m2026-09-16 03:47:34.115 UTC 00ae INFO[0m [Router3] [34;1mBroadcast[0m -> Client connected: 172.29.0.1:37194
2026-09-16T03:47:34.115831015Z [34m2026-09-16 03:47:34.115 UTC 00af INFO[0m [Router3] [34;1mBroadcast[0m -> Client connected: 172.29.0.1:37194
2026-09-16T03:47:34.115833169Z [34m2026-09-16 03:47:34.115 UTC 00b0 INFO[0m [Router3] [34;1mBroadcast[0m -> Client connected: 172.29.0.1:37194
2026-09-16T03:47:34.115835559Z [34m2026-09-16 03:47:34.115 UTC 00b1 INFO[0m [Router3] [34;1mBroadcast[0m -> Client connected: 172.29.0.1:37194
2026-09-16T03:47:34.115836337Z [34m2026-09-16 03:47:34.115 UTC 00b2 INFO[0m [Router3] [34;1mBroadcast[0m -> Client connected: 172.29.0.1:37194
2026-09-16T03:47:34.115879992Z [34m2026-09-16 03:47:34.115 UTC 00b3 INFO[0m [Router3] [34;1mBroadcast[0m -> Client connected: 172.29.0.1:37194
2026-09-16T03:47:34.115882159Z [34m2026-09-16 03:47:34.115 UTC 00b4 INFO[0m [Router3] [34;1mBroadcast[0m -> Client connected: 172.29.0.1:37194
2026-09-16T03:47:34.115882983Z [34m2026-09-16 03:47:34.115 UTC 00b5 INFO[0m [Router3] [34;1mBroadcast[0m -> Client connected: 172.29.0.1:37194
2026-09-16T03:47:34.115938193Z [34m2026-09-16 03:47:34.115 UTC 00b6 INFO[0m [Router3] [34;1mBroadcast[0m -> Client connected: 172.29.0.1:37194
2026-09-16T03:47:34.115941260Z [34m2026-09-16 03:47:34.115 UTC 00b7 INFO[0m [Router3] [34;1mBroadcast[0m -> Client connected: 172.29.0.1:37194
2026-09-16T03:47:34.115963965Z [34m2026-09-16 03:47:34.115 UTC 00b9 INFO[0m [Router3] [34;1mBroadcast[0m -> Client connected: 172.29.0.1:37194
2026-09-16T03:47:34.115966182Z [34m2026-09-16 03:47:34.115 UTC 00ba INFO[0m [Router3] [34;1mBroadcast[0m -> Client connected: 172.29.0.1:37194
2026-09-16T03:47:34.116006481Z [34m2026-09-16 03:47:34.115 UTC 00bb INFO[0m [Router3] [34;1mBroadcast[0m -> Client connected: 172.29.0.1:37194
2026-09-16T03:47:34.116044810Z [34m2026-09-16 03:47:34.116 UTC 00bc INFO[0m [Router3] [34;1mBroadcast[0m -> Client connected: 172.29.0.1:37194
2026-09-16T03:47:34.116047073Z [34m2026-09-16 03:47:34.116 UTC 00bd INFO[0m [Router3] [34;1mBroadcast[0m -> Client connected: 172.29.0.1:37194
2026-09-16T03:47:34.116101271Z [34m2026-09-16 03:47:34.116 UTC 00be INFO[0m [Router3] [34;1mBroadcast[0m -> Client connected: 172.29.0.1:37194
2026-09-16T03:47:34.116110836Z [34m2026-09-16 03:47:34.116 UTC 00bf INFO[0m [Router3] [34;1mBroadcast[0m -> Client connected: 172.29.0.1:37194
2026-09-16T03:47:34.116112279Z [34m2026-09-16 03:47:34.116 UTC 00c0 INFO[0m [Router3] [34;1mBroadcast[0m -> Client connected: 172.29.0.1:37194
2026-09-16T03:47:34.116113139Z [34m2026-09-16 03:47:34.116 UTC 00c1 INFO[0m [Router3] [34;1mBroadcast[0m -> Client connected: 172.29.0.1:37194
2026-09-16T03:47:34.116158147Z [34m2026-09-16 03:47:34.116 UTC 00c2 INFO[0m [Router3] [34;1mBroadcast[0m -> Client connected: 172.29.0.1:37194
2026-09-16T03:47:34.116160088Z [34m2026-09-16 03:47:34.116 UTC 00c3 INFO[0m [Router3] [34;1mBroadcast[0m -> Client connected: 172.29.0.1:37194
2026-09-16T03:47:34.116194829Z [34m2026-09-16 03:47:34.116 UTC 00c4 INFO[0m [Router3] [34;1mBroadcast[0m -> Client connected: 172.29.0.1:37194
2026-09-16T03:47:34.116196773Z [34m2026-09-16 03:47:34.116 UTC 00c6 INFO[0m [Router3] [34;1mBroadcast[0m -> Client connected: 172.29.0.1:37194
2026-09-16T03:47:34.116250302Z [34m2026-09-16 03:47:34.116 UTC 00c7 INFO[0m [Router3] [34;1mBroadcast[0m -> Client connected: 172.29.0.1:37194
2026-09-16T03:47:34.116252293Z [34m2026-09-16 03:47:34.116 UTC 00c8 INFO[0m [Router3] [34;1mBroadcast[0m -> Client connected: 172.29.0.1:37194
2026-09-16T03:47:34.116358869Z [34m2026-09-16 03:47:34.116 UTC 00c9 INFO[0m [Router3] [34;1mBroadcast[0m -> Client connected: 172.29.0.1:37194
2026-09-16T03:47:34.116380915Z [34m2026-09-16 03:47:34.116 UTC 00ca INFO[0m [Router3] [34;1mBroadcast[0m -> Client connected: 172.29.0.1:37194
2026-09-16T03:47:34.116384831Z [34m2026-09-16 03:47:34.116 UTC 00cb INFO[0m [Router3] [34;1mBroadcast[0m -> Client connected: 172.29.0.1:37194
2026-09-16T03:47:34.116385590Z [34m2026-09-16 03:47:34.116 UTC 00cc INFO[0m [Router3] [34;1mBroadcast[0m -> Client connected: 172.29.0.1:37194
2026-09-16T03:47:34.116391986Z [34m2026-09-16 03:47:34.116 UTC 00cd INFO[0m [Router3] [34;1mBroadcast[0m -> Client connected: 172.29.0.1:37194
2026-09-16T03:47:34.116392723Z [34m2026-09-16 03:47:34.116 UTC 00ce INFO[0m [Router3] [34;1mBroadcast[0m -> Client connected: 172.29.0.1:37194
2026-09-16T03:47:34.116393377Z [34m2026-09-16 03:47:34.116 UTC 00d0 INFO[0m [Router3] [34;1mBroadcast[0m -> Client connected: 172.29.0.1:37194
2026-09-16T03:47:34.116394043Z [34m2026-09-16 03:47:34.116 UTC 00d1 INFO[0m [Router3] [34;1mBroadcast[0m -> Client connected: 172.29.0.1:37194
2026-09-16T03:47:34.116462855Z [34m2026-09-16 03:47:34.116 UTC 00d2 INFO[0m [Router3] [34;1mBroadcast[0m -> Client connected: 172.29.0.1:37194
2026-09-16T03:47:34.116468173Z [34m2026-09-16 03:47:34.116 UTC 00d3 INFO[0m [Router3] [34;1mBroadcast[0m -> Client connected: 172.29.0.1:37194
2026-09-16T03:47:34.116469224Z [34m2026-09-16 03:47:34.116 UTC 00d4 INFO[0m [Router3] [34;1mBroadcast[0m -> Client connected: 172.29.0.1:37194
2026-09-16T03:47:34.116470062Z [34m2026-09-16 03:47:34.116 UTC 00d5 INFO[0m [Router3] [34;1mBroadcast[0m -> Client connected: 172.29.0.1:37194
2026-09-16T03:47:34.116470710Z [34m2026-09-16 03:47:34.116 UTC 00d6 INFO[0m [Router3] [34;1mBroadcast[0m -> Client connected: 172.29.0.1:37194
2026-09-16T03:47:34.116471303Z [34m2026-09-16 03:47:34.116 UTC 00d7 INFO[0m [Router3] [34;1mBroadcast[0m -> Client connected: 172.29.0.1:37194
2026-09-16T03:47:34.116471896Z [34m2026-09-16 03:47:34.116 UTC 00d8 INFO[0m [Router3] [34;1mBroadcast[0m -> Client connected: 172.29.0.1:37194
2026-09-16T03:47:34.116472465Z [34m2026-09-16 03:47:34.116 UTC 00d9 INFO[0m [Router3] [34;1mBroadcast[0m -> Client connected: 172.29.0.1:37194
2026-09-16T03:47:34.116473045Z [34m2026-09-16 03:47:34.116 UTC 00da INFO[0m [Router3] [34;1mBroadcast[0m -> Client connected: 172.29.0.1:37194
2026-09-16T03:47:34.116473628Z [34m2026-09-16 03:47:34.116 UTC 00dc INFO[0m [Router3] [34;1mBroadcast[0m -> Client connected: 172.29.0.1:37194
2026-09-16T03:47:34.116474209Z [34m2026-09-16 03:47:34.116 UTC 00dd INFO[0m [Router3] [34;1mBroadcast[0m -> Client connected: 172.29.0.1:37194
2026-09-16T03:47:34.116474783Z [34m2026-09-16 03:47:34.116 UTC 00de INFO[0m [Router3] [34;1mBroadcast[0m -> Client connected: 172.29.0.1:37194
2026-09-16T03:47:34.116475417Z [34m2026-09-16 03:47:34.116 UTC 00df INFO[0m [Router3] [34;1mBroadcast[0m -> Client connected: 172.29.0.1:37194
2026-09-16T03:47:34.116476052Z [34m2026-09-16 03:47:34.116 UTC 00e0 INFO[0m [Router3] [34;1mBroadcast[0m -> Client connected: 172.29.0.1:37194
2026-09-16T03:47:34.116500689Z [34m2026-09-16 03:47:34.116 UTC 00e1 INFO[0m [Router3] [34;1mBroadcast[0m -> Client connected: 172.29.0.1:37194
2026-09-16T03:47:34.116502672Z [34m2026-09-16 03:47:34.116 UTC 00e4 INFO[0m [Router3] [34;1mBroadcast[0m -> Client connected: 172.29.0.1:37194
2026-09-16T03:47:34.116503368Z [34m2026-09-16 03:47:34.116 UTC 00e6 INFO[0m [Router3] [34;1mBroadcast[0m -> Client connected: 172.29.0.1:37194
2026-09-16T03:47:34.116504016Z [34m2026-09-16 03:47:34.116 UTC 00e7 INFO[0m [Router3] [34;1mBroadcast[0m -> Client connected: 172.29.0.1:37194
2026-09-16T03:47:34.116504629Z [34m2026-09-16 03:47:34.116 UTC 00e8 INFO[0m [Router3] [34;1mBroadcast[0m -> Client connected: 172.29.0.1:37194
2026-09-16T03:47:34.116505200Z [34m2026-09-16 03:47:34.116 UTC 00e9 INFO[0m [Router3] [34;1mBroadcast[0m -> Client connected: 172.29.0.1:37194
2026-09-16T03:47:34.116505811Z [34m2026-09-16 03:47:34.116 UTC 00ea INFO[0m [Router3] [34;1mBroadcast[0m -> Client connected: 172.29.0.1:37194
2026-09-16T03:47:34.116542806Z [34m2026-09-16 03:47:34.116 UTC 00eb INFO[0m [Router3] [34;1mBroadcast[0m -> Client connected: 172.29.0.1:37194
2026-09-16T03:47:34.116547961Z [34m2026-09-16 03:47:34.116 UTC 00ee INFO[0m [Router3] [34;1mBroadcast[0m -> Client connected: 172.29.0.1:37194
2026-09-16T03:47:34.116549083Z [34m2026-09-16 03:47:34.116 UTC 00ef INFO[0m [Router3] [34;1mBroadcast[0m -> Client connected: 172.29.0.1:37194
2026-09-16T03:47:34.116549875Z [34m2026-09-16 03:47:34.115 UTC 00b8 INFO[0m [Router3] [34;1mBroadcast[0m -> Client connected: 172.29.0.1:37194
2026-09-16T03:47:34.116550610Z [34m2026-09-16 03:47:34.116 UTC 00f0 INFO[0m [Router3] [34;1mBroadcast[0m -> Client connected: 172.29.0.1:37194
2026-09-16T03:47:34.116553687Z [34m2026-09-16 03:47:34.116 UTC 00f1 INFO[0m [Router3] [34;1mBroadcast[0m -> Client connected: 172.29.0.1:37194
2026-09-16T03:47:34.116554563Z [34m2026-09-16 03:47:34.116 UTC 00f2 INFO[0m [Router3] [34;1mBroadcast[0m -> Client connected: 172.29.0.1:37194
2026-09-16T03:47:34.116555322Z [34m2026-09-16 03:47:34.116 UTC 00cf INFO[0m [Router3] [34;1mBroadcast[0m -> Client connected: 172.29.0.1:37194
2026-09-16T03:47:34.116555921Z [34m2026-09-16 03:47:34.116 UTC 00e3 INFO[0m [Router3] [34;1mBroadcast[0m -> Client connected: 172.29.0.1:37194
2026-09-16T03:47:34.116585624Z [34m2026-09-16 03:47:34.116 UTC 00f4 INFO[0m [Router3] [34;1mBroadcast[0m -> Client connected: 172.29.0.1:37194
2026-09-16T03:47:34.116588189Z [34m2026-09-16 03:47:34.116 UTC 00e2 INFO[0m [Router3] [34;1mBroadcast[0m -> Client connected: 172.29.0.1:37194
2026-09-16T03:47:34.116588975Z [34m2026-09-16 03:47:34.116 UTC 00f5 INFO[0m [Router3] [34;1mBroadcast[0m -> Client connected: 172.29.0.1:37194
2026-09-16T03:47:34.116594162Z [34m2026-09-16 03:47:34.116 UTC 00f6 INFO[0m [Router3] [34;1mBroadcast[0m -> Client connected: 172.29.0.1:37194
2026-09-16T03:47:34.116629075Z [34m2026-09-16 03:47:34.116 UTC 00f7 INFO[0m [Router3] [34;1mBroadcast[0m -> Client connected: 172.29.0.1:37194
2026-09-16T03:47:34.116639101Z [34m2026-09-16 03:47:34.116 UTC 00ed INFO[0m [Router3] [34;1mBroadcast[0m -> Client connected: 172.29.0.1:37194
2026-09-16T03:47:34.116640271Z [34m2026-09-16 03:47:34.116 UTC 00f8 INFO[0m [Router3] [34;1mBroadcast[0m -> Client connected: 172.29.0.1:37194
2026-09-16T03:47:34.116641038Z [34m2026-09-16 03:47:34.116 UTC 00f3 INFO[0m [Router3] [34;1mBroadcast[0m -> Client connected: 172.29.0.1:37194
2026-09-16T03:47:34.116643805Z [34m2026-09-16 03:47:34.116 UTC 00f9 INFO[0m [Router3] [34;1mBroadcast[0m -> Client connected: 172.29.0.1:37194
2026-09-16T03:47:34.116644582Z [34m2026-09-16 03:47:34.116 UTC 00fa INFO[0m [Router3] [34;1mBroadcast[0m -> Client connected: 172.29.0.1:37194
2026-09-16T03:47:34.116645318Z [34m2026-09-16 03:47:34.116 UTC 00fb INFO[0m [Router3] [34;1mBroadcast[0m -> Client connected: 172.29.0.1:37194
2026-09-16T03:47:34.116686280Z [34m2026-09-16 03:47:34.116 UTC 00fc INFO[0m [Router3] [34;1mBroadcast[0m -> Client connected: 172.29.0.1:37194
2026-09-16T03:47:34.116689586Z [34m2026-09-16 03:47:34.116 UTC 00fe INFO[0m [Router3] [34;1mBroadcast[0m -> Client connected: 172.29.0.1:37194
2026-09-16T03:47:34.116690488Z [34m2026-09-16 03:47:34.116 UTC 00ff INFO[0m [Router3] [34;1mBroadcast[0m -> Client connected: 172.29.0.1:37194
2026-09-16T03:47:34.116691210Z [34m2026-09-16 03:47:34.116 UTC 0100 INFO[0m [Router3] [34;1mBroadcast[0m -> Client connected: 172.29.0.1:37194
2026-09-16T03:47:34.116691941Z [34m2026-09-16 03:47:34.116 UTC 0101 INFO[0m [Router3] [34;1mBroadcast[0m -> Client connected: 172.29.0.1:37194
2026-09-16T03:47:34.116692557Z [34m2026-09-16 03:47:34.116 UTC 0102 INFO[0m [Router3] [34;1mBroadcast[0m -> Client connected: 172.29.0.1:37194
2026-09-16T03:47:34.116693199Z [34m2026-09-16 03:47:34.116 UTC 0103 INFO[0m [Router3] [34;1mBroadcast[0m -> Client connected: 172.29.0.1:37194
2026-09-16T03:47:34.116694221Z [34m2026-09-16 03:47:34.116 UTC 0104 INFO[0m [Router3] [34;1mBroadcast[0m -> Client connected: 172.29.0.1:37194
2026-09-16T03:47:34.116694891Z [34m2026-09-16 03:47:34.116 UTC 0105 INFO[0m [Router3] [34;1mBroadcast[0m -> Client connected: 172.29.0.1:37194
2026-09-16T03:47:34.116698530Z [34m2026-09-16 03:47:34.116 UTC 0107 INFO[0m [Router3] [34;1mBroadcast[0m -> Client connected: 172.29.0.1:37194
2026-09-16T03:47:34.116700043Z [34m2026-09-16 03:47:34.113 UTC 003e INFO[0m [Router3] [34;1mBroadcast[0m -> Client connected: 172.29.0.1:37194
2026-09-16T03:47:34.116705303Z [34m2026-09-16 03:47:34.114 UTC 0075 INFO[0m [Router3] [34;1mBroadcast[0m -> Client connected: 172.29.0.1:37194
2026-09-16T03:47:34.116706197Z [34m2026-09-16 03:47:34.114 UTC 0079 INFO[0m [Router3] [34;1mBroadcast[0m -> Client connected: 172.29.0.1:37194
2026-09-16T03:47:34.116706994Z [34m2026-09-16 03:47:34.114 UTC 007d INFO[0m [Router3] [34;1mBroadcast[0m -> Client connected: 172.29.0.1:37194
2026-09-16T03:47:34.116707682Z [34m2026-09-16 03:47:34.116 UTC 0106 INFO[0m [Router3] [34;1mBroadcast[0m -> Client connected: 172.29.0.1:37194
2026-09-16T03:47:34.116709557Z [34m2026-09-16 03:47:34.115 UTC 00a1 INFO[0m [Router3] [34;1mBroadcast[0m -> Client connected: 172.29.0.1:37194
2026-09-16T03:47:34.116710269Z [34m2026-09-16 03:47:34.116 UTC 010a INFO[0m [Router3] [34;1mBroadcast[0m -> Client connected: 172.29.0.1:37194
2026-09-16T03:47:34.116731369Z [34m2026-09-16 03:47:34.116 UTC 00db INFO[0m [Router3] [34;1mBroadcast[0m -> Client connected: 172.29.0.1:37194
2026-09-16T03:47:34.116733642Z [34m2026-09-16 03:47:34.116 UTC 010b INFO[0m [Router3] [34;1mBroadcast[0m -> Client connected: 172.29.0.1:37194
2026-09-16T03:47:34.116734469Z [34m2026-09-16 03:47:34.116 UTC 00ec INFO[0m [Router3] [34;1mBroadcast[0m -> Client connected: 172.29.0.1:37194
2026-09-16T03:47:34.116735168Z [34m2026-09-16 03:47:34.116 UTC 010c INFO[0m [Router3] [34;1mBroadcast[0m -> Client connected: 172.29.0.1:37194
2026-09-16T03:47:34.116735914Z [34m2026-09-16 03:47:34.116 UTC 00fd INFO[0m [Router3] [34;1mBroadcast[0m -> Client connected: 172.29.0.1:37194
2026-09-16T03:47:34.116736535Z [34m2026-09-16 03:47:34.116 UTC 010d INFO[0m [Router3] [34;1mBroadcast[0m -> Client connected: 172.29.0.1:37194
2026-09-16T03:47:34.116737184Z [34m2026-09-16 03:47:34.116 UTC 00c5 INFO[0m [Router3] [34;1mBroadcast[0m -> Client connected: 172.29.0.1:37194
2026-09-16T03:47:34.116737779Z [34m2026-09-16 03:47:34.116 UTC 010e INFO[0m [Router3] [34;1mBroadcast[0m -> Client connected: 172.29.0.1:37194
2026-09-16T03:47:34.116740154Z [34m2026-09-16 03:47:34.116 UTC 010f INFO[0m [Router3] [34;1mBroadcast[0m -> Client connected: 172.29.0.1:37194
2026-09-16T03:47:34.116740878Z [34m2026-09-16 03:47:34.116 UTC 0110 INFO[0m [Router3] [34;1mBroadcast[0m -> Client connected: 172.29.0.1:37194
2026-09-16T03:47:34.116741510Z [34m2026-09-16 03:47:34.116 UTC 0111 INFO[0m [Router3] [34;1mBroadcast[0m -> Client connected: 172.29.0.1:37194
2026-09-16T03:47:34.116742170Z [34m2026-09-16 03:47:34.116 UTC 0112 INFO[0m [Router3] [34;1mBroadcast[0m -> Client connected: 172.29.0.1:37194
2026-09-16T03:47:34.116775100Z [34m2026-09-16 03:47:34.116 UTC 0113 INFO[0m [Router3] [34;1mBroadcast[0m -> Client connected: 172.29.0.1:37194
2026-09-16T03:47:34.116778330Z [34m2026-09-16 03:47:34.116 UTC 0115 INFO[0m [Router3] [34;1mBroadcast[0m -> Client connected: 172.29.0.1:37194
2026-09-16T03:47:34.116782272Z [34m2026-09-16 03:47:34.116 UTC 0116 INFO[0m [Router3] [34;1mBroadcast[0m -> Client connected: 172.29.0.1:37194
2026-09-16T03:47:34.116783156Z [34m2026-09-16 03:47:34.116 UTC 0117 INFO[0m [Router3] [34;1mBroadcast[0m -> Client connected: 172.29.0.1:37194
2026-09-16T03:47:34.116783928Z [34m2026-09-16 03:47:34.116 UTC 0118 INFO[0m [Router3] [34;1mBroadcast[0m -> Client connected: 172.29.0.1:37194
2026-09-16T03:47:34.116784717Z [34m2026-09-16 03:47:34.116 UTC 0119 INFO[0m [Router3] [34;1mBroadcast[0m -> Client connected: 172.29.0.1:37194
2026-09-16T03:47:34.116785380Z [34m2026-09-16 03:47:34.116 UTC 011a INFO[0m [Router3] [34;1mBroadcast[0m -> Client connected: 172.29.0.1:37194
2026-09-16T03:47:34.116787727Z [34m2026-09-16 03:47:34.116 UTC 011b INFO[0m [Router3] [34;1mBroadcast[0m -> Client connected: 172.29.0.1:37194
2026-09-16T03:47:34.116788549Z [34m2026-09-16 03:47:34.116 UTC 0108 INFO[0m [Router3] [34;1mBroadcast[0m -> Client connected: 172.29.0.1:37194
2026-09-16T03:47:34.116789229Z [34m2026-09-16 03:47:34.116 UTC 00e5 INFO[0m [Router3] [34;1mBroadcast[0m -> Client connected: 172.29.0.1:37194
2026-09-16T03:47:34.116789890Z [34m2026-09-16 03:47:34.116 UTC 011c INFO[0m [Router3] [34;1mBroadcast[0m -> Client connected: 172.29.0.1:37194
2026-09-16T03:47:34.116790496Z [34m2026-09-16 03:47:34.116 UTC 011d INFO[0m [Router3] [34;1mBroadcast[0m -> Client connected: 172.29.0.1:37194
2026-09-16T03:47:34.116791098Z [34m2026-09-16 03:47:34.116 UTC 0109 INFO[0m [Router3] [34;1mBroadcast[0m -> Client connected: 172.29.0.1:37194
2026-09-16T03:47:34.116829432Z [34m2026-09-16 03:47:34.116 UTC 011e INFO[0m [Router3] [34;1mBroadcast[0m -> Client connected: 172.29.0.1:37194
2026-09-16T03:47:34.116832620Z [34m2026-09-16 03:47:34.116 UTC 011f INFO[0m [Router3] [34;1mBroadcast[0m -> Client connected: 172.29.0.1:37194
2026-09-16T03:47:34.116833462Z [34m2026-09-16 03:47:34.116 UTC 0114 INFO[0m [Router3] [34;1mBroadcast[0m -> Client connected: 172.29.0.1:37194
2026-09-16T03:47:34.140701214Z [34m2026-09-16 03:47:34.140 UTC 0021 INFO[0m [Router4] [34;1mBroadcast[0m -> Client connected: 172.29.0.1:56450
2026-09-16T03:47:34.140719855Z [34m2026-09-16 03:47:34.140 UTC 0020 INFO[0m [Router4] [34;1mBroadcast[0m -> Client connected: 172.29.0.1:56450
2026-09-16T03:47:34.140722406Z [34m2026-09-16 03:47:34.140 UTC 0022 INFO[0m [Router4] [34;1mBroadcast[0m -> Client connected: 172.29.0.1:56450
2026-09-16T03:47:34.140723833Z [34m2026-09-16 03:47:34.140 UTC 0023 INFO[0m [Router4] [34;1mBroadcast[0m -> Client connected: 172.29.0.1:56450
2026-09-16T03:47:34.140725161Z [34m2026-09-16 03:47:34.140 UTC 0024 INFO[0m [Router4] [34;1mBroadcast[0m -> Client connected: 172.29.0.1:56450
2026-09-16T03:47:34.140734361Z [34m2026-09-16 03:47:34.140 UTC 0026 INFO[0m [Router4] [34;1mBroadcast[0m -> Client connected: 172.29.0.1:56450
2026-09-16T03:47:34.140736088Z [34m2026-09-16 03:47:34.140 UTC 0025 INFO[0m [Router4] [34;1mBroadcast[0m -> Client connected: 172.29.0.1:56450
2026-09-16T03:47:34.140737337Z [34m2026-09-16 03:47:34.140 UTC 0027 INFO[0m [Router4] [34;1mBroadcast[0m -> Client connected: 172.29.0.1:56450
2026-09-16T03:47:34.140738516Z [34m2026-09-16 03:47:34.140 UTC 0028 INFO[0m [Router4] [34;1mBroadcast[0m -> Client connected: 172.29.0.1:56450
2026-09-16T03:47:34.140739692Z [34m2026-09-16 03:47:34.140 UTC 0029 INFO[0m [Router4] [34;1mBroadcast[0m -> Client connected: 172.29.0.1:56450
2026-09-16T03:47:34.140740869Z [34m2026-09-16 03:47:34.140 UTC 002a INFO[0m [Router4] [34;1mBroadcast[0m -> Client connected: 172.29.0.1:56450
2026-09-16T03:47:34.140742032Z [34m2026-09-16 03:47:34.140 UTC 002b INFO[0m [Router4] [34;1mBroadcast[0m -> Client connected: 172.29.0.1:56450
2026-09-16T03:47:34.140743191Z [34m2026-09-16 03:47:34.140 UTC 002c INFO[0m [Router4] [34;1mBroadcast[0m -> Client connected: 172.29.0.1:56450
2026-09-16T03:47:34.140744378Z [34m2026-09-16 03:47:34.140 UTC 002d INFO[0m [Router4] [34;1mBroadcast[0m -> Client connected: 172.29.0.1:56450
2026-09-16T03:47:34.140745537Z [34m2026-09-16 03:47:34.140 UTC 002e INFO[0m [Router4] [34;1mBroadcast[0m -> Client connected: 172.29.0.1:56450
2026-09-16T03:47:34.140746684Z [34m2026-09-16 03:47:34.140 UTC 002f INFO[0m [Router4] [34;1mBroadcast[0m -> Client connected: 172.29.0.1:56450
2026-09-16T03:47:34.140747854Z [34m2026-09-16 03:47:34.140 UTC 0030 INFO[0m [Router4] [34;1mBroadcast[0m -> Client connected: 172.29.0.1:56450
2026-09-16T03:47:34.140749723Z [34m2026-09-16 03:47:34.140 UTC 0031 INFO[0m [Router4] [34;1mBroadcast[0m -> Client connected: 172.29.0.1:56450
2026-09-16T03:47:34.140902279Z [34m2026-09-16 03:47:34.140 UTC 0032 INFO[0m [Router4] [34;1mBroadcast[0m -> Client connected: 172.29.0.1:56450
2026-09-16T03:47:34.140908410Z [34m2026-09-16 03:47:34.140 UTC 0033 INFO[0m [Router4] [34;1mBroadcast[0m -> Client connected: 172.29.0.1:56450
2026-09-16T03:47:34.140909335Z [34m2026-09-16 03:47:34.140 UTC 0034 INFO[0m [Router4] [34;1mBroadcast[0m -> Client connected: 172.29.0.1:56450
2026-09-16T03:47:34.140909989Z [34m2026-09-16 03:47:34.140 UTC 0035 INFO[0m [Router4] [34;1mBroadcast[0m -> Client connected: 172.29.0.1:56450
2026-09-16T03:47:34.140910792Z [34m2026-09-16 03:47:34.140 UTC 0037 INFO[0m [Router4] [34;1mBroadcast[0m -> Client connected: 172.29.0.1:56450
2026-09-16T03:47:34.140911438Z [34m2026-09-16 03:47:34.140 UTC 0038 INFO[0m [Router4] [34;1mBroadcast[0m -> Client connected: 172.29.0.1:56450
2026-09-16T03:47:34.140912201Z [34m2026-09-16 03:47:34.140 UTC 0039 INFO[0m [Router4] [34;1mBroadcast[0m -> Client connected: 172.29.0.1:56450
2026-09-16T03:47:34.140918177Z [34m2026-09-16 03:47:34.140 UTC 003a INFO[0m [Router4] [34;1mBroadcast[0m -> Client connected: 172.29.0.1:56450
2026-09-16T03:47:34.140919003Z [34m2026-09-16 03:47:34.140 UTC 003b INFO[0m [Router4] [34;1mBroadcast[0m -> Client connected: 172.29.0.1:56450
2026-09-16T03:47:34.140919682Z [34m2026-09-16 03:47:34.140 UTC 0036 INFO[0m [Router4] [34;1mBroadcast[0m -> Client connected: 172.29.0.1:56450
2026-09-16T03:47:34.140920352Z [34m2026-09-16 03:47:34.140 UTC 003c INFO[0m [Router4] [34;1mBroadcast[0m -> Client connected: 172.29.0.1:56450
2026-09-16T03:47:34.140921033Z [34m2026-09-16 03:47:34.140 UTC 003d INFO[0m [Router4] [34;1mBroadcast[0m -> Client connected: 172.29.0.1:56450
2026-09-16T03:47:34.140921673Z [34m2026-09-16 03:47:34.140 UTC 003e INFO[0m [Router4] [34;1mBroadcast[0m -> Client connected: 172.29.0.1:56450
2026-09-16T03:47:34.140922312Z [34m2026-09-16 03:47:34.140 UTC 003f INFO[0m [Router4] [34;1mBroadcast[0m -> Client connected: 172.29.0.1:56450
2026-09-16T03:47:34.140922916Z [34m2026-09-16 03:47:34.140 UTC 0040 INFO[0m [Router4] [34;1mBroadcast[0m -> Client connected: 172.29.0.1:56450
2026-09-16T03:47:34.140923566Z [34m2026-09-16 03:47:34.140 UTC 0041 INFO[0m [Router4] [34;1mBroadcast[0m -> Client connected: 172.29.0.1:56450
2026-09-16T03:47:34.140924217Z [34m2026-09-16 03:47:34.140 UTC 0042 INFO[0m [Router4] [34;1mBroadcast[0m -> Client connected: 172.29.0.1:56450
2026-09-16T03:47:34.140925284Z [34m2026-09-16 03:47:34.140 UTC 0043 INFO[0m [Router4] [34;1mBroadcast[0m -> Client connected: 172.29.0.1:56450
2026-09-16T03:47:34.140925962Z [34m2026-09-16 03:47:34.140 UTC 0044 INFO[0m [Router4] [34;1mBroadcast[0m -> Client connected: 172.29.0.1:56450
2026-09-16T03:47:34.140926607Z [34m2026-09-16 03:47:34.140 UTC 0045 INFO[0m [Router4] [34;1mBroadcast[0m -> Client connected: 172.29.0.1:56450
2026-09-16T03:47:34.140927234Z [34m2026-09-16 03:47:34.140 UTC 0046 INFO[0m [Router4] [34;1mBroadcast[0m -> Client connected: 172.29.0.1:56450
2026-09-16T03:47:34.140927905Z [34m2026-09-16 03:47:34.140 UTC 0047 INFO[0m [Router4] [34;1mBroadcast[0m -> Client connected: 172.29.0.1:56450
2026-09-16T03:47:34.141094954Z [34m2026-09-16 03:47:34.140 UTC 0049 INFO[0m [Router4] [34;1mBroadcast[0m -> Client connected: 172.29.0.1:56450
2026-09-16T03:47:34.141101331Z [34m2026-09-16 03:47:34.141 UTC 004a INFO[0m [Router4] [34;1mBroadcast[0m -> Client connected: 172.29.0.1:56450
2026-09-16T03:47:34.141103853Z [34m2026-09-16 03:47:34.141 UTC 004b INFO[0m [Router4] [34;1mBroadcast[0m -> Client connected: 172.29.0.1:56450
2026-09-16T03:47:34.141307418Z [34m2026-09-16 03:47:34.141 UTC 004c INFO[0m [Router4] [34;1mBroadcast[0m -> Client connected: 172.29.0.1:56450
2026-09-16T03:47:34.141320391Z [34m2026-09-16 03:47:34.141 UTC 004d INFO[0m [Router4] [34;1mBroadcast[0m -> Client connected: 172.29.0.1:56450
2026-09-16T03:47:34.141322995Z [34m2026-09-16 03:47:34.141 UTC 004e INFO[0m [Router4] [34;1mBroadcast[0m -> Client connected: 172.29.0.1:56450
2026-09-16T03:47:34.141324372Z [34m2026-09-16 03:47:34.141 UTC 004f INFO[0m [Router4] [34;1mBroadcast[0m -> Client connected: 172.29.0.1:56450
2026-09-16T03:47:34.141371017Z [34m2026-09-16 03:47:34.141 UTC 0050 INFO[0m [Router4] [34;1mBroadcast[0m -> Client connected: 172.29.0.1:56450
2026-09-16T03:47:34.141374395Z [34m2026-09-16 03:47:34.141 UTC 0051 INFO[0m [Router4] [34;1mBroadcast[0m -> Client connected: 172.29.0.1:56450
2026-09-16T03:47:34.141375803Z [34m2026-09-16 03:47:34.141 UTC 0052 INFO[0m [Router4] [34;1mBroadcast[0m -> Client connected: 172.29.0.1:56450
2026-09-16T03:47:34.141473590Z [34m2026-09-16 03:47:34.141 UTC 0053 INFO[0m [Router4] [34;1mBroadcast[0m -> Client connected: 172.29.0.1:56450
2026-09-16T03:47:34.141533542Z [34m2026-09-16 03:47:34.141 UTC 0054 INFO[0m [Router4] [34;1mBroadcast[0m -> Client connected: 172.29.0.1:56450
2026-09-16T03:47:34.141535694Z [34m2026-09-16 03:47:34.141 UTC 0055 INFO[0m [Router4] [34;1mBroadcast[0m -> Client connected: 172.29.0.1:56450
2026-09-16T03:47:34.141536528Z [34m2026-09-16 03:47:34.141 UTC 0056 INFO[0m [Router4] [34;1mBroadcast[0m -> Client connected: 172.29.0.1:56450
2026-09-16T03:47:34.141640493Z [34m2026-09-16 03:47:34.141 UTC 0057 INFO[0m [Router4] [34;1mBroadcast[0m -> Client connected: 172.29.0.1:56450
2026-09-16T03:47:34.141642265Z [34m2026-09-16 03:47:34.141 UTC 0058 INFO[0m [Router4] [34;1mBroadcast[0m -> Client connected: 172.29.0.1:56450
2026-09-16T03:47:34.141643082Z [34m2026-09-16 03:47:34.141 UTC 0059 INFO[0m [Router4] [34;1mBroadcast[0m -> Client connected: 172.29.0.1:56450
2026-09-16T03:47:34.141855321Z [34m2026-09-16 03:47:34.141 UTC 005a INFO[0m [Router4] [34;1mBroadcast[0m -> Client connected: 172.29.0.1:56450
2026-09-16T03:47:34.141873437Z [34m2026-09-16 03:47:34.141 UTC 005c INFO[0m [Router4] [34;1mBroadcast[0m -> Client connected: 172.29.0.1:56450
2026-09-16T03:47:34.141876257Z [34m2026-09-16 03:47:34.141 UTC 005d INFO[0m [Router4] [34;1mBroadcast[0m -> Client connected: 172.29.0.1:56450
2026-09-16T03:47:34.142110678Z [34m2026-09-16 03:47:34.141 UTC 005e INFO[0m [Router4] [34;1mBroadcast[0m -> Client connected: 172.29.0.1:56450
2026-09-16T03:47:34.142120752Z [34m2026-09-16 03:47:34.141 UTC 005f INFO[0m [Router4] [34;1mBroadcast[0m -> Client connected: 172.29.0.1:56450
2026-09-16T03:47:34.142123005Z [34m2026-09-16 03:47:34.141 UTC 0060 INFO[0m [Router4] [34;1mBroadcast[0m -> Client connected: 172.29.0.1:56450
2026-09-16T03:47:34.142967472Z [34m2026-09-16 03:47:34.142 UTC 0075 INFO[0m [Router4] [34;1mBroadcast[0m -> Client connected: 172.29.0.1:56450
2026-09-16T03:47:34.143021989Z [34m2026-09-16 03:47:34.141 UTC 0061 INFO[0m [Router4] [34;1mBroadcast[0m -> Client connected: 172.29.0.1:56450
2026-09-16T03:47:34.143026928Z [34m2026-09-16 03:47:34.142 UTC 0077 INFO[0m [Router4] [34;1mBroadcast[0m -> Client connected: 172.29.0.1:56450
2026-09-16T03:47:34.143029202Z [34m2026-09-16 03:47:34.142 UTC 0062 INFO[0m [Router4] [34;1mBroadcast[0m -> Client connected: 172.29.0.1:56450
2026-09-16T03:47:34.143030788Z [34m2026-09-16 03:47:34.142 UTC 0063 INFO[0m [Router4] [34;1mBroadcast[0m -> Client connected: 172.29.0.1:56450
2026-09-16T03:47:34.143032262Z [34m2026-09-16 03:47:34.142 UTC 0078 INFO[0m [Router4] [34;1mBroadcast[0m -> Client connected: 172.29.0.1:56450
2026-09-16T03:47:34.143033624Z [34m2026-09-16 03:47:34.142 UTC 0064 INFO[0m [Router4] [34;1mBroadcast[0m -> Client connected: 172.29.0.1:56450
2026-09-16T03:47:34.143034955Z [34m2026-09-16 03:47:34.142 UTC 0079 INFO[0m [Router4] [34;1mBroadcast[0m -> Client connected: 172.29.0.1:56450
2026-09-16T03:47:34.143036260Z [34m2026-09-16 03:47:34.142 UTC 0065 INFO[0m [Router4] [34;1mBroadcast[0m -> Client connected: 172.29.0.1:56450
2026-09-16T03:47:34.143037660Z [34m2026-09-16 03:47:34.142 UTC 0066 INFO[0m [Router4] [34;1mBroadcast[0m -> Client connected: 172.29.0.1:56450
2026-09-16T03:47:34.143039068Z [34m2026-09-16 03:47:34.142 UTC 007a INFO[0m [Router4] [34;1mBroadcast[0m -> Client connected: 172.29.0.1:56450
2026-09-16T03:47:34.143040477Z [34m2026-09-16 03:47:34.142 UTC 0067 INFO[0m [Router4] [34;1mBroadcast[0m -> Client connected: 172.29.0.1:56450
2026-09-16T03:47:34.143041746Z [34m2026-09-16 03:47:34.142 UTC 007b INFO[0m [Router4] [34;1mBroadcast[0m -> Client connected: 172.29.0.1:56450
2026-09-16T03:47:34.143043028Z [34m2026-09-16 03:47:34.142 UTC 0068 INFO[0m [Router4] [34;1mBroadcast[0m -> Client connected: 172.29.0.1:56450
2026-09-16T03:47:34.143044390Z [34m2026-09-16 03:47:34.142 UTC 0069 INFO[0m [Router4] [34;1mBroadcast[0m -> Client connected: 172.29.0.1:56450
2026-09-16T03:47:34.143046205Z [34m2026-09-16 03:47:34.142 UTC 007c INFO[0m [Router4] [34;1mBroadcast[0m -> Client connected: 172.29.0.1:56450
2026-09-16T03:47:34.143047525Z [34m2026-09-16 03:47:34.142 UTC 006a INFO[0m [Router4] [34;1mBroadcast[0m -> Client connected: 172.29.0.1:56450
2026-09-16T03:47:34.143049912Z [34m2026-09-16 03:47:34.142 UTC 007d INFO[0m [Router4] [34;1mBroadcast[0m -> Client connected: 172.29.0.1:56450
2026-09-16T03:47:34.143051235Z [34m2026-09-16 03:47:34.142 UTC 006b INFO[0m [Router4] [34;1mBroadcast[0m -> Client connected: 172.29.0.1:56450
2026-09-16T03:47:34.143052505Z [34m2026-09-16 03:47:34.142 UTC 006c INFO[0m [Router4] [34;1mBroadcast[0m -> Client connected: 172.29.0.1:56450
2026-09-16T03:47:34.143058749Z [34m2026-09-16 03:47:34.142 UTC 006d INFO[0m [Router4] [34;1mBroadcast[0m -> Client connected: 172.29.0.1:56450
2026-09-16T03:47:34.143060291Z [34m2026-09-16 03:47:34.142 UTC 006e INFO[0m [Router4] [34;1mBroadcast[0m -> Client connected: 172.29.0.1:56450
2026-09-16T03:47:34.143061719Z [34m2026-09-16 03:47:34.142 UTC 006f INFO[0m [Router4] [34;1mBroadcast[0m -> Client connected: 172.29.0.1:56450
2026-09-16T03:47:34.143063005Z [34m2026-09-16 03:47:34.142 UTC 007e INFO[0m [Router4] [34;1mBroadcast[0m -> Client connected: 172.29.0.1:56450
2026-09-16T03:47:34.143064309Z [34m2026-09-16 03:47:34.142 UTC 0070 INFO[0m [Router4] [34;1mBroadcast[0m -> Client connected: 172.29.0.1:56450
2026-09-16T03:47:34.143065554Z [34m2026-09-16 03:47:34.142 UTC 0071 INFO[0m [Router4] [34;1mBroadcast[0m -> Client connected: 172.29.0.1:56450
2026-09-16T03:47:34.143066893Z [34m2026-09-16 03:47:34.142 UTC 0072 INFO[0m [Router4] [34;1mBroadcast[0m -> Client connected: 172.29.0.1:56450
2026-09-16T03:47:34.143068155Z [34m2026-09-16 03:47:34.142 UTC 007f INFO[0m [Router4] [34;1mBroadcast[0m -> Client connected: 172.29.0.1:56450
2026-09-16T03:47:34.143069408Z [34m2026-09-16 03:47:34.142 UTC 0073 INFO[0m [Router4] [34;1mBroadcast[0m -> Client connected: 172.29.0.1:56450
2026-09-16T03:47:34.143070672Z [34m2026-09-16 03:47:34.142 UTC 0074 INFO[0m [Router4] [34;1mBroadcast[0m -> Client connected: 172.29.0.1:56450
2026-09-16T03:47:34.143072098Z [34m2026-09-16 03:47:34.142 UTC 0076 INFO[0m [Router4] [34;1mBroadcast[0m -> Client connected: 172.29.0.1:56450
2026-09-16T03:47:34.143227938Z [34m2026-09-16 03:47:34.142 UTC 0080 INFO[0m [Router4] [34;1mBroadcast[0m -> Client connected: 172.29.0.1:56450
2026-09-16T03:47:34.143240612Z [34m2026-09-16 03:47:34.142 UTC 0081 INFO[0m [Router4] [34;1mBroadcast[0m -> Client connected: 172.29.0.1:56450
2026-09-16T03:47:34.143246771Z [34m2026-09-16 03:47:34.142 UTC 0082 INFO[0m [Router4] [34;1mBroadcast[0m -> Client connected: 172.29.0.1:56450
2026-09-16T03:47:34.143250632Z [34m2026-09-16 03:47:34.142 UTC 0083 INFO[0m [Router4] [34;1mBroadcast[0m -> Client connected: 172.29.0.1:56450
2026-09-16T03:47:34.143256173Z [34m2026-09-16 03:47:34.140 UTC 0048 INFO[0m [Router4] [34;1mBroadcast[0m -> Client connected: 172.29.0.1:56450
2026-09-16T03:47:34.143260215Z [34m2026-09-16 03:47:34.143 UTC 0084 INFO[0m [Router4] [34;1mBroadcast[0m -> Client connected: 172.29.0.1:56450
2026-09-16T03:47:34.143264616Z [34m2026-09-16 03:47:34.141 UTC 005b INFO[0m [Router4] [34;1mBroadcast[0m -> Client connected: 172.29.0.1:56450
2026-09-16T03:47:34.143268479Z [34m2026-09-16 03:47:34.143 UTC 0088 INFO[0m [Router4] [34;1mBroadcast[0m -> Client connected: 172.29.0.1:56450
2026-09-16T03:47:34.143288653Z [34m2026-09-16 03:47:34.143 UTC 0089 INFO[0m [Router4] [34;1mBroadcast[0m -> Client connected: 172.29.0.1:56450
2026-09-16T03:47:34.143293098Z [34m2026-09-16 03:47:34.143 UTC 008a INFO[0m [Router4] [34;1mBroadcast[0m -> Client connected: 172.29.0.1:56450
2026-09-16T03:47:34.143302621Z [34m2026-09-16 03:47:34.143 UTC 008b INFO[0m [Router4] [34;1mBroadcast[0m -> Client connected: 172.29.0.1:56450
2026-09-16T03:47:34.143306518Z [34m2026-09-16 03:47:34.143 UTC 008d INFO[0m [Router4] [34;1mBroadcast[0m -> Client connected: 172.29.0.1:56450
2026-09-16T03:47:34.143309996Z [34m2026-09-16 03:47:34.143 UTC 008e INFO[0m [Router4] [34;1mBroadcast[0m -> Client connected: 172.29.0.1:56450
2026-09-16T03:47:34.143313321Z [34m2026-09-16 03:47:34.143 UTC 008c INFO[0m [Router4] [34;1mBroadcast[0m -> Client connected: 172.29.0.1:56450
2026-09-16T03:47:34.143316682Z [34m2026-09-16 03:47:34.143 UTC 0090 INFO[0m [Router4] [34;1mBroadcast[0m -> Client connected: 172.29.0.1:56450
2026-09-16T03:47:34.143320246Z [34m2026-09-16 03:47:34.143 UTC 0091 INFO[0m [Router4] [34;1mBroadcast[0m -> Client connected: 172.29.0.1:56450
2026-09-16T03:47:34.143323817Z [34m2026-09-16 03:47:34.143 UTC 0092 INFO[0m [Router4] [34;1mBroadcast[0m -> Client connected: 172.29.0.1:56450
2026-09-16T03:47:34.143327618Z [34m2026-09-16 03:47:34.143 UTC 0094 INFO[0m [Router4] [34;1mBroadcast[0m -> Client connected: 172.29.0.1:56450
2026-09-16T03:47:34.143331643Z [34m2026-09-16 03:47:34.143 UTC 0093 INFO[0m [Router4] [34;1mBroadcast[0m -> Client connected: 172.29.0.1:56450
2026-09-16T03:47:34.143335589Z [34m2026-09-16 03:47:34.143 UTC 0095 INFO[0m [Router4] [34;1mBroadcast[0m -> Client connected: 172.29.0.1:56450
2026-09-16T03:47:34.143339362Z [34m2026-09-16 03:47:34.143 UTC 0096 INFO[0m [Router4] [34;1mBroadcast[0m -> Client connected: 172.29.0.1:56450
2026-09-16T03:47:34.143343036Z [34m2026-09-16 03:47:34.143 UTC 0098 INFO[0m [Router4] [34;1mBroadcast[0m -> Client connected: 172.29.0.1:56450
2026-09-16T03:47:34.143346890Z [34m2026-09-16 03:47:34.143 UTC 0099 INFO[0m [Router4] [34;1mBroadcast[0m -> Client connected: 172.29.0.1:56450
2026-09-16T03:47:34.143350751Z [34m2026-09-16 03:47:34.143 UTC 009a INFO[0m [Router4] [34;1mBroadcast[0m -> Client connected: 172.29.0.1:56450
2026-09-16T03:47:34.143358783Z [34m2026-09-16 03:47:34.143 UTC 009b INFO[0m [Router4] [34;1mBroadcast[0m -> Client connected: 172.29.0.1:56450
2026-09-16T03:47:34.143362820Z [34m2026-09-16 03:47:34.143 UTC 009c INFO[0m [Router4] [34;1mBroadcast[0m -> Client connected: 172.29.0.1:56450
2026-09-16T03:47:34.143430291Z [34m2026-09-16 03:47:34.143 UTC 009e INFO[0m [Router4] [34;1mBroadcast[0m -> Client connected: 172.29.0.1:56450
2026-09-16T03:47:34.143443421Z [34m2026-09-16 03:47:34.143 UTC 009f INFO[0m [Router4] [34;1mBroadcast[0m -> Client connected: 172.29.0.1:56450
2026-09-16T03:47:34.143478190Z [34m2026-09-16 03:47:34.143 UTC 00a1 INFO[0m [Router4] [34;1mBroadcast[0m -> Client connected: 172.29.0.1:56450
2026-09-16T03:47:34.143490706Z [34m2026-09-16 03:47:34.143 UTC 00a2 INFO[0m [Router4] [34;1mBroadcast[0m -> Client connected: 172.29.0.1:56450
2026-09-16T03:47:34.143502113Z [34m2026-09-16 03:47:34.143 UTC 00a3 INFO[0m [Router4] [34;1mBroadcast[0m -> Client connected: 172.29.0.1:56450
2026-09-16T03:47:34.143616491Z [34m2026-09-16 03:47:34.143 UTC 00a4 INFO[0m [Router4] [34;1mBroadcast[0m -> Client connected: 172.29.0.1:56450
2026-09-16T03:47:34.143620307Z [34m2026-09-16 03:47:34.143 UTC 00a5 INFO[0m [Router4] [34;1mBroadcast[0m -> Client connected: 172.29.0.1:56450
2026-09-16T03:47:34.143621629Z [34m2026-09-16 03:47:34.143 UTC 00a6 INFO[0m [Router4] [34;1mBroadcast[0m -> Client connected: 172.29.0.1:56450
2026-09-16T03:47:34.143726806Z [34m2026-09-16 03:47:34.143 UTC 00a7 INFO[0m [Router4] [34;1mBroadcast[0m -> Client connected: 172.29.0.1:56450
2026-09-16T03:47:34.143732584Z [34m2026-09-16 03:47:34.143 UTC 00a9 INFO[0m [Router4] [34;1mBroadcast[0m -> Client connected: 172.29.0.1:56450
2026-09-16T03:47:34.143733760Z [34m2026-09-16 03:47:34.143 UTC 00a8 INFO[0m [Router4] [34;1mBroadcast[0m -> Client connected: 172.29.0.1:56450
2026-09-16T03:47:34.143734564Z [34m2026-09-16 03:47:34.143 UTC 00aa INFO[0m [Router4] [34;1mBroadcast[0m -> Client connected: 172.29.0.1:56450
2026-09-16T03:47:34.143735319Z [34m2026-09-16 03:47:34.143 UTC 00ab INFO[0m [Router4] [34;1mBroadcast[0m -> Client connected: 172.29.0.1:56450
2026-09-16T03:47:34.143735908Z [34m2026-09-16 03:47:34.143 UTC 00ac INFO[0m [Router4] [34;1mBroadcast[0m -> Client connected: 172.29.0.1:56450
2026-09-16T03:47:34.143736603Z [34m2026-09-16 03:47:34.143 UTC 00ad INFO[0m [Router4] [34;1mBroadcast[0m -> Client connected: 172.29.0.1:56450
2026-09-16T03:47:34.143737232Z [34m2026-09-16 03:47:34.143 UTC 00ae INFO[0m [Router4] [34;1mBroadcast[0m -> Client connected: 172.29.0.1:56450
2026-09-16T03:47:34.143737826Z [34m2026-09-16 03:47:34.143 UTC 00af INFO[0m [Router4] [34;1mBroadcast[0m -> Client connected: 172.29.0.1:56450
2026-09-16T03:47:34.143803406Z [34m2026-09-16 03:47:34.143 UTC 00b0 INFO[0m [Router4] [34;1mBroadcast[0m -> Client connected: 172.29.0.1:56450
2026-09-16T03:47:34.143809077Z [34m2026-09-16 03:47:34.143 UTC 00b1 INFO[0m [Router4] [34;1mBroadcast[0m -> Client connected: 172.29.0.1:56450
2026-09-16T03:47:34.143915914Z [34m2026-09-16 03:47:34.143 UTC 00b2 INFO[0m [Router4] [34;1mBroadcast[0m -> Client connected: 172.29.0.1:56450
2026-09-16T03:47:34.143926006Z [34m2026-09-16 03:47:34.143 UTC 00b3 INFO[0m [Router4] [34;1mBroadcast[0m -> Client connected: 172.29.0.1:56450
2026-09-16T03:47:34.143940505Z [34m2026-09-16 03:47:34.143 UTC 00b4 INFO[0m [Router4] [34;1mBroadcast[0m -> Client connected: 172.29.0.1:56450
2026-09-16T03:47:34.143942891Z [34m2026-09-16 03:47:34.143 UTC 00b5 INFO[0m [Router4] [34;1mBroadcast[0m -> Client connected: 172.29.0.1:56450
2026-09-16T03:47:34.143944656Z [34m2026-09-16 03:47:34.143 UTC 00b6 INFO[0m [Router4] [34;1mBroadcast[0m -> Client connected: 172.29.0.1:56450
2026-09-16T03:47:34.143946186Z [34m2026-09-16 03:47:34.143 UTC 00b7 INFO[0m [Router4] [34;1mBroadcast[0m -> Client connected: 172.29.0.1:56450
2026-09-16T03:47:34.143947773Z [34m2026-09-16 03:47:34.143 UTC 00b8 INFO[0m [Router4] [34;1mBroadcast[0m -> Client connected: 172.29.0.1:56450
2026-09-16T03:47:34.144127356Z [34m2026-09-16 03:47:34.143 UTC 00b9 INFO[0m [Router4] [34;1mBroadcast[0m -> Client connected: 172.29.0.1:56450
2026-09-16T03:47:34.144137358Z [34m2026-09-16 03:47:34.143 UTC 00ba INFO[0m [Router4] [34;1mBroadcast[0m -> Client connected: 172.29.0.1:56450
2026-09-16T03:47:34.144229106Z [34m2026-09-16 03:47:34.143 UTC 00bb INFO[0m [Router4] [34;1mBroadcast[0m -> Client connected: 172.29.0.1:56450
2026-09-16T03:47:34.144234851Z [34m2026-09-16 03:47:34.143 UTC 00bd INFO[0m [Router4] [34;1mBroadcast[0m -> Client connected: 172.29.0.1:56450
2026-09-16T03:47:34.144236058Z [34m2026-09-16 03:47:34.144 UTC 00be INFO[0m [Router4] [34;1mBroadcast[0m -> Client connected: 172.29.0.1:56450
2026-09-16T03:47:34.144236971Z [34m2026-09-16 03:47:34.144 UTC 00bf INFO[0m [Router4] [34;1mBroadcast[0m -> Client connected: 172.29.0.1:56450
2026-09-16T03:47:34.144237667Z [34m2026-09-16 03:47:34.144 UTC 00c0 INFO[0m [Router4] [34;1mBroadcast[0m -> Client connected: 172.29.0.1:56450
2026-09-16T03:47:34.144356693Z [34m2026-09-16 03:47:34.144 UTC 00c1 INFO[0m [Router4] [34;1mBroadcast[0m -> Client connected: 172.29.0.1:56450
2026-09-16T03:47:34.144368832Z [34m2026-09-16 03:47:34.144 UTC 00c2 INFO[0m [Router4] [34;1mBroadcast[0m -> Client connected: 172.29.0.1:56450
2026-09-16T03:47:34.144371793Z [34m2026-09-16 03:47:34.144 UTC 00c3 INFO[0m [Router4] [34;1mBroadcast[0m -> Client connected: 172.29.0.1:56450
2026-09-16T03:47:34.144373828Z [34m2026-09-16 03:47:34.143 UTC 008f INFO[0m [Router4] [34;1mBroadcast[0m -> Client connected: 172.29.0.1:56450
2026-09-16T03:47:34.144375746Z [34m2026-09-16 03:47:34.143 UTC 0097 INFO[0m [Router4] [34;1mBroadcast[0m -> Client connected: 172.29.0.1:56450
2026-09-16T03:47:34.144377460Z [34m2026-09-16 03:47:34.144 UTC 00c4 INFO[0m [Router4] [34;1mBroadcast[0m -> Client connected: 172.29.0.1:56450
2026-09-16T03:47:34.144379269Z [34m2026-09-16 03:47:34.144 UTC 00c5 INFO[0m [Router4] [34;1mBroadcast[0m -> Client connected: 172.29.0.1:56450
2026-09-16T03:47:34.144493718Z [34m2026-09-16 03:47:34.143 UTC 00a0 INFO[0m [Router4] [34;1mBroadcast[0m -> Client connected: 172.29.0.1:56450
2026-09-16T03:47:34.144515466Z [34m2026-09-16 03:47:34.144 UTC 00c6 INFO[0m [Router4] [34;1mBroadcast[0m -> Client connected: 172.29.0.1:56450
2026-09-16T03:47:34.144518865Z [34m2026-09-16 03:47:34.144 UTC 00c7 INFO[0m [Router4] [34;1mBroadcast[0m -> Client connected: 172.29.0.1:56450
2026-09-16T03:47:34.144521151Z [34m2026-09-16 03:47:34.143 UTC 00bc INFO[0m [Router4] [34;1mBroadcast[0m -> Client connected: 172.29.0.1:56450
2026-09-16T03:47:34.144523058Z [34m2026-09-16 03:47:34.144 UTC 00c8 INFO[0m [Router4] [34;1mBroadcast[0m -> Client connected: 172.29.0.1:56450
2026-09-16T03:47:34.144734458Z [34m2026-09-16 03:47:34.144 UTC 00c9 INFO[0m [Router4] [34;1mBroadcast[0m -> Client connected: 172.29.0.1:56450
2026-09-16T03:47:34.144739818Z [34m2026-09-16 03:47:34.144 UTC 00ca INFO[0m [Router4] [34;1mBroadcast[0m -> Client connected: 172.29.0.1:56450
2026-09-16T03:47:34.144740900Z [34m2026-09-16 03:47:34.144 UTC 00cb INFO[0m [Router4] [34;1mBroadcast[0m -> Client connected: 172.29.0.1:56450
2026-09-16T03:47:34.144871362Z [34m2026-09-16 03:47:34.144 UTC 00cd INFO[0m [Router4] [34;1mBroadcast[0m -> Client connected: 172.29.0.1:56450
2026-09-16T03:47:34.144876181Z [34m2026-09-16 03:47:34.143 UTC 0085 INFO[0m [Router4] [34;1mBroadcast[0m -> Client connected: 172.29.0.1:56450
2026-09-16T03:47:34.144877505Z [34m2026-09-16 03:47:34.144 UTC 00cc INFO[0m [Router4] [34;1mBroadcast[0m -> Client connected: 172.29.0.1:56450
2026-09-16T03:47:34.144878327Z [34m2026-09-16 03:47:34.144 UTC 00ce INFO[0m [Router4] [34;1mBroadcast[0m -> Client connected: 172.29.0.1:56450
2026-09-16T03:47:34.145030701Z [34m2026-09-16 03:47:34.144 UTC 00cf INFO[0m [Router4] [34;1mBroadcast[0m -> Client connected: 172.29.0.1:56450
2026-09-16T03:47:34.145033110Z [34m2026-09-16 03:47:34.143 UTC 0087 INFO[0m [Router4] [34;1mBroadcast[0m -> Client connected: 172.29.0.1:56450
2026-09-16T03:47:34.145034044Z [34m2026-09-16 03:47:34.144 UTC 00d0 INFO[0m [Router4] [34;1mBroadcast[0m -> Client connected: 172.29.0.1:56450
2026-09-16T03:47:34.145034768Z [34m2026-09-16 03:47:34.144 UTC 00d1 INFO[0m [Router4] [34;1mBroadcast[0m -> Client connected: 172.29.0.1:56450
2026-09-16T03:47:34.145043522Z [34m2026-09-16 03:47:34.144 UTC 00d2 INFO[0m [Router4] [34;1mBroadcast[0m -> Client connected: 172.29.0.1:56450
2026-09-16T03:47:34.145044414Z [34m2026-09-16 03:47:34.144 UTC 00d3 INFO[0m [Router4] [34;1mBroadcast[0m -> Client connected: 172.29.0.1:56450
2026-09-16T03:47:34.145045090Z [34m2026-09-16 03:47:34.144 UTC 00d4 INFO[0m [Router4] [34;1mBroadcast[0m -> Client connected: 172.29.0.1:56450
2026-09-16T03:47:34.145352546Z [34m2026-09-16 03:47:34.144 UTC 00d5 INFO[0m [Router4] [34;1mBroadcast[0m -> Client connected: 172.29.0.1:56450
2026-09-16T03:47:34.145363726Z [34m2026-09-16 03:47:34.145 UTC 00d6 INFO[0m [Router4] [34;1mBroadcast[0m -> Client connected: 172.29.0.1:56450
2026-09-16T03:47:34.145365017Z [34m2026-09-16 03:47:34.145 UTC 00d7 INFO[0m [Router4] [34;1mBroadcast[0m -> Client connected: 172.29.0.1:56450
2026-09-16T03:47:34.145365769Z [34m2026-09-16 03:47:34.145 UTC 00d8 INFO[0m [Router4] [34;1mBroadcast[0m -> Client connected: 172.29.0.1:56450
2026-09-16T03:47:34.145366469Z [34m2026-09-16 03:47:34.145 UTC 00d9 INFO[0m [Router4] [34;1mBroadcast[0m -> Client connected: 172.29.0.1:56450
2026-09-16T03:47:34.145367116Z [34m2026-09-16 03:47:34.145 UTC 00da INFO[0m [Router4] [34;1mBroadcast[0m -> Client connected: 172.29.0.1:56450
2026-09-16T03:47:34.145367704Z [34m2026-09-16 03:47:34.145 UTC 00db INFO[0m [Router4] [34;1mBroadcast[0m -> Client connected: 172.29.0.1:56450
2026-09-16T03:47:34.145368299Z [34m2026-09-16 03:47:34.145 UTC 00dc INFO[0m [Router4] [34;1mBroadcast[0m -> Client connected: 172.29.0.1:56450
2026-09-16T03:47:34.145368868Z [34m2026-09-16 03:47:34.145 UTC 00dd INFO[0m [Router4] [34;1mBroadcast[0m -> Client connected: 172.29.0.1:56450
2026-09-16T03:47:34.145369438Z [34m2026-09-16 03:47:34.145 UTC 00de INFO[0m [Router4] [34;1mBroadcast[0m -> Client connected: 172.29.0.1:56450
2026-09-16T03:47:34.145370022Z [34m2026-09-16 03:47:34.145 UTC 00df INFO[0m [Router4] [34;1mBroadcast[0m -> Client connected: 172.29.0.1:56450
2026-09-16T03:47:34.145370605Z [34m2026-09-16 03:47:34.145 UTC 00e0 INFO[0m [Router4] [34;1mBroadcast[0m -> Client connected: 172.29.0.1:56450
2026-09-16T03:47:34.145371168Z [34m2026-09-16 03:47:34.145 UTC 00e1 INFO[0m [Router4] [34;1mBroadcast[0m -> Client connected: 172.29.0.1:56450
2026-09-16T03:47:34.145371726Z [34m2026-09-16 03:47:34.145 UTC 00e2 INFO[0m [Router4] [34;1mBroadcast[0m -> Client connected: 172.29.0.1:56450
2026-09-16T03:47:34.145372424Z [34m2026-09-16 03:47:34.145 UTC 00e3 INFO[0m [Router4] [34;1mBroadcast[0m -> Client connected: 172.29.0.1:56450
2026-09-16T03:47:34.145449563Z [34m2026-09-16 03:47:34.145 UTC 00e4 INFO[0m [Router4] [34;1mBroadcast[0m -> Client connected: 172.29.0.1:56450
2026-09-16T03:47:34.145455219Z [34m2026-09-16 03:47:34.145 UTC 00e5 INFO[0m [Router4] [34;1mBroadcast[0m -> Client connected: 172.29.0.1:56450
2026-09-16T03:47:34.145508122Z [34m2026-09-16 03:47:34.145 UTC 00e6 INFO[0m [Router4] [34;1mBroadcast[0m -> Client connected: 172.29.0.1:56450
2026-09-16T03:47:34.145627218Z [34m2026-09-16 03:47:34.145 UTC 00e7 INFO[0m [Router4] [34;1mBroadcast[0m -> Client connected: 172.29.0.1:56450
2026-09-16T03:47:34.145786332Z [34m2026-09-16 03:47:34.145 UTC 00e8 INFO[0m [Router4] [34;1mBroadcast[0m -> Client connected: 172.29.0.1:56450
2026-09-16T03:47:34.145806564Z [34m2026-09-16 03:47:34.145 UTC 00e9 INFO[0m [Router4] [34;1mBroadcast[0m -> Client connected: 172.29.0.1:56450
2026-09-16T03:47:34.145822595Z [34m2026-09-16 03:47:34.143 UTC 0086 INFO[0m [Router4] [34;1mBroadcast[0m -> Client connected: 172.29.0.1:56450
2026-09-16T03:47:34.145825069Z [34m2026-09-16 03:47:34.145 UTC 00ea INFO[0m [Router4] [34;1mBroadcast[0m -> Client connected: 172.29.0.1:56450
2026-09-16T03:47:34.145826747Z [34m2026-09-16 03:47:34.145 UTC 00eb INFO[0m [Router4] [34;1mBroadcast[0m -> Client connected: 172.29.0.1:56450
2026-09-16T03:47:34.145828383Z [34m2026-09-16 03:47:34.145 UTC 00ec INFO[0m [Router4] [34;1mBroadcast[0m -> Client connected: 172.29.0.1:56450
2026-09-16T03:47:34.145829970Z [34m2026-09-16 03:47:34.145 UTC 00ed INFO[0m [Router4] [34;1mBroadcast[0m -> Client connected: 172.29.0.1:56450
2026-09-16T03:47:34.145838582Z [34m2026-09-16 03:47:34.145 UTC 00ee INFO[0m [Router4] [34;1mBroadcast[0m -> Client connected: 172.29.0.1:56450
2026-09-16T03:47:34.145840711Z [34m2026-09-16 03:47:34.145 UTC 00f0 INFO[0m [Router4] [34;1mBroadcast[0m -> Client connected: 172.29.0.1:56450
2026-09-16T03:47:34.145842361Z [34m2026-09-16 03:47:34.145 UTC 00f1 INFO[0m [Router4] [34;1mBroadcast[0m -> Client connected: 172.29.0.1:56450
2026-09-16T03:47:34.145869625Z [34m2026-09-16 03:47:34.145 UTC 00f2 INFO[0m [Router4] [34;1mBroadcast[0m -> Client connected: 172.29.0.1:56450
2026-09-16T03:47:34.145872326Z [34m2026-09-16 03:47:34.143 UTC 009d INFO[0m [Router4] [34;1mBroadcast[0m -> Client connected: 172.29.0.1:56450
2026-09-16T03:47:34.145874229Z [34m2026-09-16 03:47:34.145 UTC 00f3 INFO[0m [Router4] [34;1mBroadcast[0m -> Client connected: 172.29.0.1:56450
2026-09-16T03:47:34.145875996Z [34m2026-09-16 03:47:34.145 UTC 00f4 INFO[0m [Router4] [34;1mBroadcast[0m -> Client connected: 172.29.0.1:56450
2026-09-16T03:47:34.145940608Z [34m2026-09-16 03:47:34.145 UTC 00ef INFO[0m [Router4] [34;1mBroadcast[0m -> Client connected: 172.29.0.1:56450
2026-09-16T03:47:34.145945878Z [34m2026-09-16 03:47:34.145 UTC 00f5 INFO[0m [Router4] [34;1mBroadcast[0m -> Client connected: 172.29.0.1:56450
2026-09-16T03:47:34.146045957Z [34m2026-09-16 03:47:34.145 UTC 00f6 INFO[0m [Router4] [34;1mBroadcast[0m -> Client connected: 172.29.0.1:56450
2026-09-16T03:47:34.146057900Z [34m2026-09-16 03:47:34.145 UTC 00f7 INFO[0m [Router4] [34;1mBroadcast[0m -> Client connected: 172.29.0.1:56450
2026-09-16T03:47:34.146174783Z [34m2026-09-16 03:47:34.145 UTC 00f8 INFO[0m [Router4] [34;1mBroadcast[0m -> Client connected: 172.29.0.1:56450
2026-09-16T03:47:34.146188119Z [34m2026-09-16 03:47:34.145 UTC 00f9 INFO[0m [Router4] [34;1mBroadcast[0m -> Client connected: 172.29.0.1:56450
2026-09-16T03:47:34.146189288Z [34m2026-09-16 03:47:34.146 UTC 00fa INFO[0m [Router4] [34;1mBroadcast[0m -> Client connected: 172.29.0.1:56450
2026-09-16T03:47:34.146194692Z [34m2026-09-16 03:47:34.146 UTC 00fb INFO[0m [Router4] [34;1mBroadcast[0m -> Client connected: 172.29.0.1:56450
2026-09-16T03:47:34.146195477Z [34m2026-09-16 03:47:34.146 UTC 00fc INFO[0m [Router4] [34;1mBroadcast[0m -> Client connected: 172.29.0.1:56450
2026-09-16T03:47:34.146196108Z [34m2026-09-16 03:47:34.146 UTC 00fd INFO[0m [Router4] [34;1mBroadcast[0m -> Client connected: 172.29.0.1:56450
2026-09-16T03:47:34.146196702Z [34m2026-09-16 03:47:34.146 UTC 00fe INFO[0m [Router4] [34;1mBroadcast[0m -> Client connected: 172.29.0.1:56450
2026-09-16T03:47:34.146197304Z [34m2026-09-16 03:47:34.146 UTC 00ff INFO[0m [Router4] [34;1mBroadcast[0m -> Client connected: 172.29.0.1:56450
2026-09-16T03:47:34.146281858Z [34m2026-09-16 03:47:34.146 UTC 0100 INFO[0m [Router4] [34;1mBroadcast[0m -> Client connected: 172.29.0.1:56450
2026-09-16T03:47:34.146287083Z [34m2026-09-16 03:47:34.146 UTC 0101 INFO[0m [Router4] [34;1mBroadcast[0m -> Client connected: 172.29.0.1:56450
2026-09-16T03:47:34.146288368Z [34m2026-09-16 03:47:34.146 UTC 0102 INFO[0m [Router4] [34;1mBroadcast[0m -> Client connected: 172.29.0.1:56450
2026-09-16T03:47:34.146289134Z [34m2026-09-16 03:47:34.146 UTC 0103 INFO[0m [Router4] [34;1mBroadcast[0m -> Client connected: 172.29.0.1:56450
2026-09-16T03:47:34.146290050Z [34m2026-09-16 03:47:34.146 UTC 0104 INFO[0m [Router4] [34;1mBroadcast[0m -> Client connected: 172.29.0.1:56450
2026-09-16T03:47:34.146322161Z [34m2026-09-16 03:47:34.146 UTC 0105 INFO[0m [Router4] [34;1mBroadcast[0m -> Client connected: 172.29.0.1:56450
2026-09-16T03:47:34.146324873Z [34m2026-09-16 03:47:34.146 UTC 0106 INFO[0m [Router4] [34;1mBroadcast[0m -> Client connected: 172.29.0.1:56450
2026-09-16T03:47:34.146435899Z [34m2026-09-16 03:47:34.146 UTC 0108 INFO[0m [Router4] [34;1mBroadcast[0m -> Client connected: 172.29.0.1:56450
2026-09-16T03:47:34.146437600Z [34m2026-09-16 03:47:34.146 UTC 0109 INFO[0m [Router4] [34;1mBroadcast[0m -> Client connected: 172.29.0.1:56450
2026-09-16T03:47:34.146438462Z [34m2026-09-16 03:47:34.146 UTC 010a INFO[0m [Router4] [34;1mBroadcast[0m -> Client connected: 172.29.0.1:56450
2026-09-16T03:47:34.146486269Z [34m2026-09-16 03:47:34.146 UTC 010b INFO[0m [Router4] [34;1mBroadcast[0m -> Client connected: 172.29.0.1:56450
2026-09-16T03:47:34.146491779Z [34m2026-09-16 03:47:34.146 UTC 010c INFO[0m [Router4] [34;1mBroadcast[0m -> Client connected: 172.29.0.1:56450
2026-09-16T03:47:34.146535641Z [34m2026-09-16 03:47:34.146 UTC 010d INFO[0m [Router4] [34;1mBroadcast[0m -> Client connected: 172.29.0.1:56450
2026-09-16T03:47:34.146537535Z [34m2026-09-16 03:47:34.146 UTC 010e INFO[0m [Router4] [34;1mBroadcast[0m -> Client connected: 172.29.0.1:56450
2026-09-16T03:47:34.146540751Z [34m2026-09-16 03:47:34.146 UTC 010f INFO[0m [Router4] [34;1mBroadcast[0m -> Client connected: 172.29.0.1:56450
2026-09-16T03:47:34.146541573Z [34m2026-09-16 03:47:34.146 UTC 0110 INFO[0m [Router4] [34;1mBroadcast[0m -> Client connected: 172.29.0.1:56450
2026-09-16T03:47:34.146544101Z [34m2026-09-16 03:47:34.146 UTC 0111 INFO[0m [Router4] [34;1mBroadcast[0m -> Client connected: 172.29.0.1:56450
2026-09-16T03:47:34.146544816Z [34m2026-09-16 03:47:34.146 UTC 0112 INFO[0m [Router4] [34;1mBroadcast[0m -> Client connected: 172.29.0.1:56450
2026-09-16T03:47:34.146619063Z [34m2026-09-16 03:47:34.146 UTC 0107 INFO[0m [Router4] [34;1mBroadcast[0m -> Client connected: 172.29.0.1:56450
2026-09-16T03:47:34.146624499Z [34m2026-09-16 03:47:34.146 UTC 0113 INFO[0m [Router4] [34;1mBroadcast[0m -> Client connected: 172.29.0.1:56450
2026-09-16T03:47:34.146717264Z [34m2026-09-16 03:47:34.146 UTC 0114 INFO[0m [Router4] [34;1mBroadcast[0m -> Client connected: 172.29.0.1:56450
2026-09-16T03:47:34.146722954Z [34m2026-09-16 03:47:34.146 UTC 0115 INFO[0m [Router4] [34;1mBroadcast[0m -> Client connected: 172.29.0.1:56450
2026-09-16T03:47:34.146848598Z [34m2026-09-16 03:47:34.146 UTC 0116 INFO[0m [Router4] [34;1mBroadcast[0m -> Client connected: 172.29.0.1:56450
2026-09-16T03:47:34.146852936Z [34m2026-09-16 03:47:34.146 UTC 0117 INFO[0m [Router4] [34;1mBroadcast[0m -> Client connected: 172.29.0.1:56450
2026-09-16T03:47:34.146853974Z [34m2026-09-16 03:47:34.146 UTC 0118 INFO[0m [Router4] [34;1mBroadcast[0m -> Client connected: 172.29.0.1:56450
2026-09-16T03:47:34.146854642Z [34m2026-09-16 03:47:34.146 UTC 0119 INFO[0m [Router4] [34;1mBroadcast[0m -> Client connected: 172.29.0.1:56450
2026-09-16T03:47:34.146855275Z [34m2026-09-16 03:47:34.146 UTC 011a INFO[0m [Router4] [34;1mBroadcast[0m -> Client connected: 172.29.0.1:56450
2026-09-16T03:47:34.146855968Z [34m2026-09-16 03:47:34.146 UTC 011b INFO[0m [Router4] [34;1mBroadcast[0m -> Client connected: 172.29.0.1:56450
2026-09-16T03:47:34.146856644Z [34m2026-09-16 03:47:34.146 UTC 011c INFO[0m [Router4] [34;1mBroadcast[0m -> Client connected: 172.29.0.1:56450
2026-09-16T03:47:34.146857351Z [34m2026-09-16 03:47:34.146 UTC 011d INFO[0m [Router4] [34;1mBroadcast[0m -> Client connected: 172.29.0.1:56450
2026-09-16T03:47:34.146857974Z [34m2026-09-16 03:47:34.146 UTC 011e INFO[0m [Router4] [34;1mBroadcast[0m -> Client connected: 172.29.0.1:56450
2026-09-16T03:47:34.146858593Z [34m2026-09-16 03:47:34.146 UTC 011f INFO[0m [Router4] [34;1mBroadcast[0m -> Client connected: 172.29.0.1:56450
2026-09-16T03:47:34.483436842Z [34m2026-09-16 03:47:34.483 UTC 002d INFO[0m [Batcher2Shard1] [34;1mrunPrimary[0m -> Batcher batched a total of 18 requests for sequence 1
2026-09-16T03:47:34.488669049Z [34m2026-09-16 03:47:34.488 UTC 002e INFO[0m [Batcher2Shard1] [34;1mSendBAF[0m -> Sending batch attestation fragment for seq 1 with digest 53fab3950437c77bca6be908527302a984dd6b36a5731c0783e19efcfca14023
2026-09-16T03:47:34.488716822Z [34m2026-09-16 03:47:34.488 UTC 002f INFO[0m [Batcher2Shard1] [34;1mfunc1[0m -> Sending control event took 21.692µs
2026-09-16T03:47:34.488962384Z [34m2026-09-16 03:47:34.488 UTC 0030 INFO[0m [Batcher2Shard1] [34;1mfunc1[0m -> Sending control event took 15.785µs
2026-09-16T03:47:34.488969184Z [34m2026-09-16 03:47:34.488 UTC 0031 INFO[0m [Batcher2Shard1] [34;1mfunc1[0m -> Sending control event took 12.05µs
2026-09-16T03:47:34.488970917Z [34m2026-09-16 03:47:34.488 UTC 0032 INFO[0m [Batcher2Shard1] [34;1mfunc1[0m -> Sending control event took 10.888µs
2026-09-16T03:47:34.488972095Z [34m2026-09-16 03:47:34.488 UTC 0033 INFO[0m [Batcher2Shard1] [34;1mBroadcastControlEvent[0m -> Control event sent to quorum (4 out of 4)
2026-09-16T03:47:34.488972969Z [34m2026-09-16 03:47:34.488 UTC 0042 INFO[0m [Assembler2] [34;1mfunc3[0m -> Assembler pulled from 172.29.0.10:6124 batch Sh,Pr,Sq,Dg: <1,2,1,53fab3950437c77bca6be908527302a984dd6b36a5731c0783e19efcfca14023>
2026-09-16T03:47:34.488973789Z [34m2026-09-16 03:47:34.488 UTC 002e INFO[0m [Batcher1Shard1] [34;1mfunc3[0m -> [shard1party2-arma] Fetched batch 1 with 18 transactions
2026-09-16T03:47:34.488974494Z [34m2026-09-16 03:47:34.488 UTC 002e INFO[0m [Batcher3Shard1] [34;1mfunc3[0m -> [shard1party2-arma] Fetched batch 1 with 18 transactions
2026-09-16T03:47:34.489041181Z [34m2026-09-16 03:47:34.488 UTC 002e INFO[0m [Batcher4Shard1] [34;1mfunc3[0m -> [shard1party2-arma] Fetched batch 1 with 18 transactions
2026-09-16T03:47:34.489048146Z [34m2026-09-16 03:47:34.488 UTC 002f INFO[0m [Batcher1Shard1] [34;1mrunSecondary[0m -> Secondary batcher 1 (shard 1; current primary 2) appending to ledger batch with seq 1 and 18 requests
2026-09-16T03:47:34.489110649Z [34m2026-09-16 03:47:34.489 UTC 002f INFO[0m [Batcher3Shard1] [34;1mrunSecondary[0m -> Secondary batcher 3 (shard 1; current primary 2) appending to ledger batch with seq 1 and 18 requests
2026-09-16T03:47:34.489384731Z [34m2026-09-16 03:47:34.489 UTC 002f INFO[0m [Batcher4Shard1] [34;1mrunSecondary[0m -> Secondary batcher 4 (shard 1; current primary 2) appending to ledger batch with seq 1 and 18 requests
2026-09-16T03:47:34.493097741Z [34m2026-09-16 03:47:34.493 UTC 0030 INFO[0m [Batcher1Shard1] [34;1mSendBAF[0m -> Sending batch attestation fragment for seq 1 with digest 53fab3950437c77bca6be908527302a984dd6b36a5731c0783e19efcfca14023
2026-09-16T03:47:34.493106688Z [34m2026-09-16 03:47:34.493 UTC 0031 INFO[0m [Batcher1Shard1] [34;1mfunc1[0m -> Sending control event took 21.783µs
2026-09-16T03:47:34.493110959Z [34m2026-09-16 03:47:34.493 UTC 0032 INFO[0m [Batcher1Shard1] [34;1mfunc1[0m -> Sending control event took 14.788µs
2026-09-16T03:47:34.493112262Z [34m2026-09-16 03:47:34.493 UTC 0033 INFO[0m [Batcher1Shard1] [34;1mfunc1[0m -> Sending control event took 3.999µs
2026-09-16T03:47:34.493119418Z [34m2026-09-16 03:47:34.493 UTC 0034 INFO[0m [Batcher1Shard1] [34;1mfunc1[0m -> Sending control event took 15.651µs
2026-09-16T03:47:34.493322942Z [34m2026-09-16 03:47:34.493 UTC 0035 INFO[0m [Batcher1Shard1] [34;1mBroadcastControlEvent[0m -> Control event sent to quorum (4 out of 4)
2026-09-16T03:47:34.493530191Z [34m2026-09-16 03:47:34.493 UTC 0042 INFO[0m [Assembler1] [34;1mfunc3[0m -> Assembler pulled from 172.29.0.10:6024 batch Sh,Pr,Sq,Dg: <1,2,1,53fab3950437c77bca6be908527302a984dd6b36a5731c0783e19efcfca14023>
2026-09-16T03:47:34.494342348Z [34m2026-09-16 03:47:34.494 UTC 0030 INFO[0m [Batcher3Shard1] [34;1mSendBAF[0m -> Sending batch attestation fragment for seq 1 with digest 53fab3950437c77bca6be908527302a984dd6b36a5731c0783e19efcfca14023
2026-09-16T03:47:34.494353349Z [34m2026-09-16 03:47:34.494 UTC 0030 INFO[0m [Batcher4Shard1] [34;1mSendBAF[0m -> Sending batch attestation fragment for seq 1 with digest 53fab3950437c77bca6be908527302a984dd6b36a5731c0783e19efcfca14023
2026-09-16T03:47:34.494355209Z [34m2026-09-16 03:47:34.494 UTC 0031 INFO[0m [Batcher3Shard1] [34;1mfunc1[0m -> Sending control event took 7.559µs
2026-09-16T03:47:34.494453289Z [34m2026-09-16 03:47:34.494 UTC 0031 INFO[0m [Batcher4Shard1] [34;1mfunc1[0m -> Sending control event took 16.967µs
2026-09-16T03:47:34.494458575Z [34m2026-09-16 03:47:34.494 UTC 0032 INFO[0m [Batcher3Shard1] [34;1mfunc1[0m -> Sending control event took 10.746µs
2026-09-16T03:47:34.494459646Z [34m2026-09-16 03:47:34.494 UTC 0033 INFO[0m [Batcher3Shard1] [34;1mfunc1[0m -> Sending control event took 2.013µs
2026-09-16T03:47:34.494460384Z [34m2026-09-16 03:47:34.494 UTC 0032 INFO[0m [Batcher4Shard1] [34;1mfunc1[0m -> Sending control event took 4.307µs
2026-09-16T03:47:34.494461083Z [34m2026-09-16 03:47:34.494 UTC 0034 INFO[0m [Batcher3Shard1] [34;1mfunc1[0m -> Sending control event took 1.593µs
2026-09-16T03:47:34.494461762Z [34m2026-09-16 03:47:34.494 UTC 0033 INFO[0m [Batcher4Shard1] [34;1mfunc1[0m -> Sending control event took 13.944µs
2026-09-16T03:47:34.494462413Z [34m2026-09-16 03:47:34.494 UTC 0035 INFO[0m [Batcher3Shard1] [34;1mBroadcastControlEvent[0m -> Control event sent to quorum (4 out of 4)
2026-09-16T03:47:34.494463121Z [34m2026-09-16 03:47:34.494 UTC 0034 INFO[0m [Batcher4Shard1] [34;1mfunc1[0m -> Sending control event took 12.964µs
2026-09-16T03:47:34.494463728Z [34m2026-09-16 03:47:34.494 UTC 0035 INFO[0m [Batcher4Shard1] [34;1mBroadcastControlEvent[0m -> Control event sent to quorum (4 out of 4)
2026-09-16T03:47:34.494548127Z [34m2026-09-16 03:47:34.494 UTC 0042 INFO[0m [Assembler4] [34;1mfunc3[0m -> Assembler pulled from 172.29.0.10:6324 batch Sh,Pr,Sq,Dg: <1,2,1,53fab3950437c77bca6be908527302a984dd6b36a5731c0783e19efcfca14023>
2026-09-16T03:47:34.494786776Z [34m2026-09-16 03:47:34.494 UTC 0042 INFO[0m [Assembler3] [34;1mfunc3[0m -> Assembler pulled from 172.29.0.10:6224 batch Sh,Pr,Sq,Dg: <1,2,1,53fab3950437c77bca6be908527302a984dd6b36a5731c0783e19efcfca14023>
2026-09-16T03:47:34.508139303Z [34m2026-09-16 03:47:34.507 UTC 002c INFO[0m [Consensus1] [34;1mAssembleProposal[0m -> Creating proposal with 1 attestations and new state: State{N: 4, Quorum: 3, Threshold: 2, ShardCount: 1, 
2026-09-16T03:47:34.508154678Z Pending: none, 
2026-09-16T03:47:34.508155768Z Complaints: none}
2026-09-16T03:47:34.508156584Z [34m2026-09-16 03:47:34.508 UTC 002d INFO[0m [Consensus1] [34;1mAssembleProposal[0m -> Proposing available common data block: number=2, prevHash=2edc78614e3458b43bce65d50a3e9e1a324ad8561d6f98e71a957d3e364fb8ef, dataHash=53fab3950437c77bca6be908527302a984dd6b36a5731c0783e19efcfca14023, numOfReqs=18, decisionNum=2, blockIndex=0/1, lastConfigBlockNum=0
2026-09-16T03:47:34.509818511Z [34m2026-09-16 03:47:34.509 UTC 002e INFO[0m [Consensus1] [34;1mprocessProposal[0m -> Processed proposal with seq 2
2026-09-16T03:47:34.511630871Z [34m2026-09-16 03:47:34.511 UTC 002a INFO[0m [Consensus3] [34;1mprocessProposal[0m -> Processed proposal with seq 2
2026-09-16T03:47:34.511643487Z [34m2026-09-16 03:47:34.511 UTC 002a INFO[0m [Consensus4] [34;1mprocessProposal[0m -> Processed proposal with seq 2
2026-09-16T03:47:34.511644859Z [34m2026-09-16 03:47:34.511 UTC 002a INFO[0m [Consensus2] [34;1mprocessProposal[0m -> Processed proposal with seq 2
2026-09-16T03:47:34.511804944Z [34m2026-09-16 03:47:34.511 UTC 002b INFO[0m [Consensus2] [34;1mprocessPrepares[0m -> 2 collected 2 prepares from [1 4]
2026-09-16T03:47:34.511810836Z [34m2026-09-16 03:47:34.511 UTC 002f INFO[0m [Consensus1] [34;1mprocessPrepares[0m -> 1 collected 2 prepares from [2 3]
2026-09-16T03:47:34.511812123Z [34m2026-09-16 03:47:34.511 UTC 002b INFO[0m [Consensus4] [34;1mprocessPrepares[0m -> 4 collected 2 prepares from [1 2]
2026-09-16T03:47:34.511813484Z [34m2026-09-16 03:47:34.511 UTC 002b INFO[0m [Consensus3] [34;1mprocessPrepares[0m -> 3 collected 2 prepares from [1 2]
2026-09-16T03:47:34.513085396Z [34m2026-09-16 03:47:34.512 UTC 002c INFO[0m [Consensus2] [34;1mprocessPrepares[0m -> Processed prepares for proposal with seq 2
2026-09-16T03:47:34.513094157Z [34m2026-09-16 03:47:34.512 UTC 002c INFO[0m [Consensus3] [34;1mprocessPrepares[0m -> Processed prepares for proposal with seq 2
2026-09-16T03:47:34.513101256Z [34m2026-09-16 03:47:34.512 UTC 0030 INFO[0m [Consensus1] [34;1mprocessPrepares[0m -> Processed prepares for proposal with seq 2
2026-09-16T03:47:34.513411737Z [34m2026-09-16 03:47:34.513 UTC 0031 INFO[0m [Consensus1] [34;1mprocessCommits[0m -> 1 collected 2 commits from [2 3]
2026-09-16T03:47:34.513418182Z [34m2026-09-16 03:47:34.513 UTC 0032 INFO[0m [Consensus1] [34;1mprepared[0m -> 1 processed commits for proposal with seq 2
2026-09-16T03:47:34.513419972Z [34m2026-09-16 03:47:34.513 UTC 0033 INFO[0m [Consensus1] [34;1mdecide[0m -> Deciding on seq 2
2026-09-16T03:47:34.513427702Z [34m2026-09-16 03:47:34.513 UTC 0034 INFO[0m [Consensus1] [34;1mstartNextSeq[0m -> Sequence: 2-->3
2026-09-16T03:47:34.513473396Z [34m2026-09-16 03:47:34.513 UTC 002d INFO[0m [Consensus2] [34;1mprocessCommits[0m -> 2 collected 2 commits from [3 1]
2026-09-16T03:47:34.513479345Z [34m2026-09-16 03:47:34.513 UTC 002e INFO[0m [Consensus2] [34;1mprepared[0m -> 2 processed commits for proposal with seq 2
2026-09-16T03:47:34.513480919Z [34m2026-09-16 03:47:34.513 UTC 002f INFO[0m [Consensus2] [34;1mdecide[0m -> Deciding on seq 2
2026-09-16T03:47:34.513482037Z [34m2026-09-16 03:47:34.513 UTC 0030 INFO[0m [Consensus2] [34;1mstartNextSeq[0m -> Sequence: 2-->3
2026-09-16T03:47:34.513643819Z [34m2026-09-16 03:47:34.513 UTC 002d INFO[0m [Consensus3] [34;1mprocessCommits[0m -> 3 collected 2 commits from [2 1]
2026-09-16T03:47:34.513645660Z [34m2026-09-16 03:47:34.513 UTC 002e INFO[0m [Consensus3] [34;1mprepared[0m -> 3 processed commits for proposal with seq 2
2026-09-16T03:47:34.513646558Z [34m2026-09-16 03:47:34.513 UTC 002f INFO[0m [Consensus3] [34;1mdecide[0m -> Deciding on seq 2
2026-09-16T03:47:34.513647294Z [34m2026-09-16 03:47:34.513 UTC 0030 INFO[0m [Consensus3] [34;1mstartNextSeq[0m -> Sequence: 2-->3
2026-09-16T03:47:34.514389526Z [34m2026-09-16 03:47:34.514 UTC 002c INFO[0m [Consensus4] [34;1mprocessPrepares[0m -> Processed prepares for proposal with seq 2
2026-09-16T03:47:34.514656253Z [34m2026-09-16 03:47:34.514 UTC 002d INFO[0m [Consensus4] [34;1mprocessCommits[0m -> 4 collected 2 commits from [1 3]
2026-09-16T03:47:34.514660726Z [34m2026-09-16 03:47:34.514 UTC 002e INFO[0m [Consensus4] [34;1mprepared[0m -> 4 processed commits for proposal with seq 2
2026-09-16T03:47:34.514661815Z [34m2026-09-16 03:47:34.514 UTC 002f INFO[0m [Consensus4] [34;1mdecide[0m -> Deciding on seq 2
2026-09-16T03:47:34.514662727Z [34m2026-09-16 03:47:34.514 UTC 0030 INFO[0m [Consensus4] [34;1mstartNextSeq[0m -> Sequence: 2-->3
2026-09-16T03:47:34.518123300Z [34m2026-09-16 03:47:34.518 UTC 0043 INFO[0m [Assembler2] [34;1mfunc3[0m -> Decision 2, with 1 AvailableCommonBlocks
2026-09-16T03:47:34.518133578Z [34m2026-09-16 03:47:34.518 UTC 0043 INFO[0m [Assembler1] [34;1mfunc3[0m -> Decision 2, with 1 AvailableCommonBlocks
2026-09-16T03:47:34.518144485Z [34m2026-09-16 03:47:34.518 UTC 0043 INFO[0m [Assembler3] [34;1mfunc3[0m -> Decision 2, with 1 AvailableCommonBlocks
2026-09-16T03:47:34.518156659Z [34m2026-09-16 03:47:34.518 UTC 0044 INFO[0m [Assembler1] [34;1mfunc3[0m -> BA index: 0; BatchID: Sh,Pr,Sq,Dg: <1,2,1,53fab3950437c77bca6be908527302a984dd6b36a5731c0783e19efcfca14023>; Common Block: Number: 2, PreviousHash: 2edc78614e3458b43bce65d50a3e9e1a324ad8561d6f98e71a957d3e364fb8ef, DataHash: 53fab3950437c77bca6be908527302a984dd6b36a5731c0783e19efcfca14023; BA block signers: [2 3 1]
2026-09-16T03:47:34.518170319Z [34m2026-09-16 03:47:34.518 UTC 0044 INFO[0m [Assembler3] [34;1mfunc3[0m -> BA index: 0; BatchID: Sh,Pr,Sq,Dg: <1,2,1,53fab3950437c77bca6be908527302a984dd6b36a5731c0783e19efcfca14023>; Common Block: Number: 2, PreviousHash: 2edc78614e3458b43bce65d50a3e9e1a324ad8561d6f98e71a957d3e364fb8ef, DataHash: 53fab3950437c77bca6be908527302a984dd6b36a5731c0783e19efcfca14023; BA block signers: [2 1 3]
2026-09-16T03:47:34.518172092Z [34m2026-09-16 03:47:34.518 UTC 0044 INFO[0m [Assembler2] [34;1mfunc3[0m -> BA index: 0; BatchID: Sh,Pr,Sq,Dg: <1,2,1,53fab3950437c77bca6be908527302a984dd6b36a5731c0783e19efcfca14023>; Common Block: Number: 2, PreviousHash: 2edc78614e3458b43bce65d50a3e9e1a324ad8561d6f98e71a957d3e364fb8ef, DataHash: 53fab3950437c77bca6be908527302a984dd6b36a5731c0783e19efcfca14023; BA block signers: [3 1 2]
2026-09-16T03:47:34.519255850Z [34m2026-09-16 03:47:34.519 UTC 0043 INFO[0m [Assembler4] [34;1mfunc3[0m -> Decision 2, with 1 AvailableCommonBlocks
2026-09-16T03:47:34.519260278Z [34m2026-09-16 03:47:34.519 UTC 0044 INFO[0m [Assembler4] [34;1mfunc3[0m -> BA index: 0; BatchID: Sh,Pr,Sq,Dg: <1,2,1,53fab3950437c77bca6be908527302a984dd6b36a5731c0783e19efcfca14023>; Common Block: Number: 2, PreviousHash: 2edc78614e3458b43bce65d50a3e9e1a324ad8561d6f98e71a957d3e364fb8ef, DataHash: 53fab3950437c77bca6be908527302a984dd6b36a5731c0783e19efcfca14023; BA block signers: [1 3 4]
2026-09-16T03:47:34.523006348Z [34m2026-09-16 03:47:34.522 UTC 0045 INFO[0m [Assembler2] [34;1mfunc1[0m -> Appended block 2 of 18 requests to ledger in 4.808837ms
2026-09-16T03:47:34.523016721Z [34m2026-09-16 03:47:34.522 UTC 0045 INFO[0m [Assembler1] [34;1mfunc1[0m -> Appended block 2 of 18 requests to ledger in 4.792914ms
2026-09-16T03:47:34.523018448Z [34m2026-09-16 03:47:34.522 UTC 0045 INFO[0m [Assembler3] [34;1mfunc1[0m -> Appended block 2 of 18 requests to ledger in 4.806841ms
2026-09-16T03:47:34.524033451Z [34m2026-09-16 03:47:34.523 UTC 0045 INFO[0m [Assembler4] [34;1mfunc1[0m -> Appended block 2 of 18 requests to ledger in 4.75199ms
2026-09-16T03:47:35.480524834Z [34m2026-09-16 03:47:35.480 UTC 0031 INFO[0m [Consensus2] [34;1mtrackMetrics[0m -> CONSENSUS_METRICS party_id=2: interval=10.00 sec, decisions: interval=3, rate=0.3000, total=3, blocks: interval=2, rate=0.2000, total=2, bafs: total=8, complaints: total=0
2026-09-16T03:47:35.482592334Z [34m2026-09-16 03:47:35.482 UTC 0031 INFO[0m [Consensus4] [34;1mtrackMetrics[0m -> CONSENSUS_METRICS party_id=4: interval=10.00 sec, decisions: interval=3, rate=0.3000, total=3, blocks: interval=2, rate=0.2000, total=2, bafs: total=8, complaints: total=0
2026-09-16T03:47:35.487656128Z [34m2026-09-16 03:47:35.487 UTC 0035 INFO[0m [Consensus1] [34;1mtrackMetrics[0m -> CONSENSUS_METRICS party_id=1: interval=10.00 sec, decisions: interval=3, rate=0.3000, total=3, blocks: interval=2, rate=0.2000, total=2, bafs: total=8, complaints: total=0
2026-09-16T03:47:35.488977210Z [34m2026-09-16 03:47:35.488 UTC 0034 INFO[0m [Batcher2Shard1] [34;1mrunPrimary[0m -> Batcher batched a total of 50 requests for sequence 2
2026-09-16T03:47:35.493229499Z [34m2026-09-16 03:47:35.493 UTC 0035 INFO[0m [Batcher2Shard1] [34;1mSendBAF[0m -> Sending batch attestation fragment for seq 2 with digest f733f4eb37a051b14acbcb61d2d07530678ab0e13c1eab7b54b9fcf071c505c4
2026-09-16T03:47:35.493249265Z [34m2026-09-16 03:47:35.493 UTC 0036 INFO[0m [Batcher2Shard1] [34;1mfunc1[0m -> Sending control event took 27µs
2026-09-16T03:47:35.493252075Z [34m2026-09-16 03:47:35.493 UTC 0037 INFO[0m [Batcher2Shard1] [34;1mfunc1[0m -> Sending control event took 18.155µs
2026-09-16T03:47:35.493253269Z [34m2026-09-16 03:47:35.493 UTC 0038 INFO[0m [Batcher2Shard1] [34;1mfunc1[0m -> Sending control event took 4.684µs
2026-09-16T03:47:35.493254174Z [34m2026-09-16 03:47:35.493 UTC 0039 INFO[0m [Batcher2Shard1] [34;1mfunc1[0m -> Sending control event took 3.618µs
2026-09-16T03:47:35.493254951Z [34m2026-09-16 03:47:35.493 UTC 003a INFO[0m [Batcher2Shard1] [34;1mBroadcastControlEvent[0m -> Control event sent to quorum (4 out of 4)
2026-09-16T03:47:35.493676097Z [34m2026-09-16 03:47:35.493 UTC 0036 INFO[0m [Batcher1Shard1] [34;1mfunc3[0m -> [shard1party2-arma] Fetched batch 2 with 50 transactions
2026-09-16T03:47:35.493682941Z [34m2026-09-16 03:47:35.493 UTC 0036 INFO[0m [Batcher3Shard1] [34;1mfunc3[0m -> [shard1party2-arma] Fetched batch 2 with 50 transactions
2026-09-16T03:47:35.493684369Z [34m2026-09-16 03:47:35.493 UTC 0046 INFO[0m [Assembler2] [34;1mfunc3[0m -> Assembler pulled from 172.29.0.10:6124 batch Sh,Pr,Sq,Dg: <1,2,2,f733f4eb37a051b14acbcb61d2d07530678ab0e13c1eab7b54b9fcf071c505c4>
2026-09-16T03:47:35.493689354Z [34m2026-09-16 03:47:35.493 UTC 0036 INFO[0m [Batcher4Shard1] [34;1mfunc3[0m -> [shard1party2-arma] Fetched batch 2 with 50 transactions
2026-09-16T03:47:35.493690325Z [34m2026-09-16 03:47:35.493 UTC 0037 INFO[0m [Batcher1Shard1] [34;1mrunSecondary[0m -> Secondary batcher 1 (shard 1; current primary 2) appending to ledger batch with seq 2 and 50 requests
2026-09-16T03:47:35.493691258Z [34m2026-09-16 03:47:35.493 UTC 0037 INFO[0m [Batcher3Shard1] [34;1mrunSecondary[0m -> Secondary batcher 3 (shard 1; current primary 2) appending to ledger batch with seq 2 and 50 requests
2026-09-16T03:47:35.493860624Z [34m2026-09-16 03:47:35.493 UTC 0037 INFO[0m [Batcher4Shard1] [34;1mrunSecondary[0m -> Secondary batcher 4 (shard 1; current primary 2) appending to ledger batch with seq 2 and 50 requests
2026-09-16T03:47:35.498231377Z [34m2026-09-16 03:47:35.498 UTC 0038 INFO[0m [Batcher3Shard1] [34;1mSendBAF[0m -> Sending batch attestation fragment for seq 2 with digest f733f4eb37a051b14acbcb61d2d07530678ab0e13c1eab7b54b9fcf071c505c4
2026-09-16T03:47:35.498251777Z [34m2026-09-16 03:47:35.498 UTC 0039 INFO[0m [Batcher3Shard1] [34;1mfunc1[0m -> Sending control event took 31.836µs
2026-09-16T03:47:35.498254429Z [34m2026-09-16 03:47:35.498 UTC 003a INFO[0m [Batcher3Shard1] [34;1mfunc1[0m -> Sending control event took 15.796µs
2026-09-16T03:47:35.498255585Z [34m2026-09-16 03:47:35.498 UTC 0038 INFO[0m [Batcher1Shard1] [34;1mSendBAF[0m -> Sending batch attestation fragment for seq 2 with digest f733f4eb37a051b14acbcb61d2d07530678ab0e13c1eab7b54b9fcf071c505c4
2026-09-16T03:47:35.498384141Z [34m2026-09-16 03:47:35.498 UTC 003b INFO[0m [Batcher3Shard1] [34;1mfunc1[0m -> Sending control event took 3.342µs
2026-09-16T03:47:35.498391567Z [34m2026-09-16 03:47:35.498 UTC 003c INFO[0m [Batcher3Shard1] [34;1mfunc1[0m -> Sending control event took 4.158µs
2026-09-16T03:47:35.498392886Z [34m2026-09-16 03:47:35.498 UTC 003d INFO[0m [Batcher3Shard1] [34;1mBroadcastControlEvent[0m -> Control event sent to quorum (4 out of 4)
2026-09-16T03:47:35.498393649Z [34m2026-09-16 03:47:35.498 UTC 0039 INFO[0m [Batcher1Shard1] [34;1mfunc1[0m -> Sending control event took 44.181µs
2026-09-16T03:47:35.498394490Z [34m2026-09-16 03:47:35.498 UTC 003a INFO[0m [Batcher1Shard1] [34;1mfunc1[0m -> Sending control event took 3.171µs
2026-09-16T03:47:35.498395144Z [34m2026-09-16 03:47:35.498 UTC 003b INFO[0m [Batcher1Shard1] [34;1mfunc1[0m -> Sending control event took 11.114µs
2026-09-16T03:47:35.498395746Z [34m2026-09-16 03:47:35.498 UTC 003c INFO[0m [Batcher1Shard1] [34;1mfunc1[0m -> Sending control event took 15.935µs
2026-09-16T03:47:35.498396391Z [34m2026-09-16 03:47:35.498 UTC 003d INFO[0m [Batcher1Shard1] [34;1mBroadcastControlEvent[0m -> Control event sent to quorum (4 out of 4)
2026-09-16T03:47:35.498496278Z [34m2026-09-16 03:47:35.498 UTC 0046 INFO[0m [Assembler3] [34;1mfunc3[0m -> Assembler pulled from 172.29.0.10:6224 batch Sh,Pr,Sq,Dg: <1,2,2,f733f4eb37a051b14acbcb61d2d07530678ab0e13c1eab7b54b9fcf071c505c4>
2026-09-16T03:47:35.498636493Z [34m2026-09-16 03:47:35.498 UTC 0046 INFO[0m [Assembler1] [34;1mfunc3[0m -> Assembler pulled from 172.29.0.10:6024 batch Sh,Pr,Sq,Dg: <1,2,2,f733f4eb37a051b14acbcb61d2d07530678ab0e13c1eab7b54b9fcf071c505c4>
2026-09-16T03:47:35.500198463Z [34m2026-09-16 03:47:35.500 UTC 0038 INFO[0m [Batcher4Shard1] [34;1mSendBAF[0m -> Sending batch attestation fragment for seq 2 with digest f733f4eb37a051b14acbcb61d2d07530678ab0e13c1eab7b54b9fcf071c505c4
2026-09-16T03:47:35.500206273Z [34m2026-09-16 03:47:35.500 UTC 0039 INFO[0m [Batcher4Shard1] [34;1mfunc1[0m -> Sending control event took 21.815µs
2026-09-16T03:47:35.500208194Z [34m2026-09-16 03:47:35.500 UTC 003a INFO[0m [Batcher4Shard1] [34;1mfunc1[0m -> Sending control event took 2.667µs
2026-09-16T03:47:35.500209313Z [34m2026-09-16 03:47:35.500 UTC 003b INFO[0m [Batcher4Shard1] [34;1mfunc1[0m -> Sending control event took 15.547µs
2026-09-16T03:47:35.500232568Z [34m2026-09-16 03:47:35.500 UTC 003c INFO[0m [Batcher4Shard1] [34;1mfunc1[0m -> Sending control event took 6.265µs
2026-09-16T03:47:35.500282787Z [34m2026-09-16 03:47:35.500 UTC 003d INFO[0m [Batcher4Shard1] [34;1mBroadcastControlEvent[0m -> Control event sent to quorum (4 out of 4)
2026-09-16T03:47:35.500379224Z [34m2026-09-16 03:47:35.500 UTC 0046 INFO[0m [Assembler4] [34;1mfunc3[0m -> Assembler pulled from 172.29.0.10:6324 batch Sh,Pr,Sq,Dg: <1,2,2,f733f4eb37a051b14acbcb61d2d07530678ab0e13c1eab7b54b9fcf071c505c4>
2026-09-16T03:47:35.504812527Z [34m2026-09-16 03:47:35.504 UTC 0031 INFO[0m [Consensus3] [34;1mtrackMetrics[0m -> CONSENSUS_METRICS party_id=3: interval=10.00 sec, decisions: interval=3, rate=0.3000, total=3, blocks: interval=2, rate=0.2000, total=2, bafs: total=12, complaints: total=0
2026-09-16T03:47:35.519761356Z [34m2026-09-16 03:47:35.519 UTC 0036 INFO[0m [Consensus1] [34;1mAssembleProposal[0m -> Creating proposal with 1 attestations and new state: State{N: 4, Quorum: 3, Threshold: 2, ShardCount: 1, 
2026-09-16T03:47:35.519772803Z Pending: none, 
2026-09-16T03:47:35.519774194Z Complaints: none}
2026-09-16T03:47:35.519775295Z [34m2026-09-16 03:47:35.519 UTC 0037 INFO[0m [Consensus1] [34;1mAssembleProposal[0m -> Proposing available common data block: number=3, prevHash=79bd645a4987afe69d3dcbba57b55a15ab91ba05eb1ea203858310a441f7ef79, dataHash=f733f4eb37a051b14acbcb61d2d07530678ab0e13c1eab7b54b9fcf071c505c4, numOfReqs=50, decisionNum=3, blockIndex=0/1, lastConfigBlockNum=0
2026-09-16T03:47:35.521873393Z [34m2026-09-16 03:47:35.521 UTC 0038 INFO[0m [Consensus1] [34;1mprocessProposal[0m -> Processed proposal with seq 3
2026-09-16T03:47:35.523895248Z [34m2026-09-16 03:47:35.523 UTC 0032 INFO[0m [Consensus3] [34;1mprocessProposal[0m -> Processed proposal with seq 3
2026-09-16T03:47:35.524889483Z [34m2026-09-16 03:47:35.524 UTC 0032 INFO[0m [Consensus4] [34;1mprocessProposal[0m -> Processed proposal with seq 3
2026-09-16T03:47:35.524892783Z [34m2026-09-16 03:47:35.524 UTC 0032 INFO[0m [Consensus2] [34;1mprocessProposal[0m -> Processed proposal with seq 3
2026-09-16T03:47:35.524895641Z [34m2026-09-16 03:47:35.524 UTC 0033 INFO[0m [Consensus2] [34;1mprocessPrepares[0m -> 2 collected 2 prepares from [1 3]
2026-09-16T03:47:35.524896500Z [34m2026-09-16 03:47:35.524 UTC 0033 INFO[0m [Consensus4] [34;1mprocessPrepares[0m -> 4 collected 2 prepares from [1 3]
2026-09-16T03:47:35.525113853Z [34m2026-09-16 03:47:35.524 UTC 0039 INFO[0m [Consensus1] [34;1mprocessPrepares[0m -> 1 collected 2 prepares from [3 2]
2026-09-16T03:47:35.525119863Z [34m2026-09-16 03:47:35.525 UTC 0033 INFO[0m [Consensus3] [34;1mprocessPrepares[0m -> 3 collected 2 prepares from [1 2]
2026-09-16T03:47:35.527041132Z [34m2026-09-16 03:47:35.526 UTC 0034 INFO[0m [Consensus3] [34;1mprocessPrepares[0m -> Processed prepares for proposal with seq 3
2026-09-16T03:47:35.527053451Z [34m2026-09-16 03:47:35.526 UTC 0034 INFO[0m [Consensus4] [34;1mprocessPrepares[0m -> Processed prepares for proposal with seq 3
2026-09-16T03:47:35.527055261Z [34m2026-09-16 03:47:35.526 UTC 0034 INFO[0m [Consensus2] [34;1mprocessPrepares[0m -> Processed prepares for proposal with seq 3
2026-09-16T03:47:35.527056329Z [34m2026-09-16 03:47:35.526 UTC 003a INFO[0m [Consensus1] [34;1mprocessPrepares[0m -> Processed prepares for proposal with seq 3
2026-09-16T03:47:35.527353863Z [34m2026-09-16 03:47:35.527 UTC 0035 INFO[0m [Consensus3] [34;1mprocessCommits[0m -> 3 collected 2 commits from [1 2]
2026-09-16T03:47:35.527366961Z [34m2026-09-16 03:47:35.527 UTC 003b INFO[0m [Consensus1] [34;1mprocessCommits[0m -> 1 collected 2 commits from [3 4]
2026-09-16T03:47:35.527368862Z [34m2026-09-16 03:47:35.527 UTC 0036 INFO[0m [Consensus3] [34;1mprepared[0m -> 3 processed commits for proposal with seq 3
2026-09-16T03:47:35.527369750Z [34m2026-09-16 03:47:35.527 UTC 003c INFO[0m [Consensus1] [34;1mprepared[0m -> 1 processed commits for proposal with seq 3
2026-09-16T03:47:35.527370524Z [34m2026-09-16 03:47:35.527 UTC 0037 INFO[0m [Consensus3] [34;1mdecide[0m -> Deciding on seq 3
2026-09-16T03:47:35.527371335Z [34m2026-09-16 03:47:35.527 UTC 003d INFO[0m [Consensus1] [34;1mdecide[0m -> Deciding on seq 3
2026-09-16T03:47:35.527371898Z [34m2026-09-16 03:47:35.527 UTC 0038 INFO[0m [Consensus3] [34;1mstartNextSeq[0m -> Sequence: 3-->4
2026-09-16T03:47:35.527372596Z [34m2026-09-16 03:47:35.527 UTC 003e INFO[0m [Consensus1] [34;1mstartNextSeq[0m -> Sequence: 3-->4
2026-09-16T03:47:35.527373201Z [34m2026-09-16 03:47:35.527 UTC 0035 INFO[0m [Consensus2] [34;1mprocessCommits[0m -> 2 collected 2 commits from [4 3]
2026-09-16T03:47:35.527373836Z [34m2026-09-16 03:47:35.527 UTC 0036 INFO[0m [Consensus2] [34;1mprepared[0m -> 2 processed commits for proposal with seq 3
2026-09-16T03:47:35.527431946Z [34m2026-09-16 03:47:35.527 UTC 0035 INFO[0m [Consensus4] [34;1mprocessCommits[0m -> 4 collected 2 commits from [1 3]
2026-09-16T03:47:35.527438045Z [34m2026-09-16 03:47:35.527 UTC 0037 INFO[0m [Consensus2] [34;1mdecide[0m -> Deciding on seq 3
2026-09-16T03:47:35.527439651Z [34m2026-09-16 03:47:35.527 UTC 0038 INFO[0m [Consensus2] [34;1mstartNextSeq[0m -> Sequence: 3-->4
2026-09-16T03:47:35.527440782Z [34m2026-09-16 03:47:35.527 UTC 0036 INFO[0m [Consensus4] [34;1mprepared[0m -> 4 processed commits for proposal with seq 3
2026-09-16T03:47:35.527441647Z [34m2026-09-16 03:47:35.527 UTC 0037 INFO[0m [Consensus4] [34;1mdecide[0m -> Deciding on seq 3
2026-09-16T03:47:35.527442464Z [34m2026-09-16 03:47:35.527 UTC 0038 INFO[0m [Consensus4] [34;1mstartNextSeq[0m -> Sequence: 3-->4
2026-09-16T03:47:35.530097009Z [34m2026-09-16 03:47:35.529 UTC 0047 INFO[0m [Assembler1] [34;1mfunc3[0m -> Decision 3, with 1 AvailableCommonBlocks
2026-09-16T03:47:35.530149746Z [34m2026-09-16 03:47:35.529 UTC 0048 INFO[0m [Assembler1] [34;1mfunc3[0m -> BA index: 0; BatchID: Sh,Pr,Sq,Dg: <1,2,2,f733f4eb37a051b14acbcb61d2d07530678ab0e13c1eab7b54b9fcf071c505c4>; Common Block: Number: 3, PreviousHash: 79bd645a4987afe69d3dcbba57b55a15ab91ba05eb1ea203858310a441f7ef79, DataHash: f733f4eb37a051b14acbcb61d2d07530678ab0e13c1eab7b54b9fcf071c505c4; BA block signers: [3 4 1]
2026-09-16T03:47:35.530151622Z [34m2026-09-16 03:47:35.529 UTC 0047 INFO[0m [Assembler3] [34;1mfunc3[0m -> Decision 3, with 1 AvailableCommonBlocks
2026-09-16T03:47:35.530158334Z [34m2026-09-16 03:47:35.529 UTC 0048 INFO[0m [Assembler3] [34;1mfunc3[0m -> BA index: 0; BatchID: Sh,Pr,Sq,Dg: <1,2,2,f733f4eb37a051b14acbcb61d2d07530678ab0e13c1eab7b54b9fcf071c505c4>; Common Block: Number: 3, PreviousHash: 79bd645a4987afe69d3dcbba57b55a15ab91ba05eb1ea203858310a441f7ef79, DataHash: f733f4eb37a051b14acbcb61d2d07530678ab0e13c1eab7b54b9fcf071c505c4; BA block signers: [1 2 3]
2026-09-16T03:47:35.530162375Z [34m2026-09-16 03:47:35.530 UTC 0047 INFO[0m [Assembler4] [34;1mfunc3[0m -> Decision 3, with 1 AvailableCommonBlocks
2026-09-16T03:47:35.530163149Z [34m2026-09-16 03:47:35.530 UTC 0048 INFO[0m [Assembler4] [34;1mfunc3[0m -> BA index: 0; BatchID: Sh,Pr,Sq,Dg: <1,2,2,f733f4eb37a051b14acbcb61d2d07530678ab0e13c1eab7b54b9fcf071c505c4>; Common Block: Number: 3, PreviousHash: 79bd645a4987afe69d3dcbba57b55a15ab91ba05eb1ea203858310a441f7ef79, DataHash: f733f4eb37a051b14acbcb61d2d07530678ab0e13c1eab7b54b9fcf071c505c4; BA block signers: [1 3 4]
2026-09-16T03:47:35.530330996Z [34m2026-09-16 03:47:35.530 UTC 0047 INFO[0m [Assembler2] [34;1mfunc3[0m -> Decision 3, with 1 AvailableCommonBlocks
2026-09-16T03:47:35.530336181Z [34m2026-09-16 03:47:35.530 UTC 0048 INFO[0m [Assembler2] [34;1mfunc3[0m -> BA index: 0; BatchID: Sh,Pr,Sq,Dg: <1,2,2,f733f4eb37a051b14acbcb61d2d07530678ab0e13c1eab7b54b9fcf071c505c4>; Common Block: Number: 3, PreviousHash: 79bd645a4987afe69d3dcbba57b55a15ab91ba05eb1ea203858310a441f7ef79, DataHash: f733f4eb37a051b14acbcb61d2d07530678ab0e13c1eab7b54b9fcf071c505c4; BA block signers: [4 3 2]
2026-09-16T03:47:35.535206576Z [34m2026-09-16 03:47:35.535 UTC 0049 INFO[0m [Assembler2] [34;1mfunc1[0m -> Appended block 3 of 50 requests to ledger in 4.824607ms
2026-09-16T03:47:35.535217917Z [34m2026-09-16 03:47:35.535 UTC 0049 INFO[0m [Assembler4] [34;1mfunc1[0m -> Appended block 3 of 50 requests to ledger in 5.002566ms
2026-09-16T03:47:35.535219604Z [34m2026-09-16 03:47:35.535 UTC 0049 INFO[0m [Assembler1] [34;1mfunc1[0m -> Appended block 3 of 50 requests to ledger in 5.224423ms
2026-09-16T03:47:35.535220967Z [34m2026-09-16 03:47:35.535 UTC 0049 INFO[0m [Assembler3] [34;1mfunc1[0m -> Appended block 3 of 50 requests to ledger in 5.201228ms
2026-09-16T03:47:36.494341943Z [34m2026-09-16 03:47:36.494 UTC 003b INFO[0m [Batcher2Shard1] [34;1mrunPrimary[0m -> Batcher batched a total of 50 requests for sequence 3
2026-09-16T03:47:36.498081781Z [34m2026-09-16 03:47:36.497 UTC 003c INFO[0m [Batcher2Shard1] [34;1mSendBAF[0m -> Sending batch attestation fragment for seq 3 with digest 710b3381c14daf0c2616c999ebc29eff662eb44990f7841586f6b1683f1d7839
2026-09-16T03:47:36.498106403Z [34m2026-09-16 03:47:36.497 UTC 003d INFO[0m [Batcher2Shard1] [34;1mfunc1[0m -> Sending control event took 45.115µs
2026-09-16T03:47:36.498108737Z [34m2026-09-16 03:47:36.498 UTC 003e INFO[0m [Batcher2Shard1] [34;1mfunc1[0m -> Sending control event took 11.792µs
2026-09-16T03:47:36.498505766Z [34m2026-09-16 03:47:36.498 UTC 003f INFO[0m [Batcher2Shard1] [34;1mfunc1[0m -> Sending control event took 3.704µs
2026-09-16T03:47:36.498523772Z [34m2026-09-16 03:47:36.498 UTC 0040 INFO[0m [Batcher2Shard1] [34;1mfunc1[0m -> Sending control event took 15.374µs
2026-09-16T03:47:36.498525513Z [34m2026-09-16 03:47:36.498 UTC 0041 INFO[0m [Batcher2Shard1] [34;1mBroadcastControlEvent[0m -> Control event sent to quorum (4 out of 4)
2026-09-16T03:47:36.498526655Z [34m2026-09-16 03:47:36.498 UTC 003e INFO[0m [Batcher1Shard1] [34;1mfunc3[0m -> [shard1party2-arma] Fetched batch 3 with 50 transactions
2026-09-16T03:47:36.498527538Z [34m2026-09-16 03:47:36.498 UTC 003e INFO[0m [Batcher3Shard1] [34;1mfunc3[0m -> [shard1party2-arma] Fetched batch 3 with 50 transactions
2026-09-16T03:47:36.498528270Z [34m2026-09-16 03:47:36.498 UTC 003e INFO[0m [Batcher4Shard1] [34;1mfunc3[0m -> [shard1party2-arma] Fetched batch 3 with 50 transactions
2026-09-16T03:47:36.498528936Z [34m2026-09-16 03:47:36.498 UTC 004a INFO[0m [Assembler2] [34;1mfunc3[0m -> Assembler pulled from 172.29.0.10:6124 batch Sh,Pr,Sq,Dg: <1,2,3,710b3381c14daf0c2616c999ebc29eff662eb44990f7841586f6b1683f1d7839>
2026-09-16T03:47:36.498617214Z [34m2026-09-16 03:47:36.498 UTC 003f INFO[0m [Batcher1Shard1] [34;1mrunSecondary[0m -> Secondary batcher 1 (shard 1; current primary 2) appending to ledger batch with seq 3 and 50 requests
2026-09-16T03:47:36.498639417Z [34m2026-09-16 03:47:36.498 UTC 003f INFO[0m [Batcher3Shard1] [34;1mrunSecondary[0m -> Secondary batcher 3 (shard 1; current primary 2) appending to ledger batch with seq 3 and 50 requests
2026-09-16T03:47:36.498648672Z [34m2026-09-16 03:47:36.498 UTC 003f INFO[0m [Batcher4Shard1] [34;1mrunSecondary[0m -> Secondary batcher 4 (shard 1; current primary 2) appending to ledger batch with seq 3 and 50 requests
2026-09-16T03:47:36.502448988Z [34m2026-09-16 03:47:36.502 UTC 0040 INFO[0m [Batcher1Shard1] [34;1mSendBAF[0m -> Sending batch attestation fragment for seq 3 with digest 710b3381c14daf0c2616c999ebc29eff662eb44990f7841586f6b1683f1d7839
2026-09-16T03:47:36.502460686Z [34m2026-09-16 03:47:36.502 UTC 0040 INFO[0m [Batcher3Shard1] [34;1mSendBAF[0m -> Sending batch attestation fragment for seq 3 with digest 710b3381c14daf0c2616c999ebc29eff662eb44990f7841586f6b1683f1d7839
2026-09-16T03:47:36.502462375Z [34m2026-09-16 03:47:36.502 UTC 0041 INFO[0m [Batcher1Shard1] [34;1mfunc1[0m -> Sending control event took 12.932µs
2026-09-16T03:47:36.502463747Z [34m2026-09-16 03:47:36.502 UTC 0041 INFO[0m [Batcher3Shard1] [34;1mfunc1[0m -> Sending control event took 11.887µs
2026-09-16T03:47:36.502464610Z [34m2026-09-16 03:47:36.502 UTC 0042 INFO[0m [Batcher1Shard1] [34;1mfunc1[0m -> Sending control event took 2.709µs
2026-09-16T03:47:36.502465364Z [34m2026-09-16 03:47:36.502 UTC 0043 INFO[0m [Batcher1Shard1] [34;1mfunc1[0m -> Sending control event took 14.414µs
2026-09-16T03:47:36.502466083Z [34m2026-09-16 03:47:36.502 UTC 0042 INFO[0m [Batcher3Shard1] [34;1mfunc1[0m -> Sending control event took 3.334µs
2026-09-16T03:47:36.502472865Z [34m2026-09-16 03:47:36.502 UTC 0044 INFO[0m [Batcher1Shard1] [34;1mfunc1[0m -> Sending control event took 3.756µs
2026-09-16T03:47:36.502473684Z [34m2026-09-16 03:47:36.502 UTC 0045 INFO[0m [Batcher1Shard1] [34;1mBroadcastControlEvent[0m -> Control event sent to quorum (4 out of 4)
2026-09-16T03:47:36.502534624Z [34m2026-09-16 03:47:36.502 UTC 0043 INFO[0m [Batcher3Shard1] [34;1mfunc1[0m -> Sending control event took 50.681µs
2026-09-16T03:47:36.502540512Z [34m2026-09-16 03:47:36.502 UTC 0044 INFO[0m [Batcher3Shard1] [34;1mfunc1[0m -> Sending control event took 8.32µs
2026-09-16T03:47:36.502541667Z [34m2026-09-16 03:47:36.502 UTC 0045 INFO[0m [Batcher3Shard1] [34;1mBroadcastControlEvent[0m -> Control event sent to quorum (4 out of 4)
2026-09-16T03:47:36.502760280Z [34m2026-09-16 03:47:36.502 UTC 004a INFO[0m [Assembler1] [34;1mfunc3[0m -> Assembler pulled from 172.29.0.10:6024 batch Sh,Pr,Sq,Dg: <1,2,3,710b3381c14daf0c2616c999ebc29eff662eb44990f7841586f6b1683f1d7839>
2026-09-16T03:47:36.502859886Z [34m2026-09-16 03:47:36.502 UTC 004a INFO[0m [Assembler3] [34;1mfunc3[0m -> Assembler pulled from 172.29.0.10:6224 batch Sh,Pr,Sq,Dg: <1,2,3,710b3381c14daf0c2616c999ebc29eff662eb44990f7841586f6b1683f1d7839>
2026-09-16T03:47:36.503567443Z [34m2026-09-16 03:47:36.503 UTC 0040 INFO[0m [Batcher4Shard1] [34;1mSendBAF[0m -> Sending batch attestation fragment for seq 3 with digest 710b3381c14daf0c2616c999ebc29eff662eb44990f7841586f6b1683f1d7839
2026-09-16T03:47:36.503573399Z [34m2026-09-16 03:47:36.503 UTC 0041 INFO[0m [Batcher4Shard1] [34;1mfunc1[0m -> Sending control event took 10.877µs
2026-09-16T03:47:36.503575199Z [34m2026-09-16 03:47:36.503 UTC 0043 INFO[0m [Batcher4Shard1] [34;1mfunc1[0m -> Sending control event took 3.136µs
2026-09-16T03:47:36.503576461Z [34m2026-09-16 03:47:36.503 UTC 0042 INFO[0m [Batcher4Shard1] [34;1mfunc1[0m -> Sending control event took 10.081µs
2026-09-16T03:47:36.503610576Z [34m2026-09-16 03:47:36.503 UTC 0044 INFO[0m [Batcher4Shard1] [34;1mfunc1[0m -> Sending control event took 3.239µs
2026-09-16T03:47:36.503616317Z [34m2026-09-16 03:47:36.503 UTC 0045 INFO[0m [Batcher4Shard1] [34;1mBroadcastControlEvent[0m -> Control event sent to quorum (4 out of 4)
2026-09-16T03:47:36.503937406Z [34m2026-09-16 03:47:36.503 UTC 004a INFO[0m [Assembler4] [34;1mfunc3[0m -> Assembler pulled from 172.29.0.10:6324 batch Sh,Pr,Sq,Dg: <1,2,3,710b3381c14daf0c2616c999ebc29eff662eb44990f7841586f6b1683f1d7839>
2026-09-16T03:47:36.530375285Z [34m2026-09-16 03:47:36.530 UTC 003f INFO[0m [Consensus1] [34;1mAssembleProposal[0m -> Creating proposal with 1 attestations and new state: State{N: 4, Quorum: 3, Threshold: 2, ShardCount: 1, 
2026-09-16T03:47:36.530390545Z Pending: none, 
2026-09-16T03:47:36.530391959Z Complaints: none}
2026-09-16T03:47:36.530400877Z [34m2026-09-16 03:47:36.530 UTC 0040 INFO[0m [Consensus1] [34;1mAssembleProposal[0m -> Proposing available common data block: number=4, prevHash=171dbaa2acc2b5189de67b790310d3acd21dc307c0d2110e509d972228c4a980, dataHash=710b3381c14daf0c2616c999ebc29eff662eb44990f7841586f6b1683f1d7839, numOfReqs=50, decisionNum=4, blockIndex=0/1, lastConfigBlockNum=0
2026-09-16T03:47:36.532934748Z [34m2026-09-16 03:47:36.532 UTC 0041 INFO[0m [Consensus1] [34;1mprocessProposal[0m -> Processed proposal with seq 4
2026-09-16T03:47:36.534861467Z [34m2026-09-16 03:47:36.534 UTC 0039 INFO[0m [Consensus4] [34;1mprocessProposal[0m -> Processed proposal with seq 4
2026-09-16T03:47:36.535870493Z [34m2026-09-16 03:47:36.535 UTC 0039 INFO[0m [Consensus3] [34;1mprocessProposal[0m -> Processed proposal with seq 4
2026-09-16T03:47:36.535874274Z [34m2026-09-16 03:47:36.535 UTC 0039 INFO[0m [Consensus2] [34;1mprocessProposal[0m -> Processed proposal with seq 4
2026-09-16T03:47:36.535875467Z [34m2026-09-16 03:47:36.535 UTC 003a INFO[0m [Consensus3] [34;1mprocessPrepares[0m -> 3 collected 2 prepares from [1 4]
2026-09-16T03:47:36.535878629Z [34m2026-09-16 03:47:36.535 UTC 003a INFO[0m [Consensus2] [34;1mprocessPrepares[0m -> 2 collected 2 prepares from [1 4]
2026-09-16T03:47:36.536093368Z [34m2026-09-16 03:47:36.535 UTC 0042 INFO[0m [Consensus1] [34;1mprocessPrepares[0m -> 1 collected 2 prepares from [4 2]
2026-09-16T03:47:36.536103798Z [34m2026-09-16 03:47:36.536 UTC 003a INFO[0m [Consensus4] [34;1mprocessPrepares[0m -> 4 collected 2 prepares from [1 3]
2026-09-16T03:47:36.537576449Z [34m2026-09-16 03:47:36.537 UTC 003b INFO[0m [Consensus4] [34;1mprocessPrepares[0m -> Processed prepares for proposal with seq 4
2026-09-16T03:47:36.538700830Z [34m2026-09-16 03:47:36.538 UTC 0043 INFO[0m [Consensus1] [34;1mprocessPrepares[0m -> Processed prepares for proposal with seq 4
2026-09-16T03:47:36.538713097Z [34m2026-09-16 03:47:36.538 UTC 003b INFO[0m [Consensus2] [34;1mprocessPrepares[0m -> Processed prepares for proposal with seq 4
2026-09-16T03:47:36.538714919Z [34m2026-09-16 03:47:36.538 UTC 003b INFO[0m [Consensus3] [34;1mprocessPrepares[0m -> Processed prepares for proposal with seq 4
2026-09-16T03:47:36.539136828Z [34m2026-09-16 03:47:36.539 UTC 003c INFO[0m [Consensus3] [34;1mprocessCommits[0m -> 3 collected 2 commits from [4 2]
2026-09-16T03:47:36.539142477Z [34m2026-09-16 03:47:36.539 UTC 003d INFO[0m [Consensus3] [34;1mprepared[0m -> 3 processed commits for proposal with seq 4
2026-09-16T03:47:36.539143748Z [34m2026-09-16 03:47:36.539 UTC 003c INFO[0m [Consensus2] [34;1mprocessCommits[0m -> 2 collected 2 commits from [4 3]
2026-09-16T03:47:36.539144563Z [34m2026-09-16 03:47:36.539 UTC 003e INFO[0m [Consensus3] [34;1mdecide[0m -> Deciding on seq 4
2026-09-16T03:47:36.539145225Z [34m2026-09-16 03:47:36.539 UTC 003f INFO[0m [Consensus3] [34;1mstartNextSeq[0m -> Sequence: 4-->5
2026-09-16T03:47:36.539145854Z [34m2026-09-16 03:47:36.539 UTC 003d INFO[0m [Consensus2] [34;1mprepared[0m -> 2 processed commits for proposal with seq 4
2026-09-16T03:47:36.539153521Z [34m2026-09-16 03:47:36.539 UTC 003e INFO[0m [Consensus2] [34;1mdecide[0m -> Deciding on seq 4
2026-09-16T03:47:36.539154351Z [34m2026-09-16 03:47:36.539 UTC 003f INFO[0m [Consensus2] [34;1mstartNextSeq[0m -> Sequence: 4-->5
2026-09-16T03:47:36.539154993Z [34m2026-09-16 03:47:36.539 UTC 0044 INFO[0m [Consensus1] [34;1mprocessCommits[0m -> 1 collected 2 commits from [4 2]
2026-09-16T03:47:36.539155664Z [34m2026-09-16 03:47:36.539 UTC 0045 INFO[0m [Consensus1] [34;1mprepared[0m -> 1 processed commits for proposal with seq 4
2026-09-16T03:47:36.539156271Z [34m2026-09-16 03:47:36.539 UTC 0046 INFO[0m [Consensus1] [34;1mdecide[0m -> Deciding on seq 4
2026-09-16T03:47:36.539156956Z [34m2026-09-16 03:47:36.539 UTC 0047 INFO[0m [Consensus1] [34;1mstartNextSeq[0m -> Sequence: 4-->5
2026-09-16T03:47:36.539247800Z [34m2026-09-16 03:47:36.539 UTC 003c INFO[0m [Consensus4] [34;1mprocessCommits[0m -> 4 collected 2 commits from [1 2]
2026-09-16T03:47:36.539252227Z [34m2026-09-16 03:47:36.539 UTC 003d INFO[0m [Consensus4] [34;1mprepared[0m -> 4 processed commits for proposal with seq 4
2026-09-16T03:47:36.539253360Z [34m2026-09-16 03:47:36.539 UTC 003e INFO[0m [Consensus4] [34;1mdecide[0m -> Deciding on seq 4
2026-09-16T03:47:36.539254200Z [34m2026-09-16 03:47:36.539 UTC 003f INFO[0m [Consensus4] [34;1mstartNextSeq[0m -> Sequence: 4-->5
2026-09-16T03:47:36.542734648Z [34m2026-09-16 03:47:36.542 UTC 004b INFO[0m [Assembler3] [34;1mfunc3[0m -> Decision 4, with 1 AvailableCommonBlocks
2026-09-16T03:47:36.542743438Z [34m2026-09-16 03:47:36.542 UTC 004c INFO[0m [Assembler3] [34;1mfunc3[0m -> BA index: 0; BatchID: Sh,Pr,Sq,Dg: <1,2,3,710b3381c14daf0c2616c999ebc29eff662eb44990f7841586f6b1683f1d7839>; Common Block: Number: 4, PreviousHash: 171dbaa2acc2b5189de67b790310d3acd21dc307c0d2110e509d972228c4a980, DataHash: 710b3381c14daf0c2616c999ebc29eff662eb44990f7841586f6b1683f1d7839; BA block signers: [4 2 3]
2026-09-16T03:47:36.542827505Z [34m2026-09-16 03:47:36.542 UTC 004b INFO[0m [Assembler1] [34;1mfunc3[0m -> Decision 4, with 1 AvailableCommonBlocks
2026-09-16T03:47:36.542829787Z [34m2026-09-16 03:47:36.542 UTC 004c INFO[0m [Assembler1] [34;1mfunc3[0m -> BA index: 0; BatchID: Sh,Pr,Sq,Dg: <1,2,3,710b3381c14daf0c2616c999ebc29eff662eb44990f7841586f6b1683f1d7839>; Common Block: Number: 4, PreviousHash: 171dbaa2acc2b5189de67b790310d3acd21dc307c0d2110e509d972228c4a980, DataHash: 710b3381c14daf0c2616c999ebc29eff662eb44990f7841586f6b1683f1d7839; BA block signers: [4 2 1]
2026-09-16T03:47:36.542906580Z [34m2026-09-16 03:47:36.542 UTC 004b INFO[0m [Assembler2] [34;1mfunc3[0m -> Decision 4, with 1 AvailableCommonBlocks
2026-09-16T03:47:36.542960894Z [34m2026-09-16 03:47:36.542 UTC 004c INFO[0m [Assembler2] [34;1mfunc3[0m -> BA index: 0; BatchID: Sh,Pr,Sq,Dg: <1,2,3,710b3381c14daf0c2616c999ebc29eff662eb44990f7841586f6b1683f1d7839>; Common Block: Number: 4, PreviousHash: 171dbaa2acc2b5189de67b790310d3acd21dc307c0d2110e509d972228c4a980, DataHash: 710b3381c14daf0c2616c999ebc29eff662eb44990f7841586f6b1683f1d7839; BA block signers: [4 3 2]
2026-09-16T03:47:36.544357945Z [34m2026-09-16 03:47:36.544 UTC 004b INFO[0m [Assembler4] [34;1mfunc3[0m -> Decision 4, with 1 AvailableCommonBlocks
2026-09-16T03:47:36.544366446Z [34m2026-09-16 03:47:36.544 UTC 004c INFO[0m [Assembler4] [34;1mfunc3[0m -> BA index: 0; BatchID: Sh,Pr,Sq,Dg: <1,2,3,710b3381c14daf0c2616c999ebc29eff662eb44990f7841586f6b1683f1d7839>; Common Block: Number: 4, PreviousHash: 171dbaa2acc2b5189de67b790310d3acd21dc307c0d2110e509d972228c4a980, DataHash: 710b3381c14daf0c2616c999ebc29eff662eb44990f7841586f6b1683f1d7839; BA block signers: [1 2 4]
2026-09-16T03:47:36.547677781Z [34m2026-09-16 03:47:36.547 UTC 004d INFO[0m [Assembler2] [34;1mfunc1[0m -> Appended block 4 of 50 requests to ledger in 4.548453ms
2026-09-16T03:47:36.547689723Z [34m2026-09-16 03:47:36.547 UTC 004d INFO[0m [Assembler3] [34;1mfunc1[0m -> Appended block 4 of 50 requests to ledger in 4.804683ms
2026-09-16T03:47:36.547691441Z [34m2026-09-16 03:47:36.547 UTC 004d INFO[0m [Assembler1] [34;1mfunc1[0m -> Appended block 4 of 50 requests to ledger in 4.722176ms
2026-09-16T03:47:36.548658186Z [34m2026-09-16 03:47:36.548 UTC 004d INFO[0m [Assembler4] [34;1mfunc1[0m -> Appended block 4 of 50 requests to ledger in 4.270616ms
2026-09-16T03:47:37.412113296Z [34m2026-09-16 03:47:37.411 UTC 0046 INFO[0m [Batcher4Shard1] [34;1mtrackMetrics[0m -> BATCHER_METRICS party_id=4, shard_id=1, role=secondary, interval_s=10.00, batches_created_interval=4, batches_created_rate=0.4000, batches_created_total=4, batches_pulled_interval=4, batches_pulled_rate=0.4000, batches_pulled_total=4, first_resends_interval=0, first_resends_rate=0.0000, first_resends_total=0, txs_total=119, mempool_size=46, router_txs_total=165, role_changes_total=0, complaints_total=0, batch_mempool_next_requests_latency_avg_seconds=0.000000, batch_verify_latency_avg_seconds=0.000182, batch_hashing_latency_avg_seconds=0.000004, batch_ledger_header_hashing_latency_avg_seconds=0.000004, batch_ledger_append_latency_avg_seconds=0.004833
2026-09-16T03:47:37.412157358Z [34m2026-09-16 03:47:37.412 UTC 0046 INFO[0m [Batcher1Shard1] [34;1mtrackMetrics[0m -> BATCHER_METRICS party_id=1, shard_id=1, role=secondary, interval_s=10.00, batches_created_interval=4, batches_created_rate=0.4000, batches_created_total=4, batches_pulled_interval=4, batches_pulled_rate=0.4000, batches_pulled_total=4, first_resends_interval=0, first_resends_rate=0.0000, first_resends_total=0, txs_total=119, mempool_size=46, router_txs_total=165, role_changes_total=0, complaints_total=0, batch_mempool_next_requests_latency_avg_seconds=0.000000, batch_verify_latency_avg_seconds=0.000197, batch_hashing_latency_avg_seconds=0.000003, batch_ledger_header_hashing_latency_avg_seconds=0.000004, batch_ledger_append_latency_avg_seconds=0.003871
2026-09-16T03:47:37.413065846Z [34m2026-09-16 03:47:37.412 UTC 0042 INFO[0m [Batcher2Shard1] [34;1mtrackMetrics[0m -> BATCHER_METRICS party_id=2, shard_id=1, role=primary, interval_s=10.00, batches_created_interval=4, batches_created_rate=0.4000, batches_created_total=4, batches_pulled_interval=0, batches_pulled_rate=0.0000, batches_pulled_total=0, first_resends_interval=0, first_resends_rate=0.0000, first_resends_total=0, txs_total=119, mempool_size=46, router_txs_total=165, role_changes_total=0, complaints_total=0, batch_mempool_next_requests_latency_avg_seconds=1.000651, batch_verify_latency_avg_seconds=0.000000, batch_hashing_latency_avg_seconds=0.000009, batch_ledger_header_hashing_latency_avg_seconds=0.000002, batch_ledger_append_latency_avg_seconds=0.004423
2026-09-16T03:47:37.413261565Z [34m2026-09-16 03:47:37.413 UTC 0046 INFO[0m [Batcher3Shard1] [34;1mtrackMetrics[0m -> BATCHER_METRICS party_id=3, shard_id=1, role=secondary, interval_s=10.00, batches_created_interval=4, batches_created_rate=0.4000, batches_created_total=4, batches_pulled_interval=4, batches_pulled_rate=0.4000, batches_pulled_total=4, first_resends_interval=0, first_resends_rate=0.0000, first_resends_total=0, txs_total=119, mempool_size=46, router_txs_total=165, role_changes_total=0, complaints_total=0, batch_mempool_next_requests_latency_avg_seconds=0.000000, batch_verify_latency_avg_seconds=0.000228, batch_hashing_latency_avg_seconds=0.000003, batch_ledger_header_hashing_latency_avg_seconds=0.000003, batch_ledger_append_latency_avg_seconds=0.004073
2026-09-16T03:47:37.498835940Z [34m2026-09-16 03:47:37.498 UTC 0043 INFO[0m [Batcher2Shard1] [34;1mrunPrimary[0m -> Batcher batched a total of 50 requests for sequence 4
2026-09-16T03:47:37.502020378Z [34m2026-09-16 03:47:37.501 UTC 0044 INFO[0m [Batcher2Shard1] [34;1mSendBAF[0m -> Sending batch attestation fragment for seq 4 with digest f85036aa2315e74d90b4224cfca3864aa0fc1ae013012a71dc4f76b6afc2523f
2026-09-16T03:47:37.502034761Z [34m2026-09-16 03:47:37.501 UTC 0045 INFO[0m [Batcher2Shard1] [34;1mfunc1[0m -> Sending control event took 40.912µs
2026-09-16T03:47:37.502166501Z [34m2026-09-16 03:47:37.502 UTC 0046 INFO[0m [Batcher2Shard1] [34;1mfunc1[0m -> Sending control event took 33.87µs
2026-09-16T03:47:37.502175108Z [34m2026-09-16 03:47:37.502 UTC 0047 INFO[0m [Batcher2Shard1] [34;1mfunc1[0m -> Sending control event took 14.803µs
2026-09-16T03:47:37.502317209Z [34m2026-09-16 03:47:37.502 UTC 0048 INFO[0m [Batcher2Shard1] [34;1mfunc1[0m -> Sending control event took 12.399µs
2026-09-16T03:47:37.502323319Z [34m2026-09-16 03:47:37.502 UTC 0047 INFO[0m [Batcher3Shard1] [34;1mfunc3[0m -> [shard1party2-arma] Fetched batch 4 with 50 transactions
2026-09-16T03:47:37.502325052Z [34m2026-09-16 03:47:37.502 UTC 0047 INFO[0m [Batcher1Shard1] [34;1mfunc3[0m -> [shard1party2-arma] Fetched batch 4 with 50 transactions
2026-09-16T03:47:37.502326150Z [34m2026-09-16 03:47:37.502 UTC 0049 INFO[0m [Batcher2Shard1] [34;1mBroadcastControlEvent[0m -> Control event sent to quorum (4 out of 4)
2026-09-16T03:47:37.502327084Z [34m2026-09-16 03:47:37.502 UTC 004e INFO[0m [Assembler2] [34;1mfunc3[0m -> Assembler pulled from 172.29.0.10:6124 batch Sh,Pr,Sq,Dg: <1,2,4,f85036aa2315e74d90b4224cfca3864aa0fc1ae013012a71dc4f76b6afc2523f>
2026-09-16T03:47:37.502477748Z [34m2026-09-16 03:47:37.502 UTC 0047 INFO[0m [Batcher4Shard1] [34;1mfunc3[0m -> [shard1party2-arma] Fetched batch 4 with 50 transactions
2026-09-16T03:47:37.502483510Z [34m2026-09-16 03:47:37.502 UTC 0048 INFO[0m [Batcher3Shard1] [34;1mrunSecondary[0m -> Secondary batcher 3 (shard 1; current primary 2) appending to ledger batch with seq 4 and 50 requests
2026-09-16T03:47:37.502512781Z [34m2026-09-16 03:47:37.502 UTC 0048 INFO[0m [Batcher1Shard1] [34;1mrunSecondary[0m -> Secondary batcher 1 (shard 1; current primary 2) appending to ledger batch with seq 4 and 50 requests
2026-09-16T03:47:37.502676115Z [34m2026-09-16 03:47:37.502 UTC 0048 INFO[0m [Batcher4Shard1] [34;1mrunSecondary[0m -> Secondary batcher 4 (shard 1; current primary 2) appending to ledger batch with seq 4 and 50 requests
2026-09-16T03:47:37.505498373Z [34m2026-09-16 03:47:37.505 UTC 0049 INFO[0m [Batcher1Shard1] [34;1mSendBAF[0m -> Sending batch attestation fragment for seq 4 with digest f85036aa2315e74d90b4224cfca3864aa0fc1ae013012a71dc4f76b6afc2523f
2026-09-16T03:47:37.505507321Z [34m2026-09-16 03:47:37.505 UTC 004a INFO[0m [Batcher1Shard1] [34;1mfunc1[0m -> Sending control event took 10.019µs
2026-09-16T03:47:37.505509002Z [34m2026-09-16 03:47:37.505 UTC 004b INFO[0m [Batcher1Shard1] [34;1mfunc1[0m -> Sending control event took 2.6µs
2026-09-16T03:47:37.505510160Z [34m2026-09-16 03:47:37.505 UTC 0049 INFO[0m [Batcher4Shard1] [34;1mSendBAF[0m -> Sending batch attestation fragment for seq 4 with digest f85036aa2315e74d90b4224cfca3864aa0fc1ae013012a71dc4f76b6afc2523f
2026-09-16T03:47:37.505511185Z [34m2026-09-16 03:47:37.505 UTC 0049 INFO[0m [Batcher3Shard1] [34;1mSendBAF[0m -> Sending batch attestation fragment for seq 4 with digest f85036aa2315e74d90b4224cfca3864aa0fc1ae013012a71dc4f76b6afc2523f
2026-09-16T03:47:37.505512206Z [34m2026-09-16 03:47:37.505 UTC 004c INFO[0m [Batcher1Shard1] [34;1mfunc1[0m -> Sending control event took 12.628µs
2026-09-16T03:47:37.505513039Z [34m2026-09-16 03:47:37.505 UTC 004a INFO[0m [Batcher4Shard1] [34;1mfunc1[0m -> Sending control event took 9.924µs
2026-09-16T03:47:37.505513854Z [34m2026-09-16 03:47:37.505 UTC 004a INFO[0m [Batcher3Shard1] [34;1mfunc1[0m -> Sending control event took 7.415µs
2026-09-16T03:47:37.505514640Z [34m2026-09-16 03:47:37.505 UTC 004c INFO[0m [Batcher4Shard1] [34;1mfunc1[0m -> Sending control event took 2.517µs
2026-09-16T03:47:37.505515453Z [34m2026-09-16 03:47:37.505 UTC 004b INFO[0m [Batcher4Shard1] [34;1mfunc1[0m -> Sending control event took 17.362µs
2026-09-16T03:47:37.505867489Z [34m2026-09-16 03:47:37.505 UTC 004d INFO[0m [Batcher4Shard1] [34;1mfunc1[0m -> Sending control event took 3.079µs
2026-09-16T03:47:37.505878235Z [34m2026-09-16 03:47:37.505 UTC 004b INFO[0m [Batcher3Shard1] [34;1mfunc1[0m -> Sending control event took 3.643µs
2026-09-16T03:47:37.505879382Z [34m2026-09-16 03:47:37.505 UTC 004c INFO[0m [Batcher3Shard1] [34;1mfunc1[0m -> Sending control event took 41.255µs
2026-09-16T03:47:37.505880198Z [34m2026-09-16 03:47:37.505 UTC 004e INFO[0m [Batcher4Shard1] [34;1mBroadcastControlEvent[0m -> Control event sent to quorum (4 out of 4)
2026-09-16T03:47:37.505880925Z [34m2026-09-16 03:47:37.505 UTC 004d INFO[0m [Batcher3Shard1] [34;1mfunc1[0m -> Sending control event took 72.19µs
2026-09-16T03:47:37.505886893Z [34m2026-09-16 03:47:37.505 UTC 004e INFO[0m [Batcher3Shard1] [34;1mBroadcastControlEvent[0m -> Control event sent to quorum (4 out of 4)
2026-09-16T03:47:37.505898211Z [34m2026-09-16 03:47:37.505 UTC 004d INFO[0m [Batcher1Shard1] [34;1mfunc1[0m -> Sending control event took 87.026µs
2026-09-16T03:47:37.505899554Z [34m2026-09-16 03:47:37.505 UTC 004e INFO[0m [Batcher1Shard1] [34;1mBroadcastControlEvent[0m -> Control event sent to quorum (4 out of 4)
2026-09-16T03:47:37.505900515Z [34m2026-09-16 03:47:37.505 UTC 004e INFO[0m [Assembler3] [34;1mfunc3[0m -> Assembler pulled from 172.29.0.10:6224 batch Sh,Pr,Sq,Dg: <1,2,4,f85036aa2315e74d90b4224cfca3864aa0fc1ae013012a71dc4f76b6afc2523f>
2026-09-16T03:47:37.505901394Z [34m2026-09-16 03:47:37.505 UTC 004e INFO[0m [Assembler1] [34;1mfunc3[0m -> Assembler pulled from 172.29.0.10:6024 batch Sh,Pr,Sq,Dg: <1,2,4,f85036aa2315e74d90b4224cfca3864aa0fc1ae013012a71dc4f76b6afc2523f>
2026-09-16T03:47:37.505902129Z [34m2026-09-16 03:47:37.505 UTC 004e INFO[0m [Assembler4] [34;1mfunc3[0m -> Assembler pulled from 172.29.0.10:6324 batch Sh,Pr,Sq,Dg: <1,2,4,f85036aa2315e74d90b4224cfca3864aa0fc1ae013012a71dc4f76b6afc2523f>
2026-09-16T03:47:37.544407570Z [34m2026-09-16 03:47:37.544 UTC 0048 INFO[0m [Consensus1] [34;1mAssembleProposal[0m -> Creating proposal with 1 attestations and new state: State{N: 4, Quorum: 3, Threshold: 2, ShardCount: 1, 
2026-09-16T03:47:37.544429604Z Pending: none, 
2026-09-16T03:47:37.544431083Z Complaints: none}
2026-09-16T03:47:37.544435237Z [34m2026-09-16 03:47:37.544 UTC 0049 INFO[0m [Consensus1] [34;1mAssembleProposal[0m -> Proposing available common data block: number=5, prevHash=f5fd987bff7a6d9875857f6e86271a22a1d65564c50924721d4de406481468f6, dataHash=f85036aa2315e74d90b4224cfca3864aa0fc1ae013012a71dc4f76b6afc2523f, numOfReqs=50, decisionNum=5, blockIndex=0/1, lastConfigBlockNum=0
2026-09-16T03:47:37.547354012Z [34m2026-09-16 03:47:37.547 UTC 004a INFO[0m [Consensus1] [34;1mprocessProposal[0m -> Processed proposal with seq 5
2026-09-16T03:47:37.549424019Z [34m2026-09-16 03:47:37.549 UTC 0040 INFO[0m [Consensus4] [34;1mprocessProposal[0m -> Processed proposal with seq 5
2026-09-16T03:47:37.550707733Z [34m2026-09-16 03:47:37.550 UTC 0040 INFO[0m [Consensus3] [34;1mprocessProposal[0m -> Processed proposal with seq 5
2026-09-16T03:47:37.550717497Z [34m2026-09-16 03:47:37.550 UTC 0040 INFO[0m [Consensus2] [34;1mprocessProposal[0m -> Processed proposal with seq 5
2026-09-16T03:47:37.550719117Z [34m2026-09-16 03:47:37.550 UTC 0041 INFO[0m [Consensus3] [34;1mprocessPrepares[0m -> 3 collected 2 prepares from [1 4]
2026-09-16T03:47:37.550882902Z [34m2026-09-16 03:47:37.550 UTC 0041 INFO[0m [Consensus2] [34;1mprocessPrepares[0m -> 2 collected 2 prepares from [1 4]
2026-09-16T03:47:37.550886098Z [34m2026-09-16 03:47:37.550 UTC 004b INFO[0m [Consensus1] [34;1mprocessPrepares[0m -> 1 collected 2 prepares from [4 2]
2026-09-16T03:47:37.550986311Z [34m2026-09-16 03:47:37.550 UTC 0041 INFO[0m [Consensus4] [34;1mprocessPrepares[0m -> 4 collected 2 prepares from [1 3]
2026-09-16T03:47:37.552416216Z [34m2026-09-16 03:47:37.552 UTC 0042 INFO[0m [Consensus4] [34;1mprocessPrepares[0m -> Processed prepares for proposal with seq 5
2026-09-16T03:47:37.553746633Z [34m2026-09-16 03:47:37.553 UTC 0042 INFO[0m [Consensus2] [34;1mprocessPrepares[0m -> Processed prepares for proposal with seq 5
2026-09-16T03:47:37.553752654Z [34m2026-09-16 03:47:37.553 UTC 0042 INFO[0m [Consensus3] [34;1mprocessPrepares[0m -> Processed prepares for proposal with seq 5
2026-09-16T03:47:37.553753623Z [34m2026-09-16 03:47:37.553 UTC 004c INFO[0m [Consensus1] [34;1mprocessPrepares[0m -> Processed prepares for proposal with seq 5
2026-09-16T03:47:37.554144694Z [34m2026-09-16 03:47:37.554 UTC 0043 INFO[0m [Consensus3] [34;1mprocessCommits[0m -> 3 collected 2 commits from [4 2]
2026-09-16T03:47:37.554150708Z [34m2026-09-16 03:47:37.554 UTC 0044 INFO[0m [Consensus3] [34;1mprepared[0m -> 3 processed commits for proposal with seq 5
2026-09-16T03:47:37.554152310Z [34m2026-09-16 03:47:37.554 UTC 0045 INFO[0m [Consensus3] [34;1mdecide[0m -> Deciding on seq 5
2026-09-16T03:47:37.554153435Z [34m2026-09-16 03:47:37.554 UTC 0046 INFO[0m [Consensus3] [34;1mstartNextSeq[0m -> Sequence: 5-->6
2026-09-16T03:47:37.554154313Z [34m2026-09-16 03:47:37.554 UTC 0043 INFO[0m [Consensus2] [34;1mprocessCommits[0m -> 2 collected 2 commits from [4 1]
2026-09-16T03:47:37.554155063Z [34m2026-09-16 03:47:37.554 UTC 0044 INFO[0m [Consensus2] [34;1mprepared[0m -> 2 processed commits for proposal with seq 5
2026-09-16T03:47:37.554155749Z [34m2026-09-16 03:47:37.554 UTC 0045 INFO[0m [Consensus2] [34;1mdecide[0m -> Deciding on seq 5
2026-09-16T03:47:37.554156446Z [34m2026-09-16 03:47:37.554 UTC 0046 INFO[0m [Consensus2] [34;1mstartNextSeq[0m -> Sequence: 5-->6
2026-09-16T03:47:37.554157098Z [34m2026-09-16 03:47:37.554 UTC 004d INFO[0m [Consensus1] [34;1mprocessCommits[0m -> 1 collected 2 commits from [4 3]
2026-09-16T03:47:37.554157813Z [34m2026-09-16 03:47:37.554 UTC 004e INFO[0m [Consensus1] [34;1mprepared[0m -> 1 processed commits for proposal with seq 5
2026-09-16T03:47:37.554158499Z [34m2026-09-16 03:47:37.554 UTC 0043 INFO[0m [Consensus4] [34;1mprocessCommits[0m -> 4 collected 2 commits from [1 2]
2026-09-16T03:47:37.554159133Z [34m2026-09-16 03:47:37.554 UTC 004f INFO[0m [Consensus1] [34;1mdecide[0m -> Deciding on seq 5
2026-09-16T03:47:37.554159773Z [34m2026-09-16 03:47:37.554 UTC 0044 INFO[0m [Consensus4] [34;1mprepared[0m -> 4 processed commits for proposal with seq 5
2026-09-16T03:47:37.554162288Z [34m2026-09-16 03:47:37.554 UTC 0050 INFO[0m [Consensus1] [34;1mstartNextSeq[0m -> Sequence: 5-->6
2026-09-16T03:47:37.554167446Z [34m2026-09-16 03:47:37.554 UTC 0045 INFO[0m [Consensus4] [34;1mdecide[0m -> Deciding on seq 5
2026-09-16T03:47:37.554168286Z [34m2026-09-16 03:47:37.554 UTC 0046 INFO[0m [Consensus4] [34;1mstartNextSeq[0m -> Sequence: 5-->6
2026-09-16T03:47:37.559967945Z [34m2026-09-16 03:47:37.559 UTC 004f INFO[0m [Assembler1] [34;1mfunc3[0m -> Decision 5, with 1 AvailableCommonBlocks
2026-09-16T03:47:37.560052193Z [34m2026-09-16 03:47:37.559 UTC 0050 INFO[0m [Assembler1] [34;1mfunc3[0m -> BA index: 0; BatchID: Sh,Pr,Sq,Dg: <1,2,4,f85036aa2315e74d90b4224cfca3864aa0fc1ae013012a71dc4f76b6afc2523f>; Common Block: Number: 5, PreviousHash: f5fd987bff7a6d9875857f6e86271a22a1d65564c50924721d4de406481468f6, DataHash: f85036aa2315e74d90b4224cfca3864aa0fc1ae013012a71dc4f76b6afc2523f; BA block signers: [4 3 1]
2026-09-16T03:47:37.560060058Z [34m2026-09-16 03:47:37.559 UTC 004f INFO[0m [Assembler4] [34;1mfunc3[0m -> Decision 5, with 1 AvailableCommonBlocks
2026-09-16T03:47:37.560061817Z [34m2026-09-16 03:47:37.560 UTC 0050 INFO[0m [Assembler4] [34;1mfunc3[0m -> BA index: 0; BatchID: Sh,Pr,Sq,Dg: <1,2,4,f85036aa2315e74d90b4224cfca3864aa0fc1ae013012a71dc4f76b6afc2523f>; Common Block: Number: 5, PreviousHash: f5fd987bff7a6d9875857f6e86271a22a1d65564c50924721d4de406481468f6, DataHash: f85036aa2315e74d90b4224cfca3864aa0fc1ae013012a71dc4f76b6afc2523f; BA block signers: [1 2 4]
2026-09-16T03:47:37.560165342Z [34m2026-09-16 03:47:37.560 UTC 004f INFO[0m [Assembler3] [34;1mfunc3[0m -> Decision 5, with 1 AvailableCommonBlocks
2026-09-16T03:47:37.560170977Z [34m2026-09-16 03:47:37.560 UTC 004f INFO[0m [Assembler2] [34;1mfunc3[0m -> Decision 5, with 1 AvailableCommonBlocks
2026-09-16T03:47:37.560172607Z [34m2026-09-16 03:47:37.560 UTC 0050 INFO[0m [Assembler3] [34;1mfunc3[0m -> BA index: 0; BatchID: Sh,Pr,Sq,Dg: <1,2,4,f85036aa2315e74d90b4224cfca3864aa0fc1ae013012a71dc4f76b6afc2523f>; Common Block: Number: 5, PreviousHash: f5fd987bff7a6d9875857f6e86271a22a1d65564c50924721d4de406481468f6, DataHash: f85036aa2315e74d90b4224cfca3864aa0fc1ae013012a71dc4f76b6afc2523f; BA block signers: [4 2 3]
2026-09-16T03:47:37.560173938Z [34m2026-09-16 03:47:37.560 UTC 0050 INFO[0m [Assembler2] [34;1mfunc3[0m -> BA index: 0; BatchID: Sh,Pr,Sq,Dg: <1,2,4,f85036aa2315e74d90b4224cfca3864aa0fc1ae013012a71dc4f76b6afc2523f>; Common Block: Number: 5, PreviousHash: f5fd987bff7a6d9875857f6e86271a22a1d65564c50924721d4de406481468f6, DataHash: f85036aa2315e74d90b4224cfca3864aa0fc1ae013012a71dc4f76b6afc2523f; BA block signers: [4 1 2]
2026-09-16T03:47:37.564083004Z [34m2026-09-16 03:47:37.563 UTC 0051 INFO[0m [Assembler4] [34;1mfunc1[0m -> Appended block 5 of 50 requests to ledger in 3.901757ms
2026-09-16T03:47:37.564097473Z [34m2026-09-16 03:47:37.563 UTC 0051 INFO[0m [Assembler2] [34;1mfunc1[0m -> Appended block 5 of 50 requests to ledger in 3.796283ms
2026-09-16T03:47:37.564099132Z [34m2026-09-16 03:47:37.563 UTC 0051 INFO[0m [Assembler1] [34;1mfunc1[0m -> Appended block 5 of 50 requests to ledger in 3.974213ms
2026-09-16T03:47:37.564100095Z [34m2026-09-16 03:47:37.563 UTC 0051 INFO[0m [Assembler3] [34;1mfunc1[0m -> Appended block 5 of 50 requests to ledger in 3.841907ms
2026-09-16T03:47:38.503000870Z [34m2026-09-16 03:47:38.502 UTC 004a INFO[0m [Batcher2Shard1] [34;1mrunPrimary[0m -> Batcher batched a total of 50 requests for sequence 5
2026-09-16T03:47:38.506965761Z [34m2026-09-16 03:47:38.506 UTC 004b INFO[0m [Batcher2Shard1] [34;1mSendBAF[0m -> Sending batch attestation fragment for seq 5 with digest 7a576480d4753ba213e3170d3eab5e276d72d4757e673e28360d27644305cf3c
2026-09-16T03:47:38.506979574Z [34m2026-09-16 03:47:38.506 UTC 004c INFO[0m [Batcher2Shard1] [34;1mfunc1[0m -> Sending control event took 21.678µs
2026-09-16T03:47:38.506982058Z [34m2026-09-16 03:47:38.506 UTC 004d INFO[0m [Batcher2Shard1] [34;1mfunc1[0m -> Sending control event took 20.511µs
2026-09-16T03:47:38.506983755Z [34m2026-09-16 03:47:38.506 UTC 004e INFO[0m [Batcher2Shard1] [34;1mfunc1[0m -> Sending control event took 4.096µs
2026-09-16T03:47:38.507010536Z [34m2026-09-16 03:47:38.506 UTC 004f INFO[0m [Batcher2Shard1] [34;1mfunc1[0m -> Sending control event took 3.671µs
2026-09-16T03:47:38.507017852Z [34m2026-09-16 03:47:38.506 UTC 0050 INFO[0m [Batcher2Shard1] [34;1mBroadcastControlEvent[0m -> Control event sent to quorum (4 out of 4)
2026-09-16T03:47:38.507019295Z [34m2026-09-16 03:47:38.506 UTC 004f INFO[0m [Batcher3Shard1] [34;1mfunc3[0m -> [shard1party2-arma] Fetched batch 5 with 50 transactions
2026-09-16T03:47:38.507194181Z [34m2026-09-16 03:47:38.507 UTC 004f INFO[0m [Batcher1Shard1] [34;1mfunc3[0m -> [shard1party2-arma] Fetched batch 5 with 50 transactions
2026-09-16T03:47:38.507200376Z [34m2026-09-16 03:47:38.507 UTC 004f INFO[0m [Batcher4Shard1] [34;1mfunc3[0m -> [shard1party2-arma] Fetched batch 5 with 50 transactions
2026-09-16T03:47:38.507481721Z [34m2026-09-16 03:47:38.507 UTC 0052 INFO[0m [Assembler2] [34;1mfunc3[0m -> Assembler pulled from 172.29.0.10:6124 batch Sh,Pr,Sq,Dg: <1,2,5,7a576480d4753ba213e3170d3eab5e276d72d4757e673e28360d27644305cf3c>
2026-09-16T03:47:38.507486199Z [34m2026-09-16 03:47:38.507 UTC 0050 INFO[0m [Batcher3Shard1] [34;1mrunSecondary[0m -> Secondary batcher 3 (shard 1; current primary 2) appending to ledger batch with seq 5 and 50 requests
2026-09-16T03:47:38.507487366Z [34m2026-09-16 03:47:38.507 UTC 0050 INFO[0m [Batcher4Shard1] [34;1mrunSecondary[0m -> Secondary batcher 4 (shard 1; current primary 2) appending to ledger batch with seq 5 and 50 requests
2026-09-16T03:47:38.507488187Z [34m2026-09-16 03:47:38.507 UTC 0050 INFO[0m [Batcher1Shard1] [34;1mrunSecondary[0m -> Secondary batcher 1 (shard 1; current primary 2) appending to ledger batch with seq 5 and 50 requests
2026-09-16T03:47:38.510841446Z [34m2026-09-16 03:47:38.510 UTC 0051 INFO[0m [Batcher1Shard1] [34;1mSendBAF[0m -> Sending batch attestation fragment for seq 5 with digest 7a576480d4753ba213e3170d3eab5e276d72d4757e673e28360d27644305cf3c
2026-09-16T03:47:38.510851919Z [34m2026-09-16 03:47:38.510 UTC 0051 INFO[0m [Batcher3Shard1] [34;1mSendBAF[0m -> Sending batch attestation fragment for seq 5 with digest 7a576480d4753ba213e3170d3eab5e276d72d4757e673e28360d27644305cf3c
2026-09-16T03:47:38.510858734Z [34m2026-09-16 03:47:38.510 UTC 0052 INFO[0m [Batcher1Shard1] [34;1mfunc1[0m -> Sending control event took 9.409µs
2026-09-16T03:47:38.510860138Z [34m2026-09-16 03:47:38.510 UTC 0052 INFO[0m [Batcher3Shard1] [34;1mfunc1[0m -> Sending control event took 25.907µs
2026-09-16T03:47:38.510860966Z [34m2026-09-16 03:47:38.510 UTC 0053 INFO[0m [Batcher1Shard1] [34;1mfunc1[0m -> Sending control event took 2.657µs
2026-09-16T03:47:38.510861637Z [34m2026-09-16 03:47:38.510 UTC 0054 INFO[0m [Batcher1Shard1] [34;1mfunc1[0m -> Sending control event took 2.852µs
2026-09-16T03:47:38.510862364Z [34m2026-09-16 03:47:38.510 UTC 0053 INFO[0m [Batcher3Shard1] [34;1mfunc1[0m -> Sending control event took 2.749µs
2026-09-16T03:47:38.510863017Z [34m2026-09-16 03:47:38.510 UTC 0054 INFO[0m [Batcher3Shard1] [34;1mfunc1[0m -> Sending control event took 2.261µs
2026-09-16T03:47:38.510863682Z [34m2026-09-16 03:47:38.510 UTC 0055 INFO[0m [Batcher1Shard1] [34;1mfunc1[0m -> Sending control event took 6.645µs
2026-09-16T03:47:38.510864338Z [34m2026-09-16 03:47:38.510 UTC 0056 INFO[0m [Batcher1Shard1] [34;1mBroadcastControlEvent[0m -> Control event sent to quorum (4 out of 4)
2026-09-16T03:47:38.510991998Z [34m2026-09-16 03:47:38.510 UTC 0052 INFO[0m [Assembler3] [34;1mfunc3[0m -> Assembler pulled from 172.29.0.10:6224 batch Sh,Pr,Sq,Dg: <1,2,5,7a576480d4753ba213e3170d3eab5e276d72d4757e673e28360d27644305cf3c>
2026-09-16T03:47:38.511287148Z [34m2026-09-16 03:47:38.511 UTC 0052 INFO[0m [Assembler1] [34;1mfunc3[0m -> Assembler pulled from 172.29.0.10:6024 batch Sh,Pr,Sq,Dg: <1,2,5,7a576480d4753ba213e3170d3eab5e276d72d4757e673e28360d27644305cf3c>
2026-09-16T03:47:38.511450806Z [34m2026-09-16 03:47:38.510 UTC 0055 INFO[0m [Batcher3Shard1] [34;1mfunc1[0m -> Sending control event took 10.842µs
2026-09-16T03:47:38.511881767Z [34m2026-09-16 03:47:38.511 UTC 0056 INFO[0m [Batcher3Shard1] [34;1mBroadcastControlEvent[0m -> Control event sent to quorum (4 out of 4)
2026-09-16T03:47:38.512015143Z [34m2026-09-16 03:47:38.511 UTC 0051 INFO[0m [Batcher4Shard1] [34;1mSendBAF[0m -> Sending batch attestation fragment for seq 5 with digest 7a576480d4753ba213e3170d3eab5e276d72d4757e673e28360d27644305cf3c
2026-09-16T03:47:38.512021018Z [34m2026-09-16 03:47:38.511 UTC 0052 INFO[0m [Batcher4Shard1] [34;1mfunc1[0m -> Sending control event took 7.737µs
2026-09-16T03:47:38.512022301Z [34m2026-09-16 03:47:38.511 UTC 0053 INFO[0m [Batcher4Shard1] [34;1mfunc1[0m -> Sending control event took 2.945µs
2026-09-16T03:47:38.512023157Z [34m2026-09-16 03:47:38.511 UTC 0055 INFO[0m [Batcher4Shard1] [34;1mfunc1[0m -> Sending control event took 2.151µs
2026-09-16T03:47:38.512023831Z [34m2026-09-16 03:47:38.511 UTC 0054 INFO[0m [Batcher4Shard1] [34;1mfunc1[0m -> Sending control event took 11.695µs
2026-09-16T03:47:38.512065171Z [34m2026-09-16 03:47:38.512 UTC 0056 INFO[0m [Batcher4Shard1] [34;1mBroadcastControlEvent[0m -> Control event sent to quorum (4 out of 4)
2026-09-16T03:47:38.512237249Z [34m2026-09-16 03:47:38.512 UTC 0052 INFO[0m [Assembler4] [34;1mfunc3[0m -> Assembler pulled from 172.29.0.10:6324 batch Sh,Pr,Sq,Dg: <1,2,5,7a576480d4753ba213e3170d3eab5e276d72d4757e673e28360d27644305cf3c>
2026-09-16T03:47:38.561723780Z [34m2026-09-16 03:47:38.561 UTC 0051 INFO[0m [Consensus1] [34;1mAssembleProposal[0m -> Creating proposal with 1 attestations and new state: State{N: 4, Quorum: 3, Threshold: 2, ShardCount: 1, 
2026-09-16T03:47:38.561744827Z Pending: none, 
2026-09-16T03:47:38.561746143Z Complaints: none}
2026-09-16T03:47:38.561747155Z [34m2026-09-16 03:47:38.561 UTC 0052 INFO[0m [Consensus1] [34;1mAssembleProposal[0m -> Proposing available common data block: number=6, prevHash=a3e72f4d3209687930c67d32cded3e5720b83e3fe994dccec9faedfd4d226543, dataHash=7a576480d4753ba213e3170d3eab5e276d72d4757e673e28360d27644305cf3c, numOfReqs=50, decisionNum=6, blockIndex=0/1, lastConfigBlockNum=0
2026-09-16T03:47:38.564833274Z [34m2026-09-16 03:47:38.564 UTC 0053 INFO[0m [Consensus1] [34;1mprocessProposal[0m -> Processed proposal with seq 6
2026-09-16T03:47:38.566800870Z [34m2026-09-16 03:47:38.566 UTC 0047 INFO[0m [Consensus2] [34;1mprocessProposal[0m -> Processed proposal with seq 6
2026-09-16T03:47:38.567821024Z [34m2026-09-16 03:47:38.567 UTC 0047 INFO[0m [Consensus3] [34;1mprocessProposal[0m -> Processed proposal with seq 6
2026-09-16T03:47:38.567827410Z [34m2026-09-16 03:47:38.567 UTC 0047 INFO[0m [Consensus4] [34;1mprocessProposal[0m -> Processed proposal with seq 6
2026-09-16T03:47:38.567828626Z [34m2026-09-16 03:47:38.567 UTC 0048 INFO[0m [Consensus4] [34;1mprocessPrepares[0m -> 4 collected 2 prepares from [1 2]
2026-09-16T03:47:38.567829564Z [34m2026-09-16 03:47:38.567 UTC 0048 INFO[0m [Consensus3] [34;1mprocessPrepares[0m -> 3 collected 2 prepares from [1 2]
2026-09-16T03:47:38.568024008Z [34m2026-09-16 03:47:38.567 UTC 0048 INFO[0m [Consensus2] [34;1mprocessPrepares[0m -> 2 collected 2 prepares from [1 3]
2026-09-16T03:47:38.568026732Z [34m2026-09-16 03:47:38.567 UTC 0054 INFO[0m [Consensus1] [34;1mprocessPrepares[0m -> 1 collected 2 prepares from [2 4]
2026-09-16T03:47:38.569257022Z [34m2026-09-16 03:47:38.569 UTC 0049 INFO[0m [Consensus3] [34;1mprocessPrepares[0m -> Processed prepares for proposal with seq 6
2026-09-16T03:47:38.569268009Z [34m2026-09-16 03:47:38.569 UTC 0049 INFO[0m [Consensus4] [34;1mprocessPrepares[0m -> Processed prepares for proposal with seq 6
2026-09-16T03:47:38.569270306Z [34m2026-09-16 03:47:38.569 UTC 0055 INFO[0m [Consensus1] [34;1mprocessPrepares[0m -> Processed prepares for proposal with seq 6
2026-09-16T03:47:38.569271967Z [34m2026-09-16 03:47:38.569 UTC 0049 INFO[0m [Consensus2] [34;1mprocessPrepares[0m -> Processed prepares for proposal with seq 6
2026-09-16T03:47:38.569534156Z [34m2026-09-16 03:47:38.569 UTC 004a INFO[0m [Consensus2] [34;1mprocessCommits[0m -> 2 collected 2 commits from [4 3]
2026-09-16T03:47:38.569539600Z [34m2026-09-16 03:47:38.569 UTC 004b INFO[0m [Consensus2] [34;1mprepared[0m -> 2 processed commits for proposal with seq 6
2026-09-16T03:47:38.569626234Z [34m2026-09-16 03:47:38.569 UTC 004c INFO[0m [Consensus2] [34;1mdecide[0m -> Deciding on seq 6
2026-09-16T03:47:38.569631542Z [34m2026-09-16 03:47:38.569 UTC 004d INFO[0m [Consensus2] [34;1mstartNextSeq[0m -> Sequence: 6-->7
2026-09-16T03:47:38.569632914Z [34m2026-09-16 03:47:38.569 UTC 0056 INFO[0m [Consensus1] [34;1mprocessCommits[0m -> 1 collected 2 commits from [2 3]
2026-09-16T03:47:38.569633635Z [34m2026-09-16 03:47:38.569 UTC 0057 INFO[0m [Consensus1] [34;1mprepared[0m -> 1 processed commits for proposal with seq 6
2026-09-16T03:47:38.569634354Z [34m2026-09-16 03:47:38.569 UTC 0058 INFO[0m [Consensus1] [34;1mdecide[0m -> Deciding on seq 6
2026-09-16T03:47:38.569634974Z [34m2026-09-16 03:47:38.569 UTC 0059 INFO[0m [Consensus1] [34;1mstartNextSeq[0m -> Sequence: 6-->7
2026-09-16T03:47:38.569772708Z [34m2026-09-16 03:47:38.569 UTC 004a INFO[0m [Consensus3] [34;1mprocessCommits[0m -> 3 collected 2 commits from [2 4]
2026-09-16T03:47:38.569781988Z [34m2026-09-16 03:47:38.569 UTC 004b INFO[0m [Consensus3] [34;1mprepared[0m -> 3 processed commits for proposal with seq 6
2026-09-16T03:47:38.569783577Z [34m2026-09-16 03:47:38.569 UTC 004c INFO[0m [Consensus3] [34;1mdecide[0m -> Deciding on seq 6
2026-09-16T03:47:38.569784692Z [34m2026-09-16 03:47:38.569 UTC 004d INFO[0m [Consensus3] [34;1mstartNextSeq[0m -> Sequence: 6-->7
2026-09-16T03:47:38.570300696Z [34m2026-09-16 03:47:38.570 UTC 004a INFO[0m [Consensus4] [34;1mprocessCommits[0m -> 4 collected 2 commits from [1 3]
2026-09-16T03:47:38.570306108Z [34m2026-09-16 03:47:38.570 UTC 004b INFO[0m [Consensus4] [34;1mprepared[0m -> 4 processed commits for proposal with seq 6
2026-09-16T03:47:38.570307699Z [34m2026-09-16 03:47:38.570 UTC 004c INFO[0m [Consensus4] [34;1mdecide[0m -> Deciding on seq 6
2026-09-16T03:47:38.570308679Z [34m2026-09-16 03:47:38.570 UTC 004d INFO[0m [Consensus4] [34;1mstartNextSeq[0m -> Sequence: 6-->7
2026-09-16T03:47:38.573108966Z [34m2026-09-16 03:47:38.573 UTC 0053 INFO[0m [Assembler2] [34;1mfunc3[0m -> Decision 6, with 1 AvailableCommonBlocks
2026-09-16T03:47:38.573114865Z [34m2026-09-16 03:47:38.573 UTC 0054 INFO[0m [Assembler2] [34;1mfunc3[0m -> BA index: 0; BatchID: Sh,Pr,Sq,Dg: <1,2,5,7a576480d4753ba213e3170d3eab5e276d72d4757e673e28360d27644305cf3c>; Common Block: Number: 6, PreviousHash: a3e72f4d3209687930c67d32cded3e5720b83e3fe994dccec9faedfd4d226543, DataHash: 7a576480d4753ba213e3170d3eab5e276d72d4757e673e28360d27644305cf3c; BA block signers: [4 3 2]
2026-09-16T03:47:38.574239758Z [34m2026-09-16 03:47:38.574 UTC 0053 INFO[0m [Assembler3] [34;1mfunc3[0m -> Decision 6, with 1 AvailableCommonBlocks
2026-09-16T03:47:38.574249006Z [34m2026-09-16 03:47:38.574 UTC 0053 INFO[0m [Assembler1] [34;1mfunc3[0m -> Decision 6, with 1 AvailableCommonBlocks
2026-09-16T03:47:38.574250237Z [34m2026-09-16 03:47:38.574 UTC 0054 INFO[0m [Assembler3] [34;1mfunc3[0m -> BA index: 0; BatchID: Sh,Pr,Sq,Dg: <1,2,5,7a576480d4753ba213e3170d3eab5e276d72d4757e673e28360d27644305cf3c>; Common Block: Number: 6, PreviousHash: a3e72f4d3209687930c67d32cded3e5720b83e3fe994dccec9faedfd4d226543, DataHash: 7a576480d4753ba213e3170d3eab5e276d72d4757e673e28360d27644305cf3c; BA block signers: [2 4 3]
2026-09-16T03:47:38.574251297Z [34m2026-09-16 03:47:38.574 UTC 0054 INFO[0m [Assembler1] [34;1mfunc3[0m -> BA index: 0; BatchID: Sh,Pr,Sq,Dg: <1,2,5,7a576480d4753ba213e3170d3eab5e276d72d4757e673e28360d27644305cf3c>; Common Block: Number: 6, PreviousHash: a3e72f4d3209687930c67d32cded3e5720b83e3fe994dccec9faedfd4d226543, DataHash: 7a576480d4753ba213e3170d3eab5e276d72d4757e673e28360d27644305cf3c; BA block signers: [2 3 1]
2026-09-16T03:47:38.574376615Z [34m2026-09-16 03:47:38.574 UTC 0053 INFO[0m [Assembler4] [34;1mfunc3[0m -> Decision 6, with 1 AvailableCommonBlocks
2026-09-16T03:47:38.574381373Z [34m2026-09-16 03:47:38.574 UTC 0054 INFO[0m [Assembler4] [34;1mfunc3[0m -> BA index: 0; BatchID: Sh,Pr,Sq,Dg: <1,2,5,7a576480d4753ba213e3170d3eab5e276d72d4757e673e28360d27644305cf3c>; Common Block: Number: 6, PreviousHash: a3e72f4d3209687930c67d32cded3e5720b83e3fe994dccec9faedfd4d226543, DataHash: 7a576480d4753ba213e3170d3eab5e276d72d4757e673e28360d27644305cf3c; BA block signers: [1 3 4]
2026-09-16T03:47:38.578503145Z [34m2026-09-16 03:47:38.578 UTC 0055 INFO[0m [Assembler2] [34;1mfunc1[0m -> Appended block 6 of 50 requests to ledger in 5.333488ms
2026-09-16T03:47:38.579342175Z [34m2026-09-16 03:47:38.579 UTC 0055 INFO[0m [Assembler1] [34;1mfunc1[0m -> Appended block 6 of 50 requests to ledger in 5.066999ms
2026-09-16T03:47:38.579347315Z [34m2026-09-16 03:47:38.579 UTC 0055 INFO[0m [Assembler4] [34;1mfunc1[0m -> Appended block 6 of 50 requests to ledger in 4.890195ms
2026-09-16T03:47:38.579348811Z [34m2026-09-16 03:47:38.579 UTC 0055 INFO[0m [Assembler3] [34;1mfunc1[0m -> Appended block 6 of 50 requests to ledger in 5.075238ms
2026-09-16T03:47:39.378431583Z [34m2026-09-16 03:47:39.378 UTC 0056 INFO[0m [Assembler4] [34;1mtrackMetrics[0m -> ASSEMBLER_METRICS: total: party_id=4, TXs=220, blocks=7, estimated_block_size=165416, batch_unary_fetch_latency_avg_seconds=0.000000, attestation_to_batch_collation_latency_avg_seconds=0.000012, batch_ledger_append_latency_avg_seconds=0.004701, prefetch_index_cache_evictions=0, in the last 10.00 seconds: TXs=219, blocks=6
2026-09-16T03:47:39.378991015Z [34m2026-09-16 03:47:39.378 UTC 0056 INFO[0m [Assembler3] [34;1mtrackMetrics[0m -> ASSEMBLER_METRICS: total: party_id=3, TXs=220, blocks=7, estimated_block_size=165415, batch_unary_fetch_latency_avg_seconds=0.000000, attestation_to_batch_collation_latency_avg_seconds=0.000012, batch_ledger_append_latency_avg_seconds=0.004859, prefetch_index_cache_evictions=0, in the last 10.00 seconds: TXs=219, blocks=6
2026-09-16T03:47:39.379160523Z [34m2026-09-16 03:47:39.379 UTC 0056 INFO[0m [Assembler1] [34;1mtrackMetrics[0m -> ASSEMBLER_METRICS: total: party_id=1, TXs=220, blocks=7, estimated_block_size=165416, batch_unary_fetch_latency_avg_seconds=0.000000, attestation_to_batch_collation_latency_avg_seconds=0.000013, batch_ledger_append_latency_avg_seconds=0.004824, prefetch_index_cache_evictions=0, in the last 10.00 seconds: TXs=219, blocks=6
2026-09-16T03:47:39.382274495Z [34m2026-09-16 03:47:39.382 UTC 0056 INFO[0m [Assembler2] [34;1mtrackMetrics[0m -> ASSEMBLER_METRICS: total: party_id=2, TXs=220, blocks=7, estimated_block_size=165417, batch_unary_fetch_latency_avg_seconds=0.000000, attestation_to_batch_collation_latency_avg_seconds=0.000024, batch_ledger_append_latency_avg_seconds=0.004791, prefetch_index_cache_evictions=0, in the last 10.00 seconds: TXs=219, blocks=6
2026-09-16T03:47:39.508029495Z [34m2026-09-16 03:47:39.507 UTC 0051 INFO[0m [Batcher2Shard1] [34;1mrunPrimary[0m -> Batcher batched a total of 52 requests for sequence 6
2026-09-16T03:47:39.511212478Z [34m2026-09-16 03:47:39.511 UTC 0052 INFO[0m [Batcher2Shard1] [34;1mSendBAF[0m -> Sending batch attestation fragment for seq 6 with digest 04a8880cac0041942dc43e05bfe8bebbbc3b88e26c7646727daf0ebab50e82cb
2026-09-16T03:47:39.511263320Z [34m2026-09-16 03:47:39.511 UTC 0053 INFO[0m [Batcher2Shard1] [34;1mfunc1[0m -> Sending control event took 24.627µs
2026-09-16T03:47:39.511266954Z [34m2026-09-16 03:47:39.511 UTC 0054 INFO[0m [Batcher2Shard1] [34;1mfunc1[0m -> Sending control event took 26.234µs
2026-09-16T03:47:39.511268460Z [34m2026-09-16 03:47:39.511 UTC 0055 INFO[0m [Batcher2Shard1] [34;1mfunc1[0m -> Sending control event took 6.676µs
2026-09-16T03:47:39.511269496Z [34m2026-09-16 03:47:39.511 UTC 0056 INFO[0m [Batcher2Shard1] [34;1mfunc1[0m -> Sending control event took 3.973µs
2026-09-16T03:47:39.511270379Z [34m2026-09-16 03:47:39.511 UTC 0057 INFO[0m [Batcher2Shard1] [34;1mBroadcastControlEvent[0m -> Control event sent to quorum (4 out of 4)
2026-09-16T03:47:39.511422691Z [34m2026-09-16 03:47:39.511 UTC 0057 INFO[0m [Batcher1Shard1] [34;1mfunc3[0m -> [shard1party2-arma] Fetched batch 6 with 52 transactions
2026-09-16T03:47:39.511431429Z [34m2026-09-16 03:47:39.511 UTC 0057 INFO[0m [Batcher3Shard1] [34;1mfunc3[0m -> [shard1party2-arma] Fetched batch 6 with 52 transactions
2026-09-16T03:47:39.511433110Z [34m2026-09-16 03:47:39.511 UTC 0057 INFO[0m [Assembler2] [34;1mfunc3[0m -> Assembler pulled from 172.29.0.10:6124 batch Sh,Pr,Sq,Dg: <1,2,6,04a8880cac0041942dc43e05bfe8bebbbc3b88e26c7646727daf0ebab50e82cb>
2026-09-16T03:47:39.511434408Z [34m2026-09-16 03:47:39.511 UTC 0057 INFO[0m [Batcher4Shard1] [34;1mfunc3[0m -> [shard1party2-arma] Fetched batch 6 with 52 transactions
2026-09-16T03:47:39.511494107Z [34m2026-09-16 03:47:39.511 UTC 0058 INFO[0m [Batcher3Shard1] [34;1mrunSecondary[0m -> Secondary batcher 3 (shard 1; current primary 2) appending to ledger batch with seq 6 and 52 requests
2026-09-16T03:47:39.511507128Z [34m2026-09-16 03:47:39.511 UTC 0058 INFO[0m [Batcher1Shard1] [34;1mrunSecondary[0m -> Secondary batcher 1 (shard 1; current primary 2) appending to ledger batch with seq 6 and 52 requests
2026-09-16T03:47:39.511650126Z [34m2026-09-16 03:47:39.511 UTC 0058 INFO[0m [Batcher4Shard1] [34;1mrunSecondary[0m -> Secondary batcher 4 (shard 1; current primary 2) appending to ledger batch with seq 6 and 52 requests
2026-09-16T03:47:39.514932207Z [34m2026-09-16 03:47:39.514 UTC 0059 INFO[0m [Batcher3Shard1] [34;1mSendBAF[0m -> Sending batch attestation fragment for seq 6 with digest 04a8880cac0041942dc43e05bfe8bebbbc3b88e26c7646727daf0ebab50e82cb
2026-09-16T03:47:39.514943418Z [34m2026-09-16 03:47:39.514 UTC 0059 INFO[0m [Batcher1Shard1] [34;1mSendBAF[0m -> Sending batch attestation fragment for seq 6 with digest 04a8880cac0041942dc43e05bfe8bebbbc3b88e26c7646727daf0ebab50e82cb
2026-09-16T03:47:39.514945140Z [34m2026-09-16 03:47:39.514 UTC 005a INFO[0m [Batcher3Shard1] [34;1mfunc1[0m -> Sending control event took 9.729µs
2026-09-16T03:47:39.514946593Z [34m2026-09-16 03:47:39.514 UTC 005a INFO[0m [Batcher1Shard1] [34;1mfunc1[0m -> Sending control event took 9.697µs
2026-09-16T03:47:39.514947506Z [34m2026-09-16 03:47:39.514 UTC 005b INFO[0m [Batcher3Shard1] [34;1mfunc1[0m -> Sending control event took 3.198µs
2026-09-16T03:47:39.514948360Z [34m2026-09-16 03:47:39.514 UTC 005b INFO[0m [Batcher1Shard1] [34;1mfunc1[0m -> Sending control event took 3.006µs
2026-09-16T03:47:39.514949159Z [34m2026-09-16 03:47:39.514 UTC 005c INFO[0m [Batcher3Shard1] [34;1mfunc1[0m -> Sending control event took 1.922µs
2026-09-16T03:47:39.514949965Z [34m2026-09-16 03:47:39.514 UTC 005c INFO[0m [Batcher1Shard1] [34;1mfunc1[0m -> Sending control event took 10.595µs
2026-09-16T03:47:39.514950783Z [34m2026-09-16 03:47:39.514 UTC 005d INFO[0m [Batcher1Shard1] [34;1mfunc1[0m -> Sending control event took 3.334µs
2026-09-16T03:47:39.514951626Z [34m2026-09-16 03:47:39.514 UTC 005e INFO[0m [Batcher1Shard1] [34;1mBroadcastControlEvent[0m -> Control event sent to quorum (4 out of 4)
2026-09-16T03:47:39.514952549Z [34m2026-09-16 03:47:39.514 UTC 005d INFO[0m [Batcher3Shard1] [34;1mfunc1[0m -> Sending control event took 12.699µs
2026-09-16T03:47:39.514956713Z [34m2026-09-16 03:47:39.514 UTC 005e INFO[0m [Batcher3Shard1] [34;1mBroadcastControlEvent[0m -> Control event sent to quorum (4 out of 4)
2026-09-16T03:47:39.515128987Z [34m2026-09-16 03:47:39.515 UTC 0057 INFO[0m [Assembler3] [34;1mfunc3[0m -> Assembler pulled from 172.29.0.10:6224 batch Sh,Pr,Sq,Dg: <1,2,6,04a8880cac0041942dc43e05bfe8bebbbc3b88e26c7646727daf0ebab50e82cb>
2026-09-16T03:47:39.515136352Z [34m2026-09-16 03:47:39.515 UTC 0057 INFO[0m [Assembler1] [34;1mfunc3[0m -> Assembler pulled from 172.29.0.10:6024 batch Sh,Pr,Sq,Dg: <1,2,6,04a8880cac0041942dc43e05bfe8bebbbc3b88e26c7646727daf0ebab50e82cb>
2026-09-16T03:47:39.516332525Z [34m2026-09-16 03:47:39.516 UTC 0059 INFO[0m [Batcher4Shard1] [34;1mSendBAF[0m -> Sending batch attestation fragment for seq 6 with digest 04a8880cac0041942dc43e05bfe8bebbbc3b88e26c7646727daf0ebab50e82cb
2026-09-16T03:47:39.516351777Z [34m2026-09-16 03:47:39.516 UTC 005a INFO[0m [Batcher4Shard1] [34;1mfunc1[0m -> Sending control event took 11.433µs
2026-09-16T03:47:39.516353947Z [34m2026-09-16 03:47:39.516 UTC 005b INFO[0m [Batcher4Shard1] [34;1mfunc1[0m -> Sending control event took 3.189µs
2026-09-16T03:47:39.516355239Z [34m2026-09-16 03:47:39.516 UTC 005c INFO[0m [Batcher4Shard1] [34;1mfunc1[0m -> Sending control event took 2.289µs
2026-09-16T03:47:39.516411335Z [34m2026-09-16 03:47:39.516 UTC 005d INFO[0m [Batcher4Shard1] [34;1mfunc1[0m -> Sending control event took 2.226µs
2026-09-16T03:47:39.516417526Z [34m2026-09-16 03:47:39.516 UTC 005e INFO[0m [Batcher4Shard1] [34;1mBroadcastControlEvent[0m -> Control event sent to quorum (4 out of 4)
2026-09-16T03:47:39.516545174Z [34m2026-09-16 03:47:39.516 UTC 0057 INFO[0m [Assembler4] [34;1mfunc3[0m -> Assembler pulled from 172.29.0.10:6324 batch Sh,Pr,Sq,Dg: <1,2,6,04a8880cac0041942dc43e05bfe8bebbbc3b88e26c7646727daf0ebab50e82cb>
2026-09-16T03:47:39.576014610Z [34m2026-09-16 03:47:39.575 UTC 005a INFO[0m [Consensus1] [34;1mAssembleProposal[0m -> Creating proposal with 1 attestations and new state: State{N: 4, Quorum: 3, Threshold: 2, ShardCount: 1, 
2026-09-16T03:47:39.576033089Z Pending: none, 
2026-09-16T03:47:39.576034579Z Complaints: none}
2026-09-16T03:47:39.576035528Z [34m2026-09-16 03:47:39.575 UTC 005b INFO[0m [Consensus1] [34;1mAssembleProposal[0m -> Proposing available common data block: number=7, prevHash=a400845a4cab3f0bbfa3be077028ed51f1109562f96f78a2cd07ca74a6bb4a38, dataHash=04a8880cac0041942dc43e05bfe8bebbbc3b88e26c7646727daf0ebab50e82cb, numOfReqs=52, decisionNum=7, blockIndex=0/1, lastConfigBlockNum=0
2026-09-16T03:47:39.578205479Z [34m2026-09-16 03:47:39.578 UTC 005c INFO[0m [Consensus1] [34;1mprocessProposal[0m -> Processed proposal with seq 7
2026-09-16T03:47:39.579940499Z [34m2026-09-16 03:47:39.579 UTC 004e INFO[0m [Consensus2] [34;1mprocessProposal[0m -> Processed proposal with seq 7
2026-09-16T03:47:39.579945950Z [34m2026-09-16 03:47:39.579 UTC 004e INFO[0m [Consensus3] [34;1mprocessProposal[0m -> Processed proposal with seq 7
2026-09-16T03:47:39.580087186Z [34m2026-09-16 03:47:39.579 UTC 004f INFO[0m [Consensus3] [34;1mprocessPrepares[0m -> 3 collected 2 prepares from [1 2]
2026-09-16T03:47:39.580092663Z [34m2026-09-16 03:47:39.580 UTC 004f INFO[0m [Consensus2] [34;1mprocessPrepares[0m -> 2 collected 2 prepares from [1 3]
2026-09-16T03:47:39.580146187Z [34m2026-09-16 03:47:39.580 UTC 005d INFO[0m [Consensus1] [34;1mprocessPrepares[0m -> 1 collected 2 prepares from [3 2]
2026-09-16T03:47:39.581851871Z [34m2026-09-16 03:47:39.581 UTC 004e INFO[0m [Consensus4] [34;1mprocessProposal[0m -> Processed proposal with seq 7
2026-09-16T03:47:39.581862392Z [34m2026-09-16 03:47:39.581 UTC 004f INFO[0m [Consensus4] [34;1mprocessPrepares[0m -> 4 collected 2 prepares from [1 3]
2026-09-16T03:47:39.582882887Z [34m2026-09-16 03:47:39.582 UTC 0050 INFO[0m [Consensus2] [34;1mprocessPrepares[0m -> Processed prepares for proposal with seq 7
2026-09-16T03:47:39.582888755Z [34m2026-09-16 03:47:39.582 UTC 0050 INFO[0m [Consensus3] [34;1mprocessPrepares[0m -> Processed prepares for proposal with seq 7
2026-09-16T03:47:39.582890330Z [34m2026-09-16 03:47:39.582 UTC 005e INFO[0m [Consensus1] [34;1mprocessPrepares[0m -> Processed prepares for proposal with seq 7
2026-09-16T03:47:39.583252880Z [34m2026-09-16 03:47:39.583 UTC 005f INFO[0m [Consensus1] [34;1mprocessCommits[0m -> 1 collected 2 commits from [3 2]
2026-09-16T03:47:39.583258110Z [34m2026-09-16 03:47:39.583 UTC 0060 INFO[0m [Consensus1] [34;1mprepared[0m -> 1 processed commits for proposal with seq 7
2026-09-16T03:47:39.583259745Z [34m2026-09-16 03:47:39.583 UTC 0061 INFO[0m [Consensus1] [34;1mdecide[0m -> Deciding on seq 7
2026-09-16T03:47:39.583260845Z [34m2026-09-16 03:47:39.583 UTC 0062 INFO[0m [Consensus1] [34;1mstartNextSeq[0m -> Sequence: 7-->8
2026-09-16T03:47:39.583261650Z [34m2026-09-16 03:47:39.583 UTC 0051 INFO[0m [Consensus2] [34;1mprocessCommits[0m -> 2 collected 2 commits from [1 3]
2026-09-16T03:47:39.583262377Z [34m2026-09-16 03:47:39.583 UTC 0052 INFO[0m [Consensus2] [34;1mprepared[0m -> 2 processed commits for proposal with seq 7
2026-09-16T03:47:39.583263006Z [34m2026-09-16 03:47:39.583 UTC 0053 INFO[0m [Consensus2] [34;1mdecide[0m -> Deciding on seq 7
2026-09-16T03:47:39.583263703Z [34m2026-09-16 03:47:39.583 UTC 0054 INFO[0m [Consensus2] [34;1mstartNextSeq[0m -> Sequence: 7-->8
2026-09-16T03:47:39.583371901Z [34m2026-09-16 03:47:39.583 UTC 0051 INFO[0m [Consensus3] [34;1mprocessCommits[0m -> 3 collected 2 commits from [1 2]
2026-09-16T03:47:39.583376779Z [34m2026-09-16 03:47:39.583 UTC 0052 INFO[0m [Consensus3] [34;1mprepared[0m -> 3 processed commits for proposal with seq 7
2026-09-16T03:47:39.583377989Z [34m2026-09-16 03:47:39.583 UTC 0053 INFO[0m [Consensus3] [34;1mdecide[0m -> Deciding on seq 7
2026-09-16T03:47:39.583378865Z [34m2026-09-16 03:47:39.583 UTC 0054 INFO[0m [Consensus3] [34;1mstartNextSeq[0m -> Sequence: 7-->8
2026-09-16T03:47:39.584293303Z [34m2026-09-16 03:47:39.584 UTC 0050 INFO[0m [Consensus4] [34;1mprocessPrepares[0m -> Processed prepares for proposal with seq 7
2026-09-16T03:47:39.584620018Z [34m2026-09-16 03:47:39.584 UTC 0051 INFO[0m [Consensus4] [34;1mprocessCommits[0m -> 4 collected 2 commits from [1 3]
2026-09-16T03:47:39.584626026Z [34m2026-09-16 03:47:39.584 UTC 0052 INFO[0m [Consensus4] [34;1mprepared[0m -> 4 processed commits for proposal with seq 7
2026-09-16T03:47:39.584627587Z [34m2026-09-16 03:47:39.584 UTC 0053 INFO[0m [Consensus4] [34;1mdecide[0m -> Deciding on seq 7
2026-09-16T03:47:39.584669739Z [34m2026-09-16 03:47:39.584 UTC 0054 INFO[0m [Consensus4] [34;1mstartNextSeq[0m -> Sequence: 7-->8
2026-09-16T03:47:39.587782982Z [34m2026-09-16 03:47:39.587 UTC 0058 INFO[0m [Assembler1] [34;1mfunc3[0m -> Decision 7, with 1 AvailableCommonBlocks
2026-09-16T03:47:39.587797091Z [34m2026-09-16 03:47:39.587 UTC 0059 INFO[0m [Assembler1] [34;1mfunc3[0m -> BA index: 0; BatchID: Sh,Pr,Sq,Dg: <1,2,6,04a8880cac0041942dc43e05bfe8bebbbc3b88e26c7646727daf0ebab50e82cb>; Common Block: Number: 7, PreviousHash: a400845a4cab3f0bbfa3be077028ed51f1109562f96f78a2cd07ca74a6bb4a38, DataHash: 04a8880cac0041942dc43e05bfe8bebbbc3b88e26c7646727daf0ebab50e82cb; BA block signers: [3 2 1]
2026-09-16T03:47:39.587799336Z [34m2026-09-16 03:47:39.587 UTC 0058 INFO[0m [Assembler3] [34;1mfunc3[0m -> Decision 7, with 1 AvailableCommonBlocks
2026-09-16T03:47:39.587800461Z [34m2026-09-16 03:47:39.587 UTC 0058 INFO[0m [Assembler2] [34;1mfunc3[0m -> Decision 7, with 1 AvailableCommonBlocks
2026-09-16T03:47:39.587805598Z [34m2026-09-16 03:47:39.587 UTC 0059 INFO[0m [Assembler2] [34;1mfunc3[0m -> BA index: 0; BatchID: Sh,Pr,Sq,Dg: <1,2,6,04a8880cac0041942dc43e05bfe8bebbbc3b88e26c7646727daf0ebab50e82cb>; Common Block: Number: 7, PreviousHash: a400845a4cab3f0bbfa3be077028ed51f1109562f96f78a2cd07ca74a6bb4a38, DataHash: 04a8880cac0041942dc43e05bfe8bebbbc3b88e26c7646727daf0ebab50e82cb; BA block signers: [1 3 2]
2026-09-16T03:47:39.587870017Z [34m2026-09-16 03:47:39.587 UTC 0059 INFO[0m [Assembler3] [34;1mfunc3[0m -> BA index: 0; BatchID: Sh,Pr,Sq,Dg: <1,2,6,04a8880cac0041942dc43e05bfe8bebbbc3b88e26c7646727daf0ebab50e82cb>; Common Block: Number: 7, PreviousHash: a400845a4cab3f0bbfa3be077028ed51f1109562f96f78a2cd07ca74a6bb4a38, DataHash: 04a8880cac0041942dc43e05bfe8bebbbc3b88e26c7646727daf0ebab50e82cb; BA block signers: [1 2 3]
2026-09-16T03:47:39.589038419Z [34m2026-09-16 03:47:39.588 UTC 0058 INFO[0m [Assembler4] [34;1mfunc3[0m -> Decision 7, with 1 AvailableCommonBlocks
2026-09-16T03:47:39.589043175Z [34m2026-09-16 03:47:39.588 UTC 0059 INFO[0m [Assembler4] [34;1mfunc3[0m -> BA index: 0; BatchID: Sh,Pr,Sq,Dg: <1,2,6,04a8880cac0041942dc43e05bfe8bebbbc3b88e26c7646727daf0ebab50e82cb>; Common Block: Number: 7, PreviousHash: a400845a4cab3f0bbfa3be077028ed51f1109562f96f78a2cd07ca74a6bb4a38, DataHash: 04a8880cac0041942dc43e05bfe8bebbbc3b88e26c7646727daf0ebab50e82cb; BA block signers: [1 3 4]
2026-09-16T03:47:39.592021142Z [34m2026-09-16 03:47:39.591 UTC 005a INFO[0m [Assembler2] [34;1mfunc1[0m -> Appended block 7 of 52 requests to ledger in 4.144027ms
2026-09-16T03:47:39.592029827Z [34m2026-09-16 03:47:39.591 UTC 005a INFO[0m [Assembler3] [34;1mfunc1[0m -> Appended block 7 of 52 requests to ledger in 4.104629ms
2026-09-16T03:47:39.592031133Z [34m2026-09-16 03:47:39.591 UTC 005a INFO[0m [Assembler1] [34;1mfunc1[0m -> Appended block 7 of 52 requests to ledger in 4.247676ms
2026-09-16T03:47:39.592921449Z [34m2026-09-16 03:47:39.592 UTC 005a INFO[0m [Assembler4] [34;1mfunc1[0m -> Appended block 7 of 52 requests to ledger in 3.829839ms
2026-09-16T03:47:40.512253615Z [34m2026-09-16 03:47:40.512 UTC 0058 INFO[0m [Batcher2Shard1] [34;1mrunPrimary[0m -> Batcher batched a total of 50 requests for sequence 7
2026-09-16T03:47:40.515271922Z [34m2026-09-16 03:47:40.515 UTC 0059 INFO[0m [Batcher2Shard1] [34;1mSendBAF[0m -> Sending batch attestation fragment for seq 7 with digest abd1951997f6eb371ae98ca373430479a20844443ffc153af300c48bf09fb0be
2026-09-16T03:47:40.515293410Z [34m2026-09-16 03:47:40.515 UTC 005a INFO[0m [Batcher2Shard1] [34;1mfunc1[0m -> Sending control event took 22.157µs
2026-09-16T03:47:40.515817573Z [34m2026-09-16 03:47:40.515 UTC 005b INFO[0m [Batcher2Shard1] [34;1mfunc1[0m -> Sending control event took 18.232µs
2026-09-16T03:47:40.515823785Z [34m2026-09-16 03:47:40.515 UTC 005c INFO[0m [Batcher2Shard1] [34;1mfunc1[0m -> Sending control event took 11.073µs
2026-09-16T03:47:40.515825180Z [34m2026-09-16 03:47:40.515 UTC 005d INFO[0m [Batcher2Shard1] [34;1mfunc1[0m -> Sending control event took 7.069µs
2026-09-16T03:47:40.515825976Z [34m2026-09-16 03:47:40.515 UTC 005e INFO[0m [Batcher2Shard1] [34;1mBroadcastControlEvent[0m -> Control event sent to quorum (4 out of 4)
2026-09-16T03:47:40.515826795Z [34m2026-09-16 03:47:40.515 UTC 005f INFO[0m [Batcher3Shard1] [34;1mfunc3[0m -> [shard1party2-arma] Fetched batch 7 with 50 transactions
2026-09-16T03:47:40.515827597Z [34m2026-09-16 03:47:40.515 UTC 005f INFO[0m [Batcher1Shard1] [34;1mfunc3[0m -> [shard1party2-arma] Fetched batch 7 with 50 transactions
2026-09-16T03:47:40.515828206Z [34m2026-09-16 03:47:40.515 UTC 0060 INFO[0m [Batcher3Shard1] [34;1mrunSecondary[0m -> Secondary batcher 3 (shard 1; current primary 2) appending to ledger batch with seq 7 and 50 requests
2026-09-16T03:47:40.515828877Z [34m2026-09-16 03:47:40.515 UTC 0060 INFO[0m [Batcher1Shard1] [34;1mrunSecondary[0m -> Secondary batcher 1 (shard 1; current primary 2) appending to ledger batch with seq 7 and 50 requests
2026-09-16T03:47:40.515829511Z [34m2026-09-16 03:47:40.515 UTC 005f INFO[0m [Batcher4Shard1] [34;1mfunc3[0m -> [shard1party2-arma] Fetched batch 7 with 50 transactions
2026-09-16T03:47:40.515830201Z [34m2026-09-16 03:47:40.515 UTC 0060 INFO[0m [Batcher4Shard1] [34;1mrunSecondary[0m -> Secondary batcher 4 (shard 1; current primary 2) appending to ledger batch with seq 7 and 50 requests
2026-09-16T03:47:40.515966308Z [34m2026-09-16 03:47:40.515 UTC 005b INFO[0m [Assembler2] [34;1mfunc3[0m -> Assembler pulled from 172.29.0.10:6124 batch Sh,Pr,Sq,Dg: <1,2,7,abd1951997f6eb371ae98ca373430479a20844443ffc153af300c48bf09fb0be>
2026-09-16T03:47:40.519137650Z [34m2026-09-16 03:47:40.519 UTC 0061 INFO[0m [Batcher1Shard1] [34;1mSendBAF[0m -> Sending batch attestation fragment for seq 7 with digest abd1951997f6eb371ae98ca373430479a20844443ffc153af300c48bf09fb0be
2026-09-16T03:47:40.519148355Z [34m2026-09-16 03:47:40.519 UTC 0061 INFO[0m [Batcher3Shard1] [34;1mSendBAF[0m -> Sending batch attestation fragment for seq 7 with digest abd1951997f6eb371ae98ca373430479a20844443ffc153af300c48bf09fb0be
2026-09-16T03:47:40.519149884Z [34m2026-09-16 03:47:40.519 UTC 0062 INFO[0m [Batcher1Shard1] [34;1mfunc1[0m -> Sending control event took 11.885µs
2026-09-16T03:47:40.519156662Z [34m2026-09-16 03:47:40.519 UTC 0062 INFO[0m [Batcher3Shard1] [34;1mfunc1[0m -> Sending control event took 11.057µs
2026-09-16T03:47:40.519333425Z [34m2026-09-16 03:47:40.519 UTC 0063 INFO[0m [Batcher3Shard1] [34;1mfunc1[0m -> Sending control event took 3.399µs
2026-09-16T03:47:40.519340052Z [34m2026-09-16 03:47:40.519 UTC 0064 INFO[0m [Batcher3Shard1] [34;1mfunc1[0m -> Sending control event took 3.19µs
2026-09-16T03:47:40.519341442Z [34m2026-09-16 03:47:40.519 UTC 0063 INFO[0m [Batcher1Shard1] [34;1mfunc1[0m -> Sending control event took 3.3µs
2026-09-16T03:47:40.519342283Z [34m2026-09-16 03:47:40.519 UTC 0065 INFO[0m [Batcher3Shard1] [34;1mfunc1[0m -> Sending control event took 2.098µs
2026-09-16T03:47:40.519343078Z [34m2026-09-16 03:47:40.519 UTC 0064 INFO[0m [Batcher1Shard1] [34;1mfunc1[0m -> Sending control event took 2.288µs
2026-09-16T03:47:40.519343799Z [34m2026-09-16 03:47:40.519 UTC 0066 INFO[0m [Batcher3Shard1] [34;1mBroadcastControlEvent[0m -> Control event sent to quorum (4 out of 4)
2026-09-16T03:47:40.519344558Z [34m2026-09-16 03:47:40.519 UTC 0065 INFO[0m [Batcher1Shard1] [34;1mfunc1[0m -> Sending control event took 2.348µs
2026-09-16T03:47:40.519345233Z [34m2026-09-16 03:47:40.519 UTC 0066 INFO[0m [Batcher1Shard1] [34;1mBroadcastControlEvent[0m -> Control event sent to quorum (4 out of 4)
2026-09-16T03:47:40.519631272Z [34m2026-09-16 03:47:40.519 UTC 005b INFO[0m [Assembler1] [34;1mfunc3[0m -> Assembler pulled from 172.29.0.10:6024 batch Sh,Pr,Sq,Dg: <1,2,7,abd1951997f6eb371ae98ca373430479a20844443ffc153af300c48bf09fb0be>
2026-09-16T03:47:40.519637385Z [34m2026-09-16 03:47:40.519 UTC 005b INFO[0m [Assembler3] [34;1mfunc3[0m -> Assembler pulled from 172.29.0.10:6224 batch Sh,Pr,Sq,Dg: <1,2,7,abd1951997f6eb371ae98ca373430479a20844443ffc153af300c48bf09fb0be>
2026-09-16T03:47:40.520503350Z [34m2026-09-16 03:47:40.520 UTC 0061 INFO[0m [Batcher4Shard1] [34;1mSendBAF[0m -> Sending batch attestation fragment for seq 7 with digest abd1951997f6eb371ae98ca373430479a20844443ffc153af300c48bf09fb0be
2026-09-16T03:47:40.520508665Z [34m2026-09-16 03:47:40.520 UTC 0062 INFO[0m [Batcher4Shard1] [34;1mfunc1[0m -> Sending control event took 10.75µs
2026-09-16T03:47:40.520510095Z [34m2026-09-16 03:47:40.520 UTC 0063 INFO[0m [Batcher4Shard1] [34;1mfunc1[0m -> Sending control event took 2.735µs
2026-09-16T03:47:40.520511027Z [34m2026-09-16 03:47:40.520 UTC 0064 INFO[0m [Batcher4Shard1] [34;1mfunc1[0m -> Sending control event took 2.28µs
2026-09-16T03:47:40.520511727Z [34m2026-09-16 03:47:40.520 UTC 0065 INFO[0m [Batcher4Shard1] [34;1mfunc1[0m -> Sending control event took 2.196µs
2026-09-16T03:47:40.520512386Z [34m2026-09-16 03:47:40.520 UTC 0066 INFO[0m [Batcher4Shard1] [34;1mBroadcastControlEvent[0m -> Control event sent to quorum (4 out of 4)
2026-09-16T03:47:40.520642308Z [34m2026-09-16 03:47:40.520 UTC 005b INFO[0m [Assembler4] [34;1mfunc3[0m -> Assembler pulled from 172.29.0.10:6324 batch Sh,Pr,Sq,Dg: <1,2,7,abd1951997f6eb371ae98ca373430479a20844443ffc153af300c48bf09fb0be>
2026-09-16T03:47:40.588119220Z [34m2026-09-16 03:47:40.587 UTC 0063 INFO[0m [Consensus1] [34;1mAssembleProposal[0m -> Creating proposal with 1 attestations and new state: State{N: 4, Quorum: 3, Threshold: 2, ShardCount: 1, 
2026-09-16T03:47:40.588144071Z Pending: none, 
2026-09-16T03:47:40.588145470Z Complaints: none}
2026-09-16T03:47:40.588146876Z [34m2026-09-16 03:47:40.587 UTC 0064 INFO[0m [Consensus1] [34;1mAssembleProposal[0m -> Proposing available common data block: number=8, prevHash=40d1f95067820077baa67f6e1f3c500605b75c94cc7fd97336a32be7c3cfb987, dataHash=abd1951997f6eb371ae98ca373430479a20844443ffc153af300c48bf09fb0be, numOfReqs=50, decisionNum=8, blockIndex=0/1, lastConfigBlockNum=0
2026-09-16T03:47:40.590480235Z [34m2026-09-16 03:47:40.590 UTC 0065 INFO[0m [Consensus1] [34;1mprocessProposal[0m -> Processed proposal with seq 8
2026-09-16T03:47:40.592332065Z [34m2026-09-16 03:47:40.592 UTC 0055 INFO[0m [Consensus2] [34;1mprocessProposal[0m -> Processed proposal with seq 8
2026-09-16T03:47:40.593427506Z [34m2026-09-16 03:47:40.593 UTC 0055 INFO[0m [Consensus4] [34;1mprocessProposal[0m -> Processed proposal with seq 8
2026-09-16T03:47:40.593433764Z [34m2026-09-16 03:47:40.593 UTC 0055 INFO[0m [Consensus3] [34;1mprocessProposal[0m -> Processed proposal with seq 8
2026-09-16T03:47:40.593437857Z [34m2026-09-16 03:47:40.593 UTC 0056 INFO[0m [Consensus4] [34;1mprocessPrepares[0m -> 4 collected 2 prepares from [1 2]
2026-09-16T03:47:40.593439235Z [34m2026-09-16 03:47:40.593 UTC 0056 INFO[0m [Consensus3] [34;1mprocessPrepares[0m -> 3 collected 2 prepares from [1 2]
2026-09-16T03:47:40.593803168Z [34m2026-09-16 03:47:40.593 UTC 0056 INFO[0m [Consensus2] [34;1mprocessPrepares[0m -> 2 collected 2 prepares from [1 3]
2026-09-16T03:47:40.593812249Z [34m2026-09-16 03:47:40.593 UTC 0066 INFO[0m [Consensus1] [34;1mprocessPrepares[0m -> 1 collected 2 prepares from [2 3]
2026-09-16T03:47:40.594816918Z [34m2026-09-16 03:47:40.594 UTC 0057 INFO[0m [Consensus2] [34;1mprocessPrepares[0m -> Processed prepares for proposal with seq 8
2026-09-16T03:47:40.594945932Z [34m2026-09-16 03:47:40.594 UTC 0057 INFO[0m [Consensus3] [34;1mprocessPrepares[0m -> Processed prepares for proposal with seq 8
2026-09-16T03:47:40.594951545Z [34m2026-09-16 03:47:40.594 UTC 0057 INFO[0m [Consensus4] [34;1mprocessPrepares[0m -> Processed prepares for proposal with seq 8
2026-09-16T03:47:40.595254856Z [34m2026-09-16 03:47:40.595 UTC 0058 INFO[0m [Consensus4] [34;1mprocessCommits[0m -> 4 collected 2 commits from [3 2]
2026-09-16T03:47:40.595260574Z [34m2026-09-16 03:47:40.595 UTC 0059 INFO[0m [Consensus4] [34;1mprepared[0m -> 4 processed commits for proposal with seq 8
2026-09-16T03:47:40.595267947Z [34m2026-09-16 03:47:40.595 UTC 005a INFO[0m [Consensus4] [34;1mdecide[0m -> Deciding on seq 8
2026-09-16T03:47:40.595268888Z [34m2026-09-16 03:47:40.595 UTC 005b INFO[0m [Consensus4] [34;1mstartNextSeq[0m -> Sequence: 8-->9
2026-09-16T03:47:40.595269693Z [34m2026-09-16 03:47:40.595 UTC 0058 INFO[0m [Consensus2] [34;1mprocessCommits[0m -> 2 collected 2 commits from [4 3]
2026-09-16T03:47:40.595270495Z [34m2026-09-16 03:47:40.595 UTC 0059 INFO[0m [Consensus2] [34;1mprepared[0m -> 2 processed commits for proposal with seq 8
2026-09-16T03:47:40.595271226Z [34m2026-09-16 03:47:40.595 UTC 005a INFO[0m [Consensus2] [34;1mdecide[0m -> Deciding on seq 8
2026-09-16T03:47:40.595272424Z [34m2026-09-16 03:47:40.595 UTC 005b INFO[0m [Consensus2] [34;1mstartNextSeq[0m -> Sequence: 8-->9
2026-09-16T03:47:40.595464207Z [34m2026-09-16 03:47:40.595 UTC 0058 INFO[0m [Consensus3] [34;1mprocessCommits[0m -> 3 collected 2 commits from [2 4]
2026-09-16T03:47:40.595468752Z [34m2026-09-16 03:47:40.595 UTC 0059 INFO[0m [Consensus3] [34;1mprepared[0m -> 3 processed commits for proposal with seq 8
2026-09-16T03:47:40.595469925Z [34m2026-09-16 03:47:40.595 UTC 005a INFO[0m [Consensus3] [34;1mdecide[0m -> Deciding on seq 8
2026-09-16T03:47:40.595470709Z [34m2026-09-16 03:47:40.595 UTC 005b INFO[0m [Consensus3] [34;1mstartNextSeq[0m -> Sequence: 8-->9
2026-09-16T03:47:40.595890577Z [34m2026-09-16 03:47:40.595 UTC 0067 INFO[0m [Consensus1] [34;1mprocessPrepares[0m -> Processed prepares for proposal with seq 8
2026-09-16T03:47:40.596161956Z [34m2026-09-16 03:47:40.596 UTC 0068 INFO[0m [Consensus1] [34;1mprocessCommits[0m -> 1 collected 2 commits from [3 4]
2026-09-16T03:47:40.596171742Z [34m2026-09-16 03:47:40.596 UTC 0069 INFO[0m [Consensus1] [34;1mprepared[0m -> 1 processed commits for proposal with seq 8
2026-09-16T03:47:40.596173984Z [34m2026-09-16 03:47:40.596 UTC 006a INFO[0m [Consensus1] [34;1mdecide[0m -> Deciding on seq 8
2026-09-16T03:47:40.596175519Z [34m2026-09-16 03:47:40.596 UTC 006b INFO[0m [Consensus1] [34;1mstartNextSeq[0m -> Sequence: 8-->9
2026-09-16T03:47:40.599425285Z [34m2026-09-16 03:47:40.599 UTC 005c INFO[0m [Assembler2] [34;1mfunc3[0m -> Decision 8, with 1 AvailableCommonBlocks
2026-09-16T03:47:40.599434732Z [34m2026-09-16 03:47:40.599 UTC 005d INFO[0m [Assembler2] [34;1mfunc3[0m -> BA index: 0; BatchID: Sh,Pr,Sq,Dg: <1,2,7,abd1951997f6eb371ae98ca373430479a20844443ffc153af300c48bf09fb0be>; Common Block: Number: 8, PreviousHash: 40d1f95067820077baa67f6e1f3c500605b75c94cc7fd97336a32be7c3cfb987, DataHash: abd1951997f6eb371ae98ca373430479a20844443ffc153af300c48bf09fb0be; BA block signers: [4 3 2]
2026-09-16T03:47:40.599679128Z [34m2026-09-16 03:47:40.599 UTC 005c INFO[0m [Assembler4] [34;1mfunc3[0m -> Decision 8, with 1 AvailableCommonBlocks
2026-09-16T03:47:40.599690926Z [34m2026-09-16 03:47:40.599 UTC 005d INFO[0m [Assembler4] [34;1mfunc3[0m -> BA index: 0; BatchID: Sh,Pr,Sq,Dg: <1,2,7,abd1951997f6eb371ae98ca373430479a20844443ffc153af300c48bf09fb0be>; Common Block: Number: 8, PreviousHash: 40d1f95067820077baa67f6e1f3c500605b75c94cc7fd97336a32be7c3cfb987, DataHash: abd1951997f6eb371ae98ca373430479a20844443ffc153af300c48bf09fb0be; BA block signers: [3 2 4]
2026-09-16T03:47:40.599910714Z [34m2026-09-16 03:47:40.599 UTC 005c INFO[0m [Assembler3] [34;1mfunc3[0m -> Decision 8, with 1 AvailableCommonBlocks
2026-09-16T03:47:40.599926580Z [34m2026-09-16 03:47:40.599 UTC 005d INFO[0m [Assembler3] [34;1mfunc3[0m -> BA index: 0; BatchID: Sh,Pr,Sq,Dg: <1,2,7,abd1951997f6eb371ae98ca373430479a20844443ffc153af300c48bf09fb0be>; Common Block: Number: 8, PreviousHash: 40d1f95067820077baa67f6e1f3c500605b75c94cc7fd97336a32be7c3cfb987, DataHash: abd1951997f6eb371ae98ca373430479a20844443ffc153af300c48bf09fb0be; BA block signers: [2 4 3]
2026-09-16T03:47:40.601406746Z [34m2026-09-16 03:47:40.601 UTC 005c INFO[0m [Assembler1] [34;1mfunc3[0m -> Decision 8, with 1 AvailableCommonBlocks
2026-09-16T03:47:40.601413124Z [34m2026-09-16 03:47:40.601 UTC 005d INFO[0m [Assembler1] [34;1mfunc3[0m -> BA index: 0; BatchID: Sh,Pr,Sq,Dg: <1,2,7,abd1951997f6eb371ae98ca373430479a20844443ffc153af300c48bf09fb0be>; Common Block: Number: 8, PreviousHash: 40d1f95067820077baa67f6e1f3c500605b75c94cc7fd97336a32be7c3cfb987, DataHash: abd1951997f6eb371ae98ca373430479a20844443ffc153af300c48bf09fb0be; BA block signers: [3 4 1]
2026-09-16T03:47:40.604830941Z [34m2026-09-16 03:47:40.604 UTC 005e INFO[0m [Assembler2] [34;1mfunc1[0m -> Appended block 8 of 50 requests to ledger in 5.342339ms
2026-09-16T03:47:40.604840893Z [34m2026-09-16 03:47:40.604 UTC 005e INFO[0m [Assembler4] [34;1mfunc1[0m -> Appended block 8 of 50 requests to ledger in 5.196446ms
2026-09-16T03:47:40.604842464Z [34m2026-09-16 03:47:40.604 UTC 005e INFO[0m [Assembler3] [34;1mfunc1[0m -> Appended block 8 of 50 requests to ledger in 4.90006ms
2026-09-16T03:47:40.605780571Z [34m2026-09-16 03:47:40.605 UTC 005e INFO[0m [Assembler1] [34;1mfunc1[0m -> Appended block 8 of 50 requests to ledger in 4.440006ms
2026-09-16T03:47:41.360973380Z [34m2026-09-16 03:47:41.360 UTC 0120 INFO[0m [Router4] [34;1mreportMetrics[0m -> ROUTER_METRICS: party_id=4, transactions_received=363, transactions_received_per_second=36, transactions_rejected_with_code_400=0, transactions_rejected_with_code_500=0
2026-09-16T03:47:41.361005875Z [34m2026-09-16 03:47:41.360 UTC 0120 INFO[0m [Router2] [34;1mreportMetrics[0m -> ROUTER_METRICS: party_id=2, transactions_received=363, transactions_received_per_second=36, transactions_rejected_with_code_400=0, transactions_rejected_with_code_500=0
2026-09-16T03:47:41.361128883Z [34m2026-09-16 03:47:41.360 UTC 0120 INFO[0m [Router3] [34;1mreportMetrics[0m -> ROUTER_METRICS: party_id=3, transactions_received=363, transactions_received_per_second=36, transactions_rejected_with_code_400=0, transactions_rejected_with_code_500=0
2026-09-16T03:47:41.361921285Z [34m2026-09-16 03:47:41.361 UTC 0120 INFO[0m [Router1] [34;1mreportMetrics[0m -> ROUTER_METRICS: party_id=1, transactions_received=363, transactions_received_per_second=36, transactions_rejected_with_code_400=0, transactions_rejected_with_code_500=0
2026-09-16T03:47:41.516500076Z [34m2026-09-16 03:47:41.516 UTC 005f INFO[0m [Batcher2Shard1] [34;1mrunPrimary[0m -> Batcher batched a total of 50 requests for sequence 8
2026-09-16T03:47:41.520337976Z [34m2026-09-16 03:47:41.520 UTC 0060 INFO[0m [Batcher2Shard1] [34;1mSendBAF[0m -> Sending batch attestation fragment for seq 8 with digest fb9043d94ffbb6ae9ad499419aa7f68536033ad65c970cebf4dae393d9321897
2026-09-16T03:47:41.520352823Z [34m2026-09-16 03:47:41.520 UTC 0061 INFO[0m [Batcher2Shard1] [34;1mfunc1[0m -> Sending control event took 20.517µs
2026-09-16T03:47:41.520355737Z [34m2026-09-16 03:47:41.520 UTC 0062 INFO[0m [Batcher2Shard1] [34;1mfunc1[0m -> Sending control event took 4.644µs
2026-09-16T03:47:41.520356854Z [34m2026-09-16 03:47:41.520 UTC 0064 INFO[0m [Batcher2Shard1] [34;1mfunc1[0m -> Sending control event took 3.901µs
2026-09-16T03:47:41.520357736Z [34m2026-09-16 03:47:41.520 UTC 0063 INFO[0m [Batcher2Shard1] [34;1mfunc1[0m -> Sending control event took 12.482µs
2026-09-16T03:47:41.520358585Z [34m2026-09-16 03:47:41.520 UTC 0065 INFO[0m [Batcher2Shard1] [34;1mBroadcastControlEvent[0m -> Control event sent to quorum (4 out of 4)
2026-09-16T03:47:41.520460166Z [34m2026-09-16 03:47:41.520 UTC 0067 INFO[0m [Batcher1Shard1] [34;1mfunc3[0m -> [shard1party2-arma] Fetched batch 8 with 50 transactions
2026-09-16T03:47:41.520466224Z [34m2026-09-16 03:47:41.520 UTC 0067 INFO[0m [Batcher3Shard1] [34;1mfunc3[0m -> [shard1party2-arma] Fetched batch 8 with 50 transactions
2026-09-16T03:47:41.520467672Z [34m2026-09-16 03:47:41.520 UTC 005f INFO[0m [Assembler2] [34;1mfunc3[0m -> Assembler pulled from 172.29.0.10:6124 batch Sh,Pr,Sq,Dg: <1,2,8,fb9043d94ffbb6ae9ad499419aa7f68536033ad65c970cebf4dae393d9321897>
2026-09-16T03:47:41.520468745Z [34m2026-09-16 03:47:41.520 UTC 0067 INFO[0m [Batcher4Shard1] [34;1mfunc3[0m -> [shard1party2-arma] Fetched batch 8 with 50 transactions
2026-09-16T03:47:41.520533831Z [34m2026-09-16 03:47:41.520 UTC 0068 INFO[0m [Batcher1Shard1] [34;1mrunSecondary[0m -> Secondary batcher 1 (shard 1; current primary 2) appending to ledger batch with seq 8 and 50 requests
2026-09-16T03:47:41.520580494Z [34m2026-09-16 03:47:41.520 UTC 0068 INFO[0m [Batcher3Shard1] [34;1mrunSecondary[0m -> Secondary batcher 3 (shard 1; current primary 2) appending to ledger batch with seq 8 and 50 requests
2026-09-16T03:47:41.520652807Z [34m2026-09-16 03:47:41.520 UTC 0068 INFO[0m [Batcher4Shard1] [34;1mrunSecondary[0m -> Secondary batcher 4 (shard 1; current primary 2) appending to ledger batch with seq 8 and 50 requests
2026-09-16T03:47:41.523876966Z [34m2026-09-16 03:47:41.523 UTC 0069 INFO[0m [Batcher3Shard1] [34;1mSendBAF[0m -> Sending batch attestation fragment for seq 8 with digest fb9043d94ffbb6ae9ad499419aa7f68536033ad65c970cebf4dae393d9321897
2026-09-16T03:47:41.523886494Z [34m2026-09-16 03:47:41.523 UTC 0069 INFO[0m [Batcher1Shard1] [34;1mSendBAF[0m -> Sending batch attestation fragment for seq 8 with digest fb9043d94ffbb6ae9ad499419aa7f68536033ad65c970cebf4dae393d9321897
2026-09-16T03:47:41.523893264Z [34m2026-09-16 03:47:41.523 UTC 006a INFO[0m [Batcher3Shard1] [34;1mfunc1[0m -> Sending control event took 9.521µs
2026-09-16T03:47:41.523895153Z [34m2026-09-16 03:47:41.523 UTC 006a INFO[0m [Batcher1Shard1] [34;1mfunc1[0m -> Sending control event took 9.551µs
2026-09-16T03:47:41.523948923Z [34m2026-09-16 03:47:41.523 UTC 006b INFO[0m [Batcher3Shard1] [34;1mfunc1[0m -> Sending control event took 2.161µs
2026-09-16T03:47:41.523955492Z [34m2026-09-16 03:47:41.523 UTC 006b INFO[0m [Batcher1Shard1] [34;1mfunc1[0m -> Sending control event took 2.56µs
2026-09-16T03:47:41.523957283Z [34m2026-09-16 03:47:41.523 UTC 006c INFO[0m [Batcher1Shard1] [34;1mfunc1[0m -> Sending control event took 11.002µs
2026-09-16T03:47:41.523958542Z [34m2026-09-16 03:47:41.523 UTC 006c INFO[0m [Batcher3Shard1] [34;1mfunc1[0m -> Sending control event took 11.579µs
2026-09-16T03:47:41.523959523Z [34m2026-09-16 03:47:41.523 UTC 006d INFO[0m [Batcher1Shard1] [34;1mfunc1[0m -> Sending control event took 3.808µs
2026-09-16T03:47:41.523965193Z [34m2026-09-16 03:47:41.523 UTC 006e INFO[0m [Batcher1Shard1] [34;1mBroadcastControlEvent[0m -> Control event sent to quorum (4 out of 4)
2026-09-16T03:47:41.523966034Z [34m2026-09-16 03:47:41.523 UTC 006d INFO[0m [Batcher3Shard1] [34;1mfunc1[0m -> Sending control event took 3.59µs
2026-09-16T03:47:41.523966774Z [34m2026-09-16 03:47:41.523 UTC 006e INFO[0m [Batcher3Shard1] [34;1mBroadcastControlEvent[0m -> Control event sent to quorum (4 out of 4)
2026-09-16T03:47:41.524243571Z [34m2026-09-16 03:47:41.524 UTC 005f INFO[0m [Assembler3] [34;1mfunc3[0m -> Assembler pulled from 172.29.0.10:6224 batch Sh,Pr,Sq,Dg: <1,2,8,fb9043d94ffbb6ae9ad499419aa7f68536033ad65c970cebf4dae393d9321897>
2026-09-16T03:47:41.524249497Z [34m2026-09-16 03:47:41.524 UTC 005f INFO[0m [Assembler1] [34;1mfunc3[0m -> Assembler pulled from 172.29.0.10:6024 batch Sh,Pr,Sq,Dg: <1,2,8,fb9043d94ffbb6ae9ad499419aa7f68536033ad65c970cebf4dae393d9321897>
2026-09-16T03:47:41.524983548Z [34m2026-09-16 03:47:41.524 UTC 0069 INFO[0m [Batcher4Shard1] [34;1mSendBAF[0m -> Sending batch attestation fragment for seq 8 with digest fb9043d94ffbb6ae9ad499419aa7f68536033ad65c970cebf4dae393d9321897
2026-09-16T03:47:41.524989500Z [34m2026-09-16 03:47:41.524 UTC 006a INFO[0m [Batcher4Shard1] [34;1mfunc1[0m -> Sending control event took 9.116µs
2026-09-16T03:47:41.524997496Z [34m2026-09-16 03:47:41.524 UTC 006b INFO[0m [Batcher4Shard1] [34;1mfunc1[0m -> Sending control event took 2.606µs
2026-09-16T03:47:41.524998926Z [34m2026-09-16 03:47:41.524 UTC 006c INFO[0m [Batcher4Shard1] [34;1mfunc1[0m -> Sending control event took 8.83µs
2026-09-16T03:47:41.524999967Z [34m2026-09-16 03:47:41.524 UTC 006d INFO[0m [Batcher4Shard1] [34;1mfunc1[0m -> Sending control event took 2.399µs
2026-09-16T03:47:41.525007067Z [34m2026-09-16 03:47:41.524 UTC 006e INFO[0m [Batcher4Shard1] [34;1mBroadcastControlEvent[0m -> Control event sent to quorum (4 out of 4)
2026-09-16T03:47:41.525175951Z [34m2026-09-16 03:47:41.525 UTC 005f INFO[0m [Assembler4] [34;1mfunc3[0m -> Assembler pulled from 172.29.0.10:6324 batch Sh,Pr,Sq,Dg: <1,2,8,fb9043d94ffbb6ae9ad499419aa7f68536033ad65c970cebf4dae393d9321897>
2026-09-16T03:47:41.602740603Z [34m2026-09-16 03:47:41.602 UTC 006c INFO[0m [Consensus1] [34;1mAssembleProposal[0m -> Creating proposal with 1 attestations and new state: State{N: 4, Quorum: 3, Threshold: 2, ShardCount: 1, 
2026-09-16T03:47:41.602762741Z Pending: none, 
2026-09-16T03:47:41.602764302Z Complaints: none}
2026-09-16T03:47:41.602765307Z [34m2026-09-16 03:47:41.602 UTC 006d INFO[0m [Consensus1] [34;1mAssembleProposal[0m -> Proposing available common data block: number=9, prevHash=3d6269204d78834270c84758d759f211724eacc63efc3ad3e50edf4c9a4ca964, dataHash=fb9043d94ffbb6ae9ad499419aa7f68536033ad65c970cebf4dae393d9321897, numOfReqs=50, decisionNum=9, blockIndex=0/1, lastConfigBlockNum=0
2026-09-16T03:47:41.604971473Z [34m2026-09-16 03:47:41.604 UTC 006e INFO[0m [Consensus1] [34;1mprocessProposal[0m -> Processed proposal with seq 9
2026-09-16T03:47:41.606993192Z [34m2026-09-16 03:47:41.606 UTC 005c INFO[0m [Consensus2] [34;1mprocessProposal[0m -> Processed proposal with seq 9
2026-09-16T03:47:41.607003376Z [34m2026-09-16 03:47:41.606 UTC 005c INFO[0m [Consensus4] [34;1mprocessProposal[0m -> Processed proposal with seq 9
2026-09-16T03:47:41.607199728Z [34m2026-09-16 03:47:41.607 UTC 005d INFO[0m [Consensus2] [34;1mprocessPrepares[0m -> 2 collected 2 prepares from [1 4]
2026-09-16T03:47:41.607205192Z [34m2026-09-16 03:47:41.607 UTC 006f INFO[0m [Consensus1] [34;1mprocessPrepares[0m -> 1 collected 2 prepares from [4 2]
2026-09-16T03:47:41.607206802Z [34m2026-09-16 03:47:41.607 UTC 005d INFO[0m [Consensus4] [34;1mprocessPrepares[0m -> 4 collected 2 prepares from [1 2]
2026-09-16T03:47:41.608547560Z [34m2026-09-16 03:47:41.608 UTC 005c INFO[0m [Consensus3] [34;1mprocessProposal[0m -> Processed proposal with seq 9
2026-09-16T03:47:41.608555810Z [34m2026-09-16 03:47:41.608 UTC 005d INFO[0m [Consensus3] [34;1mprocessPrepares[0m -> 3 collected 2 prepares from [1 4]
2026-09-16T03:47:41.609673042Z [34m2026-09-16 03:47:41.609 UTC 005e INFO[0m [Consensus4] [34;1mprocessPrepares[0m -> Processed prepares for proposal with seq 9
2026-09-16T03:47:41.609678990Z [34m2026-09-16 03:47:41.609 UTC 0070 INFO[0m [Consensus1] [34;1mprocessPrepares[0m -> Processed prepares for proposal with seq 9
2026-09-16T03:47:41.609680410Z [34m2026-09-16 03:47:41.609 UTC 005e INFO[0m [Consensus2] [34;1mprocessPrepares[0m -> Processed prepares for proposal with seq 9
2026-09-16T03:47:41.610160608Z [34m2026-09-16 03:47:41.610 UTC 005f INFO[0m [Consensus4] [34;1mprocessCommits[0m -> 4 collected 2 commits from [2 1]
2026-09-16T03:47:41.610176807Z [34m2026-09-16 03:47:41.610 UTC 0071 INFO[0m [Consensus1] [34;1mprocessCommits[0m -> 1 collected 2 commits from [2 4]
2026-09-16T03:47:41.610178249Z [34m2026-09-16 03:47:41.610 UTC 0060 INFO[0m [Consensus4] [34;1mprepared[0m -> 4 processed commits for proposal with seq 9
2026-09-16T03:47:41.610179079Z [34m2026-09-16 03:47:41.610 UTC 0061 INFO[0m [Consensus4] [34;1mdecide[0m -> Deciding on seq 9
2026-09-16T03:47:41.610179757Z [34m2026-09-16 03:47:41.610 UTC 0072 INFO[0m [Consensus1] [34;1mprepared[0m -> 1 processed commits for proposal with seq 9
2026-09-16T03:47:41.610180382Z [34m2026-09-16 03:47:41.610 UTC 005f INFO[0m [Consensus2] [34;1mprocessCommits[0m -> 2 collected 2 commits from [1 4]
2026-09-16T03:47:41.610181084Z [34m2026-09-16 03:47:41.610 UTC 0062 INFO[0m [Consensus4] [34;1mstartNextSeq[0m -> Sequence: 9-->10
2026-09-16T03:47:41.610181746Z [34m2026-09-16 03:47:41.610 UTC 0073 INFO[0m [Consensus1] [34;1mdecide[0m -> Deciding on seq 9
2026-09-16T03:47:41.610182387Z [34m2026-09-16 03:47:41.610 UTC 0060 INFO[0m [Consensus2] [34;1mprepared[0m -> 2 processed commits for proposal with seq 9
2026-09-16T03:47:41.610183107Z [34m2026-09-16 03:47:41.610 UTC 0074 INFO[0m [Consensus1] [34;1mstartNextSeq[0m -> Sequence: 9-->10
2026-09-16T03:47:41.610183773Z [34m2026-09-16 03:47:41.610 UTC 0061 INFO[0m [Consensus2] [34;1mdecide[0m -> Deciding on seq 9
2026-09-16T03:47:41.610184400Z [34m2026-09-16 03:47:41.610 UTC 0062 INFO[0m [Consensus2] [34;1mstartNextSeq[0m -> Sequence: 9-->10
2026-09-16T03:47:41.611194210Z [34m2026-09-16 03:47:41.611 UTC 005e INFO[0m [Consensus3] [34;1mprocessPrepares[0m -> Processed prepares for proposal with seq 9
2026-09-16T03:47:41.611409058Z [34m2026-09-16 03:47:41.611 UTC 005f INFO[0m [Consensus3] [34;1mprocessCommits[0m -> 3 collected 2 commits from [2 1]
2026-09-16T03:47:41.611412434Z [34m2026-09-16 03:47:41.611 UTC 0060 INFO[0m [Consensus3] [34;1mprepared[0m -> 3 processed commits for proposal with seq 9
2026-09-16T03:47:41.611413480Z [34m2026-09-16 03:47:41.611 UTC 0061 INFO[0m [Consensus3] [34;1mdecide[0m -> Deciding on seq 9
2026-09-16T03:47:41.611414288Z [34m2026-09-16 03:47:41.611 UTC 0062 INFO[0m [Consensus3] [34;1mstartNextSeq[0m -> Sequence: 9-->10
2026-09-16T03:47:41.614567718Z [34m2026-09-16 03:47:41.614 UTC 0060 INFO[0m [Assembler1] [34;1mfunc3[0m -> Decision 9, with 1 AvailableCommonBlocks
2026-09-16T03:47:41.614580273Z [34m2026-09-16 03:47:41.614 UTC 0060 INFO[0m [Assembler2] [34;1mfunc3[0m -> Decision 9, with 1 AvailableCommonBlocks
2026-09-16T03:47:41.614581814Z [34m2026-09-16 03:47:41.614 UTC 0060 INFO[0m [Assembler4] [34;1mfunc3[0m -> Decision 9, with 1 AvailableCommonBlocks
2026-09-16T03:47:41.614591196Z [34m2026-09-16 03:47:41.614 UTC 0061 INFO[0m [Assembler4] [34;1mfunc3[0m -> BA index: 0; BatchID: Sh,Pr,Sq,Dg: <1,2,8,fb9043d94ffbb6ae9ad499419aa7f68536033ad65c970cebf4dae393d9321897>; Common Block: Number: 9, PreviousHash: 3d6269204d78834270c84758d759f211724eacc63efc3ad3e50edf4c9a4ca964, DataHash: fb9043d94ffbb6ae9ad499419aa7f68536033ad65c970cebf4dae393d9321897; BA block signers: [2 1 4]
2026-09-16T03:47:41.614592735Z [34m2026-09-16 03:47:41.614 UTC 0061 INFO[0m [Assembler2] [34;1mfunc3[0m -> BA index: 0; BatchID: Sh,Pr,Sq,Dg: <1,2,8,fb9043d94ffbb6ae9ad499419aa7f68536033ad65c970cebf4dae393d9321897>; Common Block: Number: 9, PreviousHash: 3d6269204d78834270c84758d759f211724eacc63efc3ad3e50edf4c9a4ca964, DataHash: fb9043d94ffbb6ae9ad499419aa7f68536033ad65c970cebf4dae393d9321897; BA block signers: [1 4 2]
2026-09-16T03:47:41.614593947Z [34m2026-09-16 03:47:41.614 UTC 0061 INFO[0m [Assembler1] [34;1mfunc3[0m -> BA index: 0; BatchID: Sh,Pr,Sq,Dg: <1,2,8,fb9043d94ffbb6ae9ad499419aa7f68536033ad65c970cebf4dae393d9321897>; Common Block: Number: 9, PreviousHash: 3d6269204d78834270c84758d759f211724eacc63efc3ad3e50edf4c9a4ca964, DataHash: fb9043d94ffbb6ae9ad499419aa7f68536033ad65c970cebf4dae393d9321897; BA block signers: [2 4 1]
2026-09-16T03:47:41.616162767Z [34m2026-09-16 03:47:41.616 UTC 0060 INFO[0m [Assembler3] [34;1mfunc3[0m -> Decision 9, with 1 AvailableCommonBlocks
2026-09-16T03:47:41.616169152Z [34m2026-09-16 03:47:41.616 UTC 0061 INFO[0m [Assembler3] [34;1mfunc3[0m -> BA index: 0; BatchID: Sh,Pr,Sq,Dg: <1,2,8,fb9043d94ffbb6ae9ad499419aa7f68536033ad65c970cebf4dae393d9321897>; Common Block: Number: 9, PreviousHash: 3d6269204d78834270c84758d759f211724eacc63efc3ad3e50edf4c9a4ca964, DataHash: fb9043d94ffbb6ae9ad499419aa7f68536033ad65c970cebf4dae393d9321897; BA block signers: [2 1 3]
2026-09-16T03:47:41.621308174Z [34m2026-09-16 03:47:41.621 UTC 0062 INFO[0m [Assembler2] [34;1mfunc1[0m -> Appended block 9 of 50 requests to ledger in 6.731421ms
2026-09-16T03:47:41.621320164Z [34m2026-09-16 03:47:41.621 UTC 0062 INFO[0m [Assembler4] [34;1mfunc1[0m -> Appended block 9 of 50 requests to ledger in 6.733001ms
2026-09-16T03:47:41.621321454Z [34m2026-09-16 03:47:41.621 UTC 0062 INFO[0m [Assembler1] [34;1mfunc1[0m -> Appended block 9 of 50 requests to ledger in 6.714241ms
2026-09-16T03:47:41.622538822Z [34m2026-09-16 03:47:41.622 UTC 0062 INFO[0m [Assembler3] [34;1mfunc1[0m -> Appended block 9 of 50 requests to ledger in 6.381361ms
2026-09-16T03:47:42.520829621Z [34m2026-09-16 03:47:42.520 UTC 0066 INFO[0m [Batcher2Shard1] [34;1mrunPrimary[0m -> Batcher batched a total of 50 requests for sequence 9
2026-09-16T03:47:42.523953580Z [34m2026-09-16 03:47:42.523 UTC 0067 INFO[0m [Batcher2Shard1] [34;1mSendBAF[0m -> Sending batch attestation fragment for seq 9 with digest 1ce34e24e95917b3d67a67c4cfff1f73f996fb87295ebb21f582f35e6dd1969d
2026-09-16T03:47:42.523964290Z [34m2026-09-16 03:47:42.523 UTC 0068 INFO[0m [Batcher2Shard1] [34;1mfunc1[0m -> Sending control event took 22.74µs
2026-09-16T03:47:42.523966816Z [34m2026-09-16 03:47:42.523 UTC 0069 INFO[0m [Batcher2Shard1] [34;1mfunc1[0m -> Sending control event took 4.587µs
2026-09-16T03:47:42.524295308Z [34m2026-09-16 03:47:42.523 UTC 006a INFO[0m [Batcher2Shard1] [34;1mfunc1[0m -> Sending control event took 4.155µs
2026-09-16T03:47:42.524301981Z [34m2026-09-16 03:47:42.523 UTC 006b INFO[0m [Batcher2Shard1] [34;1mfunc1[0m -> Sending control event took 21.27µs
2026-09-16T03:47:42.524303345Z [34m2026-09-16 03:47:42.524 UTC 006c INFO[0m [Batcher2Shard1] [34;1mBroadcastControlEvent[0m -> Control event sent to quorum (4 out of 4)
2026-09-16T03:47:42.524304240Z [34m2026-09-16 03:47:42.524 UTC 006f INFO[0m [Batcher1Shard1] [34;1mfunc3[0m -> [shard1party2-arma] Fetched batch 9 with 50 transactions
2026-09-16T03:47:42.524304962Z [34m2026-09-16 03:47:42.524 UTC 006f INFO[0m [Batcher4Shard1] [34;1mfunc3[0m -> [shard1party2-arma] Fetched batch 9 with 50 transactions
2026-09-16T03:47:42.524305769Z [34m2026-09-16 03:47:42.524 UTC 006f INFO[0m [Batcher3Shard1] [34;1mfunc3[0m -> [shard1party2-arma] Fetched batch 9 with 50 transactions
2026-09-16T03:47:42.524306519Z [34m2026-09-16 03:47:42.524 UTC 0070 INFO[0m [Batcher1Shard1] [34;1mrunSecondary[0m -> Secondary batcher 1 (shard 1; current primary 2) appending to ledger batch with seq 9 and 50 requests
2026-09-16T03:47:42.524307257Z [34m2026-09-16 03:47:42.524 UTC 0070 INFO[0m [Batcher3Shard1] [34;1mrunSecondary[0m -> Secondary batcher 3 (shard 1; current primary 2) appending to ledger batch with seq 9 and 50 requests
2026-09-16T03:47:42.524405824Z [34m2026-09-16 03:47:42.524 UTC 0063 INFO[0m [Assembler2] [34;1mfunc3[0m -> Assembler pulled from 172.29.0.10:6124 batch Sh,Pr,Sq,Dg: <1,2,9,1ce34e24e95917b3d67a67c4cfff1f73f996fb87295ebb21f582f35e6dd1969d>
2026-09-16T03:47:42.524645418Z [34m2026-09-16 03:47:42.524 UTC 0070 INFO[0m [Batcher4Shard1] [34;1mrunSecondary[0m -> Secondary batcher 4 (shard 1; current primary 2) appending to ledger batch with seq 9 and 50 requests
2026-09-16T03:47:42.527632196Z [34m2026-09-16 03:47:42.527 UTC 0071 INFO[0m [Batcher1Shard1] [34;1mSendBAF[0m -> Sending batch attestation fragment for seq 9 with digest 1ce34e24e95917b3d67a67c4cfff1f73f996fb87295ebb21f582f35e6dd1969d
2026-09-16T03:47:42.527642215Z [34m2026-09-16 03:47:42.527 UTC 0072 INFO[0m [Batcher1Shard1] [34;1mfunc1[0m -> Sending control event took 9.226µs
2026-09-16T03:47:42.527644092Z [34m2026-09-16 03:47:42.527 UTC 0073 INFO[0m [Batcher1Shard1] [34;1mfunc1[0m -> Sending control event took 2.466µs
2026-09-16T03:47:42.527645224Z [34m2026-09-16 03:47:42.527 UTC 0074 INFO[0m [Batcher1Shard1] [34;1mfunc1[0m -> Sending control event took 10.501µs
2026-09-16T03:47:42.527645971Z [34m2026-09-16 03:47:42.527 UTC 0075 INFO[0m [Batcher1Shard1] [34;1mfunc1[0m -> Sending control event took 15.996µs
2026-09-16T03:47:42.527646600Z [34m2026-09-16 03:47:42.527 UTC 0076 INFO[0m [Batcher1Shard1] [34;1mBroadcastControlEvent[0m -> Control event sent to quorum (4 out of 4)
2026-09-16T03:47:42.527850387Z [34m2026-09-16 03:47:42.527 UTC 0063 INFO[0m [Assembler1] [34;1mfunc3[0m -> Assembler pulled from 172.29.0.10:6024 batch Sh,Pr,Sq,Dg: <1,2,9,1ce34e24e95917b3d67a67c4cfff1f73f996fb87295ebb21f582f35e6dd1969d>
2026-09-16T03:47:42.528567596Z [34m2026-09-16 03:47:42.528 UTC 0071 INFO[0m [Batcher3Shard1] [34;1mSendBAF[0m -> Sending batch attestation fragment for seq 9 with digest 1ce34e24e95917b3d67a67c4cfff1f73f996fb87295ebb21f582f35e6dd1969d
2026-09-16T03:47:42.528572993Z [34m2026-09-16 03:47:42.528 UTC 0071 INFO[0m [Batcher4Shard1] [34;1mSendBAF[0m -> Sending batch attestation fragment for seq 9 with digest 1ce34e24e95917b3d67a67c4cfff1f73f996fb87295ebb21f582f35e6dd1969d
2026-09-16T03:47:42.528574339Z [34m2026-09-16 03:47:42.528 UTC 0072 INFO[0m [Batcher3Shard1] [34;1mfunc1[0m -> Sending control event took 8.489µs
2026-09-16T03:47:42.528575378Z [34m2026-09-16 03:47:42.528 UTC 0072 INFO[0m [Batcher4Shard1] [34;1mfunc1[0m -> Sending control event took 8.507µs
2026-09-16T03:47:42.528579470Z [34m2026-09-16 03:47:42.528 UTC 0073 INFO[0m [Batcher3Shard1] [34;1mfunc1[0m -> Sending control event took 2.338µs
2026-09-16T03:47:42.528580462Z [34m2026-09-16 03:47:42.528 UTC 0073 INFO[0m [Batcher4Shard1] [34;1mfunc1[0m -> Sending control event took 2.806µs
2026-09-16T03:47:42.528581153Z [34m2026-09-16 03:47:42.528 UTC 0074 INFO[0m [Batcher3Shard1] [34;1mfunc1[0m -> Sending control event took 8.518µs
2026-09-16T03:47:42.528581824Z [34m2026-09-16 03:47:42.528 UTC 0074 INFO[0m [Batcher4Shard1] [34;1mfunc1[0m -> Sending control event took 2.361µs
2026-09-16T03:47:42.528582452Z [34m2026-09-16 03:47:42.528 UTC 0075 INFO[0m [Batcher3Shard1] [34;1mfunc1[0m -> Sending control event took 2.377µs
2026-09-16T03:47:42.528583071Z [34m2026-09-16 03:47:42.528 UTC 0075 INFO[0m [Batcher4Shard1] [34;1mfunc1[0m -> Sending control event took 9.192µs
2026-09-16T03:47:42.528583686Z [34m2026-09-16 03:47:42.528 UTC 0076 INFO[0m [Batcher3Shard1] [34;1mBroadcastControlEvent[0m -> Control event sent to quorum (4 out of 4)
2026-09-16T03:47:42.528584424Z [34m2026-09-16 03:47:42.528 UTC 0076 INFO[0m [Batcher4Shard1] [34;1mBroadcastControlEvent[0m -> Control event sent to quorum (4 out of 4)
2026-09-16T03:47:42.528953918Z [34m2026-09-16 03:47:42.528 UTC 0063 INFO[0m [Assembler4] [34;1mfunc3[0m -> Assembler pulled from 172.29.0.10:6324 batch Sh,Pr,Sq,Dg: <1,2,9,1ce34e24e95917b3d67a67c4cfff1f73f996fb87295ebb21f582f35e6dd1969d>
2026-09-16T03:47:42.528959895Z [34m2026-09-16 03:47:42.528 UTC 0063 INFO[0m [Assembler3] [34;1mfunc3[0m -> Assembler pulled from 172.29.0.10:6224 batch Sh,Pr,Sq,Dg: <1,2,9,1ce34e24e95917b3d67a67c4cfff1f73f996fb87295ebb21f582f35e6dd1969d>
2026-09-16T03:47:42.614513224Z [34m2026-09-16 03:47:42.614 UTC 0075 INFO[0m [Consensus1] [34;1mAssembleProposal[0m -> Creating proposal with 1 attestations and new state: State{N: 4, Quorum: 3, Threshold: 2, ShardCount: 1, 
2026-09-16T03:47:42.614528499Z Pending: none, 
2026-09-16T03:47:42.614529935Z Complaints: none}
2026-09-16T03:47:42.614539182Z [34m2026-09-16 03:47:42.614 UTC 0076 INFO[0m [Consensus1] [34;1mAssembleProposal[0m -> Proposing available common data block: number=10, prevHash=f4781cfd3616cc466b34850b723197ff5816c9c13c4d51deb40c4f9c7262558c, dataHash=1ce34e24e95917b3d67a67c4cfff1f73f996fb87295ebb21f582f35e6dd1969d, numOfReqs=50, decisionNum=10, blockIndex=0/1, lastConfigBlockNum=0
2026-09-16T03:47:42.618623882Z [34m2026-09-16 03:47:42.618 UTC 0077 INFO[0m [Consensus1] [34;1mprocessProposal[0m -> Processed proposal with seq 10
2026-09-16T03:47:42.620448574Z [34m2026-09-16 03:47:42.620 UTC 0063 INFO[0m [Consensus2] [34;1mprocessProposal[0m -> Processed proposal with seq 10
2026-09-16T03:47:42.620452528Z [34m2026-09-16 03:47:42.620 UTC 0063 INFO[0m [Consensus3] [34;1mprocessProposal[0m -> Processed proposal with seq 10
2026-09-16T03:47:42.620553337Z [34m2026-09-16 03:47:42.620 UTC 0064 INFO[0m [Consensus2] [34;1mprocessPrepares[0m -> 2 collected 2 prepares from [1 3]
2026-09-16T03:47:42.621226496Z [34m2026-09-16 03:47:42.620 UTC 0078 INFO[0m [Consensus1] [34;1mprocessPrepares[0m -> 1 collected 2 prepares from [3 2]
2026-09-16T03:47:42.621232870Z [34m2026-09-16 03:47:42.620 UTC 0064 INFO[0m [Consensus3] [34;1mprocessPrepares[0m -> 3 collected 2 prepares from [1 2]
2026-09-16T03:47:42.622183533Z [34m2026-09-16 03:47:42.622 UTC 0063 INFO[0m [Consensus4] [34;1mprocessProposal[0m -> Processed proposal with seq 10
2026-09-16T03:47:42.622203421Z [34m2026-09-16 03:47:42.622 UTC 0064 INFO[0m [Consensus4] [34;1mprocessPrepares[0m -> 4 collected 2 prepares from [1 3]
2026-09-16T03:47:42.623258884Z [34m2026-09-16 03:47:42.623 UTC 0065 INFO[0m [Consensus2] [34;1mprocessPrepares[0m -> Processed prepares for proposal with seq 10
2026-09-16T03:47:42.623262872Z [34m2026-09-16 03:47:42.623 UTC 0065 INFO[0m [Consensus3] [34;1mprocessPrepares[0m -> Processed prepares for proposal with seq 10
2026-09-16T03:47:42.623263812Z [34m2026-09-16 03:47:42.623 UTC 0079 INFO[0m [Consensus1] [34;1mprocessPrepares[0m -> Processed prepares for proposal with seq 10
2026-09-16T03:47:42.624147658Z [34m2026-09-16 03:47:42.623 UTC 007a INFO[0m [Consensus1] [34;1mprocessCommits[0m -> 1 collected 2 commits from [3 2]
2026-09-16T03:47:42.624153938Z [34m2026-09-16 03:47:42.623 UTC 007b INFO[0m [Consensus1] [34;1mprepared[0m -> 1 processed commits for proposal with seq 10
2026-09-16T03:47:42.624155427Z [34m2026-09-16 03:47:42.623 UTC 007c INFO[0m [Consensus1] [34;1mdecide[0m -> Deciding on seq 10
2026-09-16T03:47:42.624156527Z [34m2026-09-16 03:47:42.623 UTC 007d INFO[0m [Consensus1] [34;1mstartNextSeq[0m -> Sequence: 10-->11
2026-09-16T03:47:42.624157414Z [34m2026-09-16 03:47:42.623 UTC 0066 INFO[0m [Consensus2] [34;1mprocessCommits[0m -> 2 collected 2 commits from [1 3]
2026-09-16T03:47:42.624158152Z [34m2026-09-16 03:47:42.623 UTC 0067 INFO[0m [Consensus2] [34;1mprepared[0m -> 2 processed commits for proposal with seq 10
2026-09-16T03:47:42.624166246Z [34m2026-09-16 03:47:42.623 UTC 0068 INFO[0m [Consensus2] [34;1mdecide[0m -> Deciding on seq 10
2026-09-16T03:47:42.624167057Z [34m2026-09-16 03:47:42.623 UTC 0069 INFO[0m [Consensus2] [34;1mstartNextSeq[0m -> Sequence: 10-->11
2026-09-16T03:47:42.624167749Z [34m2026-09-16 03:47:42.623 UTC 0066 INFO[0m [Consensus3] [34;1mprocessCommits[0m -> 3 collected 2 commits from [2 1]
2026-09-16T03:47:42.624168434Z [34m2026-09-16 03:47:42.623 UTC 0067 INFO[0m [Consensus3] [34;1mprepared[0m -> 3 processed commits for proposal with seq 10
2026-09-16T03:47:42.624169057Z [34m2026-09-16 03:47:42.623 UTC 0068 INFO[0m [Consensus3] [34;1mdecide[0m -> Deciding on seq 10
2026-09-16T03:47:42.624169693Z [34m2026-09-16 03:47:42.623 UTC 0069 INFO[0m [Consensus3] [34;1mstartNextSeq[0m -> Sequence: 10-->11
2026-09-16T03:47:42.625170253Z [34m2026-09-16 03:47:42.625 UTC 0065 INFO[0m [Consensus4] [34;1mprocessPrepares[0m -> Processed prepares for proposal with seq 10
2026-09-16T03:47:42.625651560Z [34m2026-09-16 03:47:42.625 UTC 0066 INFO[0m [Consensus4] [34;1mprocessCommits[0m -> 4 collected 2 commits from [1 2]
2026-09-16T03:47:42.625657488Z [34m2026-09-16 03:47:42.625 UTC 0067 INFO[0m [Consensus4] [34;1mprepared[0m -> 4 processed commits for proposal with seq 10
2026-09-16T03:47:42.625659094Z [34m2026-09-16 03:47:42.625 UTC 0068 INFO[0m [Consensus4] [34;1mdecide[0m -> Deciding on seq 10
2026-09-16T03:47:42.625660308Z [34m2026-09-16 03:47:42.625 UTC 0069 INFO[0m [Consensus4] [34;1mstartNextSeq[0m -> Sequence: 10-->11
2026-09-16T03:47:42.628713177Z [34m2026-09-16 03:47:42.628 UTC 0064 INFO[0m [Assembler3] [34;1mfunc3[0m -> Decision 10, with 1 AvailableCommonBlocks
2026-09-16T03:47:42.628722556Z [34m2026-09-16 03:47:42.628 UTC 0065 INFO[0m [Assembler3] [34;1mfunc3[0m -> BA index: 0; BatchID: Sh,Pr,Sq,Dg: <1,2,9,1ce34e24e95917b3d67a67c4cfff1f73f996fb87295ebb21f582f35e6dd1969d>; Common Block: Number: 10, PreviousHash: f4781cfd3616cc466b34850b723197ff5816c9c13c4d51deb40c4f9c7262558c, DataHash: 1ce34e24e95917b3d67a67c4cfff1f73f996fb87295ebb21f582f35e6dd1969d; BA block signers: [2 1 3]
2026-09-16T03:47:42.628863498Z [34m2026-09-16 03:47:42.628 UTC 0064 INFO[0m [Assembler1] [34;1mfunc3[0m -> Decision 10, with 1 AvailableCommonBlocks
2026-09-16T03:47:42.628869654Z [34m2026-09-16 03:47:42.628 UTC 0065 INFO[0m [Assembler1] [34;1mfunc3[0m -> BA index: 0; BatchID: Sh,Pr,Sq,Dg: <1,2,9,1ce34e24e95917b3d67a67c4cfff1f73f996fb87295ebb21f582f35e6dd1969d>; Common Block: Number: 10, PreviousHash: f4781cfd3616cc466b34850b723197ff5816c9c13c4d51deb40c4f9c7262558c, DataHash: 1ce34e24e95917b3d67a67c4cfff1f73f996fb87295ebb21f582f35e6dd1969d; BA block signers: [3 2 1]
2026-09-16T03:47:42.628879855Z [34m2026-09-16 03:47:42.628 UTC 0064 INFO[0m [Assembler2] [34;1mfunc3[0m -> Decision 10, with 1 AvailableCommonBlocks
2026-09-16T03:47:42.628881183Z [34m2026-09-16 03:47:42.628 UTC 0065 INFO[0m [Assembler2] [34;1mfunc3[0m -> BA index: 0; BatchID: Sh,Pr,Sq,Dg: <1,2,9,1ce34e24e95917b3d67a67c4cfff1f73f996fb87295ebb21f582f35e6dd1969d>; Common Block: Number: 10, PreviousHash: f4781cfd3616cc466b34850b723197ff5816c9c13c4d51deb40c4f9c7262558c, DataHash: 1ce34e24e95917b3d67a67c4cfff1f73f996fb87295ebb21f582f35e6dd1969d; BA block signers: [1 3 2]
2026-09-16T03:47:42.630471516Z [34m2026-09-16 03:47:42.630 UTC 0064 INFO[0m [Assembler4] [34;1mfunc3[0m -> Decision 10, with 1 AvailableCommonBlocks
2026-09-16T03:47:42.630491261Z [34m2026-09-16 03:47:42.630 UTC 0065 INFO[0m [Assembler4] [34;1mfunc3[0m -> BA index: 0; BatchID: Sh,Pr,Sq,Dg: <1,2,9,1ce34e24e95917b3d67a67c4cfff1f73f996fb87295ebb21f582f35e6dd1969d>; Common Block: Number: 10, PreviousHash: f4781cfd3616cc466b34850b723197ff5816c9c13c4d51deb40c4f9c7262558c, DataHash: 1ce34e24e95917b3d67a67c4cfff1f73f996fb87295ebb21f582f35e6dd1969d; BA block signers: [1 2 4]
2026-09-16T03:47:42.633786603Z [34m2026-09-16 03:47:42.633 UTC 0066 INFO[0m [Assembler2] [34;1mfunc1[0m -> Appended block 10 of 50 requests to ledger in 4.796403ms
2026-09-16T03:47:42.633796378Z [34m2026-09-16 03:47:42.633 UTC 0066 INFO[0m [Assembler1] [34;1mfunc1[0m -> Appended block 10 of 50 requests to ledger in 4.901353ms
2026-09-16T03:47:42.633798043Z [34m2026-09-16 03:47:42.633 UTC 0066 INFO[0m [Assembler3] [34;1mfunc1[0m -> Appended block 10 of 50 requests to ledger in 5.030849ms
2026-09-16T03:47:42.635033449Z [34m2026-09-16 03:47:42.634 UTC 0066 INFO[0m [Assembler4] [34;1mfunc1[0m -> Appended block 10 of 50 requests to ledger in 4.593578ms
2026-09-16T03:47:43.525045556Z [34m2026-09-16 03:47:43.524 UTC 006d INFO[0m [Batcher2Shard1] [34;1mrunPrimary[0m -> Batcher batched a total of 50 requests for sequence 10
2026-09-16T03:47:43.528343586Z [34m2026-09-16 03:47:43.528 UTC 006e INFO[0m [Batcher2Shard1] [34;1mSendBAF[0m -> Sending batch attestation fragment for seq 10 with digest c2b7bd8877ee59d4d70724f2e9adabe1fe39a4e754fb9a6ec163cb0ff588d886
2026-09-16T03:47:43.528354960Z [34m2026-09-16 03:47:43.528 UTC 006f INFO[0m [Batcher2Shard1] [34;1mfunc1[0m -> Sending control event took 21.785µs
2026-09-16T03:47:43.528437331Z [34m2026-09-16 03:47:43.528 UTC 0070 INFO[0m [Batcher2Shard1] [34;1mfunc1[0m -> Sending control event took 4.67µs
2026-09-16T03:47:43.528444179Z [34m2026-09-16 03:47:43.528 UTC 0071 INFO[0m [Batcher2Shard1] [34;1mfunc1[0m -> Sending control event took 11.184µs
2026-09-16T03:47:43.528446020Z [34m2026-09-16 03:47:43.528 UTC 0072 INFO[0m [Batcher2Shard1] [34;1mfunc1[0m -> Sending control event took 13.475µs
2026-09-16T03:47:43.528447420Z [34m2026-09-16 03:47:43.528 UTC 0073 INFO[0m [Batcher2Shard1] [34;1mBroadcastControlEvent[0m -> Control event sent to quorum (4 out of 4)
2026-09-16T03:47:43.528606646Z [34m2026-09-16 03:47:43.528 UTC 0077 INFO[0m [Batcher1Shard1] [34;1mfunc3[0m -> [shard1party2-arma] Fetched batch 10 with 50 transactions
2026-09-16T03:47:43.528612657Z [34m2026-09-16 03:47:43.528 UTC 0077 INFO[0m [Batcher3Shard1] [34;1mfunc3[0m -> [shard1party2-arma] Fetched batch 10 with 50 transactions
2026-09-16T03:47:43.528621364Z [34m2026-09-16 03:47:43.528 UTC 0077 INFO[0m [Batcher4Shard1] [34;1mfunc3[0m -> [shard1party2-arma] Fetched batch 10 with 50 transactions
2026-09-16T03:47:43.528678475Z [34m2026-09-16 03:47:43.528 UTC 0067 INFO[0m [Assembler2] [34;1mfunc3[0m -> Assembler pulled from 172.29.0.10:6124 batch Sh,Pr,Sq,Dg: <1,2,10,c2b7bd8877ee59d4d70724f2e9adabe1fe39a4e754fb9a6ec163cb0ff588d886>
2026-09-16T03:47:43.528720119Z [34m2026-09-16 03:47:43.528 UTC 0078 INFO[0m [Batcher3Shard1] [34;1mrunSecondary[0m -> Secondary batcher 3 (shard 1; current primary 2) appending to ledger batch with seq 10 and 50 requests
2026-09-16T03:47:43.528724824Z [34m2026-09-16 03:47:43.528 UTC 0078 INFO[0m [Batcher1Shard1] [34;1mrunSecondary[0m -> Secondary batcher 1 (shard 1; current primary 2) appending to ledger batch with seq 10 and 50 requests
2026-09-16T03:47:43.528843251Z [34m2026-09-16 03:47:43.528 UTC 0078 INFO[0m [Batcher4Shard1] [34;1mrunSecondary[0m -> Secondary batcher 4 (shard 1; current primary 2) appending to ledger batch with seq 10 and 50 requests
2026-09-16T03:47:43.532078325Z [34m2026-09-16 03:47:43.532 UTC 0079 INFO[0m [Batcher3Shard1] [34;1mSendBAF[0m -> Sending batch attestation fragment for seq 10 with digest c2b7bd8877ee59d4d70724f2e9adabe1fe39a4e754fb9a6ec163cb0ff588d886
2026-09-16T03:47:43.532087573Z [34m2026-09-16 03:47:43.532 UTC 007a INFO[0m [Batcher3Shard1] [34;1mfunc1[0m -> Sending control event took 11.959µs
2026-09-16T03:47:43.532089513Z [34m2026-09-16 03:47:43.532 UTC 007b INFO[0m [Batcher3Shard1] [34;1mfunc1[0m -> Sending control event took 11.887µs
2026-09-16T03:47:43.532090543Z [34m2026-09-16 03:47:43.532 UTC 007c INFO[0m [Batcher3Shard1] [34;1mfunc1[0m -> Sending control event took 2.624µs
2026-09-16T03:47:43.532141354Z [34m2026-09-16 03:47:43.532 UTC 007d INFO[0m [Batcher3Shard1] [34;1mfunc1[0m -> Sending control event took 10.077µs
2026-09-16T03:47:43.532146601Z [34m2026-09-16 03:47:43.532 UTC 007e INFO[0m [Batcher3Shard1] [34;1mBroadcastControlEvent[0m -> Control event sent to quorum (4 out of 4)
2026-09-16T03:47:43.532358008Z [34m2026-09-16 03:47:43.532 UTC 0067 INFO[0m [Assembler3] [34;1mfunc3[0m -> Assembler pulled from 172.29.0.10:6224 batch Sh,Pr,Sq,Dg: <1,2,10,c2b7bd8877ee59d4d70724f2e9adabe1fe39a4e754fb9a6ec163cb0ff588d886>
2026-09-16T03:47:43.532999198Z [34m2026-09-16 03:47:43.532 UTC 0079 INFO[0m [Batcher1Shard1] [34;1mSendBAF[0m -> Sending batch attestation fragment for seq 10 with digest c2b7bd8877ee59d4d70724f2e9adabe1fe39a4e754fb9a6ec163cb0ff588d886
2026-09-16T03:47:43.533002288Z [34m2026-09-16 03:47:43.532 UTC 007a INFO[0m [Batcher1Shard1] [34;1mfunc1[0m -> Sending control event took 6.701µs
2026-09-16T03:47:43.533003502Z [34m2026-09-16 03:47:43.532 UTC 007b INFO[0m [Batcher1Shard1] [34;1mfunc1[0m -> Sending control event took 1.529µs
2026-09-16T03:47:43.533027464Z [34m2026-09-16 03:47:43.532 UTC 007c INFO[0m [Batcher1Shard1] [34;1mfunc1[0m -> Sending control event took 1.351µs
2026-09-16T03:47:43.533037482Z [34m2026-09-16 03:47:43.532 UTC 007d INFO[0m [Batcher1Shard1] [34;1mfunc1[0m -> Sending control event took 9.909µs
2026-09-16T03:47:43.533038762Z [34m2026-09-16 03:47:43.533 UTC 007e INFO[0m [Batcher1Shard1] [34;1mBroadcastControlEvent[0m -> Control event sent to quorum (4 out of 4)
2026-09-16T03:47:43.533380208Z [34m2026-09-16 03:47:43.533 UTC 0079 INFO[0m [Batcher4Shard1] [34;1mSendBAF[0m -> Sending batch attestation fragment for seq 10 with digest c2b7bd8877ee59d4d70724f2e9adabe1fe39a4e754fb9a6ec163cb0ff588d886
2026-09-16T03:47:43.533388354Z [34m2026-09-16 03:47:43.533 UTC 007a INFO[0m [Batcher4Shard1] [34;1mfunc1[0m -> Sending control event took 10.546µs
2026-09-16T03:47:43.533390199Z [34m2026-09-16 03:47:43.533 UTC 007b INFO[0m [Batcher4Shard1] [34;1mfunc1[0m -> Sending control event took 3.484µs
2026-09-16T03:47:43.533391415Z [34m2026-09-16 03:47:43.533 UTC 0067 INFO[0m [Assembler1] [34;1mfunc3[0m -> Assembler pulled from 172.29.0.10:6024 batch Sh,Pr,Sq,Dg: <1,2,10,c2b7bd8877ee59d4d70724f2e9adabe1fe39a4e754fb9a6ec163cb0ff588d886>
2026-09-16T03:47:43.533392507Z [34m2026-09-16 03:47:43.533 UTC 007c INFO[0m [Batcher4Shard1] [34;1mfunc1[0m -> Sending control event took 11.837µs
2026-09-16T03:47:43.533612976Z [34m2026-09-16 03:47:43.533 UTC 007d INFO[0m [Batcher4Shard1] [34;1mfunc1[0m -> Sending control event took 6.544µs
2026-09-16T03:47:43.533618908Z [34m2026-09-16 03:47:43.533 UTC 007e INFO[0m [Batcher4Shard1] [34;1mBroadcastControlEvent[0m -> Control event sent to quorum (4 out of 4)
2026-09-16T03:47:43.533620079Z [34m2026-09-16 03:47:43.533 UTC 0067 INFO[0m [Assembler4] [34;1mfunc3[0m -> Assembler pulled from 172.29.0.10:6324 batch Sh,Pr,Sq,Dg: <1,2,10,c2b7bd8877ee59d4d70724f2e9adabe1fe39a4e754fb9a6ec163cb0ff588d886>
2026-09-16T03:47:43.628959138Z [34m2026-09-16 03:47:43.628 UTC 007e INFO[0m [Consensus1] [34;1mAssembleProposal[0m -> Creating proposal with 1 attestations and new state: State{N: 4, Quorum: 3, Threshold: 2, ShardCount: 1, 
2026-09-16T03:47:43.628979720Z Pending: none, 
2026-09-16T03:47:43.628981211Z Complaints: none}
2026-09-16T03:47:43.628982332Z [34m2026-09-16 03:47:43.628 UTC 007f INFO[0m [Consensus1] [34;1mAssembleProposal[0m -> Proposing available common data block: number=11, prevHash=42e8ffca89049cf2dc3b1d6c0d0ee1683ceca5f935ce5270b03d69c723b6e114, dataHash=c2b7bd8877ee59d4d70724f2e9adabe1fe39a4e754fb9a6ec163cb0ff588d886, numOfReqs=50, decisionNum=11, blockIndex=0/1, lastConfigBlockNum=0
2026-09-16T03:47:43.631199541Z [34m2026-09-16 03:47:43.631 UTC 0080 INFO[0m [Consensus1] [34;1mprocessProposal[0m -> Processed proposal with seq 11
2026-09-16T03:47:43.633640057Z [34m2026-09-16 03:47:43.633 UTC 006a INFO[0m [Consensus2] [34;1mprocessProposal[0m -> Processed proposal with seq 11
2026-09-16T03:47:43.633645533Z [34m2026-09-16 03:47:43.633 UTC 006a INFO[0m [Consensus3] [34;1mprocessProposal[0m -> Processed proposal with seq 11
2026-09-16T03:47:43.633795818Z [34m2026-09-16 03:47:43.633 UTC 006b INFO[0m [Consensus2] [34;1mprocessPrepares[0m -> 2 collected 2 prepares from [1 3]
2026-09-16T03:47:43.633805001Z [34m2026-09-16 03:47:43.633 UTC 006b INFO[0m [Consensus3] [34;1mprocessPrepares[0m -> 3 collected 2 prepares from [1 2]
2026-09-16T03:47:43.633806402Z [34m2026-09-16 03:47:43.633 UTC 0081 INFO[0m [Consensus1] [34;1mprocessPrepares[0m -> 1 collected 2 prepares from [2 3]
2026-09-16T03:47:43.634908135Z [34m2026-09-16 03:47:43.634 UTC 006a INFO[0m [Consensus4] [34;1mprocessProposal[0m -> Processed proposal with seq 11
2026-09-16T03:47:43.634913961Z [34m2026-09-16 03:47:43.634 UTC 006b INFO[0m [Consensus4] [34;1mprocessPrepares[0m -> 4 collected 2 prepares from [1 2]
2026-09-16T03:47:43.636581274Z [34m2026-09-16 03:47:43.636 UTC 006c INFO[0m [Consensus2] [34;1mprocessPrepares[0m -> Processed prepares for proposal with seq 11
2026-09-16T03:47:43.636587611Z [34m2026-09-16 03:47:43.636 UTC 0082 INFO[0m [Consensus1] [34;1mprocessPrepares[0m -> Processed prepares for proposal with seq 11
2026-09-16T03:47:43.637896068Z [34m2026-09-16 03:47:43.637 UTC 006c INFO[0m [Consensus4] [34;1mprocessPrepares[0m -> Processed prepares for proposal with seq 11
2026-09-16T03:47:43.637905675Z [34m2026-09-16 03:47:43.637 UTC 006c INFO[0m [Consensus3] [34;1mprocessPrepares[0m -> Processed prepares for proposal with seq 11
2026-09-16T03:47:43.638194748Z [34m2026-09-16 03:47:43.638 UTC 006d INFO[0m [Consensus3] [34;1mprocessCommits[0m -> 3 collected 2 commits from [1 2]
2026-09-16T03:47:43.638200922Z [34m2026-09-16 03:47:43.638 UTC 006e INFO[0m [Consensus3] [34;1mprepared[0m -> 3 processed commits for proposal with seq 11
2026-09-16T03:47:43.638202386Z [34m2026-09-16 03:47:43.638 UTC 006f INFO[0m [Consensus3] [34;1mdecide[0m -> Deciding on seq 11
2026-09-16T03:47:43.638203238Z [34m2026-09-16 03:47:43.638 UTC 0070 INFO[0m [Consensus3] [34;1mstartNextSeq[0m -> Sequence: 11-->12
2026-09-16T03:47:43.638203935Z [34m2026-09-16 03:47:43.638 UTC 006d INFO[0m [Consensus4] [34;1mprocessCommits[0m -> 4 collected 2 commits from [1 2]
2026-09-16T03:47:43.638204606Z [34m2026-09-16 03:47:43.638 UTC 006e INFO[0m [Consensus4] [34;1mprepared[0m -> 4 processed commits for proposal with seq 11
2026-09-16T03:47:43.638205215Z [34m2026-09-16 03:47:43.638 UTC 006f INFO[0m [Consensus4] [34;1mdecide[0m -> Deciding on seq 11
2026-09-16T03:47:43.638205849Z [34m2026-09-16 03:47:43.638 UTC 0070 INFO[0m [Consensus4] [34;1mstartNextSeq[0m -> Sequence: 11-->12
2026-09-16T03:47:43.638206467Z [34m2026-09-16 03:47:43.638 UTC 006d INFO[0m [Consensus2] [34;1mprocessCommits[0m -> 2 collected 2 commits from [1 3]
2026-09-16T03:47:43.638207051Z [34m2026-09-16 03:47:43.638 UTC 006e INFO[0m [Consensus2] [34;1mprepared[0m -> 2 processed commits for proposal with seq 11
2026-09-16T03:47:43.638214448Z [34m2026-09-16 03:47:43.638 UTC 006f INFO[0m [Consensus2] [34;1mdecide[0m -> Deciding on seq 11
2026-09-16T03:47:43.638215295Z [34m2026-09-16 03:47:43.638 UTC 0070 INFO[0m [Consensus2] [34;1mstartNextSeq[0m -> Sequence: 11-->12
2026-09-16T03:47:43.638215941Z [34m2026-09-16 03:47:43.638 UTC 0083 INFO[0m [Consensus1] [34;1mprocessCommits[0m -> 1 collected 2 commits from [2 3]
2026-09-16T03:47:43.638216557Z [34m2026-09-16 03:47:43.638 UTC 0084 INFO[0m [Consensus1] [34;1mprepared[0m -> 1 processed commits for proposal with seq 11
2026-09-16T03:47:43.638217185Z [34m2026-09-16 03:47:43.638 UTC 0085 INFO[0m [Consensus1] [34;1mdecide[0m -> Deciding on seq 11
2026-09-16T03:47:43.638225370Z [34m2026-09-16 03:47:43.638 UTC 0086 INFO[0m [Consensus1] [34;1mstartNextSeq[0m -> Sequence: 11-->12
2026-09-16T03:47:43.641885076Z [34m2026-09-16 03:47:43.641 UTC 0071 INFO[0m [Consensus4] [34;1mprocessMsg[0m -> 4 got message from 2 with sequence 10 but our sequence is 12
2026-09-16T03:47:43.641920114Z [34m2026-09-16 03:47:43.641 UTC 0068 INFO[0m [Assembler1] [34;1mfunc3[0m -> Decision 11, with 1 AvailableCommonBlocks
2026-09-16T03:47:43.642106641Z [34m2026-09-16 03:47:43.641 UTC 0069 INFO[0m [Assembler1] [34;1mfunc3[0m -> BA index: 0; BatchID: Sh,Pr,Sq,Dg: <1,2,10,c2b7bd8877ee59d4d70724f2e9adabe1fe39a4e754fb9a6ec163cb0ff588d886>; Common Block: Number: 11, PreviousHash: 42e8ffca89049cf2dc3b1d6c0d0ee1683ceca5f935ce5270b03d69c723b6e114, DataHash: c2b7bd8877ee59d4d70724f2e9adabe1fe39a4e754fb9a6ec163cb0ff588d886; BA block signers: [2 3 1]
2026-09-16T03:47:43.642113640Z [34m2026-09-16 03:47:43.641 UTC 0068 INFO[0m [Assembler4] [34;1mfunc3[0m -> Decision 11, with 1 AvailableCommonBlocks
2026-09-16T03:47:43.642115208Z [34m2026-09-16 03:47:43.641 UTC 0069 INFO[0m [Assembler4] [34;1mfunc3[0m -> BA index: 0; BatchID: Sh,Pr,Sq,Dg: <1,2,10,c2b7bd8877ee59d4d70724f2e9adabe1fe39a4e754fb9a6ec163cb0ff588d886>; Common Block: Number: 11, PreviousHash: 42e8ffca89049cf2dc3b1d6c0d0ee1683ceca5f935ce5270b03d69c723b6e114, DataHash: c2b7bd8877ee59d4d70724f2e9adabe1fe39a4e754fb9a6ec163cb0ff588d886; BA block signers: [1 2 4]
2026-09-16T03:47:43.642116464Z [34m2026-09-16 03:47:43.641 UTC 0068 INFO[0m [Assembler2] [34;1mfunc3[0m -> Decision 11, with 1 AvailableCommonBlocks
2026-09-16T03:47:43.642117380Z [34m2026-09-16 03:47:43.641 UTC 0069 INFO[0m [Assembler2] [34;1mfunc3[0m -> BA index: 0; BatchID: Sh,Pr,Sq,Dg: <1,2,10,c2b7bd8877ee59d4d70724f2e9adabe1fe39a4e754fb9a6ec163cb0ff588d886>; Common Block: Number: 11, PreviousHash: 42e8ffca89049cf2dc3b1d6c0d0ee1683ceca5f935ce5270b03d69c723b6e114, DataHash: c2b7bd8877ee59d4d70724f2e9adabe1fe39a4e754fb9a6ec163cb0ff588d886; BA block signers: [1 3 2]
2026-09-16T03:47:43.643593144Z [34m2026-09-16 03:47:43.643 UTC 0068 INFO[0m [Assembler3] [34;1mfunc3[0m -> Decision 11, with 1 AvailableCommonBlocks
2026-09-16T03:47:43.643598729Z [34m2026-09-16 03:47:43.643 UTC 0069 INFO[0m [Assembler3] [34;1mfunc3[0m -> BA index: 0; BatchID: Sh,Pr,Sq,Dg: <1,2,10,c2b7bd8877ee59d4d70724f2e9adabe1fe39a4e754fb9a6ec163cb0ff588d886>; Common Block: Number: 11, PreviousHash: 42e8ffca89049cf2dc3b1d6c0d0ee1683ceca5f935ce5270b03d69c723b6e114, DataHash: c2b7bd8877ee59d4d70724f2e9adabe1fe39a4e754fb9a6ec163cb0ff588d886; BA block signers: [1 2 3]
2026-09-16T03:47:43.646983370Z [34m2026-09-16 03:47:43.646 UTC 006a INFO[0m [Assembler2] [34;1mfunc1[0m -> Appended block 11 of 50 requests to ledger in 4.865614ms
2026-09-16T03:47:43.646992399Z [34m2026-09-16 03:47:43.646 UTC 006a INFO[0m [Assembler1] [34;1mfunc1[0m -> Appended block 11 of 50 requests to ledger in 4.947242ms
2026-09-16T03:47:43.646994082Z [34m2026-09-16 03:47:43.646 UTC 006a INFO[0m [Assembler4] [34;1mfunc1[0m -> Appended block 11 of 50 requests to ledger in 4.937527ms
2026-09-16T03:47:43.648143686Z [34m2026-09-16 03:47:43.648 UTC 006a INFO[0m [Assembler3] [34;1mfunc1[0m -> Appended block 11 of 50 requests to ledger in 4.567591ms
2026-09-16T03:47:44.529145963Z [34m2026-09-16 03:47:44.528 UTC 0074 INFO[0m [Batcher2Shard1] [34;1mrunPrimary[0m -> Batcher batched a total of 50 requests for sequence 11
2026-09-16T03:47:44.532184307Z [34m2026-09-16 03:47:44.532 UTC 0075 INFO[0m [Batcher2Shard1] [34;1mSendBAF[0m -> Sending batch attestation fragment for seq 11 with digest e5111c95e18f8dc3276a48594e665ff6f32f67095a35b8e50099ffa73dcccf16
2026-09-16T03:47:44.532198656Z [34m2026-09-16 03:47:44.532 UTC 0076 INFO[0m [Batcher2Shard1] [34;1mfunc1[0m -> Sending control event took 23.107µs
2026-09-16T03:47:44.532203609Z [34m2026-09-16 03:47:44.532 UTC 0077 INFO[0m [Batcher2Shard1] [34;1mfunc1[0m -> Sending control event took 12.288µs
2026-09-16T03:47:44.532206428Z [34m2026-09-16 03:47:44.532 UTC 0078 INFO[0m [Batcher2Shard1] [34;1mfunc1[0m -> Sending control event took 16.747µs
2026-09-16T03:47:44.532208732Z [34m2026-09-16 03:47:44.532 UTC 0079 INFO[0m [Batcher2Shard1] [34;1mfunc1[0m -> Sending control event took 4.243µs
2026-09-16T03:47:44.532210960Z [34m2026-09-16 03:47:44.532 UTC 007a INFO[0m [Batcher2Shard1] [34;1mBroadcastControlEvent[0m -> Control event sent to quorum (4 out of 4)
2026-09-16T03:47:44.532596593Z [34m2026-09-16 03:47:44.532 UTC 007f INFO[0m [Batcher1Shard1] [34;1mfunc3[0m -> [shard1party2-arma] Fetched batch 11 with 50 transactions
2026-09-16T03:47:44.532603635Z [34m2026-09-16 03:47:44.532 UTC 007f INFO[0m [Batcher3Shard1] [34;1mfunc3[0m -> [shard1party2-arma] Fetched batch 11 with 50 transactions
2026-09-16T03:47:44.532605115Z [34m2026-09-16 03:47:44.532 UTC 0080 INFO[0m [Batcher1Shard1] [34;1mrunSecondary[0m -> Secondary batcher 1 (shard 1; current primary 2) appending to ledger batch with seq 11 and 50 requests
2026-09-16T03:47:44.532606024Z [34m2026-09-16 03:47:44.532 UTC 006b INFO[0m [Assembler2] [34;1mfunc3[0m -> Assembler pulled from 172.29.0.10:6124 batch Sh,Pr,Sq,Dg: <1,2,11,e5111c95e18f8dc3276a48594e665ff6f32f67095a35b8e50099ffa73dcccf16>
2026-09-16T03:47:44.532606822Z [34m2026-09-16 03:47:44.532 UTC 0080 INFO[0m [Batcher3Shard1] [34;1mrunSecondary[0m -> Secondary batcher 3 (shard 1; current primary 2) appending to ledger batch with seq 11 and 50 requests
2026-09-16T03:47:44.532622022Z [34m2026-09-16 03:47:44.532 UTC 007f INFO[0m [Batcher4Shard1] [34;1mfunc3[0m -> [shard1party2-arma] Fetched batch 11 with 50 transactions
2026-09-16T03:47:44.532981940Z [34m2026-09-16 03:47:44.532 UTC 0080 INFO[0m [Batcher4Shard1] [34;1mrunSecondary[0m -> Secondary batcher 4 (shard 1; current primary 2) appending to ledger batch with seq 11 and 50 requests
2026-09-16T03:47:44.536452391Z [34m2026-09-16 03:47:44.536 UTC 0081 INFO[0m [Batcher1Shard1] [34;1mSendBAF[0m -> Sending batch attestation fragment for seq 11 with digest e5111c95e18f8dc3276a48594e665ff6f32f67095a35b8e50099ffa73dcccf16
2026-09-16T03:47:44.536462746Z [34m2026-09-16 03:47:44.536 UTC 0082 INFO[0m [Batcher1Shard1] [34;1mfunc1[0m -> Sending control event took 9.728µs
2026-09-16T03:47:44.536466963Z [34m2026-09-16 03:47:44.536 UTC 0083 INFO[0m [Batcher1Shard1] [34;1mfunc1[0m -> Sending control event took 2.599µs
2026-09-16T03:47:44.536467874Z [34m2026-09-16 03:47:44.536 UTC 0084 INFO[0m [Batcher1Shard1] [34;1mfunc1[0m -> Sending control event took 2.269µs
2026-09-16T03:47:44.536468554Z [34m2026-09-16 03:47:44.536 UTC 0085 INFO[0m [Batcher1Shard1] [34;1mfunc1[0m -> Sending control event took 11.617µs
2026-09-16T03:47:44.536469196Z [34m2026-09-16 03:47:44.536 UTC 0086 INFO[0m [Batcher1Shard1] [34;1mBroadcastControlEvent[0m -> Control event sent to quorum (4 out of 4)
2026-09-16T03:47:44.536765567Z [34m2026-09-16 03:47:44.536 UTC 006b INFO[0m [Assembler1] [34;1mfunc3[0m -> Assembler pulled from 172.29.0.10:6024 batch Sh,Pr,Sq,Dg: <1,2,11,e5111c95e18f8dc3276a48594e665ff6f32f67095a35b8e50099ffa73dcccf16>
2026-09-16T03:47:44.537891098Z [34m2026-09-16 03:47:44.537 UTC 0081 INFO[0m [Batcher4Shard1] [34;1mSendBAF[0m -> Sending batch attestation fragment for seq 11 with digest e5111c95e18f8dc3276a48594e665ff6f32f67095a35b8e50099ffa73dcccf16
2026-09-16T03:47:44.537896014Z [34m2026-09-16 03:47:44.537 UTC 0082 INFO[0m [Batcher4Shard1] [34;1mfunc1[0m -> Sending control event took 9.382µs
2026-09-16T03:47:44.537897227Z [34m2026-09-16 03:47:44.537 UTC 0083 INFO[0m [Batcher4Shard1] [34;1mfunc1[0m -> Sending control event took 3.15µs
2026-09-16T03:47:44.538082227Z [34m2026-09-16 03:47:44.537 UTC 0081 INFO[0m [Batcher3Shard1] [34;1mSendBAF[0m -> Sending batch attestation fragment for seq 11 with digest e5111c95e18f8dc3276a48594e665ff6f32f67095a35b8e50099ffa73dcccf16
2026-09-16T03:47:44.538098893Z [34m2026-09-16 03:47:44.537 UTC 0084 INFO[0m [Batcher4Shard1] [34;1mfunc1[0m -> Sending control event took 11.976µs
2026-09-16T03:47:44.538103547Z [34m2026-09-16 03:47:44.537 UTC 0082 INFO[0m [Batcher3Shard1] [34;1mfunc1[0m -> Sending control event took 9.737µs
2026-09-16T03:47:44.538106149Z [34m2026-09-16 03:47:44.537 UTC 0085 INFO[0m [Batcher4Shard1] [34;1mfunc1[0m -> Sending control event took 10.845µs
2026-09-16T03:47:44.538126147Z [34m2026-09-16 03:47:44.537 UTC 0083 INFO[0m [Batcher3Shard1] [34;1mfunc1[0m -> Sending control event took 9.001µs
2026-09-16T03:47:44.538129428Z [34m2026-09-16 03:47:44.537 UTC 0086 INFO[0m [Batcher4Shard1] [34;1mBroadcastControlEvent[0m -> Control event sent to quorum (4 out of 4)
2026-09-16T03:47:44.538131966Z [34m2026-09-16 03:47:44.537 UTC 0084 INFO[0m [Batcher3Shard1] [34;1mfunc1[0m -> Sending control event took 4.39µs
2026-09-16T03:47:44.538134187Z [34m2026-09-16 03:47:44.537 UTC 0085 INFO[0m [Batcher3Shard1] [34;1mfunc1[0m -> Sending control event took 2.171µs
2026-09-16T03:47:44.538136441Z [34m2026-09-16 03:47:44.537 UTC 0086 INFO[0m [Batcher3Shard1] [34;1mBroadcastControlEvent[0m -> Control event sent to quorum (4 out of 4)
2026-09-16T03:47:44.538167115Z [34m2026-09-16 03:47:44.538 UTC 006b INFO[0m [Assembler4] [34;1mfunc3[0m -> Assembler pulled from 172.29.0.10:6324 batch Sh,Pr,Sq,Dg: <1,2,11,e5111c95e18f8dc3276a48594e665ff6f32f67095a35b8e50099ffa73dcccf16>
2026-09-16T03:47:44.538332443Z [34m2026-09-16 03:47:44.538 UTC 006b INFO[0m [Assembler3] [34;1mfunc3[0m -> Assembler pulled from 172.29.0.10:6224 batch Sh,Pr,Sq,Dg: <1,2,11,e5111c95e18f8dc3276a48594e665ff6f32f67095a35b8e50099ffa73dcccf16>
2026-09-16T03:47:44.643787536Z [34m2026-09-16 03:47:44.643 UTC 0087 INFO[0m [Consensus1] [34;1mAssembleProposal[0m -> Creating proposal with 1 attestations and new state: State{N: 4, Quorum: 3, Threshold: 2, ShardCount: 1, 
2026-09-16T03:47:44.643814577Z Pending: none, 
2026-09-16T03:47:44.643818066Z Complaints: none}
2026-09-16T03:47:44.643820571Z [34m2026-09-16 03:47:44.643 UTC 0088 INFO[0m [Consensus1] [34;1mAssembleProposal[0m -> Proposing available common data block: number=12, prevHash=b4517ec9070bf8c207642c59d626b994340c05637557caaa376622bf034b1822, dataHash=e5111c95e18f8dc3276a48594e665ff6f32f67095a35b8e50099ffa73dcccf16, numOfReqs=50, decisionNum=12, blockIndex=0/1, lastConfigBlockNum=0
2026-09-16T03:47:44.646911228Z [34m2026-09-16 03:47:44.646 UTC 0089 INFO[0m [Consensus1] [34;1mprocessProposal[0m -> Processed proposal with seq 12
2026-09-16T03:47:44.648810845Z [34m2026-09-16 03:47:44.648 UTC 0071 INFO[0m [Consensus3] [34;1mprocessProposal[0m -> Processed proposal with seq 12
2026-09-16T03:47:44.648817381Z [34m2026-09-16 03:47:44.648 UTC 0072 INFO[0m [Consensus4] [34;1mprocessProposal[0m -> Processed proposal with seq 12
2026-09-16T03:47:44.648924818Z [34m2026-09-16 03:47:44.648 UTC 0073 INFO[0m [Consensus4] [34;1mprocessPrepares[0m -> 4 collected 2 prepares from [1 3]
2026-09-16T03:47:44.648930634Z [34m2026-09-16 03:47:44.648 UTC 008a INFO[0m [Consensus1] [34;1mprocessPrepares[0m -> 1 collected 2 prepares from [4 3]
2026-09-16T03:47:44.648931845Z [34m2026-09-16 03:47:44.648 UTC 0071 INFO[0m [Consensus2] [34;1mprocessProposal[0m -> Processed proposal with seq 12
2026-09-16T03:47:44.648932684Z [34m2026-09-16 03:47:44.648 UTC 0072 INFO[0m [Consensus3] [34;1mprocessPrepares[0m -> 3 collected 2 prepares from [1 4]
2026-09-16T03:47:44.648941022Z [34m2026-09-16 03:47:44.648 UTC 0072 INFO[0m [Consensus2] [34;1mprocessPrepares[0m -> 2 collected 2 prepares from [1 4]
2026-09-16T03:47:44.650768204Z [34m2026-09-16 03:47:44.650 UTC 0073 INFO[0m [Consensus3] [34;1mprocessPrepares[0m -> Processed prepares for proposal with seq 12
2026-09-16T03:47:44.650777691Z [34m2026-09-16 03:47:44.650 UTC 0073 INFO[0m [Consensus2] [34;1mprocessPrepares[0m -> Processed prepares for proposal with seq 12
2026-09-16T03:47:44.650781731Z [34m2026-09-16 03:47:44.650 UTC 0074 INFO[0m [Consensus4] [34;1mprocessPrepares[0m -> Processed prepares for proposal with seq 12
2026-09-16T03:47:44.651243078Z [34m2026-09-16 03:47:44.651 UTC 0074 INFO[0m [Consensus2] [34;1mprocessCommits[0m -> 2 collected 2 commits from [3 4]
2026-09-16T03:47:44.651254624Z [34m2026-09-16 03:47:44.651 UTC 0075 INFO[0m [Consensus2] [34;1mprepared[0m -> 2 processed commits for proposal with seq 12
2026-09-16T03:47:44.651255916Z [34m2026-09-16 03:47:44.651 UTC 0076 INFO[0m [Consensus2] [34;1mdecide[0m -> Deciding on seq 12
2026-09-16T03:47:44.651256716Z [34m2026-09-16 03:47:44.651 UTC 0077 INFO[0m [Consensus2] [34;1mstartNextSeq[0m -> Sequence: 12-->13
2026-09-16T03:47:44.651257560Z [34m2026-09-16 03:47:44.651 UTC 0075 INFO[0m [Consensus4] [34;1mprocessCommits[0m -> 4 collected 2 commits from [2 3]
2026-09-16T03:47:44.651258241Z [34m2026-09-16 03:47:44.651 UTC 0076 INFO[0m [Consensus4] [34;1mprepared[0m -> 4 processed commits for proposal with seq 12
2026-09-16T03:47:44.651258952Z [34m2026-09-16 03:47:44.651 UTC 0077 INFO[0m [Consensus4] [34;1mdecide[0m -> Deciding on seq 12
2026-09-16T03:47:44.651259629Z [34m2026-09-16 03:47:44.651 UTC 0078 INFO[0m [Consensus4] [34;1mstartNextSeq[0m -> Sequence: 12-->13
2026-09-16T03:47:44.651810526Z [34m2026-09-16 03:47:44.651 UTC 0074 INFO[0m [Consensus3] [34;1mprocessCommits[0m -> 3 collected 2 commits from [2 4]
2026-09-16T03:47:44.651816746Z [34m2026-09-16 03:47:44.651 UTC 0075 INFO[0m [Consensus3] [34;1mprepared[0m -> 3 processed commits for proposal with seq 12
2026-09-16T03:47:44.651818099Z [34m2026-09-16 03:47:44.651 UTC 0076 INFO[0m [Consensus3] [34;1mdecide[0m -> Deciding on seq 12
2026-09-16T03:47:44.651819030Z [34m2026-09-16 03:47:44.651 UTC 0077 INFO[0m [Consensus3] [34;1mstartNextSeq[0m -> Sequence: 12-->13
2026-09-16T03:47:44.652161717Z [34m2026-09-16 03:47:44.652 UTC 008b INFO[0m [Consensus1] [34;1mprocessPrepares[0m -> Processed prepares for proposal with seq 12
2026-09-16T03:47:44.652381990Z [34m2026-09-16 03:47:44.652 UTC 008c INFO[0m [Consensus1] [34;1mprocessCommits[0m -> 1 collected 2 commits from [3 2]
2026-09-16T03:47:44.652386768Z [34m2026-09-16 03:47:44.652 UTC 008d INFO[0m [Consensus1] [34;1mprepared[0m -> 1 processed commits for proposal with seq 12
2026-09-16T03:47:44.652393942Z [34m2026-09-16 03:47:44.652 UTC 008e INFO[0m [Consensus1] [34;1mdecide[0m -> Deciding on seq 12
2026-09-16T03:47:44.652394954Z [34m2026-09-16 03:47:44.652 UTC 008f INFO[0m [Consensus1] [34;1mstartNextSeq[0m -> Sequence: 12-->13
2026-09-16T03:47:44.655184573Z [34m2026-09-16 03:47:44.655 UTC 006c INFO[0m [Assembler3] [34;1mfunc3[0m -> Decision 12, with 1 AvailableCommonBlocks
2026-09-16T03:47:44.655193995Z [34m2026-09-16 03:47:44.655 UTC 006d INFO[0m [Assembler3] [34;1mfunc3[0m -> BA index: 0; BatchID: Sh,Pr,Sq,Dg: <1,2,11,e5111c95e18f8dc3276a48594e665ff6f32f67095a35b8e50099ffa73dcccf16>; Common Block: Number: 12, PreviousHash: b4517ec9070bf8c207642c59d626b994340c05637557caaa376622bf034b1822, DataHash: e5111c95e18f8dc3276a48594e665ff6f32f67095a35b8e50099ffa73dcccf16; BA block signers: [2 4 3]
2026-09-16T03:47:44.655195546Z [34m2026-09-16 03:47:44.655 UTC 006c INFO[0m [Assembler2] [34;1mfunc3[0m -> Decision 12, with 1 AvailableCommonBlocks
2026-09-16T03:47:44.655406848Z [34m2026-09-16 03:47:44.655 UTC 006d INFO[0m [Assembler2] [34;1mfunc3[0m -> BA index: 0; BatchID: Sh,Pr,Sq,Dg: <1,2,11,e5111c95e18f8dc3276a48594e665ff6f32f67095a35b8e50099ffa73dcccf16>; Common Block: Number: 12, PreviousHash: b4517ec9070bf8c207642c59d626b994340c05637557caaa376622bf034b1822, DataHash: e5111c95e18f8dc3276a48594e665ff6f32f67095a35b8e50099ffa73dcccf16; BA block signers: [3 4 2]
2026-09-16T03:47:44.655416397Z [34m2026-09-16 03:47:44.655 UTC 006c INFO[0m [Assembler4] [34;1mfunc3[0m -> Decision 12, with 1 AvailableCommonBlocks
2026-09-16T03:47:44.655418524Z [34m2026-09-16 03:47:44.655 UTC 006d INFO[0m [Assembler4] [34;1mfunc3[0m -> BA index: 0; BatchID: Sh,Pr,Sq,Dg: <1,2,11,e5111c95e18f8dc3276a48594e665ff6f32f67095a35b8e50099ffa73dcccf16>; Common Block: Number: 12, PreviousHash: b4517ec9070bf8c207642c59d626b994340c05637557caaa376622bf034b1822, DataHash: e5111c95e18f8dc3276a48594e665ff6f32f67095a35b8e50099ffa73dcccf16; BA block signers: [2 3 4]
2026-09-16T03:47:44.656762267Z [34m2026-09-16 03:47:44.656 UTC 006c INFO[0m [Assembler1] [34;1mfunc3[0m -> Decision 12, with 1 AvailableCommonBlocks
2026-09-16T03:47:44.656769711Z [34m2026-09-16 03:47:44.656 UTC 006d INFO[0m [Assembler1] [34;1mfunc3[0m -> BA index: 0; BatchID: Sh,Pr,Sq,Dg: <1,2,11,e5111c95e18f8dc3276a48594e665ff6f32f67095a35b8e50099ffa73dcccf16>; Common Block: Number: 12, PreviousHash: b4517ec9070bf8c207642c59d626b994340c05637557caaa376622bf034b1822, DataHash: e5111c95e18f8dc3276a48594e665ff6f32f67095a35b8e50099ffa73dcccf16; BA block signers: [3 2 1]
2026-09-16T03:47:44.659751712Z [34m2026-09-16 03:47:44.659 UTC 006e INFO[0m [Assembler3] [34;1mfunc1[0m -> Appended block 12 of 50 requests to ledger in 4.5891ms
2026-09-16T03:47:44.659759806Z [34m2026-09-16 03:47:44.659 UTC 006e INFO[0m [Assembler2] [34;1mfunc1[0m -> Appended block 12 of 50 requests to ledger in 4.392669ms
2026-09-16T03:47:44.659761186Z [34m2026-09-16 03:47:44.659 UTC 006e INFO[0m [Assembler4] [34;1mfunc1[0m -> Appended block 12 of 50 requests to ledger in 4.355623ms
2026-09-16T03:47:44.660676222Z [34m2026-09-16 03:47:44.660 UTC 006e INFO[0m [Assembler1] [34;1mfunc1[0m -> Appended block 12 of 50 requests to ledger in 3.871745ms
2026-09-16T03:47:45.480277082Z [34m2026-09-16 03:47:45.480 UTC 0078 INFO[0m [Consensus2] [34;1mtrackMetrics[0m -> CONSENSUS_METRICS party_id=2: interval=10.00 sec, decisions: interval=10, rate=1.0000, total=13, blocks: interval=10, rate=1.0000, total=12, bafs: total=48, complaints: total=0
2026-09-16T03:47:45.482438862Z [34m2026-09-16 03:47:45.482 UTC 0079 INFO[0m [Consensus4] [34;1mtrackMetrics[0m -> CONSENSUS_METRICS party_id=4: interval=10.00 sec, decisions: interval=10, rate=1.0000, total=13, blocks: interval=10, rate=1.0000, total=12, bafs: total=48, complaints: total=0
2026-09-16T03:47:45.487814604Z [34m2026-09-16 03:47:45.487 UTC 0090 INFO[0m [Consensus1] [34;1mtrackMetrics[0m -> CONSENSUS_METRICS party_id=1: interval=10.00 sec, decisions: interval=10, rate=1.0000, total=13, blocks: interval=10, rate=1.0000, total=12, bafs: total=48, complaints: total=0
2026-09-16T03:47:45.505109694Z [34m2026-09-16 03:47:45.504 UTC 0078 INFO[0m [Consensus3] [34;1mtrackMetrics[0m -> CONSENSUS_METRICS party_id=3: interval=10.00 sec, decisions: interval=10, rate=1.0000, total=13, blocks: interval=10, rate=1.0000, total=12, bafs: total=48, complaints: total=0
2026-09-16T03:47:45.533025747Z [34m2026-09-16 03:47:45.532 UTC 007b INFO[0m [Batcher2Shard1] [34;1mrunPrimary[0m -> Batcher batched a total of 50 requests for sequence 12
2026-09-16T03:47:45.537315851Z [34m2026-09-16 03:47:45.537 UTC 007c INFO[0m [Batcher2Shard1] [34;1mSendBAF[0m -> Sending batch attestation fragment for seq 12 with digest 9bb597a30a6ff0c9e07f7d97c0a017231d64e7cd8f3252120f90da136d13e635
2026-09-16T03:47:45.537327806Z [34m2026-09-16 03:47:45.537 UTC 007d INFO[0m [Batcher2Shard1] [34;1mfunc1[0m -> Sending control event took 26.188µs
2026-09-16T03:47:45.537401575Z [34m2026-09-16 03:47:45.537 UTC 007e INFO[0m [Batcher2Shard1] [34;1mfunc1[0m -> Sending control event took 5.022µs
2026-09-16T03:47:45.537408534Z [34m2026-09-16 03:47:45.537 UTC 007f INFO[0m [Batcher2Shard1] [34;1mfunc1[0m -> Sending control event took 15.669µs
2026-09-16T03:47:45.537409942Z [34m2026-09-16 03:47:45.537 UTC 0080 INFO[0m [Batcher2Shard1] [34;1mfunc1[0m -> Sending control event took 4.738µs
2026-09-16T03:47:45.537410834Z [34m2026-09-16 03:47:45.537 UTC 0081 INFO[0m [Batcher2Shard1] [34;1mBroadcastControlEvent[0m -> Control event sent to quorum (4 out of 4)
2026-09-16T03:47:45.537458028Z [34m2026-09-16 03:47:45.537 UTC 0087 INFO[0m [Batcher1Shard1] [34;1mfunc3[0m -> [shard1party2-arma] Fetched batch 12 with 50 transactions
2026-09-16T03:47:45.537649152Z [34m2026-09-16 03:47:45.537 UTC 006f INFO[0m [Assembler2] [34;1mfunc3[0m -> Assembler pulled from 172.29.0.10:6124 batch Sh,Pr,Sq,Dg: <1,2,12,9bb597a30a6ff0c9e07f7d97c0a017231d64e7cd8f3252120f90da136d13e635>
2026-09-16T03:47:45.537653091Z [34m2026-09-16 03:47:45.537 UTC 0087 INFO[0m [Batcher4Shard1] [34;1mfunc3[0m -> [shard1party2-arma] Fetched batch 12 with 50 transactions
2026-09-16T03:47:45.537662461Z [34m2026-09-16 03:47:45.537 UTC 0087 INFO[0m [Batcher3Shard1] [34;1mfunc3[0m -> [shard1party2-arma] Fetched batch 12 with 50 transactions
2026-09-16T03:47:45.537741887Z [34m2026-09-16 03:47:45.537 UTC 0088 INFO[0m [Batcher1Shard1] [34;1mrunSecondary[0m -> Secondary batcher 1 (shard 1; current primary 2) appending to ledger batch with seq 12 and 50 requests
2026-09-16T03:47:45.537798934Z [34m2026-09-16 03:47:45.537 UTC 0088 INFO[0m [Batcher4Shard1] [34;1mrunSecondary[0m -> Secondary batcher 4 (shard 1; current primary 2) appending to ledger batch with seq 12 and 50 requests
2026-09-16T03:47:45.537851487Z [34m2026-09-16 03:47:45.537 UTC 0088 INFO[0m [Batcher3Shard1] [34;1mrunSecondary[0m -> Secondary batcher 3 (shard 1; current primary 2) appending to ledger batch with seq 12 and 50 requests
2026-09-16T03:47:45.540976146Z [34m2026-09-16 03:47:45.540 UTC 0089 INFO[0m [Batcher1Shard1] [34;1mSendBAF[0m -> Sending batch attestation fragment for seq 12 with digest 9bb597a30a6ff0c9e07f7d97c0a017231d64e7cd8f3252120f90da136d13e635
2026-09-16T03:47:45.540981690Z [34m2026-09-16 03:47:45.540 UTC 008a INFO[0m [Batcher1Shard1] [34;1mfunc1[0m -> Sending control event took 31.16µs
2026-09-16T03:47:45.541053046Z [34m2026-09-16 03:47:45.540 UTC 008b INFO[0m [Batcher1Shard1] [34;1mfunc1[0m -> Sending control event took 27.89µs
2026-09-16T03:47:45.541060205Z [34m2026-09-16 03:47:45.540 UTC 008c INFO[0m [Batcher1Shard1] [34;1mfunc1[0m -> Sending control event took 3.372µs
2026-09-16T03:47:45.541061733Z [34m2026-09-16 03:47:45.540 UTC 008d INFO[0m [Batcher1Shard1] [34;1mfunc1[0m -> Sending control event took 24.336µs
2026-09-16T03:47:45.541062763Z [34m2026-09-16 03:47:45.541 UTC 008e INFO[0m [Batcher1Shard1] [34;1mBroadcastControlEvent[0m -> Control event sent to quorum (4 out of 4)
2026-09-16T03:47:45.541234295Z [34m2026-09-16 03:47:45.541 UTC 006f INFO[0m [Assembler1] [34;1mfunc3[0m -> Assembler pulled from 172.29.0.10:6024 batch Sh,Pr,Sq,Dg: <1,2,12,9bb597a30a6ff0c9e07f7d97c0a017231d64e7cd8f3252120f90da136d13e635>
2026-09-16T03:47:45.541911027Z [34m2026-09-16 03:47:45.541 UTC 0089 INFO[0m [Batcher4Shard1] [34;1mSendBAF[0m -> Sending batch attestation fragment for seq 12 with digest 9bb597a30a6ff0c9e07f7d97c0a017231d64e7cd8f3252120f90da136d13e635
2026-09-16T03:47:45.541920237Z [34m2026-09-16 03:47:45.541 UTC 008a INFO[0m [Batcher4Shard1] [34;1mfunc1[0m -> Sending control event took 8.636µs
2026-09-16T03:47:45.541921957Z [34m2026-09-16 03:47:45.541 UTC 0089 INFO[0m [Batcher3Shard1] [34;1mSendBAF[0m -> Sending batch attestation fragment for seq 12 with digest 9bb597a30a6ff0c9e07f7d97c0a017231d64e7cd8f3252120f90da136d13e635
2026-09-16T03:47:45.541923130Z [34m2026-09-16 03:47:45.541 UTC 008b INFO[0m [Batcher4Shard1] [34;1mfunc1[0m -> Sending control event took 2.899µs
2026-09-16T03:47:45.541923997Z [34m2026-09-16 03:47:45.541 UTC 008c INFO[0m [Batcher4Shard1] [34;1mfunc1[0m -> Sending control event took 2.306µs
2026-09-16T03:47:45.541924770Z [34m2026-09-16 03:47:45.541 UTC 008d INFO[0m [Batcher4Shard1] [34;1mfunc1[0m -> Sending control event took 8.988µs
2026-09-16T03:47:45.541930208Z [34m2026-09-16 03:47:45.541 UTC 008a INFO[0m [Batcher3Shard1] [34;1mfunc1[0m -> Sending control event took 10.344µs
2026-09-16T03:47:45.541931081Z [34m2026-09-16 03:47:45.541 UTC 008e INFO[0m [Batcher4Shard1] [34;1mBroadcastControlEvent[0m -> Control event sent to quorum (4 out of 4)
2026-09-16T03:47:45.541946632Z [34m2026-09-16 03:47:45.541 UTC 008b INFO[0m [Batcher3Shard1] [34;1mfunc1[0m -> Sending control event took 3.159µs
2026-09-16T03:47:45.542114543Z [34m2026-09-16 03:47:45.541 UTC 008c INFO[0m [Batcher3Shard1] [34;1mfunc1[0m -> Sending control event took 14.817µs
2026-09-16T03:47:45.542121816Z [34m2026-09-16 03:47:45.541 UTC 008d INFO[0m [Batcher3Shard1] [34;1mfunc1[0m -> Sending control event took 7.337µs
2026-09-16T03:47:45.542123423Z [34m2026-09-16 03:47:45.541 UTC 008e INFO[0m [Batcher3Shard1] [34;1mBroadcastControlEvent[0m -> Control event sent to quorum (4 out of 4)
2026-09-16T03:47:45.542199285Z [34m2026-09-16 03:47:45.542 UTC 006f INFO[0m [Assembler4] [34;1mfunc3[0m -> Assembler pulled from 172.29.0.10:6324 batch Sh,Pr,Sq,Dg: <1,2,12,9bb597a30a6ff0c9e07f7d97c0a017231d64e7cd8f3252120f90da136d13e635>
2026-09-16T03:47:45.542208944Z [34m2026-09-16 03:47:45.542 UTC 006f INFO[0m [Assembler3] [34;1mfunc3[0m -> Assembler pulled from 172.29.0.10:6224 batch Sh,Pr,Sq,Dg: <1,2,12,9bb597a30a6ff0c9e07f7d97c0a017231d64e7cd8f3252120f90da136d13e635>
2026-09-16T03:47:45.657766657Z [34m2026-09-16 03:47:45.657 UTC 0091 INFO[0m [Consensus1] [34;1mAssembleProposal[0m -> Creating proposal with 1 attestations and new state: State{N: 4, Quorum: 3, Threshold: 2, ShardCount: 1, 
2026-09-16T03:47:45.657809239Z Pending: none, 
2026-09-16T03:47:45.657810968Z Complaints: none}
2026-09-16T03:47:45.657812284Z [34m2026-09-16 03:47:45.657 UTC 0092 INFO[0m [Consensus1] [34;1mAssembleProposal[0m -> Proposing available common data block: number=13, prevHash=8abf666a48a03bc3d1b836cada48f602ceb2e458fba6d91cd1945ad9ab96e56b, dataHash=9bb597a30a6ff0c9e07f7d97c0a017231d64e7cd8f3252120f90da136d13e635, numOfReqs=50, decisionNum=13, blockIndex=0/1, lastConfigBlockNum=0
2026-09-16T03:47:45.660419693Z [34m2026-09-16 03:47:45.660 UTC 0093 INFO[0m [Consensus1] [34;1mprocessProposal[0m -> Processed proposal with seq 13
2026-09-16T03:47:45.662284384Z [34m2026-09-16 03:47:45.662 UTC 0079 INFO[0m [Consensus3] [34;1mprocessProposal[0m -> Processed proposal with seq 13
2026-09-16T03:47:45.662292165Z [34m2026-09-16 03:47:45.662 UTC 007a INFO[0m [Consensus4] [34;1mprocessProposal[0m -> Processed proposal with seq 13
2026-09-16T03:47:45.662441382Z [34m2026-09-16 03:47:45.662 UTC 007b INFO[0m [Consensus4] [34;1mprocessPrepares[0m -> 4 collected 2 prepares from [1 3]
2026-09-16T03:47:45.662566941Z [34m2026-09-16 03:47:45.662 UTC 007a INFO[0m [Consensus3] [34;1mprocessPrepares[0m -> 3 collected 2 prepares from [1 4]
2026-09-16T03:47:45.662585987Z [34m2026-09-16 03:47:45.662 UTC 0094 INFO[0m [Consensus1] [34;1mprocessPrepares[0m -> 1 collected 2 prepares from [4 3]
2026-09-16T03:47:45.663786435Z [34m2026-09-16 03:47:45.663 UTC 0079 INFO[0m [Consensus2] [34;1mprocessProposal[0m -> Processed proposal with seq 13
2026-09-16T03:47:45.663854989Z [34m2026-09-16 03:47:45.663 UTC 007a INFO[0m [Consensus2] [34;1mprocessPrepares[0m -> 2 collected 2 prepares from [1 4]
2026-09-16T03:47:45.665068643Z [34m2026-09-16 03:47:45.664 UTC 0095 INFO[0m [Consensus1] [34;1mprocessPrepares[0m -> Processed prepares for proposal with seq 13
2026-09-16T03:47:45.665078886Z [34m2026-09-16 03:47:45.664 UTC 007c INFO[0m [Consensus4] [34;1mprocessPrepares[0m -> Processed prepares for proposal with seq 13
2026-09-16T03:47:45.665080534Z [34m2026-09-16 03:47:45.665 UTC 007b INFO[0m [Consensus3] [34;1mprocessPrepares[0m -> Processed prepares for proposal with seq 13
2026-09-16T03:47:45.665617479Z [34m2026-09-16 03:47:45.665 UTC 007c INFO[0m [Consensus3] [34;1mprocessCommits[0m -> 3 collected 2 commits from [4 1]
2026-09-16T03:47:45.665623359Z [34m2026-09-16 03:47:45.665 UTC 007d INFO[0m [Consensus3] [34;1mprepared[0m -> 3 processed commits for proposal with seq 13
2026-09-16T03:47:45.665624894Z [34m2026-09-16 03:47:45.665 UTC 007e INFO[0m [Consensus3] [34;1mdecide[0m -> Deciding on seq 13
2026-09-16T03:47:45.665626148Z [34m2026-09-16 03:47:45.665 UTC 007f INFO[0m [Consensus3] [34;1mstartNextSeq[0m -> Sequence: 13-->14
2026-09-16T03:47:45.665627159Z [34m2026-09-16 03:47:45.665 UTC 0096 INFO[0m [Consensus1] [34;1mprocessCommits[0m -> 1 collected 2 commits from [3 4]
2026-09-16T03:47:45.665627974Z [34m2026-09-16 03:47:45.665 UTC 0097 INFO[0m [Consensus1] [34;1mprepared[0m -> 1 processed commits for proposal with seq 13
2026-09-16T03:47:45.665628614Z [34m2026-09-16 03:47:45.665 UTC 0098 INFO[0m [Consensus1] [34;1mdecide[0m -> Deciding on seq 13
2026-09-16T03:47:45.665629285Z [34m2026-09-16 03:47:45.665 UTC 0099 INFO[0m [Consensus1] [34;1mstartNextSeq[0m -> Sequence: 13-->14
2026-09-16T03:47:45.665629989Z [34m2026-09-16 03:47:45.665 UTC 007d INFO[0m [Consensus4] [34;1mprocessCommits[0m -> 4 collected 2 commits from [3 1]
2026-09-16T03:47:45.665630656Z [34m2026-09-16 03:47:45.665 UTC 007e INFO[0m [Consensus4] [34;1mprepared[0m -> 4 processed commits for proposal with seq 13
2026-09-16T03:47:45.665631418Z [34m2026-09-16 03:47:45.665 UTC 007f INFO[0m [Consensus4] [34;1mdecide[0m -> Deciding on seq 13
2026-09-16T03:47:45.665632043Z [34m2026-09-16 03:47:45.665 UTC 0080 INFO[0m [Consensus4] [34;1mstartNextSeq[0m -> Sequence: 13-->14
2026-09-16T03:47:45.666266294Z [34m2026-09-16 03:47:45.666 UTC 007b INFO[0m [Consensus2] [34;1mprocessPrepares[0m -> Processed prepares for proposal with seq 13
2026-09-16T03:47:45.666554240Z [34m2026-09-16 03:47:45.666 UTC 007c INFO[0m [Consensus2] [34;1mprocessCommits[0m -> 2 collected 2 commits from [4 1]
2026-09-16T03:47:45.666558009Z [34m2026-09-16 03:47:45.666 UTC 007d INFO[0m [Consensus2] [34;1mprepared[0m -> 2 processed commits for proposal with seq 13
2026-09-16T03:47:45.666559529Z [34m2026-09-16 03:47:45.666 UTC 007e INFO[0m [Consensus2] [34;1mdecide[0m -> Deciding on seq 13
2026-09-16T03:47:45.666562472Z [34m2026-09-16 03:47:45.666 UTC 007f INFO[0m [Consensus2] [34;1mstartNextSeq[0m -> Sequence: 13-->14
2026-09-16T03:47:45.669916162Z [34m2026-09-16 03:47:45.669 UTC 0070 INFO[0m [Assembler1] [34;1mfunc3[0m -> Decision 13, with 1 AvailableCommonBlocks
2026-09-16T03:47:45.669931903Z [34m2026-09-16 03:47:45.669 UTC 0071 INFO[0m [Assembler1] [34;1mfunc3[0m -> BA index: 0; BatchID: Sh,Pr,Sq,Dg: <1,2,12,9bb597a30a6ff0c9e07f7d97c0a017231d64e7cd8f3252120f90da136d13e635>; Common Block: Number: 13, PreviousHash: 8abf666a48a03bc3d1b836cada48f602ceb2e458fba6d91cd1945ad9ab96e56b, DataHash: 9bb597a30a6ff0c9e07f7d97c0a017231d64e7cd8f3252120f90da136d13e635; BA block signers: [3 4 1]
2026-09-16T03:47:45.669933826Z [34m2026-09-16 03:47:45.669 UTC 0070 INFO[0m [Assembler3] [34;1mfunc3[0m -> Decision 13, with 1 AvailableCommonBlocks
2026-09-16T03:47:45.669935290Z [34m2026-09-16 03:47:45.669 UTC 0071 INFO[0m [Assembler3] [34;1mfunc3[0m -> BA index: 0; BatchID: Sh,Pr,Sq,Dg: <1,2,12,9bb597a30a6ff0c9e07f7d97c0a017231d64e7cd8f3252120f90da136d13e635>; Common Block: Number: 13, PreviousHash: 8abf666a48a03bc3d1b836cada48f602ceb2e458fba6d91cd1945ad9ab96e56b, DataHash: 9bb597a30a6ff0c9e07f7d97c0a017231d64e7cd8f3252120f90da136d13e635; BA block signers: [4 1 3]
2026-09-16T03:47:45.669936988Z [34m2026-09-16 03:47:45.669 UTC 0070 INFO[0m [Assembler4] [34;1mfunc3[0m -> Decision 13, with 1 AvailableCommonBlocks
2026-09-16T03:47:45.669991438Z [34m2026-09-16 03:47:45.669 UTC 0071 INFO[0m [Assembler4] [34;1mfunc3[0m -> BA index: 0; BatchID: Sh,Pr,Sq,Dg: <1,2,12,9bb597a30a6ff0c9e07f7d97c0a017231d64e7cd8f3252120f90da136d13e635>; Common Block: Number: 13, PreviousHash: 8abf666a48a03bc3d1b836cada48f602ceb2e458fba6d91cd1945ad9ab96e56b, DataHash: 9bb597a30a6ff0c9e07f7d97c0a017231d64e7cd8f3252120f90da136d13e635; BA block signers: [3 1 4]
2026-09-16T03:47:45.671047951Z [34m2026-09-16 03:47:45.670 UTC 0070 INFO[0m [Assembler2] [34;1mfunc3[0m -> Decision 13, with 1 AvailableCommonBlocks
2026-09-16T03:47:45.671055491Z [34m2026-09-16 03:47:45.670 UTC 0071 INFO[0m [Assembler2] [34;1mfunc3[0m -> BA index: 0; BatchID: Sh,Pr,Sq,Dg: <1,2,12,9bb597a30a6ff0c9e07f7d97c0a017231d64e7cd8f3252120f90da136d13e635>; Common Block: Number: 13, PreviousHash: 8abf666a48a03bc3d1b836cada48f602ceb2e458fba6d91cd1945ad9ab96e56b, DataHash: 9bb597a30a6ff0c9e07f7d97c0a017231d64e7cd8f3252120f90da136d13e635; BA block signers: [4 1 2]
2026-09-16T03:47:45.674315436Z [34m2026-09-16 03:47:45.674 UTC 0072 INFO[0m [Assembler2] [34;1mfunc1[0m -> Appended block 13 of 50 requests to ledger in 3.252772ms
2026-09-16T03:47:45.674328362Z [34m2026-09-16 03:47:45.674 UTC 0072 INFO[0m [Assembler1] [34;1mfunc1[0m -> Appended block 13 of 50 requests to ledger in 4.507044ms
2026-09-16T03:47:45.674339062Z [34m2026-09-16 03:47:45.674 UTC 0072 INFO[0m [Assembler3] [34;1mfunc1[0m -> Appended block 13 of 50 requests to ledger in 4.416122ms
2026-09-16T03:47:45.674340365Z [34m2026-09-16 03:47:45.674 UTC 0072 INFO[0m [Assembler4] [34;1mfunc1[0m -> Appended block 13 of 50 requests to ledger in 4.278126ms
2026-09-16T03:47:46.538617324Z [34m2026-09-16 03:47:46.538 UTC 0082 INFO[0m [Batcher2Shard1] [34;1mrunPrimary[0m -> Batcher batched a total of 50 requests for sequence 13
2026-09-16T03:47:46.542231031Z [34m2026-09-16 03:47:46.541 UTC 0083 INFO[0m [Batcher2Shard1] [34;1mSendBAF[0m -> Sending batch attestation fragment for seq 13 with digest 0500b60fe49efaefb23f4f09753a4449ec685960ab64b6a194824890f60db27f
2026-09-16T03:47:46.542242546Z [34m2026-09-16 03:47:46.541 UTC 0084 INFO[0m [Batcher2Shard1] [34;1mfunc1[0m -> Sending control event took 37.917µs
2026-09-16T03:47:46.542246137Z [34m2026-09-16 03:47:46.541 UTC 0085 INFO[0m [Batcher2Shard1] [34;1mfunc1[0m -> Sending control event took 5.128µs
2026-09-16T03:47:46.542247187Z [34m2026-09-16 03:47:46.541 UTC 0086 INFO[0m [Batcher2Shard1] [34;1mfunc1[0m -> Sending control event took 14.38µs
2026-09-16T03:47:46.542247980Z [34m2026-09-16 03:47:46.541 UTC 0087 INFO[0m [Batcher2Shard1] [34;1mfunc1[0m -> Sending control event took 13.519µs
2026-09-16T03:47:46.542248711Z [34m2026-09-16 03:47:46.541 UTC 0088 INFO[0m [Batcher2Shard1] [34;1mBroadcastControlEvent[0m -> Control event sent to quorum (4 out of 4)
2026-09-16T03:47:46.542249505Z [34m2026-09-16 03:47:46.542 UTC 008f INFO[0m [Batcher1Shard1] [34;1mfunc3[0m -> [shard1party2-arma] Fetched batch 13 with 50 transactions
2026-09-16T03:47:46.542250205Z [34m2026-09-16 03:47:46.542 UTC 008f INFO[0m [Batcher3Shard1] [34;1mfunc3[0m -> [shard1party2-arma] Fetched batch 13 with 50 transactions
2026-09-16T03:47:46.542437155Z [34m2026-09-16 03:47:46.542 UTC 0073 INFO[0m [Assembler2] [34;1mfunc3[0m -> Assembler pulled from 172.29.0.10:6124 batch Sh,Pr,Sq,Dg: <1,2,13,0500b60fe49efaefb23f4f09753a4449ec685960ab64b6a194824890f60db27f>
2026-09-16T03:47:46.542444373Z [34m2026-09-16 03:47:46.542 UTC 008f INFO[0m [Batcher4Shard1] [34;1mfunc3[0m -> [shard1party2-arma] Fetched batch 13 with 50 transactions
2026-09-16T03:47:46.542445817Z [34m2026-09-16 03:47:46.542 UTC 0090 INFO[0m [Batcher1Shard1] [34;1mrunSecondary[0m -> Secondary batcher 1 (shard 1; current primary 2) appending to ledger batch with seq 13 and 50 requests
2026-09-16T03:47:46.542559566Z [34m2026-09-16 03:47:46.542 UTC 0090 INFO[0m [Batcher3Shard1] [34;1mrunSecondary[0m -> Secondary batcher 3 (shard 1; current primary 2) appending to ledger batch with seq 13 and 50 requests
2026-09-16T03:47:46.542675659Z [34m2026-09-16 03:47:46.542 UTC 0090 INFO[0m [Batcher4Shard1] [34;1mrunSecondary[0m -> Secondary batcher 4 (shard 1; current primary 2) appending to ledger batch with seq 13 and 50 requests
2026-09-16T03:47:46.546074469Z [34m2026-09-16 03:47:46.545 UTC 0091 INFO[0m [Batcher1Shard1] [34;1mSendBAF[0m -> Sending batch attestation fragment for seq 13 with digest 0500b60fe49efaefb23f4f09753a4449ec685960ab64b6a194824890f60db27f
2026-09-16T03:47:46.546083828Z [34m2026-09-16 03:47:46.546 UTC 0092 INFO[0m [Batcher1Shard1] [34;1mfunc1[0m -> Sending control event took 9.445µs
2026-09-16T03:47:46.546086024Z [34m2026-09-16 03:47:46.546 UTC 0093 INFO[0m [Batcher1Shard1] [34;1mfunc1[0m -> Sending control event took 2.273µs
2026-09-16T03:47:46.546087375Z [34m2026-09-16 03:47:46.546 UTC 0094 INFO[0m [Batcher1Shard1] [34;1mfunc1[0m -> Sending control event took 2.949µs
2026-09-16T03:47:46.546099204Z [34m2026-09-16 03:47:46.546 UTC 0095 INFO[0m [Batcher1Shard1] [34;1mfunc1[0m -> Sending control event took 10.355µs
2026-09-16T03:47:46.546139440Z [34m2026-09-16 03:47:46.546 UTC 0096 INFO[0m [Batcher1Shard1] [34;1mBroadcastControlEvent[0m -> Control event sent to quorum (4 out of 4)
2026-09-16T03:47:46.546410790Z [34m2026-09-16 03:47:46.546 UTC 0073 INFO[0m [Assembler1] [34;1mfunc3[0m -> Assembler pulled from 172.29.0.10:6024 batch Sh,Pr,Sq,Dg: <1,2,13,0500b60fe49efaefb23f4f09753a4449ec685960ab64b6a194824890f60db27f>
2026-09-16T03:47:46.547140303Z [34m2026-09-16 03:47:46.547 UTC 0091 INFO[0m [Batcher3Shard1] [34;1mSendBAF[0m -> Sending batch attestation fragment for seq 13 with digest 0500b60fe49efaefb23f4f09753a4449ec685960ab64b6a194824890f60db27f
2026-09-16T03:47:46.547147848Z [34m2026-09-16 03:47:46.547 UTC 0091 INFO[0m [Batcher4Shard1] [34;1mSendBAF[0m -> Sending batch attestation fragment for seq 13 with digest 0500b60fe49efaefb23f4f09753a4449ec685960ab64b6a194824890f60db27f
2026-09-16T03:47:46.547149411Z [34m2026-09-16 03:47:46.547 UTC 0092 INFO[0m [Batcher3Shard1] [34;1mfunc1[0m -> Sending control event took 8.261µs
2026-09-16T03:47:46.547150691Z [34m2026-09-16 03:47:46.547 UTC 0093 INFO[0m [Batcher3Shard1] [34;1mfunc1[0m -> Sending control event took 11.42µs
2026-09-16T03:47:46.547356086Z [34m2026-09-16 03:47:46.547 UTC 0092 INFO[0m [Batcher4Shard1] [34;1mfunc1[0m -> Sending control event took 9.824µs
2026-09-16T03:47:46.547363311Z [34m2026-09-16 03:47:46.547 UTC 0094 INFO[0m [Batcher3Shard1] [34;1mfunc1[0m -> Sending control event took 20.088µs
2026-09-16T03:47:46.547364783Z [34m2026-09-16 03:47:46.547 UTC 0095 INFO[0m [Batcher3Shard1] [34;1mfunc1[0m -> Sending control event took 3.422µs
2026-09-16T03:47:46.547365858Z [34m2026-09-16 03:47:46.547 UTC 0096 INFO[0m [Batcher3Shard1] [34;1mBroadcastControlEvent[0m -> Control event sent to quorum (4 out of 4)
2026-09-16T03:47:46.547367252Z [34m2026-09-16 03:47:46.547 UTC 0093 INFO[0m [Batcher4Shard1] [34;1mfunc1[0m -> Sending control event took 11.295µs
2026-09-16T03:47:46.547368087Z [34m2026-09-16 03:47:46.547 UTC 0094 INFO[0m [Batcher4Shard1] [34;1mfunc1[0m -> Sending control event took 3.905µs
2026-09-16T03:47:46.547379409Z [34m2026-09-16 03:47:46.547 UTC 0095 INFO[0m [Batcher4Shard1] [34;1mfunc1[0m -> Sending control event took 5.945µs
2026-09-16T03:47:46.547380566Z [34m2026-09-16 03:47:46.547 UTC 0096 INFO[0m [Batcher4Shard1] [34;1mBroadcastControlEvent[0m -> Control event sent to quorum (4 out of 4)
2026-09-16T03:47:46.547381462Z [34m2026-09-16 03:47:46.547 UTC 0073 INFO[0m [Assembler3] [34;1mfunc3[0m -> Assembler pulled from 172.29.0.10:6224 batch Sh,Pr,Sq,Dg: <1,2,13,0500b60fe49efaefb23f4f09753a4449ec685960ab64b6a194824890f60db27f>
2026-09-16T03:47:46.547382572Z [34m2026-09-16 03:47:46.547 UTC 0073 INFO[0m [Assembler4] [34;1mfunc3[0m -> Assembler pulled from 172.29.0.10:6324 batch Sh,Pr,Sq,Dg: <1,2,13,0500b60fe49efaefb23f4f09753a4449ec685960ab64b6a194824890f60db27f>
2026-09-16T03:47:46.670136259Z [34m2026-09-16 03:47:46.670 UTC 009a INFO[0m [Consensus1] [34;1mAssembleProposal[0m -> Creating proposal with 1 attestations and new state: State{N: 4, Quorum: 3, Threshold: 2, ShardCount: 1, 
2026-09-16T03:47:46.670163093Z Pending: none, 
2026-09-16T03:47:46.670166521Z Complaints: none}
2026-09-16T03:47:46.670167584Z [34m2026-09-16 03:47:46.670 UTC 009b INFO[0m [Consensus1] [34;1mAssembleProposal[0m -> Proposing available common data block: number=14, prevHash=3877b4818f7cd95c79c1214932b14c74b9a699857873a1afead299de3a6cd61c, dataHash=0500b60fe49efaefb23f4f09753a4449ec685960ab64b6a194824890f60db27f, numOfReqs=50, decisionNum=14, blockIndex=0/1, lastConfigBlockNum=0
2026-09-16T03:47:46.673149528Z [34m2026-09-16 03:47:46.672 UTC 009c INFO[0m [Consensus1] [34;1mprocessProposal[0m -> Processed proposal with seq 14
2026-09-16T03:47:46.675827769Z [34m2026-09-16 03:47:46.675 UTC 0081 INFO[0m [Consensus4] [34;1mprocessProposal[0m -> Processed proposal with seq 14
2026-09-16T03:47:46.675837563Z [34m2026-09-16 03:47:46.675 UTC 0080 INFO[0m [Consensus3] [34;1mprocessProposal[0m -> Processed proposal with seq 14
2026-09-16T03:47:46.676071188Z [34m2026-09-16 03:47:46.675 UTC 0082 INFO[0m [Consensus4] [34;1mprocessPrepares[0m -> 4 collected 2 prepares from [1 3]
2026-09-16T03:47:46.676077170Z [34m2026-09-16 03:47:46.675 UTC 009d INFO[0m [Consensus1] [34;1mprocessPrepares[0m -> 1 collected 2 prepares from [3 4]
2026-09-16T03:47:46.676078664Z [34m2026-09-16 03:47:46.675 UTC 0081 INFO[0m [Consensus3] [34;1mprocessPrepares[0m -> 3 collected 2 prepares from [1 4]
2026-09-16T03:47:46.677230360Z [34m2026-09-16 03:47:46.677 UTC 0080 INFO[0m [Consensus2] [34;1mprocessProposal[0m -> Processed proposal with seq 14
2026-09-16T03:47:46.677236374Z [34m2026-09-16 03:47:46.677 UTC 0081 INFO[0m [Consensus2] [34;1mprocessPrepares[0m -> 2 collected 2 prepares from [1 4]
2026-09-16T03:47:46.678394832Z [34m2026-09-16 03:47:46.678 UTC 0082 INFO[0m [Consensus3] [34;1mprocessPrepares[0m -> Processed prepares for proposal with seq 14
2026-09-16T03:47:46.678412304Z [34m2026-09-16 03:47:46.678 UTC 009e INFO[0m [Consensus1] [34;1mprocessPrepares[0m -> Processed prepares for proposal with seq 14
2026-09-16T03:47:46.678419878Z [34m2026-09-16 03:47:46.678 UTC 0083 INFO[0m [Consensus4] [34;1mprocessPrepares[0m -> Processed prepares for proposal with seq 14
2026-09-16T03:47:46.678896726Z [34m2026-09-16 03:47:46.678 UTC 009f INFO[0m [Consensus1] [34;1mprocessCommits[0m -> 1 collected 2 commits from [3 4]
2026-09-16T03:47:46.678902894Z [34m2026-09-16 03:47:46.678 UTC 00a0 INFO[0m [Consensus1] [34;1mprepared[0m -> 1 processed commits for proposal with seq 14
2026-09-16T03:47:46.678904508Z [34m2026-09-16 03:47:46.678 UTC 0084 INFO[0m [Consensus4] [34;1mprocessCommits[0m -> 4 collected 2 commits from [3 1]
2026-09-16T03:47:46.678905666Z [34m2026-09-16 03:47:46.678 UTC 00a1 INFO[0m [Consensus1] [34;1mdecide[0m -> Deciding on seq 14
2026-09-16T03:47:46.678906584Z [34m2026-09-16 03:47:46.678 UTC 0083 INFO[0m [Consensus3] [34;1mprocessCommits[0m -> 3 collected 2 commits from [4 1]
2026-09-16T03:47:46.678907369Z [34m2026-09-16 03:47:46.678 UTC 0085 INFO[0m [Consensus4] [34;1mprepared[0m -> 4 processed commits for proposal with seq 14
2026-09-16T03:47:46.678908111Z [34m2026-09-16 03:47:46.678 UTC 00a2 INFO[0m [Consensus1] [34;1mstartNextSeq[0m -> Sequence: 14-->15
2026-09-16T03:47:46.678908836Z [34m2026-09-16 03:47:46.678 UTC 0086 INFO[0m [Consensus4] [34;1mdecide[0m -> Deciding on seq 14
2026-09-16T03:47:46.678909503Z [34m2026-09-16 03:47:46.678 UTC 0084 INFO[0m [Consensus3] [34;1mprepared[0m -> 3 processed commits for proposal with seq 14
2026-09-16T03:47:46.678910107Z [34m2026-09-16 03:47:46.678 UTC 0087 INFO[0m [Consensus4] [34;1mstartNextSeq[0m -> Sequence: 14-->15
2026-09-16T03:47:46.678910686Z [34m2026-09-16 03:47:46.678 UTC 0085 INFO[0m [Consensus3] [34;1mdecide[0m -> Deciding on seq 14
2026-09-16T03:47:46.678911395Z [34m2026-09-16 03:47:46.678 UTC 0086 INFO[0m [Consensus3] [34;1mstartNextSeq[0m -> Sequence: 14-->15
2026-09-16T03:47:46.679627776Z [34m2026-09-16 03:47:46.679 UTC 0082 INFO[0m [Consensus2] [34;1mprocessPrepares[0m -> Processed prepares for proposal with seq 14
2026-09-16T03:47:46.679869517Z [34m2026-09-16 03:47:46.679 UTC 0083 INFO[0m [Consensus2] [34;1mprocessCommits[0m -> 2 collected 2 commits from [1 3]
2026-09-16T03:47:46.679873363Z [34m2026-09-16 03:47:46.679 UTC 0084 INFO[0m [Consensus2] [34;1mprepared[0m -> 2 processed commits for proposal with seq 14
2026-09-16T03:47:46.679874465Z [34m2026-09-16 03:47:46.679 UTC 0085 INFO[0m [Consensus2] [34;1mdecide[0m -> Deciding on seq 14
2026-09-16T03:47:46.679875250Z [34m2026-09-16 03:47:46.679 UTC 0086 INFO[0m [Consensus2] [34;1mstartNextSeq[0m -> Sequence: 14-->15
2026-09-16T03:47:46.682881485Z [34m2026-09-16 03:47:46.682 UTC 0074 INFO[0m [Assembler3] [34;1mfunc3[0m -> Decision 14, with 1 AvailableCommonBlocks
2026-09-16T03:47:46.682898499Z [34m2026-09-16 03:47:46.682 UTC 0074 INFO[0m [Assembler4] [34;1mfunc3[0m -> Decision 14, with 1 AvailableCommonBlocks
2026-09-16T03:47:46.682900303Z [34m2026-09-16 03:47:46.682 UTC 0075 INFO[0m [Assembler3] [34;1mfunc3[0m -> BA index: 0; BatchID: Sh,Pr,Sq,Dg: <1,2,13,0500b60fe49efaefb23f4f09753a4449ec685960ab64b6a194824890f60db27f>; Common Block: Number: 14, PreviousHash: 3877b4818f7cd95c79c1214932b14c74b9a699857873a1afead299de3a6cd61c, DataHash: 0500b60fe49efaefb23f4f09753a4449ec685960ab64b6a194824890f60db27f; BA block signers: [4 1 3]
2026-09-16T03:47:46.682901722Z [34m2026-09-16 03:47:46.682 UTC 0075 INFO[0m [Assembler4] [34;1mfunc3[0m -> BA index: 0; BatchID: Sh,Pr,Sq,Dg: <1,2,13,0500b60fe49efaefb23f4f09753a4449ec685960ab64b6a194824890f60db27f>; Common Block: Number: 14, PreviousHash: 3877b4818f7cd95c79c1214932b14c74b9a699857873a1afead299de3a6cd61c, DataHash: 0500b60fe49efaefb23f4f09753a4449ec685960ab64b6a194824890f60db27f; BA block signers: [3 1 4]
2026-09-16T03:47:46.682902857Z [34m2026-09-16 03:47:46.682 UTC 0074 INFO[0m [Assembler1] [34;1mfunc3[0m -> Decision 14, with 1 AvailableCommonBlocks
2026-09-16T03:47:46.682971097Z [34m2026-09-16 03:47:46.682 UTC 0075 INFO[0m [Assembler1] [34;1mfunc3[0m -> BA index: 0; BatchID: Sh,Pr,Sq,Dg: <1,2,13,0500b60fe49efaefb23f4f09753a4449ec685960ab64b6a194824890f60db27f>; Common Block: Number: 14, PreviousHash: 3877b4818f7cd95c79c1214932b14c74b9a699857873a1afead299de3a6cd61c, DataHash: 0500b60fe49efaefb23f4f09753a4449ec685960ab64b6a194824890f60db27f; BA block signers: [3 4 1]
2026-09-16T03:47:46.684390370Z [34m2026-09-16 03:47:46.684 UTC 0074 INFO[0m [Assembler2] [34;1mfunc3[0m -> Decision 14, with 1 AvailableCommonBlocks
2026-09-16T03:47:46.684400900Z [34m2026-09-16 03:47:46.684 UTC 0075 INFO[0m [Assembler2] [34;1mfunc3[0m -> BA index: 0; BatchID: Sh,Pr,Sq,Dg: <1,2,13,0500b60fe49efaefb23f4f09753a4449ec685960ab64b6a194824890f60db27f>; Common Block: Number: 14, PreviousHash: 3877b4818f7cd95c79c1214932b14c74b9a699857873a1afead299de3a6cd61c, DataHash: 0500b60fe49efaefb23f4f09753a4449ec685960ab64b6a194824890f60db27f; BA block signers: [1 3 2]
2026-09-16T03:47:46.687576533Z [34m2026-09-16 03:47:46.687 UTC 0076 INFO[0m [Assembler3] [34;1mfunc1[0m -> Appended block 14 of 50 requests to ledger in 4.548369ms
2026-09-16T03:47:46.687586062Z [34m2026-09-16 03:47:46.687 UTC 0076 INFO[0m [Assembler1] [34;1mfunc1[0m -> Appended block 14 of 50 requests to ledger in 4.543781ms
2026-09-16T03:47:46.687587964Z [34m2026-09-16 03:47:46.687 UTC 0076 INFO[0m [Assembler4] [34;1mfunc1[0m -> Appended block 14 of 50 requests to ledger in 4.556414ms
2026-09-16T03:47:46.688480577Z [34m2026-09-16 03:47:46.688 UTC 0076 INFO[0m [Assembler2] [34;1mfunc1[0m -> Appended block 14 of 50 requests to ledger in 4.029356ms
2026-09-16T03:47:47.412245541Z [34m2026-09-16 03:47:47.411 UTC 0097 INFO[0m [Batcher1Shard1] [34;1mtrackMetrics[0m -> BATCHER_METRICS party_id=1, shard_id=1, role=secondary, interval_s=10.00, batches_created_interval=10, batches_created_rate=1.0000, batches_created_total=14, batches_pulled_interval=10, batches_pulled_rate=1.0000, batches_pulled_total=14, first_resends_interval=0, first_resends_rate=0.0000, first_resends_total=0, txs_total=621, mempool_size=44, router_txs_total=665, role_changes_total=0, complaints_total=0, batch_mempool_next_requests_latency_avg_seconds=0.000000, batch_verify_latency_avg_seconds=0.000180, batch_hashing_latency_avg_seconds=0.000005, batch_ledger_header_hashing_latency_avg_seconds=0.000004, batch_ledger_append_latency_avg_seconds=0.003551
2026-09-16T03:47:47.412283186Z [34m2026-09-16 03:47:47.412 UTC 0089 INFO[0m [Batcher2Shard1] [34;1mtrackMetrics[0m -> BATCHER_METRICS party_id=2, shard_id=1, role=primary, interval_s=10.00, batches_created_interval=10, batches_created_rate=1.0000, batches_created_total=14, batches_pulled_interval=0, batches_pulled_rate=0.0000, batches_pulled_total=0, first_resends_interval=0, first_resends_rate=0.0000, first_resends_total=0, txs_total=621, mempool_size=44, router_txs_total=665, role_changes_total=0, complaints_total=0, batch_mempool_next_requests_latency_avg_seconds=1.000698, batch_verify_latency_avg_seconds=0.000000, batch_hashing_latency_avg_seconds=0.000010, batch_ledger_header_hashing_latency_avg_seconds=0.000003, batch_ledger_append_latency_avg_seconds=0.003610
2026-09-16T03:47:47.412994638Z [34m2026-09-16 03:47:47.412 UTC 0097 INFO[0m [Batcher4Shard1] [34;1mtrackMetrics[0m -> BATCHER_METRICS party_id=4, shard_id=1, role=secondary, interval_s=10.00, batches_created_interval=10, batches_created_rate=1.0000, batches_created_total=14, batches_pulled_interval=10, batches_pulled_rate=1.0000, batches_pulled_total=14, first_resends_interval=0, first_resends_rate=0.0000, first_resends_total=0, txs_total=621, mempool_size=44, router_txs_total=665, role_changes_total=0, complaints_total=0, batch_mempool_next_requests_latency_avg_seconds=0.000000, batch_verify_latency_avg_seconds=0.000208, batch_hashing_latency_avg_seconds=0.000005, batch_ledger_header_hashing_latency_avg_seconds=0.000004, batch_ledger_append_latency_avg_seconds=0.004372
2026-09-16T03:47:47.413214528Z [34m2026-09-16 03:47:47.413 UTC 0097 INFO[0m [Batcher3Shard1] [34;1mtrackMetrics[0m -> BATCHER_METRICS party_id=3, shard_id=1, role=secondary, interval_s=10.00, batches_created_interval=10, batches_created_rate=1.0000, batches_created_total=14, batches_pulled_interval=10, batches_pulled_rate=1.0000, batches_pulled_total=14, first_resends_interval=0, first_resends_rate=0.0000, first_resends_total=0, txs_total=621, mempool_size=44, router_txs_total=665, role_changes_total=0, complaints_total=0, batch_mempool_next_requests_latency_avg_seconds=0.000000, batch_verify_latency_avg_seconds=0.000190, batch_hashing_latency_avg_seconds=0.000006, batch_ledger_header_hashing_latency_avg_seconds=0.000007, batch_ledger_append_latency_avg_seconds=0.003847
2026-09-16T03:47:47.543057270Z [34m2026-09-16 03:47:47.542 UTC 008a INFO[0m [Batcher2Shard1] [34;1mrunPrimary[0m -> Batcher batched a total of 50 requests for sequence 14
2026-09-16T03:47:47.546962653Z [34m2026-09-16 03:47:47.546 UTC 008b INFO[0m [Batcher2Shard1] [34;1mSendBAF[0m -> Sending batch attestation fragment for seq 14 with digest ac20bea088932cf6ae48469d0342c1163a24c0e083199f2d22ff62f63632a347
2026-09-16T03:47:47.547032573Z [34m2026-09-16 03:47:47.546 UTC 008c INFO[0m [Batcher2Shard1] [34;1mfunc1[0m -> Sending control event took 14.471µs
2026-09-16T03:47:47.547047387Z [34m2026-09-16 03:47:47.546 UTC 008d INFO[0m [Batcher2Shard1] [34;1mfunc1[0m -> Sending control event took 57.119µs
2026-09-16T03:47:47.547049020Z [34m2026-09-16 03:47:47.546 UTC 008e INFO[0m [Batcher2Shard1] [34;1mfunc1[0m -> Sending control event took 12.202µs
2026-09-16T03:47:47.547057724Z [34m2026-09-16 03:47:47.546 UTC 008f INFO[0m [Batcher2Shard1] [34;1mfunc1[0m -> Sending control event took 8.679µs
2026-09-16T03:47:47.547100436Z [34m2026-09-16 03:47:47.547 UTC 0090 INFO[0m [Batcher2Shard1] [34;1mBroadcastControlEvent[0m -> Control event sent to quorum (4 out of 4)
2026-09-16T03:47:47.547175558Z [34m2026-09-16 03:47:47.547 UTC 0098 INFO[0m [Batcher1Shard1] [34;1mfunc3[0m -> [shard1party2-arma] Fetched batch 14 with 50 transactions
2026-09-16T03:47:47.547397402Z [34m2026-09-16 03:47:47.547 UTC 0098 INFO[0m [Batcher3Shard1] [34;1mfunc3[0m -> [shard1party2-arma] Fetched batch 14 with 50 transactions
2026-09-16T03:47:47.547408241Z [34m2026-09-16 03:47:47.547 UTC 0077 INFO[0m [Assembler2] [34;1mfunc3[0m -> Assembler pulled from 172.29.0.10:6124 batch Sh,Pr,Sq,Dg: <1,2,14,ac20bea088932cf6ae48469d0342c1163a24c0e083199f2d22ff62f63632a347>
2026-09-16T03:47:47.547409661Z [34m2026-09-16 03:47:47.547 UTC 0098 INFO[0m [Batcher4Shard1] [34;1mfunc3[0m -> [shard1party2-arma] Fetched batch 14 with 50 transactions
2026-09-16T03:47:47.547410622Z [34m2026-09-16 03:47:47.547 UTC 0099 INFO[0m [Batcher1Shard1] [34;1mrunSecondary[0m -> Secondary batcher 1 (shard 1; current primary 2) appending to ledger batch with seq 14 and 50 requests
2026-09-16T03:47:47.547519456Z [34m2026-09-16 03:47:47.547 UTC 0099 INFO[0m [Batcher3Shard1] [34;1mrunSecondary[0m -> Secondary batcher 3 (shard 1; current primary 2) appending to ledger batch with seq 14 and 50 requests
2026-09-16T03:47:47.547524468Z [34m2026-09-16 03:47:47.547 UTC 0099 INFO[0m [Batcher4Shard1] [34;1mrunSecondary[0m -> Secondary batcher 4 (shard 1; current primary 2) appending to ledger batch with seq 14 and 50 requests
2026-09-16T03:47:47.551340170Z [34m2026-09-16 03:47:47.551 UTC 009a INFO[0m [Batcher1Shard1] [34;1mSendBAF[0m -> Sending batch attestation fragment for seq 14 with digest ac20bea088932cf6ae48469d0342c1163a24c0e083199f2d22ff62f63632a347
2026-09-16T03:47:47.551349663Z [34m2026-09-16 03:47:47.551 UTC 009b INFO[0m [Batcher1Shard1] [34;1mfunc1[0m -> Sending control event took 10.561µs
2026-09-16T03:47:47.551351719Z [34m2026-09-16 03:47:47.551 UTC 009c INFO[0m [Batcher1Shard1] [34;1mfunc1[0m -> Sending control event took 2.963µs
2026-09-16T03:47:47.551353006Z [34m2026-09-16 03:47:47.551 UTC 009d INFO[0m [Batcher1Shard1] [34;1mfunc1[0m -> Sending control event took 10.824µs
2026-09-16T03:47:47.551444733Z [34m2026-09-16 03:47:47.551 UTC 009e INFO[0m [Batcher1Shard1] [34;1mfunc1[0m -> Sending control event took 18.713µs
2026-09-16T03:47:47.551452131Z [34m2026-09-16 03:47:47.551 UTC 009f INFO[0m [Batcher1Shard1] [34;1mBroadcastControlEvent[0m -> Control event sent to quorum (4 out of 4)
2026-09-16T03:47:47.551792094Z [34m2026-09-16 03:47:47.551 UTC 0077 INFO[0m [Assembler1] [34;1mfunc3[0m -> Assembler pulled from 172.29.0.10:6024 batch Sh,Pr,Sq,Dg: <1,2,14,ac20bea088932cf6ae48469d0342c1163a24c0e083199f2d22ff62f63632a347>
2026-09-16T03:47:47.552480114Z [34m2026-09-16 03:47:47.552 UTC 009a INFO[0m [Batcher3Shard1] [34;1mSendBAF[0m -> Sending batch attestation fragment for seq 14 with digest ac20bea088932cf6ae48469d0342c1163a24c0e083199f2d22ff62f63632a347
2026-09-16T03:47:47.552486929Z [34m2026-09-16 03:47:47.552 UTC 009a INFO[0m [Batcher4Shard1] [34;1mSendBAF[0m -> Sending batch attestation fragment for seq 14 with digest ac20bea088932cf6ae48469d0342c1163a24c0e083199f2d22ff62f63632a347
2026-09-16T03:47:47.552488514Z [34m2026-09-16 03:47:47.552 UTC 009b INFO[0m [Batcher4Shard1] [34;1mfunc1[0m -> Sending control event took 9.443µs
2026-09-16T03:47:47.552489756Z [34m2026-09-16 03:47:47.552 UTC 009b INFO[0m [Batcher3Shard1] [34;1mfunc1[0m -> Sending control event took 22.946µs
2026-09-16T03:47:47.552490640Z [34m2026-09-16 03:47:47.552 UTC 009c INFO[0m [Batcher3Shard1] [34;1mfunc1[0m -> Sending control event took 9.239µs
2026-09-16T03:47:47.552491510Z [34m2026-09-16 03:47:47.552 UTC 009d INFO[0m [Batcher3Shard1] [34;1mfunc1[0m -> Sending control event took 2.612µs
2026-09-16T03:47:47.552492495Z [34m2026-09-16 03:47:47.552 UTC 009c INFO[0m [Batcher4Shard1] [34;1mfunc1[0m -> Sending control event took 12.116µs
2026-09-16T03:47:47.552493367Z [34m2026-09-16 03:47:47.552 UTC 009e INFO[0m [Batcher3Shard1] [34;1mfunc1[0m -> Sending control event took 2.717µs
2026-09-16T03:47:47.552494138Z [34m2026-09-16 03:47:47.552 UTC 009d INFO[0m [Batcher4Shard1] [34;1mfunc1[0m -> Sending control event took 3.522µs
2026-09-16T03:47:47.552543256Z [34m2026-09-16 03:47:47.552 UTC 009e INFO[0m [Batcher4Shard1] [34;1mfunc1[0m -> Sending control event took 4.354µs
2026-09-16T03:47:47.552550553Z [34m2026-09-16 03:47:47.552 UTC 009f INFO[0m [Batcher3Shard1] [34;1mBroadcastControlEvent[0m -> Control event sent to quorum (4 out of 4)
2026-09-16T03:47:47.552552025Z [34m2026-09-16 03:47:47.552 UTC 009f INFO[0m [Batcher4Shard1] [34;1mBroadcastControlEvent[0m -> Control event sent to quorum (4 out of 4)
2026-09-16T03:47:47.552690983Z [34m2026-09-16 03:47:47.552 UTC 0077 INFO[0m [Assembler3] [34;1mfunc3[0m -> Assembler pulled from 172.29.0.10:6224 batch Sh,Pr,Sq,Dg: <1,2,14,ac20bea088932cf6ae48469d0342c1163a24c0e083199f2d22ff62f63632a347>
2026-09-16T03:47:47.552898092Z [34m2026-09-16 03:47:47.552 UTC 0077 INFO[0m [Assembler4] [34;1mfunc3[0m -> Assembler pulled from 172.29.0.10:6324 batch Sh,Pr,Sq,Dg: <1,2,14,ac20bea088932cf6ae48469d0342c1163a24c0e083199f2d22ff62f63632a347>
2026-09-16T03:47:47.684047057Z [34m2026-09-16 03:47:47.683 UTC 00a3 INFO[0m [Consensus1] [34;1mAssembleProposal[0m -> Creating proposal with 1 attestations and new state: State{N: 4, Quorum: 3, Threshold: 2, ShardCount: 1, 
2026-09-16T03:47:47.684072370Z Pending: none, 
2026-09-16T03:47:47.684074553Z Complaints: none}
2026-09-16T03:47:47.684075493Z [34m2026-09-16 03:47:47.683 UTC 00a4 INFO[0m [Consensus1] [34;1mAssembleProposal[0m -> Proposing available common data block: number=15, prevHash=eff152dc7a2d45e1dde5a951d9f532713be904f1dc53338a94058441c46913da, dataHash=ac20bea088932cf6ae48469d0342c1163a24c0e083199f2d22ff62f63632a347, numOfReqs=50, decisionNum=15, blockIndex=0/1, lastConfigBlockNum=0
2026-09-16T03:47:47.686718062Z [34m2026-09-16 03:47:47.686 UTC 00a5 INFO[0m [Consensus1] [34;1mprocessProposal[0m -> Processed proposal with seq 15
2026-09-16T03:47:47.688389352Z [34m2026-09-16 03:47:47.688 UTC 0088 INFO[0m [Consensus4] [34;1mprocessProposal[0m -> Processed proposal with seq 15
2026-09-16T03:47:47.688395680Z [34m2026-09-16 03:47:47.688 UTC 0087 INFO[0m [Consensus3] [34;1mprocessProposal[0m -> Processed proposal with seq 15
2026-09-16T03:47:47.688569594Z [34m2026-09-16 03:47:47.688 UTC 0088 INFO[0m [Consensus3] [34;1mprocessPrepares[0m -> 3 collected 2 prepares from [1 4]
2026-09-16T03:47:47.688586241Z [34m2026-09-16 03:47:47.688 UTC 0089 INFO[0m [Consensus4] [34;1mprocessPrepares[0m -> 4 collected 2 prepares from [1 3]
2026-09-16T03:47:47.688648109Z [34m2026-09-16 03:47:47.688 UTC 00a6 INFO[0m [Consensus1] [34;1mprocessPrepares[0m -> 1 collected 2 prepares from [4 3]
2026-09-16T03:47:47.689720745Z [34m2026-09-16 03:47:47.689 UTC 0087 INFO[0m [Consensus2] [34;1mprocessProposal[0m -> Processed proposal with seq 15
2026-09-16T03:47:47.689801287Z [34m2026-09-16 03:47:47.689 UTC 0088 INFO[0m [Consensus2] [34;1mprocessPrepares[0m -> 2 collected 2 prepares from [1 3]
2026-09-16T03:47:47.691282806Z [34m2026-09-16 03:47:47.691 UTC 0089 INFO[0m [Consensus3] [34;1mprocessPrepares[0m -> Processed prepares for proposal with seq 15
2026-09-16T03:47:47.691288222Z [34m2026-09-16 03:47:47.691 UTC 008a INFO[0m [Consensus4] [34;1mprocessPrepares[0m -> Processed prepares for proposal with seq 15
2026-09-16T03:47:47.691289772Z [34m2026-09-16 03:47:47.691 UTC 00a7 INFO[0m [Consensus1] [34;1mprocessPrepares[0m -> Processed prepares for proposal with seq 15
2026-09-16T03:47:47.691786245Z [34m2026-09-16 03:47:47.691 UTC 008a INFO[0m [Consensus3] [34;1mprocessCommits[0m -> 3 collected 2 commits from [4 1]
2026-09-16T03:47:47.691793219Z [34m2026-09-16 03:47:47.691 UTC 008b INFO[0m [Consensus3] [34;1mprepared[0m -> 3 processed commits for proposal with seq 15
2026-09-16T03:47:47.691794758Z [34m2026-09-16 03:47:47.691 UTC 008c INFO[0m [Consensus3] [34;1mdecide[0m -> Deciding on seq 15
2026-09-16T03:47:47.691796273Z [34m2026-09-16 03:47:47.691 UTC 008d INFO[0m [Consensus3] [34;1mstartNextSeq[0m -> Sequence: 15-->16
2026-09-16T03:47:47.691797450Z [34m2026-09-16 03:47:47.691 UTC 00a8 INFO[0m [Consensus1] [34;1mprocessCommits[0m -> 1 collected 2 commits from [4 3]
2026-09-16T03:47:47.691798307Z [34m2026-09-16 03:47:47.691 UTC 00a9 INFO[0m [Consensus1] [34;1mprepared[0m -> 1 processed commits for proposal with seq 15
2026-09-16T03:47:47.691799134Z [34m2026-09-16 03:47:47.691 UTC 00aa INFO[0m [Consensus1] [34;1mdecide[0m -> Deciding on seq 15
2026-09-16T03:47:47.691809696Z [34m2026-09-16 03:47:47.691 UTC 00ab INFO[0m [Consensus1] [34;1mstartNextSeq[0m -> Sequence: 15-->16
2026-09-16T03:47:47.691814205Z [34m2026-09-16 03:47:47.691 UTC 008b INFO[0m [Consensus4] [34;1mprocessCommits[0m -> 4 collected 2 commits from [1 3]
2026-09-16T03:47:47.691815398Z [34m2026-09-16 03:47:47.691 UTC 008c INFO[0m [Consensus4] [34;1mprepared[0m -> 4 processed commits for proposal with seq 15
2026-09-16T03:47:47.691816257Z [34m2026-09-16 03:47:47.691 UTC 008d INFO[0m [Consensus4] [34;1mdecide[0m -> Deciding on seq 15
2026-09-16T03:47:47.691817031Z [34m2026-09-16 03:47:47.691 UTC 008e INFO[0m [Consensus4] [34;1mstartNextSeq[0m -> Sequence: 15-->16
2026-09-16T03:47:47.692583542Z [34m2026-09-16 03:47:47.692 UTC 0089 INFO[0m [Consensus2] [34;1mprocessPrepares[0m -> Processed prepares for proposal with seq 15
2026-09-16T03:47:47.692855940Z [34m2026-09-16 03:47:47.692 UTC 008a INFO[0m [Consensus2] [34;1mprocessCommits[0m -> 2 collected 2 commits from [4 3]
2026-09-16T03:47:47.692862898Z [34m2026-09-16 03:47:47.692 UTC 008b INFO[0m [Consensus2] [34;1mprepared[0m -> 2 processed commits for proposal with seq 15
2026-09-16T03:47:47.692864419Z [34m2026-09-16 03:47:47.692 UTC 008c INFO[0m [Consensus2] [34;1mdecide[0m -> Deciding on seq 15
2026-09-16T03:47:47.692865357Z [34m2026-09-16 03:47:47.692 UTC 008d INFO[0m [Consensus2] [34;1mstartNextSeq[0m -> Sequence: 15-->16
2026-09-16T03:47:47.695833296Z [34m2026-09-16 03:47:47.695 UTC 0078 INFO[0m [Assembler4] [34;1mfunc3[0m -> Decision 15, with 1 AvailableCommonBlocks
2026-09-16T03:47:47.695845479Z [34m2026-09-16 03:47:47.695 UTC 0078 INFO[0m [Assembler1] [34;1mfunc3[0m -> Decision 15, with 1 AvailableCommonBlocks
2026-09-16T03:47:47.695847146Z [34m2026-09-16 03:47:47.695 UTC 0079 INFO[0m [Assembler1] [34;1mfunc3[0m -> BA index: 0; BatchID: Sh,Pr,Sq,Dg: <1,2,14,ac20bea088932cf6ae48469d0342c1163a24c0e083199f2d22ff62f63632a347>; Common Block: Number: 15, PreviousHash: eff152dc7a2d45e1dde5a951d9f532713be904f1dc53338a94058441c46913da, DataHash: ac20bea088932cf6ae48469d0342c1163a24c0e083199f2d22ff62f63632a347; BA block signers: [4 3 1]
2026-09-16T03:47:47.695848490Z [34m2026-09-16 03:47:47.695 UTC 0078 INFO[0m [Assembler3] [34;1mfunc3[0m -> Decision 15, with 1 AvailableCommonBlocks
2026-09-16T03:47:47.695849572Z [34m2026-09-16 03:47:47.695 UTC 0079 INFO[0m [Assembler3] [34;1mfunc3[0m -> BA index: 0; BatchID: Sh,Pr,Sq,Dg: <1,2,14,ac20bea088932cf6ae48469d0342c1163a24c0e083199f2d22ff62f63632a347>; Common Block: Number: 15, PreviousHash: eff152dc7a2d45e1dde5a951d9f532713be904f1dc53338a94058441c46913da, DataHash: ac20bea088932cf6ae48469d0342c1163a24c0e083199f2d22ff62f63632a347; BA block signers: [4 1 3]
2026-09-16T03:47:47.696062373Z [34m2026-09-16 03:47:47.695 UTC 0079 INFO[0m [Assembler4] [34;1mfunc3[0m -> BA index: 0; BatchID: Sh,Pr,Sq,Dg: <1,2,14,ac20bea088932cf6ae48469d0342c1163a24c0e083199f2d22ff62f63632a347>; Common Block: Number: 15, PreviousHash: eff152dc7a2d45e1dde5a951d9f532713be904f1dc53338a94058441c46913da, DataHash: ac20bea088932cf6ae48469d0342c1163a24c0e083199f2d22ff62f63632a347; BA block signers: [1 3 4]
2026-09-16T03:47:47.697761262Z [34m2026-09-16 03:47:47.697 UTC 0078 INFO[0m [Assembler2] [34;1mfunc3[0m -> Decision 15, with 1 AvailableCommonBlocks
2026-09-16T03:47:47.697774264Z [34m2026-09-16 03:47:47.697 UTC 0079 INFO[0m [Assembler2] [34;1mfunc3[0m -> BA index: 0; BatchID: Sh,Pr,Sq,Dg: <1,2,14,ac20bea088932cf6ae48469d0342c1163a24c0e083199f2d22ff62f63632a347>; Common Block: Number: 15, PreviousHash: eff152dc7a2d45e1dde5a951d9f532713be904f1dc53338a94058441c46913da, DataHash: ac20bea088932cf6ae48469d0342c1163a24c0e083199f2d22ff62f63632a347; BA block signers: [4 3 2]
2026-09-16T03:47:47.700821846Z [34m2026-09-16 03:47:47.700 UTC 007a INFO[0m [Assembler4] [34;1mfunc1[0m -> Appended block 15 of 50 requests to ledger in 4.937051ms
2026-09-16T03:47:47.700843227Z [34m2026-09-16 03:47:47.700 UTC 007a INFO[0m [Assembler3] [34;1mfunc1[0m -> Appended block 15 of 50 requests to ledger in 4.924302ms
2026-09-16T03:47:47.700845694Z [34m2026-09-16 03:47:47.700 UTC 007a INFO[0m [Assembler1] [34;1mfunc1[0m -> Appended block 15 of 50 requests to ledger in 4.963279ms
2026-09-16T03:47:47.701868320Z [34m2026-09-16 03:47:47.701 UTC 007a INFO[0m [Assembler2] [34;1mfunc1[0m -> Appended block 15 of 50 requests to ledger in 4.081405ms
2026-09-16T03:47:48.547939462Z [34m2026-09-16 03:47:48.547 UTC 0091 INFO[0m [Batcher2Shard1] [34;1mrunPrimary[0m -> Batcher batched a total of 52 requests for sequence 15
2026-09-16T03:47:48.552864700Z [34m2026-09-16 03:47:48.552 UTC 0092 INFO[0m [Batcher2Shard1] [34;1mSendBAF[0m -> Sending batch attestation fragment for seq 15 with digest f1125727b5f559910905283520f5667a911b1123d5cefc58ee38a07e8f1c0ca2
2026-09-16T03:47:48.552889104Z [34m2026-09-16 03:47:48.552 UTC 0093 INFO[0m [Batcher2Shard1] [34;1mfunc1[0m -> Sending control event took 31.087µs
2026-09-16T03:47:48.552892208Z [34m2026-09-16 03:47:48.552 UTC 0094 INFO[0m [Batcher2Shard1] [34;1mfunc1[0m -> Sending control event took 5.144µs
2026-09-16T03:47:48.552893863Z [34m2026-09-16 03:47:48.552 UTC 0095 INFO[0m [Batcher2Shard1] [34;1mfunc1[0m -> Sending control event took 15.086µs
2026-09-16T03:47:48.552895146Z [34m2026-09-16 03:47:48.552 UTC 0096 INFO[0m [Batcher2Shard1] [34;1mfunc1[0m -> Sending control event took 11.228µs
2026-09-16T03:47:48.552896312Z [34m2026-09-16 03:47:48.552 UTC 0097 INFO[0m [Batcher2Shard1] [34;1mBroadcastControlEvent[0m -> Control event sent to quorum (4 out of 4)
2026-09-16T03:47:48.553256312Z [34m2026-09-16 03:47:48.552 UTC 00a0 INFO[0m [Batcher1Shard1] [34;1mfunc3[0m -> [shard1party2-arma] Fetched batch 15 with 52 transactions
2026-09-16T03:47:48.553264862Z [34m2026-09-16 03:47:48.553 UTC 00a0 INFO[0m [Batcher3Shard1] [34;1mfunc3[0m -> [shard1party2-arma] Fetched batch 15 with 52 transactions
2026-09-16T03:47:48.553266567Z [34m2026-09-16 03:47:48.553 UTC 00a1 INFO[0m [Batcher1Shard1] [34;1mrunSecondary[0m -> Secondary batcher 1 (shard 1; current primary 2) appending to ledger batch with seq 15 and 52 requests
2026-09-16T03:47:48.553411059Z [34m2026-09-16 03:47:48.553 UTC 007b INFO[0m [Assembler2] [34;1mfunc3[0m -> Assembler pulled from 172.29.0.10:6124 batch Sh,Pr,Sq,Dg: <1,2,15,f1125727b5f559910905283520f5667a911b1123d5cefc58ee38a07e8f1c0ca2>
2026-09-16T03:47:48.553418078Z [34m2026-09-16 03:47:48.553 UTC 00a1 INFO[0m [Batcher3Shard1] [34;1mrunSecondary[0m -> Secondary batcher 3 (shard 1; current primary 2) appending to ledger batch with seq 15 and 52 requests
2026-09-16T03:47:48.553840460Z [34m2026-09-16 03:47:48.553 UTC 00a0 INFO[0m [Batcher4Shard1] [34;1mfunc3[0m -> [shard1party2-arma] Fetched batch 15 with 52 transactions
2026-09-16T03:47:48.553983790Z [34m2026-09-16 03:47:48.553 UTC 00a1 INFO[0m [Batcher4Shard1] [34;1mrunSecondary[0m -> Secondary batcher 4 (shard 1; current primary 2) appending to ledger batch with seq 15 and 52 requests
2026-09-16T03:47:48.557692441Z [34m2026-09-16 03:47:48.557 UTC 00a2 INFO[0m [Batcher1Shard1] [34;1mSendBAF[0m -> Sending batch attestation fragment for seq 15 with digest f1125727b5f559910905283520f5667a911b1123d5cefc58ee38a07e8f1c0ca2
2026-09-16T03:47:48.557711267Z [34m2026-09-16 03:47:48.557 UTC 00a2 INFO[0m [Batcher3Shard1] [34;1mSendBAF[0m -> Sending batch attestation fragment for seq 15 with digest f1125727b5f559910905283520f5667a911b1123d5cefc58ee38a07e8f1c0ca2
2026-09-16T03:47:48.557712587Z [34m2026-09-16 03:47:48.557 UTC 00a3 INFO[0m [Batcher1Shard1] [34;1mfunc1[0m -> Sending control event took 11.438µs
2026-09-16T03:47:48.557714250Z [34m2026-09-16 03:47:48.557 UTC 00a3 INFO[0m [Batcher3Shard1] [34;1mfunc1[0m -> Sending control event took 10.35µs
2026-09-16T03:47:48.557715082Z [34m2026-09-16 03:47:48.557 UTC 00a4 INFO[0m [Batcher1Shard1] [34;1mfunc1[0m -> Sending control event took 2.748µs
2026-09-16T03:47:48.557715795Z [34m2026-09-16 03:47:48.557 UTC 00a5 INFO[0m [Batcher3Shard1] [34;1mfunc1[0m -> Sending control event took 2.523µs
2026-09-16T03:47:48.557716532Z [34m2026-09-16 03:47:48.557 UTC 00a5 INFO[0m [Batcher1Shard1] [34;1mfunc1[0m -> Sending control event took 7.855µs
2026-09-16T03:47:48.557717169Z [34m2026-09-16 03:47:48.557 UTC 00a4 INFO[0m [Batcher3Shard1] [34;1mfunc1[0m -> Sending control event took 10.891µs
2026-09-16T03:47:48.557717812Z [34m2026-09-16 03:47:48.557 UTC 00a6 INFO[0m [Batcher1Shard1] [34;1mfunc1[0m -> Sending control event took 2.905µs
2026-09-16T03:47:48.557718526Z [34m2026-09-16 03:47:48.557 UTC 00a6 INFO[0m [Batcher3Shard1] [34;1mfunc1[0m -> Sending control event took 3.093µs
2026-09-16T03:47:48.557719245Z [34m2026-09-16 03:47:48.557 UTC 00a7 INFO[0m [Batcher1Shard1] [34;1mBroadcastControlEvent[0m -> Control event sent to quorum (4 out of 4)
2026-09-16T03:47:48.557719965Z [34m2026-09-16 03:47:48.557 UTC 00a7 INFO[0m [Batcher3Shard1] [34;1mBroadcastControlEvent[0m -> Control event sent to quorum (4 out of 4)
2026-09-16T03:47:48.557726222Z [34m2026-09-16 03:47:48.557 UTC 007b INFO[0m [Assembler1] [34;1mfunc3[0m -> Assembler pulled from 172.29.0.10:6024 batch Sh,Pr,Sq,Dg: <1,2,15,f1125727b5f559910905283520f5667a911b1123d5cefc58ee38a07e8f1c0ca2>
2026-09-16T03:47:48.558033486Z [34m2026-09-16 03:47:48.557 UTC 007b INFO[0m [Assembler3] [34;1mfunc3[0m -> Assembler pulled from 172.29.0.10:6224 batch Sh,Pr,Sq,Dg: <1,2,15,f1125727b5f559910905283520f5667a911b1123d5cefc58ee38a07e8f1c0ca2>
2026-09-16T03:47:48.558984245Z [34m2026-09-16 03:47:48.558 UTC 00a2 INFO[0m [Batcher4Shard1] [34;1mSendBAF[0m -> Sending batch attestation fragment for seq 15 with digest f1125727b5f559910905283520f5667a911b1123d5cefc58ee38a07e8f1c0ca2
2026-09-16T03:47:48.558990373Z [34m2026-09-16 03:47:48.558 UTC 00a3 INFO[0m [Batcher4Shard1] [34;1mfunc1[0m -> Sending control event took 11.679µs
2026-09-16T03:47:48.558991784Z [34m2026-09-16 03:47:48.558 UTC 00a4 INFO[0m [Batcher4Shard1] [34;1mfunc1[0m -> Sending control event took 4.552µs
2026-09-16T03:47:48.558992648Z [34m2026-09-16 03:47:48.558 UTC 00a6 INFO[0m [Batcher4Shard1] [34;1mfunc1[0m -> Sending control event took 2.615µs
2026-09-16T03:47:48.558993343Z [34m2026-09-16 03:47:48.558 UTC 00a5 INFO[0m [Batcher4Shard1] [34;1mfunc1[0m -> Sending control event took 12.626µs
2026-09-16T03:47:48.558994042Z [34m2026-09-16 03:47:48.558 UTC 00a7 INFO[0m [Batcher4Shard1] [34;1mBroadcastControlEvent[0m -> Control event sent to quorum (4 out of 4)
2026-09-16T03:47:48.559090374Z [34m2026-09-16 03:47:48.559 UTC 007b INFO[0m [Assembler4] [34;1mfunc3[0m -> Assembler pulled from 172.29.0.10:6324 batch Sh,Pr,Sq,Dg: <1,2,15,f1125727b5f559910905283520f5667a911b1123d5cefc58ee38a07e8f1c0ca2>
2026-09-16T03:47:48.697598310Z [34m2026-09-16 03:47:48.697 UTC 00ac INFO[0m [Consensus1] [34;1mAssembleProposal[0m -> Creating proposal with 1 attestations and new state: State{N: 4, Quorum: 3, Threshold: 2, ShardCount: 1, 
2026-09-16T03:47:48.697622328Z Pending: none, 
2026-09-16T03:47:48.697623765Z Complaints: none}
2026-09-16T03:47:48.697624649Z [34m2026-09-16 03:47:48.697 UTC 00ad INFO[0m [Consensus1] [34;1mAssembleProposal[0m -> Proposing available common data block: number=16, prevHash=7916f8f13d67193662644703ac5705918ca667b18aaaf632463c02bfc753e2fe, dataHash=f1125727b5f559910905283520f5667a911b1123d5cefc58ee38a07e8f1c0ca2, numOfReqs=52, decisionNum=16, blockIndex=0/1, lastConfigBlockNum=0
2026-09-16T03:47:48.699940753Z [34m2026-09-16 03:47:48.699 UTC 00ae INFO[0m [Consensus1] [34;1mprocessProposal[0m -> Processed proposal with seq 16
2026-09-16T03:47:48.702482970Z [34m2026-09-16 03:47:48.702 UTC 008f INFO[0m [Consensus4] [34;1mprocessProposal[0m -> Processed proposal with seq 16
2026-09-16T03:47:48.702491927Z [34m2026-09-16 03:47:48.702 UTC 008e INFO[0m [Consensus2] [34;1mprocessProposal[0m -> Processed proposal with seq 16
2026-09-16T03:47:48.702763584Z [34m2026-09-16 03:47:48.702 UTC 0090 INFO[0m [Consensus4] [34;1mprocessPrepares[0m -> 4 collected 2 prepares from [1 2]
2026-09-16T03:47:48.702782625Z [34m2026-09-16 03:47:48.702 UTC 00af INFO[0m [Consensus1] [34;1mprocessPrepares[0m -> 1 collected 2 prepares from [4 2]
2026-09-16T03:47:48.702784501Z [34m2026-09-16 03:47:48.702 UTC 008f INFO[0m [Consensus2] [34;1mprocessPrepares[0m -> 2 collected 2 prepares from [1 4]
2026-09-16T03:47:48.703559184Z [34m2026-09-16 03:47:48.703 UTC 008e INFO[0m [Consensus3] [34;1mprocessProposal[0m -> Processed proposal with seq 16
2026-09-16T03:47:48.703565203Z [34m2026-09-16 03:47:48.703 UTC 008f INFO[0m [Consensus3] [34;1mprocessPrepares[0m -> 3 collected 2 prepares from [1 2]
2026-09-16T03:47:48.705058996Z [34m2026-09-16 03:47:48.704 UTC 0091 INFO[0m [Consensus4] [34;1mprocessPrepares[0m -> Processed prepares for proposal with seq 16
2026-09-16T03:47:48.705065556Z [34m2026-09-16 03:47:48.704 UTC 0090 INFO[0m [Consensus2] [34;1mprocessPrepares[0m -> Processed prepares for proposal with seq 16
2026-09-16T03:47:48.705067202Z [34m2026-09-16 03:47:48.705 UTC 00b0 INFO[0m [Consensus1] [34;1mprocessPrepares[0m -> Processed prepares for proposal with seq 16
2026-09-16T03:47:48.705436429Z [34m2026-09-16 03:47:48.705 UTC 0092 INFO[0m [Consensus4] [34;1mprocessCommits[0m -> 4 collected 2 commits from [2 1]
2026-09-16T03:47:48.705442523Z [34m2026-09-16 03:47:48.705 UTC 0093 INFO[0m [Consensus4] [34;1mprepared[0m -> 4 processed commits for proposal with seq 16
2026-09-16T03:47:48.705443729Z [34m2026-09-16 03:47:48.705 UTC 0094 INFO[0m [Consensus4] [34;1mdecide[0m -> Deciding on seq 16
2026-09-16T03:47:48.705444569Z [34m2026-09-16 03:47:48.705 UTC 0095 INFO[0m [Consensus4] [34;1mstartNextSeq[0m -> Sequence: 16-->17
2026-09-16T03:47:48.705480716Z [34m2026-09-16 03:47:48.705 UTC 0091 INFO[0m [Consensus2] [34;1mprocessCommits[0m -> 2 collected 2 commits from [4 1]
2026-09-16T03:47:48.705486955Z [34m2026-09-16 03:47:48.705 UTC 0092 INFO[0m [Consensus2] [34;1mprepared[0m -> 2 processed commits for proposal with seq 16
2026-09-16T03:47:48.705488233Z [34m2026-09-16 03:47:48.705 UTC 0093 INFO[0m [Consensus2] [34;1mdecide[0m -> Deciding on seq 16
2026-09-16T03:47:48.705489090Z [34m2026-09-16 03:47:48.705 UTC 0094 INFO[0m [Consensus2] [34;1mstartNextSeq[0m -> Sequence: 16-->17
2026-09-16T03:47:48.705489913Z [34m2026-09-16 03:47:48.705 UTC 00b1 INFO[0m [Consensus1] [34;1mprocessCommits[0m -> 1 collected 2 commits from [2 4]
2026-09-16T03:47:48.705490670Z [34m2026-09-16 03:47:48.705 UTC 00b2 INFO[0m [Consensus1] [34;1mprepared[0m -> 1 processed commits for proposal with seq 16
2026-09-16T03:47:48.705491334Z [34m2026-09-16 03:47:48.705 UTC 00b3 INFO[0m [Consensus1] [34;1mdecide[0m -> Deciding on seq 16
2026-09-16T03:47:48.705494783Z [34m2026-09-16 03:47:48.705 UTC 00b4 INFO[0m [Consensus1] [34;1mstartNextSeq[0m -> Sequence: 16-->17
2026-09-16T03:47:48.706306197Z [34m2026-09-16 03:47:48.706 UTC 0090 INFO[0m [Consensus3] [34;1mprocessPrepares[0m -> Processed prepares for proposal with seq 16
2026-09-16T03:47:48.706627958Z [34m2026-09-16 03:47:48.706 UTC 0091 INFO[0m [Consensus3] [34;1mprocessCommits[0m -> 3 collected 2 commits from [1 2]
2026-09-16T03:47:48.706631440Z [34m2026-09-16 03:47:48.706 UTC 0092 INFO[0m [Consensus3] [34;1mprepared[0m -> 3 processed commits for proposal with seq 16
2026-09-16T03:47:48.706632643Z [34m2026-09-16 03:47:48.706 UTC 0093 INFO[0m [Consensus3] [34;1mdecide[0m -> Deciding on seq 16
2026-09-16T03:47:48.706633685Z [34m2026-09-16 03:47:48.706 UTC 0094 INFO[0m [Consensus3] [34;1mstartNextSeq[0m -> Sequence: 16-->17
2026-09-16T03:47:48.709663628Z [34m2026-09-16 03:47:48.709 UTC 007c INFO[0m [Assembler4] [34;1mfunc3[0m -> Decision 16, with 1 AvailableCommonBlocks
2026-09-16T03:47:48.709669606Z [34m2026-09-16 03:47:48.709 UTC 007d INFO[0m [Assembler4] [34;1mfunc3[0m -> BA index: 0; BatchID: Sh,Pr,Sq,Dg: <1,2,15,f1125727b5f559910905283520f5667a911b1123d5cefc58ee38a07e8f1c0ca2>; Common Block: Number: 16, PreviousHash: 7916f8f13d67193662644703ac5705918ca667b18aaaf632463c02bfc753e2fe, DataHash: f1125727b5f559910905283520f5667a911b1123d5cefc58ee38a07e8f1c0ca2; BA block signers: [2 1 4]
2026-09-16T03:47:48.709746624Z [34m2026-09-16 03:47:48.709 UTC 007c INFO[0m [Assembler1] [34;1mfunc3[0m -> Decision 16, with 1 AvailableCommonBlocks
2026-09-16T03:47:48.709767087Z [34m2026-09-16 03:47:48.709 UTC 007c INFO[0m [Assembler2] [34;1mfunc3[0m -> Decision 16, with 1 AvailableCommonBlocks
2026-09-16T03:47:48.709768408Z [34m2026-09-16 03:47:48.709 UTC 007d INFO[0m [Assembler1] [34;1mfunc3[0m -> BA index: 0; BatchID: Sh,Pr,Sq,Dg: <1,2,15,f1125727b5f559910905283520f5667a911b1123d5cefc58ee38a07e8f1c0ca2>; Common Block: Number: 16, PreviousHash: 7916f8f13d67193662644703ac5705918ca667b18aaaf632463c02bfc753e2fe, DataHash: f1125727b5f559910905283520f5667a911b1123d5cefc58ee38a07e8f1c0ca2; BA block signers: [2 4 1]
2026-09-16T03:47:48.709769518Z [34m2026-09-16 03:47:48.709 UTC 007d INFO[0m [Assembler2] [34;1mfunc3[0m -> BA index: 0; BatchID: Sh,Pr,Sq,Dg: <1,2,15,f1125727b5f559910905283520f5667a911b1123d5cefc58ee38a07e8f1c0ca2>; Common Block: Number: 16, PreviousHash: 7916f8f13d67193662644703ac5705918ca667b18aaaf632463c02bfc753e2fe, DataHash: f1125727b5f559910905283520f5667a911b1123d5cefc58ee38a07e8f1c0ca2; BA block signers: [4 1 2]
2026-09-16T03:47:48.711022606Z [34m2026-09-16 03:47:48.710 UTC 007c INFO[0m [Assembler3] [34;1mfunc3[0m -> Decision 16, with 1 AvailableCommonBlocks
2026-09-16T03:47:48.711027116Z [34m2026-09-16 03:47:48.710 UTC 007d INFO[0m [Assembler3] [34;1mfunc3[0m -> BA index: 0; BatchID: Sh,Pr,Sq,Dg: <1,2,15,f1125727b5f559910905283520f5667a911b1123d5cefc58ee38a07e8f1c0ca2>; Common Block: Number: 16, PreviousHash: 7916f8f13d67193662644703ac5705918ca667b18aaaf632463c02bfc753e2fe, DataHash: f1125727b5f559910905283520f5667a911b1123d5cefc58ee38a07e8f1c0ca2; BA block signers: [1 2 3]
2026-09-16T03:47:48.713933866Z [34m2026-09-16 03:47:48.713 UTC 007e INFO[0m [Assembler1] [34;1mfunc1[0m -> Appended block 16 of 52 requests to ledger in 4.069381ms
2026-09-16T03:47:48.713956075Z [34m2026-09-16 03:47:48.713 UTC 007e INFO[0m [Assembler4] [34;1mfunc1[0m -> Appended block 16 of 52 requests to ledger in 4.198536ms
2026-09-16T03:47:48.713957927Z [34m2026-09-16 03:47:48.713 UTC 007e INFO[0m [Assembler2] [34;1mfunc1[0m -> Appended block 16 of 52 requests to ledger in 4.037642ms
2026-09-16T03:47:48.714982634Z [34m2026-09-16 03:47:48.714 UTC 007e INFO[0m [Assembler3] [34;1mfunc1[0m -> Appended block 16 of 52 requests to ledger in 3.923209ms
2026-09-16T03:47:49.379077626Z [34m2026-09-16 03:47:49.378 UTC 007f INFO[0m [Assembler4] [34;1mtrackMetrics[0m -> ASSEMBLER_METRICS: total: party_id=4, TXs=724, blocks=17, estimated_block_size=312193, batch_unary_fetch_latency_avg_seconds=0.000000, attestation_to_batch_collation_latency_avg_seconds=0.000012, batch_ledger_append_latency_avg_seconds=0.004755, prefetch_index_cache_evictions=0, in the last 10.00 seconds: TXs=504, blocks=10
2026-09-16T03:47:49.379113129Z [34m2026-09-16 03:47:49.378 UTC 007f INFO[0m [Assembler3] [34;1mtrackMetrics[0m -> ASSEMBLER_METRICS: total: party_id=3, TXs=724, blocks=17, estimated_block_size=312190, batch_unary_fetch_latency_avg_seconds=0.000000, attestation_to_batch_collation_latency_avg_seconds=0.000013, batch_ledger_append_latency_avg_seconds=0.004799, prefetch_index_cache_evictions=0, in the last 10.00 seconds: TXs=504, blocks=10
2026-09-16T03:47:49.379117569Z [34m2026-09-16 03:47:49.379 UTC 007f INFO[0m [Assembler1] [34;1mtrackMetrics[0m -> ASSEMBLER_METRICS: total: party_id=1, TXs=724, blocks=17, estimated_block_size=312192, batch_unary_fetch_latency_avg_seconds=0.000000, attestation_to_batch_collation_latency_avg_seconds=0.000013, batch_ledger_append_latency_avg_seconds=0.004773, prefetch_index_cache_evictions=0, in the last 10.00 seconds: TXs=504, blocks=10
2026-09-16T03:47:49.383061891Z [34m2026-09-16 03:47:49.382 UTC 007f INFO[0m [Assembler2] [34;1mtrackMetrics[0m -> ASSEMBLER_METRICS: total: party_id=2, TXs=724, blocks=17, estimated_block_size=312193, batch_unary_fetch_latency_avg_seconds=0.000000, attestation_to_batch_collation_latency_avg_seconds=0.000016, batch_ledger_append_latency_avg_seconds=0.004666, prefetch_index_cache_evictions=0, in the last 10.00 seconds: TXs=504, blocks=10
2026-09-16T03:47:49.553733595Z [34m2026-09-16 03:47:49.553 UTC 0098 INFO[0m [Batcher2Shard1] [34;1mrunPrimary[0m -> Batcher batched a total of 50 requests for sequence 16
2026-09-16T03:47:49.557115358Z [34m2026-09-16 03:47:49.557 UTC 0099 INFO[0m [Batcher2Shard1] [34;1mSendBAF[0m -> Sending batch attestation fragment for seq 16 with digest e70a8158ce5c4ed0e6a95039a3fd2ed5e5bd84de090e38e5d56f34905dcb0026
2026-09-16T03:47:49.557139103Z [34m2026-09-16 03:47:49.557 UTC 009a INFO[0m [Batcher2Shard1] [34;1mfunc1[0m -> Sending control event took 32.04µs
2026-09-16T03:47:49.557141511Z [34m2026-09-16 03:47:49.557 UTC 009c INFO[0m [Batcher2Shard1] [34;1mfunc1[0m -> Sending control event took 14.859µs
2026-09-16T03:47:49.557142476Z [34m2026-09-16 03:47:49.557 UTC 009b INFO[0m [Batcher2Shard1] [34;1mfunc1[0m -> Sending control event took 5.881µs
2026-09-16T03:47:49.557144560Z [34m2026-09-16 03:47:49.557 UTC 009d INFO[0m [Batcher2Shard1] [34;1mfunc1[0m -> Sending control event took 4.338µs
2026-09-16T03:47:49.557292823Z [34m2026-09-16 03:47:49.557 UTC 009e INFO[0m [Batcher2Shard1] [34;1mBroadcastControlEvent[0m -> Control event sent to quorum (4 out of 4)
2026-09-16T03:47:49.557299849Z [34m2026-09-16 03:47:49.557 UTC 00a8 INFO[0m [Batcher3Shard1] [34;1mfunc3[0m -> [shard1party2-arma] Fetched batch 16 with 50 transactions
2026-09-16T03:47:49.557301117Z [34m2026-09-16 03:47:49.557 UTC 00a8 INFO[0m [Batcher1Shard1] [34;1mfunc3[0m -> [shard1party2-arma] Fetched batch 16 with 50 transactions
2026-09-16T03:47:49.557353338Z [34m2026-09-16 03:47:49.557 UTC 00a8 INFO[0m [Batcher4Shard1] [34;1mfunc3[0m -> [shard1party2-arma] Fetched batch 16 with 50 transactions
2026-09-16T03:47:49.557361729Z [34m2026-09-16 03:47:49.557 UTC 0080 INFO[0m [Assembler2] [34;1mfunc3[0m -> Assembler pulled from 172.29.0.10:6124 batch Sh,Pr,Sq,Dg: <1,2,16,e70a8158ce5c4ed0e6a95039a3fd2ed5e5bd84de090e38e5d56f34905dcb0026>
2026-09-16T03:47:49.557507771Z [34m2026-09-16 03:47:49.557 UTC 00a9 INFO[0m [Batcher1Shard1] [34;1mrunSecondary[0m -> Secondary batcher 1 (shard 1; current primary 2) appending to ledger batch with seq 16 and 50 requests
2026-09-16T03:47:49.557514143Z [34m2026-09-16 03:47:49.557 UTC 00a9 INFO[0m [Batcher4Shard1] [34;1mrunSecondary[0m -> Secondary batcher 4 (shard 1; current primary 2) appending to ledger batch with seq 16 and 50 requests
2026-09-16T03:47:49.557579359Z [34m2026-09-16 03:47:49.557 UTC 00a9 INFO[0m [Batcher3Shard1] [34;1mrunSecondary[0m -> Secondary batcher 3 (shard 1; current primary 2) appending to ledger batch with seq 16 and 50 requests
2026-09-16T03:47:49.560904863Z [34m2026-09-16 03:47:49.560 UTC 00aa INFO[0m [Batcher3Shard1] [34;1mSendBAF[0m -> Sending batch attestation fragment for seq 16 with digest e70a8158ce5c4ed0e6a95039a3fd2ed5e5bd84de090e38e5d56f34905dcb0026
2026-09-16T03:47:49.560914868Z [34m2026-09-16 03:47:49.560 UTC 00aa INFO[0m [Batcher1Shard1] [34;1mSendBAF[0m -> Sending batch attestation fragment for seq 16 with digest e70a8158ce5c4ed0e6a95039a3fd2ed5e5bd84de090e38e5d56f34905dcb0026
2026-09-16T03:47:49.560916818Z [34m2026-09-16 03:47:49.560 UTC 00ab INFO[0m [Batcher3Shard1] [34;1mfunc1[0m -> Sending control event took 9.618µs
2026-09-16T03:47:49.560918321Z [34m2026-09-16 03:47:49.560 UTC 00ab INFO[0m [Batcher1Shard1] [34;1mfunc1[0m -> Sending control event took 9.66µs
2026-09-16T03:47:49.560919185Z [34m2026-09-16 03:47:49.560 UTC 00ac INFO[0m [Batcher3Shard1] [34;1mfunc1[0m -> Sending control event took 2.777µs
2026-09-16T03:47:49.560919890Z [34m2026-09-16 03:47:49.560 UTC 00ac INFO[0m [Batcher1Shard1] [34;1mfunc1[0m -> Sending control event took 2.752µs
2026-09-16T03:47:49.560962981Z [34m2026-09-16 03:47:49.560 UTC 00ad INFO[0m [Batcher3Shard1] [34;1mfunc1[0m -> Sending control event took 2.609µs
2026-09-16T03:47:49.560969234Z [34m2026-09-16 03:47:49.560 UTC 00ad INFO[0m [Batcher1Shard1] [34;1mfunc1[0m -> Sending control event took 12.337µs
2026-09-16T03:47:49.560979158Z [34m2026-09-16 03:47:49.560 UTC 00ae INFO[0m [Batcher1Shard1] [34;1mfunc1[0m -> Sending control event took 10.572µs
2026-09-16T03:47:49.560980341Z [34m2026-09-16 03:47:49.560 UTC 00af INFO[0m [Batcher1Shard1] [34;1mBroadcastControlEvent[0m -> Control event sent to quorum (4 out of 4)
2026-09-16T03:47:49.560981252Z [34m2026-09-16 03:47:49.560 UTC 00ae INFO[0m [Batcher3Shard1] [34;1mfunc1[0m -> Sending control event took 11.329µs
2026-09-16T03:47:49.560981991Z [34m2026-09-16 03:47:49.560 UTC 00af INFO[0m [Batcher3Shard1] [34;1mBroadcastControlEvent[0m -> Control event sent to quorum (4 out of 4)
2026-09-16T03:47:49.560982696Z [34m2026-09-16 03:47:49.560 UTC 0080 INFO[0m [Assembler1] [34;1mfunc3[0m -> Assembler pulled from 172.29.0.10:6024 batch Sh,Pr,Sq,Dg: <1,2,16,e70a8158ce5c4ed0e6a95039a3fd2ed5e5bd84de090e38e5d56f34905dcb0026>
2026-09-16T03:47:49.561281601Z [34m2026-09-16 03:47:49.561 UTC 0080 INFO[0m [Assembler3] [34;1mfunc3[0m -> Assembler pulled from 172.29.0.10:6224 batch Sh,Pr,Sq,Dg: <1,2,16,e70a8158ce5c4ed0e6a95039a3fd2ed5e5bd84de090e38e5d56f34905dcb0026>
2026-09-16T03:47:49.562102737Z [34m2026-09-16 03:47:49.562 UTC 00aa INFO[0m [Batcher4Shard1] [34;1mSendBAF[0m -> Sending batch attestation fragment for seq 16 with digest e70a8158ce5c4ed0e6a95039a3fd2ed5e5bd84de090e38e5d56f34905dcb0026
2026-09-16T03:47:49.562108732Z [34m2026-09-16 03:47:49.562 UTC 00ab INFO[0m [Batcher4Shard1] [34;1mfunc1[0m -> Sending control event took 10.533µs
2026-09-16T03:47:49.562111969Z [34m2026-09-16 03:47:49.562 UTC 00ac INFO[0m [Batcher4Shard1] [34;1mfunc1[0m -> Sending control event took 11.109µs
2026-09-16T03:47:49.562112900Z [34m2026-09-16 03:47:49.562 UTC 00ad INFO[0m [Batcher4Shard1] [34;1mfunc1[0m -> Sending control event took 2.724µs
2026-09-16T03:47:49.562113665Z [34m2026-09-16 03:47:49.562 UTC 00ae INFO[0m [Batcher4Shard1] [34;1mfunc1[0m -> Sending control event took 3.183µs
2026-09-16T03:47:49.562158040Z [34m2026-09-16 03:47:49.562 UTC 00af INFO[0m [Batcher4Shard1] [34;1mBroadcastControlEvent[0m -> Control event sent to quorum (4 out of 4)
2026-09-16T03:47:49.562294178Z [34m2026-09-16 03:47:49.562 UTC 0080 INFO[0m [Assembler4] [34;1mfunc3[0m -> Assembler pulled from 172.29.0.10:6324 batch Sh,Pr,Sq,Dg: <1,2,16,e70a8158ce5c4ed0e6a95039a3fd2ed5e5bd84de090e38e5d56f34905dcb0026>
2026-09-16T03:47:49.709831116Z [34m2026-09-16 03:47:49.709 UTC 00b5 INFO[0m [Consensus1] [34;1mAssembleProposal[0m -> Creating proposal with 1 attestations and new state: State{N: 4, Quorum: 3, Threshold: 2, ShardCount: 1, 
2026-09-16T03:47:49.709857382Z Pending: none, 
2026-09-16T03:47:49.709858819Z Complaints: none}
2026-09-16T03:47:49.709859872Z [34m2026-09-16 03:47:49.709 UTC 00b6 INFO[0m [Consensus1] [34;1mAssembleProposal[0m -> Proposing available common data block: number=17, prevHash=502bf982e9cf27fd55df93437d030c4384b100f155ec1b986a2c9b530ac145f0, dataHash=e70a8158ce5c4ed0e6a95039a3fd2ed5e5bd84de090e38e5d56f34905dcb0026, numOfReqs=50, decisionNum=17, blockIndex=0/1, lastConfigBlockNum=0
2026-09-16T03:47:49.713615990Z [34m2026-09-16 03:47:49.713 UTC 00b7 INFO[0m [Consensus1] [34;1mprocessProposal[0m -> Processed proposal with seq 17
2026-09-16T03:47:49.715942709Z [34m2026-09-16 03:47:49.715 UTC 0095 INFO[0m [Consensus3] [34;1mprocessProposal[0m -> Processed proposal with seq 17
2026-09-16T03:47:49.716906961Z [34m2026-09-16 03:47:49.716 UTC 0096 INFO[0m [Consensus4] [34;1mprocessProposal[0m -> Processed proposal with seq 17
2026-09-16T03:47:49.716912606Z [34m2026-09-16 03:47:49.716 UTC 0095 INFO[0m [Consensus2] [34;1mprocessProposal[0m -> Processed proposal with seq 17
2026-09-16T03:47:49.717066239Z [34m2026-09-16 03:47:49.716 UTC 0097 INFO[0m [Consensus4] [34;1mprocessPrepares[0m -> 4 collected 2 prepares from [1 3]
2026-09-16T03:47:49.717072239Z [34m2026-09-16 03:47:49.716 UTC 0096 INFO[0m [Consensus2] [34;1mprocessPrepares[0m -> 2 collected 2 prepares from [1 3]
2026-09-16T03:47:49.717073410Z [34m2026-09-16 03:47:49.716 UTC 00b8 INFO[0m [Consensus1] [34;1mprocessPrepares[0m -> 1 collected 2 prepares from [3 2]
2026-09-16T03:47:49.717276366Z [34m2026-09-16 03:47:49.717 UTC 0096 INFO[0m [Consensus3] [34;1mprocessPrepares[0m -> 3 collected 2 prepares from [1 2]
2026-09-16T03:47:49.718491598Z [34m2026-09-16 03:47:49.718 UTC 0098 INFO[0m [Consensus4] [34;1mprocessPrepares[0m -> Processed prepares for proposal with seq 17
2026-09-16T03:47:49.718822961Z [34m2026-09-16 03:47:49.718 UTC 0097 INFO[0m [Consensus2] [34;1mprocessPrepares[0m -> Processed prepares for proposal with seq 17
2026-09-16T03:47:49.719492938Z [34m2026-09-16 03:47:49.719 UTC 0097 INFO[0m [Consensus3] [34;1mprocessPrepares[0m -> Processed prepares for proposal with seq 17
2026-09-16T03:47:49.719498385Z [34m2026-09-16 03:47:49.719 UTC 00b9 INFO[0m [Consensus1] [34;1mprocessPrepares[0m -> Processed prepares for proposal with seq 17
2026-09-16T03:47:49.719805815Z [34m2026-09-16 03:47:49.719 UTC 0098 INFO[0m [Consensus3] [34;1mprocessCommits[0m -> 3 collected 2 commits from [4 2]
2026-09-16T03:47:49.719811747Z [34m2026-09-16 03:47:49.719 UTC 0099 INFO[0m [Consensus4] [34;1mprocessCommits[0m -> 4 collected 2 commits from [2 3]
2026-09-16T03:47:49.719813113Z [34m2026-09-16 03:47:49.719 UTC 0099 INFO[0m [Consensus3] [34;1mprepared[0m -> 3 processed commits for proposal with seq 17
2026-09-16T03:47:49.719814070Z [34m2026-09-16 03:47:49.719 UTC 009a INFO[0m [Consensus4] [34;1mprepared[0m -> 4 processed commits for proposal with seq 17
2026-09-16T03:47:49.719814966Z [34m2026-09-16 03:47:49.719 UTC 009b INFO[0m [Consensus4] [34;1mdecide[0m -> Deciding on seq 17
2026-09-16T03:47:49.719815647Z [34m2026-09-16 03:47:49.719 UTC 009a INFO[0m [Consensus3] [34;1mdecide[0m -> Deciding on seq 17
2026-09-16T03:47:49.719826081Z [34m2026-09-16 03:47:49.719 UTC 009c INFO[0m [Consensus4] [34;1mstartNextSeq[0m -> Sequence: 17-->18
2026-09-16T03:47:49.719826970Z [34m2026-09-16 03:47:49.719 UTC 009b INFO[0m [Consensus3] [34;1mstartNextSeq[0m -> Sequence: 17-->18
2026-09-16T03:47:49.719838501Z [34m2026-09-16 03:47:49.719 UTC 0098 INFO[0m [Consensus2] [34;1mprocessCommits[0m -> 2 collected 2 commits from [4 3]
2026-09-16T03:47:49.719844417Z [34m2026-09-16 03:47:49.719 UTC 0099 INFO[0m [Consensus2] [34;1mprepared[0m -> 2 processed commits for proposal with seq 17
2026-09-16T03:47:49.719845666Z [34m2026-09-16 03:47:49.719 UTC 009a INFO[0m [Consensus2] [34;1mdecide[0m -> Deciding on seq 17
2026-09-16T03:47:49.719846495Z [34m2026-09-16 03:47:49.719 UTC 009b INFO[0m [Consensus2] [34;1mstartNextSeq[0m -> Sequence: 17-->18
2026-09-16T03:47:49.719847196Z [34m2026-09-16 03:47:49.719 UTC 00ba INFO[0m [Consensus1] [34;1mprocessCommits[0m -> 1 collected 2 commits from [2 4]
2026-09-16T03:47:49.719847844Z [34m2026-09-16 03:47:49.719 UTC 00bb INFO[0m [Consensus1] [34;1mprepared[0m -> 1 processed commits for proposal with seq 17
2026-09-16T03:47:49.719848512Z [34m2026-09-16 03:47:49.719 UTC 00bc INFO[0m [Consensus1] [34;1mdecide[0m -> Deciding on seq 17
2026-09-16T03:47:49.719849087Z [34m2026-09-16 03:47:49.719 UTC 00bd INFO[0m [Consensus1] [34;1mstartNextSeq[0m -> Sequence: 17-->18
2026-09-16T03:47:49.723807268Z [34m2026-09-16 03:47:49.723 UTC 0081 INFO[0m [Assembler2] [34;1mfunc3[0m -> Decision 17, with 1 AvailableCommonBlocks
2026-09-16T03:47:49.723819728Z [34m2026-09-16 03:47:49.723 UTC 0082 INFO[0m [Assembler2] [34;1mfunc3[0m -> BA index: 0; BatchID: Sh,Pr,Sq,Dg: <1,2,16,e70a8158ce5c4ed0e6a95039a3fd2ed5e5bd84de090e38e5d56f34905dcb0026>; Common Block: Number: 17, PreviousHash: 502bf982e9cf27fd55df93437d030c4384b100f155ec1b986a2c9b530ac145f0, DataHash: e70a8158ce5c4ed0e6a95039a3fd2ed5e5bd84de090e38e5d56f34905dcb0026; BA block signers: [4 3 2]
2026-09-16T03:47:49.724717948Z [34m2026-09-16 03:47:49.724 UTC 00be INFO[0m [Consensus1] [34;1mprocessMsg[0m -> 1 got message from 2 with sequence 16 but our sequence is 18
2026-09-16T03:47:49.724879017Z [34m2026-09-16 03:47:49.724 UTC 0081 INFO[0m [Assembler4] [34;1mfunc3[0m -> Decision 17, with 1 AvailableCommonBlocks
2026-09-16T03:47:49.724890627Z [34m2026-09-16 03:47:49.724 UTC 0082 INFO[0m [Assembler4] [34;1mfunc3[0m -> BA index: 0; BatchID: Sh,Pr,Sq,Dg: <1,2,16,e70a8158ce5c4ed0e6a95039a3fd2ed5e5bd84de090e38e5d56f34905dcb0026>; Common Block: Number: 17, PreviousHash: 502bf982e9cf27fd55df93437d030c4384b100f155ec1b986a2c9b530ac145f0, DataHash: e70a8158ce5c4ed0e6a95039a3fd2ed5e5bd84de090e38e5d56f34905dcb0026; BA block signers: [2 3 4]
2026-09-16T03:47:49.724893749Z [34m2026-09-16 03:47:49.724 UTC 0081 INFO[0m [Assembler3] [34;1mfunc3[0m -> Decision 17, with 1 AvailableCommonBlocks
2026-09-16T03:47:49.724895540Z [34m2026-09-16 03:47:49.724 UTC 0082 INFO[0m [Assembler3] [34;1mfunc3[0m -> BA index: 0; BatchID: Sh,Pr,Sq,Dg: <1,2,16,e70a8158ce5c4ed0e6a95039a3fd2ed5e5bd84de090e38e5d56f34905dcb0026>; Common Block: Number: 17, PreviousHash: 502bf982e9cf27fd55df93437d030c4384b100f155ec1b986a2c9b530ac145f0, DataHash: e70a8158ce5c4ed0e6a95039a3fd2ed5e5bd84de090e38e5d56f34905dcb0026; BA block signers: [4 2 3]
2026-09-16T03:47:49.725103101Z [34m2026-09-16 03:47:49.725 UTC 0081 INFO[0m [Assembler1] [34;1mfunc3[0m -> Decision 17, with 1 AvailableCommonBlocks
2026-09-16T03:47:49.725110398Z [34m2026-09-16 03:47:49.725 UTC 0082 INFO[0m [Assembler1] [34;1mfunc3[0m -> BA index: 0; BatchID: Sh,Pr,Sq,Dg: <1,2,16,e70a8158ce5c4ed0e6a95039a3fd2ed5e5bd84de090e38e5d56f34905dcb0026>; Common Block: Number: 17, PreviousHash: 502bf982e9cf27fd55df93437d030c4384b100f155ec1b986a2c9b530ac145f0, DataHash: e70a8158ce5c4ed0e6a95039a3fd2ed5e5bd84de090e38e5d56f34905dcb0026; BA block signers: [2 4 1]
2026-09-16T03:47:49.728012864Z [34m2026-09-16 03:47:49.727 UTC 0083 INFO[0m [Assembler2] [34;1mfunc1[0m -> Appended block 17 of 50 requests to ledger in 4.158017ms
2026-09-16T03:47:49.728930437Z [34m2026-09-16 03:47:49.728 UTC 0083 INFO[0m [Assembler4] [34;1mfunc1[0m -> Appended block 17 of 50 requests to ledger in 4.08281ms
2026-09-16T03:47:49.728943870Z [34m2026-09-16 03:47:49.728 UTC 0083 INFO[0m [Assembler1] [34;1mfunc1[0m -> Appended block 17 of 50 requests to ledger in 3.806187ms
2026-09-16T03:47:49.728945551Z [34m2026-09-16 03:47:49.728 UTC 0083 INFO[0m [Assembler3] [34;1mfunc1[0m -> Appended block 17 of 50 requests to ledger in 3.997346ms
2026-09-16T03:47:50.557837002Z [34m2026-09-16 03:47:50.557 UTC 009f INFO[0m [Batcher2Shard1] [34;1mrunPrimary[0m -> Batcher batched a total of 50 requests for sequence 17
2026-09-16T03:47:50.561217795Z [34m2026-09-16 03:47:50.561 UTC 00a0 INFO[0m [Batcher2Shard1] [34;1mSendBAF[0m -> Sending batch attestation fragment for seq 17 with digest 71fc461b5f1d6ead31086aee72c85ea73140b511605402ae385fe1d0cced12a0
2026-09-16T03:47:50.561227011Z [34m2026-09-16 03:47:50.561 UTC 00a1 INFO[0m [Batcher2Shard1] [34;1mfunc1[0m -> Sending control event took 23.708µs
2026-09-16T03:47:50.561437275Z [34m2026-09-16 03:47:50.561 UTC 00a2 INFO[0m [Batcher2Shard1] [34;1mfunc1[0m -> Sending control event took 5.212µs
2026-09-16T03:47:50.561444116Z [34m2026-09-16 03:47:50.561 UTC 00a3 INFO[0m [Batcher2Shard1] [34;1mfunc1[0m -> Sending control event took 3.524µs
2026-09-16T03:47:50.561445273Z [34m2026-09-16 03:47:50.561 UTC 00a4 INFO[0m [Batcher2Shard1] [34;1mfunc1[0m -> Sending control event took 14.024µs
2026-09-16T03:47:50.561446104Z [34m2026-09-16 03:47:50.561 UTC 00a5 INFO[0m [Batcher2Shard1] [34;1mBroadcastControlEvent[0m -> Control event sent to quorum (4 out of 4)
2026-09-16T03:47:50.561446829Z [34m2026-09-16 03:47:50.561 UTC 00b0 INFO[0m [Batcher3Shard1] [34;1mfunc3[0m -> [shard1party2-arma] Fetched batch 17 with 50 transactions
2026-09-16T03:47:50.561836697Z [34m2026-09-16 03:47:50.561 UTC 00b0 INFO[0m [Batcher4Shard1] [34;1mfunc3[0m -> [shard1party2-arma] Fetched batch 17 with 50 transactions
2026-09-16T03:47:50.561852973Z [34m2026-09-16 03:47:50.561 UTC 00b0 INFO[0m [Batcher1Shard1] [34;1mfunc3[0m -> [shard1party2-arma] Fetched batch 17 with 50 transactions
2026-09-16T03:47:50.561854564Z [34m2026-09-16 03:47:50.561 UTC 0084 INFO[0m [Assembler2] [34;1mfunc3[0m -> Assembler pulled from 172.29.0.10:6124 batch Sh,Pr,Sq,Dg: <1,2,17,71fc461b5f1d6ead31086aee72c85ea73140b511605402ae385fe1d0cced12a0>
2026-09-16T03:47:50.561855719Z [34m2026-09-16 03:47:50.561 UTC 00b1 INFO[0m [Batcher4Shard1] [34;1mrunSecondary[0m -> Secondary batcher 4 (shard 1; current primary 2) appending to ledger batch with seq 17 and 50 requests
2026-09-16T03:47:50.561856603Z [34m2026-09-16 03:47:50.561 UTC 00b1 INFO[0m [Batcher1Shard1] [34;1mrunSecondary[0m -> Secondary batcher 1 (shard 1; current primary 2) appending to ledger batch with seq 17 and 50 requests
2026-09-16T03:47:50.561857387Z [34m2026-09-16 03:47:50.561 UTC 00b1 INFO[0m [Batcher3Shard1] [34;1mrunSecondary[0m -> Secondary batcher 3 (shard 1; current primary 2) appending to ledger batch with seq 17 and 50 requests
2026-09-16T03:47:50.564947272Z [34m2026-09-16 03:47:50.564 UTC 00b2 INFO[0m [Batcher4Shard1] [34;1mSendBAF[0m -> Sending batch attestation fragment for seq 17 with digest 71fc461b5f1d6ead31086aee72c85ea73140b511605402ae385fe1d0cced12a0
2026-09-16T03:47:50.564952941Z [34m2026-09-16 03:47:50.564 UTC 00b2 INFO[0m [Batcher1Shard1] [34;1mSendBAF[0m -> Sending batch attestation fragment for seq 17 with digest 71fc461b5f1d6ead31086aee72c85ea73140b511605402ae385fe1d0cced12a0
2026-09-16T03:47:50.565270263Z [34m2026-09-16 03:47:50.564 UTC 00b3 INFO[0m [Batcher4Shard1] [34;1mfunc1[0m -> Sending control event took 9.036µs
2026-09-16T03:47:50.565299238Z [34m2026-09-16 03:47:50.564 UTC 00b3 INFO[0m [Batcher1Shard1] [34;1mfunc1[0m -> Sending control event took 10.521µs
2026-09-16T03:47:50.565306166Z [34m2026-09-16 03:47:50.564 UTC 00b4 INFO[0m [Batcher4Shard1] [34;1mfunc1[0m -> Sending control event took 11.027µs
2026-09-16T03:47:50.565310841Z [34m2026-09-16 03:47:50.564 UTC 00b5 INFO[0m [Batcher4Shard1] [34;1mfunc1[0m -> Sending control event took 3.684µs
2026-09-16T03:47:50.565314665Z [34m2026-09-16 03:47:50.564 UTC 00b4 INFO[0m [Batcher1Shard1] [34;1mfunc1[0m -> Sending control event took 3.609µs
2026-09-16T03:47:50.565318190Z [34m2026-09-16 03:47:50.564 UTC 00b6 INFO[0m [Batcher4Shard1] [34;1mfunc1[0m -> Sending control event took 2.425µs
2026-09-16T03:47:50.565321926Z [34m2026-09-16 03:47:50.564 UTC 00b5 INFO[0m [Batcher1Shard1] [34;1mfunc1[0m -> Sending control event took 2.577µs
2026-09-16T03:47:50.565325714Z [34m2026-09-16 03:47:50.564 UTC 00b7 INFO[0m [Batcher4Shard1] [34;1mBroadcastControlEvent[0m -> Control event sent to quorum (4 out of 4)
2026-09-16T03:47:50.565330117Z [34m2026-09-16 03:47:50.564 UTC 00b6 INFO[0m [Batcher1Shard1] [34;1mfunc1[0m -> Sending control event took 2.725µs
2026-09-16T03:47:50.565360737Z [34m2026-09-16 03:47:50.564 UTC 00b7 INFO[0m [Batcher1Shard1] [34;1mBroadcastControlEvent[0m -> Control event sent to quorum (4 out of 4)
2026-09-16T03:47:50.565366634Z [34m2026-09-16 03:47:50.565 UTC 0084 INFO[0m [Assembler4] [34;1mfunc3[0m -> Assembler pulled from 172.29.0.10:6324 batch Sh,Pr,Sq,Dg: <1,2,17,71fc461b5f1d6ead31086aee72c85ea73140b511605402ae385fe1d0cced12a0>
2026-09-16T03:47:50.565441654Z [34m2026-09-16 03:47:50.565 UTC 0084 INFO[0m [Assembler1] [34;1mfunc3[0m -> Assembler pulled from 172.29.0.10:6024 batch Sh,Pr,Sq,Dg: <1,2,17,71fc461b5f1d6ead31086aee72c85ea73140b511605402ae385fe1d0cced12a0>
2026-09-16T03:47:50.566562722Z [34m2026-09-16 03:47:50.566 UTC 00b2 INFO[0m [Batcher3Shard1] [34;1mSendBAF[0m -> Sending batch attestation fragment for seq 17 with digest 71fc461b5f1d6ead31086aee72c85ea73140b511605402ae385fe1d0cced12a0
2026-09-16T03:47:50.566570105Z [34m2026-09-16 03:47:50.566 UTC 00b3 INFO[0m [Batcher3Shard1] [34;1mfunc1[0m -> Sending control event took 9.187µs
2026-09-16T03:47:50.566845621Z [34m2026-09-16 03:47:50.566 UTC 00b4 INFO[0m [Batcher3Shard1] [34;1mfunc1[0m -> Sending control event took 2.111µs
2026-09-16T03:47:50.566851565Z [34m2026-09-16 03:47:50.566 UTC 00b5 INFO[0m [Batcher3Shard1] [34;1mfunc1[0m -> Sending control event took 7.879µs
2026-09-16T03:47:50.566853033Z [34m2026-09-16 03:47:50.566 UTC 00b6 INFO[0m [Batcher3Shard1] [34;1mfunc1[0m -> Sending control event took 2.259µs
2026-09-16T03:47:50.566854083Z [34m2026-09-16 03:47:50.566 UTC 00b7 INFO[0m [Batcher3Shard1] [34;1mBroadcastControlEvent[0m -> Control event sent to quorum (4 out of 4)
2026-09-16T03:47:50.566854872Z [34m2026-09-16 03:47:50.566 UTC 0084 INFO[0m [Assembler3] [34;1mfunc3[0m -> Assembler pulled from 172.29.0.10:6224 batch Sh,Pr,Sq,Dg: <1,2,17,71fc461b5f1d6ead31086aee72c85ea73140b511605402ae385fe1d0cced12a0>
2026-09-16T03:47:50.726543601Z [34m2026-09-16 03:47:50.726 UTC 00bf INFO[0m [Consensus1] [34;1mAssembleProposal[0m -> Creating proposal with 1 attestations and new state: State{N: 4, Quorum: 3, Threshold: 2, ShardCount: 1, 
2026-09-16T03:47:50.726568494Z Pending: none, 
2026-09-16T03:47:50.726569915Z Complaints: none}
2026-09-16T03:47:50.726571074Z [34m2026-09-16 03:47:50.726 UTC 00c0 INFO[0m [Consensus1] [34;1mAssembleProposal[0m -> Proposing available common data block: number=18, prevHash=cb9dba3d232723b2a71ef4b90b87533f1ba0e8949660ec2fe0aa6f4d03034d9f, dataHash=71fc461b5f1d6ead31086aee72c85ea73140b511605402ae385fe1d0cced12a0, numOfReqs=50, decisionNum=18, blockIndex=0/1, lastConfigBlockNum=0
2026-09-16T03:47:50.729325120Z [34m2026-09-16 03:47:50.729 UTC 00c1 INFO[0m [Consensus1] [34;1mprocessProposal[0m -> Processed proposal with seq 18
2026-09-16T03:47:50.731944646Z [34m2026-09-16 03:47:50.731 UTC 009d INFO[0m [Consensus4] [34;1mprocessProposal[0m -> Processed proposal with seq 18
2026-09-16T03:47:50.731990356Z [34m2026-09-16 03:47:50.731 UTC 009c INFO[0m [Consensus3] [34;1mprocessProposal[0m -> Processed proposal with seq 18
2026-09-16T03:47:50.732011645Z [34m2026-09-16 03:47:50.731 UTC 009c INFO[0m [Consensus2] [34;1mprocessProposal[0m -> Processed proposal with seq 18
2026-09-16T03:47:50.732233655Z [34m2026-09-16 03:47:50.731 UTC 009d INFO[0m [Consensus3] [34;1mprocessPrepares[0m -> 3 collected 2 prepares from [1 4]
2026-09-16T03:47:50.732244257Z [34m2026-09-16 03:47:50.732 UTC 009d INFO[0m [Consensus2] [34;1mprocessPrepares[0m -> 2 collected 2 prepares from [1 3]
2026-09-16T03:47:50.732246674Z [34m2026-09-16 03:47:50.732 UTC 00c2 INFO[0m [Consensus1] [34;1mprocessPrepares[0m -> 1 collected 2 prepares from [4 3]
2026-09-16T03:47:50.732248245Z [34m2026-09-16 03:47:50.732 UTC 009e INFO[0m [Consensus4] [34;1mprocessPrepares[0m -> 4 collected 2 prepares from [1 3]
2026-09-16T03:47:50.733645778Z [34m2026-09-16 03:47:50.733 UTC 00c3 INFO[0m [Consensus1] [34;1mprocessPrepares[0m -> Processed prepares for proposal with seq 18
2026-09-16T03:47:50.733651348Z [34m2026-09-16 03:47:50.733 UTC 009f INFO[0m [Consensus4] [34;1mprocessPrepares[0m -> Processed prepares for proposal with seq 18
2026-09-16T03:47:50.733652787Z [34m2026-09-16 03:47:50.733 UTC 009e INFO[0m [Consensus2] [34;1mprocessPrepares[0m -> Processed prepares for proposal with seq 18
2026-09-16T03:47:50.733653854Z [34m2026-09-16 03:47:50.733 UTC 009e INFO[0m [Consensus3] [34;1mprocessPrepares[0m -> Processed prepares for proposal with seq 18
2026-09-16T03:47:50.734176590Z [34m2026-09-16 03:47:50.734 UTC 009f INFO[0m [Consensus2] [34;1mprocessCommits[0m -> 2 collected 2 commits from [4 1]
2026-09-16T03:47:50.734192609Z [34m2026-09-16 03:47:50.734 UTC 00a0 INFO[0m [Consensus2] [34;1mprepared[0m -> 2 processed commits for proposal with seq 18
2026-09-16T03:47:50.734195132Z [34m2026-09-16 03:47:50.734 UTC 00a1 INFO[0m [Consensus2] [34;1mdecide[0m -> Deciding on seq 18
2026-09-16T03:47:50.734196829Z [34m2026-09-16 03:47:50.734 UTC 00a2 INFO[0m [Consensus2] [34;1mstartNextSeq[0m -> Sequence: 18-->19
2026-09-16T03:47:50.734198449Z [34m2026-09-16 03:47:50.734 UTC 00c4 INFO[0m [Consensus1] [34;1mprocessCommits[0m -> 1 collected 2 commits from [3 2]
2026-09-16T03:47:50.734199966Z [34m2026-09-16 03:47:50.734 UTC 00c5 INFO[0m [Consensus1] [34;1mprepared[0m -> 1 processed commits for proposal with seq 18
2026-09-16T03:47:50.734201363Z [34m2026-09-16 03:47:50.734 UTC 00c6 INFO[0m [Consensus1] [34;1mdecide[0m -> Deciding on seq 18
2026-09-16T03:47:50.734202713Z [34m2026-09-16 03:47:50.734 UTC 00c7 INFO[0m [Consensus1] [34;1mstartNextSeq[0m -> Sequence: 18-->19
2026-09-16T03:47:50.734204035Z [34m2026-09-16 03:47:50.734 UTC 00a0 INFO[0m [Consensus4] [34;1mprocessCommits[0m -> 4 collected 2 commits from [3 2]
2026-09-16T03:47:50.734205407Z [34m2026-09-16 03:47:50.734 UTC 00a1 INFO[0m [Consensus4] [34;1mprepared[0m -> 4 processed commits for proposal with seq 18
2026-09-16T03:47:50.734218301Z [34m2026-09-16 03:47:50.734 UTC 00a2 INFO[0m [Consensus4] [34;1mdecide[0m -> Deciding on seq 18
2026-09-16T03:47:50.734220121Z [34m2026-09-16 03:47:50.734 UTC 00a3 INFO[0m [Consensus4] [34;1mstartNextSeq[0m -> Sequence: 18-->19
2026-09-16T03:47:50.734335911Z [34m2026-09-16 03:47:50.734 UTC 009f INFO[0m [Consensus3] [34;1mprocessCommits[0m -> 3 collected 2 commits from [2 1]
2026-09-16T03:47:50.734342033Z [34m2026-09-16 03:47:50.734 UTC 00a0 INFO[0m [Consensus3] [34;1mprepared[0m -> 3 processed commits for proposal with seq 18
2026-09-16T03:47:50.734349561Z [34m2026-09-16 03:47:50.734 UTC 00a1 INFO[0m [Consensus3] [34;1mdecide[0m -> Deciding on seq 18
2026-09-16T03:47:50.734351052Z [34m2026-09-16 03:47:50.734 UTC 00a2 INFO[0m [Consensus3] [34;1mstartNextSeq[0m -> Sequence: 18-->19
2026-09-16T03:47:50.736818668Z [34m2026-09-16 03:47:50.736 UTC 0085 INFO[0m [Assembler3] [34;1mfunc3[0m -> Decision 18, with 1 AvailableCommonBlocks
2026-09-16T03:47:50.736830587Z [34m2026-09-16 03:47:50.736 UTC 0086 INFO[0m [Assembler3] [34;1mfunc3[0m -> BA index: 0; BatchID: Sh,Pr,Sq,Dg: <1,2,17,71fc461b5f1d6ead31086aee72c85ea73140b511605402ae385fe1d0cced12a0>; Common Block: Number: 18, PreviousHash: cb9dba3d232723b2a71ef4b90b87533f1ba0e8949660ec2fe0aa6f4d03034d9f, DataHash: 71fc461b5f1d6ead31086aee72c85ea73140b511605402ae385fe1d0cced12a0; BA block signers: [2 1 3]
2026-09-16T03:47:50.736842166Z [34m2026-09-16 03:47:50.736 UTC 0085 INFO[0m [Assembler4] [34;1mfunc3[0m -> Decision 18, with 1 AvailableCommonBlocks
2026-09-16T03:47:50.736844593Z [34m2026-09-16 03:47:50.736 UTC 0085 INFO[0m [Assembler1] [34;1mfunc3[0m -> Decision 18, with 1 AvailableCommonBlocks
2026-09-16T03:47:50.736846364Z [34m2026-09-16 03:47:50.736 UTC 0086 INFO[0m [Assembler4] [34;1mfunc3[0m -> BA index: 0; BatchID: Sh,Pr,Sq,Dg: <1,2,17,71fc461b5f1d6ead31086aee72c85ea73140b511605402ae385fe1d0cced12a0>; Common Block: Number: 18, PreviousHash: cb9dba3d232723b2a71ef4b90b87533f1ba0e8949660ec2fe0aa6f4d03034d9f, DataHash: 71fc461b5f1d6ead31086aee72c85ea73140b511605402ae385fe1d0cced12a0; BA block signers: [3 2 4]
2026-09-16T03:47:50.736848484Z [34m2026-09-16 03:47:50.736 UTC 0086 INFO[0m [Assembler1] [34;1mfunc3[0m -> BA index: 0; BatchID: Sh,Pr,Sq,Dg: <1,2,17,71fc461b5f1d6ead31086aee72c85ea73140b511605402ae385fe1d0cced12a0>; Common Block: Number: 18, PreviousHash: cb9dba3d232723b2a71ef4b90b87533f1ba0e8949660ec2fe0aa6f4d03034d9f, DataHash: 71fc461b5f1d6ead31086aee72c85ea73140b511605402ae385fe1d0cced12a0; BA block signers: [3 2 1]
2026-09-16T03:47:50.737141396Z [34m2026-09-16 03:47:50.736 UTC 0085 INFO[0m [Assembler2] [34;1mfunc3[0m -> Decision 18, with 1 AvailableCommonBlocks
2026-09-16T03:47:50.737147648Z [34m2026-09-16 03:47:50.737 UTC 0086 INFO[0m [Assembler2] [34;1mfunc3[0m -> BA index: 0; BatchID: Sh,Pr,Sq,Dg: <1,2,17,71fc461b5f1d6ead31086aee72c85ea73140b511605402ae385fe1d0cced12a0>; Common Block: Number: 18, PreviousHash: cb9dba3d232723b2a71ef4b90b87533f1ba0e8949660ec2fe0aa6f4d03034d9f, DataHash: 71fc461b5f1d6ead31086aee72c85ea73140b511605402ae385fe1d0cced12a0; BA block signers: [4 1 2]
2026-09-16T03:47:50.741399569Z [34m2026-09-16 03:47:50.741 UTC 0087 INFO[0m [Assembler3] [34;1mfunc1[0m -> Appended block 18 of 50 requests to ledger in 4.57991ms
2026-09-16T03:47:50.741415836Z [34m2026-09-16 03:47:50.741 UTC 0087 INFO[0m [Assembler1] [34;1mfunc1[0m -> Appended block 18 of 50 requests to ledger in 4.411529ms
2026-09-16T03:47:50.741417530Z [34m2026-09-16 03:47:50.741 UTC 0087 INFO[0m [Assembler4] [34;1mfunc1[0m -> Appended block 18 of 50 requests to ledger in 4.421227ms
2026-09-16T03:47:50.741418788Z [34m2026-09-16 03:47:50.741 UTC 0087 INFO[0m [Assembler2] [34;1mfunc1[0m -> Appended block 18 of 50 requests to ledger in 4.148014ms
2026-09-16T03:47:51.360152795Z [34m2026-09-16 03:47:51.360 UTC 0121 INFO[0m [Router4] [34;1mreportMetrics[0m -> ROUTER_METRICS: party_id=4, transactions_received=863, transactions_received_per_second=50, transactions_rejected_with_code_400=0, transactions_rejected_with_code_500=0
2026-09-16T03:47:51.361034075Z [34m2026-09-16 03:47:51.360 UTC 0121 INFO[0m [Router2] [34;1mreportMetrics[0m -> ROUTER_METRICS: party_id=2, transactions_received=863, transactions_received_per_second=50, transactions_rejected_with_code_400=0, transactions_rejected_with_code_500=0
2026-09-16T03:47:51.361167491Z [34m2026-09-16 03:47:51.361 UTC 0121 INFO[0m [Router3] [34;1mreportMetrics[0m -> ROUTER_METRICS: party_id=3, transactions_received=863, transactions_received_per_second=50, transactions_rejected_with_code_400=0, transactions_rejected_with_code_500=0
2026-09-16T03:47:51.361531705Z [34m2026-09-16 03:47:51.361 UTC 0121 INFO[0m [Router1] [34;1mreportMetrics[0m -> ROUTER_METRICS: party_id=1, transactions_received=863, transactions_received_per_second=50, transactions_rejected_with_code_400=0, transactions_rejected_with_code_500=0
2026-09-16T03:47:51.562399633Z [34m2026-09-16 03:47:51.562 UTC 00a6 INFO[0m [Batcher2Shard1] [34;1mrunPrimary[0m -> Batcher batched a total of 50 requests for sequence 18
2026-09-16T03:47:51.565605547Z [34m2026-09-16 03:47:51.565 UTC 00a7 INFO[0m [Batcher2Shard1] [34;1mSendBAF[0m -> Sending batch attestation fragment for seq 18 with digest 1c2dc3f3eee9e1efb08e5c4225a0575580c22a91bb7cacbc4bfcb506abe58b31
2026-09-16T03:47:51.565675064Z [34m2026-09-16 03:47:51.565 UTC 00a8 INFO[0m [Batcher2Shard1] [34;1mfunc1[0m -> Sending control event took 29.06µs
2026-09-16T03:47:51.565683444Z [34m2026-09-16 03:47:51.565 UTC 00a9 INFO[0m [Batcher2Shard1] [34;1mfunc1[0m -> Sending control event took 22.686µs
2026-09-16T03:47:51.565684942Z [34m2026-09-16 03:47:51.565 UTC 00aa INFO[0m [Batcher2Shard1] [34;1mfunc1[0m -> Sending control event took 5.493µs
2026-09-16T03:47:51.565685949Z [34m2026-09-16 03:47:51.565 UTC 00ab INFO[0m [Batcher2Shard1] [34;1mfunc1[0m -> Sending control event took 4.349µs
2026-09-16T03:47:51.565686836Z [34m2026-09-16 03:47:51.565 UTC 00ac INFO[0m [Batcher2Shard1] [34;1mBroadcastControlEvent[0m -> Control event sent to quorum (4 out of 4)
2026-09-16T03:47:51.565898399Z [34m2026-09-16 03:47:51.565 UTC 00b8 INFO[0m [Batcher3Shard1] [34;1mfunc3[0m -> [shard1party2-arma] Fetched batch 18 with 50 transactions
2026-09-16T03:47:51.565919145Z [34m2026-09-16 03:47:51.565 UTC 00b8 INFO[0m [Batcher4Shard1] [34;1mfunc3[0m -> [shard1party2-arma] Fetched batch 18 with 50 transactions
2026-09-16T03:47:51.565920943Z [34m2026-09-16 03:47:51.565 UTC 0088 INFO[0m [Assembler2] [34;1mfunc3[0m -> Assembler pulled from 172.29.0.10:6124 batch Sh,Pr,Sq,Dg: <1,2,18,1c2dc3f3eee9e1efb08e5c4225a0575580c22a91bb7cacbc4bfcb506abe58b31>
2026-09-16T03:47:51.565922797Z [34m2026-09-16 03:47:51.565 UTC 00b8 INFO[0m [Batcher1Shard1] [34;1mfunc3[0m -> [shard1party2-arma] Fetched batch 18 with 50 transactions
2026-09-16T03:47:51.566033636Z [34m2026-09-16 03:47:51.565 UTC 00b9 INFO[0m [Batcher4Shard1] [34;1mrunSecondary[0m -> Secondary batcher 4 (shard 1; current primary 2) appending to ledger batch with seq 18 and 50 requests
2026-09-16T03:47:51.566039182Z [34m2026-09-16 03:47:51.565 UTC 00b9 INFO[0m [Batcher3Shard1] [34;1mrunSecondary[0m -> Secondary batcher 3 (shard 1; current primary 2) appending to ledger batch with seq 18 and 50 requests
2026-09-16T03:47:51.566040588Z [34m2026-09-16 03:47:51.565 UTC 00b9 INFO[0m [Batcher1Shard1] [34;1mrunSecondary[0m -> Secondary batcher 1 (shard 1; current primary 2) appending to ledger batch with seq 18 and 50 requests
2026-09-16T03:47:51.569463840Z [34m2026-09-16 03:47:51.569 UTC 00ba INFO[0m [Batcher4Shard1] [34;1mSendBAF[0m -> Sending batch attestation fragment for seq 18 with digest 1c2dc3f3eee9e1efb08e5c4225a0575580c22a91bb7cacbc4bfcb506abe58b31
2026-09-16T03:47:51.569469740Z [34m2026-09-16 03:47:51.569 UTC 00bb INFO[0m [Batcher4Shard1] [34;1mfunc1[0m -> Sending control event took 11.292µs
2026-09-16T03:47:51.569575991Z [34m2026-09-16 03:47:51.569 UTC 00bc INFO[0m [Batcher4Shard1] [34;1mfunc1[0m -> Sending control event took 3.967µs
2026-09-16T03:47:51.569582301Z [34m2026-09-16 03:47:51.569 UTC 00bd INFO[0m [Batcher4Shard1] [34;1mfunc1[0m -> Sending control event took 12.029µs
2026-09-16T03:47:51.569583538Z [34m2026-09-16 03:47:51.569 UTC 00be INFO[0m [Batcher4Shard1] [34;1mfunc1[0m -> Sending control event took 2.531µs
2026-09-16T03:47:51.569584463Z [34m2026-09-16 03:47:51.569 UTC 00bf INFO[0m [Batcher4Shard1] [34;1mBroadcastControlEvent[0m -> Control event sent to quorum (4 out of 4)
2026-09-16T03:47:51.569755500Z [34m2026-09-16 03:47:51.569 UTC 0088 INFO[0m [Assembler4] [34;1mfunc3[0m -> Assembler pulled from 172.29.0.10:6324 batch Sh,Pr,Sq,Dg: <1,2,18,1c2dc3f3eee9e1efb08e5c4225a0575580c22a91bb7cacbc4bfcb506abe58b31>
2026-09-16T03:47:51.570815452Z [34m2026-09-16 03:47:51.570 UTC 00ba INFO[0m [Batcher1Shard1] [34;1mSendBAF[0m -> Sending batch attestation fragment for seq 18 with digest 1c2dc3f3eee9e1efb08e5c4225a0575580c22a91bb7cacbc4bfcb506abe58b31
2026-09-16T03:47:51.570821639Z [34m2026-09-16 03:47:51.570 UTC 00ba INFO[0m [Batcher3Shard1] [34;1mSendBAF[0m -> Sending batch attestation fragment for seq 18 with digest 1c2dc3f3eee9e1efb08e5c4225a0575580c22a91bb7cacbc4bfcb506abe58b31
2026-09-16T03:47:51.570828828Z [34m2026-09-16 03:47:51.570 UTC 00bb INFO[0m [Batcher3Shard1] [34;1mfunc1[0m -> Sending control event took 15.335µs
2026-09-16T03:47:51.570833233Z [34m2026-09-16 03:47:51.570 UTC 00bb INFO[0m [Batcher1Shard1] [34;1mfunc1[0m -> Sending control event took 9.497µs
2026-09-16T03:47:51.570834243Z [34m2026-09-16 03:47:51.570 UTC 00bc INFO[0m [Batcher3Shard1] [34;1mfunc1[0m -> Sending control event took 13.018µs
2026-09-16T03:47:51.570835070Z [34m2026-09-16 03:47:51.570 UTC 00bd INFO[0m [Batcher3Shard1] [34;1mfunc1[0m -> Sending control event took 2.156µs
2026-09-16T03:47:51.570835777Z [34m2026-09-16 03:47:51.570 UTC 00be INFO[0m [Batcher3Shard1] [34;1mfunc1[0m -> Sending control event took 13.017µs
2026-09-16T03:47:51.570836476Z [34m2026-09-16 03:47:51.570 UTC 00bc INFO[0m [Batcher1Shard1] [34;1mfunc1[0m -> Sending control event took 3.596µs
2026-09-16T03:47:51.570837099Z [34m2026-09-16 03:47:51.570 UTC 00bf INFO[0m [Batcher3Shard1] [34;1mBroadcastControlEvent[0m -> Control event sent to quorum (4 out of 4)
2026-09-16T03:47:51.570880156Z [34m2026-09-16 03:47:51.570 UTC 00bd INFO[0m [Batcher1Shard1] [34;1mfunc1[0m -> Sending control event took 2.438µs
2026-09-16T03:47:51.571097852Z [34m2026-09-16 03:47:51.570 UTC 00be INFO[0m [Batcher1Shard1] [34;1mfunc1[0m -> Sending control event took 96.727µs
2026-09-16T03:47:51.571104315Z [34m2026-09-16 03:47:51.570 UTC 00bf INFO[0m [Batcher1Shard1] [34;1mBroadcastControlEvent[0m -> Control event sent to quorum (4 out of 4)
2026-09-16T03:47:51.571111041Z [34m2026-09-16 03:47:51.571 UTC 0088 INFO[0m [Assembler1] [34;1mfunc3[0m -> Assembler pulled from 172.29.0.10:6024 batch Sh,Pr,Sq,Dg: <1,2,18,1c2dc3f3eee9e1efb08e5c4225a0575580c22a91bb7cacbc4bfcb506abe58b31>
2026-09-16T03:47:51.571112471Z [34m2026-09-16 03:47:51.571 UTC 0088 INFO[0m [Assembler3] [34;1mfunc3[0m -> Assembler pulled from 172.29.0.10:6224 batch Sh,Pr,Sq,Dg: <1,2,18,1c2dc3f3eee9e1efb08e5c4225a0575580c22a91bb7cacbc4bfcb506abe58b31>
2026-09-16T03:47:51.737071953Z [34m2026-09-16 03:47:51.736 UTC 00c8 INFO[0m [Consensus1] [34;1mAssembleProposal[0m -> Creating proposal with 1 attestations and new state: State{N: 4, Quorum: 3, Threshold: 2, ShardCount: 1, 
2026-09-16T03:47:51.737092129Z Pending: none, 
2026-09-16T03:47:51.737093325Z Complaints: none}
2026-09-16T03:47:51.737094179Z [34m2026-09-16 03:47:51.736 UTC 00c9 INFO[0m [Consensus1] [34;1mAssembleProposal[0m -> Proposing available common data block: number=19, prevHash=5774bbfbc669152ed52a5e90e7c57ad92fe3d2ecdd333db0b1b2e883c0e720c5, dataHash=1c2dc3f3eee9e1efb08e5c4225a0575580c22a91bb7cacbc4bfcb506abe58b31, numOfReqs=50, decisionNum=19, blockIndex=0/1, lastConfigBlockNum=0
2026-09-16T03:47:51.739867131Z [34m2026-09-16 03:47:51.739 UTC 00ca INFO[0m [Consensus1] [34;1mprocessProposal[0m -> Processed proposal with seq 19
2026-09-16T03:47:51.741855198Z [34m2026-09-16 03:47:51.741 UTC 00a4 INFO[0m [Consensus4] [34;1mprocessProposal[0m -> Processed proposal with seq 19
2026-09-16T03:47:51.742226578Z [34m2026-09-16 03:47:51.742 UTC 00a3 INFO[0m [Consensus3] [34;1mprocessProposal[0m -> Processed proposal with seq 19
2026-09-16T03:47:51.742232030Z [34m2026-09-16 03:47:51.742 UTC 00a4 INFO[0m [Consensus3] [34;1mprocessPrepares[0m -> 3 collected 2 prepares from [1 4]
2026-09-16T03:47:51.742338751Z [34m2026-09-16 03:47:51.742 UTC 00a3 INFO[0m [Consensus2] [34;1mprocessProposal[0m -> Processed proposal with seq 19
2026-09-16T03:47:51.742347971Z [34m2026-09-16 03:47:51.742 UTC 00cb INFO[0m [Consensus1] [34;1mprocessPrepares[0m -> 1 collected 2 prepares from [4 3]
2026-09-16T03:47:51.742349718Z [34m2026-09-16 03:47:51.742 UTC 00a4 INFO[0m [Consensus2] [34;1mprocessPrepares[0m -> 2 collected 2 prepares from [1 4]
2026-09-16T03:47:51.742511230Z [34m2026-09-16 03:47:51.742 UTC 00a5 INFO[0m [Consensus4] [34;1mprocessPrepares[0m -> 4 collected 2 prepares from [1 3]
2026-09-16T03:47:51.744953743Z [34m2026-09-16 03:47:51.744 UTC 00cc INFO[0m [Consensus1] [34;1mprocessPrepares[0m -> Processed prepares for proposal with seq 19
2026-09-16T03:47:51.745029355Z [34m2026-09-16 03:47:51.744 UTC 00a5 INFO[0m [Consensus3] [34;1mprocessPrepares[0m -> Processed prepares for proposal with seq 19
2026-09-16T03:47:51.745909797Z [34m2026-09-16 03:47:51.745 UTC 00a5 INFO[0m [Consensus2] [34;1mprocessPrepares[0m -> Processed prepares for proposal with seq 19
2026-09-16T03:47:51.745918047Z [34m2026-09-16 03:47:51.745 UTC 00a6 INFO[0m [Consensus4] [34;1mprocessPrepares[0m -> Processed prepares for proposal with seq 19
2026-09-16T03:47:51.746413428Z [34m2026-09-16 03:47:51.746 UTC 00a6 INFO[0m [Consensus2] [34;1mprocessCommits[0m -> 2 collected 2 commits from [1 3]
2026-09-16T03:47:51.746418146Z [34m2026-09-16 03:47:51.746 UTC 00a7 INFO[0m [Consensus4] [34;1mprocessCommits[0m -> 4 collected 2 commits from [1 3]
2026-09-16T03:47:51.746419300Z [34m2026-09-16 03:47:51.746 UTC 00cd INFO[0m [Consensus1] [34;1mprocessCommits[0m -> 1 collected 2 commits from [3 4]
2026-09-16T03:47:51.746420488Z [34m2026-09-16 03:47:51.746 UTC 00a7 INFO[0m [Consensus2] [34;1mprepared[0m -> 2 processed commits for proposal with seq 19
2026-09-16T03:47:51.746421355Z [34m2026-09-16 03:47:51.746 UTC 00a8 INFO[0m [Consensus4] [34;1mprepared[0m -> 4 processed commits for proposal with seq 19
2026-09-16T03:47:51.746422045Z [34m2026-09-16 03:47:51.746 UTC 00ce INFO[0m [Consensus1] [34;1mprepared[0m -> 1 processed commits for proposal with seq 19
2026-09-16T03:47:51.746422712Z [34m2026-09-16 03:47:51.746 UTC 00cf INFO[0m [Consensus1] [34;1mdecide[0m -> Deciding on seq 19
2026-09-16T03:47:51.746423372Z [34m2026-09-16 03:47:51.746 UTC 00a9 INFO[0m [Consensus4] [34;1mdecide[0m -> Deciding on seq 19
2026-09-16T03:47:51.746427893Z [34m2026-09-16 03:47:51.746 UTC 00a8 INFO[0m [Consensus2] [34;1mdecide[0m -> Deciding on seq 19
2026-09-16T03:47:51.746428663Z [34m2026-09-16 03:47:51.746 UTC 00d0 INFO[0m [Consensus1] [34;1mstartNextSeq[0m -> Sequence: 19-->20
2026-09-16T03:47:51.746429436Z [34m2026-09-16 03:47:51.746 UTC 00aa INFO[0m [Consensus4] [34;1mstartNextSeq[0m -> Sequence: 19-->20
2026-09-16T03:47:51.746430079Z [34m2026-09-16 03:47:51.746 UTC 00a9 INFO[0m [Consensus2] [34;1mstartNextSeq[0m -> Sequence: 19-->20
2026-09-16T03:47:51.746464049Z [34m2026-09-16 03:47:51.746 UTC 00a6 INFO[0m [Consensus3] [34;1mprocessCommits[0m -> 3 collected 2 commits from [1 4]
2026-09-16T03:47:51.746469608Z [34m2026-09-16 03:47:51.746 UTC 00a7 INFO[0m [Consensus3] [34;1mprepared[0m -> 3 processed commits for proposal with seq 19
2026-09-16T03:47:51.746471161Z [34m2026-09-16 03:47:51.746 UTC 00a8 INFO[0m [Consensus3] [34;1mdecide[0m -> Deciding on seq 19
2026-09-16T03:47:51.746472411Z [34m2026-09-16 03:47:51.746 UTC 00a9 INFO[0m [Consensus3] [34;1mstartNextSeq[0m -> Sequence: 19-->20
2026-09-16T03:47:51.750655661Z [34m2026-09-16 03:47:51.750 UTC 0089 INFO[0m [Assembler4] [34;1mfunc3[0m -> Decision 19, with 1 AvailableCommonBlocks
2026-09-16T03:47:51.750665608Z [34m2026-09-16 03:47:51.750 UTC 008a INFO[0m [Assembler4] [34;1mfunc3[0m -> BA index: 0; BatchID: Sh,Pr,Sq,Dg: <1,2,18,1c2dc3f3eee9e1efb08e5c4225a0575580c22a91bb7cacbc4bfcb506abe58b31>; Common Block: Number: 19, PreviousHash: 5774bbfbc669152ed52a5e90e7c57ad92fe3d2ecdd333db0b1b2e883c0e720c5, DataHash: 1c2dc3f3eee9e1efb08e5c4225a0575580c22a91bb7cacbc4bfcb506abe58b31; BA block signers: [1 3 4]
2026-09-16T03:47:51.751805417Z [34m2026-09-16 03:47:51.751 UTC 0089 INFO[0m [Assembler3] [34;1mfunc3[0m -> Decision 19, with 1 AvailableCommonBlocks
2026-09-16T03:47:51.751816028Z [34m2026-09-16 03:47:51.751 UTC 0089 INFO[0m [Assembler2] [34;1mfunc3[0m -> Decision 19, with 1 AvailableCommonBlocks
2026-09-16T03:47:51.751818790Z [34m2026-09-16 03:47:51.751 UTC 008a INFO[0m [Assembler2] [34;1mfunc3[0m -> BA index: 0; BatchID: Sh,Pr,Sq,Dg: <1,2,18,1c2dc3f3eee9e1efb08e5c4225a0575580c22a91bb7cacbc4bfcb506abe58b31>; Common Block: Number: 19, PreviousHash: 5774bbfbc669152ed52a5e90e7c57ad92fe3d2ecdd333db0b1b2e883c0e720c5, DataHash: 1c2dc3f3eee9e1efb08e5c4225a0575580c22a91bb7cacbc4bfcb506abe58b31; BA block signers: [1 3 2]
2026-09-16T03:47:51.751860296Z [34m2026-09-16 03:47:51.751 UTC 008a INFO[0m [Assembler3] [34;1mfunc3[0m -> BA index: 0; BatchID: Sh,Pr,Sq,Dg: <1,2,18,1c2dc3f3eee9e1efb08e5c4225a0575580c22a91bb7cacbc4bfcb506abe58b31>; Common Block: Number: 19, PreviousHash: 5774bbfbc669152ed52a5e90e7c57ad92fe3d2ecdd333db0b1b2e883c0e720c5, DataHash: 1c2dc3f3eee9e1efb08e5c4225a0575580c22a91bb7cacbc4bfcb506abe58b31; BA block signers: [1 4 3]
2026-09-16T03:47:51.751866838Z [34m2026-09-16 03:47:51.751 UTC 0089 INFO[0m [Assembler1] [34;1mfunc3[0m -> Decision 19, with 1 AvailableCommonBlocks
2026-09-16T03:47:51.751868504Z [34m2026-09-16 03:47:51.751 UTC 008a INFO[0m [Assembler1] [34;1mfunc3[0m -> BA index: 0; BatchID: Sh,Pr,Sq,Dg: <1,2,18,1c2dc3f3eee9e1efb08e5c4225a0575580c22a91bb7cacbc4bfcb506abe58b31>; Common Block: Number: 19, PreviousHash: 5774bbfbc669152ed52a5e90e7c57ad92fe3d2ecdd333db0b1b2e883c0e720c5, DataHash: 1c2dc3f3eee9e1efb08e5c4225a0575580c22a91bb7cacbc4bfcb506abe58b31; BA block signers: [3 4 1]
2026-09-16T03:47:51.755077416Z [34m2026-09-16 03:47:51.754 UTC 008b INFO[0m [Assembler4] [34;1mfunc1[0m -> Appended block 19 of 50 requests to ledger in 4.355361ms
2026-09-16T03:47:51.756095083Z [34m2026-09-16 03:47:51.756 UTC 008b INFO[0m [Assembler1] [34;1mfunc1[0m -> Appended block 19 of 50 requests to ledger in 4.134583ms
2026-09-16T03:47:51.756100740Z [34m2026-09-16 03:47:51.756 UTC 008b INFO[0m [Assembler2] [34;1mfunc1[0m -> Appended block 19 of 50 requests to ledger in 4.275378ms
2026-09-16T03:47:51.756102043Z [34m2026-09-16 03:47:51.756 UTC 008b INFO[0m [Assembler3] [34;1mfunc1[0m -> Appended block 19 of 50 requests to ledger in 4.20651ms
2026-09-16T03:47:52.566277325Z [34m2026-09-16 03:47:52.566 UTC 00ad INFO[0m [Batcher2Shard1] [34;1mrunPrimary[0m -> Batcher batched a total of 50 requests for sequence 19
2026-09-16T03:47:52.570528207Z [34m2026-09-16 03:47:52.570 UTC 00ae INFO[0m [Batcher2Shard1] [34;1mSendBAF[0m -> Sending batch attestation fragment for seq 19 with digest 069bdeecc426bd91c9073ec079b1c8bc0a7e6062318026cabf6c18ef1e396dab
2026-09-16T03:47:52.570543124Z [34m2026-09-16 03:47:52.570 UTC 00af INFO[0m [Batcher2Shard1] [34;1mfunc1[0m -> Sending control event took 23.264µs
2026-09-16T03:47:52.570838988Z [34m2026-09-16 03:47:52.570 UTC 00b0 INFO[0m [Batcher2Shard1] [34;1mfunc1[0m -> Sending control event took 4.858µs
2026-09-16T03:47:52.570847248Z [34m2026-09-16 03:47:52.570 UTC 00b1 INFO[0m [Batcher2Shard1] [34;1mfunc1[0m -> Sending control event took 14.601µs
2026-09-16T03:47:52.570848725Z [34m2026-09-16 03:47:52.570 UTC 00b2 INFO[0m [Batcher2Shard1] [34;1mfunc1[0m -> Sending control event took 10.367µs
2026-09-16T03:47:52.570849688Z [34m2026-09-16 03:47:52.570 UTC 00b3 INFO[0m [Batcher2Shard1] [34;1mBroadcastControlEvent[0m -> Control event sent to quorum (4 out of 4)
2026-09-16T03:47:52.570850578Z [34m2026-09-16 03:47:52.570 UTC 00c0 INFO[0m [Batcher3Shard1] [34;1mfunc3[0m -> [shard1party2-arma] Fetched batch 19 with 50 transactions
2026-09-16T03:47:52.570851415Z [34m2026-09-16 03:47:52.570 UTC 00c0 INFO[0m [Batcher4Shard1] [34;1mfunc3[0m -> [shard1party2-arma] Fetched batch 19 with 50 transactions
2026-09-16T03:47:52.570852195Z [34m2026-09-16 03:47:52.570 UTC 008c INFO[0m [Assembler2] [34;1mfunc3[0m -> Assembler pulled from 172.29.0.10:6124 batch Sh,Pr,Sq,Dg: <1,2,19,069bdeecc426bd91c9073ec079b1c8bc0a7e6062318026cabf6c18ef1e396dab>
2026-09-16T03:47:52.570853139Z [34m2026-09-16 03:47:52.570 UTC 00c1 INFO[0m [Batcher4Shard1] [34;1mrunSecondary[0m -> Secondary batcher 4 (shard 1; current primary 2) appending to ledger batch with seq 19 and 50 requests
2026-09-16T03:47:52.570863343Z [34m2026-09-16 03:47:52.570 UTC 00c0 INFO[0m [Batcher1Shard1] [34;1mfunc3[0m -> [shard1party2-arma] Fetched batch 19 with 50 transactions
2026-09-16T03:47:52.570864479Z [34m2026-09-16 03:47:52.570 UTC 00c1 INFO[0m [Batcher3Shard1] [34;1mrunSecondary[0m -> Secondary batcher 3 (shard 1; current primary 2) appending to ledger batch with seq 19 and 50 requests
2026-09-16T03:47:52.571055928Z [34m2026-09-16 03:47:52.570 UTC 00c1 INFO[0m [Batcher1Shard1] [34;1mrunSecondary[0m -> Secondary batcher 1 (shard 1; current primary 2) appending to ledger batch with seq 19 and 50 requests
2026-09-16T03:47:52.574441397Z [34m2026-09-16 03:47:52.574 UTC 00c2 INFO[0m [Batcher4Shard1] [34;1mSendBAF[0m -> Sending batch attestation fragment for seq 19 with digest 069bdeecc426bd91c9073ec079b1c8bc0a7e6062318026cabf6c18ef1e396dab
2026-09-16T03:47:52.574452206Z [34m2026-09-16 03:47:52.574 UTC 00c3 INFO[0m [Batcher4Shard1] [34;1mfunc1[0m -> Sending control event took 10.281µs
2026-09-16T03:47:52.574491115Z [34m2026-09-16 03:47:52.574 UTC 00c4 INFO[0m [Batcher4Shard1] [34;1mfunc1[0m -> Sending control event took 3.873µs
2026-09-16T03:47:52.574497230Z [34m2026-09-16 03:47:52.574 UTC 00c5 INFO[0m [Batcher4Shard1] [34;1mfunc1[0m -> Sending control event took 12.19µs
2026-09-16T03:47:52.574505547Z [34m2026-09-16 03:47:52.574 UTC 00c6 INFO[0m [Batcher4Shard1] [34;1mfunc1[0m -> Sending control event took 11.623µs
2026-09-16T03:47:52.574506832Z [34m2026-09-16 03:47:52.574 UTC 00c7 INFO[0m [Batcher4Shard1] [34;1mBroadcastControlEvent[0m -> Control event sent to quorum (4 out of 4)
2026-09-16T03:47:52.574716434Z [34m2026-09-16 03:47:52.574 UTC 008c INFO[0m [Assembler4] [34;1mfunc3[0m -> Assembler pulled from 172.29.0.10:6324 batch Sh,Pr,Sq,Dg: <1,2,19,069bdeecc426bd91c9073ec079b1c8bc0a7e6062318026cabf6c18ef1e396dab>
2026-09-16T03:47:52.575532236Z [34m2026-09-16 03:47:52.575 UTC 00c2 INFO[0m [Batcher3Shard1] [34;1mSendBAF[0m -> Sending batch attestation fragment for seq 19 with digest 069bdeecc426bd91c9073ec079b1c8bc0a7e6062318026cabf6c18ef1e396dab
2026-09-16T03:47:52.575534881Z [34m2026-09-16 03:47:52.575 UTC 00c2 INFO[0m [Batcher1Shard1] [34;1mSendBAF[0m -> Sending batch attestation fragment for seq 19 with digest 069bdeecc426bd91c9073ec079b1c8bc0a7e6062318026cabf6c18ef1e396dab
2026-09-16T03:47:52.575535784Z [34m2026-09-16 03:47:52.575 UTC 00c3 INFO[0m [Batcher3Shard1] [34;1mfunc1[0m -> Sending control event took 9.715µs
2026-09-16T03:47:52.575536548Z [34m2026-09-16 03:47:52.575 UTC 00c3 INFO[0m [Batcher1Shard1] [34;1mfunc1[0m -> Sending control event took 8.947µs
2026-09-16T03:47:52.575537215Z [34m2026-09-16 03:47:52.575 UTC 00c4 INFO[0m [Batcher3Shard1] [34;1mfunc1[0m -> Sending control event took 3.11µs
2026-09-16T03:47:52.575543994Z [34m2026-09-16 03:47:52.575 UTC 00c4 INFO[0m [Batcher1Shard1] [34;1mfunc1[0m -> Sending control event took 2.704µs
2026-09-16T03:47:52.575544893Z [34m2026-09-16 03:47:52.575 UTC 00c5 INFO[0m [Batcher3Shard1] [34;1mfunc1[0m -> Sending control event took 1.817µs
2026-09-16T03:47:52.575551691Z [34m2026-09-16 03:47:52.575 UTC 00c6 INFO[0m [Batcher3Shard1] [34;1mfunc1[0m -> Sending control event took 9.43µs
2026-09-16T03:47:52.575552494Z [34m2026-09-16 03:47:52.575 UTC 00c6 INFO[0m [Batcher1Shard1] [34;1mfunc1[0m -> Sending control event took 2.596µs
2026-09-16T03:47:52.575553145Z [34m2026-09-16 03:47:52.575 UTC 00c5 INFO[0m [Batcher1Shard1] [34;1mfunc1[0m -> Sending control event took 11.44µs
2026-09-16T03:47:52.575553856Z [34m2026-09-16 03:47:52.575 UTC 00c7 INFO[0m [Batcher3Shard1] [34;1mBroadcastControlEvent[0m -> Control event sent to quorum (4 out of 4)
2026-09-16T03:47:52.575828739Z [34m2026-09-16 03:47:52.575 UTC 00c7 INFO[0m [Batcher1Shard1] [34;1mBroadcastControlEvent[0m -> Control event sent to quorum (4 out of 4)
2026-09-16T03:47:52.575834459Z [34m2026-09-16 03:47:52.575 UTC 008c INFO[0m [Assembler1] [34;1mfunc3[0m -> Assembler pulled from 172.29.0.10:6024 batch Sh,Pr,Sq,Dg: <1,2,19,069bdeecc426bd91c9073ec079b1c8bc0a7e6062318026cabf6c18ef1e396dab>
2026-09-16T03:47:52.575835824Z [34m2026-09-16 03:47:52.575 UTC 008c INFO[0m [Assembler3] [34;1mfunc3[0m -> Assembler pulled from 172.29.0.10:6224 batch Sh,Pr,Sq,Dg: <1,2,19,069bdeecc426bd91c9073ec079b1c8bc0a7e6062318026cabf6c18ef1e396dab>
2026-09-16T03:47:52.752523775Z [34m2026-09-16 03:47:52.752 UTC 00d1 INFO[0m [Consensus1] [34;1mAssembleProposal[0m -> Creating proposal with 1 attestations and new state: State{N: 4, Quorum: 3, Threshold: 2, ShardCount: 1, 
2026-09-16T03:47:52.752549416Z Pending: none, 
2026-09-16T03:47:52.752552161Z Complaints: none}
2026-09-16T03:47:52.752554052Z [34m2026-09-16 03:47:52.752 UTC 00d2 INFO[0m [Consensus1] [34;1mAssembleProposal[0m -> Proposing available common data block: number=20, prevHash=8e21f3c16da1fae5518d993ee0ea82e4a1b735c997f07a1c6424c668e9f0d004, dataHash=069bdeecc426bd91c9073ec079b1c8bc0a7e6062318026cabf6c18ef1e396dab, numOfReqs=50, decisionNum=20, blockIndex=0/1, lastConfigBlockNum=0
2026-09-16T03:47:52.755279015Z [34m2026-09-16 03:47:52.755 UTC 00d3 INFO[0m [Consensus1] [34;1mprocessProposal[0m -> Processed proposal with seq 20
2026-09-16T03:47:52.758026185Z [34m2026-09-16 03:47:52.757 UTC 00aa INFO[0m [Consensus3] [34;1mprocessProposal[0m -> Processed proposal with seq 20
2026-09-16T03:47:52.758035693Z [34m2026-09-16 03:47:52.757 UTC 00aa INFO[0m [Consensus2] [34;1mprocessProposal[0m -> Processed proposal with seq 20
2026-09-16T03:47:52.758157114Z [34m2026-09-16 03:47:52.758 UTC 00ab INFO[0m [Consensus3] [34;1mprocessPrepares[0m -> 3 collected 2 prepares from [1 2]
2026-09-16T03:47:52.758309225Z [34m2026-09-16 03:47:52.758 UTC 00ab INFO[0m [Consensus2] [34;1mprocessPrepares[0m -> 2 collected 2 prepares from [1 3]
2026-09-16T03:47:52.758315108Z [34m2026-09-16 03:47:52.758 UTC 00d4 INFO[0m [Consensus1] [34;1mprocessPrepares[0m -> 1 collected 2 prepares from [2 3]
2026-09-16T03:47:52.759760255Z [34m2026-09-16 03:47:52.759 UTC 00ab INFO[0m [Consensus4] [34;1mprocessProposal[0m -> Processed proposal with seq 20
2026-09-16T03:47:52.759779883Z [34m2026-09-16 03:47:52.759 UTC 00ac INFO[0m [Consensus4] [34;1mprocessPrepares[0m -> 4 collected 2 prepares from [1 2]
2026-09-16T03:47:52.761232273Z [34m2026-09-16 03:47:52.760 UTC 00ac INFO[0m [Consensus2] [34;1mprocessPrepares[0m -> Processed prepares for proposal with seq 20
2026-09-16T03:47:52.761237469Z [34m2026-09-16 03:47:52.760 UTC 00d5 INFO[0m [Consensus1] [34;1mprocessPrepares[0m -> Processed prepares for proposal with seq 20
2026-09-16T03:47:52.761238469Z [34m2026-09-16 03:47:52.760 UTC 00ac INFO[0m [Consensus3] [34;1mprocessPrepares[0m -> Processed prepares for proposal with seq 20
2026-09-16T03:47:52.761594605Z [34m2026-09-16 03:47:52.761 UTC 00ad INFO[0m [Consensus3] [34;1mprocessCommits[0m -> 3 collected 2 commits from [1 2]
2026-09-16T03:47:52.761600058Z [34m2026-09-16 03:47:52.761 UTC 00ae INFO[0m [Consensus3] [34;1mprepared[0m -> 3 processed commits for proposal with seq 20
2026-09-16T03:47:52.761601239Z [34m2026-09-16 03:47:52.761 UTC 00af INFO[0m [Consensus3] [34;1mdecide[0m -> Deciding on seq 20
2026-09-16T03:47:52.761602025Z [34m2026-09-16 03:47:52.761 UTC 00b0 INFO[0m [Consensus3] [34;1mstartNextSeq[0m -> Sequence: 20-->21
2026-09-16T03:47:52.761602814Z [34m2026-09-16 03:47:52.761 UTC 00ad INFO[0m [Consensus2] [34;1mprocessCommits[0m -> 2 collected 2 commits from [3 1]
2026-09-16T03:47:52.761603539Z [34m2026-09-16 03:47:52.761 UTC 00ae INFO[0m [Consensus2] [34;1mprepared[0m -> 2 processed commits for proposal with seq 20
2026-09-16T03:47:52.761604208Z [34m2026-09-16 03:47:52.761 UTC 00af INFO[0m [Consensus2] [34;1mdecide[0m -> Deciding on seq 20
2026-09-16T03:47:52.761604858Z [34m2026-09-16 03:47:52.761 UTC 00b0 INFO[0m [Consensus2] [34;1mstartNextSeq[0m -> Sequence: 20-->21
2026-09-16T03:47:52.761605489Z [34m2026-09-16 03:47:52.761 UTC 00d6 INFO[0m [Consensus1] [34;1mprocessCommits[0m -> 1 collected 2 commits from [2 3]
2026-09-16T03:47:52.761606122Z [34m2026-09-16 03:47:52.761 UTC 00d7 INFO[0m [Consensus1] [34;1mprepared[0m -> 1 processed commits for proposal with seq 20
2026-09-16T03:47:52.761606781Z [34m2026-09-16 03:47:52.761 UTC 00d8 INFO[0m [Consensus1] [34;1mdecide[0m -> Deciding on seq 20
2026-09-16T03:47:52.761607379Z [34m2026-09-16 03:47:52.761 UTC 00d9 INFO[0m [Consensus1] [34;1mstartNextSeq[0m -> Sequence: 20-->21
2026-09-16T03:47:52.763060683Z [34m2026-09-16 03:47:52.762 UTC 00ad INFO[0m [Consensus4] [34;1mprocessPrepares[0m -> Processed prepares for proposal with seq 20
2026-09-16T03:47:52.763287312Z [34m2026-09-16 03:47:52.763 UTC 00ae INFO[0m [Consensus4] [34;1mprocessCommits[0m -> 4 collected 2 commits from [3 1]
2026-09-16T03:47:52.763299873Z [34m2026-09-16 03:47:52.763 UTC 00af INFO[0m [Consensus4] [34;1mprepared[0m -> 4 processed commits for proposal with seq 20
2026-09-16T03:47:52.763301577Z [34m2026-09-16 03:47:52.763 UTC 00b0 INFO[0m [Consensus4] [34;1mdecide[0m -> Deciding on seq 20
2026-09-16T03:47:52.763302832Z [34m2026-09-16 03:47:52.763 UTC 00b1 INFO[0m [Consensus4] [34;1mstartNextSeq[0m -> Sequence: 20-->21
2026-09-16T03:47:52.766900295Z [34m2026-09-16 03:47:52.766 UTC 008d INFO[0m [Assembler3] [34;1mfunc3[0m -> Decision 20, with 1 AvailableCommonBlocks
2026-09-16T03:47:52.766905784Z [34m2026-09-16 03:47:52.766 UTC 008e INFO[0m [Assembler3] [34;1mfunc3[0m -> BA index: 0; BatchID: Sh,Pr,Sq,Dg: <1,2,19,069bdeecc426bd91c9073ec079b1c8bc0a7e6062318026cabf6c18ef1e396dab>; Common Block: Number: 20, PreviousHash: 8e21f3c16da1fae5518d993ee0ea82e4a1b735c997f07a1c6424c668e9f0d004, DataHash: 069bdeecc426bd91c9073ec079b1c8bc0a7e6062318026cabf6c18ef1e396dab; BA block signers: [1 2 3]
2026-09-16T03:47:52.766906916Z [34m2026-09-16 03:47:52.766 UTC 008d INFO[0m [Assembler1] [34;1mfunc3[0m -> Decision 20, with 1 AvailableCommonBlocks
2026-09-16T03:47:52.766907689Z [34m2026-09-16 03:47:52.766 UTC 008e INFO[0m [Assembler1] [34;1mfunc3[0m -> BA index: 0; BatchID: Sh,Pr,Sq,Dg: <1,2,19,069bdeecc426bd91c9073ec079b1c8bc0a7e6062318026cabf6c18ef1e396dab>; Common Block: Number: 20, PreviousHash: 8e21f3c16da1fae5518d993ee0ea82e4a1b735c997f07a1c6424c668e9f0d004, DataHash: 069bdeecc426bd91c9073ec079b1c8bc0a7e6062318026cabf6c18ef1e396dab; BA block signers: [2 3 1]
2026-09-16T03:47:52.766908560Z [34m2026-09-16 03:47:52.766 UTC 008d INFO[0m [Assembler2] [34;1mfunc3[0m -> Decision 20, with 1 AvailableCommonBlocks
2026-09-16T03:47:52.766945485Z [34m2026-09-16 03:47:52.766 UTC 008e INFO[0m [Assembler2] [34;1mfunc3[0m -> BA index: 0; BatchID: Sh,Pr,Sq,Dg: <1,2,19,069bdeecc426bd91c9073ec079b1c8bc0a7e6062318026cabf6c18ef1e396dab>; Common Block: Number: 20, PreviousHash: 8e21f3c16da1fae5518d993ee0ea82e4a1b735c997f07a1c6424c668e9f0d004, DataHash: 069bdeecc426bd91c9073ec079b1c8bc0a7e6062318026cabf6c18ef1e396dab; BA block signers: [3 1 2]
2026-09-16T03:47:52.768719219Z [34m2026-09-16 03:47:52.768 UTC 008d INFO[0m [Assembler4] [34;1mfunc3[0m -> Decision 20, with 1 AvailableCommonBlocks
2026-09-16T03:47:52.768737325Z [34m2026-09-16 03:47:52.768 UTC 008e INFO[0m [Assembler4] [34;1mfunc3[0m -> BA index: 0; BatchID: Sh,Pr,Sq,Dg: <1,2,19,069bdeecc426bd91c9073ec079b1c8bc0a7e6062318026cabf6c18ef1e396dab>; Common Block: Number: 20, PreviousHash: 8e21f3c16da1fae5518d993ee0ea82e4a1b735c997f07a1c6424c668e9f0d004, DataHash: 069bdeecc426bd91c9073ec079b1c8bc0a7e6062318026cabf6c18ef1e396dab; BA block signers: [3 1 4]
2026-09-16T03:47:52.771795535Z [34m2026-09-16 03:47:52.771 UTC 008f INFO[0m [Assembler1] [34;1mfunc1[0m -> Appended block 20 of 50 requests to ledger in 4.828267ms
2026-09-16T03:47:52.771805675Z [34m2026-09-16 03:47:52.771 UTC 008f INFO[0m [Assembler3] [34;1mfunc1[0m -> Appended block 20 of 50 requests to ledger in 4.847924ms
2026-09-16T03:47:52.771806977Z [34m2026-09-16 03:47:52.771 UTC 008f INFO[0m [Assembler2] [34;1mfunc1[0m -> Appended block 20 of 50 requests to ledger in 4.786393ms
2026-09-16T03:47:52.772856655Z [34m2026-09-16 03:47:52.772 UTC 008f INFO[0m [Assembler4] [34;1mfunc1[0m -> Appended block 20 of 50 requests to ledger in 4.142426ms
2026-09-16T03:47:53.571661282Z [34m2026-09-16 03:47:53.571 UTC 00b4 INFO[0m [Batcher2Shard1] [34;1mrunPrimary[0m -> Batcher batched a total of 50 requests for sequence 20
2026-09-16T03:47:53.575187973Z [34m2026-09-16 03:47:53.575 UTC 00b5 INFO[0m [Batcher2Shard1] [34;1mSendBAF[0m -> Sending batch attestation fragment for seq 20 with digest c1ac00a73e03b0dd019df7078e98d6c703119369e16eec30ef24acf25a12039a
2026-09-16T03:47:53.575198610Z [34m2026-09-16 03:47:53.575 UTC 00b6 INFO[0m [Batcher2Shard1] [34;1mfunc1[0m -> Sending control event took 24.228µs
2026-09-16T03:47:53.575272318Z [34m2026-09-16 03:47:53.575 UTC 00b7 INFO[0m [Batcher2Shard1] [34;1mfunc1[0m -> Sending control event took 4.748µs
2026-09-16T03:47:53.575279756Z [34m2026-09-16 03:47:53.575 UTC 00b8 INFO[0m [Batcher2Shard1] [34;1mfunc1[0m -> Sending control event took 14.478µs
2026-09-16T03:47:53.575281449Z [34m2026-09-16 03:47:53.575 UTC 00b9 INFO[0m [Batcher2Shard1] [34;1mfunc1[0m -> Sending control event took 12.266µs
2026-09-16T03:47:53.575466602Z [34m2026-09-16 03:47:53.575 UTC 00ba INFO[0m [Batcher2Shard1] [34;1mBroadcastControlEvent[0m -> Control event sent to quorum (4 out of 4)
2026-09-16T03:47:53.575475211Z [34m2026-09-16 03:47:53.575 UTC 00c8 INFO[0m [Batcher3Shard1] [34;1mfunc3[0m -> [shard1party2-arma] Fetched batch 20 with 50 transactions
2026-09-16T03:47:53.575478060Z [34m2026-09-16 03:47:53.575 UTC 00c8 INFO[0m [Batcher4Shard1] [34;1mfunc3[0m -> [shard1party2-arma] Fetched batch 20 with 50 transactions
2026-09-16T03:47:53.575480197Z [34m2026-09-16 03:47:53.575 UTC 00c8 INFO[0m [Batcher1Shard1] [34;1mfunc3[0m -> [shard1party2-arma] Fetched batch 20 with 50 transactions
2026-09-16T03:47:53.575482130Z [34m2026-09-16 03:47:53.575 UTC 0090 INFO[0m [Assembler2] [34;1mfunc3[0m -> Assembler pulled from 172.29.0.10:6124 batch Sh,Pr,Sq,Dg: <1,2,20,c1ac00a73e03b0dd019df7078e98d6c703119369e16eec30ef24acf25a12039a>
2026-09-16T03:47:53.575623718Z [34m2026-09-16 03:47:53.575 UTC 00c9 INFO[0m [Batcher3Shard1] [34;1mrunSecondary[0m -> Secondary batcher 3 (shard 1; current primary 2) appending to ledger batch with seq 20 and 50 requests
2026-09-16T03:47:53.575629848Z [34m2026-09-16 03:47:53.575 UTC 00c9 INFO[0m [Batcher4Shard1] [34;1mrunSecondary[0m -> Secondary batcher 4 (shard 1; current primary 2) appending to ledger batch with seq 20 and 50 requests
2026-09-16T03:47:53.575634148Z [34m2026-09-16 03:47:53.575 UTC 00c9 INFO[0m [Batcher1Shard1] [34;1mrunSecondary[0m -> Secondary batcher 1 (shard 1; current primary 2) appending to ledger batch with seq 20 and 50 requests
2026-09-16T03:47:53.578411973Z [34m2026-09-16 03:47:53.578 UTC 00ca INFO[0m [Batcher3Shard1] [34;1mSendBAF[0m -> Sending batch attestation fragment for seq 20 with digest c1ac00a73e03b0dd019df7078e98d6c703119369e16eec30ef24acf25a12039a
2026-09-16T03:47:53.578479789Z [34m2026-09-16 03:47:53.578 UTC 00ca INFO[0m [Batcher1Shard1] [34;1mSendBAF[0m -> Sending batch attestation fragment for seq 20 with digest c1ac00a73e03b0dd019df7078e98d6c703119369e16eec30ef24acf25a12039a
2026-09-16T03:47:53.578483734Z [34m2026-09-16 03:47:53.578 UTC 00ca INFO[0m [Batcher4Shard1] [34;1mSendBAF[0m -> Sending batch attestation fragment for seq 20 with digest c1ac00a73e03b0dd019df7078e98d6c703119369e16eec30ef24acf25a12039a
2026-09-16T03:47:53.578485291Z [34m2026-09-16 03:47:53.578 UTC 00cb INFO[0m [Batcher3Shard1] [34;1mfunc1[0m -> Sending control event took 11.246µs
2026-09-16T03:47:53.578486456Z [34m2026-09-16 03:47:53.578 UTC 00cc INFO[0m [Batcher3Shard1] [34;1mfunc1[0m -> Sending control event took 3.875µs
2026-09-16T03:47:53.578487322Z [34m2026-09-16 03:47:53.578 UTC 00cb INFO[0m [Batcher4Shard1] [34;1mfunc1[0m -> Sending control event took 10.923µs
2026-09-16T03:47:53.578488214Z [34m2026-09-16 03:47:53.578 UTC 00cb INFO[0m [Batcher1Shard1] [34;1mfunc1[0m -> Sending control event took 20.787µs
2026-09-16T03:47:53.578488962Z [34m2026-09-16 03:47:53.578 UTC 00cd INFO[0m [Batcher3Shard1] [34;1mfunc1[0m -> Sending control event took 14.366µs
2026-09-16T03:47:53.578489701Z [34m2026-09-16 03:47:53.578 UTC 00cc INFO[0m [Batcher4Shard1] [34;1mfunc1[0m -> Sending control event took 2.802µs
2026-09-16T03:47:53.578490448Z [34m2026-09-16 03:47:53.578 UTC 00cc INFO[0m [Batcher1Shard1] [34;1mfunc1[0m -> Sending control event took 12.117µs
2026-09-16T03:47:53.578491213Z [34m2026-09-16 03:47:53.578 UTC 00cd INFO[0m [Batcher4Shard1] [34;1mfunc1[0m -> Sending control event took 11.628µs
2026-09-16T03:47:53.578491983Z [34m2026-09-16 03:47:53.578 UTC 00cd INFO[0m [Batcher1Shard1] [34;1mfunc1[0m -> Sending control event took 3.073µs
2026-09-16T03:47:53.578492764Z [34m2026-09-16 03:47:53.578 UTC 00ce INFO[0m [Batcher3Shard1] [34;1mfunc1[0m -> Sending control event took 3.42µs
2026-09-16T03:47:53.578493527Z [34m2026-09-16 03:47:53.578 UTC 00ce INFO[0m [Batcher1Shard1] [34;1mfunc1[0m -> Sending control event took 2.822µs
2026-09-16T03:47:53.578494939Z [34m2026-09-16 03:47:53.578 UTC 00ce INFO[0m [Batcher4Shard1] [34;1mfunc1[0m -> Sending control event took 3.751µs
2026-09-16T03:47:53.578495805Z [34m2026-09-16 03:47:53.578 UTC 00cf INFO[0m [Batcher3Shard1] [34;1mBroadcastControlEvent[0m -> Control event sent to quorum (4 out of 4)
2026-09-16T03:47:53.578496673Z [34m2026-09-16 03:47:53.578 UTC 00cf INFO[0m [Batcher1Shard1] [34;1mBroadcastControlEvent[0m -> Control event sent to quorum (4 out of 4)
2026-09-16T03:47:53.578497458Z [34m2026-09-16 03:47:53.578 UTC 00cf INFO[0m [Batcher4Shard1] [34;1mBroadcastControlEvent[0m -> Control event sent to quorum (4 out of 4)
2026-09-16T03:47:53.578498306Z [34m2026-09-16 03:47:53.578 UTC 0090 INFO[0m [Assembler1] [34;1mfunc3[0m -> Assembler pulled from 172.29.0.10:6024 batch Sh,Pr,Sq,Dg: <1,2,20,c1ac00a73e03b0dd019df7078e98d6c703119369e16eec30ef24acf25a12039a>
2026-09-16T03:47:53.578505716Z [34m2026-09-16 03:47:53.578 UTC 0090 INFO[0m [Assembler3] [34;1mfunc3[0m -> Assembler pulled from 172.29.0.10:6224 batch Sh,Pr,Sq,Dg: <1,2,20,c1ac00a73e03b0dd019df7078e98d6c703119369e16eec30ef24acf25a12039a>
2026-09-16T03:47:53.578534485Z [34m2026-09-16 03:47:53.578 UTC 0090 INFO[0m [Assembler4] [34;1mfunc3[0m -> Assembler pulled from 172.29.0.10:6324 batch Sh,Pr,Sq,Dg: <1,2,20,c1ac00a73e03b0dd019df7078e98d6c703119369e16eec30ef24acf25a12039a>
2026-09-16T03:47:53.767067929Z [34m2026-09-16 03:47:53.766 UTC 00da INFO[0m [Consensus1] [34;1mAssembleProposal[0m -> Creating proposal with 1 attestations and new state: State{N: 4, Quorum: 3, Threshold: 2, ShardCount: 1, 
2026-09-16T03:47:53.767091908Z Pending: none, 
2026-09-16T03:47:53.767093137Z Complaints: none}
2026-09-16T03:47:53.767093962Z [34m2026-09-16 03:47:53.766 UTC 00db INFO[0m [Consensus1] [34;1mAssembleProposal[0m -> Proposing available common data block: number=21, prevHash=254e59bf34e95f2dc49647a3541ad907c27e8b4f02e79e37d9e6e2c4074489ca, dataHash=c1ac00a73e03b0dd019df7078e98d6c703119369e16eec30ef24acf25a12039a, numOfReqs=50, decisionNum=21, blockIndex=0/1, lastConfigBlockNum=0
2026-09-16T03:47:53.770362077Z [34m2026-09-16 03:47:53.770 UTC 00dc INFO[0m [Consensus1] [34;1mprocessProposal[0m -> Processed proposal with seq 21
2026-09-16T03:47:53.772394410Z [34m2026-09-16 03:47:53.772 UTC 00b1 INFO[0m [Consensus3] [34;1mprocessProposal[0m -> Processed proposal with seq 21
2026-09-16T03:47:53.772401754Z [34m2026-09-16 03:47:53.772 UTC 00b1 INFO[0m [Consensus2] [34;1mprocessProposal[0m -> Processed proposal with seq 21
2026-09-16T03:47:53.772405373Z [34m2026-09-16 03:47:53.772 UTC 00b2 INFO[0m [Consensus2] [34;1mprocessPrepares[0m -> 2 collected 2 prepares from [1 3]
2026-09-16T03:47:53.772406445Z [34m2026-09-16 03:47:53.772 UTC 00b2 INFO[0m [Consensus3] [34;1mprocessPrepares[0m -> 3 collected 2 prepares from [1 2]
2026-09-16T03:47:53.772407174Z [34m2026-09-16 03:47:53.772 UTC 00dd INFO[0m [Consensus1] [34;1mprocessPrepares[0m -> 1 collected 2 prepares from [3 2]
2026-09-16T03:47:53.772663158Z [34m2026-09-16 03:47:53.772 UTC 00b2 INFO[0m [Consensus4] [34;1mprocessProposal[0m -> Processed proposal with seq 21
2026-09-16T03:47:53.772668049Z [34m2026-09-16 03:47:53.772 UTC 00b3 INFO[0m [Consensus4] [34;1mprocessPrepares[0m -> 4 collected 2 prepares from [1 3]
2026-09-16T03:47:53.774950767Z [34m2026-09-16 03:47:53.774 UTC 00b3 INFO[0m [Consensus3] [34;1mprocessPrepares[0m -> Processed prepares for proposal with seq 21
2026-09-16T03:47:53.774960070Z [34m2026-09-16 03:47:53.774 UTC 00de INFO[0m [Consensus1] [34;1mprocessPrepares[0m -> Processed prepares for proposal with seq 21
2026-09-16T03:47:53.774961438Z [34m2026-09-16 03:47:53.774 UTC 00b4 INFO[0m [Consensus4] [34;1mprocessPrepares[0m -> Processed prepares for proposal with seq 21
2026-09-16T03:47:53.774970132Z [34m2026-09-16 03:47:53.774 UTC 00b3 INFO[0m [Consensus2] [34;1mprocessPrepares[0m -> Processed prepares for proposal with seq 21
2026-09-16T03:47:53.775027467Z [34m2026-09-16 03:47:53.774 UTC 00b5 INFO[0m [Consensus4] [34;1mprocessCommits[0m -> 4 collected 2 commits from [1 3]
2026-09-16T03:47:53.775029381Z [34m2026-09-16 03:47:53.774 UTC 00b6 INFO[0m [Consensus4] [34;1mprepared[0m -> 4 processed commits for proposal with seq 21
2026-09-16T03:47:53.775030209Z [34m2026-09-16 03:47:53.774 UTC 00b7 INFO[0m [Consensus4] [34;1mdecide[0m -> Deciding on seq 21
2026-09-16T03:47:53.775030922Z [34m2026-09-16 03:47:53.774 UTC 00b8 INFO[0m [Consensus4] [34;1mstartNextSeq[0m -> Sequence: 21-->22
2026-09-16T03:47:53.775361538Z [34m2026-09-16 03:47:53.775 UTC 00b4 INFO[0m [Consensus2] [34;1mprocessCommits[0m -> 2 collected 2 commits from [4 3]
2026-09-16T03:47:53.775412003Z [34m2026-09-16 03:47:53.775 UTC 00b5 INFO[0m [Consensus2] [34;1mprepared[0m -> 2 processed commits for proposal with seq 21
2026-09-16T03:47:53.775425962Z [34m2026-09-16 03:47:53.775 UTC 00b6 INFO[0m [Consensus2] [34;1mdecide[0m -> Deciding on seq 21
2026-09-16T03:47:53.775435016Z [34m2026-09-16 03:47:53.775 UTC 00b7 INFO[0m [Consensus2] [34;1mstartNextSeq[0m -> Sequence: 21-->22
2026-09-16T03:47:53.775443488Z [34m2026-09-16 03:47:53.775 UTC 00df INFO[0m [Consensus1] [34;1mprocessCommits[0m -> 1 collected 2 commits from [2 4]
2026-09-16T03:47:53.775451744Z [34m2026-09-16 03:47:53.775 UTC 00e0 INFO[0m [Consensus1] [34;1mprepared[0m -> 1 processed commits for proposal with seq 21
2026-09-16T03:47:53.775459044Z [34m2026-09-16 03:47:53.775 UTC 00e1 INFO[0m [Consensus1] [34;1mdecide[0m -> Deciding on seq 21
2026-09-16T03:47:53.775466618Z [34m2026-09-16 03:47:53.775 UTC 00e2 INFO[0m [Consensus1] [34;1mstartNextSeq[0m -> Sequence: 21-->22
2026-09-16T03:47:53.775486058Z [34m2026-09-16 03:47:53.775 UTC 00b4 INFO[0m [Consensus3] [34;1mprocessCommits[0m -> 3 collected 2 commits from [2 1]
2026-09-16T03:47:53.775494908Z [34m2026-09-16 03:47:53.775 UTC 00b5 INFO[0m [Consensus3] [34;1mprepared[0m -> 3 processed commits for proposal with seq 21
2026-09-16T03:47:53.775502460Z [34m2026-09-16 03:47:53.775 UTC 00b6 INFO[0m [Consensus3] [34;1mdecide[0m -> Deciding on seq 21
2026-09-16T03:47:53.775510455Z [34m2026-09-16 03:47:53.775 UTC 00b7 INFO[0m [Consensus3] [34;1mstartNextSeq[0m -> Sequence: 21-->22
2026-09-16T03:47:53.778894369Z [34m2026-09-16 03:47:53.778 UTC 0091 INFO[0m [Assembler2] [34;1mfunc3[0m -> Decision 21, with 1 AvailableCommonBlocks
2026-09-16T03:47:53.778901538Z [34m2026-09-16 03:47:53.778 UTC 0092 INFO[0m [Assembler2] [34;1mfunc3[0m -> BA index: 0; BatchID: Sh,Pr,Sq,Dg: <1,2,20,c1ac00a73e03b0dd019df7078e98d6c703119369e16eec30ef24acf25a12039a>; Common Block: Number: 21, PreviousHash: 254e59bf34e95f2dc49647a3541ad907c27e8b4f02e79e37d9e6e2c4074489ca, DataHash: c1ac00a73e03b0dd019df7078e98d6c703119369e16eec30ef24acf25a12039a; BA block signers: [4 3 2]
2026-09-16T03:47:53.778908832Z [34m2026-09-16 03:47:53.778 UTC 0091 INFO[0m [Assembler4] [34;1mfunc3[0m -> Decision 21, with 1 AvailableCommonBlocks
2026-09-16T03:47:53.778909856Z [34m2026-09-16 03:47:53.778 UTC 0092 INFO[0m [Assembler4] [34;1mfunc3[0m -> BA index: 0; BatchID: Sh,Pr,Sq,Dg: <1,2,20,c1ac00a73e03b0dd019df7078e98d6c703119369e16eec30ef24acf25a12039a>; Common Block: Number: 21, PreviousHash: 254e59bf34e95f2dc49647a3541ad907c27e8b4f02e79e37d9e6e2c4074489ca, DataHash: c1ac00a73e03b0dd019df7078e98d6c703119369e16eec30ef24acf25a12039a; BA block signers: [1 3 4]
2026-09-16T03:47:53.780597659Z [34m2026-09-16 03:47:53.780 UTC 00b9 INFO[0m [Consensus4] [34;1mprocessMsg[0m -> 4 got message from 3 with sequence 20 but our sequence is 22
2026-09-16T03:47:53.780603736Z [34m2026-09-16 03:47:53.780 UTC 0091 INFO[0m [Assembler3] [34;1mfunc3[0m -> Decision 21, with 1 AvailableCommonBlocks
2026-09-16T03:47:53.780605296Z [34m2026-09-16 03:47:53.780 UTC 0092 INFO[0m [Assembler3] [34;1mfunc3[0m -> BA index: 0; BatchID: Sh,Pr,Sq,Dg: <1,2,20,c1ac00a73e03b0dd019df7078e98d6c703119369e16eec30ef24acf25a12039a>; Common Block: Number: 21, PreviousHash: 254e59bf34e95f2dc49647a3541ad907c27e8b4f02e79e37d9e6e2c4074489ca, DataHash: c1ac00a73e03b0dd019df7078e98d6c703119369e16eec30ef24acf25a12039a; BA block signers: [2 1 3]
2026-09-16T03:47:53.780998905Z [34m2026-09-16 03:47:53.780 UTC 0091 INFO[0m [Assembler1] [34;1mfunc3[0m -> Decision 21, with 1 AvailableCommonBlocks
2026-09-16T03:47:53.781003964Z [34m2026-09-16 03:47:53.780 UTC 0092 INFO[0m [Assembler1] [34;1mfunc3[0m -> BA index: 0; BatchID: Sh,Pr,Sq,Dg: <1,2,20,c1ac00a73e03b0dd019df7078e98d6c703119369e16eec30ef24acf25a12039a>; Common Block: Number: 21, PreviousHash: 254e59bf34e95f2dc49647a3541ad907c27e8b4f02e79e37d9e6e2c4074489ca, DataHash: c1ac00a73e03b0dd019df7078e98d6c703119369e16eec30ef24acf25a12039a; BA block signers: [2 4 1]
2026-09-16T03:47:53.784047756Z [34m2026-09-16 03:47:53.783 UTC 0093 INFO[0m [Assembler4] [34;1mfunc1[0m -> Appended block 21 of 50 requests to ledger in 5.139086ms
2026-09-16T03:47:53.784056076Z [34m2026-09-16 03:47:53.783 UTC 0093 INFO[0m [Assembler2] [34;1mfunc1[0m -> Appended block 21 of 50 requests to ledger in 5.232452ms
2026-09-16T03:47:53.785329655Z [34m2026-09-16 03:47:53.785 UTC 0093 INFO[0m [Assembler1] [34;1mfunc1[0m -> Appended block 21 of 50 requests to ledger in 4.482588ms
2026-09-16T03:47:53.785335745Z [34m2026-09-16 03:47:53.785 UTC 0093 INFO[0m [Assembler3] [34;1mfunc1[0m -> Appended block 21 of 50 requests to ledger in 4.726293ms
2026-09-16T03:47:54.575522372Z [34m2026-09-16 03:47:54.575 UTC 00bb INFO[0m [Batcher2Shard1] [34;1mrunPrimary[0m -> Batcher batched a total of 50 requests for sequence 21
2026-09-16T03:47:54.579480294Z [34m2026-09-16 03:47:54.579 UTC 00bc INFO[0m [Batcher2Shard1] [34;1mSendBAF[0m -> Sending batch attestation fragment for seq 21 with digest ff244a4d2ea5314607878bf49e9a3615349e42ea6814af1b166ab26ea67f6f16
2026-09-16T03:47:54.579499424Z [34m2026-09-16 03:47:54.579 UTC 00bd INFO[0m [Batcher2Shard1] [34;1mfunc1[0m -> Sending control event took 22.736µs
2026-09-16T03:47:54.579734034Z [34m2026-09-16 03:47:54.579 UTC 00be INFO[0m [Batcher2Shard1] [34;1mfunc1[0m -> Sending control event took 5.095µs
2026-09-16T03:47:54.579749592Z [34m2026-09-16 03:47:54.579 UTC 00bf INFO[0m [Batcher2Shard1] [34;1mfunc1[0m -> Sending control event took 13.797µs
2026-09-16T03:47:54.579753817Z [34m2026-09-16 03:47:54.579 UTC 00c0 INFO[0m [Batcher2Shard1] [34;1mfunc1[0m -> Sending control event took 15.073µs
2026-09-16T03:47:54.579756894Z [34m2026-09-16 03:47:54.579 UTC 00c1 INFO[0m [Batcher2Shard1] [34;1mBroadcastControlEvent[0m -> Control event sent to quorum (4 out of 4)
2026-09-16T03:47:54.579759642Z [34m2026-09-16 03:47:54.579 UTC 00d0 INFO[0m [Batcher4Shard1] [34;1mfunc3[0m -> [shard1party2-arma] Fetched batch 21 with 50 transactions
2026-09-16T03:47:54.579762172Z [34m2026-09-16 03:47:54.579 UTC 0094 INFO[0m [Assembler2] [34;1mfunc3[0m -> Assembler pulled from 172.29.0.10:6124 batch Sh,Pr,Sq,Dg: <1,2,21,ff244a4d2ea5314607878bf49e9a3615349e42ea6814af1b166ab26ea67f6f16>
2026-09-16T03:47:54.579765178Z [34m2026-09-16 03:47:54.579 UTC 00d0 INFO[0m [Batcher3Shard1] [34;1mfunc3[0m -> [shard1party2-arma] Fetched batch 21 with 50 transactions
2026-09-16T03:47:54.579889012Z [34m2026-09-16 03:47:54.579 UTC 00d1 INFO[0m [Batcher4Shard1] [34;1mrunSecondary[0m -> Secondary batcher 4 (shard 1; current primary 2) appending to ledger batch with seq 21 and 50 requests
2026-09-16T03:47:54.579894907Z [34m2026-09-16 03:47:54.579 UTC 00d0 INFO[0m [Batcher1Shard1] [34;1mfunc3[0m -> [shard1party2-arma] Fetched batch 21 with 50 transactions
2026-09-16T03:47:54.580060272Z [34m2026-09-16 03:47:54.579 UTC 00d1 INFO[0m [Batcher3Shard1] [34;1mrunSecondary[0m -> Secondary batcher 3 (shard 1; current primary 2) appending to ledger batch with seq 21 and 50 requests
2026-09-16T03:47:54.580068696Z [34m2026-09-16 03:47:54.580 UTC 00d1 INFO[0m [Batcher1Shard1] [34;1mrunSecondary[0m -> Secondary batcher 1 (shard 1; current primary 2) appending to ledger batch with seq 21 and 50 requests
2026-09-16T03:47:54.583207348Z [34m2026-09-16 03:47:54.583 UTC 00d2 INFO[0m [Batcher4Shard1] [34;1mSendBAF[0m -> Sending batch attestation fragment for seq 21 with digest ff244a4d2ea5314607878bf49e9a3615349e42ea6814af1b166ab26ea67f6f16
2026-09-16T03:47:54.583217231Z [34m2026-09-16 03:47:54.583 UTC 00d3 INFO[0m [Batcher4Shard1] [34;1mfunc1[0m -> Sending control event took 10.384µs
2026-09-16T03:47:54.583218714Z [34m2026-09-16 03:47:54.583 UTC 00d4 INFO[0m [Batcher4Shard1] [34;1mfunc1[0m -> Sending control event took 2.731µs
2026-09-16T03:47:54.583219564Z [34m2026-09-16 03:47:54.583 UTC 00d5 INFO[0m [Batcher4Shard1] [34;1mfunc1[0m -> Sending control event took 12.129µs
2026-09-16T03:47:54.583220235Z [34m2026-09-16 03:47:54.583 UTC 00d6 INFO[0m [Batcher4Shard1] [34;1mfunc1[0m -> Sending control event took 2.961µs
2026-09-16T03:47:54.583225307Z [34m2026-09-16 03:47:54.583 UTC 00d7 INFO[0m [Batcher4Shard1] [34;1mBroadcastControlEvent[0m -> Control event sent to quorum (4 out of 4)
2026-09-16T03:47:54.583350914Z [34m2026-09-16 03:47:54.583 UTC 0094 INFO[0m [Assembler4] [34;1mfunc3[0m -> Assembler pulled from 172.29.0.10:6324 batch Sh,Pr,Sq,Dg: <1,2,21,ff244a4d2ea5314607878bf49e9a3615349e42ea6814af1b166ab26ea67f6f16>
2026-09-16T03:47:54.584719120Z [34m2026-09-16 03:47:54.584 UTC 00d2 INFO[0m [Batcher3Shard1] [34;1mSendBAF[0m -> Sending batch attestation fragment for seq 21 with digest ff244a4d2ea5314607878bf49e9a3615349e42ea6814af1b166ab26ea67f6f16
2026-09-16T03:47:54.584723257Z [34m2026-09-16 03:47:54.584 UTC 00d2 INFO[0m [Batcher1Shard1] [34;1mSendBAF[0m -> Sending batch attestation fragment for seq 21 with digest ff244a4d2ea5314607878bf49e9a3615349e42ea6814af1b166ab26ea67f6f16
2026-09-16T03:47:54.584724185Z [34m2026-09-16 03:47:54.584 UTC 00d3 INFO[0m [Batcher3Shard1] [34;1mfunc1[0m -> Sending control event took 9.126µs
2026-09-16T03:47:54.584909334Z [34m2026-09-16 03:47:54.584 UTC 00d3 INFO[0m [Batcher1Shard1] [34;1mfunc1[0m -> Sending control event took 9.854µs
2026-09-16T03:47:54.584915293Z [34m2026-09-16 03:47:54.584 UTC 00d4 INFO[0m [Batcher3Shard1] [34;1mfunc1[0m -> Sending control event took 2.278µs
2026-09-16T03:47:54.584916445Z [34m2026-09-16 03:47:54.584 UTC 00d4 INFO[0m [Batcher1Shard1] [34;1mfunc1[0m -> Sending control event took 2.443µs
2026-09-16T03:47:54.584917308Z [34m2026-09-16 03:47:54.584 UTC 00d5 INFO[0m [Batcher1Shard1] [34;1mfunc1[0m -> Sending control event took 8.521µs
2026-09-16T03:47:54.584917967Z [34m2026-09-16 03:47:54.584 UTC 00d5 INFO[0m [Batcher3Shard1] [34;1mfunc1[0m -> Sending control event took 10.204µs
2026-09-16T03:47:54.584918655Z [34m2026-09-16 03:47:54.584 UTC 00d6 INFO[0m [Batcher1Shard1] [34;1mfunc1[0m -> Sending control event took 3.04µs
2026-09-16T03:47:54.584919332Z [34m2026-09-16 03:47:54.584 UTC 00d6 INFO[0m [Batcher3Shard1] [34;1mfunc1[0m -> Sending control event took 2.412µs
2026-09-16T03:47:54.584920101Z [34m2026-09-16 03:47:54.584 UTC 00d7 INFO[0m [Batcher1Shard1] [34;1mBroadcastControlEvent[0m -> Control event sent to quorum (4 out of 4)
2026-09-16T03:47:54.584920889Z [34m2026-09-16 03:47:54.584 UTC 00d7 INFO[0m [Batcher3Shard1] [34;1mBroadcastControlEvent[0m -> Control event sent to quorum (4 out of 4)
2026-09-16T03:47:54.584921667Z [34m2026-09-16 03:47:54.584 UTC 0094 INFO[0m [Assembler3] [34;1mfunc3[0m -> Assembler pulled from 172.29.0.10:6224 batch Sh,Pr,Sq,Dg: <1,2,21,ff244a4d2ea5314607878bf49e9a3615349e42ea6814af1b166ab26ea67f6f16>
2026-09-16T03:47:54.584922578Z [34m2026-09-16 03:47:54.584 UTC 0094 INFO[0m [Assembler1] [34;1mfunc3[0m -> Assembler pulled from 172.29.0.10:6024 batch Sh,Pr,Sq,Dg: <1,2,21,ff244a4d2ea5314607878bf49e9a3615349e42ea6814af1b166ab26ea67f6f16>
2026-09-16T03:47:54.782630884Z [34m2026-09-16 03:47:54.782 UTC 00e3 INFO[0m [Consensus1] [34;1mAssembleProposal[0m -> Creating proposal with 1 attestations and new state: State{N: 4, Quorum: 3, Threshold: 2, ShardCount: 1, 
2026-09-16T03:47:54.782649705Z Pending: none, 
2026-09-16T03:47:54.782651315Z Complaints: none}
2026-09-16T03:47:54.782652519Z [34m2026-09-16 03:47:54.782 UTC 00e4 INFO[0m [Consensus1] [34;1mAssembleProposal[0m -> Proposing available common data block: number=22, prevHash=95294fd40fa6be615e4a5c2e44e526ac18167b26bc22906db6cb81ca4c5481e0, dataHash=ff244a4d2ea5314607878bf49e9a3615349e42ea6814af1b166ab26ea67f6f16, numOfReqs=50, decisionNum=22, blockIndex=0/1, lastConfigBlockNum=0
2026-09-16T03:47:54.786234522Z [34m2026-09-16 03:47:54.785 UTC 00e5 INFO[0m [Consensus1] [34;1mprocessProposal[0m -> Processed proposal with seq 22
2026-09-16T03:47:54.788162985Z [34m2026-09-16 03:47:54.788 UTC 00b8 INFO[0m [Consensus2] [34;1mprocessProposal[0m -> Processed proposal with seq 22
2026-09-16T03:47:54.788170392Z [34m2026-09-16 03:47:54.788 UTC 00b8 INFO[0m [Consensus3] [34;1mprocessProposal[0m -> Processed proposal with seq 22
2026-09-16T03:47:54.788359151Z [34m2026-09-16 03:47:54.788 UTC 00b9 INFO[0m [Consensus3] [34;1mprocessPrepares[0m -> 3 collected 2 prepares from [1 2]
2026-09-16T03:47:54.788370882Z [34m2026-09-16 03:47:54.788 UTC 00b9 INFO[0m [Consensus2] [34;1mprocessPrepares[0m -> 2 collected 2 prepares from [1 3]
2026-09-16T03:47:54.788414644Z [34m2026-09-16 03:47:54.788 UTC 00e6 INFO[0m [Consensus1] [34;1mprocessPrepares[0m -> 1 collected 2 prepares from [3 2]
2026-09-16T03:47:54.789452422Z [34m2026-09-16 03:47:54.789 UTC 00ba INFO[0m [Consensus4] [34;1mprocessProposal[0m -> Processed proposal with seq 22
2026-09-16T03:47:54.789504285Z [34m2026-09-16 03:47:54.789 UTC 00bb INFO[0m [Consensus4] [34;1mprocessPrepares[0m -> 4 collected 2 prepares from [1 3]
2026-09-16T03:47:54.790517857Z [34m2026-09-16 03:47:54.790 UTC 00e7 INFO[0m [Consensus1] [34;1mprocessPrepares[0m -> Processed prepares for proposal with seq 22
2026-09-16T03:47:54.790527897Z [34m2026-09-16 03:47:54.790 UTC 00ba INFO[0m [Consensus2] [34;1mprocessPrepares[0m -> Processed prepares for proposal with seq 22
2026-09-16T03:47:54.790529535Z [34m2026-09-16 03:47:54.790 UTC 00ba INFO[0m [Consensus3] [34;1mprocessPrepares[0m -> Processed prepares for proposal with seq 22
2026-09-16T03:47:54.790900893Z [34m2026-09-16 03:47:54.790 UTC 00bb INFO[0m [Consensus3] [34;1mprocessCommits[0m -> 3 collected 2 commits from [1 2]
2026-09-16T03:47:54.790914060Z [34m2026-09-16 03:47:54.790 UTC 00bc INFO[0m [Consensus3] [34;1mprepared[0m -> 3 processed commits for proposal with seq 22
2026-09-16T03:47:54.790922926Z [34m2026-09-16 03:47:54.790 UTC 00e8 INFO[0m [Consensus1] [34;1mprocessCommits[0m -> 1 collected 2 commits from [2 3]
2026-09-16T03:47:54.790924388Z [34m2026-09-16 03:47:54.790 UTC 00bd INFO[0m [Consensus3] [34;1mdecide[0m -> Deciding on seq 22
2026-09-16T03:47:54.790933629Z [34m2026-09-16 03:47:54.790 UTC 00be INFO[0m [Consensus3] [34;1mstartNextSeq[0m -> Sequence: 22-->23
2026-09-16T03:47:54.790934641Z [34m2026-09-16 03:47:54.790 UTC 00e9 INFO[0m [Consensus1] [34;1mprepared[0m -> 1 processed commits for proposal with seq 22
2026-09-16T03:47:54.790935363Z [34m2026-09-16 03:47:54.790 UTC 00ea INFO[0m [Consensus1] [34;1mdecide[0m -> Deciding on seq 22
2026-09-16T03:47:54.790936047Z [34m2026-09-16 03:47:54.790 UTC 00eb INFO[0m [Consensus1] [34;1mstartNextSeq[0m -> Sequence: 22-->23
2026-09-16T03:47:54.791117364Z [34m2026-09-16 03:47:54.791 UTC 00bb INFO[0m [Consensus2] [34;1mprocessCommits[0m -> 2 collected 2 commits from [3 1]
2026-09-16T03:47:54.791131200Z [34m2026-09-16 03:47:54.791 UTC 00bc INFO[0m [Consensus2] [34;1mprepared[0m -> 2 processed commits for proposal with seq 22
2026-09-16T03:47:54.791132826Z [34m2026-09-16 03:47:54.791 UTC 00bd INFO[0m [Consensus2] [34;1mdecide[0m -> Deciding on seq 22
2026-09-16T03:47:54.791134089Z [34m2026-09-16 03:47:54.791 UTC 00be INFO[0m [Consensus2] [34;1mstartNextSeq[0m -> Sequence: 22-->23
2026-09-16T03:47:54.791645129Z [34m2026-09-16 03:47:54.791 UTC 00bc INFO[0m [Consensus4] [34;1mprocessPrepares[0m -> Processed prepares for proposal with seq 22
2026-09-16T03:47:54.791906764Z [34m2026-09-16 03:47:54.791 UTC 00bd INFO[0m [Consensus4] [34;1mprocessCommits[0m -> 4 collected 2 commits from [3 1]
2026-09-16T03:47:54.791912615Z [34m2026-09-16 03:47:54.791 UTC 00be INFO[0m [Consensus4] [34;1mprepared[0m -> 4 processed commits for proposal with seq 22
2026-09-16T03:47:54.791913976Z [34m2026-09-16 03:47:54.791 UTC 00bf INFO[0m [Consensus4] [34;1mdecide[0m -> Deciding on seq 22
2026-09-16T03:47:54.791914934Z [34m2026-09-16 03:47:54.791 UTC 00c0 INFO[0m [Consensus4] [34;1mstartNextSeq[0m -> Sequence: 22-->23
2026-09-16T03:47:54.795042709Z [34m2026-09-16 03:47:54.794 UTC 0095 INFO[0m [Assembler3] [34;1mfunc3[0m -> Decision 22, with 1 AvailableCommonBlocks
2026-09-16T03:47:54.795049926Z [34m2026-09-16 03:47:54.794 UTC 0095 INFO[0m [Assembler1] [34;1mfunc3[0m -> Decision 22, with 1 AvailableCommonBlocks
2026-09-16T03:47:54.795051421Z [34m2026-09-16 03:47:54.794 UTC 0096 INFO[0m [Assembler3] [34;1mfunc3[0m -> BA index: 0; BatchID: Sh,Pr,Sq,Dg: <1,2,21,ff244a4d2ea5314607878bf49e9a3615349e42ea6814af1b166ab26ea67f6f16>; Common Block: Number: 22, PreviousHash: 95294fd40fa6be615e4a5c2e44e526ac18167b26bc22906db6cb81ca4c5481e0, DataHash: ff244a4d2ea5314607878bf49e9a3615349e42ea6814af1b166ab26ea67f6f16; BA block signers: [1 2 3]
2026-09-16T03:47:54.795052625Z [34m2026-09-16 03:47:54.794 UTC 0095 INFO[0m [Assembler2] [34;1mfunc3[0m -> Decision 22, with 1 AvailableCommonBlocks
2026-09-16T03:47:54.795053445Z [34m2026-09-16 03:47:54.794 UTC 0096 INFO[0m [Assembler2] [34;1mfunc3[0m -> BA index: 0; BatchID: Sh,Pr,Sq,Dg: <1,2,21,ff244a4d2ea5314607878bf49e9a3615349e42ea6814af1b166ab26ea67f6f16>; Common Block: Number: 22, PreviousHash: 95294fd40fa6be615e4a5c2e44e526ac18167b26bc22906db6cb81ca4c5481e0, DataHash: ff244a4d2ea5314607878bf49e9a3615349e42ea6814af1b166ab26ea67f6f16; BA block signers: [3 1 2]
2026-09-16T03:47:54.795060690Z [34m2026-09-16 03:47:54.794 UTC 0096 INFO[0m [Assembler1] [34;1mfunc3[0m -> BA index: 0; BatchID: Sh,Pr,Sq,Dg: <1,2,21,ff244a4d2ea5314607878bf49e9a3615349e42ea6814af1b166ab26ea67f6f16>; Common Block: Number: 22, PreviousHash: 95294fd40fa6be615e4a5c2e44e526ac18167b26bc22906db6cb81ca4c5481e0, DataHash: ff244a4d2ea5314607878bf49e9a3615349e42ea6814af1b166ab26ea67f6f16; BA block signers: [2 3 1]
2026-09-16T03:47:54.796462640Z [34m2026-09-16 03:47:54.796 UTC 0095 INFO[0m [Assembler4] [34;1mfunc3[0m -> Decision 22, with 1 AvailableCommonBlocks
2026-09-16T03:47:54.796469948Z [34m2026-09-16 03:47:54.796 UTC 0096 INFO[0m [Assembler4] [34;1mfunc3[0m -> BA index: 0; BatchID: Sh,Pr,Sq,Dg: <1,2,21,ff244a4d2ea5314607878bf49e9a3615349e42ea6814af1b166ab26ea67f6f16>; Common Block: Number: 22, PreviousHash: 95294fd40fa6be615e4a5c2e44e526ac18167b26bc22906db6cb81ca4c5481e0, DataHash: ff244a4d2ea5314607878bf49e9a3615349e42ea6814af1b166ab26ea67f6f16; BA block signers: [3 1 4]
2026-09-16T03:47:54.799222687Z [34m2026-09-16 03:47:54.799 UTC 0097 INFO[0m [Assembler3] [34;1mfunc1[0m -> Appended block 22 of 50 requests to ledger in 4.158887ms
2026-09-16T03:47:54.799232504Z [34m2026-09-16 03:47:54.799 UTC 0097 INFO[0m [Assembler2] [34;1mfunc1[0m -> Appended block 22 of 50 requests to ledger in 4.151878ms
2026-09-16T03:47:54.799234182Z [34m2026-09-16 03:47:54.799 UTC 0097 INFO[0m [Assembler1] [34;1mfunc1[0m -> Appended block 22 of 50 requests to ledger in 4.100373ms
2026-09-16T03:47:54.800231778Z [34m2026-09-16 03:47:54.800 UTC 0097 INFO[0m [Assembler4] [34;1mfunc1[0m -> Appended block 22 of 50 requests to ledger in 3.748138ms
2026-09-16T03:47:55.480305377Z [34m2026-09-16 03:47:55.480 UTC 00bf INFO[0m [Consensus2] [34;1mtrackMetrics[0m -> CONSENSUS_METRICS party_id=2: interval=10.00 sec, decisions: interval=10, rate=1.0000, total=23, blocks: interval=10, rate=1.0000, total=22, bafs: total=88, complaints: total=0
2026-09-16T03:47:55.482671794Z [34m2026-09-16 03:47:55.482 UTC 00c1 INFO[0m [Consensus4] [34;1mtrackMetrics[0m -> CONSENSUS_METRICS party_id=4: interval=10.00 sec, decisions: interval=10, rate=1.0000, total=23, blocks: interval=10, rate=1.0000, total=22, bafs: total=88, complaints: total=0
2026-09-16T03:47:55.487929190Z [34m2026-09-16 03:47:55.487 UTC 00ec INFO[0m [Consensus1] [34;1mtrackMetrics[0m -> CONSENSUS_METRICS party_id=1: interval=10.00 sec, decisions: interval=10, rate=1.0000, total=23, blocks: interval=10, rate=1.0000, total=22, bafs: total=88, complaints: total=0
2026-09-16T03:47:55.505643869Z [34m2026-09-16 03:47:55.505 UTC 00bf INFO[0m [Consensus3] [34;1mtrackMetrics[0m -> CONSENSUS_METRICS party_id=3: interval=10.00 sec, decisions: interval=10, rate=1.0000, total=23, blocks: interval=10, rate=1.0000, total=22, bafs: total=88, complaints: total=0
2026-09-16T03:47:55.579814385Z [34m2026-09-16 03:47:55.579 UTC 00c2 INFO[0m [Batcher2Shard1] [34;1mrunPrimary[0m -> Batcher batched a total of 50 requests for sequence 22
2026-09-16T03:47:55.583292797Z [34m2026-09-16 03:47:55.583 UTC 00c3 INFO[0m [Batcher2Shard1] [34;1mSendBAF[0m -> Sending batch attestation fragment for seq 22 with digest 5013110953d2ecc87eef868af221543f40823295f1499324bca283df12252d9d
2026-09-16T03:47:55.583305300Z [34m2026-09-16 03:47:55.583 UTC 00c4 INFO[0m [Batcher2Shard1] [34;1mfunc1[0m -> Sending control event took 24.304µs
2026-09-16T03:47:55.583626639Z [34m2026-09-16 03:47:55.583 UTC 00c5 INFO[0m [Batcher2Shard1] [34;1mfunc1[0m -> Sending control event took 5.264µs
2026-09-16T03:47:55.583634735Z [34m2026-09-16 03:47:55.583 UTC 00c6 INFO[0m [Batcher2Shard1] [34;1mfunc1[0m -> Sending control event took 12.05µs
2026-09-16T03:47:55.583636299Z [34m2026-09-16 03:47:55.583 UTC 00c7 INFO[0m [Batcher2Shard1] [34;1mfunc1[0m -> Sending control event took 19.001µs
2026-09-16T03:47:55.583637317Z [34m2026-09-16 03:47:55.583 UTC 00c8 INFO[0m [Batcher2Shard1] [34;1mBroadcastControlEvent[0m -> Control event sent to quorum (4 out of 4)
2026-09-16T03:47:55.583638280Z [34m2026-09-16 03:47:55.583 UTC 00d8 INFO[0m [Batcher4Shard1] [34;1mfunc3[0m -> [shard1party2-arma] Fetched batch 22 with 50 transactions
2026-09-16T03:47:55.583642714Z [34m2026-09-16 03:47:55.583 UTC 00d8 INFO[0m [Batcher3Shard1] [34;1mfunc3[0m -> [shard1party2-arma] Fetched batch 22 with 50 transactions
2026-09-16T03:47:55.583643632Z [34m2026-09-16 03:47:55.583 UTC 0098 INFO[0m [Assembler2] [34;1mfunc3[0m -> Assembler pulled from 172.29.0.10:6124 batch Sh,Pr,Sq,Dg: <1,2,22,5013110953d2ecc87eef868af221543f40823295f1499324bca283df12252d9d>
2026-09-16T03:47:55.583644726Z [34m2026-09-16 03:47:55.583 UTC 00d8 INFO[0m [Batcher1Shard1] [34;1mfunc3[0m -> [shard1party2-arma] Fetched batch 22 with 50 transactions
2026-09-16T03:47:55.583645560Z [34m2026-09-16 03:47:55.583 UTC 00d9 INFO[0m [Batcher4Shard1] [34;1mrunSecondary[0m -> Secondary batcher 4 (shard 1; current primary 2) appending to ledger batch with seq 22 and 50 requests
2026-09-16T03:47:55.583646613Z [34m2026-09-16 03:47:55.583 UTC 00d9 INFO[0m [Batcher3Shard1] [34;1mrunSecondary[0m -> Secondary batcher 3 (shard 1; current primary 2) appending to ledger batch with seq 22 and 50 requests
2026-09-16T03:47:55.583793913Z [34m2026-09-16 03:47:55.583 UTC 00d9 INFO[0m [Batcher1Shard1] [34;1mrunSecondary[0m -> Secondary batcher 1 (shard 1; current primary 2) appending to ledger batch with seq 22 and 50 requests
2026-09-16T03:47:55.587508475Z [34m2026-09-16 03:47:55.587 UTC 00da INFO[0m [Batcher4Shard1] [34;1mSendBAF[0m -> Sending batch attestation fragment for seq 22 with digest 5013110953d2ecc87eef868af221543f40823295f1499324bca283df12252d9d
2026-09-16T03:47:55.587525262Z [34m2026-09-16 03:47:55.587 UTC 00da INFO[0m [Batcher3Shard1] [34;1mSendBAF[0m -> Sending batch attestation fragment for seq 22 with digest 5013110953d2ecc87eef868af221543f40823295f1499324bca283df12252d9d
2026-09-16T03:47:55.587527271Z [34m2026-09-16 03:47:55.587 UTC 00db INFO[0m [Batcher3Shard1] [34;1mfunc1[0m -> Sending control event took 11.843µs
2026-09-16T03:47:55.587534490Z [34m2026-09-16 03:47:55.587 UTC 00db INFO[0m [Batcher4Shard1] [34;1mfunc1[0m -> Sending control event took 10.356µs
2026-09-16T03:47:55.587539017Z [34m2026-09-16 03:47:55.587 UTC 00dc INFO[0m [Batcher3Shard1] [34;1mfunc1[0m -> Sending control event took 2.591µs
2026-09-16T03:47:55.587540021Z [34m2026-09-16 03:47:55.587 UTC 00dd INFO[0m [Batcher4Shard1] [34;1mfunc1[0m -> Sending control event took 2.462µs
2026-09-16T03:47:55.587540722Z [34m2026-09-16 03:47:55.587 UTC 00dc INFO[0m [Batcher4Shard1] [34;1mfunc1[0m -> Sending control event took 11.297µs
2026-09-16T03:47:55.587541377Z [34m2026-09-16 03:47:55.587 UTC 00dd INFO[0m [Batcher3Shard1] [34;1mfunc1[0m -> Sending control event took 10.447µs
2026-09-16T03:47:55.587919036Z [34m2026-09-16 03:47:55.587 UTC 00de INFO[0m [Batcher3Shard1] [34;1mfunc1[0m -> Sending control event took 2.181µs
2026-09-16T03:47:55.587926651Z [34m2026-09-16 03:47:55.587 UTC 00de INFO[0m [Batcher4Shard1] [34;1mfunc1[0m -> Sending control event took 11.251µs
2026-09-16T03:47:55.587928078Z [34m2026-09-16 03:47:55.587 UTC 00df INFO[0m [Batcher3Shard1] [34;1mBroadcastControlEvent[0m -> Control event sent to quorum (4 out of 4)
2026-09-16T03:47:55.587929124Z [34m2026-09-16 03:47:55.587 UTC 00df INFO[0m [Batcher4Shard1] [34;1mBroadcastControlEvent[0m -> Control event sent to quorum (4 out of 4)
2026-09-16T03:47:55.587930006Z [34m2026-09-16 03:47:55.587 UTC 0098 INFO[0m [Assembler4] [34;1mfunc3[0m -> Assembler pulled from 172.29.0.10:6324 batch Sh,Pr,Sq,Dg: <1,2,22,5013110953d2ecc87eef868af221543f40823295f1499324bca283df12252d9d>
2026-09-16T03:47:55.587930991Z [34m2026-09-16 03:47:55.587 UTC 0098 INFO[0m [Assembler3] [34;1mfunc3[0m -> Assembler pulled from 172.29.0.10:6224 batch Sh,Pr,Sq,Dg: <1,2,22,5013110953d2ecc87eef868af221543f40823295f1499324bca283df12252d9d>
2026-09-16T03:47:55.589217401Z [34m2026-09-16 03:47:55.589 UTC 00da INFO[0m [Batcher1Shard1] [34;1mSendBAF[0m -> Sending batch attestation fragment for seq 22 with digest 5013110953d2ecc87eef868af221543f40823295f1499324bca283df12252d9d
2026-09-16T03:47:55.589223476Z [34m2026-09-16 03:47:55.589 UTC 00db INFO[0m [Batcher1Shard1] [34;1mfunc1[0m -> Sending control event took 9.7µs
2026-09-16T03:47:55.589225360Z [34m2026-09-16 03:47:55.589 UTC 00dc INFO[0m [Batcher1Shard1] [34;1mfunc1[0m -> Sending control event took 2.671µs
2026-09-16T03:47:55.589226623Z [34m2026-09-16 03:47:55.589 UTC 00dd INFO[0m [Batcher1Shard1] [34;1mfunc1[0m -> Sending control event took 11.244µs
2026-09-16T03:47:55.589227440Z [34m2026-09-16 03:47:55.589 UTC 00de INFO[0m [Batcher1Shard1] [34;1mfunc1[0m -> Sending control event took 3.288µs
2026-09-16T03:47:55.589264119Z [34m2026-09-16 03:47:55.589 UTC 00df INFO[0m [Batcher1Shard1] [34;1mBroadcastControlEvent[0m -> Control event sent to quorum (4 out of 4)
2026-09-16T03:47:55.589494539Z [34m2026-09-16 03:47:55.589 UTC 0098 INFO[0m [Assembler1] [34;1mfunc3[0m -> Assembler pulled from 172.29.0.10:6024 batch Sh,Pr,Sq,Dg: <1,2,22,5013110953d2ecc87eef868af221543f40823295f1499324bca283df12252d9d>
2026-09-16T03:47:55.796972751Z [34m2026-09-16 03:47:55.796 UTC 00ed INFO[0m [Consensus1] [34;1mAssembleProposal[0m -> Creating proposal with 1 attestations and new state: State{N: 4, Quorum: 3, Threshold: 2, ShardCount: 1, 
2026-09-16T03:47:55.796992047Z Pending: none, 
2026-09-16T03:47:55.796993786Z Complaints: none}
2026-09-16T03:47:55.796994860Z [34m2026-09-16 03:47:55.796 UTC 00ee INFO[0m [Consensus1] [34;1mAssembleProposal[0m -> Proposing available common data block: number=23, prevHash=9f6793517cd87bc33f92b2ab0c7c8196335ce8d35263feef6700073b1209a8a0, dataHash=5013110953d2ecc87eef868af221543f40823295f1499324bca283df12252d9d, numOfReqs=50, decisionNum=23, blockIndex=0/1, lastConfigBlockNum=0
2026-09-16T03:47:55.801289415Z [34m2026-09-16 03:47:55.801 UTC 00ef INFO[0m [Consensus1] [34;1mprocessProposal[0m -> Processed proposal with seq 23
2026-09-16T03:47:55.804176391Z [34m2026-09-16 03:47:55.804 UTC 00c2 INFO[0m [Consensus4] [34;1mprocessProposal[0m -> Processed proposal with seq 23
2026-09-16T03:47:55.804511434Z [34m2026-09-16 03:47:55.804 UTC 00c0 INFO[0m [Consensus2] [34;1mprocessProposal[0m -> Processed proposal with seq 23
2026-09-16T03:47:55.804519700Z [34m2026-09-16 03:47:55.804 UTC 00f0 INFO[0m [Consensus1] [34;1mprocessPrepares[0m -> 1 collected 2 prepares from [4 2]
2026-09-16T03:47:55.804521327Z [34m2026-09-16 03:47:55.804 UTC 00c3 INFO[0m [Consensus4] [34;1mprocessPrepares[0m -> 4 collected 2 prepares from [1 2]
2026-09-16T03:47:55.804522489Z [34m2026-09-16 03:47:55.804 UTC 00c1 INFO[0m [Consensus2] [34;1mprocessPrepares[0m -> 2 collected 2 prepares from [1 4]
2026-09-16T03:47:55.804762711Z [34m2026-09-16 03:47:55.804 UTC 00c0 INFO[0m [Consensus3] [34;1mprocessProposal[0m -> Processed proposal with seq 23
2026-09-16T03:47:55.804767396Z [34m2026-09-16 03:47:55.804 UTC 00c1 INFO[0m [Consensus3] [34;1mprocessPrepares[0m -> 3 collected 2 prepares from [1 2]
2026-09-16T03:47:55.806137034Z [34m2026-09-16 03:47:55.806 UTC 00c2 INFO[0m [Consensus2] [34;1mprocessPrepares[0m -> Processed prepares for proposal with seq 23
2026-09-16T03:47:55.806803393Z [34m2026-09-16 03:47:55.806 UTC 00c4 INFO[0m [Consensus4] [34;1mprocessPrepares[0m -> Processed prepares for proposal with seq 23
2026-09-16T03:47:55.806836707Z [34m2026-09-16 03:47:55.806 UTC 00f1 INFO[0m [Consensus1] [34;1mprocessPrepares[0m -> Processed prepares for proposal with seq 23
2026-09-16T03:47:55.807250244Z [34m2026-09-16 03:47:55.807 UTC 00f2 INFO[0m [Consensus1] [34;1mprocessCommits[0m -> 1 collected 2 commits from [2 4]
2026-09-16T03:47:55.807255941Z [34m2026-09-16 03:47:55.807 UTC 00f3 INFO[0m [Consensus1] [34;1mprepared[0m -> 1 processed commits for proposal with seq 23
2026-09-16T03:47:55.807265709Z [34m2026-09-16 03:47:55.807 UTC 00f4 INFO[0m [Consensus1] [34;1mdecide[0m -> Deciding on seq 23
2026-09-16T03:47:55.807267052Z [34m2026-09-16 03:47:55.807 UTC 00f5 INFO[0m [Consensus1] [34;1mstartNextSeq[0m -> Sequence: 23-->24
2026-09-16T03:47:55.807484699Z [34m2026-09-16 03:47:55.807 UTC 00c5 INFO[0m [Consensus4] [34;1mprocessCommits[0m -> 4 collected 2 commits from [2 1]
2026-09-16T03:47:55.807512694Z [34m2026-09-16 03:47:55.807 UTC 00c6 INFO[0m [Consensus4] [34;1mprepared[0m -> 4 processed commits for proposal with seq 23
2026-09-16T03:47:55.807520239Z [34m2026-09-16 03:47:55.807 UTC 00c7 INFO[0m [Consensus4] [34;1mdecide[0m -> Deciding on seq 23
2026-09-16T03:47:55.807525319Z [34m2026-09-16 03:47:55.807 UTC 00c8 INFO[0m [Consensus4] [34;1mstartNextSeq[0m -> Sequence: 23-->24
2026-09-16T03:47:55.807530012Z [34m2026-09-16 03:47:55.807 UTC 00c3 INFO[0m [Consensus2] [34;1mprocessCommits[0m -> 2 collected 2 commits from [4 1]
2026-09-16T03:47:55.807534568Z [34m2026-09-16 03:47:55.807 UTC 00c4 INFO[0m [Consensus2] [34;1mprepared[0m -> 2 processed commits for proposal with seq 23
2026-09-16T03:47:55.807538768Z [34m2026-09-16 03:47:55.807 UTC 00c5 INFO[0m [Consensus2] [34;1mdecide[0m -> Deciding on seq 23
2026-09-16T03:47:55.807542698Z [34m2026-09-16 03:47:55.807 UTC 00c6 INFO[0m [Consensus2] [34;1mstartNextSeq[0m -> Sequence: 23-->24
2026-09-16T03:47:55.807850636Z [34m2026-09-16 03:47:55.807 UTC 00c2 INFO[0m [Consensus3] [34;1mprocessPrepares[0m -> Processed prepares for proposal with seq 23
2026-09-16T03:47:55.808113993Z [34m2026-09-16 03:47:55.808 UTC 00c3 INFO[0m [Consensus3] [34;1mprocessCommits[0m -> 3 collected 2 commits from [1 2]
2026-09-16T03:47:55.808117517Z [34m2026-09-16 03:47:55.808 UTC 00c4 INFO[0m [Consensus3] [34;1mprepared[0m -> 3 processed commits for proposal with seq 23
2026-09-16T03:47:55.808118544Z [34m2026-09-16 03:47:55.808 UTC 00c5 INFO[0m [Consensus3] [34;1mdecide[0m -> Deciding on seq 23
2026-09-16T03:47:55.808119270Z [34m2026-09-16 03:47:55.808 UTC 00c6 INFO[0m [Consensus3] [34;1mstartNextSeq[0m -> Sequence: 23-->24
2026-09-16T03:47:55.811703475Z [34m2026-09-16 03:47:55.811 UTC 0099 INFO[0m [Assembler2] [34;1mfunc3[0m -> Decision 23, with 1 AvailableCommonBlocks
2026-09-16T03:47:55.811711518Z [34m2026-09-16 03:47:55.811 UTC 0099 INFO[0m [Assembler1] [34;1mfunc3[0m -> Decision 23, with 1 AvailableCommonBlocks
2026-09-16T03:47:55.811714992Z [34m2026-09-16 03:47:55.811 UTC 009a INFO[0m [Assembler1] [34;1mfunc3[0m -> BA index: 0; BatchID: Sh,Pr,Sq,Dg: <1,2,22,5013110953d2ecc87eef868af221543f40823295f1499324bca283df12252d9d>; Common Block: Number: 23, PreviousHash: 9f6793517cd87bc33f92b2ab0c7c8196335ce8d35263feef6700073b1209a8a0, DataHash: 5013110953d2ecc87eef868af221543f40823295f1499324bca283df12252d9d; BA block signers: [2 4 1]
2026-09-16T03:47:55.811723637Z [34m2026-09-16 03:47:55.811 UTC 009a INFO[0m [Assembler2] [34;1mfunc3[0m -> BA index: 0; BatchID: Sh,Pr,Sq,Dg: <1,2,22,5013110953d2ecc87eef868af221543f40823295f1499324bca283df12252d9d>; Common Block: Number: 23, PreviousHash: 9f6793517cd87bc33f92b2ab0c7c8196335ce8d35263feef6700073b1209a8a0, DataHash: 5013110953d2ecc87eef868af221543f40823295f1499324bca283df12252d9d; BA block signers: [4 1 2]
2026-09-16T03:47:55.811895041Z [34m2026-09-16 03:47:55.811 UTC 0099 INFO[0m [Assembler4] [34;1mfunc3[0m -> Decision 23, with 1 AvailableCommonBlocks
2026-09-16T03:47:55.811903689Z [34m2026-09-16 03:47:55.811 UTC 009a INFO[0m [Assembler4] [34;1mfunc3[0m -> BA index: 0; BatchID: Sh,Pr,Sq,Dg: <1,2,22,5013110953d2ecc87eef868af221543f40823295f1499324bca283df12252d9d>; Common Block: Number: 23, PreviousHash: 9f6793517cd87bc33f92b2ab0c7c8196335ce8d35263feef6700073b1209a8a0, DataHash: 5013110953d2ecc87eef868af221543f40823295f1499324bca283df12252d9d; BA block signers: [2 1 4]
2026-09-16T03:47:55.813061522Z [34m2026-09-16 03:47:55.812 UTC 0099 INFO[0m [Assembler3] [34;1mfunc3[0m -> Decision 23, with 1 AvailableCommonBlocks
2026-09-16T03:47:55.813067178Z [34m2026-09-16 03:47:55.813 UTC 009a INFO[0m [Assembler3] [34;1mfunc3[0m -> BA index: 0; BatchID: Sh,Pr,Sq,Dg: <1,2,22,5013110953d2ecc87eef868af221543f40823295f1499324bca283df12252d9d>; Common Block: Number: 23, PreviousHash: 9f6793517cd87bc33f92b2ab0c7c8196335ce8d35263feef6700073b1209a8a0, DataHash: 5013110953d2ecc87eef868af221543f40823295f1499324bca283df12252d9d; BA block signers: [1 2 3]
2026-09-16T03:47:55.817028003Z [34m2026-09-16 03:47:55.816 UTC 009b INFO[0m [Assembler4] [34;1mfunc1[0m -> Appended block 23 of 50 requests to ledger in 5.12842ms
2026-09-16T03:47:55.817038791Z [34m2026-09-16 03:47:55.816 UTC 009b INFO[0m [Assembler1] [34;1mfunc1[0m -> Appended block 23 of 50 requests to ledger in 5.318026ms
2026-09-16T03:47:55.817040325Z [34m2026-09-16 03:47:55.816 UTC 009b INFO[0m [Assembler2] [34;1mfunc1[0m -> Appended block 23 of 50 requests to ledger in 5.31137ms
2026-09-16T03:47:55.817961194Z [34m2026-09-16 03:47:55.817 UTC 009b INFO[0m [Assembler3] [34;1mfunc1[0m -> Appended block 23 of 50 requests to ledger in 4.84145ms
2026-09-16T03:47:56.584376375Z [34m2026-09-16 03:47:56.584 UTC 00c9 INFO[0m [Batcher2Shard1] [34;1mrunPrimary[0m -> Batcher batched a total of 50 requests for sequence 23
2026-09-16T03:47:56.587244914Z [34m2026-09-16 03:47:56.587 UTC 00ca INFO[0m [Batcher2Shard1] [34;1mSendBAF[0m -> Sending batch attestation fragment for seq 23 with digest 69c8071c32715817c4418308c01882e7ac7ee5e611514f555da55f2a6ca407a8
2026-09-16T03:47:56.587264296Z [34m2026-09-16 03:47:56.587 UTC 00cb INFO[0m [Batcher2Shard1] [34;1mfunc1[0m -> Sending control event took 19.719µs
2026-09-16T03:47:56.587268614Z [34m2026-09-16 03:47:56.587 UTC 00cc INFO[0m [Batcher2Shard1] [34;1mfunc1[0m -> Sending control event took 8.45µs
2026-09-16T03:47:56.587270824Z [34m2026-09-16 03:47:56.587 UTC 00cd INFO[0m [Batcher2Shard1] [34;1mfunc1[0m -> Sending control event took 11.82µs
2026-09-16T03:47:56.587284028Z [34m2026-09-16 03:47:56.587 UTC 00ce INFO[0m [Batcher2Shard1] [34;1mfunc1[0m -> Sending control event took 4.116µs
2026-09-16T03:47:56.587503092Z [34m2026-09-16 03:47:56.587 UTC 00cf INFO[0m [Batcher2Shard1] [34;1mBroadcastControlEvent[0m -> Control event sent to quorum (4 out of 4)
2026-09-16T03:47:56.587509619Z [34m2026-09-16 03:47:56.587 UTC 00e0 INFO[0m [Batcher4Shard1] [34;1mfunc3[0m -> [shard1party2-arma] Fetched batch 23 with 50 transactions
2026-09-16T03:47:56.587510838Z [34m2026-09-16 03:47:56.587 UTC 009c INFO[0m [Assembler2] [34;1mfunc3[0m -> Assembler pulled from 172.29.0.10:6124 batch Sh,Pr,Sq,Dg: <1,2,23,69c8071c32715817c4418308c01882e7ac7ee5e611514f555da55f2a6ca407a8>
2026-09-16T03:47:56.587511806Z [34m2026-09-16 03:47:56.587 UTC 00e0 INFO[0m [Batcher1Shard1] [34;1mfunc3[0m -> [shard1party2-arma] Fetched batch 23 with 50 transactions
2026-09-16T03:47:56.587512505Z [34m2026-09-16 03:47:56.587 UTC 00e1 INFO[0m [Batcher4Shard1] [34;1mrunSecondary[0m -> Secondary batcher 4 (shard 1; current primary 2) appending to ledger batch with seq 23 and 50 requests
2026-09-16T03:47:56.587513212Z [34m2026-09-16 03:47:56.587 UTC 00e0 INFO[0m [Batcher3Shard1] [34;1mfunc3[0m -> [shard1party2-arma] Fetched batch 23 with 50 transactions
2026-09-16T03:47:56.587612925Z [34m2026-09-16 03:47:56.587 UTC 00e1 INFO[0m [Batcher1Shard1] [34;1mrunSecondary[0m -> Secondary batcher 1 (shard 1; current primary 2) appending to ledger batch with seq 23 and 50 requests
2026-09-16T03:47:56.587704029Z [34m2026-09-16 03:47:56.587 UTC 00e1 INFO[0m [Batcher3Shard1] [34;1mrunSecondary[0m -> Secondary batcher 3 (shard 1; current primary 2) appending to ledger batch with seq 23 and 50 requests
2026-09-16T03:47:56.591610073Z [34m2026-09-16 03:47:56.591 UTC 00e2 INFO[0m [Batcher1Shard1] [34;1mSendBAF[0m -> Sending batch attestation fragment for seq 23 with digest 69c8071c32715817c4418308c01882e7ac7ee5e611514f555da55f2a6ca407a8
2026-09-16T03:47:56.591619273Z [34m2026-09-16 03:47:56.591 UTC 00e3 INFO[0m [Batcher1Shard1] [34;1mfunc1[0m -> Sending control event took 9.357µs
2026-09-16T03:47:56.591664544Z [34m2026-09-16 03:47:56.591 UTC 00e4 INFO[0m [Batcher1Shard1] [34;1mfunc1[0m -> Sending control event took 2.244µs
2026-09-16T03:47:56.591670786Z [34m2026-09-16 03:47:56.591 UTC 00e5 INFO[0m [Batcher1Shard1] [34;1mfunc1[0m -> Sending control event took 10.714µs
2026-09-16T03:47:56.591672126Z [34m2026-09-16 03:47:56.591 UTC 00e6 INFO[0m [Batcher1Shard1] [34;1mfunc1[0m -> Sending control event took 2.538µs
2026-09-16T03:47:56.591673355Z [34m2026-09-16 03:47:56.591 UTC 00e7 INFO[0m [Batcher1Shard1] [34;1mBroadcastControlEvent[0m -> Control event sent to quorum (4 out of 4)
2026-09-16T03:47:56.591674228Z [34m2026-09-16 03:47:56.591 UTC 00e2 INFO[0m [Batcher4Shard1] [34;1mSendBAF[0m -> Sending batch attestation fragment for seq 23 with digest 69c8071c32715817c4418308c01882e7ac7ee5e611514f555da55f2a6ca407a8
2026-09-16T03:47:56.591767775Z [34m2026-09-16 03:47:56.591 UTC 00e3 INFO[0m [Batcher4Shard1] [34;1mfunc1[0m -> Sending control event took 9.57µs
2026-09-16T03:47:56.591770125Z [34m2026-09-16 03:47:56.591 UTC 00e4 INFO[0m [Batcher4Shard1] [34;1mfunc1[0m -> Sending control event took 3.795µs
2026-09-16T03:47:56.591770989Z [34m2026-09-16 03:47:56.591 UTC 00e5 INFO[0m [Batcher4Shard1] [34;1mfunc1[0m -> Sending control event took 13.227µs
2026-09-16T03:47:56.591771771Z [34m2026-09-16 03:47:56.591 UTC 00e6 INFO[0m [Batcher4Shard1] [34;1mfunc1[0m -> Sending control event took 10.227µs
2026-09-16T03:47:56.591774168Z [34m2026-09-16 03:47:56.591 UTC 00e7 INFO[0m [Batcher4Shard1] [34;1mBroadcastControlEvent[0m -> Control event sent to quorum (4 out of 4)
2026-09-16T03:47:56.591925486Z [34m2026-09-16 03:47:56.591 UTC 009c INFO[0m [Assembler1] [34;1mfunc3[0m -> Assembler pulled from 172.29.0.10:6024 batch Sh,Pr,Sq,Dg: <1,2,23,69c8071c32715817c4418308c01882e7ac7ee5e611514f555da55f2a6ca407a8>
2026-09-16T03:47:56.591932775Z [34m2026-09-16 03:47:56.591 UTC 009c INFO[0m [Assembler4] [34;1mfunc3[0m -> Assembler pulled from 172.29.0.10:6324 batch Sh,Pr,Sq,Dg: <1,2,23,69c8071c32715817c4418308c01882e7ac7ee5e611514f555da55f2a6ca407a8>
2026-09-16T03:47:56.592736177Z [34m2026-09-16 03:47:56.592 UTC 00e2 INFO[0m [Batcher3Shard1] [34;1mSendBAF[0m -> Sending batch attestation fragment for seq 23 with digest 69c8071c32715817c4418308c01882e7ac7ee5e611514f555da55f2a6ca407a8
2026-09-16T03:47:56.592742092Z [34m2026-09-16 03:47:56.592 UTC 00e3 INFO[0m [Batcher3Shard1] [34;1mfunc1[0m -> Sending control event took 8.33µs
2026-09-16T03:47:56.592746226Z [34m2026-09-16 03:47:56.592 UTC 00e4 INFO[0m [Batcher3Shard1] [34;1mfunc1[0m -> Sending control event took 2.176µs
2026-09-16T03:47:56.592747568Z [34m2026-09-16 03:47:56.592 UTC 00e5 INFO[0m [Batcher3Shard1] [34;1mfunc1[0m -> Sending control event took 8.996µs
2026-09-16T03:47:56.592771691Z [34m2026-09-16 03:47:56.592 UTC 00e6 INFO[0m [Batcher3Shard1] [34;1mfunc1[0m -> Sending control event took 2.767µs
2026-09-16T03:47:56.592776073Z [34m2026-09-16 03:47:56.592 UTC 00e7 INFO[0m [Batcher3Shard1] [34;1mBroadcastControlEvent[0m -> Control event sent to quorum (4 out of 4)
2026-09-16T03:47:56.592940224Z [34m2026-09-16 03:47:56.592 UTC 009c INFO[0m [Assembler3] [34;1mfunc3[0m -> Assembler pulled from 172.29.0.10:6224 batch Sh,Pr,Sq,Dg: <1,2,23,69c8071c32715817c4418308c01882e7ac7ee5e611514f555da55f2a6ca407a8>
2026-09-16T03:47:56.813561783Z [34m2026-09-16 03:47:56.813 UTC 00f6 INFO[0m [Consensus1] [34;1mAssembleProposal[0m -> Creating proposal with 1 attestations and new state: State{N: 4, Quorum: 3, Threshold: 2, ShardCount: 1, 
2026-09-16T03:47:56.813586357Z Pending: none, 
2026-09-16T03:47:56.813587446Z Complaints: none}
2026-09-16T03:47:56.813588285Z [34m2026-09-16 03:47:56.813 UTC 00f7 INFO[0m [Consensus1] [34;1mAssembleProposal[0m -> Proposing available common data block: number=24, prevHash=7a50ea2b8947df9364179e01744623f468a3cd23d9cbe4a8d906fd0f76367330, dataHash=69c8071c32715817c4418308c01882e7ac7ee5e611514f555da55f2a6ca407a8, numOfReqs=50, decisionNum=24, blockIndex=0/1, lastConfigBlockNum=0
2026-09-16T03:47:56.816310632Z [34m2026-09-16 03:47:56.815 UTC 00f8 INFO[0m [Consensus1] [34;1mprocessProposal[0m -> Processed proposal with seq 24
2026-09-16T03:47:56.819373631Z [34m2026-09-16 03:47:56.818 UTC 00c9 INFO[0m [Consensus4] [34;1mprocessProposal[0m -> Processed proposal with seq 24
2026-09-16T03:47:56.819382804Z [34m2026-09-16 03:47:56.819 UTC 00c7 INFO[0m [Consensus3] [34;1mprocessProposal[0m -> Processed proposal with seq 24
2026-09-16T03:47:56.819384184Z [34m2026-09-16 03:47:56.819 UTC 00c7 INFO[0m [Consensus2] [34;1mprocessProposal[0m -> Processed proposal with seq 24
2026-09-16T03:47:56.819385001Z [34m2026-09-16 03:47:56.819 UTC 00c8 INFO[0m [Consensus2] [34;1mprocessPrepares[0m -> 2 collected 2 prepares from [1 3]
2026-09-16T03:47:56.819385693Z [34m2026-09-16 03:47:56.819 UTC 00c8 INFO[0m [Consensus3] [34;1mprocessPrepares[0m -> 3 collected 2 prepares from [1 4]
2026-09-16T03:47:56.819386415Z [34m2026-09-16 03:47:56.819 UTC 00f9 INFO[0m [Consensus1] [34;1mprocessPrepares[0m -> 1 collected 2 prepares from [2 3]
2026-09-16T03:47:56.819496441Z [34m2026-09-16 03:47:56.819 UTC 00ca INFO[0m [Consensus4] [34;1mprocessPrepares[0m -> 4 collected 2 prepares from [1 2]
2026-09-16T03:47:56.821238820Z [34m2026-09-16 03:47:56.821 UTC 00c9 INFO[0m [Consensus3] [34;1mprocessPrepares[0m -> Processed prepares for proposal with seq 24
2026-09-16T03:47:56.821243897Z [34m2026-09-16 03:47:56.821 UTC 00cb INFO[0m [Consensus4] [34;1mprocessPrepares[0m -> Processed prepares for proposal with seq 24
2026-09-16T03:47:56.821245200Z [34m2026-09-16 03:47:56.821 UTC 00fa INFO[0m [Consensus1] [34;1mprocessPrepares[0m -> Processed prepares for proposal with seq 24
2026-09-16T03:47:56.821246154Z [34m2026-09-16 03:47:56.821 UTC 00c9 INFO[0m [Consensus2] [34;1mprocessPrepares[0m -> Processed prepares for proposal with seq 24
2026-09-16T03:47:56.821566827Z [34m2026-09-16 03:47:56.821 UTC 00ca INFO[0m [Consensus3] [34;1mprocessCommits[0m -> 3 collected 2 commits from [4 1]
2026-09-16T03:47:56.821571668Z [34m2026-09-16 03:47:56.821 UTC 00cb INFO[0m [Consensus3] [34;1mprepared[0m -> 3 processed commits for proposal with seq 24
2026-09-16T03:47:56.821572819Z [34m2026-09-16 03:47:56.821 UTC 00cc INFO[0m [Consensus3] [34;1mdecide[0m -> Deciding on seq 24
2026-09-16T03:47:56.821573535Z [34m2026-09-16 03:47:56.821 UTC 00fb INFO[0m [Consensus1] [34;1mprocessCommits[0m -> 1 collected 2 commits from [2 3]
2026-09-16T03:47:56.821574169Z [34m2026-09-16 03:47:56.821 UTC 00cd INFO[0m [Consensus3] [34;1mstartNextSeq[0m -> Sequence: 24-->25
2026-09-16T03:47:56.821574873Z [34m2026-09-16 03:47:56.821 UTC 00cc INFO[0m [Consensus4] [34;1mprocessCommits[0m -> 4 collected 2 commits from [3 2]
2026-09-16T03:47:56.821586318Z [34m2026-09-16 03:47:56.821 UTC 00fc INFO[0m [Consensus1] [34;1mprepared[0m -> 1 processed commits for proposal with seq 24
2026-09-16T03:47:56.821587110Z [34m2026-09-16 03:47:56.821 UTC 00cd INFO[0m [Consensus4] [34;1mprepared[0m -> 4 processed commits for proposal with seq 24
2026-09-16T03:47:56.821587785Z [34m2026-09-16 03:47:56.821 UTC 00fd INFO[0m [Consensus1] [34;1mdecide[0m -> Deciding on seq 24
2026-09-16T03:47:56.821588523Z [34m2026-09-16 03:47:56.821 UTC 00ce INFO[0m [Consensus4] [34;1mdecide[0m -> Deciding on seq 24
2026-09-16T03:47:56.821589169Z [34m2026-09-16 03:47:56.821 UTC 00fe INFO[0m [Consensus1] [34;1mstartNextSeq[0m -> Sequence: 24-->25
2026-09-16T03:47:56.821589806Z [34m2026-09-16 03:47:56.821 UTC 00cf INFO[0m [Consensus4] [34;1mstartNextSeq[0m -> Sequence: 24-->25
2026-09-16T03:47:56.821823920Z [34m2026-09-16 03:47:56.821 UTC 00ca INFO[0m [Consensus2] [34;1mprocessCommits[0m -> 2 collected 2 commits from [4 1]
2026-09-16T03:47:56.821833002Z [34m2026-09-16 03:47:56.821 UTC 00cb INFO[0m [Consensus2] [34;1mprepared[0m -> 2 processed commits for proposal with seq 24
2026-09-16T03:47:56.821834341Z [34m2026-09-16 03:47:56.821 UTC 00cc INFO[0m [Consensus2] [34;1mdecide[0m -> Deciding on seq 24
2026-09-16T03:47:56.821835241Z [34m2026-09-16 03:47:56.821 UTC 00cd INFO[0m [Consensus2] [34;1mstartNextSeq[0m -> Sequence: 24-->25
2026-09-16T03:47:56.826080660Z [34m2026-09-16 03:47:56.825 UTC 009d INFO[0m [Assembler2] [34;1mfunc3[0m -> Decision 24, with 1 AvailableCommonBlocks
2026-09-16T03:47:56.826092242Z [34m2026-09-16 03:47:56.826 UTC 009e INFO[0m [Assembler2] [34;1mfunc3[0m -> BA index: 0; BatchID: Sh,Pr,Sq,Dg: <1,2,23,69c8071c32715817c4418308c01882e7ac7ee5e611514f555da55f2a6ca407a8>; Common Block: Number: 24, PreviousHash: 7a50ea2b8947df9364179e01744623f468a3cd23d9cbe4a8d906fd0f76367330, DataHash: 69c8071c32715817c4418308c01882e7ac7ee5e611514f555da55f2a6ca407a8; BA block signers: [4 1 2]
2026-09-16T03:47:56.826258029Z [34m2026-09-16 03:47:56.826 UTC 009d INFO[0m [Assembler4] [34;1mfunc3[0m -> Decision 24, with 1 AvailableCommonBlocks
2026-09-16T03:47:56.826448968Z [34m2026-09-16 03:47:56.826 UTC 009e INFO[0m [Assembler4] [34;1mfunc3[0m -> BA index: 0; BatchID: Sh,Pr,Sq,Dg: <1,2,23,69c8071c32715817c4418308c01882e7ac7ee5e611514f555da55f2a6ca407a8>; Common Block: Number: 24, PreviousHash: 7a50ea2b8947df9364179e01744623f468a3cd23d9cbe4a8d906fd0f76367330, DataHash: 69c8071c32715817c4418308c01882e7ac7ee5e611514f555da55f2a6ca407a8; BA block signers: [3 2 4]
2026-09-16T03:47:56.826454344Z [34m2026-09-16 03:47:56.826 UTC 009d INFO[0m [Assembler3] [34;1mfunc3[0m -> Decision 24, with 1 AvailableCommonBlocks
2026-09-16T03:47:56.826456086Z [34m2026-09-16 03:47:56.826 UTC 009e INFO[0m [Assembler3] [34;1mfunc3[0m -> BA index: 0; BatchID: Sh,Pr,Sq,Dg: <1,2,23,69c8071c32715817c4418308c01882e7ac7ee5e611514f555da55f2a6ca407a8>; Common Block: Number: 24, PreviousHash: 7a50ea2b8947df9364179e01744623f468a3cd23d9cbe4a8d906fd0f76367330, DataHash: 69c8071c32715817c4418308c01882e7ac7ee5e611514f555da55f2a6ca407a8; BA block signers: [4 1 3]
2026-09-16T03:47:56.826672167Z [34m2026-09-16 03:47:56.826 UTC 009d INFO[0m [Assembler1] [34;1mfunc3[0m -> Decision 24, with 1 AvailableCommonBlocks
2026-09-16T03:47:56.826689688Z [34m2026-09-16 03:47:56.826 UTC 009e INFO[0m [Assembler1] [34;1mfunc3[0m -> BA index: 0; BatchID: Sh,Pr,Sq,Dg: <1,2,23,69c8071c32715817c4418308c01882e7ac7ee5e611514f555da55f2a6ca407a8>; Common Block: Number: 24, PreviousHash: 7a50ea2b8947df9364179e01744623f468a3cd23d9cbe4a8d906fd0f76367330, DataHash: 69c8071c32715817c4418308c01882e7ac7ee5e611514f555da55f2a6ca407a8; BA block signers: [2 3 1]
2026-09-16T03:47:56.830003696Z [34m2026-09-16 03:47:56.829 UTC 009f INFO[0m [Assembler2] [34;1mfunc1[0m -> Appended block 24 of 50 requests to ledger in 3.867577ms
2026-09-16T03:47:56.830015662Z [34m2026-09-16 03:47:56.829 UTC 009f INFO[0m [Assembler4] [34;1mfunc1[0m -> Appended block 24 of 50 requests to ledger in 3.718104ms
2026-09-16T03:47:56.830016920Z [34m2026-09-16 03:47:56.829 UTC 009f INFO[0m [Assembler1] [34;1mfunc1[0m -> Appended block 24 of 50 requests to ledger in 3.338786ms
2026-09-16T03:47:56.830017740Z [34m2026-09-16 03:47:56.829 UTC 009f INFO[0m [Assembler3] [34;1mfunc1[0m -> Appended block 24 of 50 requests to ledger in 3.61402ms
2026-09-16T03:47:57.411904356Z [34m2026-09-16 03:47:57.411 UTC 00e8 INFO[0m [Batcher1Shard1] [34;1mtrackMetrics[0m -> BATCHER_METRICS party_id=1, shard_id=1, role=secondary, interval_s=10.00, batches_created_interval=10, batches_created_rate=1.0000, batches_created_total=24, batches_pulled_interval=10, batches_pulled_rate=1.0000, batches_pulled_total=24, first_resends_interval=0, first_resends_rate=0.0000, first_resends_total=0, txs_total=1123, mempool_size=42, router_txs_total=1165, role_changes_total=0, complaints_total=0, batch_mempool_next_requests_latency_avg_seconds=0.000000, batch_verify_latency_avg_seconds=0.000183, batch_hashing_latency_avg_seconds=0.000005, batch_ledger_header_hashing_latency_avg_seconds=0.000004, batch_ledger_append_latency_avg_seconds=0.003731
2026-09-16T03:47:57.412864137Z [34m2026-09-16 03:47:57.412 UTC 00e8 INFO[0m [Batcher4Shard1] [34;1mtrackMetrics[0m -> BATCHER_METRICS party_id=4, shard_id=1, role=secondary, interval_s=10.00, batches_created_interval=10, batches_created_rate=1.0000, batches_created_total=24, batches_pulled_interval=10, batches_pulled_rate=1.0000, batches_pulled_total=24, first_resends_interval=0, first_resends_rate=0.0000, first_resends_total=0, txs_total=1123, mempool_size=42, router_txs_total=1165, role_changes_total=0, complaints_total=0, batch_mempool_next_requests_latency_avg_seconds=0.000000, batch_verify_latency_avg_seconds=0.000186, batch_hashing_latency_avg_seconds=0.000005, batch_ledger_header_hashing_latency_avg_seconds=0.000003, batch_ledger_append_latency_avg_seconds=0.004133
2026-09-16T03:47:57.412871311Z [34m2026-09-16 03:47:57.412 UTC 00d0 INFO[0m [Batcher2Shard1] [34;1mtrackMetrics[0m -> BATCHER_METRICS party_id=2, shard_id=1, role=primary, interval_s=10.00, batches_created_interval=10, batches_created_rate=1.0000, batches_created_total=24, batches_pulled_interval=0, batches_pulled_rate=0.0000, batches_pulled_total=0, first_resends_interval=0, first_resends_rate=0.0000, first_resends_total=0, txs_total=1123, mempool_size=42, router_txs_total=1165, role_changes_total=0, complaints_total=0, batch_mempool_next_requests_latency_avg_seconds=1.000660, batch_verify_latency_avg_seconds=0.000000, batch_hashing_latency_avg_seconds=0.000010, batch_ledger_header_hashing_latency_avg_seconds=0.000003, batch_ledger_append_latency_avg_seconds=0.003599
2026-09-16T03:47:57.413776494Z [34m2026-09-16 03:47:57.413 UTC 00e8 INFO[0m [Batcher3Shard1] [34;1mtrackMetrics[0m -> BATCHER_METRICS party_id=3, shard_id=1, role=secondary, interval_s=10.00, batches_created_interval=10, batches_created_rate=1.0000, batches_created_total=24, batches_pulled_interval=10, batches_pulled_rate=1.0000, batches_pulled_total=24, first_resends_interval=0, first_resends_rate=0.0000, first_resends_total=0, txs_total=1123, mempool_size=42, router_txs_total=1165, role_changes_total=0, complaints_total=0, batch_mempool_next_requests_latency_avg_seconds=0.000000, batch_verify_latency_avg_seconds=0.000195, batch_hashing_latency_avg_seconds=0.000006, batch_ledger_header_hashing_latency_avg_seconds=0.000006, batch_ledger_append_latency_avg_seconds=0.003988
2026-09-16T03:47:57.588411933Z [34m2026-09-16 03:47:57.588 UTC 00d1 INFO[0m [Batcher2Shard1] [34;1mrunPrimary[0m -> Batcher batched a total of 52 requests for sequence 24
2026-09-16T03:47:57.591557823Z [34m2026-09-16 03:47:57.591 UTC 00d2 INFO[0m [Batcher2Shard1] [34;1mSendBAF[0m -> Sending batch attestation fragment for seq 24 with digest 95ce113354a4224a7df290e8b8346f618cd9c269e056562b7c8f0ecab8ffc2d2
2026-09-16T03:47:57.591567543Z [34m2026-09-16 03:47:57.591 UTC 00d3 INFO[0m [Batcher2Shard1] [34;1mfunc1[0m -> Sending control event took 21.209µs
2026-09-16T03:47:57.591621427Z [34m2026-09-16 03:47:57.591 UTC 00d4 INFO[0m [Batcher2Shard1] [34;1mfunc1[0m -> Sending control event took 11.419µs
2026-09-16T03:47:57.591627959Z [34m2026-09-16 03:47:57.591 UTC 00d5 INFO[0m [Batcher2Shard1] [34;1mfunc1[0m -> Sending control event took 12.953µs
2026-09-16T03:47:57.591629542Z [34m2026-09-16 03:47:57.591 UTC 00d6 INFO[0m [Batcher2Shard1] [34;1mfunc1[0m -> Sending control event took 3.939µs
2026-09-16T03:47:57.591630718Z [34m2026-09-16 03:47:57.591 UTC 00d7 INFO[0m [Batcher2Shard1] [34;1mBroadcastControlEvent[0m -> Control event sent to quorum (4 out of 4)
2026-09-16T03:47:57.591844040Z [34m2026-09-16 03:47:57.591 UTC 00e9 INFO[0m [Batcher3Shard1] [34;1mfunc3[0m -> [shard1party2-arma] Fetched batch 24 with 52 transactions
2026-09-16T03:47:57.591851300Z [34m2026-09-16 03:47:57.591 UTC 00e9 INFO[0m [Batcher4Shard1] [34;1mfunc3[0m -> [shard1party2-arma] Fetched batch 24 with 52 transactions
2026-09-16T03:47:57.591852738Z [34m2026-09-16 03:47:57.591 UTC 00a0 INFO[0m [Assembler2] [34;1mfunc3[0m -> Assembler pulled from 172.29.0.10:6124 batch Sh,Pr,Sq,Dg: <1,2,24,95ce113354a4224a7df290e8b8346f618cd9c269e056562b7c8f0ecab8ffc2d2>
2026-09-16T03:47:57.591857447Z [34m2026-09-16 03:47:57.591 UTC 00e9 INFO[0m [Batcher1Shard1] [34;1mfunc3[0m -> [shard1party2-arma] Fetched batch 24 with 52 transactions
2026-09-16T03:47:57.591858439Z [34m2026-09-16 03:47:57.591 UTC 00ea INFO[0m [Batcher3Shard1] [34;1mrunSecondary[0m -> Secondary batcher 3 (shard 1; current primary 2) appending to ledger batch with seq 24 and 52 requests
2026-09-16T03:47:57.591919703Z [34m2026-09-16 03:47:57.591 UTC 00ea INFO[0m [Batcher4Shard1] [34;1mrunSecondary[0m -> Secondary batcher 4 (shard 1; current primary 2) appending to ledger batch with seq 24 and 52 requests
2026-09-16T03:47:57.591991553Z [34m2026-09-16 03:47:57.591 UTC 00ea INFO[0m [Batcher1Shard1] [34;1mrunSecondary[0m -> Secondary batcher 1 (shard 1; current primary 2) appending to ledger batch with seq 24 and 52 requests
2026-09-16T03:47:57.595188909Z [34m2026-09-16 03:47:57.595 UTC 00eb INFO[0m [Batcher4Shard1] [34;1mSendBAF[0m -> Sending batch attestation fragment for seq 24 with digest 95ce113354a4224a7df290e8b8346f618cd9c269e056562b7c8f0ecab8ffc2d2
2026-09-16T03:47:57.595201515Z [34m2026-09-16 03:47:57.595 UTC 00eb INFO[0m [Batcher3Shard1] [34;1mSendBAF[0m -> Sending batch attestation fragment for seq 24 with digest 95ce113354a4224a7df290e8b8346f618cd9c269e056562b7c8f0ecab8ffc2d2
2026-09-16T03:47:57.595203409Z [34m2026-09-16 03:47:57.595 UTC 00ec INFO[0m [Batcher4Shard1] [34;1mfunc1[0m -> Sending control event took 9.711µs
2026-09-16T03:47:57.595204667Z [34m2026-09-16 03:47:57.595 UTC 00ec INFO[0m [Batcher3Shard1] [34;1mfunc1[0m -> Sending control event took 9.317µs
2026-09-16T03:47:57.595213416Z [34m2026-09-16 03:47:57.595 UTC 00ed INFO[0m [Batcher4Shard1] [34;1mfunc1[0m -> Sending control event took 2.686µs
2026-09-16T03:47:57.595218996Z [34m2026-09-16 03:47:57.595 UTC 00ed INFO[0m [Batcher3Shard1] [34;1mfunc1[0m -> Sending control event took 3.204µs
2026-09-16T03:47:57.595285200Z [34m2026-09-16 03:47:57.595 UTC 00ee INFO[0m [Batcher3Shard1] [34;1mfunc1[0m -> Sending control event took 6.905µs
2026-09-16T03:47:57.595291544Z [34m2026-09-16 03:47:57.595 UTC 00ee INFO[0m [Batcher4Shard1] [34;1mfunc1[0m -> Sending control event took 11.387µs
2026-09-16T03:47:57.595292966Z [34m2026-09-16 03:47:57.595 UTC 00ef INFO[0m [Batcher3Shard1] [34;1mfunc1[0m -> Sending control event took 2.685µs
2026-09-16T03:47:57.595293935Z [34m2026-09-16 03:47:57.595 UTC 00f0 INFO[0m [Batcher3Shard1] [34;1mBroadcastControlEvent[0m -> Control event sent to quorum (4 out of 4)
2026-09-16T03:47:57.595294721Z [34m2026-09-16 03:47:57.595 UTC 00ef INFO[0m [Batcher4Shard1] [34;1mfunc1[0m -> Sending control event took 5.82µs
2026-09-16T03:47:57.595295508Z [34m2026-09-16 03:47:57.595 UTC 00f0 INFO[0m [Batcher4Shard1] [34;1mBroadcastControlEvent[0m -> Control event sent to quorum (4 out of 4)
2026-09-16T03:47:57.595496517Z [34m2026-09-16 03:47:57.595 UTC 00a0 INFO[0m [Assembler4] [34;1mfunc3[0m -> Assembler pulled from 172.29.0.10:6324 batch Sh,Pr,Sq,Dg: <1,2,24,95ce113354a4224a7df290e8b8346f618cd9c269e056562b7c8f0ecab8ffc2d2>
2026-09-16T03:47:57.595505393Z [34m2026-09-16 03:47:57.595 UTC 00a0 INFO[0m [Assembler3] [34;1mfunc3[0m -> Assembler pulled from 172.29.0.10:6224 batch Sh,Pr,Sq,Dg: <1,2,24,95ce113354a4224a7df290e8b8346f618cd9c269e056562b7c8f0ecab8ffc2d2>
2026-09-16T03:47:57.596938051Z [34m2026-09-16 03:47:57.596 UTC 00eb INFO[0m [Batcher1Shard1] [34;1mSendBAF[0m -> Sending batch attestation fragment for seq 24 with digest 95ce113354a4224a7df290e8b8346f618cd9c269e056562b7c8f0ecab8ffc2d2
2026-09-16T03:47:57.596950662Z [34m2026-09-16 03:47:57.596 UTC 00ec INFO[0m [Batcher1Shard1] [34;1mfunc1[0m -> Sending control event took 8.482µs
2026-09-16T03:47:57.596952407Z [34m2026-09-16 03:47:57.596 UTC 00ed INFO[0m [Batcher1Shard1] [34;1mfunc1[0m -> Sending control event took 2.54µs
2026-09-16T03:47:57.596953480Z [34m2026-09-16 03:47:57.596 UTC 00ee INFO[0m [Batcher1Shard1] [34;1mfunc1[0m -> Sending control event took 10.877µs
2026-09-16T03:47:57.596954250Z [34m2026-09-16 03:47:57.596 UTC 00ef INFO[0m [Batcher1Shard1] [34;1mfunc1[0m -> Sending control event took 10.124µs
2026-09-16T03:47:57.596954973Z [34m2026-09-16 03:47:57.596 UTC 00f0 INFO[0m [Batcher1Shard1] [34;1mBroadcastControlEvent[0m -> Control event sent to quorum (4 out of 4)
2026-09-16T03:47:57.597051160Z [34m2026-09-16 03:47:57.596 UTC 00a0 INFO[0m [Assembler1] [34;1mfunc3[0m -> Assembler pulled from 172.29.0.10:6024 batch Sh,Pr,Sq,Dg: <1,2,24,95ce113354a4224a7df290e8b8346f618cd9c269e056562b7c8f0ecab8ffc2d2>
2026-09-16T03:47:57.827560598Z [34m2026-09-16 03:47:57.827 UTC 00ff INFO[0m [Consensus1] [34;1mAssembleProposal[0m -> Creating proposal with 1 attestations and new state: State{N: 4, Quorum: 3, Threshold: 2, ShardCount: 1, 
2026-09-16T03:47:57.827580293Z Pending: none, 
2026-09-16T03:47:57.827581787Z Complaints: none}
2026-09-16T03:47:57.827582768Z [34m2026-09-16 03:47:57.827 UTC 0100 INFO[0m [Consensus1] [34;1mAssembleProposal[0m -> Proposing available common data block: number=25, prevHash=164e79c832e655e0333a715ddc39f29f26fcb77384abddce260d1dfe880f4942, dataHash=95ce113354a4224a7df290e8b8346f618cd9c269e056562b7c8f0ecab8ffc2d2, numOfReqs=52, decisionNum=25, blockIndex=0/1, lastConfigBlockNum=0
2026-09-16T03:47:57.830170656Z [34m2026-09-16 03:47:57.830 UTC 0101 INFO[0m [Consensus1] [34;1mprocessProposal[0m -> Processed proposal with seq 25
2026-09-16T03:47:57.832859289Z [34m2026-09-16 03:47:57.832 UTC 00d0 INFO[0m [Consensus4] [34;1mprocessProposal[0m -> Processed proposal with seq 25
2026-09-16T03:47:57.832865921Z [34m2026-09-16 03:47:57.832 UTC 00ce INFO[0m [Consensus2] [34;1mprocessProposal[0m -> Processed proposal with seq 25
2026-09-16T03:47:57.833178362Z [34m2026-09-16 03:47:57.832 UTC 00ce INFO[0m [Consensus3] [34;1mprocessProposal[0m -> Processed proposal with seq 25
2026-09-16T03:47:57.833189432Z [34m2026-09-16 03:47:57.832 UTC 00d1 INFO[0m [Consensus4] [34;1mprocessPrepares[0m -> 4 collected 2 prepares from [1 2]
2026-09-16T03:47:57.833192027Z [34m2026-09-16 03:47:57.832 UTC 00cf INFO[0m [Consensus3] [34;1mprocessPrepares[0m -> 3 collected 2 prepares from [1 4]
2026-09-16T03:47:57.833193932Z [34m2026-09-16 03:47:57.833 UTC 0102 INFO[0m [Consensus1] [34;1mprocessPrepares[0m -> 1 collected 2 prepares from [3 2]
2026-09-16T03:47:57.833210852Z [34m2026-09-16 03:47:57.833 UTC 00cf INFO[0m [Consensus2] [34;1mprocessPrepares[0m -> 2 collected 2 prepares from [1 4]
2026-09-16T03:47:57.834872155Z [34m2026-09-16 03:47:57.834 UTC 00d0 INFO[0m [Consensus2] [34;1mprocessPrepares[0m -> Processed prepares for proposal with seq 25
2026-09-16T03:47:57.834881855Z [34m2026-09-16 03:47:57.834 UTC 0103 INFO[0m [Consensus1] [34;1mprocessPrepares[0m -> Processed prepares for proposal with seq 25
2026-09-16T03:47:57.834883083Z [34m2026-09-16 03:47:57.834 UTC 00d2 INFO[0m [Consensus4] [34;1mprocessPrepares[0m -> Processed prepares for proposal with seq 25
2026-09-16T03:47:57.835360103Z [34m2026-09-16 03:47:57.835 UTC 0104 INFO[0m [Consensus1] [34;1mprocessCommits[0m -> 1 collected 2 commits from [4 2]
2026-09-16T03:47:57.835366512Z [34m2026-09-16 03:47:57.835 UTC 0105 INFO[0m [Consensus1] [34;1mprepared[0m -> 1 processed commits for proposal with seq 25
2026-09-16T03:47:57.835367866Z [34m2026-09-16 03:47:57.835 UTC 0106 INFO[0m [Consensus1] [34;1mdecide[0m -> Deciding on seq 25
2026-09-16T03:47:57.835368782Z [34m2026-09-16 03:47:57.835 UTC 0107 INFO[0m [Consensus1] [34;1mstartNextSeq[0m -> Sequence: 25-->26
2026-09-16T03:47:57.835369570Z [34m2026-09-16 03:47:57.835 UTC 00d1 INFO[0m [Consensus2] [34;1mprocessCommits[0m -> 2 collected 2 commits from [4 1]
2026-09-16T03:47:57.835370352Z [34m2026-09-16 03:47:57.835 UTC 00d2 INFO[0m [Consensus2] [34;1mprepared[0m -> 2 processed commits for proposal with seq 25
2026-09-16T03:47:57.835371114Z [34m2026-09-16 03:47:57.835 UTC 00d3 INFO[0m [Consensus2] [34;1mdecide[0m -> Deciding on seq 25
2026-09-16T03:47:57.835371775Z [34m2026-09-16 03:47:57.835 UTC 00d4 INFO[0m [Consensus2] [34;1mstartNextSeq[0m -> Sequence: 25-->26
2026-09-16T03:47:57.835372422Z [34m2026-09-16 03:47:57.835 UTC 00d3 INFO[0m [Consensus4] [34;1mprocessCommits[0m -> 4 collected 2 commits from [1 2]
2026-09-16T03:47:57.835373083Z [34m2026-09-16 03:47:57.835 UTC 00d4 INFO[0m [Consensus4] [34;1mprepared[0m -> 4 processed commits for proposal with seq 25
2026-09-16T03:47:57.835373756Z [34m2026-09-16 03:47:57.835 UTC 00d5 INFO[0m [Consensus4] [34;1mdecide[0m -> Deciding on seq 25
2026-09-16T03:47:57.835374478Z [34m2026-09-16 03:47:57.835 UTC 00d6 INFO[0m [Consensus4] [34;1mstartNextSeq[0m -> Sequence: 25-->26
2026-09-16T03:47:57.836199442Z [34m2026-09-16 03:47:57.836 UTC 00d0 INFO[0m [Consensus3] [34;1mprocessPrepares[0m -> Processed prepares for proposal with seq 25
2026-09-16T03:47:57.836446689Z [34m2026-09-16 03:47:57.836 UTC 00d1 INFO[0m [Consensus3] [34;1mprocessCommits[0m -> 3 collected 2 commits from [2 1]
2026-09-16T03:47:57.836452284Z [34m2026-09-16 03:47:57.836 UTC 00d2 INFO[0m [Consensus3] [34;1mprepared[0m -> 3 processed commits for proposal with seq 25
2026-09-16T03:47:57.836460974Z [34m2026-09-16 03:47:57.836 UTC 00d3 INFO[0m [Consensus3] [34;1mdecide[0m -> Deciding on seq 25
2026-09-16T03:47:57.836462432Z [34m2026-09-16 03:47:57.836 UTC 00d4 INFO[0m [Consensus3] [34;1mstartNextSeq[0m -> Sequence: 25-->26
2026-09-16T03:47:57.839402725Z [34m2026-09-16 03:47:57.839 UTC 00a1 INFO[0m [Assembler2] [34;1mfunc3[0m -> Decision 25, with 1 AvailableCommonBlocks
2026-09-16T03:47:57.839426890Z [34m2026-09-16 03:47:57.839 UTC 00a2 INFO[0m [Assembler2] [34;1mfunc3[0m -> BA index: 0; BatchID: Sh,Pr,Sq,Dg: <1,2,24,95ce113354a4224a7df290e8b8346f618cd9c269e056562b7c8f0ecab8ffc2d2>; Common Block: Number: 25, PreviousHash: 164e79c832e655e0333a715ddc39f29f26fcb77384abddce260d1dfe880f4942, DataHash: 95ce113354a4224a7df290e8b8346f618cd9c269e056562b7c8f0ecab8ffc2d2; BA block signers: [4 1 2]
2026-09-16T03:47:57.839429040Z [34m2026-09-16 03:47:57.839 UTC 00a1 INFO[0m [Assembler4] [34;1mfunc3[0m -> Decision 25, with 1 AvailableCommonBlocks
2026-09-16T03:47:57.839430180Z [34m2026-09-16 03:47:57.839 UTC 00a2 INFO[0m [Assembler4] [34;1mfunc3[0m -> BA index: 0; BatchID: Sh,Pr,Sq,Dg: <1,2,24,95ce113354a4224a7df290e8b8346f618cd9c269e056562b7c8f0ecab8ffc2d2>; Common Block: Number: 25, PreviousHash: 164e79c832e655e0333a715ddc39f29f26fcb77384abddce260d1dfe880f4942, DataHash: 95ce113354a4224a7df290e8b8346f618cd9c269e056562b7c8f0ecab8ffc2d2; BA block signers: [1 2 4]
2026-09-16T03:47:57.839571762Z [34m2026-09-16 03:47:57.839 UTC 00a1 INFO[0m [Assembler1] [34;1mfunc3[0m -> Decision 25, with 1 AvailableCommonBlocks
2026-09-16T03:47:57.839577165Z [34m2026-09-16 03:47:57.839 UTC 00a2 INFO[0m [Assembler1] [34;1mfunc3[0m -> BA index: 0; BatchID: Sh,Pr,Sq,Dg: <1,2,24,95ce113354a4224a7df290e8b8346f618cd9c269e056562b7c8f0ecab8ffc2d2>; Common Block: Number: 25, PreviousHash: 164e79c832e655e0333a715ddc39f29f26fcb77384abddce260d1dfe880f4942, DataHash: 95ce113354a4224a7df290e8b8346f618cd9c269e056562b7c8f0ecab8ffc2d2; BA block signers: [4 2 1]
2026-09-16T03:47:57.840662889Z [34m2026-09-16 03:47:57.840 UTC 00a1 INFO[0m [Assembler3] [34;1mfunc3[0m -> Decision 25, with 1 AvailableCommonBlocks
2026-09-16T03:47:57.840672955Z [34m2026-09-16 03:47:57.840 UTC 00a2 INFO[0m [Assembler3] [34;1mfunc3[0m -> BA index: 0; BatchID: Sh,Pr,Sq,Dg: <1,2,24,95ce113354a4224a7df290e8b8346f618cd9c269e056562b7c8f0ecab8ffc2d2>; Common Block: Number: 25, PreviousHash: 164e79c832e655e0333a715ddc39f29f26fcb77384abddce260d1dfe880f4942, DataHash: 95ce113354a4224a7df290e8b8346f618cd9c269e056562b7c8f0ecab8ffc2d2; BA block signers: [2 1 3]
2026-09-16T03:47:57.844837523Z [34m2026-09-16 03:47:57.844 UTC 00a3 INFO[0m [Assembler1] [34;1mfunc1[0m -> Appended block 25 of 52 requests to ledger in 5.171424ms
2026-09-16T03:47:57.844848845Z [34m2026-09-16 03:47:57.844 UTC 00a3 INFO[0m [Assembler4] [34;1mfunc1[0m -> Appended block 25 of 52 requests to ledger in 5.35822ms
2026-09-16T03:47:57.844850684Z [34m2026-09-16 03:47:57.844 UTC 00a3 INFO[0m [Assembler2] [34;1mfunc1[0m -> Appended block 25 of 52 requests to ledger in 5.41964ms
2026-09-16T03:47:57.845826966Z [34m2026-09-16 03:47:57.845 UTC 00a3 INFO[0m [Assembler3] [34;1mfunc1[0m -> Appended block 25 of 52 requests to ledger in 5.195766ms
2026-09-16T03:47:58.591782318Z [34m2026-09-16 03:47:58.591 UTC 00d8 INFO[0m [Batcher2Shard1] [34;1mrunPrimary[0m -> Batcher batched a total of 50 requests for sequence 25
2026-09-16T03:47:58.595371716Z [34m2026-09-16 03:47:58.595 UTC 00d9 INFO[0m [Batcher2Shard1] [34;1mSendBAF[0m -> Sending batch attestation fragment for seq 25 with digest d922af9e9adc8385491bd8946ca5f717ba76e270829c96113a2821ee31187f4a
2026-09-16T03:47:58.595383200Z [34m2026-09-16 03:47:58.595 UTC 00da INFO[0m [Batcher2Shard1] [34;1mfunc1[0m -> Sending control event took 21.91µs
2026-09-16T03:47:58.595385711Z [34m2026-09-16 03:47:58.595 UTC 00db INFO[0m [Batcher2Shard1] [34;1mfunc1[0m -> Sending control event took 13.47µs
2026-09-16T03:47:58.595386944Z [34m2026-09-16 03:47:58.595 UTC 00dc INFO[0m [Batcher2Shard1] [34;1mfunc1[0m -> Sending control event took 4.151µs
2026-09-16T03:47:58.595756098Z [34m2026-09-16 03:47:58.595 UTC 00dd INFO[0m [Batcher2Shard1] [34;1mfunc1[0m -> Sending control event took 4.654µs
2026-09-16T03:47:58.595769005Z [34m2026-09-16 03:47:58.595 UTC 00de INFO[0m [Batcher2Shard1] [34;1mBroadcastControlEvent[0m -> Control event sent to quorum (4 out of 4)
2026-09-16T03:47:58.595770859Z [34m2026-09-16 03:47:58.595 UTC 00f1 INFO[0m [Batcher4Shard1] [34;1mfunc3[0m -> [shard1party2-arma] Fetched batch 25 with 50 transactions
2026-09-16T03:47:58.595771928Z [34m2026-09-16 03:47:58.595 UTC 00a4 INFO[0m [Assembler2] [34;1mfunc3[0m -> Assembler pulled from 172.29.0.10:6124 batch Sh,Pr,Sq,Dg: <1,2,25,d922af9e9adc8385491bd8946ca5f717ba76e270829c96113a2821ee31187f4a>
2026-09-16T03:47:58.595773391Z [34m2026-09-16 03:47:58.595 UTC 00f2 INFO[0m [Batcher4Shard1] [34;1mrunSecondary[0m -> Secondary batcher 4 (shard 1; current primary 2) appending to ledger batch with seq 25 and 50 requests
2026-09-16T03:47:58.595774274Z [34m2026-09-16 03:47:58.595 UTC 00f1 INFO[0m [Batcher1Shard1] [34;1mfunc3[0m -> [shard1party2-arma] Fetched batch 25 with 50 transactions
2026-09-16T03:47:58.595775014Z [34m2026-09-16 03:47:58.595 UTC 00f1 INFO[0m [Batcher3Shard1] [34;1mfunc3[0m -> [shard1party2-arma] Fetched batch 25 with 50 transactions
2026-09-16T03:47:58.595962304Z [34m2026-09-16 03:47:58.595 UTC 00f2 INFO[0m [Batcher1Shard1] [34;1mrunSecondary[0m -> Secondary batcher 1 (shard 1; current primary 2) appending to ledger batch with seq 25 and 50 requests
2026-09-16T03:47:58.595968614Z [34m2026-09-16 03:47:58.595 UTC 00f2 INFO[0m [Batcher3Shard1] [34;1mrunSecondary[0m -> Secondary batcher 3 (shard 1; current primary 2) appending to ledger batch with seq 25 and 50 requests
2026-09-16T03:47:58.599073417Z [34m2026-09-16 03:47:58.598 UTC 00f3 INFO[0m [Batcher4Shard1] [34;1mSendBAF[0m -> Sending batch attestation fragment for seq 25 with digest d922af9e9adc8385491bd8946ca5f717ba76e270829c96113a2821ee31187f4a
2026-09-16T03:47:58.599082415Z [34m2026-09-16 03:47:58.599 UTC 00f4 INFO[0m [Batcher4Shard1] [34;1mfunc1[0m -> Sending control event took 11.034µs
2026-09-16T03:47:58.599097942Z [34m2026-09-16 03:47:58.599 UTC 00f5 INFO[0m [Batcher4Shard1] [34;1mfunc1[0m -> Sending control event took 2.953µs
2026-09-16T03:47:58.599102750Z [34m2026-09-16 03:47:58.599 UTC 00f6 INFO[0m [Batcher4Shard1] [34;1mfunc1[0m -> Sending control event took 2.354µs
2026-09-16T03:47:58.599104238Z [34m2026-09-16 03:47:58.599 UTC 00f7 INFO[0m [Batcher4Shard1] [34;1mfunc1[0m -> Sending control event took 1.968µs
2026-09-16T03:47:58.599256615Z [34m2026-09-16 03:47:58.599 UTC 00f8 INFO[0m [Batcher4Shard1] [34;1mBroadcastControlEvent[0m -> Control event sent to quorum (4 out of 4)
2026-09-16T03:47:58.599262957Z [34m2026-09-16 03:47:58.599 UTC 00a4 INFO[0m [Assembler4] [34;1mfunc3[0m -> Assembler pulled from 172.29.0.10:6324 batch Sh,Pr,Sq,Dg: <1,2,25,d922af9e9adc8385491bd8946ca5f717ba76e270829c96113a2821ee31187f4a>
2026-09-16T03:47:58.599992602Z [34m2026-09-16 03:47:58.599 UTC 00f3 INFO[0m [Batcher1Shard1] [34;1mSendBAF[0m -> Sending batch attestation fragment for seq 25 with digest d922af9e9adc8385491bd8946ca5f717ba76e270829c96113a2821ee31187f4a
2026-09-16T03:47:58.599997806Z [34m2026-09-16 03:47:58.599 UTC 00f3 INFO[0m [Batcher3Shard1] [34;1mSendBAF[0m -> Sending batch attestation fragment for seq 25 with digest d922af9e9adc8385491bd8946ca5f717ba76e270829c96113a2821ee31187f4a
2026-09-16T03:47:58.599999211Z [34m2026-09-16 03:47:58.599 UTC 00f4 INFO[0m [Batcher1Shard1] [34;1mfunc1[0m -> Sending control event took 9.483µs
2026-09-16T03:47:58.600000592Z [34m2026-09-16 03:47:58.599 UTC 00f4 INFO[0m [Batcher3Shard1] [34;1mfunc1[0m -> Sending control event took 9.635µs
2026-09-16T03:47:58.600001468Z [34m2026-09-16 03:47:58.599 UTC 00f5 INFO[0m [Batcher1Shard1] [34;1mfunc1[0m -> Sending control event took 2.482µs
2026-09-16T03:47:58.600197849Z [34m2026-09-16 03:47:58.599 UTC 00f6 INFO[0m [Batcher1Shard1] [34;1mfunc1[0m -> Sending control event took 8.432µs
2026-09-16T03:47:58.600203468Z [34m2026-09-16 03:47:58.599 UTC 00f7 INFO[0m [Batcher1Shard1] [34;1mfunc1[0m -> Sending control event took 2.58µs
2026-09-16T03:47:58.600205124Z [34m2026-09-16 03:47:58.599 UTC 00f8 INFO[0m [Batcher1Shard1] [34;1mBroadcastControlEvent[0m -> Control event sent to quorum (4 out of 4)
2026-09-16T03:47:58.600206266Z [34m2026-09-16 03:47:58.599 UTC 00f5 INFO[0m [Batcher3Shard1] [34;1mfunc1[0m -> Sending control event took 3.649µs
2026-09-16T03:47:58.600207167Z [34m2026-09-16 03:47:58.600 UTC 00f6 INFO[0m [Batcher3Shard1] [34;1mfunc1[0m -> Sending control event took 11.754µs
2026-09-16T03:47:58.600207886Z [34m2026-09-16 03:47:58.600 UTC 00f7 INFO[0m [Batcher3Shard1] [34;1mfunc1[0m -> Sending control event took 8.942µs
2026-09-16T03:47:58.600208566Z [34m2026-09-16 03:47:58.600 UTC 00f8 INFO[0m [Batcher3Shard1] [34;1mBroadcastControlEvent[0m -> Control event sent to quorum (4 out of 4)
2026-09-16T03:47:58.600312101Z [34m2026-09-16 03:47:58.600 UTC 00a4 INFO[0m [Assembler1] [34;1mfunc3[0m -> Assembler pulled from 172.29.0.10:6024 batch Sh,Pr,Sq,Dg: <1,2,25,d922af9e9adc8385491bd8946ca5f717ba76e270829c96113a2821ee31187f4a>
2026-09-16T03:47:58.600360832Z [34m2026-09-16 03:47:58.600 UTC 00a4 INFO[0m [Assembler3] [34;1mfunc3[0m -> Assembler pulled from 172.29.0.10:6224 batch Sh,Pr,Sq,Dg: <1,2,25,d922af9e9adc8385491bd8946ca5f717ba76e270829c96113a2821ee31187f4a>
2026-09-16T03:47:58.840007639Z [34m2026-09-16 03:47:58.839 UTC 0108 INFO[0m [Consensus1] [34;1mAssembleProposal[0m -> Creating proposal with 1 attestations and new state: State{N: 4, Quorum: 3, Threshold: 2, ShardCount: 1, 
2026-09-16T03:47:58.840041611Z Pending: none, 
2026-09-16T03:47:58.840045200Z Complaints: none}
2026-09-16T03:47:58.840048226Z [34m2026-09-16 03:47:58.839 UTC 0109 INFO[0m [Consensus1] [34;1mAssembleProposal[0m -> Proposing available common data block: number=26, prevHash=6b644fe77fa8455a9741e9cb46e78ab3402fc308cba3058a3fc290c5713c32f6, dataHash=d922af9e9adc8385491bd8946ca5f717ba76e270829c96113a2821ee31187f4a, numOfReqs=50, decisionNum=26, blockIndex=0/1, lastConfigBlockNum=0
2026-09-16T03:47:58.842149272Z [34m2026-09-16 03:47:58.841 UTC 010a INFO[0m [Consensus1] [34;1mprocessProposal[0m -> Processed proposal with seq 26
2026-09-16T03:47:58.843763371Z [34m2026-09-16 03:47:58.843 UTC 00d5 INFO[0m [Consensus2] [34;1mprocessProposal[0m -> Processed proposal with seq 26
2026-09-16T03:47:58.843770642Z [34m2026-09-16 03:47:58.843 UTC 00d5 INFO[0m [Consensus3] [34;1mprocessProposal[0m -> Processed proposal with seq 26
2026-09-16T03:47:58.844000680Z [34m2026-09-16 03:47:58.843 UTC 00d6 INFO[0m [Consensus3] [34;1mprocessPrepares[0m -> 3 collected 2 prepares from [1 2]
2026-09-16T03:47:58.844011905Z [34m2026-09-16 03:47:58.843 UTC 00d6 INFO[0m [Consensus2] [34;1mprocessPrepares[0m -> 2 collected 2 prepares from [1 3]
2026-09-16T03:47:58.844014063Z [34m2026-09-16 03:47:58.843 UTC 010b INFO[0m [Consensus1] [34;1mprocessPrepares[0m -> 1 collected 2 prepares from [2 3]
2026-09-16T03:47:58.844052142Z [34m2026-09-16 03:47:58.843 UTC 00d7 INFO[0m [Consensus4] [34;1mprocessProposal[0m -> Processed proposal with seq 26
2026-09-16T03:47:58.844184916Z [34m2026-09-16 03:47:58.844 UTC 00d8 INFO[0m [Consensus4] [34;1mprocessPrepares[0m -> 4 collected 2 prepares from [1 3]
2026-09-16T03:47:58.845406558Z [34m2026-09-16 03:47:58.845 UTC 010c INFO[0m [Consensus1] [34;1mprocessPrepares[0m -> Processed prepares for proposal with seq 26
2026-09-16T03:47:58.845415064Z [34m2026-09-16 03:47:58.845 UTC 00d7 INFO[0m [Consensus3] [34;1mprocessPrepares[0m -> Processed prepares for proposal with seq 26
2026-09-16T03:47:58.845417218Z [34m2026-09-16 03:47:58.845 UTC 00d7 INFO[0m [Consensus2] [34;1mprocessPrepares[0m -> Processed prepares for proposal with seq 26
2026-09-16T03:47:58.845780983Z [34m2026-09-16 03:47:58.845 UTC 00d8 INFO[0m [Consensus3] [34;1mprocessCommits[0m -> 3 collected 2 commits from [1 2]
2026-09-16T03:47:58.845794151Z [34m2026-09-16 03:47:58.845 UTC 00d9 INFO[0m [Consensus3] [34;1mprepared[0m -> 3 processed commits for proposal with seq 26
2026-09-16T03:47:58.845795640Z [34m2026-09-16 03:47:58.845 UTC 00da INFO[0m [Consensus3] [34;1mdecide[0m -> Deciding on seq 26
2026-09-16T03:47:58.845804733Z [34m2026-09-16 03:47:58.845 UTC 00db INFO[0m [Consensus3] [34;1mstartNextSeq[0m -> Sequence: 26-->27
2026-09-16T03:47:58.845806287Z [34m2026-09-16 03:47:58.845 UTC 010d INFO[0m [Consensus1] [34;1mprocessCommits[0m -> 1 collected 2 commits from [3 2]
2026-09-16T03:47:58.845807080Z [34m2026-09-16 03:47:58.845 UTC 010e INFO[0m [Consensus1] [34;1mprepared[0m -> 1 processed commits for proposal with seq 26
2026-09-16T03:47:58.845808254Z [34m2026-09-16 03:47:58.845 UTC 010f INFO[0m [Consensus1] [34;1mdecide[0m -> Deciding on seq 26
2026-09-16T03:47:58.845808943Z [34m2026-09-16 03:47:58.845 UTC 0110 INFO[0m [Consensus1] [34;1mstartNextSeq[0m -> Sequence: 26-->27
2026-09-16T03:47:58.845835646Z [34m2026-09-16 03:47:58.845 UTC 00d8 INFO[0m [Consensus2] [34;1mprocessCommits[0m -> 2 collected 2 commits from [1 3]
2026-09-16T03:47:58.845840812Z [34m2026-09-16 03:47:58.845 UTC 00d9 INFO[0m [Consensus2] [34;1mprepared[0m -> 2 processed commits for proposal with seq 26
2026-09-16T03:47:58.845841803Z [34m2026-09-16 03:47:58.845 UTC 00da INFO[0m [Consensus2] [34;1mdecide[0m -> Deciding on seq 26
2026-09-16T03:47:58.845842640Z [34m2026-09-16 03:47:58.845 UTC 00db INFO[0m [Consensus2] [34;1mstartNextSeq[0m -> Sequence: 26-->27
2026-09-16T03:47:58.846625156Z [34m2026-09-16 03:47:58.846 UTC 00d9 INFO[0m [Consensus4] [34;1mprocessPrepares[0m -> Processed prepares for proposal with seq 26
2026-09-16T03:47:58.846830579Z [34m2026-09-16 03:47:58.846 UTC 00da INFO[0m [Consensus4] [34;1mprocessCommits[0m -> 4 collected 2 commits from [3 1]
2026-09-16T03:47:58.846836360Z [34m2026-09-16 03:47:58.846 UTC 00db INFO[0m [Consensus4] [34;1mprepared[0m -> 4 processed commits for proposal with seq 26
2026-09-16T03:47:58.846837628Z [34m2026-09-16 03:47:58.846 UTC 00dc INFO[0m [Consensus4] [34;1mdecide[0m -> Deciding on seq 26
2026-09-16T03:47:58.846838485Z [34m2026-09-16 03:47:58.846 UTC 00dd INFO[0m [Consensus4] [34;1mstartNextSeq[0m -> Sequence: 26-->27
2026-09-16T03:47:58.849843368Z [34m2026-09-16 03:47:58.849 UTC 00a5 INFO[0m [Assembler2] [34;1mfunc3[0m -> Decision 26, with 1 AvailableCommonBlocks
2026-09-16T03:47:58.849854273Z [34m2026-09-16 03:47:58.849 UTC 00a6 INFO[0m [Assembler2] [34;1mfunc3[0m -> BA index: 0; BatchID: Sh,Pr,Sq,Dg: <1,2,25,d922af9e9adc8385491bd8946ca5f717ba76e270829c96113a2821ee31187f4a>; Common Block: Number: 26, PreviousHash: 6b644fe77fa8455a9741e9cb46e78ab3402fc308cba3058a3fc290c5713c32f6, DataHash: d922af9e9adc8385491bd8946ca5f717ba76e270829c96113a2821ee31187f4a; BA block signers: [1 3 2]
2026-09-16T03:47:58.849863349Z [34m2026-09-16 03:47:58.849 UTC 00a5 INFO[0m [Assembler3] [34;1mfunc3[0m -> Decision 26, with 1 AvailableCommonBlocks
2026-09-16T03:47:58.849864671Z [34m2026-09-16 03:47:58.849 UTC 00a6 INFO[0m [Assembler3] [34;1mfunc3[0m -> BA index: 0; BatchID: Sh,Pr,Sq,Dg: <1,2,25,d922af9e9adc8385491bd8946ca5f717ba76e270829c96113a2821ee31187f4a>; Common Block: Number: 26, PreviousHash: 6b644fe77fa8455a9741e9cb46e78ab3402fc308cba3058a3fc290c5713c32f6, DataHash: d922af9e9adc8385491bd8946ca5f717ba76e270829c96113a2821ee31187f4a; BA block signers: [1 2 3]
2026-09-16T03:47:58.849865817Z [34m2026-09-16 03:47:58.849 UTC 00a5 INFO[0m [Assembler1] [34;1mfunc3[0m -> Decision 26, with 1 AvailableCommonBlocks
2026-09-16T03:47:58.849866810Z [34m2026-09-16 03:47:58.849 UTC 00a6 INFO[0m [Assembler1] [34;1mfunc3[0m -> BA index: 0; BatchID: Sh,Pr,Sq,Dg: <1,2,25,d922af9e9adc8385491bd8946ca5f717ba76e270829c96113a2821ee31187f4a>; Common Block: Number: 26, PreviousHash: 6b644fe77fa8455a9741e9cb46e78ab3402fc308cba3058a3fc290c5713c32f6, DataHash: d922af9e9adc8385491bd8946ca5f717ba76e270829c96113a2821ee31187f4a; BA block signers: [3 2 1]
2026-09-16T03:47:58.851408435Z [34m2026-09-16 03:47:58.851 UTC 00a5 INFO[0m [Assembler4] [34;1mfunc3[0m -> Decision 26, with 1 AvailableCommonBlocks
2026-09-16T03:47:58.851415023Z [34m2026-09-16 03:47:58.851 UTC 00a6 INFO[0m [Assembler4] [34;1mfunc3[0m -> BA index: 0; BatchID: Sh,Pr,Sq,Dg: <1,2,25,d922af9e9adc8385491bd8946ca5f717ba76e270829c96113a2821ee31187f4a>; Common Block: Number: 26, PreviousHash: 6b644fe77fa8455a9741e9cb46e78ab3402fc308cba3058a3fc290c5713c32f6, DataHash: d922af9e9adc8385491bd8946ca5f717ba76e270829c96113a2821ee31187f4a; BA block signers: [3 1 4]
2026-09-16T03:47:58.854454612Z [34m2026-09-16 03:47:58.854 UTC 00a7 INFO[0m [Assembler1] [34;1mfunc1[0m -> Appended block 26 of 50 requests to ledger in 4.517554ms
2026-09-16T03:47:58.854463475Z [34m2026-09-16 03:47:58.854 UTC 00a7 INFO[0m [Assembler3] [34;1mfunc1[0m -> Appended block 26 of 50 requests to ledger in 4.575098ms
2026-09-16T03:47:58.854464591Z [34m2026-09-16 03:47:58.854 UTC 00a7 INFO[0m [Assembler2] [34;1mfunc1[0m -> Appended block 26 of 50 requests to ledger in 4.661405ms
2026-09-16T03:47:58.855468613Z [34m2026-09-16 03:47:58.855 UTC 00a7 INFO[0m [Assembler4] [34;1mfunc1[0m -> Appended block 26 of 50 requests to ledger in 4.230675ms
2026-09-16T03:47:59.378536178Z [34m2026-09-16 03:47:59.378 UTC 00a8 INFO[0m [Assembler4] [34;1mtrackMetrics[0m -> ASSEMBLER_METRICS: total: party_id=4, TXs=1226, blocks=27, estimated_block_size=458435, batch_unary_fetch_latency_avg_seconds=0.000000, attestation_to_batch_collation_latency_avg_seconds=0.000012, batch_ledger_append_latency_avg_seconds=0.004639, prefetch_index_cache_evictions=0, in the last 10.00 seconds: TXs=502, blocks=10
2026-09-16T03:47:59.378564340Z [34m2026-09-16 03:47:59.378 UTC 00a8 INFO[0m [Assembler1] [34;1mtrackMetrics[0m -> ASSEMBLER_METRICS: total: party_id=1, TXs=1226, blocks=27, estimated_block_size=458434, batch_unary_fetch_latency_avg_seconds=0.000000, attestation_to_batch_collation_latency_avg_seconds=0.000013, batch_ledger_append_latency_avg_seconds=0.004642, prefetch_index_cache_evictions=0, in the last 10.00 seconds: TXs=502, blocks=10
2026-09-16T03:47:59.378578009Z [34m2026-09-16 03:47:59.378 UTC 00a8 INFO[0m [Assembler3] [34;1mtrackMetrics[0m -> ASSEMBLER_METRICS: total: party_id=3, TXs=1226, blocks=27, estimated_block_size=458432, batch_unary_fetch_latency_avg_seconds=0.000000, attestation_to_batch_collation_latency_avg_seconds=0.000014, batch_ledger_append_latency_avg_seconds=0.004682, prefetch_index_cache_evictions=0, in the last 10.00 seconds: TXs=502, blocks=10
2026-09-16T03:47:59.382395910Z [34m2026-09-16 03:47:59.382 UTC 00a8 INFO[0m [Assembler2] [34;1mtrackMetrics[0m -> ASSEMBLER_METRICS: total: party_id=2, TXs=1226, blocks=27, estimated_block_size=458435, batch_unary_fetch_latency_avg_seconds=0.000000, attestation_to_batch_collation_latency_avg_seconds=0.000018, batch_ledger_append_latency_avg_seconds=0.004649, prefetch_index_cache_evictions=0, in the last 10.00 seconds: TXs=502, blocks=10
2026-09-16T03:47:59.596131632Z [34m2026-09-16 03:47:59.595 UTC 00df INFO[0m [Batcher2Shard1] [34;1mrunPrimary[0m -> Batcher batched a total of 50 requests for sequence 26
2026-09-16T03:47:59.600149247Z [34m2026-09-16 03:47:59.600 UTC 00e0 INFO[0m [Batcher2Shard1] [34;1mSendBAF[0m -> Sending batch attestation fragment for seq 26 with digest 2468e94c6d0c9a7d1edf0cd7006e6e5cac97ab39f41d0d69023ebc30071d9caa
2026-09-16T03:47:59.600164584Z [34m2026-09-16 03:47:59.600 UTC 00e1 INFO[0m [Batcher2Shard1] [34;1mfunc1[0m -> Sending control event took 33.006µs
2026-09-16T03:47:59.600167801Z [34m2026-09-16 03:47:59.600 UTC 00e2 INFO[0m [Batcher2Shard1] [34;1mfunc1[0m -> Sending control event took 5.517µs
2026-09-16T03:47:59.600334798Z [34m2026-09-16 03:47:59.600 UTC 00e3 INFO[0m [Batcher2Shard1] [34;1mfunc1[0m -> Sending control event took 18.928µs
2026-09-16T03:47:59.600343737Z [34m2026-09-16 03:47:59.600 UTC 00e4 INFO[0m [Batcher2Shard1] [34;1mfunc1[0m -> Sending control event took 11.429µs
2026-09-16T03:47:59.600345479Z [34m2026-09-16 03:47:59.600 UTC 00e5 INFO[0m [Batcher2Shard1] [34;1mBroadcastControlEvent[0m -> Control event sent to quorum (4 out of 4)
2026-09-16T03:47:59.600346523Z [34m2026-09-16 03:47:59.600 UTC 00f9 INFO[0m [Batcher4Shard1] [34;1mfunc3[0m -> [shard1party2-arma] Fetched batch 26 with 50 transactions
2026-09-16T03:47:59.600347437Z [34m2026-09-16 03:47:59.600 UTC 00a9 INFO[0m [Assembler2] [34;1mfunc3[0m -> Assembler pulled from 172.29.0.10:6124 batch Sh,Pr,Sq,Dg: <1,2,26,2468e94c6d0c9a7d1edf0cd7006e6e5cac97ab39f41d0d69023ebc30071d9caa>
2026-09-16T03:47:59.600351809Z [34m2026-09-16 03:47:59.600 UTC 00f9 INFO[0m [Batcher3Shard1] [34;1mfunc3[0m -> [shard1party2-arma] Fetched batch 26 with 50 transactions
2026-09-16T03:47:59.600524592Z [34m2026-09-16 03:47:59.600 UTC 00f9 INFO[0m [Batcher1Shard1] [34;1mfunc3[0m -> [shard1party2-arma] Fetched batch 26 with 50 transactions
2026-09-16T03:47:59.600531176Z [34m2026-09-16 03:47:59.600 UTC 00fa INFO[0m [Batcher4Shard1] [34;1mrunSecondary[0m -> Secondary batcher 4 (shard 1; current primary 2) appending to ledger batch with seq 26 and 50 requests
2026-09-16T03:47:59.600532502Z [34m2026-09-16 03:47:59.600 UTC 00fa INFO[0m [Batcher3Shard1] [34;1mrunSecondary[0m -> Secondary batcher 3 (shard 1; current primary 2) appending to ledger batch with seq 26 and 50 requests
2026-09-16T03:47:59.600632101Z [34m2026-09-16 03:47:59.600 UTC 00fa INFO[0m [Batcher1Shard1] [34;1mrunSecondary[0m -> Secondary batcher 1 (shard 1; current primary 2) appending to ledger batch with seq 26 and 50 requests
2026-09-16T03:47:59.603866597Z [34m2026-09-16 03:47:59.603 UTC 00fb INFO[0m [Batcher4Shard1] [34;1mSendBAF[0m -> Sending batch attestation fragment for seq 26 with digest 2468e94c6d0c9a7d1edf0cd7006e6e5cac97ab39f41d0d69023ebc30071d9caa
2026-09-16T03:47:59.603885897Z [34m2026-09-16 03:47:59.603 UTC 00fb INFO[0m [Batcher3Shard1] [34;1mSendBAF[0m -> Sending batch attestation fragment for seq 26 with digest 2468e94c6d0c9a7d1edf0cd7006e6e5cac97ab39f41d0d69023ebc30071d9caa
2026-09-16T03:47:59.603887653Z [34m2026-09-16 03:47:59.603 UTC 00fc INFO[0m [Batcher4Shard1] [34;1mfunc1[0m -> Sending control event took 9.696µs
2026-09-16T03:47:59.603889432Z [34m2026-09-16 03:47:59.603 UTC 00fc INFO[0m [Batcher3Shard1] [34;1mfunc1[0m -> Sending control event took 10.974µs
2026-09-16T03:47:59.603890473Z [34m2026-09-16 03:47:59.603 UTC 00fd INFO[0m [Batcher4Shard1] [34;1mfunc1[0m -> Sending control event took 3.739µs
2026-09-16T03:47:59.603891387Z [34m2026-09-16 03:47:59.603 UTC 00fd INFO[0m [Batcher3Shard1] [34;1mfunc1[0m -> Sending control event took 2.708µs
2026-09-16T03:47:59.603892165Z [34m2026-09-16 03:47:59.603 UTC 00fe INFO[0m [Batcher4Shard1] [34;1mfunc1[0m -> Sending control event took 12.729µs
2026-09-16T03:47:59.603892808Z [34m2026-09-16 03:47:59.603 UTC 00fe INFO[0m [Batcher3Shard1] [34;1mfunc1[0m -> Sending control event took 7.348µs
2026-09-16T03:47:59.603893492Z [34m2026-09-16 03:47:59.603 UTC 00ff INFO[0m [Batcher4Shard1] [34;1mfunc1[0m -> Sending control event took 11.593µs
2026-09-16T03:47:59.604035229Z [34m2026-09-16 03:47:59.603 UTC 0100 INFO[0m [Batcher4Shard1] [34;1mBroadcastControlEvent[0m -> Control event sent to quorum (4 out of 4)
2026-09-16T03:47:59.604041309Z [34m2026-09-16 03:47:59.603 UTC 00ff INFO[0m [Batcher3Shard1] [34;1mfunc1[0m -> Sending control event took 3.992µs
2026-09-16T03:47:59.604043089Z [34m2026-09-16 03:47:59.603 UTC 0100 INFO[0m [Batcher3Shard1] [34;1mBroadcastControlEvent[0m -> Control event sent to quorum (4 out of 4)
2026-09-16T03:47:59.604044107Z [34m2026-09-16 03:47:59.603 UTC 00a9 INFO[0m [Assembler3] [34;1mfunc3[0m -> Assembler pulled from 172.29.0.10:6224 batch Sh,Pr,Sq,Dg: <1,2,26,2468e94c6d0c9a7d1edf0cd7006e6e5cac97ab39f41d0d69023ebc30071d9caa>
2026-09-16T03:47:59.604047979Z [34m2026-09-16 03:47:59.604 UTC 00a9 INFO[0m [Assembler4] [34;1mfunc3[0m -> Assembler pulled from 172.29.0.10:6324 batch Sh,Pr,Sq,Dg: <1,2,26,2468e94c6d0c9a7d1edf0cd7006e6e5cac97ab39f41d0d69023ebc30071d9caa>
2026-09-16T03:47:59.604824997Z [34m2026-09-16 03:47:59.604 UTC 00fb INFO[0m [Batcher1Shard1] [34;1mSendBAF[0m -> Sending batch attestation fragment for seq 26 with digest 2468e94c6d0c9a7d1edf0cd7006e6e5cac97ab39f41d0d69023ebc30071d9caa
2026-09-16T03:47:59.604834893Z [34m2026-09-16 03:47:59.604 UTC 00fc INFO[0m [Batcher1Shard1] [34;1mfunc1[0m -> Sending control event took 8.594µs
2026-09-16T03:47:59.604955019Z [34m2026-09-16 03:47:59.604 UTC 00fd INFO[0m [Batcher1Shard1] [34;1mfunc1[0m -> Sending control event took 8.691µs
2026-09-16T03:47:59.604957786Z [34m2026-09-16 03:47:59.604 UTC 00fe INFO[0m [Batcher1Shard1] [34;1mfunc1[0m -> Sending control event took 3.226µs
2026-09-16T03:47:59.604958804Z [34m2026-09-16 03:47:59.604 UTC 00ff INFO[0m [Batcher1Shard1] [34;1mfunc1[0m -> Sending control event took 2.827µs
2026-09-16T03:47:59.604959532Z [34m2026-09-16 03:47:59.604 UTC 0100 INFO[0m [Batcher1Shard1] [34;1mBroadcastControlEvent[0m -> Control event sent to quorum (4 out of 4)
2026-09-16T03:47:59.604966913Z [34m2026-09-16 03:47:59.604 UTC 00a9 INFO[0m [Assembler1] [34;1mfunc3[0m -> Assembler pulled from 172.29.0.10:6024 batch Sh,Pr,Sq,Dg: <1,2,26,2468e94c6d0c9a7d1edf0cd7006e6e5cac97ab39f41d0d69023ebc30071d9caa>
2026-09-16T03:47:59.851955976Z [34m2026-09-16 03:47:59.851 UTC 0111 INFO[0m [Consensus1] [34;1mAssembleProposal[0m -> Creating proposal with 1 attestations and new state: State{N: 4, Quorum: 3, Threshold: 2, ShardCount: 1, 
2026-09-16T03:47:59.851982054Z Pending: none, 
2026-09-16T03:47:59.851983603Z Complaints: none}
2026-09-16T03:47:59.851984811Z [34m2026-09-16 03:47:59.851 UTC 0112 INFO[0m [Consensus1] [34;1mAssembleProposal[0m -> Proposing available common data block: number=27, prevHash=6a2acf90dc085c0018bc591d3981d24c01509b5a5579e7a5e486ec51e1c4013e, dataHash=2468e94c6d0c9a7d1edf0cd7006e6e5cac97ab39f41d0d69023ebc30071d9caa, numOfReqs=50, decisionNum=27, blockIndex=0/1, lastConfigBlockNum=0
2026-09-16T03:47:59.855275947Z [34m2026-09-16 03:47:59.855 UTC 0113 INFO[0m [Consensus1] [34;1mprocessProposal[0m -> Processed proposal with seq 27
2026-09-16T03:47:59.858365613Z [34m2026-09-16 03:47:59.857 UTC 00dc INFO[0m [Consensus3] [34;1mprocessProposal[0m -> Processed proposal with seq 27
2026-09-16T03:47:59.858376604Z [34m2026-09-16 03:47:59.857 UTC 00dc INFO[0m [Consensus2] [34;1mprocessProposal[0m -> Processed proposal with seq 27
2026-09-16T03:47:59.858377989Z [34m2026-09-16 03:47:59.857 UTC 00de INFO[0m [Consensus4] [34;1mprocessProposal[0m -> Processed proposal with seq 27
2026-09-16T03:47:59.858449806Z [34m2026-09-16 03:47:59.858 UTC 00df INFO[0m [Consensus4] [34;1mprocessPrepares[0m -> 4 collected 2 prepares from [1 2]
2026-09-16T03:47:59.858455586Z [34m2026-09-16 03:47:59.858 UTC 00dd INFO[0m [Consensus2] [34;1mprocessPrepares[0m -> 2 collected 2 prepares from [1 3]
2026-09-16T03:47:59.858457070Z [34m2026-09-16 03:47:59.858 UTC 00dd INFO[0m [Consensus3] [34;1mprocessPrepares[0m -> 3 collected 2 prepares from [1 4]
2026-09-16T03:47:59.858458099Z [34m2026-09-16 03:47:59.858 UTC 0114 INFO[0m [Consensus1] [34;1mprocessPrepares[0m -> 1 collected 2 prepares from [3 4]
2026-09-16T03:47:59.860272332Z [34m2026-09-16 03:47:59.860 UTC 00e0 INFO[0m [Consensus4] [34;1mprocessPrepares[0m -> Processed prepares for proposal with seq 27
2026-09-16T03:47:59.860278831Z [34m2026-09-16 03:47:59.860 UTC 00de INFO[0m [Consensus3] [34;1mprocessPrepares[0m -> Processed prepares for proposal with seq 27
2026-09-16T03:47:59.860597140Z [34m2026-09-16 03:47:59.860 UTC 0115 INFO[0m [Consensus1] [34;1mprocessPrepares[0m -> Processed prepares for proposal with seq 27
2026-09-16T03:47:59.860636751Z [34m2026-09-16 03:47:59.860 UTC 00df INFO[0m [Consensus3] [34;1mprocessCommits[0m -> 3 collected 2 commits from [4 1]
2026-09-16T03:47:59.860643196Z [34m2026-09-16 03:47:59.860 UTC 00e0 INFO[0m [Consensus3] [34;1mprepared[0m -> 3 processed commits for proposal with seq 27
2026-09-16T03:47:59.860644801Z [34m2026-09-16 03:47:59.860 UTC 00e1 INFO[0m [Consensus3] [34;1mdecide[0m -> Deciding on seq 27
2026-09-16T03:47:59.860645777Z [34m2026-09-16 03:47:59.860 UTC 00e2 INFO[0m [Consensus3] [34;1mstartNextSeq[0m -> Sequence: 27-->28
2026-09-16T03:47:59.860756427Z [34m2026-09-16 03:47:59.860 UTC 0116 INFO[0m [Consensus1] [34;1mprocessCommits[0m -> 1 collected 2 commits from [4 3]
2026-09-16T03:47:59.860762033Z [34m2026-09-16 03:47:59.860 UTC 0117 INFO[0m [Consensus1] [34;1mprepared[0m -> 1 processed commits for proposal with seq 27
2026-09-16T03:47:59.860763240Z [34m2026-09-16 03:47:59.860 UTC 0118 INFO[0m [Consensus1] [34;1mdecide[0m -> Deciding on seq 27
2026-09-16T03:47:59.860764191Z [34m2026-09-16 03:47:59.860 UTC 0119 INFO[0m [Consensus1] [34;1mstartNextSeq[0m -> Sequence: 27-->28
2026-09-16T03:47:59.861082488Z [34m2026-09-16 03:47:59.860 UTC 00e1 INFO[0m [Consensus4] [34;1mprocessCommits[0m -> 4 collected 2 commits from [3 1]
2026-09-16T03:47:59.861096633Z [34m2026-09-16 03:47:59.860 UTC 00e2 INFO[0m [Consensus4] [34;1mprepared[0m -> 4 processed commits for proposal with seq 27
2026-09-16T03:47:59.861098462Z [34m2026-09-16 03:47:59.860 UTC 00e3 INFO[0m [Consensus4] [34;1mdecide[0m -> Deciding on seq 27
2026-09-16T03:47:59.861099757Z [34m2026-09-16 03:47:59.860 UTC 00e4 INFO[0m [Consensus4] [34;1mstartNextSeq[0m -> Sequence: 27-->28
2026-09-16T03:47:59.861884732Z [34m2026-09-16 03:47:59.861 UTC 00de INFO[0m [Consensus2] [34;1mprocessPrepares[0m -> Processed prepares for proposal with seq 27
2026-09-16T03:47:59.862154566Z [34m2026-09-16 03:47:59.862 UTC 00df INFO[0m [Consensus2] [34;1mprocessCommits[0m -> 2 collected 2 commits from [1 3]
2026-09-16T03:47:59.862158458Z [34m2026-09-16 03:47:59.862 UTC 00e0 INFO[0m [Consensus2] [34;1mprepared[0m -> 2 processed commits for proposal with seq 27
2026-09-16T03:47:59.862159705Z [34m2026-09-16 03:47:59.862 UTC 00e1 INFO[0m [Consensus2] [34;1mdecide[0m -> Deciding on seq 27
2026-09-16T03:47:59.862166067Z [34m2026-09-16 03:47:59.862 UTC 00e2 INFO[0m [Consensus2] [34;1mstartNextSeq[0m -> Sequence: 27-->28
2026-09-16T03:47:59.865960541Z [34m2026-09-16 03:47:59.865 UTC 00aa INFO[0m [Assembler3] [34;1mfunc3[0m -> Decision 27, with 1 AvailableCommonBlocks
2026-09-16T03:47:59.865980970Z [34m2026-09-16 03:47:59.865 UTC 00aa INFO[0m [Assembler1] [34;1mfunc3[0m -> Decision 27, with 1 AvailableCommonBlocks
2026-09-16T03:47:59.865982725Z [34m2026-09-16 03:47:59.865 UTC 00ab INFO[0m [Assembler1] [34;1mfunc3[0m -> BA index: 0; BatchID: Sh,Pr,Sq,Dg: <1,2,26,2468e94c6d0c9a7d1edf0cd7006e6e5cac97ab39f41d0d69023ebc30071d9caa>; Common Block: Number: 27, PreviousHash: 6a2acf90dc085c0018bc591d3981d24c01509b5a5579e7a5e486ec51e1c4013e, DataHash: 2468e94c6d0c9a7d1edf0cd7006e6e5cac97ab39f41d0d69023ebc30071d9caa; BA block signers: [4 3 1]
2026-09-16T03:47:59.865984046Z [34m2026-09-16 03:47:59.865 UTC 00ab INFO[0m [Assembler3] [34;1mfunc3[0m -> BA index: 0; BatchID: Sh,Pr,Sq,Dg: <1,2,26,2468e94c6d0c9a7d1edf0cd7006e6e5cac97ab39f41d0d69023ebc30071d9caa>; Common Block: Number: 27, PreviousHash: 6a2acf90dc085c0018bc591d3981d24c01509b5a5579e7a5e486ec51e1c4013e, DataHash: 2468e94c6d0c9a7d1edf0cd7006e6e5cac97ab39f41d0d69023ebc30071d9caa; BA block signers: [4 1 3]
2026-09-16T03:47:59.865985039Z [34m2026-09-16 03:47:59.865 UTC 00aa INFO[0m [Assembler4] [34;1mfunc3[0m -> Decision 27, with 1 AvailableCommonBlocks
2026-09-16T03:47:59.865985762Z [34m2026-09-16 03:47:59.865 UTC 00ab INFO[0m [Assembler4] [34;1mfunc3[0m -> BA index: 0; BatchID: Sh,Pr,Sq,Dg: <1,2,26,2468e94c6d0c9a7d1edf0cd7006e6e5cac97ab39f41d0d69023ebc30071d9caa>; Common Block: Number: 27, PreviousHash: 6a2acf90dc085c0018bc591d3981d24c01509b5a5579e7a5e486ec51e1c4013e, DataHash: 2468e94c6d0c9a7d1edf0cd7006e6e5cac97ab39f41d0d69023ebc30071d9caa; BA block signers: [3 1 4]
2026-09-16T03:47:59.867098523Z [34m2026-09-16 03:47:59.867 UTC 00aa INFO[0m [Assembler2] [34;1mfunc3[0m -> Decision 27, with 1 AvailableCommonBlocks
2026-09-16T03:47:59.867104224Z [34m2026-09-16 03:47:59.867 UTC 00ab INFO[0m [Assembler2] [34;1mfunc3[0m -> BA index: 0; BatchID: Sh,Pr,Sq,Dg: <1,2,26,2468e94c6d0c9a7d1edf0cd7006e6e5cac97ab39f41d0d69023ebc30071d9caa>; Common Block: Number: 27, PreviousHash: 6a2acf90dc085c0018bc591d3981d24c01509b5a5579e7a5e486ec51e1c4013e, DataHash: 2468e94c6d0c9a7d1edf0cd7006e6e5cac97ab39f41d0d69023ebc30071d9caa; BA block signers: [1 3 2]
2026-09-16T03:47:59.870147068Z [34m2026-09-16 03:47:59.870 UTC 00ac INFO[0m [Assembler4] [34;1mfunc1[0m -> Appended block 27 of 50 requests to ledger in 4.151925ms
2026-09-16T03:47:59.870156769Z [34m2026-09-16 03:47:59.870 UTC 00ac INFO[0m [Assembler1] [34;1mfunc1[0m -> Appended block 27 of 50 requests to ledger in 4.363957ms
2026-09-16T03:47:59.870158415Z [34m2026-09-16 03:47:59.870 UTC 00ac INFO[0m [Assembler3] [34;1mfunc1[0m -> Appended block 27 of 50 requests to ledger in 4.370136ms
2026-09-16T03:47:59.871286549Z [34m2026-09-16 03:47:59.871 UTC 00ac INFO[0m [Assembler2] [34;1mfunc1[0m -> Appended block 27 of 50 requests to ledger in 4.129576ms
2026-09-16T03:48:00.601034117Z [34m2026-09-16 03:48:00.600 UTC 00e6 INFO[0m [Batcher2Shard1] [34;1mrunPrimary[0m -> Batcher batched a total of 50 requests for sequence 27
2026-09-16T03:48:00.605998058Z [34m2026-09-16 03:48:00.605 UTC 00e7 INFO[0m [Batcher2Shard1] [34;1mSendBAF[0m -> Sending batch attestation fragment for seq 27 with digest e6bb958a645087ba7325da17f20c5141f094b17d39f26e23be237817df6b356a
2026-09-16T03:48:00.606007959Z [34m2026-09-16 03:48:00.605 UTC 00e8 INFO[0m [Batcher2Shard1] [34;1mfunc1[0m -> Sending control event took 25.284µs
2026-09-16T03:48:00.606013005Z [34m2026-09-16 03:48:00.605 UTC 00e9 INFO[0m [Batcher2Shard1] [34;1mfunc1[0m -> Sending control event took 30.297µs
2026-09-16T03:48:00.606322066Z [34m2026-09-16 03:48:00.606 UTC 00ea INFO[0m [Batcher2Shard1] [34;1mfunc1[0m -> Sending control event took 61.145µs
2026-09-16T03:48:00.606329954Z [34m2026-09-16 03:48:00.606 UTC 00eb INFO[0m [Batcher2Shard1] [34;1mfunc1[0m -> Sending control event took 4.111µs
2026-09-16T03:48:00.606331467Z [34m2026-09-16 03:48:00.606 UTC 00ec INFO[0m [Batcher2Shard1] [34;1mBroadcastControlEvent[0m -> Control event sent to quorum (4 out of 4)
2026-09-16T03:48:00.606332483Z [34m2026-09-16 03:48:00.606 UTC 0101 INFO[0m [Batcher4Shard1] [34;1mfunc3[0m -> [shard1party2-arma] Fetched batch 27 with 50 transactions
2026-09-16T03:48:00.606333226Z [34m2026-09-16 03:48:00.606 UTC 00ad INFO[0m [Assembler2] [34;1mfunc3[0m -> Assembler pulled from 172.29.0.10:6124 batch Sh,Pr,Sq,Dg: <1,2,27,e6bb958a645087ba7325da17f20c5141f094b17d39f26e23be237817df6b356a>
2026-09-16T03:48:00.606334210Z [34m2026-09-16 03:48:00.606 UTC 0101 INFO[0m [Batcher1Shard1] [34;1mfunc3[0m -> [shard1party2-arma] Fetched batch 27 with 50 transactions
2026-09-16T03:48:00.606457435Z [34m2026-09-16 03:48:00.606 UTC 0102 INFO[0m [Batcher4Shard1] [34;1mrunSecondary[0m -> Secondary batcher 4 (shard 1; current primary 2) appending to ledger batch with seq 27 and 50 requests
2026-09-16T03:48:00.606463504Z [34m2026-09-16 03:48:00.606 UTC 0101 INFO[0m [Batcher3Shard1] [34;1mfunc3[0m -> [shard1party2-arma] Fetched batch 27 with 50 transactions
2026-09-16T03:48:00.606465093Z [34m2026-09-16 03:48:00.606 UTC 0102 INFO[0m [Batcher1Shard1] [34;1mrunSecondary[0m -> Secondary batcher 1 (shard 1; current primary 2) appending to ledger batch with seq 27 and 50 requests
2026-09-16T03:48:00.606522167Z [34m2026-09-16 03:48:00.606 UTC 0102 INFO[0m [Batcher3Shard1] [34;1mrunSecondary[0m -> Secondary batcher 3 (shard 1; current primary 2) appending to ledger batch with seq 27 and 50 requests
2026-09-16T03:48:00.610953313Z [34m2026-09-16 03:48:00.610 UTC 0103 INFO[0m [Batcher3Shard1] [34;1mSendBAF[0m -> Sending batch attestation fragment for seq 27 with digest e6bb958a645087ba7325da17f20c5141f094b17d39f26e23be237817df6b356a
2026-09-16T03:48:00.610965318Z [34m2026-09-16 03:48:00.610 UTC 0103 INFO[0m [Batcher4Shard1] [34;1mSendBAF[0m -> Sending batch attestation fragment for seq 27 with digest e6bb958a645087ba7325da17f20c5141f094b17d39f26e23be237817df6b356a
2026-09-16T03:48:00.611285188Z [34m2026-09-16 03:48:00.610 UTC 0104 INFO[0m [Batcher4Shard1] [34;1mfunc1[0m -> Sending control event took 13.053µs
2026-09-16T03:48:00.611291265Z [34m2026-09-16 03:48:00.610 UTC 0104 INFO[0m [Batcher3Shard1] [34;1mfunc1[0m -> Sending control event took 13.221µs
2026-09-16T03:48:00.611292480Z [34m2026-09-16 03:48:00.610 UTC 0105 INFO[0m [Batcher4Shard1] [34;1mfunc1[0m -> Sending control event took 4.885µs
2026-09-16T03:48:00.611293226Z [34m2026-09-16 03:48:00.610 UTC 0105 INFO[0m [Batcher3Shard1] [34;1mfunc1[0m -> Sending control event took 3.763µs
2026-09-16T03:48:00.611293921Z [34m2026-09-16 03:48:00.610 UTC 0106 INFO[0m [Batcher4Shard1] [34;1mfunc1[0m -> Sending control event took 11.749µs
2026-09-16T03:48:00.611294574Z [34m2026-09-16 03:48:00.610 UTC 0106 INFO[0m [Batcher3Shard1] [34;1mfunc1[0m -> Sending control event took 12.333µs
2026-09-16T03:48:00.611295162Z [34m2026-09-16 03:48:00.610 UTC 0107 INFO[0m [Batcher4Shard1] [34;1mfunc1[0m -> Sending control event took 3.075µs
2026-09-16T03:48:00.611295799Z [34m2026-09-16 03:48:00.610 UTC 0108 INFO[0m [Batcher4Shard1] [34;1mBroadcastControlEvent[0m -> Control event sent to quorum (4 out of 4)
2026-09-16T03:48:00.611296491Z [34m2026-09-16 03:48:00.610 UTC 0107 INFO[0m [Batcher3Shard1] [34;1mfunc1[0m -> Sending control event took 2.029µs
2026-09-16T03:48:00.611297191Z [34m2026-09-16 03:48:00.610 UTC 0108 INFO[0m [Batcher3Shard1] [34;1mBroadcastControlEvent[0m -> Control event sent to quorum (4 out of 4)
2026-09-16T03:48:00.611297849Z [34m2026-09-16 03:48:00.611 UTC 00ad INFO[0m [Assembler4] [34;1mfunc3[0m -> Assembler pulled from 172.29.0.10:6324 batch Sh,Pr,Sq,Dg: <1,2,27,e6bb958a645087ba7325da17f20c5141f094b17d39f26e23be237817df6b356a>
2026-09-16T03:48:00.611506545Z [34m2026-09-16 03:48:00.611 UTC 00ad INFO[0m [Assembler3] [34;1mfunc3[0m -> Assembler pulled from 172.29.0.10:6224 batch Sh,Pr,Sq,Dg: <1,2,27,e6bb958a645087ba7325da17f20c5141f094b17d39f26e23be237817df6b356a>
2026-09-16T03:48:00.612511990Z [34m2026-09-16 03:48:00.612 UTC 0103 INFO[0m [Batcher1Shard1] [34;1mSendBAF[0m -> Sending batch attestation fragment for seq 27 with digest e6bb958a645087ba7325da17f20c5141f094b17d39f26e23be237817df6b356a
2026-09-16T03:48:00.612517709Z [34m2026-09-16 03:48:00.612 UTC 0104 INFO[0m [Batcher1Shard1] [34;1mfunc1[0m -> Sending control event took 9.449µs
2026-09-16T03:48:00.612521924Z [34m2026-09-16 03:48:00.612 UTC 0105 INFO[0m [Batcher1Shard1] [34;1mfunc1[0m -> Sending control event took 2.39µs
2026-09-16T03:48:00.612523403Z [34m2026-09-16 03:48:00.612 UTC 0106 INFO[0m [Batcher1Shard1] [34;1mfunc1[0m -> Sending control event took 9.923µs
2026-09-16T03:48:00.612524405Z [34m2026-09-16 03:48:00.612 UTC 0107 INFO[0m [Batcher1Shard1] [34;1mfunc1[0m -> Sending control event took 2.387µs
2026-09-16T03:48:00.612779153Z [34m2026-09-16 03:48:00.612 UTC 0108 INFO[0m [Batcher1Shard1] [34;1mBroadcastControlEvent[0m -> Control event sent to quorum (4 out of 4)
2026-09-16T03:48:00.612785568Z [34m2026-09-16 03:48:00.612 UTC 00ad INFO[0m [Assembler1] [34;1mfunc3[0m -> Assembler pulled from 172.29.0.10:6024 batch Sh,Pr,Sq,Dg: <1,2,27,e6bb958a645087ba7325da17f20c5141f094b17d39f26e23be237817df6b356a>
2026-09-16T03:48:00.867297995Z [34m2026-09-16 03:48:00.867 UTC 011a INFO[0m [Consensus1] [34;1mAssembleProposal[0m -> Creating proposal with 1 attestations and new state: State{N: 4, Quorum: 3, Threshold: 2, ShardCount: 1, 
2026-09-16T03:48:00.867324052Z Pending: none, 
2026-09-16T03:48:00.867325232Z Complaints: none}
2026-09-16T03:48:00.867326024Z [34m2026-09-16 03:48:00.867 UTC 011b INFO[0m [Consensus1] [34;1mAssembleProposal[0m -> Proposing available common data block: number=28, prevHash=576a30a879882a6df9576c994bcaab6d59e9dea933ca8824698ede05d439b1c3, dataHash=e6bb958a645087ba7325da17f20c5141f094b17d39f26e23be237817df6b356a, numOfReqs=50, decisionNum=28, blockIndex=0/1, lastConfigBlockNum=0
2026-09-16T03:48:00.869377868Z [34m2026-09-16 03:48:00.869 UTC 011c INFO[0m [Consensus1] [34;1mprocessProposal[0m -> Processed proposal with seq 28
2026-09-16T03:48:00.871127026Z [34m2026-09-16 03:48:00.871 UTC 00e3 INFO[0m [Consensus2] [34;1mprocessProposal[0m -> Processed proposal with seq 28
2026-09-16T03:48:00.871400662Z [34m2026-09-16 03:48:00.871 UTC 00e5 INFO[0m [Consensus4] [34;1mprocessProposal[0m -> Processed proposal with seq 28
2026-09-16T03:48:00.871491161Z [34m2026-09-16 03:48:00.871 UTC 011d INFO[0m [Consensus1] [34;1mprocessPrepares[0m -> 1 collected 2 prepares from [2 4]
2026-09-16T03:48:00.871495543Z [34m2026-09-16 03:48:00.871 UTC 00e4 INFO[0m [Consensus2] [34;1mprocessPrepares[0m -> 2 collected 2 prepares from [1 4]
2026-09-16T03:48:00.871496885Z [34m2026-09-16 03:48:00.871 UTC 00e6 INFO[0m [Consensus4] [34;1mprocessPrepares[0m -> 4 collected 2 prepares from [1 2]
2026-09-16T03:48:00.872893243Z [34m2026-09-16 03:48:00.872 UTC 00e3 INFO[0m [Consensus3] [34;1mprocessProposal[0m -> Processed proposal with seq 28
2026-09-16T03:48:00.872897728Z [34m2026-09-16 03:48:00.872 UTC 00e4 INFO[0m [Consensus3] [34;1mprocessPrepares[0m -> 3 collected 2 prepares from [1 2]
2026-09-16T03:48:00.873772462Z [34m2026-09-16 03:48:00.873 UTC 00e7 INFO[0m [Consensus4] [34;1mprocessPrepares[0m -> Processed prepares for proposal with seq 28
2026-09-16T03:48:00.873780909Z [34m2026-09-16 03:48:00.873 UTC 011e INFO[0m [Consensus1] [34;1mprocessPrepares[0m -> Processed prepares for proposal with seq 28
2026-09-16T03:48:00.873782579Z [34m2026-09-16 03:48:00.873 UTC 00e5 INFO[0m [Consensus2] [34;1mprocessPrepares[0m -> Processed prepares for proposal with seq 28
2026-09-16T03:48:00.874562665Z [34m2026-09-16 03:48:00.874 UTC 011f INFO[0m [Consensus1] [34;1mprocessCommits[0m -> 1 collected 2 commits from [4 2]
2026-09-16T03:48:00.874575722Z [34m2026-09-16 03:48:00.874 UTC 0120 INFO[0m [Consensus1] [34;1mprepared[0m -> 1 processed commits for proposal with seq 28
2026-09-16T03:48:00.874577442Z [34m2026-09-16 03:48:00.874 UTC 0121 INFO[0m [Consensus1] [34;1mdecide[0m -> Deciding on seq 28
2026-09-16T03:48:00.874578496Z [34m2026-09-16 03:48:00.874 UTC 0122 INFO[0m [Consensus1] [34;1mstartNextSeq[0m -> Sequence: 28-->29
2026-09-16T03:48:00.874579240Z [34m2026-09-16 03:48:00.874 UTC 00e8 INFO[0m [Consensus4] [34;1mprocessCommits[0m -> 4 collected 2 commits from [2 1]
2026-09-16T03:48:00.874580047Z [34m2026-09-16 03:48:00.874 UTC 00e9 INFO[0m [Consensus4] [34;1mprepared[0m -> 4 processed commits for proposal with seq 28
2026-09-16T03:48:00.874580715Z [34m2026-09-16 03:48:00.874 UTC 00e6 INFO[0m [Consensus2] [34;1mprocessCommits[0m -> 2 collected 2 commits from [4 1]
2026-09-16T03:48:00.874581423Z [34m2026-09-16 03:48:00.874 UTC 00ea INFO[0m [Consensus4] [34;1mdecide[0m -> Deciding on seq 28
2026-09-16T03:48:00.874582001Z [34m2026-09-16 03:48:00.874 UTC 00e7 INFO[0m [Consensus2] [34;1mprepared[0m -> 2 processed commits for proposal with seq 28
2026-09-16T03:48:00.874582642Z [34m2026-09-16 03:48:00.874 UTC 00eb INFO[0m [Consensus4] [34;1mstartNextSeq[0m -> Sequence: 28-->29
2026-09-16T03:48:00.874583348Z [34m2026-09-16 03:48:00.874 UTC 00e8 INFO[0m [Consensus2] [34;1mdecide[0m -> Deciding on seq 28
2026-09-16T03:48:00.874584002Z [34m2026-09-16 03:48:00.874 UTC 00e9 INFO[0m [Consensus2] [34;1mstartNextSeq[0m -> Sequence: 28-->29
2026-09-16T03:48:00.875816251Z [34m2026-09-16 03:48:00.875 UTC 00e5 INFO[0m [Consensus3] [34;1mprocessPrepares[0m -> Processed prepares for proposal with seq 28
2026-09-16T03:48:00.876023962Z [34m2026-09-16 03:48:00.875 UTC 00e6 INFO[0m [Consensus3] [34;1mprocessCommits[0m -> 3 collected 2 commits from [2 4]
2026-09-16T03:48:00.876029648Z [34m2026-09-16 03:48:00.875 UTC 00e7 INFO[0m [Consensus3] [34;1mprepared[0m -> 3 processed commits for proposal with seq 28
2026-09-16T03:48:00.876031189Z [34m2026-09-16 03:48:00.875 UTC 00e8 INFO[0m [Consensus3] [34;1mdecide[0m -> Deciding on seq 28
2026-09-16T03:48:00.876032210Z [34m2026-09-16 03:48:00.875 UTC 00e9 INFO[0m [Consensus3] [34;1mstartNextSeq[0m -> Sequence: 28-->29
2026-09-16T03:48:00.880212681Z [34m2026-09-16 03:48:00.880 UTC 00ae INFO[0m [Assembler1] [34;1mfunc3[0m -> Decision 28, with 1 AvailableCommonBlocks
2026-09-16T03:48:00.880239435Z [34m2026-09-16 03:48:00.880 UTC 00ae INFO[0m [Assembler2] [34;1mfunc3[0m -> Decision 28, with 1 AvailableCommonBlocks
2026-09-16T03:48:00.880243192Z [34m2026-09-16 03:48:00.880 UTC 00af INFO[0m [Assembler2] [34;1mfunc3[0m -> BA index: 0; BatchID: Sh,Pr,Sq,Dg: <1,2,27,e6bb958a645087ba7325da17f20c5141f094b17d39f26e23be237817df6b356a>; Common Block: Number: 28, PreviousHash: 576a30a879882a6df9576c994bcaab6d59e9dea933ca8824698ede05d439b1c3, DataHash: e6bb958a645087ba7325da17f20c5141f094b17d39f26e23be237817df6b356a; BA block signers: [4 1 2]
2026-09-16T03:48:00.880259068Z [34m2026-09-16 03:48:00.880 UTC 00af INFO[0m [Assembler1] [34;1mfunc3[0m -> BA index: 0; BatchID: Sh,Pr,Sq,Dg: <1,2,27,e6bb958a645087ba7325da17f20c5141f094b17d39f26e23be237817df6b356a>; Common Block: Number: 28, PreviousHash: 576a30a879882a6df9576c994bcaab6d59e9dea933ca8824698ede05d439b1c3, DataHash: e6bb958a645087ba7325da17f20c5141f094b17d39f26e23be237817df6b356a; BA block signers: [4 2 1]
2026-09-16T03:48:00.880262205Z [34m2026-09-16 03:48:00.880 UTC 00ae INFO[0m [Assembler4] [34;1mfunc3[0m -> Decision 28, with 1 AvailableCommonBlocks
2026-09-16T03:48:00.880272796Z [34m2026-09-16 03:48:00.880 UTC 00af INFO[0m [Assembler4] [34;1mfunc3[0m -> BA index: 0; BatchID: Sh,Pr,Sq,Dg: <1,2,27,e6bb958a645087ba7325da17f20c5141f094b17d39f26e23be237817df6b356a>; Common Block: Number: 28, PreviousHash: 576a30a879882a6df9576c994bcaab6d59e9dea933ca8824698ede05d439b1c3, DataHash: e6bb958a645087ba7325da17f20c5141f094b17d39f26e23be237817df6b356a; BA block signers: [2 1 4]
2026-09-16T03:48:00.881426712Z [34m2026-09-16 03:48:00.881 UTC 00ae INFO[0m [Assembler3] [34;1mfunc3[0m -> Decision 28, with 1 AvailableCommonBlocks
2026-09-16T03:48:00.881439095Z [34m2026-09-16 03:48:00.881 UTC 00af INFO[0m [Assembler3] [34;1mfunc3[0m -> BA index: 0; BatchID: Sh,Pr,Sq,Dg: <1,2,27,e6bb958a645087ba7325da17f20c5141f094b17d39f26e23be237817df6b356a>; Common Block: Number: 28, PreviousHash: 576a30a879882a6df9576c994bcaab6d59e9dea933ca8824698ede05d439b1c3, DataHash: e6bb958a645087ba7325da17f20c5141f094b17d39f26e23be237817df6b356a; BA block signers: [2 4 3]
2026-09-16T03:48:00.884774678Z [34m2026-09-16 03:48:00.884 UTC 00b0 INFO[0m [Assembler4] [34;1mfunc1[0m -> Appended block 28 of 50 requests to ledger in 4.469725ms
2026-09-16T03:48:00.884785526Z [34m2026-09-16 03:48:00.884 UTC 00b0 INFO[0m [Assembler1] [34;1mfunc1[0m -> Appended block 28 of 50 requests to ledger in 4.528855ms
2026-09-16T03:48:00.884787071Z [34m2026-09-16 03:48:00.884 UTC 00b0 INFO[0m [Assembler2] [34;1mfunc1[0m -> Appended block 28 of 50 requests to ledger in 4.569298ms
2026-09-16T03:48:00.885929563Z [34m2026-09-16 03:48:00.885 UTC 00b0 INFO[0m [Assembler3] [34;1mfunc1[0m -> Appended block 28 of 50 requests to ledger in 4.548432ms
2026-09-16T03:48:01.360414493Z [34m2026-09-16 03:48:01.360 UTC 0122 INFO[0m [Router4] [34;1mreportMetrics[0m -> ROUTER_METRICS: party_id=4, transactions_received=1363, transactions_received_per_second=50, transactions_rejected_with_code_400=0, transactions_rejected_with_code_500=0
2026-09-16T03:48:01.361367920Z [34m2026-09-16 03:48:01.361 UTC 0122 INFO[0m [Router2] [34;1mreportMetrics[0m -> ROUTER_METRICS: party_id=2, transactions_received=1363, transactions_received_per_second=50, transactions_rejected_with_code_400=0, transactions_rejected_with_code_500=0
2026-09-16T03:48:01.361408577Z [34m2026-09-16 03:48:01.361 UTC 0122 INFO[0m [Router3] [34;1mreportMetrics[0m -> ROUTER_METRICS: party_id=3, transactions_received=1363, transactions_received_per_second=50, transactions_rejected_with_code_400=0, transactions_rejected_with_code_500=0
2026-09-16T03:48:01.361496952Z [34m2026-09-16 03:48:01.361 UTC 0122 INFO[0m [Router1] [34;1mreportMetrics[0m -> ROUTER_METRICS: party_id=1, transactions_received=1363, transactions_received_per_second=50, transactions_rejected_with_code_400=0, transactions_rejected_with_code_500=0
2026-09-16T03:48:01.607221497Z [34m2026-09-16 03:48:01.607 UTC 00ed INFO[0m [Batcher2Shard1] [34;1mrunPrimary[0m -> Batcher batched a total of 50 requests for sequence 28
2026-09-16T03:48:01.614100485Z [34m2026-09-16 03:48:01.613 UTC 00ee INFO[0m [Batcher2Shard1] [34;1mSendBAF[0m -> Sending batch attestation fragment for seq 28 with digest a4e4f4b8b50021623cb81e3f47027d890589ef978d1526016a00a61cc5333b9e
2026-09-16T03:48:01.614130892Z [34m2026-09-16 03:48:01.613 UTC 00ef INFO[0m [Batcher2Shard1] [34;1mfunc1[0m -> Sending control event took 28.025µs
2026-09-16T03:48:01.614133671Z [34m2026-09-16 03:48:01.613 UTC 00f0 INFO[0m [Batcher2Shard1] [34;1mfunc1[0m -> Sending control event took 5.065µs
2026-09-16T03:48:01.614134677Z [34m2026-09-16 03:48:01.614 UTC 00f1 INFO[0m [Batcher2Shard1] [34;1mfunc1[0m -> Sending control event took 4.697µs
2026-09-16T03:48:01.614135531Z [34m2026-09-16 03:48:01.614 UTC 00f2 INFO[0m [Batcher2Shard1] [34;1mfunc1[0m -> Sending control event took 3.594µs
2026-09-16T03:48:01.614136340Z [34m2026-09-16 03:48:01.614 UTC 00f3 INFO[0m [Batcher2Shard1] [34;1mBroadcastControlEvent[0m -> Control event sent to quorum (4 out of 4)
2026-09-16T03:48:01.614196619Z [34m2026-09-16 03:48:01.614 UTC 0109 INFO[0m [Batcher4Shard1] [34;1mfunc3[0m -> [shard1party2-arma] Fetched batch 28 with 50 transactions
2026-09-16T03:48:01.614207271Z [34m2026-09-16 03:48:01.614 UTC 0109 INFO[0m [Batcher3Shard1] [34;1mfunc3[0m -> [shard1party2-arma] Fetched batch 28 with 50 transactions
2026-09-16T03:48:01.614257258Z [34m2026-09-16 03:48:01.614 UTC 00b1 INFO[0m [Assembler2] [34;1mfunc3[0m -> Assembler pulled from 172.29.0.10:6124 batch Sh,Pr,Sq,Dg: <1,2,28,a4e4f4b8b50021623cb81e3f47027d890589ef978d1526016a00a61cc5333b9e>
2026-09-16T03:48:01.614261547Z [34m2026-09-16 03:48:01.614 UTC 0109 INFO[0m [Batcher1Shard1] [34;1mfunc3[0m -> [shard1party2-arma] Fetched batch 28 with 50 transactions
2026-09-16T03:48:01.614350226Z [34m2026-09-16 03:48:01.614 UTC 010a INFO[0m [Batcher4Shard1] [34;1mrunSecondary[0m -> Secondary batcher 4 (shard 1; current primary 2) appending to ledger batch with seq 28 and 50 requests
2026-09-16T03:48:01.614419262Z [34m2026-09-16 03:48:01.614 UTC 010a INFO[0m [Batcher3Shard1] [34;1mrunSecondary[0m -> Secondary batcher 3 (shard 1; current primary 2) appending to ledger batch with seq 28 and 50 requests
2026-09-16T03:48:01.614477999Z [34m2026-09-16 03:48:01.614 UTC 010a INFO[0m [Batcher1Shard1] [34;1mrunSecondary[0m -> Secondary batcher 1 (shard 1; current primary 2) appending to ledger batch with seq 28 and 50 requests
2026-09-16T03:48:01.618500769Z [34m2026-09-16 03:48:01.618 UTC 010b INFO[0m [Batcher1Shard1] [34;1mSendBAF[0m -> Sending batch attestation fragment for seq 28 with digest a4e4f4b8b50021623cb81e3f47027d890589ef978d1526016a00a61cc5333b9e
2026-09-16T03:48:01.618525538Z [34m2026-09-16 03:48:01.618 UTC 010b INFO[0m [Batcher4Shard1] [34;1mSendBAF[0m -> Sending batch attestation fragment for seq 28 with digest a4e4f4b8b50021623cb81e3f47027d890589ef978d1526016a00a61cc5333b9e
2026-09-16T03:48:01.618530793Z [34m2026-09-16 03:48:01.618 UTC 010c INFO[0m [Batcher4Shard1] [34;1mfunc1[0m -> Sending control event took 15.252µs
2026-09-16T03:48:01.618533050Z [34m2026-09-16 03:48:01.618 UTC 010c INFO[0m [Batcher1Shard1] [34;1mfunc1[0m -> Sending control event took 13.773µs
2026-09-16T03:48:01.618533925Z [34m2026-09-16 03:48:01.618 UTC 010d INFO[0m [Batcher1Shard1] [34;1mfunc1[0m -> Sending control event took 12.666µs
2026-09-16T03:48:01.618534576Z [34m2026-09-16 03:48:01.618 UTC 010e INFO[0m [Batcher1Shard1] [34;1mfunc1[0m -> Sending control event took 3.18µs
2026-09-16T03:48:01.618535301Z [34m2026-09-16 03:48:01.618 UTC 010d INFO[0m [Batcher4Shard1] [34;1mfunc1[0m -> Sending control event took 4.412µs
2026-09-16T03:48:01.618633006Z [34m2026-09-16 03:48:01.618 UTC 010f INFO[0m [Batcher1Shard1] [34;1mfunc1[0m -> Sending control event took 4.618µs
2026-09-16T03:48:01.618643338Z [34m2026-09-16 03:48:01.618 UTC 010e INFO[0m [Batcher4Shard1] [34;1mfunc1[0m -> Sending control event took 4.069µs
2026-09-16T03:48:01.618644891Z [34m2026-09-16 03:48:01.618 UTC 010f INFO[0m [Batcher4Shard1] [34;1mfunc1[0m -> Sending control event took 3.283µs
2026-09-16T03:48:01.618646163Z [34m2026-09-16 03:48:01.618 UTC 0110 INFO[0m [Batcher1Shard1] [34;1mBroadcastControlEvent[0m -> Control event sent to quorum (4 out of 4)
2026-09-16T03:48:01.618647169Z [34m2026-09-16 03:48:01.618 UTC 0110 INFO[0m [Batcher4Shard1] [34;1mBroadcastControlEvent[0m -> Control event sent to quorum (4 out of 4)
2026-09-16T03:48:01.618791633Z [34m2026-09-16 03:48:01.618 UTC 00b1 INFO[0m [Assembler4] [34;1mfunc3[0m -> Assembler pulled from 172.29.0.10:6324 batch Sh,Pr,Sq,Dg: <1,2,28,a4e4f4b8b50021623cb81e3f47027d890589ef978d1526016a00a61cc5333b9e>
2026-09-16T03:48:01.618973817Z [34m2026-09-16 03:48:01.618 UTC 00b1 INFO[0m [Assembler1] [34;1mfunc3[0m -> Assembler pulled from 172.29.0.10:6024 batch Sh,Pr,Sq,Dg: <1,2,28,a4e4f4b8b50021623cb81e3f47027d890589ef978d1526016a00a61cc5333b9e>
2026-09-16T03:48:01.619908132Z [34m2026-09-16 03:48:01.619 UTC 010b INFO[0m [Batcher3Shard1] [34;1mSendBAF[0m -> Sending batch attestation fragment for seq 28 with digest a4e4f4b8b50021623cb81e3f47027d890589ef978d1526016a00a61cc5333b9e
2026-09-16T03:48:01.619916703Z [34m2026-09-16 03:48:01.619 UTC 010c INFO[0m [Batcher3Shard1] [34;1mfunc1[0m -> Sending control event took 11.339µs
2026-09-16T03:48:01.619918525Z [34m2026-09-16 03:48:01.619 UTC 010d INFO[0m [Batcher3Shard1] [34;1mfunc1[0m -> Sending control event took 2.969µs
2026-09-16T03:48:01.619919541Z [34m2026-09-16 03:48:01.619 UTC 010e INFO[0m [Batcher3Shard1] [34;1mfunc1[0m -> Sending control event took 14.044µs
2026-09-16T03:48:01.620183848Z [34m2026-09-16 03:48:01.619 UTC 010f INFO[0m [Batcher3Shard1] [34;1mfunc1[0m -> Sending control event took 3.908µs
2026-09-16T03:48:01.620191713Z [34m2026-09-16 03:48:01.619 UTC 0110 INFO[0m [Batcher3Shard1] [34;1mBroadcastControlEvent[0m -> Control event sent to quorum (4 out of 4)
2026-09-16T03:48:01.620193229Z [34m2026-09-16 03:48:01.619 UTC 00b1 INFO[0m [Assembler3] [34;1mfunc3[0m -> Assembler pulled from 172.29.0.10:6224 batch Sh,Pr,Sq,Dg: <1,2,28,a4e4f4b8b50021623cb81e3f47027d890589ef978d1526016a00a61cc5333b9e>
2026-09-16T03:48:01.880870642Z [34m2026-09-16 03:48:01.880 UTC 0123 INFO[0m [Consensus1] [34;1mAssembleProposal[0m -> Creating proposal with 1 attestations and new state: State{N: 4, Quorum: 3, Threshold: 2, ShardCount: 1, 
2026-09-16T03:48:01.880897923Z Pending: none, 
2026-09-16T03:48:01.880899561Z Complaints: none}
2026-09-16T03:48:01.880900487Z [34m2026-09-16 03:48:01.880 UTC 0124 INFO[0m [Consensus1] [34;1mAssembleProposal[0m -> Proposing available common data block: number=29, prevHash=c8a685873e065c2f612c2b7a9aba3bd5ad80009c28456007fd45e675d5141d3c, dataHash=a4e4f4b8b50021623cb81e3f47027d890589ef978d1526016a00a61cc5333b9e, numOfReqs=50, decisionNum=29, blockIndex=0/1, lastConfigBlockNum=0
2026-09-16T03:48:01.882918396Z [34m2026-09-16 03:48:01.882 UTC 0125 INFO[0m [Consensus1] [34;1mprocessProposal[0m -> Processed proposal with seq 29
2026-09-16T03:48:01.885200984Z [34m2026-09-16 03:48:01.885 UTC 00ec INFO[0m [Consensus4] [34;1mprocessProposal[0m -> Processed proposal with seq 29
2026-09-16T03:48:01.885210174Z [34m2026-09-16 03:48:01.885 UTC 00ea INFO[0m [Consensus3] [34;1mprocessProposal[0m -> Processed proposal with seq 29
2026-09-16T03:48:01.885211348Z [34m2026-09-16 03:48:01.885 UTC 00ea INFO[0m [Consensus2] [34;1mprocessProposal[0m -> Processed proposal with seq 29
2026-09-16T03:48:01.885317529Z [34m2026-09-16 03:48:01.885 UTC 00eb INFO[0m [Consensus3] [34;1mprocessPrepares[0m -> 3 collected 2 prepares from [1 2]
2026-09-16T03:48:01.885325374Z [34m2026-09-16 03:48:01.885 UTC 00ed INFO[0m [Consensus4] [34;1mprocessPrepares[0m -> 4 collected 2 prepares from [1 2]
2026-09-16T03:48:01.885326826Z [34m2026-09-16 03:48:01.885 UTC 00eb INFO[0m [Consensus2] [34;1mprocessPrepares[0m -> 2 collected 2 prepares from [1 4]
2026-09-16T03:48:01.885404645Z [34m2026-09-16 03:48:01.885 UTC 0126 INFO[0m [Consensus1] [34;1mprocessPrepares[0m -> 1 collected 2 prepares from [3 4]
2026-09-16T03:48:01.887036690Z [34m2026-09-16 03:48:01.886 UTC 0127 INFO[0m [Consensus1] [34;1mprocessPrepares[0m -> Processed prepares for proposal with seq 29
2026-09-16T03:48:01.887050284Z [34m2026-09-16 03:48:01.886 UTC 00ec INFO[0m [Consensus2] [34;1mprocessPrepares[0m -> Processed prepares for proposal with seq 29
2026-09-16T03:48:01.887052136Z [34m2026-09-16 03:48:01.886 UTC 00ee INFO[0m [Consensus4] [34;1mprocessPrepares[0m -> Processed prepares for proposal with seq 29
2026-09-16T03:48:01.887064252Z [34m2026-09-16 03:48:01.886 UTC 00ec INFO[0m [Consensus3] [34;1mprocessPrepares[0m -> Processed prepares for proposal with seq 29
2026-09-16T03:48:01.887370032Z [34m2026-09-16 03:48:01.887 UTC 00ef INFO[0m [Consensus4] [34;1mprocessCommits[0m -> 4 collected 2 commits from [2 1]
2026-09-16T03:48:01.887375936Z [34m2026-09-16 03:48:01.887 UTC 00f0 INFO[0m [Consensus4] [34;1mprepared[0m -> 4 processed commits for proposal with seq 29
2026-09-16T03:48:01.887377346Z [34m2026-09-16 03:48:01.887 UTC 00f1 INFO[0m [Consensus4] [34;1mdecide[0m -> Deciding on seq 29
2026-09-16T03:48:01.887378373Z [34m2026-09-16 03:48:01.887 UTC 00f2 INFO[0m [Consensus4] [34;1mstartNextSeq[0m -> Sequence: 29-->30
2026-09-16T03:48:01.887490974Z [34m2026-09-16 03:48:01.887 UTC 00ed INFO[0m [Consensus3] [34;1mprocessCommits[0m -> 3 collected 2 commits from [1 4]
2026-09-16T03:48:01.887495905Z [34m2026-09-16 03:48:01.887 UTC 0128 INFO[0m [Consensus1] [34;1mprocessCommits[0m -> 1 collected 2 commits from [4 2]
2026-09-16T03:48:01.887497132Z [34m2026-09-16 03:48:01.887 UTC 00ee INFO[0m [Consensus3] [34;1mprepared[0m -> 3 processed commits for proposal with seq 29
2026-09-16T03:48:01.887497964Z [34m2026-09-16 03:48:01.887 UTC 0129 INFO[0m [Consensus1] [34;1mprepared[0m -> 1 processed commits for proposal with seq 29
2026-09-16T03:48:01.887498666Z [34m2026-09-16 03:48:01.887 UTC 00ef INFO[0m [Consensus3] [34;1mdecide[0m -> Deciding on seq 29
2026-09-16T03:48:01.887499300Z [34m2026-09-16 03:48:01.887 UTC 012a INFO[0m [Consensus1] [34;1mdecide[0m -> Deciding on seq 29
2026-09-16T03:48:01.887500105Z [34m2026-09-16 03:48:01.887 UTC 00f0 INFO[0m [Consensus3] [34;1mstartNextSeq[0m -> Sequence: 29-->30
2026-09-16T03:48:01.887500813Z [34m2026-09-16 03:48:01.887 UTC 012b INFO[0m [Consensus1] [34;1mstartNextSeq[0m -> Sequence: 29-->30
2026-09-16T03:48:01.887628422Z [34m2026-09-16 03:48:01.887 UTC 00ed INFO[0m [Consensus2] [34;1mprocessCommits[0m -> 2 collected 2 commits from [4 3]
2026-09-16T03:48:01.887632853Z [34m2026-09-16 03:48:01.887 UTC 00ee INFO[0m [Consensus2] [34;1mprepared[0m -> 2 processed commits for proposal with seq 29
2026-09-16T03:48:01.887633976Z [34m2026-09-16 03:48:01.887 UTC 00ef INFO[0m [Consensus2] [34;1mdecide[0m -> Deciding on seq 29
2026-09-16T03:48:01.887634743Z [34m2026-09-16 03:48:01.887 UTC 00f0 INFO[0m [Consensus2] [34;1mstartNextSeq[0m -> Sequence: 29-->30
2026-09-16T03:48:01.891210868Z [34m2026-09-16 03:48:01.891 UTC 00b2 INFO[0m [Assembler3] [34;1mfunc3[0m -> Decision 29, with 1 AvailableCommonBlocks
2026-09-16T03:48:01.891222042Z [34m2026-09-16 03:48:01.891 UTC 00b3 INFO[0m [Assembler3] [34;1mfunc3[0m -> BA index: 0; BatchID: Sh,Pr,Sq,Dg: <1,2,28,a4e4f4b8b50021623cb81e3f47027d890589ef978d1526016a00a61cc5333b9e>; Common Block: Number: 29, PreviousHash: c8a685873e065c2f612c2b7a9aba3bd5ad80009c28456007fd45e675d5141d3c, DataHash: a4e4f4b8b50021623cb81e3f47027d890589ef978d1526016a00a61cc5333b9e; BA block signers: [1 4 3]
2026-09-16T03:48:01.892755817Z [34m2026-09-16 03:48:01.892 UTC 00b2 INFO[0m [Assembler1] [34;1mfunc3[0m -> Decision 29, with 1 AvailableCommonBlocks
2026-09-16T03:48:01.892766263Z [34m2026-09-16 03:48:01.892 UTC 00b3 INFO[0m [Assembler1] [34;1mfunc3[0m -> BA index: 0; BatchID: Sh,Pr,Sq,Dg: <1,2,28,a4e4f4b8b50021623cb81e3f47027d890589ef978d1526016a00a61cc5333b9e>; Common Block: Number: 29, PreviousHash: c8a685873e065c2f612c2b7a9aba3bd5ad80009c28456007fd45e675d5141d3c, DataHash: a4e4f4b8b50021623cb81e3f47027d890589ef978d1526016a00a61cc5333b9e; BA block signers: [4 2 1]
2026-09-16T03:48:01.892768358Z [34m2026-09-16 03:48:01.892 UTC 00b2 INFO[0m [Assembler4] [34;1mfunc3[0m -> Decision 29, with 1 AvailableCommonBlocks
2026-09-16T03:48:01.892769383Z [34m2026-09-16 03:48:01.892 UTC 00b3 INFO[0m [Assembler4] [34;1mfunc3[0m -> BA index: 0; BatchID: Sh,Pr,Sq,Dg: <1,2,28,a4e4f4b8b50021623cb81e3f47027d890589ef978d1526016a00a61cc5333b9e>; Common Block: Number: 29, PreviousHash: c8a685873e065c2f612c2b7a9aba3bd5ad80009c28456007fd45e675d5141d3c, DataHash: a4e4f4b8b50021623cb81e3f47027d890589ef978d1526016a00a61cc5333b9e; BA block signers: [2 1 4]
2026-09-16T03:48:01.892770505Z [34m2026-09-16 03:48:01.892 UTC 00b2 INFO[0m [Assembler2] [34;1mfunc3[0m -> Decision 29, with 1 AvailableCommonBlocks
2026-09-16T03:48:01.892771373Z [34m2026-09-16 03:48:01.892 UTC 00b3 INFO[0m [Assembler2] [34;1mfunc3[0m -> BA index: 0; BatchID: Sh,Pr,Sq,Dg: <1,2,28,a4e4f4b8b50021623cb81e3f47027d890589ef978d1526016a00a61cc5333b9e>; Common Block: Number: 29, PreviousHash: c8a685873e065c2f612c2b7a9aba3bd5ad80009c28456007fd45e675d5141d3c, DataHash: a4e4f4b8b50021623cb81e3f47027d890589ef978d1526016a00a61cc5333b9e; BA block signers: [4 3 2]
2026-09-16T03:48:01.896345181Z [34m2026-09-16 03:48:01.896 UTC 00b4 INFO[0m [Assembler3] [34;1mfunc1[0m -> Appended block 29 of 50 requests to ledger in 5.056893ms
2026-09-16T03:48:01.897372040Z [34m2026-09-16 03:48:01.897 UTC 00b4 INFO[0m [Assembler4] [34;1mfunc1[0m -> Appended block 29 of 50 requests to ledger in 4.812449ms
2026-09-16T03:48:01.897379027Z [34m2026-09-16 03:48:01.897 UTC 00b4 INFO[0m [Assembler2] [34;1mfunc1[0m -> Appended block 29 of 50 requests to ledger in 4.757121ms
2026-09-16T03:48:01.897380571Z [34m2026-09-16 03:48:01.897 UTC 00b4 INFO[0m [Assembler1] [34;1mfunc1[0m -> Appended block 29 of 50 requests to ledger in 4.829822ms
2026-09-16T03:48:02.614536611Z [34m2026-09-16 03:48:02.614 UTC 00f4 INFO[0m [Batcher2Shard1] [34;1mrunPrimary[0m -> Batcher batched a total of 50 requests for sequence 29
2026-09-16T03:48:02.617439634Z [34m2026-09-16 03:48:02.617 UTC 00f5 INFO[0m [Batcher2Shard1] [34;1mSendBAF[0m -> Sending batch attestation fragment for seq 29 with digest 4911ce55e4e1ce0df85cc1587d38a0b682a09df28ea3749d789fa31a948c1c55
2026-09-16T03:48:02.617453174Z [34m2026-09-16 03:48:02.617 UTC 00f6 INFO[0m [Batcher2Shard1] [34;1mfunc1[0m -> Sending control event took 24.225µs
2026-09-16T03:48:02.617828570Z [34m2026-09-16 03:48:02.617 UTC 00f7 INFO[0m [Batcher2Shard1] [34;1mfunc1[0m -> Sending control event took 22.731µs
2026-09-16T03:48:02.617846160Z [34m2026-09-16 03:48:02.617 UTC 00f8 INFO[0m [Batcher2Shard1] [34;1mfunc1[0m -> Sending control event took 4.419µs
2026-09-16T03:48:02.617848164Z [34m2026-09-16 03:48:02.617 UTC 00f9 INFO[0m [Batcher2Shard1] [34;1mfunc1[0m -> Sending control event took 12.31µs
2026-09-16T03:48:02.617849602Z [34m2026-09-16 03:48:02.617 UTC 00fa INFO[0m [Batcher2Shard1] [34;1mBroadcastControlEvent[0m -> Control event sent to quorum (4 out of 4)
2026-09-16T03:48:02.617850900Z [34m2026-09-16 03:48:02.617 UTC 0111 INFO[0m [Batcher4Shard1] [34;1mfunc3[0m -> [shard1party2-arma] Fetched batch 29 with 50 transactions
2026-09-16T03:48:02.617852033Z [34m2026-09-16 03:48:02.617 UTC 0111 INFO[0m [Batcher3Shard1] [34;1mfunc3[0m -> [shard1party2-arma] Fetched batch 29 with 50 transactions
2026-09-16T03:48:02.617853062Z [34m2026-09-16 03:48:02.617 UTC 0111 INFO[0m [Batcher1Shard1] [34;1mfunc3[0m -> [shard1party2-arma] Fetched batch 29 with 50 transactions
2026-09-16T03:48:02.617854132Z [34m2026-09-16 03:48:02.617 UTC 0112 INFO[0m [Batcher4Shard1] [34;1mrunSecondary[0m -> Secondary batcher 4 (shard 1; current primary 2) appending to ledger batch with seq 29 and 50 requests
2026-09-16T03:48:02.617855324Z [34m2026-09-16 03:48:02.617 UTC 0112 INFO[0m [Batcher3Shard1] [34;1mrunSecondary[0m -> Secondary batcher 3 (shard 1; current primary 2) appending to ledger batch with seq 29 and 50 requests
2026-09-16T03:48:02.617862588Z [34m2026-09-16 03:48:02.617 UTC 00b5 INFO[0m [Assembler2] [34;1mfunc3[0m -> Assembler pulled from 172.29.0.10:6124 batch Sh,Pr,Sq,Dg: <1,2,29,4911ce55e4e1ce0df85cc1587d38a0b682a09df28ea3749d789fa31a948c1c55>
2026-09-16T03:48:02.617864297Z [34m2026-09-16 03:48:02.617 UTC 0112 INFO[0m [Batcher1Shard1] [34;1mrunSecondary[0m -> Secondary batcher 1 (shard 1; current primary 2) appending to ledger batch with seq 29 and 50 requests
2026-09-16T03:48:02.621099627Z [34m2026-09-16 03:48:02.621 UTC 0113 INFO[0m [Batcher4Shard1] [34;1mSendBAF[0m -> Sending batch attestation fragment for seq 29 with digest 4911ce55e4e1ce0df85cc1587d38a0b682a09df28ea3749d789fa31a948c1c55
2026-09-16T03:48:02.621104582Z [34m2026-09-16 03:48:02.621 UTC 0113 INFO[0m [Batcher3Shard1] [34;1mSendBAF[0m -> Sending batch attestation fragment for seq 29 with digest 4911ce55e4e1ce0df85cc1587d38a0b682a09df28ea3749d789fa31a948c1c55
2026-09-16T03:48:02.621106057Z [34m2026-09-16 03:48:02.621 UTC 0114 INFO[0m [Batcher4Shard1] [34;1mfunc1[0m -> Sending control event took 9.281µs
2026-09-16T03:48:02.621386197Z [34m2026-09-16 03:48:02.621 UTC 0114 INFO[0m [Batcher3Shard1] [34;1mfunc1[0m -> Sending control event took 16.727µs
2026-09-16T03:48:02.621401602Z [34m2026-09-16 03:48:02.621 UTC 0115 INFO[0m [Batcher4Shard1] [34;1mfunc1[0m -> Sending control event took 2.802µs
2026-09-16T03:48:02.621409754Z [34m2026-09-16 03:48:02.621 UTC 0116 INFO[0m [Batcher4Shard1] [34;1mfunc1[0m -> Sending control event took 2.409µs
2026-09-16T03:48:02.621411150Z [34m2026-09-16 03:48:02.621 UTC 0115 INFO[0m [Batcher3Shard1] [34;1mfunc1[0m -> Sending control event took 2.389µs
2026-09-16T03:48:02.621412064Z [34m2026-09-16 03:48:02.621 UTC 0117 INFO[0m [Batcher4Shard1] [34;1mfunc1[0m -> Sending control event took 11.464µs
2026-09-16T03:48:02.621412794Z [34m2026-09-16 03:48:02.621 UTC 0118 INFO[0m [Batcher4Shard1] [34;1mBroadcastControlEvent[0m -> Control event sent to quorum (4 out of 4)
2026-09-16T03:48:02.621413459Z [34m2026-09-16 03:48:02.621 UTC 0116 INFO[0m [Batcher3Shard1] [34;1mfunc1[0m -> Sending control event took 12.378µs
2026-09-16T03:48:02.621414073Z [34m2026-09-16 03:48:02.621 UTC 0117 INFO[0m [Batcher3Shard1] [34;1mfunc1[0m -> Sending control event took 2.675µs
2026-09-16T03:48:02.621414675Z [34m2026-09-16 03:48:02.621 UTC 0118 INFO[0m [Batcher3Shard1] [34;1mBroadcastControlEvent[0m -> Control event sent to quorum (4 out of 4)
2026-09-16T03:48:02.621415375Z [34m2026-09-16 03:48:02.621 UTC 00b5 INFO[0m [Assembler4] [34;1mfunc3[0m -> Assembler pulled from 172.29.0.10:6324 batch Sh,Pr,Sq,Dg: <1,2,29,4911ce55e4e1ce0df85cc1587d38a0b682a09df28ea3749d789fa31a948c1c55>
2026-09-16T03:48:02.621653927Z [34m2026-09-16 03:48:02.621 UTC 00b5 INFO[0m [Assembler3] [34;1mfunc3[0m -> Assembler pulled from 172.29.0.10:6224 batch Sh,Pr,Sq,Dg: <1,2,29,4911ce55e4e1ce0df85cc1587d38a0b682a09df28ea3749d789fa31a948c1c55>
2026-09-16T03:48:02.622162137Z [34m2026-09-16 03:48:02.622 UTC 0113 INFO[0m [Batcher1Shard1] [34;1mSendBAF[0m -> Sending batch attestation fragment for seq 29 with digest 4911ce55e4e1ce0df85cc1587d38a0b682a09df28ea3749d789fa31a948c1c55
2026-09-16T03:48:02.622169508Z [34m2026-09-16 03:48:02.622 UTC 0114 INFO[0m [Batcher1Shard1] [34;1mfunc1[0m -> Sending control event took 10.25µs
2026-09-16T03:48:02.622179219Z [34m2026-09-16 03:48:02.622 UTC 0115 INFO[0m [Batcher1Shard1] [34;1mfunc1[0m -> Sending control event took 2.713µs
2026-09-16T03:48:02.622223863Z [34m2026-09-16 03:48:02.622 UTC 0116 INFO[0m [Batcher1Shard1] [34;1mfunc1[0m -> Sending control event took 9.72µs
2026-09-16T03:48:02.622229878Z [34m2026-09-16 03:48:02.622 UTC 0117 INFO[0m [Batcher1Shard1] [34;1mfunc1[0m -> Sending control event took 8.252µs
2026-09-16T03:48:02.622231420Z [34m2026-09-16 03:48:02.622 UTC 0118 INFO[0m [Batcher1Shard1] [34;1mBroadcastControlEvent[0m -> Control event sent to quorum (4 out of 4)
2026-09-16T03:48:02.622425138Z [34m2026-09-16 03:48:02.622 UTC 00b5 INFO[0m [Assembler1] [34;1mfunc3[0m -> Assembler pulled from 172.29.0.10:6024 batch Sh,Pr,Sq,Dg: <1,2,29,4911ce55e4e1ce0df85cc1587d38a0b682a09df28ea3749d789fa31a948c1c55>
2026-09-16T03:48:02.894027466Z [34m2026-09-16 03:48:02.893 UTC 012c INFO[0m [Consensus1] [34;1mAssembleProposal[0m -> Creating proposal with 1 attestations and new state: State{N: 4, Quorum: 3, Threshold: 2, ShardCount: 1, 
2026-09-16T03:48:02.894057260Z Pending: none, 
2026-09-16T03:48:02.894058903Z Complaints: none}
2026-09-16T03:48:02.894060009Z [34m2026-09-16 03:48:02.893 UTC 012d INFO[0m [Consensus1] [34;1mAssembleProposal[0m -> Proposing available common data block: number=30, prevHash=195995ae70d138f44daa0355f406de96410d006a75f89ca4fd5daef488b2c1a0, dataHash=4911ce55e4e1ce0df85cc1587d38a0b682a09df28ea3749d789fa31a948c1c55, numOfReqs=50, decisionNum=30, blockIndex=0/1, lastConfigBlockNum=0
2026-09-16T03:48:02.896865710Z [34m2026-09-16 03:48:02.896 UTC 012e INFO[0m [Consensus1] [34;1mprocessProposal[0m -> Processed proposal with seq 30
2026-09-16T03:48:02.899410222Z [34m2026-09-16 03:48:02.899 UTC 00f3 INFO[0m [Consensus4] [34;1mprocessProposal[0m -> Processed proposal with seq 30
2026-09-16T03:48:02.899420187Z [34m2026-09-16 03:48:02.899 UTC 00f1 INFO[0m [Consensus2] [34;1mprocessProposal[0m -> Processed proposal with seq 30
2026-09-16T03:48:02.899421664Z [34m2026-09-16 03:48:02.899 UTC 012f INFO[0m [Consensus1] [34;1mprocessPrepares[0m -> 1 collected 2 prepares from [2 4]
2026-09-16T03:48:02.899628754Z [34m2026-09-16 03:48:02.899 UTC 00f4 INFO[0m [Consensus4] [34;1mprocessPrepares[0m -> 4 collected 2 prepares from [1 2]
2026-09-16T03:48:02.899634221Z [34m2026-09-16 03:48:02.899 UTC 00f2 INFO[0m [Consensus2] [34;1mprocessPrepares[0m -> 2 collected 2 prepares from [1 4]
2026-09-16T03:48:02.900887388Z [34m2026-09-16 03:48:02.900 UTC 00f1 INFO[0m [Consensus3] [34;1mprocessProposal[0m -> Processed proposal with seq 30
2026-09-16T03:48:02.900892644Z [34m2026-09-16 03:48:02.900 UTC 00f2 INFO[0m [Consensus3] [34;1mprocessPrepares[0m -> 3 collected 2 prepares from [1 4]
2026-09-16T03:48:02.902209127Z [34m2026-09-16 03:48:02.902 UTC 0130 INFO[0m [Consensus1] [34;1mprocessPrepares[0m -> Processed prepares for proposal with seq 30
2026-09-16T03:48:02.902217430Z [34m2026-09-16 03:48:02.902 UTC 00f5 INFO[0m [Consensus4] [34;1mprocessPrepares[0m -> Processed prepares for proposal with seq 30
2026-09-16T03:48:02.902432157Z [34m2026-09-16 03:48:02.902 UTC 00f3 INFO[0m [Consensus2] [34;1mprocessPrepares[0m -> Processed prepares for proposal with seq 30
2026-09-16T03:48:02.902538869Z [34m2026-09-16 03:48:02.902 UTC 00f6 INFO[0m [Consensus4] [34;1mprocessCommits[0m -> 4 collected 2 commits from [2 1]
2026-09-16T03:48:02.902541881Z [34m2026-09-16 03:48:02.902 UTC 00f7 INFO[0m [Consensus4] [34;1mprepared[0m -> 4 processed commits for proposal with seq 30
2026-09-16T03:48:02.902542813Z [34m2026-09-16 03:48:02.902 UTC 00f8 INFO[0m [Consensus4] [34;1mdecide[0m -> Deciding on seq 30
2026-09-16T03:48:02.902543591Z [34m2026-09-16 03:48:02.902 UTC 00f9 INFO[0m [Consensus4] [34;1mstartNextSeq[0m -> Sequence: 30-->31
2026-09-16T03:48:02.902668953Z [34m2026-09-16 03:48:02.902 UTC 00f4 INFO[0m [Consensus2] [34;1mprocessCommits[0m -> 2 collected 2 commits from [1 4]
2026-09-16T03:48:02.902680366Z [34m2026-09-16 03:48:02.902 UTC 00f5 INFO[0m [Consensus2] [34;1mprepared[0m -> 2 processed commits for proposal with seq 30
2026-09-16T03:48:02.902681765Z [34m2026-09-16 03:48:02.902 UTC 00f6 INFO[0m [Consensus2] [34;1mdecide[0m -> Deciding on seq 30
2026-09-16T03:48:02.902682663Z [34m2026-09-16 03:48:02.902 UTC 00f7 INFO[0m [Consensus2] [34;1mstartNextSeq[0m -> Sequence: 30-->31
2026-09-16T03:48:02.902732954Z [34m2026-09-16 03:48:02.902 UTC 0131 INFO[0m [Consensus1] [34;1mprocessCommits[0m -> 1 collected 2 commits from [4 2]
2026-09-16T03:48:02.902738004Z [34m2026-09-16 03:48:02.902 UTC 0132 INFO[0m [Consensus1] [34;1mprepared[0m -> 1 processed commits for proposal with seq 30
2026-09-16T03:48:02.902739330Z [34m2026-09-16 03:48:02.902 UTC 0133 INFO[0m [Consensus1] [34;1mdecide[0m -> Deciding on seq 30
2026-09-16T03:48:02.902740297Z [34m2026-09-16 03:48:02.902 UTC 0134 INFO[0m [Consensus1] [34;1mstartNextSeq[0m -> Sequence: 30-->31
2026-09-16T03:48:02.904154799Z [34m2026-09-16 03:48:02.904 UTC 00f3 INFO[0m [Consensus3] [34;1mprocessPrepares[0m -> Processed prepares for proposal with seq 30
2026-09-16T03:48:02.904369241Z [34m2026-09-16 03:48:02.904 UTC 00f4 INFO[0m [Consensus3] [34;1mprocessCommits[0m -> 3 collected 2 commits from [4 2]
2026-09-16T03:48:02.904374699Z [34m2026-09-16 03:48:02.904 UTC 00f5 INFO[0m [Consensus3] [34;1mprepared[0m -> 3 processed commits for proposal with seq 30
2026-09-16T03:48:02.904376332Z [34m2026-09-16 03:48:02.904 UTC 00f6 INFO[0m [Consensus3] [34;1mdecide[0m -> Deciding on seq 30
2026-09-16T03:48:02.904377503Z [34m2026-09-16 03:48:02.904 UTC 00f7 INFO[0m [Consensus3] [34;1mstartNextSeq[0m -> Sequence: 30-->31
2026-09-16T03:48:02.907760803Z [34m2026-09-16 03:48:02.907 UTC 00b6 INFO[0m [Assembler2] [34;1mfunc3[0m -> Decision 30, with 1 AvailableCommonBlocks
2026-09-16T03:48:02.907768807Z [34m2026-09-16 03:48:02.907 UTC 00b7 INFO[0m [Assembler2] [34;1mfunc3[0m -> BA index: 0; BatchID: Sh,Pr,Sq,Dg: <1,2,29,4911ce55e4e1ce0df85cc1587d38a0b682a09df28ea3749d789fa31a948c1c55>; Common Block: Number: 30, PreviousHash: 195995ae70d138f44daa0355f406de96410d006a75f89ca4fd5daef488b2c1a0, DataHash: 4911ce55e4e1ce0df85cc1587d38a0b682a09df28ea3749d789fa31a948c1c55; BA block signers: [1 4 2]
2026-09-16T03:48:02.907869023Z [34m2026-09-16 03:48:02.907 UTC 00b6 INFO[0m [Assembler4] [34;1mfunc3[0m -> Decision 30, with 1 AvailableCommonBlocks
2026-09-16T03:48:02.907875282Z [34m2026-09-16 03:48:02.907 UTC 00b7 INFO[0m [Assembler4] [34;1mfunc3[0m -> BA index: 0; BatchID: Sh,Pr,Sq,Dg: <1,2,29,4911ce55e4e1ce0df85cc1587d38a0b682a09df28ea3749d789fa31a948c1c55>; Common Block: Number: 30, PreviousHash: 195995ae70d138f44daa0355f406de96410d006a75f89ca4fd5daef488b2c1a0, DataHash: 4911ce55e4e1ce0df85cc1587d38a0b682a09df28ea3749d789fa31a948c1c55; BA block signers: [2 1 4]
2026-09-16T03:48:02.907884598Z [34m2026-09-16 03:48:02.907 UTC 00b6 INFO[0m [Assembler1] [34;1mfunc3[0m -> Decision 30, with 1 AvailableCommonBlocks
2026-09-16T03:48:02.907886075Z [34m2026-09-16 03:48:02.907 UTC 00b7 INFO[0m [Assembler1] [34;1mfunc3[0m -> BA index: 0; BatchID: Sh,Pr,Sq,Dg: <1,2,29,4911ce55e4e1ce0df85cc1587d38a0b682a09df28ea3749d789fa31a948c1c55>; Common Block: Number: 30, PreviousHash: 195995ae70d138f44daa0355f406de96410d006a75f89ca4fd5daef488b2c1a0, DataHash: 4911ce55e4e1ce0df85cc1587d38a0b682a09df28ea3749d789fa31a948c1c55; BA block signers: [4 2 1]
2026-09-16T03:48:02.909492863Z [34m2026-09-16 03:48:02.909 UTC 00b6 INFO[0m [Assembler3] [34;1mfunc3[0m -> Decision 30, with 1 AvailableCommonBlocks
2026-09-16T03:48:02.909502320Z [34m2026-09-16 03:48:02.909 UTC 00b7 INFO[0m [Assembler3] [34;1mfunc3[0m -> BA index: 0; BatchID: Sh,Pr,Sq,Dg: <1,2,29,4911ce55e4e1ce0df85cc1587d38a0b682a09df28ea3749d789fa31a948c1c55>; Common Block: Number: 30, PreviousHash: 195995ae70d138f44daa0355f406de96410d006a75f89ca4fd5daef488b2c1a0, DataHash: 4911ce55e4e1ce0df85cc1587d38a0b682a09df28ea3749d789fa31a948c1c55; BA block signers: [4 2 3]
2026-09-16T03:48:02.912750624Z [34m2026-09-16 03:48:02.912 UTC 00b8 INFO[0m [Assembler4] [34;1mfunc1[0m -> Appended block 30 of 50 requests to ledger in 4.876112ms
2026-09-16T03:48:02.912761817Z [34m2026-09-16 03:48:02.912 UTC 00b8 INFO[0m [Assembler2] [34;1mfunc1[0m -> Appended block 30 of 50 requests to ledger in 4.921803ms
2026-09-16T03:48:02.912765930Z [34m2026-09-16 03:48:02.912 UTC 00b8 INFO[0m [Assembler1] [34;1mfunc1[0m -> Appended block 30 of 50 requests to ledger in 4.799114ms
2026-09-16T03:48:02.914041033Z [34m2026-09-16 03:48:02.913 UTC 00b8 INFO[0m [Assembler3] [34;1mfunc1[0m -> Appended block 30 of 50 requests to ledger in 4.505967ms
2026-09-16T03:48:03.617913331Z [34m2026-09-16 03:48:03.617 UTC 00fb INFO[0m [Batcher2Shard1] [34;1mrunPrimary[0m -> Batcher batched a total of 50 requests for sequence 30
2026-09-16T03:48:03.621586485Z [34m2026-09-16 03:48:03.621 UTC 00fc INFO[0m [Batcher2Shard1] [34;1mSendBAF[0m -> Sending batch attestation fragment for seq 30 with digest a82bd221037440bad384b9935823f7da0a19550b26847edde4a2a260c82e79d9
2026-09-16T03:48:03.621593847Z [34m2026-09-16 03:48:03.621 UTC 00fd INFO[0m [Batcher2Shard1] [34;1mfunc1[0m -> Sending control event took 29.828µs
2026-09-16T03:48:03.621666731Z [34m2026-09-16 03:48:03.621 UTC 00fe INFO[0m [Batcher2Shard1] [34;1mfunc1[0m -> Sending control event took 5.02µs
2026-09-16T03:48:03.621675299Z [34m2026-09-16 03:48:03.621 UTC 00ff INFO[0m [Batcher2Shard1] [34;1mfunc1[0m -> Sending control event took 15.936µs
2026-09-16T03:48:03.621676747Z [34m2026-09-16 03:48:03.621 UTC 0100 INFO[0m [Batcher2Shard1] [34;1mfunc1[0m -> Sending control event took 12.305µs
2026-09-16T03:48:03.621677640Z [34m2026-09-16 03:48:03.621 UTC 0101 INFO[0m [Batcher2Shard1] [34;1mBroadcastControlEvent[0m -> Control event sent to quorum (4 out of 4)
2026-09-16T03:48:03.621758796Z [34m2026-09-16 03:48:03.621 UTC 0119 INFO[0m [Batcher4Shard1] [34;1mfunc3[0m -> [shard1party2-arma] Fetched batch 30 with 50 transactions
2026-09-16T03:48:03.621776052Z [34m2026-09-16 03:48:03.621 UTC 0119 INFO[0m [Batcher1Shard1] [34;1mfunc3[0m -> [shard1party2-arma] Fetched batch 30 with 50 transactions
2026-09-16T03:48:03.621859692Z [34m2026-09-16 03:48:03.621 UTC 00b9 INFO[0m [Assembler2] [34;1mfunc3[0m -> Assembler pulled from 172.29.0.10:6124 batch Sh,Pr,Sq,Dg: <1,2,30,a82bd221037440bad384b9935823f7da0a19550b26847edde4a2a260c82e79d9>
2026-09-16T03:48:03.621865847Z [34m2026-09-16 03:48:03.621 UTC 0119 INFO[0m [Batcher3Shard1] [34;1mfunc3[0m -> [shard1party2-arma] Fetched batch 30 with 50 transactions
2026-09-16T03:48:03.622378745Z [34m2026-09-16 03:48:03.621 UTC 011a INFO[0m [Batcher4Shard1] [34;1mrunSecondary[0m -> Secondary batcher 4 (shard 1; current primary 2) appending to ledger batch with seq 30 and 50 requests
2026-09-16T03:48:03.622441617Z [34m2026-09-16 03:48:03.621 UTC 011a INFO[0m [Batcher1Shard1] [34;1mrunSecondary[0m -> Secondary batcher 1 (shard 1; current primary 2) appending to ledger batch with seq 30 and 50 requests
2026-09-16T03:48:03.622459196Z [34m2026-09-16 03:48:03.622 UTC 011a INFO[0m [Batcher3Shard1] [34;1mrunSecondary[0m -> Secondary batcher 3 (shard 1; current primary 2) appending to ledger batch with seq 30 and 50 requests
2026-09-16T03:48:03.626920595Z [34m2026-09-16 03:48:03.626 UTC 011b INFO[0m [Batcher4Shard1] [34;1mSendBAF[0m -> Sending batch attestation fragment for seq 30 with digest a82bd221037440bad384b9935823f7da0a19550b26847edde4a2a260c82e79d9
2026-09-16T03:48:03.626940258Z [34m2026-09-16 03:48:03.626 UTC 011c INFO[0m [Batcher4Shard1] [34;1mfunc1[0m -> Sending control event took 11.858µs
2026-09-16T03:48:03.626942599Z [34m2026-09-16 03:48:03.626 UTC 011e INFO[0m [Batcher4Shard1] [34;1mfunc1[0m -> Sending control event took 3.499µs
2026-09-16T03:48:03.626943647Z [34m2026-09-16 03:48:03.626 UTC 011d INFO[0m [Batcher4Shard1] [34;1mfunc1[0m -> Sending control event took 10.818µs
2026-09-16T03:48:03.626944521Z [34m2026-09-16 03:48:03.626 UTC 011f INFO[0m [Batcher4Shard1] [34;1mfunc1[0m -> Sending control event took 6.695µs
2026-09-16T03:48:03.626945384Z [34m2026-09-16 03:48:03.626 UTC 0120 INFO[0m [Batcher4Shard1] [34;1mBroadcastControlEvent[0m -> Control event sent to quorum (4 out of 4)
2026-09-16T03:48:03.627260769Z [34m2026-09-16 03:48:03.627 UTC 00b9 INFO[0m [Assembler4] [34;1mfunc3[0m -> Assembler pulled from 172.29.0.10:6324 batch Sh,Pr,Sq,Dg: <1,2,30,a82bd221037440bad384b9935823f7da0a19550b26847edde4a2a260c82e79d9>
2026-09-16T03:48:03.628267574Z [34m2026-09-16 03:48:03.628 UTC 011b INFO[0m [Batcher1Shard1] [34;1mSendBAF[0m -> Sending batch attestation fragment for seq 30 with digest a82bd221037440bad384b9935823f7da0a19550b26847edde4a2a260c82e79d9
2026-09-16T03:48:03.628274346Z [34m2026-09-16 03:48:03.628 UTC 011b INFO[0m [Batcher3Shard1] [34;1mSendBAF[0m -> Sending batch attestation fragment for seq 30 with digest a82bd221037440bad384b9935823f7da0a19550b26847edde4a2a260c82e79d9
2026-09-16T03:48:03.628285677Z [34m2026-09-16 03:48:03.628 UTC 011c INFO[0m [Batcher1Shard1] [34;1mfunc1[0m -> Sending control event took 26.357µs
2026-09-16T03:48:03.628287190Z [34m2026-09-16 03:48:03.628 UTC 011c INFO[0m [Batcher3Shard1] [34;1mfunc1[0m -> Sending control event took 12.043µs
2026-09-16T03:48:03.628288106Z [34m2026-09-16 03:48:03.628 UTC 011d INFO[0m [Batcher1Shard1] [34;1mfunc1[0m -> Sending control event took 13.73µs
2026-09-16T03:48:03.628294164Z [34m2026-09-16 03:48:03.628 UTC 011e INFO[0m [Batcher1Shard1] [34;1mfunc1[0m -> Sending control event took 2.792µs
2026-09-16T03:48:03.628295328Z [34m2026-09-16 03:48:03.628 UTC 011d INFO[0m [Batcher3Shard1] [34;1mfunc1[0m -> Sending control event took 13.365µs
2026-09-16T03:48:03.628296178Z [34m2026-09-16 03:48:03.628 UTC 011f INFO[0m [Batcher1Shard1] [34;1mfunc1[0m -> Sending control event took 11.041µs
2026-09-16T03:48:03.628297157Z [34m2026-09-16 03:48:03.628 UTC 011e INFO[0m [Batcher3Shard1] [34;1mfunc1[0m -> Sending control event took 20.644µs
2026-09-16T03:48:03.628298003Z [34m2026-09-16 03:48:03.628 UTC 0120 INFO[0m [Batcher1Shard1] [34;1mBroadcastControlEvent[0m -> Control event sent to quorum (4 out of 4)
2026-09-16T03:48:03.628298949Z [34m2026-09-16 03:48:03.628 UTC 011f INFO[0m [Batcher3Shard1] [34;1mfunc1[0m -> Sending control event took 4.429µs
2026-09-16T03:48:03.628299746Z [34m2026-09-16 03:48:03.628 UTC 0120 INFO[0m [Batcher3Shard1] [34;1mBroadcastControlEvent[0m -> Control event sent to quorum (4 out of 4)
2026-09-16T03:48:03.628477982Z [34m2026-09-16 03:48:03.628 UTC 00b9 INFO[0m [Assembler1] [34;1mfunc3[0m -> Assembler pulled from 172.29.0.10:6024 batch Sh,Pr,Sq,Dg: <1,2,30,a82bd221037440bad384b9935823f7da0a19550b26847edde4a2a260c82e79d9>
2026-09-16T03:48:03.628483968Z [34m2026-09-16 03:48:03.628 UTC 00b9 INFO[0m [Assembler3] [34;1mfunc3[0m -> Assembler pulled from 172.29.0.10:6224 batch Sh,Pr,Sq,Dg: <1,2,30,a82bd221037440bad384b9935823f7da0a19550b26847edde4a2a260c82e79d9>
2026-09-16T03:48:03.909233668Z [34m2026-09-16 03:48:03.909 UTC 0135 INFO[0m [Consensus1] [34;1mAssembleProposal[0m -> Creating proposal with 1 attestations and new state: State{N: 4, Quorum: 3, Threshold: 2, ShardCount: 1, 
2026-09-16T03:48:03.909266767Z Pending: none, 
2026-09-16T03:48:03.909268730Z Complaints: none}
2026-09-16T03:48:03.909269574Z [34m2026-09-16 03:48:03.909 UTC 0136 INFO[0m [Consensus1] [34;1mAssembleProposal[0m -> Proposing available common data block: number=31, prevHash=d5e6f54f6209e0530a5e5fd7e267e5eb355178d0bcb1839d65b3220f8e6e9ada, dataHash=a82bd221037440bad384b9935823f7da0a19550b26847edde4a2a260c82e79d9, numOfReqs=50, decisionNum=31, blockIndex=0/1, lastConfigBlockNum=0
2026-09-16T03:48:03.911434943Z [34m2026-09-16 03:48:03.911 UTC 0137 INFO[0m [Consensus1] [34;1mprocessProposal[0m -> Processed proposal with seq 31
2026-09-16T03:48:03.913606966Z [34m2026-09-16 03:48:03.913 UTC 00f8 INFO[0m [Consensus3] [34;1mprocessProposal[0m -> Processed proposal with seq 31
2026-09-16T03:48:03.913640549Z [34m2026-09-16 03:48:03.913 UTC 00f8 INFO[0m [Consensus2] [34;1mprocessProposal[0m -> Processed proposal with seq 31
2026-09-16T03:48:03.913643972Z [34m2026-09-16 03:48:03.913 UTC 00fa INFO[0m [Consensus4] [34;1mprocessProposal[0m -> Processed proposal with seq 31
2026-09-16T03:48:03.913645582Z [34m2026-09-16 03:48:03.913 UTC 00f9 INFO[0m [Consensus3] [34;1mprocessPrepares[0m -> 3 collected 2 prepares from [1 4]
2026-09-16T03:48:03.913646512Z [34m2026-09-16 03:48:03.913 UTC 00fb INFO[0m [Consensus4] [34;1mprocessPrepares[0m -> 4 collected 2 prepares from [1 2]
2026-09-16T03:48:03.913647413Z [34m2026-09-16 03:48:03.913 UTC 00f9 INFO[0m [Consensus2] [34;1mprocessPrepares[0m -> 2 collected 2 prepares from [1 4]
2026-09-16T03:48:03.913648659Z [34m2026-09-16 03:48:03.913 UTC 0138 INFO[0m [Consensus1] [34;1mprocessPrepares[0m -> 1 collected 2 prepares from [3 2]
2026-09-16T03:48:03.915000566Z [34m2026-09-16 03:48:03.914 UTC 00fa INFO[0m [Consensus3] [34;1mprocessPrepares[0m -> Processed prepares for proposal with seq 31
2026-09-16T03:48:03.915010107Z [34m2026-09-16 03:48:03.914 UTC 00fa INFO[0m [Consensus2] [34;1mprocessPrepares[0m -> Processed prepares for proposal with seq 31
2026-09-16T03:48:03.915011385Z [34m2026-09-16 03:48:03.914 UTC 00fc INFO[0m [Consensus4] [34;1mprocessPrepares[0m -> Processed prepares for proposal with seq 31
2026-09-16T03:48:03.915012223Z [34m2026-09-16 03:48:03.914 UTC 0139 INFO[0m [Consensus1] [34;1mprocessPrepares[0m -> Processed prepares for proposal with seq 31
2026-09-16T03:48:03.915465260Z [34m2026-09-16 03:48:03.915 UTC 00fb INFO[0m [Consensus3] [34;1mprocessCommits[0m -> 3 collected 2 commits from [1 4]
2026-09-16T03:48:03.915472841Z [34m2026-09-16 03:48:03.915 UTC 00fc INFO[0m [Consensus3] [34;1mprepared[0m -> 3 processed commits for proposal with seq 31
2026-09-16T03:48:03.915474447Z [34m2026-09-16 03:48:03.915 UTC 00fb INFO[0m [Consensus2] [34;1mprocessCommits[0m -> 2 collected 2 commits from [1 3]
2026-09-16T03:48:03.915475397Z [34m2026-09-16 03:48:03.915 UTC 00fd INFO[0m [Consensus3] [34;1mdecide[0m -> Deciding on seq 31
2026-09-16T03:48:03.915476282Z [34m2026-09-16 03:48:03.915 UTC 00fc INFO[0m [Consensus2] [34;1mprepared[0m -> 2 processed commits for proposal with seq 31
2026-09-16T03:48:03.915477087Z [34m2026-09-16 03:48:03.915 UTC 00fe INFO[0m [Consensus3] [34;1mstartNextSeq[0m -> Sequence: 31-->32
2026-09-16T03:48:03.915477935Z [34m2026-09-16 03:48:03.915 UTC 00fd INFO[0m [Consensus2] [34;1mdecide[0m -> Deciding on seq 31
2026-09-16T03:48:03.915478732Z [34m2026-09-16 03:48:03.915 UTC 00fe INFO[0m [Consensus2] [34;1mstartNextSeq[0m -> Sequence: 31-->32
2026-09-16T03:48:03.915533913Z [34m2026-09-16 03:48:03.915 UTC 013a INFO[0m [Consensus1] [34;1mprocessCommits[0m -> 1 collected 2 commits from [3 4]
2026-09-16T03:48:03.915545399Z [34m2026-09-16 03:48:03.915 UTC 00fd INFO[0m [Consensus4] [34;1mprocessCommits[0m -> 4 collected 2 commits from [2 3]
2026-09-16T03:48:03.915547230Z [34m2026-09-16 03:48:03.915 UTC 00fe INFO[0m [Consensus4] [34;1mprepared[0m -> 4 processed commits for proposal with seq 31
2026-09-16T03:48:03.915548186Z [34m2026-09-16 03:48:03.915 UTC 00ff INFO[0m [Consensus4] [34;1mdecide[0m -> Deciding on seq 31
2026-09-16T03:48:03.915548978Z [34m2026-09-16 03:48:03.915 UTC 013b INFO[0m [Consensus1] [34;1mprepared[0m -> 1 processed commits for proposal with seq 31
2026-09-16T03:48:03.915549771Z [34m2026-09-16 03:48:03.915 UTC 0100 INFO[0m [Consensus4] [34;1mstartNextSeq[0m -> Sequence: 31-->32
2026-09-16T03:48:03.915550559Z [34m2026-09-16 03:48:03.915 UTC 013c INFO[0m [Consensus1] [34;1mdecide[0m -> Deciding on seq 31
2026-09-16T03:48:03.915551320Z [34m2026-09-16 03:48:03.915 UTC 013d INFO[0m [Consensus1] [34;1mstartNextSeq[0m -> Sequence: 31-->32
2026-09-16T03:48:03.919184882Z [34m2026-09-16 03:48:03.919 UTC 00ba INFO[0m [Assembler2] [34;1mfunc3[0m -> Decision 31, with 1 AvailableCommonBlocks
2026-09-16T03:48:03.919203146Z [34m2026-09-16 03:48:03.919 UTC 00bb INFO[0m [Assembler2] [34;1mfunc3[0m -> BA index: 0; BatchID: Sh,Pr,Sq,Dg: <1,2,30,a82bd221037440bad384b9935823f7da0a19550b26847edde4a2a260c82e79d9>; Common Block: Number: 31, PreviousHash: d5e6f54f6209e0530a5e5fd7e267e5eb355178d0bcb1839d65b3220f8e6e9ada, DataHash: a82bd221037440bad384b9935823f7da0a19550b26847edde4a2a260c82e79d9; BA block signers: [1 3 2]
2026-09-16T03:48:03.919206156Z [34m2026-09-16 03:48:03.919 UTC 00ba INFO[0m [Assembler3] [34;1mfunc3[0m -> Decision 31, with 1 AvailableCommonBlocks
2026-09-16T03:48:03.919237270Z [34m2026-09-16 03:48:03.919 UTC 00bb INFO[0m [Assembler3] [34;1mfunc3[0m -> BA index: 0; BatchID: Sh,Pr,Sq,Dg: <1,2,30,a82bd221037440bad384b9935823f7da0a19550b26847edde4a2a260c82e79d9>; Common Block: Number: 31, PreviousHash: d5e6f54f6209e0530a5e5fd7e267e5eb355178d0bcb1839d65b3220f8e6e9ada, DataHash: a82bd221037440bad384b9935823f7da0a19550b26847edde4a2a260c82e79d9; BA block signers: [1 4 3]
2026-09-16T03:48:03.920449170Z [34m2026-09-16 03:48:03.920 UTC 00ba INFO[0m [Assembler4] [34;1mfunc3[0m -> Decision 31, with 1 AvailableCommonBlocks
2026-09-16T03:48:03.920545735Z [34m2026-09-16 03:48:03.920 UTC 00bb INFO[0m [Assembler4] [34;1mfunc3[0m -> BA index: 0; BatchID: Sh,Pr,Sq,Dg: <1,2,30,a82bd221037440bad384b9935823f7da0a19550b26847edde4a2a260c82e79d9>; Common Block: Number: 31, PreviousHash: d5e6f54f6209e0530a5e5fd7e267e5eb355178d0bcb1839d65b3220f8e6e9ada, DataHash: a82bd221037440bad384b9935823f7da0a19550b26847edde4a2a260c82e79d9; BA block signers: [2 3 4]
2026-09-16T03:48:03.920553029Z [34m2026-09-16 03:48:03.920 UTC 00ba INFO[0m [Assembler1] [34;1mfunc3[0m -> Decision 31, with 1 AvailableCommonBlocks
2026-09-16T03:48:03.920570070Z [34m2026-09-16 03:48:03.920 UTC 00bb INFO[0m [Assembler1] [34;1mfunc3[0m -> BA index: 0; BatchID: Sh,Pr,Sq,Dg: <1,2,30,a82bd221037440bad384b9935823f7da0a19550b26847edde4a2a260c82e79d9>; Common Block: Number: 31, PreviousHash: d5e6f54f6209e0530a5e5fd7e267e5eb355178d0bcb1839d65b3220f8e6e9ada, DataHash: a82bd221037440bad384b9935823f7da0a19550b26847edde4a2a260c82e79d9; BA block signers: [3 4 1]
2026-09-16T03:48:03.923837614Z [34m2026-09-16 03:48:03.923 UTC 00bc INFO[0m [Assembler2] [34;1mfunc1[0m -> Appended block 31 of 50 requests to ledger in 4.586992ms
2026-09-16T03:48:03.925086953Z [34m2026-09-16 03:48:03.925 UTC 00bc INFO[0m [Assembler3] [34;1mfunc1[0m -> Appended block 31 of 50 requests to ledger in 5.798921ms
2026-09-16T03:48:03.925093390Z [34m2026-09-16 03:48:03.925 UTC 00bc INFO[0m [Assembler1] [34;1mfunc1[0m -> Appended block 31 of 50 requests to ledger in 4.400409ms
2026-09-16T03:48:03.925094609Z [34m2026-09-16 03:48:03.925 UTC 00bc INFO[0m [Assembler4] [34;1mfunc1[0m -> Appended block 31 of 50 requests to ledger in 4.514072ms
2026-09-16T03:48:04.622924656Z [34m2026-09-16 03:48:04.622 UTC 0102 INFO[0m [Batcher2Shard1] [34;1mrunPrimary[0m -> Batcher batched a total of 28 requests for sequence 31
2026-09-16T03:48:04.626402153Z [34m2026-09-16 03:48:04.626 UTC 0103 INFO[0m [Batcher2Shard1] [34;1mSendBAF[0m -> Sending batch attestation fragment for seq 31 with digest 0337f132f0b4aba72e6297cf668d6572052c0880e051b58470a4dcbd0c903b6c
2026-09-16T03:48:04.626460182Z [34m2026-09-16 03:48:04.626 UTC 0104 INFO[0m [Batcher2Shard1] [34;1mfunc1[0m -> Sending control event took 66.62µs
2026-09-16T03:48:04.626468209Z [34m2026-09-16 03:48:04.626 UTC 0105 INFO[0m [Batcher2Shard1] [34;1mfunc1[0m -> Sending control event took 7.065µs
2026-09-16T03:48:04.626469908Z [34m2026-09-16 03:48:04.626 UTC 0106 INFO[0m [Batcher2Shard1] [34;1mfunc1[0m -> Sending control event took 10.03µs
2026-09-16T03:48:04.626786297Z [34m2026-09-16 03:48:04.626 UTC 0107 INFO[0m [Batcher2Shard1] [34;1mfunc1[0m -> Sending control event took 25.713µs
2026-09-16T03:48:04.626792930Z [34m2026-09-16 03:48:04.626 UTC 0108 INFO[0m [Batcher2Shard1] [34;1mBroadcastControlEvent[0m -> Control event sent to quorum (4 out of 4)
2026-09-16T03:48:04.626794447Z [34m2026-09-16 03:48:04.626 UTC 0121 INFO[0m [Batcher3Shard1] [34;1mfunc3[0m -> [shard1party2-arma] Fetched batch 31 with 28 transactions
2026-09-16T03:48:04.626795390Z [34m2026-09-16 03:48:04.626 UTC 0121 INFO[0m [Batcher4Shard1] [34;1mfunc3[0m -> [shard1party2-arma] Fetched batch 31 with 28 transactions
2026-09-16T03:48:04.626796112Z [34m2026-09-16 03:48:04.626 UTC 00bd INFO[0m [Assembler2] [34;1mfunc3[0m -> Assembler pulled from 172.29.0.10:6124 batch Sh,Pr,Sq,Dg: <1,2,31,0337f132f0b4aba72e6297cf668d6572052c0880e051b58470a4dcbd0c903b6c>
2026-09-16T03:48:04.626796932Z [34m2026-09-16 03:48:04.626 UTC 0121 INFO[0m [Batcher1Shard1] [34;1mfunc3[0m -> [shard1party2-arma] Fetched batch 31 with 28 transactions
2026-09-16T03:48:04.626965523Z [34m2026-09-16 03:48:04.626 UTC 0122 INFO[0m [Batcher4Shard1] [34;1mrunSecondary[0m -> Secondary batcher 4 (shard 1; current primary 2) appending to ledger batch with seq 31 and 28 requests
2026-09-16T03:48:04.626981445Z [34m2026-09-16 03:48:04.626 UTC 0122 INFO[0m [Batcher3Shard1] [34;1mrunSecondary[0m -> Secondary batcher 3 (shard 1; current primary 2) appending to ledger batch with seq 31 and 28 requests
2026-09-16T03:48:04.626983471Z [34m2026-09-16 03:48:04.626 UTC 0122 INFO[0m [Batcher1Shard1] [34;1mrunSecondary[0m -> Secondary batcher 1 (shard 1; current primary 2) appending to ledger batch with seq 31 and 28 requests
2026-09-16T03:48:04.631098857Z [34m2026-09-16 03:48:04.630 UTC 0123 INFO[0m [Batcher1Shard1] [34;1mSendBAF[0m -> Sending batch attestation fragment for seq 31 with digest 0337f132f0b4aba72e6297cf668d6572052c0880e051b58470a4dcbd0c903b6c
2026-09-16T03:48:04.631115013Z [34m2026-09-16 03:48:04.631 UTC 0124 INFO[0m [Batcher1Shard1] [34;1mfunc1[0m -> Sending control event took 32.549µs
2026-09-16T03:48:04.631116843Z [34m2026-09-16 03:48:04.631 UTC 0123 INFO[0m [Batcher4Shard1] [34;1mSendBAF[0m -> Sending batch attestation fragment for seq 31 with digest 0337f132f0b4aba72e6297cf668d6572052c0880e051b58470a4dcbd0c903b6c
2026-09-16T03:48:04.631117857Z [34m2026-09-16 03:48:04.631 UTC 0125 INFO[0m [Batcher1Shard1] [34;1mfunc1[0m -> Sending control event took 25.416µs
2026-09-16T03:48:04.631133667Z [34m2026-09-16 03:48:04.631 UTC 0126 INFO[0m [Batcher1Shard1] [34;1mfunc1[0m -> Sending control event took 5.301µs
2026-09-16T03:48:04.631139457Z [34m2026-09-16 03:48:04.631 UTC 0127 INFO[0m [Batcher1Shard1] [34;1mfunc1[0m -> Sending control event took 4.893µs
2026-09-16T03:48:04.631140852Z [34m2026-09-16 03:48:04.631 UTC 0124 INFO[0m [Batcher4Shard1] [34;1mfunc1[0m -> Sending control event took 11.754µs
2026-09-16T03:48:04.631173100Z [34m2026-09-16 03:48:04.631 UTC 0128 INFO[0m [Batcher1Shard1] [34;1mBroadcastControlEvent[0m -> Control event sent to quorum (4 out of 4)
2026-09-16T03:48:04.631178576Z [34m2026-09-16 03:48:04.631 UTC 0125 INFO[0m [Batcher4Shard1] [34;1mfunc1[0m -> Sending control event took 5.157µs
2026-09-16T03:48:04.631179858Z [34m2026-09-16 03:48:04.631 UTC 0126 INFO[0m [Batcher4Shard1] [34;1mfunc1[0m -> Sending control event took 7.364µs
2026-09-16T03:48:04.631180548Z [34m2026-09-16 03:48:04.631 UTC 0127 INFO[0m [Batcher4Shard1] [34;1mfunc1[0m -> Sending control event took 2.954µs
2026-09-16T03:48:04.631181219Z [34m2026-09-16 03:48:04.631 UTC 0128 INFO[0m [Batcher4Shard1] [34;1mBroadcastControlEvent[0m -> Control event sent to quorum (4 out of 4)
2026-09-16T03:48:04.631377752Z [34m2026-09-16 03:48:04.631 UTC 00bd INFO[0m [Assembler4] [34;1mfunc3[0m -> Assembler pulled from 172.29.0.10:6324 batch Sh,Pr,Sq,Dg: <1,2,31,0337f132f0b4aba72e6297cf668d6572052c0880e051b58470a4dcbd0c903b6c>
2026-09-16T03:48:04.631380609Z [34m2026-09-16 03:48:04.631 UTC 00bd INFO[0m [Assembler1] [34;1mfunc3[0m -> Assembler pulled from 172.29.0.10:6024 batch Sh,Pr,Sq,Dg: <1,2,31,0337f132f0b4aba72e6297cf668d6572052c0880e051b58470a4dcbd0c903b6c>
2026-09-16T03:48:04.632242919Z [34m2026-09-16 03:48:04.632 UTC 0123 INFO[0m [Batcher3Shard1] [34;1mSendBAF[0m -> Sending batch attestation fragment for seq 31 with digest 0337f132f0b4aba72e6297cf668d6572052c0880e051b58470a4dcbd0c903b6c
2026-09-16T03:48:04.632248179Z [34m2026-09-16 03:48:04.632 UTC 0124 INFO[0m [Batcher3Shard1] [34;1mfunc1[0m -> Sending control event took 10.553µs
2026-09-16T03:48:04.632252070Z [34m2026-09-16 03:48:04.632 UTC 0125 INFO[0m [Batcher3Shard1] [34;1mfunc1[0m -> Sending control event took 3.053µs
2026-09-16T03:48:04.632253301Z [34m2026-09-16 03:48:04.632 UTC 0126 INFO[0m [Batcher3Shard1] [34;1mfunc1[0m -> Sending control event took 2.588µs
2026-09-16T03:48:04.632308717Z [34m2026-09-16 03:48:04.632 UTC 0127 INFO[0m [Batcher3Shard1] [34;1mfunc1[0m -> Sending control event took 11.937µs
2026-09-16T03:48:04.632320278Z [34m2026-09-16 03:48:04.632 UTC 0128 INFO[0m [Batcher3Shard1] [34;1mBroadcastControlEvent[0m -> Control event sent to quorum (4 out of 4)
2026-09-16T03:48:04.632436198Z [34m2026-09-16 03:48:04.632 UTC 00bd INFO[0m [Assembler3] [34;1mfunc3[0m -> Assembler pulled from 172.29.0.10:6224 batch Sh,Pr,Sq,Dg: <1,2,31,0337f132f0b4aba72e6297cf668d6572052c0880e051b58470a4dcbd0c903b6c>
2026-09-16T03:48:04.922250877Z [34m2026-09-16 03:48:04.922 UTC 013e INFO[0m [Consensus1] [34;1mAssembleProposal[0m -> Creating proposal with 1 attestations and new state: State{N: 4, Quorum: 3, Threshold: 2, ShardCount: 1, 
2026-09-16T03:48:04.922273269Z Pending: none, 
2026-09-16T03:48:04.922275079Z Complaints: none}
2026-09-16T03:48:04.922276099Z [34m2026-09-16 03:48:04.922 UTC 013f INFO[0m [Consensus1] [34;1mAssembleProposal[0m -> Proposing available common data block: number=32, prevHash=0bef8607895192b07ee37a3e191021987bbab3db0fb509506fa6409deaf33240, dataHash=0337f132f0b4aba72e6297cf668d6572052c0880e051b58470a4dcbd0c903b6c, numOfReqs=28, decisionNum=32, blockIndex=0/1, lastConfigBlockNum=0
2026-09-16T03:48:04.925225826Z [34m2026-09-16 03:48:04.924 UTC 0140 INFO[0m [Consensus1] [34;1mprocessProposal[0m -> Processed proposal with seq 32
2026-09-16T03:48:04.927185208Z [34m2026-09-16 03:48:04.926 UTC 00ff INFO[0m [Consensus2] [34;1mprocessProposal[0m -> Processed proposal with seq 32
2026-09-16T03:48:04.927196752Z [34m2026-09-16 03:48:04.926 UTC 00ff INFO[0m [Consensus3] [34;1mprocessProposal[0m -> Processed proposal with seq 32
2026-09-16T03:48:04.927348964Z [34m2026-09-16 03:48:04.927 UTC 0141 INFO[0m [Consensus1] [34;1mprocessPrepares[0m -> 1 collected 2 prepares from [2 3]
2026-09-16T03:48:04.927376249Z [34m2026-09-16 03:48:04.927 UTC 0100 INFO[0m [Consensus2] [34;1mprocessPrepares[0m -> 2 collected 2 prepares from [1 3]
2026-09-16T03:48:04.927419304Z [34m2026-09-16 03:48:04.927 UTC 0100 INFO[0m [Consensus3] [34;1mprocessPrepares[0m -> 3 collected 2 prepares from [1 2]
2026-09-16T03:48:04.928645123Z [34m2026-09-16 03:48:04.928 UTC 0101 INFO[0m [Consensus4] [34;1mprocessProposal[0m -> Processed proposal with seq 32
2026-09-16T03:48:04.928653704Z [34m2026-09-16 03:48:04.928 UTC 0102 INFO[0m [Consensus4] [34;1mprocessPrepares[0m -> 4 collected 2 prepares from [1 2]
2026-09-16T03:48:04.929555178Z [34m2026-09-16 03:48:04.929 UTC 0101 INFO[0m [Consensus3] [34;1mprocessPrepares[0m -> Processed prepares for proposal with seq 32
2026-09-16T03:48:04.929562768Z [34m2026-09-16 03:48:04.929 UTC 0101 INFO[0m [Consensus2] [34;1mprocessPrepares[0m -> Processed prepares for proposal with seq 32
2026-09-16T03:48:04.929564412Z [34m2026-09-16 03:48:04.929 UTC 0142 INFO[0m [Consensus1] [34;1mprocessPrepares[0m -> Processed prepares for proposal with seq 32
2026-09-16T03:48:04.929966237Z [34m2026-09-16 03:48:04.929 UTC 0102 INFO[0m [Consensus2] [34;1mprocessCommits[0m -> 2 collected 2 commits from [1 3]
2026-09-16T03:48:04.929977368Z [34m2026-09-16 03:48:04.929 UTC 0103 INFO[0m [Consensus2] [34;1mprepared[0m -> 2 processed commits for proposal with seq 32
2026-09-16T03:48:04.929978868Z [34m2026-09-16 03:48:04.929 UTC 0104 INFO[0m [Consensus2] [34;1mdecide[0m -> Deciding on seq 32
2026-09-16T03:48:04.929979809Z [34m2026-09-16 03:48:04.929 UTC 0105 INFO[0m [Consensus2] [34;1mstartNextSeq[0m -> Sequence: 32-->33
2026-09-16T03:48:04.929980794Z [34m2026-09-16 03:48:04.929 UTC 0102 INFO[0m [Consensus3] [34;1mprocessCommits[0m -> 3 collected 2 commits from [2 1]
2026-09-16T03:48:04.929981607Z [34m2026-09-16 03:48:04.929 UTC 0103 INFO[0m [Consensus3] [34;1mprepared[0m -> 3 processed commits for proposal with seq 32
2026-09-16T03:48:04.929982447Z [34m2026-09-16 03:48:04.929 UTC 0143 INFO[0m [Consensus1] [34;1mprocessCommits[0m -> 1 collected 2 commits from [2 3]
2026-09-16T03:48:04.930081557Z [34m2026-09-16 03:48:04.929 UTC 0104 INFO[0m [Consensus3] [34;1mdecide[0m -> Deciding on seq 32
2026-09-16T03:48:04.930087611Z [34m2026-09-16 03:48:04.929 UTC 0144 INFO[0m [Consensus1] [34;1mprepared[0m -> 1 processed commits for proposal with seq 32
2026-09-16T03:48:04.930089153Z [34m2026-09-16 03:48:04.929 UTC 0105 INFO[0m [Consensus3] [34;1mstartNextSeq[0m -> Sequence: 32-->33
2026-09-16T03:48:04.930090251Z [34m2026-09-16 03:48:04.929 UTC 0145 INFO[0m [Consensus1] [34;1mdecide[0m -> Deciding on seq 32
2026-09-16T03:48:04.930091044Z [34m2026-09-16 03:48:04.929 UTC 0146 INFO[0m [Consensus1] [34;1mstartNextSeq[0m -> Sequence: 32-->33
2026-09-16T03:48:04.930972192Z [34m2026-09-16 03:48:04.930 UTC 0103 INFO[0m [Consensus4] [34;1mprocessPrepares[0m -> Processed prepares for proposal with seq 32
2026-09-16T03:48:04.931242175Z [34m2026-09-16 03:48:04.931 UTC 0104 INFO[0m [Consensus4] [34;1mprocessCommits[0m -> 4 collected 2 commits from [3 1]
2026-09-16T03:48:04.931248105Z [34m2026-09-16 03:48:04.931 UTC 0105 INFO[0m [Consensus4] [34;1mprepared[0m -> 4 processed commits for proposal with seq 32
2026-09-16T03:48:04.931272645Z [34m2026-09-16 03:48:04.931 UTC 0106 INFO[0m [Consensus4] [34;1mdecide[0m -> Deciding on seq 32
2026-09-16T03:48:04.931274462Z [34m2026-09-16 03:48:04.931 UTC 0107 INFO[0m [Consensus4] [34;1mstartNextSeq[0m -> Sequence: 32-->33
2026-09-16T03:48:04.934219767Z [34m2026-09-16 03:48:04.934 UTC 00be INFO[0m [Assembler1] [34;1mfunc3[0m -> Decision 32, with 1 AvailableCommonBlocks
2026-09-16T03:48:04.934233349Z [34m2026-09-16 03:48:04.934 UTC 00bf INFO[0m [Assembler1] [34;1mfunc3[0m -> BA index: 0; BatchID: Sh,Pr,Sq,Dg: <1,2,31,0337f132f0b4aba72e6297cf668d6572052c0880e051b58470a4dcbd0c903b6c>; Common Block: Number: 32, PreviousHash: 0bef8607895192b07ee37a3e191021987bbab3db0fb509506fa6409deaf33240, DataHash: 0337f132f0b4aba72e6297cf668d6572052c0880e051b58470a4dcbd0c903b6c; BA block signers: [2 3 1]
2026-09-16T03:48:04.934273667Z [34m2026-09-16 03:48:04.934 UTC 00be INFO[0m [Assembler3] [34;1mfunc3[0m -> Decision 32, with 1 AvailableCommonBlocks
2026-09-16T03:48:04.934276617Z [34m2026-09-16 03:48:04.934 UTC 00bf INFO[0m [Assembler3] [34;1mfunc3[0m -> BA index: 0; BatchID: Sh,Pr,Sq,Dg: <1,2,31,0337f132f0b4aba72e6297cf668d6572052c0880e051b58470a4dcbd0c903b6c>; Common Block: Number: 32, PreviousHash: 0bef8607895192b07ee37a3e191021987bbab3db0fb509506fa6409deaf33240, DataHash: 0337f132f0b4aba72e6297cf668d6572052c0880e051b58470a4dcbd0c903b6c; BA block signers: [2 1 3]
2026-09-16T03:48:04.934561298Z [34m2026-09-16 03:48:04.934 UTC 00be INFO[0m [Assembler2] [34;1mfunc3[0m -> Decision 32, with 1 AvailableCommonBlocks
2026-09-16T03:48:04.934567021Z [34m2026-09-16 03:48:04.934 UTC 00bf INFO[0m [Assembler2] [34;1mfunc3[0m -> BA index: 0; BatchID: Sh,Pr,Sq,Dg: <1,2,31,0337f132f0b4aba72e6297cf668d6572052c0880e051b58470a4dcbd0c903b6c>; Common Block: Number: 32, PreviousHash: 0bef8607895192b07ee37a3e191021987bbab3db0fb509506fa6409deaf33240, DataHash: 0337f132f0b4aba72e6297cf668d6572052c0880e051b58470a4dcbd0c903b6c; BA block signers: [1 3 2]
2026-09-16T03:48:04.936144695Z [34m2026-09-16 03:48:04.935 UTC 00be INFO[0m [Assembler4] [34;1mfunc3[0m -> Decision 32, with 1 AvailableCommonBlocks
2026-09-16T03:48:04.936151984Z [34m2026-09-16 03:48:04.936 UTC 00bf INFO[0m [Assembler4] [34;1mfunc3[0m -> BA index: 0; BatchID: Sh,Pr,Sq,Dg: <1,2,31,0337f132f0b4aba72e6297cf668d6572052c0880e051b58470a4dcbd0c903b6c>; Common Block: Number: 32, PreviousHash: 0bef8607895192b07ee37a3e191021987bbab3db0fb509506fa6409deaf33240, DataHash: 0337f132f0b4aba72e6297cf668d6572052c0880e051b58470a4dcbd0c903b6c; BA block signers: [3 1 4]
2026-09-16T03:48:04.939684858Z [34m2026-09-16 03:48:04.939 UTC 00c0 INFO[0m [Assembler2] [34;1mfunc1[0m -> Appended block 32 of 28 requests to ledger in 5.198029ms
2026-09-16T03:48:04.939697765Z [34m2026-09-16 03:48:04.939 UTC 00c0 INFO[0m [Assembler3] [34;1mfunc1[0m -> Appended block 32 of 28 requests to ledger in 5.302144ms
2026-09-16T03:48:04.939699058Z [34m2026-09-16 03:48:04.939 UTC 00c0 INFO[0m [Assembler1] [34;1mfunc1[0m -> Appended block 32 of 28 requests to ledger in 5.371966ms
2026-09-16T03:48:04.940862927Z [34m2026-09-16 03:48:04.940 UTC 00c0 INFO[0m [Assembler4] [34;1mfunc1[0m -> Appended block 32 of 28 requests to ledger in 4.732642ms
2026-09-16T03:48:04.954863216Z [34m2026-09-16 03:48:04.954 UTC 0124 INFO[0m [Router1] [34;1mBroadcast[0m -> Received error from stream: rpc error: code = Canceled desc = context canceled, closing broadcastfrom client 172.29.0.1:42170
2026-09-16T03:48:04.954877706Z [34m2026-09-16 03:48:04.954 UTC 0126 INFO[0m [Router1] [34;1mBroadcast[0m -> Received error from stream: rpc error: code = Canceled desc = context canceled, closing broadcastfrom client 172.29.0.1:42170
2026-09-16T03:48:04.954879302Z [34m2026-09-16 03:48:04.954 UTC 0129 INFO[0m [Router1] [34;1mBroadcast[0m -> Received error from stream: rpc error: code = Canceled desc = context canceled, closing broadcastfrom client 172.29.0.1:42170
2026-09-16T03:48:04.954880382Z [34m2026-09-16 03:48:04.954 UTC 012b INFO[0m [Router1] [34;1mBroadcast[0m -> Received error from stream: rpc error: code = Canceled desc = context canceled, closing broadcastfrom client 172.29.0.1:42170
2026-09-16T03:48:04.954881344Z [34m2026-09-16 03:48:04.954 UTC 012c INFO[0m [Router1] [34;1mBroadcast[0m -> Received error from stream: rpc error: code = Canceled desc = context canceled, closing broadcastfrom client 172.29.0.1:42170
2026-09-16T03:48:04.954882054Z [34m2026-09-16 03:48:04.954 UTC 012d INFO[0m [Router1] [34;1mBroadcast[0m -> Received error from stream: rpc error: code = Canceled desc = context canceled, closing broadcastfrom client 172.29.0.1:42170
2026-09-16T03:48:04.954882730Z [34m2026-09-16 03:48:04.954 UTC 012e INFO[0m [Router1] [34;1mBroadcast[0m -> Received error from stream: rpc error: code = Canceled desc = context canceled, closing broadcastfrom client 172.29.0.1:42170
2026-09-16T03:48:04.954883554Z [34m2026-09-16 03:48:04.954 UTC 012f INFO[0m [Router1] [34;1mBroadcast[0m -> Received error from stream: rpc error: code = Canceled desc = context canceled, closing broadcastfrom client 172.29.0.1:42170
2026-09-16T03:48:04.954884212Z [34m2026-09-16 03:48:04.954 UTC 0130 INFO[0m [Router1] [34;1mBroadcast[0m -> Received error from stream: rpc error: code = Canceled desc = context canceled, closing broadcastfrom client 172.29.0.1:42170
2026-09-16T03:48:04.954885319Z [34m2026-09-16 03:48:04.954 UTC 0131 INFO[0m [Router1] [34;1mBroadcast[0m -> Received error from stream: rpc error: code = Canceled desc = context canceled, closing broadcastfrom client 172.29.0.1:42170
2026-09-16T03:48:04.954886125Z [34m2026-09-16 03:48:04.954 UTC 0132 INFO[0m [Router1] [34;1mBroadcast[0m -> Received error from stream: rpc error: code = Canceled desc = context canceled, closing broadcastfrom client 172.29.0.1:42170
2026-09-16T03:48:04.954886817Z [34m2026-09-16 03:48:04.954 UTC 0133 INFO[0m [Router1] [34;1mBroadcast[0m -> Received error from stream: rpc error: code = Canceled desc = context canceled, closing broadcastfrom client 172.29.0.1:42170
2026-09-16T03:48:04.954887480Z [34m2026-09-16 03:48:04.954 UTC 0134 INFO[0m [Router1] [34;1mBroadcast[0m -> Received error from stream: rpc error: code = Canceled desc = context canceled, closing broadcastfrom client 172.29.0.1:42170
2026-09-16T03:48:04.954892800Z [34m2026-09-16 03:48:04.954 UTC 0135 INFO[0m [Router1] [34;1mBroadcast[0m -> Received error from stream: rpc error: code = Canceled desc = context canceled, closing broadcastfrom client 172.29.0.1:42170
2026-09-16T03:48:04.954893646Z [34m2026-09-16 03:48:04.954 UTC 0136 INFO[0m [Router1] [34;1mBroadcast[0m -> Received error from stream: rpc error: code = Canceled desc = context canceled, closing broadcastfrom client 172.29.0.1:42170
2026-09-16T03:48:04.954894357Z [34m2026-09-16 03:48:04.954 UTC 0137 INFO[0m [Router1] [34;1mBroadcast[0m -> Received error from stream: rpc error: code = Canceled desc = context canceled, closing broadcastfrom client 172.29.0.1:42170
2026-09-16T03:48:04.954895099Z [34m2026-09-16 03:48:04.954 UTC 0138 INFO[0m [Router1] [34;1mBroadcast[0m -> Received error from stream: rpc error: code = Canceled desc = context canceled, closing broadcastfrom client 172.29.0.1:42170
2026-09-16T03:48:04.954895730Z [34m2026-09-16 03:48:04.954 UTC 0139 INFO[0m [Router1] [34;1mBroadcast[0m -> Received error from stream: rpc error: code = Canceled desc = context canceled, closing broadcastfrom client 172.29.0.1:42170
2026-09-16T03:48:04.954896394Z [34m2026-09-16 03:48:04.954 UTC 013a INFO[0m [Router1] [34;1mBroadcast[0m -> Received error from stream: rpc error: code = Canceled desc = context canceled, closing broadcastfrom client 172.29.0.1:42170
2026-09-16T03:48:04.954897433Z [34m2026-09-16 03:48:04.954 UTC 013b INFO[0m [Router1] [34;1mBroadcast[0m -> Received error from stream: rpc error: code = Canceled desc = context canceled, closing broadcastfrom client 172.29.0.1:42170
2026-09-16T03:48:04.954898196Z [34m2026-09-16 03:48:04.954 UTC 013c INFO[0m [Router1] [34;1mBroadcast[0m -> Received error from stream: rpc error: code = Canceled desc = context canceled, closing broadcastfrom client 172.29.0.1:42170
2026-09-16T03:48:04.954898835Z [34m2026-09-16 03:48:04.954 UTC 013d INFO[0m [Router1] [34;1mBroadcast[0m -> Received error from stream: rpc error: code = Canceled desc = context canceled, closing broadcastfrom client 172.29.0.1:42170
2026-09-16T03:48:04.954899506Z [34m2026-09-16 03:48:04.954 UTC 013e INFO[0m [Router1] [34;1mBroadcast[0m -> Received error from stream: rpc error: code = Canceled desc = context canceled, closing broadcastfrom client 172.29.0.1:42170
2026-09-16T03:48:04.954900142Z [34m2026-09-16 03:48:04.954 UTC 013f INFO[0m [Router1] [34;1mBroadcast[0m -> Received error from stream: rpc error: code = Canceled desc = context canceled, closing broadcastfrom client 172.29.0.1:42170
2026-09-16T03:48:04.954900788Z [34m2026-09-16 03:48:04.954 UTC 0140 INFO[0m [Router1] [34;1mBroadcast[0m -> Received error from stream: rpc error: code = Canceled desc = context canceled, closing broadcastfrom client 172.29.0.1:42170
2026-09-16T03:48:04.954901444Z [34m2026-09-16 03:48:04.954 UTC 0141 INFO[0m [Router1] [34;1mBroadcast[0m -> Received error from stream: rpc error: code = Canceled desc = context canceled, closing broadcastfrom client 172.29.0.1:42170
2026-09-16T03:48:04.954902126Z [34m2026-09-16 03:48:04.954 UTC 0142 INFO[0m [Router1] [34;1mBroadcast[0m -> Received error from stream: rpc error: code = Canceled desc = context canceled, closing broadcastfrom client 172.29.0.1:42170
2026-09-16T03:48:04.954906103Z [34m2026-09-16 03:48:04.954 UTC 0143 INFO[0m [Router1] [34;1mBroadcast[0m -> Received error from stream: rpc error: code = Canceled desc = context canceled, closing broadcastfrom client 172.29.0.1:42170
2026-09-16T03:48:04.954906912Z [34m2026-09-16 03:48:04.954 UTC 0146 INFO[0m [Router1] [34;1mBroadcast[0m -> Received error from stream: rpc error: code = Canceled desc = context canceled, closing broadcastfrom client 172.29.0.1:42170
2026-09-16T03:48:04.954907794Z [34m2026-09-16 03:48:04.954 UTC 0145 INFO[0m [Router1] [34;1mBroadcast[0m -> Received error from stream: rpc error: code = Canceled desc = context canceled, closing broadcastfrom client 172.29.0.1:42170
2026-09-16T03:48:04.954908468Z [34m2026-09-16 03:48:04.954 UTC 0147 INFO[0m [Router1] [34;1mBroadcast[0m -> Received error from stream: rpc error: code = Canceled desc = context canceled, closing broadcastfrom client 172.29.0.1:42170
2026-09-16T03:48:04.954909094Z [34m2026-09-16 03:48:04.954 UTC 0148 INFO[0m [Router1] [34;1mBroadcast[0m -> Received error from stream: rpc error: code = Canceled desc = context canceled, closing broadcastfrom client 172.29.0.1:42170
2026-09-16T03:48:04.954909708Z [34m2026-09-16 03:48:04.954 UTC 0149 INFO[0m [Router1] [34;1mBroadcast[0m -> Received error from stream: rpc error: code = Canceled desc = context canceled, closing broadcastfrom client 172.29.0.1:42170
2026-09-16T03:48:04.954910380Z [34m2026-09-16 03:48:04.954 UTC 014b INFO[0m [Router1] [34;1mBroadcast[0m -> Received error from stream: rpc error: code = Canceled desc = context canceled, closing broadcastfrom client 172.29.0.1:42170
2026-09-16T03:48:04.954911039Z [34m2026-09-16 03:48:04.954 UTC 014c INFO[0m [Router1] [34;1mBroadcast[0m -> Received error from stream: rpc error: code = Canceled desc = context canceled, closing broadcastfrom client 172.29.0.1:42170
2026-09-16T03:48:04.954911765Z [34m2026-09-16 03:48:04.954 UTC 014d INFO[0m [Router1] [34;1mBroadcast[0m -> Received error from stream: rpc error: code = Canceled desc = context canceled, closing broadcastfrom client 172.29.0.1:42170
2026-09-16T03:48:04.954912552Z [34m2026-09-16 03:48:04.954 UTC 014e INFO[0m [Router1] [34;1mBroadcast[0m -> Received error from stream: rpc error: code = Canceled desc = context canceled, closing broadcastfrom client 172.29.0.1:42170
2026-09-16T03:48:04.954913389Z [34m2026-09-16 03:48:04.954 UTC 014f INFO[0m [Router1] [34;1mBroadcast[0m -> Received error from stream: rpc error: code = Canceled desc = context canceled, closing broadcastfrom client 172.29.0.1:42170
2026-09-16T03:48:04.954914125Z [34m2026-09-16 03:48:04.954 UTC 0150 INFO[0m [Router1] [34;1mBroadcast[0m -> Received error from stream: rpc error: code = Canceled desc = context canceled, closing broadcastfrom client 172.29.0.1:42170
2026-09-16T03:48:04.954914932Z [34m2026-09-16 03:48:04.954 UTC 0151 INFO[0m [Router1] [34;1mBroadcast[0m -> Received error from stream: rpc error: code = Canceled desc = context canceled, closing broadcastfrom client 172.29.0.1:42170
2026-09-16T03:48:04.954917056Z [34m2026-09-16 03:48:04.954 UTC 0153 INFO[0m [Router1] [34;1mBroadcast[0m -> Received error from stream: rpc error: code = Canceled desc = context canceled, closing broadcastfrom client 172.29.0.1:42170
2026-09-16T03:48:04.954917795Z [34m2026-09-16 03:48:04.954 UTC 012a INFO[0m [Router1] [34;1mBroadcast[0m -> Received error from stream: rpc error: code = Canceled desc = context canceled, closing broadcastfrom client 172.29.0.1:42170
2026-09-16T03:48:04.954918523Z [34m2026-09-16 03:48:04.954 UTC 0154 INFO[0m [Router1] [34;1mBroadcast[0m -> Received error from stream: rpc error: code = Canceled desc = context canceled, closing broadcastfrom client 172.29.0.1:42170
2026-09-16T03:48:04.954919184Z [34m2026-09-16 03:48:04.954 UTC 0123 INFO[0m [Router1] [34;1mBroadcast[0m -> Received error from stream: rpc error: code = Canceled desc = context canceled, closing broadcastfrom client 172.29.0.1:42170
2026-09-16T03:48:04.954919889Z [34m2026-09-16 03:48:04.954 UTC 0128 INFO[0m [Router1] [34;1mBroadcast[0m -> Received error from stream: rpc error: code = Canceled desc = context canceled, closing broadcastfrom client 172.29.0.1:42170
2026-09-16T03:48:04.954920570Z [34m2026-09-16 03:48:04.954 UTC 0155 INFO[0m [Router1] [34;1mBroadcast[0m -> Received error from stream: rpc error: code = Canceled desc = context canceled, closing broadcastfrom client 172.29.0.1:42170
2026-09-16T03:48:04.954921260Z [34m2026-09-16 03:48:04.954 UTC 0156 INFO[0m [Router1] [34;1mBroadcast[0m -> Received error from stream: rpc error: code = Canceled desc = context canceled, closing broadcastfrom client 172.29.0.1:42170
2026-09-16T03:48:04.954921979Z [34m2026-09-16 03:48:04.954 UTC 0123 INFO[0m [Router2] [34;1mBroadcast[0m -> Received error from stream: rpc error: code = Canceled desc = context canceled, closing broadcastfrom client 172.29.0.1:34812
2026-09-16T03:48:04.954922656Z [34m2026-09-16 03:48:04.954 UTC 0157 INFO[0m [Router1] [34;1mBroadcast[0m -> Received error from stream: rpc error: code = Canceled desc = context canceled, closing broadcastfrom client 172.29.0.1:42170
2026-09-16T03:48:04.954923538Z [34m2026-09-16 03:48:04.954 UTC 0125 INFO[0m [Router1] [34;1mBroadcast[0m -> Received error from stream: rpc error: code = Canceled desc = context canceled, closing broadcastfrom client 172.29.0.1:42170
2026-09-16T03:48:04.954924235Z [34m2026-09-16 03:48:04.954 UTC 0124 INFO[0m [Router2] [34;1mBroadcast[0m -> Received error from stream: rpc error: code = Canceled desc = context canceled, closing broadcastfrom client 172.29.0.1:34812
2026-09-16T03:48:04.954925005Z [34m2026-09-16 03:48:04.954 UTC 0144 INFO[0m [Router1] [34;1mBroadcast[0m -> Received error from stream: rpc error: code = Canceled desc = context canceled, closing broadcastfrom client 172.29.0.1:42170
2026-09-16T03:48:04.954982197Z [34m2026-09-16 03:48:04.954 UTC 0158 INFO[0m [Router1] [34;1mBroadcast[0m -> Received error from stream: rpc error: code = Canceled desc = context canceled, closing broadcastfrom client 172.29.0.1:42170
2026-09-16T03:48:04.954985919Z [34m2026-09-16 03:48:04.954 UTC 0159 INFO[0m [Router1] [34;1mBroadcast[0m -> Received error from stream: rpc error: code = Canceled desc = context canceled, closing broadcastfrom client 172.29.0.1:42170
2026-09-16T03:48:04.955021590Z [34m2026-09-16 03:48:04.954 UTC 0125 INFO[0m [Router2] [34;1mBroadcast[0m -> Received error from stream: rpc error: code = Canceled desc = context canceled, closing broadcastfrom client 172.29.0.1:34812
2026-09-16T03:48:04.955024550Z [34m2026-09-16 03:48:04.954 UTC 0126 INFO[0m [Router2] [34;1mBroadcast[0m -> Received error from stream: rpc error: code = Canceled desc = context canceled, closing broadcastfrom client 172.29.0.1:34812
2026-09-16T03:48:04.955025693Z [34m2026-09-16 03:48:04.954 UTC 015a INFO[0m [Router1] [34;1mBroadcast[0m -> Received error from stream: rpc error: code = Canceled desc = context canceled, closing broadcastfrom client 172.29.0.1:42170
2026-09-16T03:48:04.955026461Z [34m2026-09-16 03:48:04.954 UTC 0127 INFO[0m [Router2] [34;1mBroadcast[0m -> Received error from stream: rpc error: code = Canceled desc = context canceled, closing broadcastfrom client 172.29.0.1:34812
2026-09-16T03:48:04.955027231Z [34m2026-09-16 03:48:04.954 UTC 015d INFO[0m [Router1] [34;1mBroadcast[0m -> Received error from stream: rpc error: code = Canceled desc = context canceled, closing broadcastfrom client 172.29.0.1:42170
2026-09-16T03:48:04.955468570Z [34m2026-09-16 03:48:04.954 UTC 0129 INFO[0m [Router2] [34;1mBroadcast[0m -> Received error from stream: rpc error: code = Canceled desc = context canceled, closing broadcastfrom client 172.29.0.1:34812
2026-09-16T03:48:04.955480834Z [34m2026-09-16 03:48:04.954 UTC 0128 INFO[0m [Router2] [34;1mBroadcast[0m -> Received error from stream: rpc error: code = Canceled desc = context canceled, closing broadcastfrom client 172.29.0.1:34812
2026-09-16T03:48:04.955482179Z [34m2026-09-16 03:48:04.954 UTC 015e INFO[0m [Router1] [34;1mBroadcast[0m -> Received error from stream: rpc error: code = Canceled desc = context canceled, closing broadcastfrom client 172.29.0.1:42170
2026-09-16T03:48:04.955483014Z [34m2026-09-16 03:48:04.954 UTC 012a INFO[0m [Router2] [34;1mBroadcast[0m -> Received error from stream: rpc error: code = Canceled desc = context canceled, closing broadcastfrom client 172.29.0.1:34812
2026-09-16T03:48:04.955483798Z [34m2026-09-16 03:48:04.954 UTC 0161 INFO[0m [Router1] [34;1mBroadcast[0m -> Received error from stream: rpc error: code = Canceled desc = context canceled, closing broadcastfrom client 172.29.0.1:42170
2026-09-16T03:48:04.955484488Z [34m2026-09-16 03:48:04.954 UTC 0160 INFO[0m [Router1] [34;1mBroadcast[0m -> Received error from stream: rpc error: code = Canceled desc = context canceled, closing broadcastfrom client 172.29.0.1:42170
2026-09-16T03:48:04.955485157Z [34m2026-09-16 03:48:04.954 UTC 0162 INFO[0m [Router1] [34;1mBroadcast[0m -> Received error from stream: rpc error: code = Canceled desc = context canceled, closing broadcastfrom client 172.29.0.1:42170
2026-09-16T03:48:04.955485933Z [34m2026-09-16 03:48:04.954 UTC 012c INFO[0m [Router2] [34;1mBroadcast[0m -> Received error from stream: rpc error: code = Canceled desc = context canceled, closing broadcastfrom client 172.29.0.1:34812
2026-09-16T03:48:04.955493127Z [34m2026-09-16 03:48:04.954 UTC 012b INFO[0m [Router2] [34;1mBroadcast[0m -> Received error from stream: rpc error: code = Canceled desc = context canceled, closing broadcastfrom client 172.29.0.1:34812
2026-09-16T03:48:04.955494011Z [34m2026-09-16 03:48:04.954 UTC 0163 INFO[0m [Router1] [34;1mBroadcast[0m -> Received error from stream: rpc error: code = Canceled desc = context canceled, closing broadcastfrom client 172.29.0.1:42170
2026-09-16T03:48:04.955496342Z [34m2026-09-16 03:48:04.954 UTC 0168 INFO[0m [Router1] [34;1mBroadcast[0m -> Received error from stream: rpc error: code = Canceled desc = context canceled, closing broadcastfrom client 172.29.0.1:42170
2026-09-16T03:48:04.955497094Z [34m2026-09-16 03:48:04.954 UTC 0130 INFO[0m [Router2] [34;1mBroadcast[0m -> Received error from stream: rpc error: code = Canceled desc = context canceled, closing broadcastfrom client 172.29.0.1:34812
2026-09-16T03:48:04.955497740Z [34m2026-09-16 03:48:04.954 UTC 0131 INFO[0m [Router2] [34;1mBroadcast[0m -> Received error from stream: rpc error: code = Canceled desc = context canceled, closing broadcastfrom client 172.29.0.1:34812
2026-09-16T03:48:04.955498350Z [34m2026-09-16 03:48:04.954 UTC 0169 INFO[0m [Router1] [34;1mBroadcast[0m -> Received error from stream: rpc error: code = Canceled desc = context canceled, closing broadcastfrom client 172.29.0.1:42170
2026-09-16T03:48:04.955499020Z [34m2026-09-16 03:48:04.954 UTC 016a INFO[0m [Router1] [34;1mBroadcast[0m -> Received error from stream: rpc error: code = Canceled desc = context canceled, closing broadcastfrom client 172.29.0.1:42170
2026-09-16T03:48:04.955499693Z [34m2026-09-16 03:48:04.954 UTC 0132 INFO[0m [Router2] [34;1mBroadcast[0m -> Received error from stream: rpc error: code = Canceled desc = context canceled, closing broadcastfrom client 172.29.0.1:34812
2026-09-16T03:48:04.955500314Z [34m2026-09-16 03:48:04.954 UTC 016b INFO[0m [Router1] [34;1mBroadcast[0m -> Received error from stream: rpc error: code = Canceled desc = context canceled, closing broadcastfrom client 172.29.0.1:42170
2026-09-16T03:48:04.955501030Z [34m2026-09-16 03:48:04.954 UTC 0133 INFO[0m [Router2] [34;1mBroadcast[0m -> Received error from stream: rpc error: code = Canceled desc = context canceled, closing broadcastfrom client 172.29.0.1:34812
2026-09-16T03:48:04.955501658Z [34m2026-09-16 03:48:04.954 UTC 016c INFO[0m [Router1] [34;1mBroadcast[0m -> Received error from stream: rpc error: code = Canceled desc = context canceled, closing broadcastfrom client 172.29.0.1:42170
2026-09-16T03:48:04.955502359Z [34m2026-09-16 03:48:04.954 UTC 0134 INFO[0m [Router2] [34;1mBroadcast[0m -> Received error from stream: rpc error: code = Canceled desc = context canceled, closing broadcastfrom client 172.29.0.1:34812
2026-09-16T03:48:04.955503266Z [34m2026-09-16 03:48:04.954 UTC 0135 INFO[0m [Router2] [34;1mBroadcast[0m -> Received error from stream: rpc error: code = Canceled desc = context canceled, closing broadcastfrom client 172.29.0.1:34812
2026-09-16T03:48:04.955503979Z [34m2026-09-16 03:48:04.954 UTC 0136 INFO[0m [Router2] [34;1mBroadcast[0m -> Received error from stream: rpc error: code = Canceled desc = context canceled, closing broadcastfrom client 172.29.0.1:34812
2026-09-16T03:48:04.955506002Z [34m2026-09-16 03:48:04.954 UTC 016d INFO[0m [Router1] [34;1mBroadcast[0m -> Received error from stream: rpc error: code = Canceled desc = context canceled, closing broadcastfrom client 172.29.0.1:42170
2026-09-16T03:48:04.955506748Z [34m2026-09-16 03:48:04.954 UTC 0137 INFO[0m [Router2] [34;1mBroadcast[0m -> Received error from stream: rpc error: code = Canceled desc = context canceled, closing broadcastfrom client 172.29.0.1:34812
2026-09-16T03:48:04.955507384Z [34m2026-09-16 03:48:04.954 UTC 0138 INFO[0m [Router2] [34;1mBroadcast[0m -> Received error from stream: rpc error: code = Canceled desc = context canceled, closing broadcastfrom client 172.29.0.1:34812
2026-09-16T03:48:04.955508053Z [34m2026-09-16 03:48:04.954 UTC 0139 INFO[0m [Router2] [34;1mBroadcast[0m -> Received error from stream: rpc error: code = Canceled desc = context canceled, closing broadcastfrom client 172.29.0.1:34812
2026-09-16T03:48:04.955508891Z [34m2026-09-16 03:48:04.954 UTC 013a INFO[0m [Router2] [34;1mBroadcast[0m -> Received error from stream: rpc error: code = Canceled desc = context canceled, closing broadcastfrom client 172.29.0.1:34812
2026-09-16T03:48:04.955509520Z [34m2026-09-16 03:48:04.954 UTC 013c INFO[0m [Router2] [34;1mBroadcast[0m -> Received error from stream: rpc error: code = Canceled desc = context canceled, closing broadcastfrom client 172.29.0.1:34812
2026-09-16T03:48:04.955510181Z [34m2026-09-16 03:48:04.954 UTC 013d INFO[0m [Router2] [34;1mBroadcast[0m -> Received error from stream: rpc error: code = Canceled desc = context canceled, closing broadcastfrom client 172.29.0.1:34812
2026-09-16T03:48:04.955510903Z [34m2026-09-16 03:48:04.954 UTC 013e INFO[0m [Router2] [34;1mBroadcast[0m -> Received error from stream: rpc error: code = Canceled desc = context canceled, closing broadcastfrom client 172.29.0.1:34812
2026-09-16T03:48:04.955511734Z [34m2026-09-16 03:48:04.954 UTC 013f INFO[0m [Router2] [34;1mBroadcast[0m -> Received error from stream: rpc error: code = Canceled desc = context canceled, closing broadcastfrom client 172.29.0.1:34812
2026-09-16T03:48:04.955512410Z [34m2026-09-16 03:48:04.954 UTC 015b INFO[0m [Router1] [34;1mBroadcast[0m -> Received error from stream: rpc error: code = Canceled desc = context canceled, closing broadcastfrom client 172.29.0.1:42170
2026-09-16T03:48:04.955513072Z [34m2026-09-16 03:48:04.954 UTC 0141 INFO[0m [Router2] [34;1mBroadcast[0m -> Received error from stream: rpc error: code = Canceled desc = context canceled, closing broadcastfrom client 172.29.0.1:34812
2026-09-16T03:48:04.955513761Z [34m2026-09-16 03:48:04.954 UTC 0142 INFO[0m [Router2] [34;1mBroadcast[0m -> Received error from stream: rpc error: code = Canceled desc = context canceled, closing broadcastfrom client 172.29.0.1:34812
2026-09-16T03:48:04.955514440Z [34m2026-09-16 03:48:04.954 UTC 015c INFO[0m [Router1] [34;1mBroadcast[0m -> Received error from stream: rpc error: code = Canceled desc = context canceled, closing broadcastfrom client 172.29.0.1:42170
2026-09-16T03:48:04.955516418Z [34m2026-09-16 03:48:04.954 UTC 0143 INFO[0m [Router2] [34;1mBroadcast[0m -> Received error from stream: rpc error: code = Canceled desc = context canceled, closing broadcastfrom client 172.29.0.1:34812
2026-09-16T03:48:04.955517083Z [34m2026-09-16 03:48:04.954 UTC 015f INFO[0m [Router1] [34;1mBroadcast[0m -> Received error from stream: rpc error: code = Canceled desc = context canceled, closing broadcastfrom client 172.29.0.1:42170
2026-09-16T03:48:04.955517694Z [34m2026-09-16 03:48:04.954 UTC 0144 INFO[0m [Router2] [34;1mBroadcast[0m -> Received error from stream: rpc error: code = Canceled desc = context canceled, closing broadcastfrom client 172.29.0.1:34812
2026-09-16T03:48:04.955518333Z [34m2026-09-16 03:48:04.954 UTC 014a INFO[0m [Router1] [34;1mBroadcast[0m -> Received error from stream: rpc error: code = Canceled desc = context canceled, closing broadcastfrom client 172.29.0.1:42170
2026-09-16T03:48:04.955519144Z [34m2026-09-16 03:48:04.954 UTC 0165 INFO[0m [Router1] [34;1mBroadcast[0m -> Received error from stream: rpc error: code = Canceled desc = context canceled, closing broadcastfrom client 172.29.0.1:42170
2026-09-16T03:48:04.955519815Z [34m2026-09-16 03:48:04.955 UTC 0145 INFO[0m [Router2] [34;1mBroadcast[0m -> Received error from stream: rpc error: code = Canceled desc = context canceled, closing broadcastfrom client 172.29.0.1:34812
2026-09-16T03:48:04.955520467Z [34m2026-09-16 03:48:04.954 UTC 016e INFO[0m [Router1] [34;1mBroadcast[0m -> Received error from stream: rpc error: code = Canceled desc = context canceled, closing broadcastfrom client 172.29.0.1:42170
2026-09-16T03:48:04.955521337Z [34m2026-09-16 03:48:04.954 UTC 016f INFO[0m [Router1] [34;1mBroadcast[0m -> Received error from stream: rpc error: code = Canceled desc = context canceled, closing broadcastfrom client 172.29.0.1:42170
2026-09-16T03:48:04.955522057Z [34m2026-09-16 03:48:04.955 UTC 0146 INFO[0m [Router2] [34;1mBroadcast[0m -> Received error from stream: rpc error: code = Canceled desc = context canceled, closing broadcastfrom client 172.29.0.1:34812
2026-09-16T03:48:04.955522675Z [34m2026-09-16 03:48:04.955 UTC 0147 INFO[0m [Router2] [34;1mBroadcast[0m -> Received error from stream: rpc error: code = Canceled desc = context canceled, closing broadcastfrom client 172.29.0.1:34812
2026-09-16T03:48:04.955523281Z [34m2026-09-16 03:48:04.955 UTC 0148 INFO[0m [Router2] [34;1mBroadcast[0m -> Received error from stream: rpc error: code = Canceled desc = context canceled, closing broadcastfrom client 172.29.0.1:34812
2026-09-16T03:48:04.955523902Z [34m2026-09-16 03:48:04.955 UTC 0170 INFO[0m [Router1] [34;1mBroadcast[0m -> Received error from stream: rpc error: code = Canceled desc = context canceled, closing broadcastfrom client 172.29.0.1:42170
2026-09-16T03:48:04.955524597Z [34m2026-09-16 03:48:04.955 UTC 0149 INFO[0m [Router2] [34;1mBroadcast[0m -> Received error from stream: rpc error: code = Canceled desc = context canceled, closing broadcastfrom client 172.29.0.1:34812
2026-09-16T03:48:04.955525291Z [34m2026-09-16 03:48:04.955 UTC 014b INFO[0m [Router2] [34;1mBroadcast[0m -> Received error from stream: rpc error: code = Canceled desc = context canceled, closing broadcastfrom client 172.29.0.1:34812
2026-09-16T03:48:04.955527345Z [34m2026-09-16 03:48:04.955 UTC 0171 INFO[0m [Router1] [34;1mBroadcast[0m -> Received error from stream: rpc error: code = Canceled desc = context canceled, closing broadcastfrom client 172.29.0.1:42170
2026-09-16T03:48:04.955528139Z [34m2026-09-16 03:48:04.955 UTC 014c INFO[0m [Router2] [34;1mBroadcast[0m -> Received error from stream: rpc error: code = Canceled desc = context canceled, closing broadcastfrom client 172.29.0.1:34812
2026-09-16T03:48:04.955528825Z [34m2026-09-16 03:48:04.955 UTC 014d INFO[0m [Router2] [34;1mBroadcast[0m -> Received error from stream: rpc error: code = Canceled desc = context canceled, closing broadcastfrom client 172.29.0.1:34812
2026-09-16T03:48:04.955529595Z [34m2026-09-16 03:48:04.955 UTC 014e INFO[0m [Router2] [34;1mBroadcast[0m -> Received error from stream: rpc error: code = Canceled desc = context canceled, closing broadcastfrom client 172.29.0.1:34812
2026-09-16T03:48:04.955530235Z [34m2026-09-16 03:48:04.955 UTC 0172 INFO[0m [Router1] [34;1mBroadcast[0m -> Received error from stream: rpc error: code = Canceled desc = context canceled, closing broadcastfrom client 172.29.0.1:42170
2026-09-16T03:48:04.955530864Z [34m2026-09-16 03:48:04.955 UTC 014f INFO[0m [Router2] [34;1mBroadcast[0m -> Received error from stream: rpc error: code = Canceled desc = context canceled, closing broadcastfrom client 172.29.0.1:34812
2026-09-16T03:48:04.955531470Z [34m2026-09-16 03:48:04.955 UTC 0173 INFO[0m [Router1] [34;1mBroadcast[0m -> Received error from stream: rpc error: code = Canceled desc = context canceled, closing broadcastfrom client 172.29.0.1:42170
2026-09-16T03:48:04.955532216Z [34m2026-09-16 03:48:04.955 UTC 0151 INFO[0m [Router2] [34;1mBroadcast[0m -> Received error from stream: rpc error: code = Canceled desc = context canceled, closing broadcastfrom client 172.29.0.1:34812
2026-09-16T03:48:04.955532910Z [34m2026-09-16 03:48:04.955 UTC 0152 INFO[0m [Router2] [34;1mBroadcast[0m -> Received error from stream: rpc error: code = Canceled desc = context canceled, closing broadcastfrom client 172.29.0.1:34812
2026-09-16T03:48:04.955533576Z [34m2026-09-16 03:48:04.954 UTC 012d INFO[0m [Router2] [34;1mBroadcast[0m -> Received error from stream: rpc error: code = Canceled desc = context canceled, closing broadcastfrom client 172.29.0.1:34812
2026-09-16T03:48:04.955534395Z [34m2026-09-16 03:48:04.955 UTC 014a INFO[0m [Router2] [34;1mBroadcast[0m -> Received error from stream: rpc error: code = Canceled desc = context canceled, closing broadcastfrom client 172.29.0.1:34812
2026-09-16T03:48:04.955535060Z [34m2026-09-16 03:48:04.955 UTC 0174 INFO[0m [Router1] [34;1mBroadcast[0m -> Received error from stream: rpc error: code = Canceled desc = context canceled, closing broadcastfrom client 172.29.0.1:42170
2026-09-16T03:48:04.955535709Z [34m2026-09-16 03:48:04.954 UTC 013b INFO[0m [Router2] [34;1mBroadcast[0m -> Received error from stream: rpc error: code = Canceled desc = context canceled, closing broadcastfrom client 172.29.0.1:34812
2026-09-16T03:48:04.955536361Z [34m2026-09-16 03:48:04.955 UTC 0175 INFO[0m [Router1] [34;1mBroadcast[0m -> Received error from stream: rpc error: code = Canceled desc = context canceled, closing broadcastfrom client 172.29.0.1:42170
2026-09-16T03:48:04.955537908Z [34m2026-09-16 03:48:04.954 UTC 0140 INFO[0m [Router2] [34;1mBroadcast[0m -> Received error from stream: rpc error: code = Canceled desc = context canceled, closing broadcastfrom client 172.29.0.1:34812
2026-09-16T03:48:04.955538592Z [34m2026-09-16 03:48:04.954 UTC 012e INFO[0m [Router2] [34;1mBroadcast[0m -> Received error from stream: rpc error: code = Canceled desc = context canceled, closing broadcastfrom client 172.29.0.1:34812
2026-09-16T03:48:04.955539235Z [34m2026-09-16 03:48:04.955 UTC 0150 INFO[0m [Router2] [34;1mBroadcast[0m -> Received error from stream: rpc error: code = Canceled desc = context canceled, closing broadcastfrom client 172.29.0.1:34812
2026-09-16T03:48:04.955539852Z [34m2026-09-16 03:48:04.955 UTC 0154 INFO[0m [Router2] [34;1mBroadcast[0m -> Received error from stream: rpc error: code = Canceled desc = context canceled, closing broadcastfrom client 172.29.0.1:34812
2026-09-16T03:48:04.955540470Z [34m2026-09-16 03:48:04.954 UTC 012f INFO[0m [Router2] [34;1mBroadcast[0m -> Received error from stream: rpc error: code = Canceled desc = context canceled, closing broadcastfrom client 172.29.0.1:34812
2026-09-16T03:48:04.955541073Z [34m2026-09-16 03:48:04.955 UTC 0177 INFO[0m [Router1] [34;1mBroadcast[0m -> Received error from stream: rpc error: code = Canceled desc = context canceled, closing broadcastfrom client 172.29.0.1:42170
2026-09-16T03:48:04.955583196Z [34m2026-09-16 03:48:04.955 UTC 0178 INFO[0m [Router1] [34;1mBroadcast[0m -> Received error from stream: rpc error: code = Canceled desc = context canceled, closing broadcastfrom client 172.29.0.1:42170
2026-09-16T03:48:04.955591877Z [34m2026-09-16 03:48:04.955 UTC 0153 INFO[0m [Router2] [34;1mBroadcast[0m -> Received error from stream: rpc error: code = Canceled desc = context canceled, closing broadcastfrom client 172.29.0.1:34812
2026-09-16T03:48:04.955593679Z [34m2026-09-16 03:48:04.955 UTC 0155 INFO[0m [Router2] [34;1mBroadcast[0m -> Received error from stream: rpc error: code = Canceled desc = context canceled, closing broadcastfrom client 172.29.0.1:34812
2026-09-16T03:48:04.955594851Z [34m2026-09-16 03:48:04.955 UTC 0156 INFO[0m [Router2] [34;1mBroadcast[0m -> Received error from stream: rpc error: code = Canceled desc = context canceled, closing broadcastfrom client 172.29.0.1:34812
2026-09-16T03:48:04.955595804Z [34m2026-09-16 03:48:04.955 UTC 0157 INFO[0m [Router2] [34;1mBroadcast[0m -> Received error from stream: rpc error: code = Canceled desc = context canceled, closing broadcastfrom client 172.29.0.1:34812
2026-09-16T03:48:04.955596660Z [34m2026-09-16 03:48:04.955 UTC 017a INFO[0m [Router1] [34;1mBroadcast[0m -> Received error from stream: rpc error: code = Canceled desc = context canceled, closing broadcastfrom client 172.29.0.1:42170
2026-09-16T03:48:04.955597786Z [34m2026-09-16 03:48:04.955 UTC 0158 INFO[0m [Router2] [34;1mBroadcast[0m -> Received error from stream: rpc error: code = Canceled desc = context canceled, closing broadcastfrom client 172.29.0.1:34812
2026-09-16T03:48:04.955605652Z [34m2026-09-16 03:48:04.955 UTC 017b INFO[0m [Router1] [34;1mBroadcast[0m -> Received error from stream: rpc error: code = Canceled desc = context canceled, closing broadcastfrom client 172.29.0.1:42170
2026-09-16T03:48:04.955606782Z [34m2026-09-16 03:48:04.955 UTC 017e INFO[0m [Router1] [34;1mBroadcast[0m -> Received error from stream: rpc error: code = Canceled desc = context canceled, closing broadcastfrom client 172.29.0.1:42170
2026-09-16T03:48:04.955607640Z [34m2026-09-16 03:48:04.955 UTC 015b INFO[0m [Router2] [34;1mBroadcast[0m -> Received error from stream: rpc error: code = Canceled desc = context canceled, closing broadcastfrom client 172.29.0.1:34812
2026-09-16T03:48:04.955609131Z [34m2026-09-16 03:48:04.955 UTC 015c INFO[0m [Router2] [34;1mBroadcast[0m -> Received error from stream: rpc error: code = Canceled desc = context canceled, closing broadcastfrom client 172.29.0.1:34812
2026-09-16T03:48:04.955610143Z [34m2026-09-16 03:48:04.955 UTC 0180 INFO[0m [Router1] [34;1mBroadcast[0m -> Received error from stream: rpc error: code = Canceled desc = context canceled, closing broadcastfrom client 172.29.0.1:42170
2026-09-16T03:48:04.955610984Z [34m2026-09-16 03:48:04.955 UTC 015d INFO[0m [Router2] [34;1mBroadcast[0m -> Received error from stream: rpc error: code = Canceled desc = context canceled, closing broadcastfrom client 172.29.0.1:34812
2026-09-16T03:48:04.955611799Z [34m2026-09-16 03:48:04.955 UTC 015e INFO[0m [Router2] [34;1mBroadcast[0m -> Received error from stream: rpc error: code = Canceled desc = context canceled, closing broadcastfrom client 172.29.0.1:34812
2026-09-16T03:48:04.955612645Z [34m2026-09-16 03:48:04.955 UTC 015f INFO[0m [Router2] [34;1mBroadcast[0m -> Received error from stream: rpc error: code = Canceled desc = context canceled, closing broadcastfrom client 172.29.0.1:34812
2026-09-16T03:48:04.955613468Z [34m2026-09-16 03:48:04.955 UTC 0160 INFO[0m [Router2] [34;1mBroadcast[0m -> Received error from stream: rpc error: code = Canceled desc = context canceled, closing broadcastfrom client 172.29.0.1:34812
2026-09-16T03:48:04.955614291Z [34m2026-09-16 03:48:04.955 UTC 0183 INFO[0m [Router1] [34;1mBroadcast[0m -> Received error from stream: rpc error: code = Canceled desc = context canceled, closing broadcastfrom client 172.29.0.1:42170
2026-09-16T03:48:04.955615127Z [34m2026-09-16 03:48:04.955 UTC 0161 INFO[0m [Router2] [34;1mBroadcast[0m -> Received error from stream: rpc error: code = Canceled desc = context canceled, closing broadcastfrom client 172.29.0.1:34812
2026-09-16T03:48:04.955615963Z [34m2026-09-16 03:48:04.955 UTC 0185 INFO[0m [Router1] [34;1mBroadcast[0m -> Received error from stream: rpc error: code = Canceled desc = context canceled, closing broadcastfrom client 172.29.0.1:42170
2026-09-16T03:48:04.955616787Z [34m2026-09-16 03:48:04.955 UTC 0162 INFO[0m [Router2] [34;1mBroadcast[0m -> Received error from stream: rpc error: code = Canceled desc = context canceled, closing broadcastfrom client 172.29.0.1:34812
2026-09-16T03:48:04.955618701Z [34m2026-09-16 03:48:04.955 UTC 0186 INFO[0m [Router1] [34;1mBroadcast[0m -> Received error from stream: rpc error: code = Canceled desc = context canceled, closing broadcastfrom client 172.29.0.1:42170
2026-09-16T03:48:04.955621893Z [34m2026-09-16 03:48:04.955 UTC 0163 INFO[0m [Router2] [34;1mBroadcast[0m -> Received error from stream: rpc error: code = Canceled desc = context canceled, closing broadcastfrom client 172.29.0.1:34812
2026-09-16T03:48:04.955622959Z [34m2026-09-16 03:48:04.955 UTC 0165 INFO[0m [Router2] [34;1mBroadcast[0m -> Received error from stream: rpc error: code = Canceled desc = context canceled, closing broadcastfrom client 172.29.0.1:34812
2026-09-16T03:48:04.955623823Z [34m2026-09-16 03:48:04.955 UTC 0166 INFO[0m [Router2] [34;1mBroadcast[0m -> Received error from stream: rpc error: code = Canceled desc = context canceled, closing broadcastfrom client 172.29.0.1:34812
2026-09-16T03:48:04.955624838Z [34m2026-09-16 03:48:04.955 UTC 0188 INFO[0m [Router1] [34;1mBroadcast[0m -> Received error from stream: rpc error: code = Canceled desc = context canceled, closing broadcastfrom client 172.29.0.1:42170
2026-09-16T03:48:04.955625665Z [34m2026-09-16 03:48:04.955 UTC 0189 INFO[0m [Router1] [34;1mBroadcast[0m -> Received error from stream: rpc error: code = Canceled desc = context canceled, closing broadcastfrom client 172.29.0.1:42170
2026-09-16T03:48:04.955626484Z [34m2026-09-16 03:48:04.955 UTC 0167 INFO[0m [Router2] [34;1mBroadcast[0m -> Received error from stream: rpc error: code = Canceled desc = context canceled, closing broadcastfrom client 172.29.0.1:34812
2026-09-16T03:48:04.955627300Z [34m2026-09-16 03:48:04.955 UTC 0169 INFO[0m [Router2] [34;1mBroadcast[0m -> Received error from stream: rpc error: code = Canceled desc = context canceled, closing broadcastfrom client 172.29.0.1:34812
2026-09-16T03:48:04.955628166Z [34m2026-09-16 03:48:04.955 UTC 016a INFO[0m [Router2] [34;1mBroadcast[0m -> Received error from stream: rpc error: code = Canceled desc = context canceled, closing broadcastfrom client 172.29.0.1:34812
2026-09-16T03:48:04.955628990Z [34m2026-09-16 03:48:04.955 UTC 016b INFO[0m [Router2] [34;1mBroadcast[0m -> Received error from stream: rpc error: code = Canceled desc = context canceled, closing broadcastfrom client 172.29.0.1:34812
2026-09-16T03:48:04.955630424Z [34m2026-09-16 03:48:04.955 UTC 018a INFO[0m [Router1] [34;1mBroadcast[0m -> Received error from stream: rpc error: code = Canceled desc = context canceled, closing broadcastfrom client 172.29.0.1:42170
2026-09-16T03:48:04.955631312Z [34m2026-09-16 03:48:04.955 UTC 016c INFO[0m [Router2] [34;1mBroadcast[0m -> Received error from stream: rpc error: code = Canceled desc = context canceled, closing broadcastfrom client 172.29.0.1:34812
2026-09-16T03:48:04.955632147Z [34m2026-09-16 03:48:04.955 UTC 018b INFO[0m [Router1] [34;1mBroadcast[0m -> Received error from stream: rpc error: code = Canceled desc = context canceled, closing broadcastfrom client 172.29.0.1:42170
2026-09-16T03:48:04.955632980Z [34m2026-09-16 03:48:04.955 UTC 016d INFO[0m [Router2] [34;1mBroadcast[0m -> Received error from stream: rpc error: code = Canceled desc = context canceled, closing broadcastfrom client 172.29.0.1:34812
2026-09-16T03:48:04.955636337Z [34m2026-09-16 03:48:04.955 UTC 018c INFO[0m [Router1] [34;1mBroadcast[0m -> Received error from stream: rpc error: code = Canceled desc = context canceled, closing broadcastfrom client 172.29.0.1:42170
2026-09-16T03:48:04.955637349Z [34m2026-09-16 03:48:04.955 UTC 016e INFO[0m [Router2] [34;1mBroadcast[0m -> Received error from stream: rpc error: code = Canceled desc = context canceled, closing broadcastfrom client 172.29.0.1:34812
2026-09-16T03:48:04.955638229Z [34m2026-09-16 03:48:04.955 UTC 018d INFO[0m [Router1] [34;1mBroadcast[0m -> Received error from stream: rpc error: code = Canceled desc = context canceled, closing broadcastfrom client 172.29.0.1:42170
2026-09-16T03:48:04.955639051Z [34m2026-09-16 03:48:04.955 UTC 016f INFO[0m [Router2] [34;1mBroadcast[0m -> Received error from stream: rpc error: code = Canceled desc = context canceled, closing broadcastfrom client 172.29.0.1:34812
2026-09-16T03:48:04.955639876Z [34m2026-09-16 03:48:04.955 UTC 018e INFO[0m [Router1] [34;1mBroadcast[0m -> Received error from stream: rpc error: code = Canceled desc = context canceled, closing broadcastfrom client 172.29.0.1:42170
2026-09-16T03:48:04.955640685Z [34m2026-09-16 03:48:04.955 UTC 0170 INFO[0m [Router2] [34;1mBroadcast[0m -> Received error from stream: rpc error: code = Canceled desc = context canceled, closing broadcastfrom client 172.29.0.1:34812
2026-09-16T03:48:04.955641807Z [34m2026-09-16 03:48:04.955 UTC 0171 INFO[0m [Router2] [34;1mBroadcast[0m -> Received error from stream: rpc error: code = Canceled desc = context canceled, closing broadcastfrom client 172.29.0.1:34812
2026-09-16T03:48:04.955642658Z [34m2026-09-16 03:48:04.955 UTC 0172 INFO[0m [Router2] [34;1mBroadcast[0m -> Received error from stream: rpc error: code = Canceled desc = context canceled, closing broadcastfrom client 172.29.0.1:34812
2026-09-16T03:48:04.955643486Z [34m2026-09-16 03:48:04.955 UTC 018f INFO[0m [Router1] [34;1mBroadcast[0m -> Received error from stream: rpc error: code = Canceled desc = context canceled, closing broadcastfrom client 172.29.0.1:42170
2026-09-16T03:48:04.955644296Z [34m2026-09-16 03:48:04.955 UTC 0173 INFO[0m [Router2] [34;1mBroadcast[0m -> Received error from stream: rpc error: code = Canceled desc = context canceled, closing broadcastfrom client 172.29.0.1:34812
2026-09-16T03:48:04.955645124Z [34m2026-09-16 03:48:04.955 UTC 0174 INFO[0m [Router2] [34;1mBroadcast[0m -> Received error from stream: rpc error: code = Canceled desc = context canceled, closing broadcastfrom client 172.29.0.1:34812
2026-09-16T03:48:04.955645934Z [34m2026-09-16 03:48:04.955 UTC 0192 INFO[0m [Router1] [34;1mBroadcast[0m -> Received error from stream: rpc error: code = Canceled desc = context canceled, closing broadcastfrom client 172.29.0.1:42170
2026-09-16T03:48:04.955646741Z [34m2026-09-16 03:48:04.955 UTC 0175 INFO[0m [Router2] [34;1mBroadcast[0m -> Received error from stream: rpc error: code = Canceled desc = context canceled, closing broadcastfrom client 172.29.0.1:34812
2026-09-16T03:48:04.955647546Z [34m2026-09-16 03:48:04.955 UTC 0193 INFO[0m [Router1] [34;1mBroadcast[0m -> Received error from stream: rpc error: code = Canceled desc = context canceled, closing broadcastfrom client 172.29.0.1:42170
2026-09-16T03:48:04.955658585Z [34m2026-09-16 03:48:04.955 UTC 0176 INFO[0m [Router2] [34;1mBroadcast[0m -> Received error from stream: rpc error: code = Canceled desc = context canceled, closing broadcastfrom client 172.29.0.1:34812
2026-09-16T03:48:04.955659644Z [34m2026-09-16 03:48:04.955 UTC 0177 INFO[0m [Router2] [34;1mBroadcast[0m -> Received error from stream: rpc error: code = Canceled desc = context canceled, closing broadcastfrom client 172.29.0.1:34812
2026-09-16T03:48:04.955661066Z [34m2026-09-16 03:48:04.955 UTC 0195 INFO[0m [Router1] [34;1mBroadcast[0m -> Received error from stream: rpc error: code = Canceled desc = context canceled, closing broadcastfrom client 172.29.0.1:42170
2026-09-16T03:48:04.955661936Z [34m2026-09-16 03:48:04.955 UTC 017b INFO[0m [Router2] [34;1mBroadcast[0m -> Received error from stream: rpc error: code = Canceled desc = context canceled, closing broadcastfrom client 172.29.0.1:34812
2026-09-16T03:48:04.955662771Z [34m2026-09-16 03:48:04.955 UTC 0199 INFO[0m [Router1] [34;1mBroadcast[0m -> Received error from stream: rpc error: code = Canceled desc = context canceled, closing broadcastfrom client 172.29.0.1:42170
2026-09-16T03:48:04.955663585Z [34m2026-09-16 03:48:04.955 UTC 017c INFO[0m [Router2] [34;1mBroadcast[0m -> Received error from stream: rpc error: code = Canceled desc = context canceled, closing broadcastfrom client 172.29.0.1:34812
2026-09-16T03:48:04.955664399Z [34m2026-09-16 03:48:04.955 UTC 017d INFO[0m [Router2] [34;1mBroadcast[0m -> Received error from stream: rpc error: code = Canceled desc = context canceled, closing broadcastfrom client 172.29.0.1:34812
2026-09-16T03:48:04.955665214Z [34m2026-09-16 03:48:04.955 UTC 019a INFO[0m [Router1] [34;1mBroadcast[0m -> Received error from stream: rpc error: code = Canceled desc = context canceled, closing broadcastfrom client 172.29.0.1:42170
2026-09-16T03:48:04.955666031Z [34m2026-09-16 03:48:04.955 UTC 017e INFO[0m [Router2] [34;1mBroadcast[0m -> Received error from stream: rpc error: code = Canceled desc = context canceled, closing broadcastfrom client 172.29.0.1:34812
2026-09-16T03:48:04.955666848Z [34m2026-09-16 03:48:04.955 UTC 019b INFO[0m [Router1] [34;1mBroadcast[0m -> Received error from stream: rpc error: code = Canceled desc = context canceled, closing broadcastfrom client 172.29.0.1:42170
2026-09-16T03:48:04.955667649Z [34m2026-09-16 03:48:04.955 UTC 017f INFO[0m [Router2] [34;1mBroadcast[0m -> Received error from stream: rpc error: code = Canceled desc = context canceled, closing broadcastfrom client 172.29.0.1:34812
2026-09-16T03:48:04.955668914Z [34m2026-09-16 03:48:04.955 UTC 019c INFO[0m [Router1] [34;1mBroadcast[0m -> Received error from stream: rpc error: code = Canceled desc = context canceled, closing broadcastfrom client 172.29.0.1:42170
2026-09-16T03:48:04.955669844Z [34m2026-09-16 03:48:04.955 UTC 0181 INFO[0m [Router2] [34;1mBroadcast[0m -> Received error from stream: rpc error: code = Canceled desc = context canceled, closing broadcastfrom client 172.29.0.1:34812
2026-09-16T03:48:04.955672556Z [34m2026-09-16 03:48:04.955 UTC 0182 INFO[0m [Router2] [34;1mBroadcast[0m -> Received error from stream: rpc error: code = Canceled desc = context canceled, closing broadcastfrom client 172.29.0.1:34812
2026-09-16T03:48:04.955673617Z [34m2026-09-16 03:48:04.955 UTC 019d INFO[0m [Router1] [34;1mBroadcast[0m -> Received error from stream: rpc error: code = Canceled desc = context canceled, closing broadcastfrom client 172.29.0.1:42170
2026-09-16T03:48:04.955674471Z [34m2026-09-16 03:48:04.955 UTC 019e INFO[0m [Router1] [34;1mBroadcast[0m -> Received error from stream: rpc error: code = Canceled desc = context canceled, closing broadcastfrom client 172.29.0.1:42170
2026-09-16T03:48:04.955675295Z [34m2026-09-16 03:48:04.955 UTC 0183 INFO[0m [Router2] [34;1mBroadcast[0m -> Received error from stream: rpc error: code = Canceled desc = context canceled, closing broadcastfrom client 172.29.0.1:34812
2026-09-16T03:48:04.955676108Z [34m2026-09-16 03:48:04.955 UTC 019f INFO[0m [Router1] [34;1mBroadcast[0m -> Received error from stream: rpc error: code = Canceled desc = context canceled, closing broadcastfrom client 172.29.0.1:42170
2026-09-16T03:48:04.955676922Z [34m2026-09-16 03:48:04.955 UTC 0184 INFO[0m [Router2] [34;1mBroadcast[0m -> Received error from stream: rpc error: code = Canceled desc = context canceled, closing broadcastfrom client 172.29.0.1:34812
2026-09-16T03:48:04.955677742Z [34m2026-09-16 03:48:04.955 UTC 0185 INFO[0m [Router2] [34;1mBroadcast[0m -> Received error from stream: rpc error: code = Canceled desc = context canceled, closing broadcastfrom client 172.29.0.1:34812
2026-09-16T03:48:04.955678542Z [34m2026-09-16 03:48:04.955 UTC 01a0 INFO[0m [Router1] [34;1mBroadcast[0m -> Received error from stream: rpc error: code = Canceled desc = context canceled, closing broadcastfrom client 172.29.0.1:42170
2026-09-16T03:48:04.955679783Z [34m2026-09-16 03:48:04.955 UTC 01a1 INFO[0m [Router1] [34;1mBroadcast[0m -> Received error from stream: rpc error: code = Canceled desc = context canceled, closing broadcastfrom client 172.29.0.1:42170
2026-09-16T03:48:04.955680683Z [34m2026-09-16 03:48:04.955 UTC 0186 INFO[0m [Router2] [34;1mBroadcast[0m -> Received error from stream: rpc error: code = Canceled desc = context canceled, closing broadcastfrom client 172.29.0.1:34812
2026-09-16T03:48:04.955681484Z [34m2026-09-16 03:48:04.955 UTC 0189 INFO[0m [Router2] [34;1mBroadcast[0m -> Received error from stream: rpc error: code = Canceled desc = context canceled, closing broadcastfrom client 172.29.0.1:34812
2026-09-16T03:48:04.955682311Z [34m2026-09-16 03:48:04.955 UTC 01a3 INFO[0m [Router1] [34;1mBroadcast[0m -> Received error from stream: rpc error: code = Canceled desc = context canceled, closing broadcastfrom client 172.29.0.1:42170
2026-09-16T03:48:04.955683134Z [34m2026-09-16 03:48:04.955 UTC 018a INFO[0m [Router2] [34;1mBroadcast[0m -> Received error from stream: rpc error: code = Canceled desc = context canceled, closing broadcastfrom client 172.29.0.1:34812
2026-09-16T03:48:04.955683952Z [34m2026-09-16 03:48:04.955 UTC 018b INFO[0m [Router2] [34;1mBroadcast[0m -> Received error from stream: rpc error: code = Canceled desc = context canceled, closing broadcastfrom client 172.29.0.1:34812
2026-09-16T03:48:04.955686395Z [34m2026-09-16 03:48:04.955 UTC 018c INFO[0m [Router2] [34;1mBroadcast[0m -> Received error from stream: rpc error: code = Canceled desc = context canceled, closing broadcastfrom client 172.29.0.1:34812
2026-09-16T03:48:04.955687604Z [34m2026-09-16 03:48:04.955 UTC 01a5 INFO[0m [Router1] [34;1mBroadcast[0m -> Received error from stream: rpc error: code = Canceled desc = context canceled, closing broadcastfrom client 172.29.0.1:42170
2026-09-16T03:48:04.955688459Z [34m2026-09-16 03:48:04.955 UTC 01a4 INFO[0m [Router1] [34;1mBroadcast[0m -> Received error from stream: rpc error: code = Canceled desc = context canceled, closing broadcastfrom client 172.29.0.1:42170
2026-09-16T03:48:04.955689300Z [34m2026-09-16 03:48:04.955 UTC 018e INFO[0m [Router2] [34;1mBroadcast[0m -> Received error from stream: rpc error: code = Canceled desc = context canceled, closing broadcastfrom client 172.29.0.1:34812
2026-09-16T03:48:04.955690366Z [34m2026-09-16 03:48:04.955 UTC 01a6 INFO[0m [Router1] [34;1mBroadcast[0m -> Received error from stream: rpc error: code = Canceled desc = context canceled, closing broadcastfrom client 172.29.0.1:42170
2026-09-16T03:48:04.955691232Z [34m2026-09-16 03:48:04.955 UTC 018f INFO[0m [Router2] [34;1mBroadcast[0m -> Received error from stream: rpc error: code = Canceled desc = context canceled, closing broadcastfrom client 172.29.0.1:34812
2026-09-16T03:48:04.955692056Z [34m2026-09-16 03:48:04.955 UTC 0190 INFO[0m [Router2] [34;1mBroadcast[0m -> Received error from stream: rpc error: code = Canceled desc = context canceled, closing broadcastfrom client 172.29.0.1:34812
2026-09-16T03:48:04.955692862Z [34m2026-09-16 03:48:04.955 UTC 0191 INFO[0m [Router2] [34;1mBroadcast[0m -> Received error from stream: rpc error: code = Canceled desc = context canceled, closing broadcastfrom client 172.29.0.1:34812
2026-09-16T03:48:04.955693691Z [34m2026-09-16 03:48:04.955 UTC 01a7 INFO[0m [Router1] [34;1mBroadcast[0m -> Received error from stream: rpc error: code = Canceled desc = context canceled, closing broadcastfrom client 172.29.0.1:42170
2026-09-16T03:48:04.955694529Z [34m2026-09-16 03:48:04.955 UTC 0192 INFO[0m [Router2] [34;1mBroadcast[0m -> Received error from stream: rpc error: code = Canceled desc = context canceled, closing broadcastfrom client 172.29.0.1:34812
2026-09-16T03:48:04.955695342Z [34m2026-09-16 03:48:04.955 UTC 0193 INFO[0m [Router2] [34;1mBroadcast[0m -> Received error from stream: rpc error: code = Canceled desc = context canceled, closing broadcastfrom client 172.29.0.1:34812
2026-09-16T03:48:04.955696161Z [34m2026-09-16 03:48:04.955 UTC 0194 INFO[0m [Router2] [34;1mBroadcast[0m -> Received error from stream: rpc error: code = Canceled desc = context canceled, closing broadcastfrom client 172.29.0.1:34812
2026-09-16T03:48:04.955696977Z [34m2026-09-16 03:48:04.955 UTC 01a8 INFO[0m [Router1] [34;1mBroadcast[0m -> Received error from stream: rpc error: code = Canceled desc = context canceled, closing broadcastfrom client 172.29.0.1:42170
2026-09-16T03:48:04.955697800Z [34m2026-09-16 03:48:04.955 UTC 0195 INFO[0m [Router2] [34;1mBroadcast[0m -> Received error from stream: rpc error: code = Canceled desc = context canceled, closing broadcastfrom client 172.29.0.1:34812
2026-09-16T03:48:04.955700721Z [34m2026-09-16 03:48:04.955 UTC 0197 INFO[0m [Router2] [34;1mBroadcast[0m -> Received error from stream: rpc error: code = Canceled desc = context canceled, closing broadcastfrom client 172.29.0.1:34812
2026-09-16T03:48:04.955701721Z [34m2026-09-16 03:48:04.955 UTC 01aa INFO[0m [Router1] [34;1mBroadcast[0m -> Received error from stream: rpc error: code = Canceled desc = context canceled, closing broadcastfrom client 172.29.0.1:42170
2026-09-16T03:48:04.955702774Z [34m2026-09-16 03:48:04.955 UTC 0198 INFO[0m [Router2] [34;1mBroadcast[0m -> Received error from stream: rpc error: code = Canceled desc = context canceled, closing broadcastfrom client 172.29.0.1:34812
2026-09-16T03:48:04.955703791Z [34m2026-09-16 03:48:04.955 UTC 0199 INFO[0m [Router2] [34;1mBroadcast[0m -> Received error from stream: rpc error: code = Canceled desc = context canceled, closing broadcastfrom client 172.29.0.1:34812
2026-09-16T03:48:04.955704601Z [34m2026-09-16 03:48:04.955 UTC 019a INFO[0m [Router2] [34;1mBroadcast[0m -> Received error from stream: rpc error: code = Canceled desc = context canceled, closing broadcastfrom client 172.29.0.1:34812
2026-09-16T03:48:04.955705421Z [34m2026-09-16 03:48:04.955 UTC 01ab INFO[0m [Router1] [34;1mBroadcast[0m -> Received error from stream: rpc error: code = Canceled desc = context canceled, closing broadcastfrom client 172.29.0.1:42170
2026-09-16T03:48:04.955706230Z [34m2026-09-16 03:48:04.955 UTC 01ac INFO[0m [Router1] [34;1mBroadcast[0m -> Received error from stream: rpc error: code = Canceled desc = context canceled, closing broadcastfrom client 172.29.0.1:42170
2026-09-16T03:48:04.955707061Z [34m2026-09-16 03:48:04.955 UTC 019b INFO[0m [Router2] [34;1mBroadcast[0m -> Received error from stream: rpc error: code = Canceled desc = context canceled, closing broadcastfrom client 172.29.0.1:34812
2026-09-16T03:48:04.955707866Z [34m2026-09-16 03:48:04.955 UTC 019c INFO[0m [Router2] [34;1mBroadcast[0m -> Received error from stream: rpc error: code = Canceled desc = context canceled, closing broadcastfrom client 172.29.0.1:34812
2026-09-16T03:48:04.955708682Z [34m2026-09-16 03:48:04.955 UTC 019d INFO[0m [Router2] [34;1mBroadcast[0m -> Received error from stream: rpc error: code = Canceled desc = context canceled, closing broadcastfrom client 172.29.0.1:34812
2026-09-16T03:48:04.955709826Z [34m2026-09-16 03:48:04.955 UTC 01ad INFO[0m [Router1] [34;1mBroadcast[0m -> Received error from stream: rpc error: code = Canceled desc = context canceled, closing broadcastfrom client 172.29.0.1:42170
2026-09-16T03:48:04.955710671Z [34m2026-09-16 03:48:04.955 UTC 0123 INFO[0m [Router3] [34;1mBroadcast[0m -> Received error from stream: rpc error: code = Canceled desc = context canceled, closing broadcastfrom client 172.29.0.1:37194
2026-09-16T03:48:04.955711482Z [34m2026-09-16 03:48:04.955 UTC 019e INFO[0m [Router2] [34;1mBroadcast[0m -> Received error from stream: rpc error: code = Canceled desc = context canceled, closing broadcastfrom client 172.29.0.1:34812
2026-09-16T03:48:04.955713917Z [34m2026-09-16 03:48:04.955 UTC 01ae INFO[0m [Router1] [34;1mBroadcast[0m -> Received error from stream: rpc error: code = Canceled desc = context canceled, closing broadcastfrom client 172.29.0.1:42170
2026-09-16T03:48:04.955714876Z [34m2026-09-16 03:48:04.955 UTC 019f INFO[0m [Router2] [34;1mBroadcast[0m -> Received error from stream: rpc error: code = Canceled desc = context canceled, closing broadcastfrom client 172.29.0.1:34812
2026-09-16T03:48:04.955715818Z [34m2026-09-16 03:48:04.955 UTC 01a0 INFO[0m [Router2] [34;1mBroadcast[0m -> Received error from stream: rpc error: code = Canceled desc = context canceled, closing broadcastfrom client 172.29.0.1:34812
2026-09-16T03:48:04.955716636Z [34m2026-09-16 03:48:04.955 UTC 01a2 INFO[0m [Router2] [34;1mBroadcast[0m -> Received error from stream: rpc error: code = Canceled desc = context canceled, closing broadcastfrom client 172.29.0.1:34812
2026-09-16T03:48:04.955717457Z [34m2026-09-16 03:48:04.955 UTC 01a1 INFO[0m [Router2] [34;1mBroadcast[0m -> Received error from stream: rpc error: code = Canceled desc = context canceled, closing broadcastfrom client 172.29.0.1:34812
2026-09-16T03:48:04.955718278Z [34m2026-09-16 03:48:04.955 UTC 0124 INFO[0m [Router3] [34;1mBroadcast[0m -> Received error from stream: rpc error: code = Canceled desc = context canceled, closing broadcastfrom client 172.29.0.1:37194
2026-09-16T03:48:04.955719100Z [34m2026-09-16 03:48:04.955 UTC 01af INFO[0m [Router1] [34;1mBroadcast[0m -> Received error from stream: rpc error: code = Canceled desc = context canceled, closing broadcastfrom client 172.29.0.1:42170
2026-09-16T03:48:04.955720295Z [34m2026-09-16 03:48:04.955 UTC 01a3 INFO[0m [Router2] [34;1mBroadcast[0m -> Received error from stream: rpc error: code = Canceled desc = context canceled, closing broadcastfrom client 172.29.0.1:34812
2026-09-16T03:48:04.955721168Z [34m2026-09-16 03:48:04.955 UTC 01a4 INFO[0m [Router2] [34;1mBroadcast[0m -> Received error from stream: rpc error: code = Canceled desc = context canceled, closing broadcastfrom client 172.29.0.1:34812
2026-09-16T03:48:04.955722117Z [34m2026-09-16 03:48:04.955 UTC 01a5 INFO[0m [Router2] [34;1mBroadcast[0m -> Received error from stream: rpc error: code = Canceled desc = context canceled, closing broadcastfrom client 172.29.0.1:34812
2026-09-16T03:48:04.955722935Z [34m2026-09-16 03:48:04.955 UTC 01b1 INFO[0m [Router1] [34;1mBroadcast[0m -> Received error from stream: rpc error: code = Canceled desc = context canceled, closing broadcastfrom client 172.29.0.1:42170
2026-09-16T03:48:04.955723748Z [34m2026-09-16 03:48:04.955 UTC 01a6 INFO[0m [Router2] [34;1mBroadcast[0m -> Received error from stream: rpc error: code = Canceled desc = context canceled, closing broadcastfrom client 172.29.0.1:34812
2026-09-16T03:48:04.955724578Z [34m2026-09-16 03:48:04.955 UTC 01b2 INFO[0m [Router1] [34;1mBroadcast[0m -> Received error from stream: rpc error: code = Canceled desc = context canceled, closing broadcastfrom client 172.29.0.1:42170
2026-09-16T03:48:04.955725391Z [34m2026-09-16 03:48:04.955 UTC 01a7 INFO[0m [Router2] [34;1mBroadcast[0m -> Received error from stream: rpc error: code = Canceled desc = context canceled, closing broadcastfrom client 172.29.0.1:34812
2026-09-16T03:48:04.955727867Z [34m2026-09-16 03:48:04.955 UTC 01b3 INFO[0m [Router1] [34;1mBroadcast[0m -> Received error from stream: rpc error: code = Canceled desc = context canceled, closing broadcastfrom client 172.29.0.1:42170
2026-09-16T03:48:04.955728857Z [34m2026-09-16 03:48:04.955 UTC 01a8 INFO[0m [Router2] [34;1mBroadcast[0m -> Received error from stream: rpc error: code = Canceled desc = context canceled, closing broadcastfrom client 172.29.0.1:34812
2026-09-16T03:48:04.955729687Z [34m2026-09-16 03:48:04.955 UTC 01a9 INFO[0m [Router2] [34;1mBroadcast[0m -> Received error from stream: rpc error: code = Canceled desc = context canceled, closing broadcastfrom client 172.29.0.1:34812
2026-09-16T03:48:04.955730820Z [34m2026-09-16 03:48:04.955 UTC 01aa INFO[0m [Router2] [34;1mBroadcast[0m -> Received error from stream: rpc error: code = Canceled desc = context canceled, closing broadcastfrom client 172.29.0.1:34812
2026-09-16T03:48:04.955731673Z [34m2026-09-16 03:48:04.955 UTC 01b4 INFO[0m [Router1] [34;1mBroadcast[0m -> Received error from stream: rpc error: code = Canceled desc = context canceled, closing broadcastfrom client 172.29.0.1:42170
2026-09-16T03:48:04.955732486Z [34m2026-09-16 03:48:04.955 UTC 01ac INFO[0m [Router2] [34;1mBroadcast[0m -> Received error from stream: rpc error: code = Canceled desc = context canceled, closing broadcastfrom client 172.29.0.1:34812
2026-09-16T03:48:04.955733312Z [34m2026-09-16 03:48:04.955 UTC 0125 INFO[0m [Router3] [34;1mBroadcast[0m -> Received error from stream: rpc error: code = Canceled desc = context canceled, closing broadcastfrom client 172.29.0.1:37194
2026-09-16T03:48:04.955734130Z [34m2026-09-16 03:48:04.955 UTC 01b6 INFO[0m [Router1] [34;1mBroadcast[0m -> Received error from stream: rpc error: code = Canceled desc = context canceled, closing broadcastfrom client 172.29.0.1:42170
2026-09-16T03:48:04.955734963Z [34m2026-09-16 03:48:04.955 UTC 01ad INFO[0m [Router2] [34;1mBroadcast[0m -> Received error from stream: rpc error: code = Canceled desc = context canceled, closing broadcastfrom client 172.29.0.1:34812
2026-09-16T03:48:04.955735763Z [34m2026-09-16 03:48:04.955 UTC 01ae INFO[0m [Router2] [34;1mBroadcast[0m -> Received error from stream: rpc error: code = Canceled desc = context canceled, closing broadcastfrom client 172.29.0.1:34812
2026-09-16T03:48:04.955736648Z [34m2026-09-16 03:48:04.955 UTC 01b7 INFO[0m [Router1] [34;1mBroadcast[0m -> Received error from stream: rpc error: code = Canceled desc = context canceled, closing broadcastfrom client 172.29.0.1:42170
2026-09-16T03:48:04.955737484Z [34m2026-09-16 03:48:04.955 UTC 0126 INFO[0m [Router3] [34;1mBroadcast[0m -> Received error from stream: rpc error: code = Canceled desc = context canceled, closing broadcastfrom client 172.29.0.1:37194
2026-09-16T03:48:04.955738302Z [34m2026-09-16 03:48:04.955 UTC 01b0 INFO[0m [Router2] [34;1mBroadcast[0m -> Received error from stream: rpc error: code = Canceled desc = context canceled, closing broadcastfrom client 172.29.0.1:34812
2026-09-16T03:48:04.955741934Z [34m2026-09-16 03:48:04.955 UTC 01b1 INFO[0m [Router2] [34;1mBroadcast[0m -> Received error from stream: rpc error: code = Canceled desc = context canceled, closing broadcastfrom client 172.29.0.1:34812
2026-09-16T03:48:04.955745033Z [34m2026-09-16 03:48:04.955 UTC 01b2 INFO[0m [Router2] [34;1mBroadcast[0m -> Received error from stream: rpc error: code = Canceled desc = context canceled, closing broadcastfrom client 172.29.0.1:34812
2026-09-16T03:48:04.955745960Z [34m2026-09-16 03:48:04.955 UTC 01b9 INFO[0m [Router1] [34;1mBroadcast[0m -> Received error from stream: rpc error: code = Canceled desc = context canceled, closing broadcastfrom client 172.29.0.1:42170
2026-09-16T03:48:04.955746820Z [34m2026-09-16 03:48:04.955 UTC 0127 INFO[0m [Router3] [34;1mBroadcast[0m -> Received error from stream: rpc error: code = Canceled desc = context canceled, closing broadcastfrom client 172.29.0.1:37194
2026-09-16T03:48:04.955747660Z [34m2026-09-16 03:48:04.955 UTC 01b3 INFO[0m [Router2] [34;1mBroadcast[0m -> Received error from stream: rpc error: code = Canceled desc = context canceled, closing broadcastfrom client 172.29.0.1:34812
2026-09-16T03:48:04.955752263Z [34m2026-09-16 03:48:04.955 UTC 01b4 INFO[0m [Router2] [34;1mBroadcast[0m -> Received error from stream: rpc error: code = Canceled desc = context canceled, closing broadcastfrom client 172.29.0.1:34812
2026-09-16T03:48:04.955753603Z [34m2026-09-16 03:48:04.955 UTC 01b5 INFO[0m [Router2] [34;1mBroadcast[0m -> Received error from stream: rpc error: code = Canceled desc = context canceled, closing broadcastfrom client 172.29.0.1:34812
2026-09-16T03:48:04.955754451Z [34m2026-09-16 03:48:04.955 UTC 01ba INFO[0m [Router1] [34;1mBroadcast[0m -> Received error from stream: rpc error: code = Canceled desc = context canceled, closing broadcastfrom client 172.29.0.1:42170
2026-09-16T03:48:04.955755537Z [34m2026-09-16 03:48:04.955 UTC 0128 INFO[0m [Router3] [34;1mBroadcast[0m -> Received error from stream: rpc error: code = Canceled desc = context canceled, closing broadcastfrom client 172.29.0.1:37194
2026-09-16T03:48:04.955756524Z [34m2026-09-16 03:48:04.955 UTC 01b6 INFO[0m [Router2] [34;1mBroadcast[0m -> Received error from stream: rpc error: code = Canceled desc = context canceled, closing broadcastfrom client 172.29.0.1:34812
2026-09-16T03:48:04.955758051Z [34m2026-09-16 03:48:04.955 UTC 01b7 INFO[0m [Router2] [34;1mBroadcast[0m -> Received error from stream: rpc error: code = Canceled desc = context canceled, closing broadcastfrom client 172.29.0.1:34812
2026-09-16T03:48:04.955759045Z [34m2026-09-16 03:48:04.955 UTC 01b8 INFO[0m [Router2] [34;1mBroadcast[0m -> Received error from stream: rpc error: code = Canceled desc = context canceled, closing broadcastfrom client 172.29.0.1:34812
2026-09-16T03:48:04.955759867Z [34m2026-09-16 03:48:04.955 UTC 01bc INFO[0m [Router1] [34;1mBroadcast[0m -> Received error from stream: rpc error: code = Canceled desc = context canceled, closing broadcastfrom client 172.29.0.1:42170
2026-09-16T03:48:04.955760684Z [34m2026-09-16 03:48:04.955 UTC 0129 INFO[0m [Router3] [34;1mBroadcast[0m -> Received error from stream: rpc error: code = Canceled desc = context canceled, closing broadcastfrom client 172.29.0.1:37194
2026-09-16T03:48:04.955764001Z [34m2026-09-16 03:48:04.955 UTC 01be INFO[0m [Router1] [34;1mBroadcast[0m -> Received error from stream: rpc error: code = Canceled desc = context canceled, closing broadcastfrom client 172.29.0.1:42170
2026-09-16T03:48:04.955765001Z [34m2026-09-16 03:48:04.955 UTC 01b9 INFO[0m [Router2] [34;1mBroadcast[0m -> Received error from stream: rpc error: code = Canceled desc = context canceled, closing broadcastfrom client 172.29.0.1:34812
2026-09-16T03:48:04.955765874Z [34m2026-09-16 03:48:04.955 UTC 01bb INFO[0m [Router2] [34;1mBroadcast[0m -> Received error from stream: rpc error: code = Canceled desc = context canceled, closing broadcastfrom client 172.29.0.1:34812
2026-09-16T03:48:04.955766696Z [34m2026-09-16 03:48:04.955 UTC 012a INFO[0m [Router3] [34;1mBroadcast[0m -> Received error from stream: rpc error: code = Canceled desc = context canceled, closing broadcastfrom client 172.29.0.1:37194
2026-09-16T03:48:04.955767535Z [34m2026-09-16 03:48:04.955 UTC 01bc INFO[0m [Router2] [34;1mBroadcast[0m -> Received error from stream: rpc error: code = Canceled desc = context canceled, closing broadcastfrom client 172.29.0.1:34812
2026-09-16T03:48:04.955768377Z [34m2026-09-16 03:48:04.955 UTC 01bf INFO[0m [Router1] [34;1mBroadcast[0m -> Received error from stream: rpc error: code = Canceled desc = context canceled, closing broadcastfrom client 172.29.0.1:42170
2026-09-16T03:48:04.955769579Z [34m2026-09-16 03:48:04.955 UTC 01bd INFO[0m [Router2] [34;1mBroadcast[0m -> Received error from stream: rpc error: code = Canceled desc = context canceled, closing broadcastfrom client 172.29.0.1:34812
2026-09-16T03:48:04.955770470Z [34m2026-09-16 03:48:04.955 UTC 01c0 INFO[0m [Router1] [34;1mBroadcast[0m -> Received error from stream: rpc error: code = Canceled desc = context canceled, closing broadcastfrom client 172.29.0.1:42170
2026-09-16T03:48:04.955771290Z [34m2026-09-16 03:48:04.955 UTC 012b INFO[0m [Router3] [34;1mBroadcast[0m -> Received error from stream: rpc error: code = Canceled desc = context canceled, closing broadcastfrom client 172.29.0.1:37194
2026-09-16T03:48:04.955772113Z [34m2026-09-16 03:48:04.955 UTC 01be INFO[0m [Router2] [34;1mBroadcast[0m -> Received error from stream: rpc error: code = Canceled desc = context canceled, closing broadcastfrom client 172.29.0.1:34812
2026-09-16T03:48:04.955773051Z [34m2026-09-16 03:48:04.955 UTC 01c1 INFO[0m [Router1] [34;1mBroadcast[0m -> Received error from stream: rpc error: code = Canceled desc = context canceled, closing broadcastfrom client 172.29.0.1:42170
2026-09-16T03:48:04.955773858Z [34m2026-09-16 03:48:04.955 UTC 01bf INFO[0m [Router2] [34;1mBroadcast[0m -> Received error from stream: rpc error: code = Canceled desc = context canceled, closing broadcastfrom client 172.29.0.1:34812
2026-09-16T03:48:04.955774663Z [34m2026-09-16 03:48:04.955 UTC 01c0 INFO[0m [Router2] [34;1mBroadcast[0m -> Received error from stream: rpc error: code = Canceled desc = context canceled, closing broadcastfrom client 172.29.0.1:34812
2026-09-16T03:48:04.955777124Z [34m2026-09-16 03:48:04.955 UTC 012c INFO[0m [Router3] [34;1mBroadcast[0m -> Received error from stream: rpc error: code = Canceled desc = context canceled, closing broadcastfrom client 172.29.0.1:37194
2026-09-16T03:48:04.955778047Z [34m2026-09-16 03:48:04.955 UTC 01c2 INFO[0m [Router1] [34;1mBroadcast[0m -> Received error from stream: rpc error: code = Canceled desc = context canceled, closing broadcastfrom client 172.29.0.1:42170
2026-09-16T03:48:04.955779399Z [34m2026-09-16 03:48:04.955 UTC 01c2 INFO[0m [Router2] [34;1mBroadcast[0m -> Received error from stream: rpc error: code = Canceled desc = context canceled, closing broadcastfrom client 172.29.0.1:34812
2026-09-16T03:48:04.955780241Z [34m2026-09-16 03:48:04.955 UTC 01c4 INFO[0m [Router1] [34;1mBroadcast[0m -> Received error from stream: rpc error: code = Canceled desc = context canceled, closing broadcastfrom client 172.29.0.1:42170
2026-09-16T03:48:04.955781052Z [34m2026-09-16 03:48:04.955 UTC 01c3 INFO[0m [Router2] [34;1mBroadcast[0m -> Received error from stream: rpc error: code = Canceled desc = context canceled, closing broadcastfrom client 172.29.0.1:34812
2026-09-16T03:48:04.955781859Z [34m2026-09-16 03:48:04.955 UTC 01c4 INFO[0m [Router2] [34;1mBroadcast[0m -> Received error from stream: rpc error: code = Canceled desc = context canceled, closing broadcastfrom client 172.29.0.1:34812
2026-09-16T03:48:04.955782661Z [34m2026-09-16 03:48:04.955 UTC 012d INFO[0m [Router3] [34;1mBroadcast[0m -> Received error from stream: rpc error: code = Canceled desc = context canceled, closing broadcastfrom client 172.29.0.1:37194
2026-09-16T03:48:04.955783465Z [34m2026-09-16 03:48:04.955 UTC 01c5 INFO[0m [Router2] [34;1mBroadcast[0m -> Received error from stream: rpc error: code = Canceled desc = context canceled, closing broadcastfrom client 172.29.0.1:34812
2026-09-16T03:48:04.955784268Z [34m2026-09-16 03:48:04.955 UTC 01c6 INFO[0m [Router2] [34;1mBroadcast[0m -> Received error from stream: rpc error: code = Canceled desc = context canceled, closing broadcastfrom client 172.29.0.1:34812
2026-09-16T03:48:04.955785341Z [34m2026-09-16 03:48:04.955 UTC 01c5 INFO[0m [Router1] [34;1mBroadcast[0m -> Received error from stream: rpc error: code = Canceled desc = context canceled, closing broadcastfrom client 172.29.0.1:42170
2026-09-16T03:48:04.955786186Z [34m2026-09-16 03:48:04.955 UTC 012e INFO[0m [Router3] [34;1mBroadcast[0m -> Received error from stream: rpc error: code = Canceled desc = context canceled, closing broadcastfrom client 172.29.0.1:37194
2026-09-16T03:48:04.955787022Z [34m2026-09-16 03:48:04.955 UTC 01c6 INFO[0m [Router1] [34;1mBroadcast[0m -> Received error from stream: rpc error: code = Canceled desc = context canceled, closing broadcastfrom client 172.29.0.1:42170
2026-09-16T03:48:04.955788192Z [34m2026-09-16 03:48:04.955 UTC 01c8 INFO[0m [Router2] [34;1mBroadcast[0m -> Received error from stream: rpc error: code = Canceled desc = context canceled, closing broadcastfrom client 172.29.0.1:34812
2026-09-16T03:48:04.955789342Z [34m2026-09-16 03:48:04.955 UTC 01c9 INFO[0m [Router2] [34;1mBroadcast[0m -> Received error from stream: rpc error: code = Canceled desc = context canceled, closing broadcastfrom client 172.29.0.1:34812
2026-09-16T03:48:04.955792111Z [34m2026-09-16 03:48:04.955 UTC 01ca INFO[0m [Router2] [34;1mBroadcast[0m -> Received error from stream: rpc error: code = Canceled desc = context canceled, closing broadcastfrom client 172.29.0.1:34812
2026-09-16T03:48:04.955793117Z [34m2026-09-16 03:48:04.955 UTC 012f INFO[0m [Router3] [34;1mBroadcast[0m -> Received error from stream: rpc error: code = Canceled desc = context canceled, closing broadcastfrom client 172.29.0.1:37194
2026-09-16T03:48:04.955793952Z [34m2026-09-16 03:48:04.955 UTC 01c8 INFO[0m [Router1] [34;1mBroadcast[0m -> Received error from stream: rpc error: code = Canceled desc = context canceled, closing broadcastfrom client 172.29.0.1:42170
2026-09-16T03:48:04.955794779Z [34m2026-09-16 03:48:04.955 UTC 01c9 INFO[0m [Router1] [34;1mBroadcast[0m -> Received error from stream: rpc error: code = Canceled desc = context canceled, closing broadcastfrom client 172.29.0.1:42170
2026-09-16T03:48:04.955795586Z [34m2026-09-16 03:48:04.955 UTC 01cb INFO[0m [Router2] [34;1mBroadcast[0m -> Received error from stream: rpc error: code = Canceled desc = context canceled, closing broadcastfrom client 172.29.0.1:34812
2026-09-16T03:48:04.955796396Z [34m2026-09-16 03:48:04.955 UTC 01ca INFO[0m [Router1] [34;1mBroadcast[0m -> Received error from stream: rpc error: code = Canceled desc = context canceled, closing broadcastfrom client 172.29.0.1:42170
2026-09-16T03:48:04.955797209Z [34m2026-09-16 03:48:04.955 UTC 01cc INFO[0m [Router2] [34;1mBroadcast[0m -> Received error from stream: rpc error: code = Canceled desc = context canceled, closing broadcastfrom client 172.29.0.1:34812
2026-09-16T03:48:04.955798014Z [34m2026-09-16 03:48:04.955 UTC 01cd INFO[0m [Router2] [34;1mBroadcast[0m -> Received error from stream: rpc error: code = Canceled desc = context canceled, closing broadcastfrom client 172.29.0.1:34812
2026-09-16T03:48:04.955800043Z [34m2026-09-16 03:48:04.955 UTC 01ce INFO[0m [Router2] [34;1mBroadcast[0m -> Received error from stream: rpc error: code = Canceled desc = context canceled, closing broadcastfrom client 172.29.0.1:34812
2026-09-16T03:48:04.955800901Z [34m2026-09-16 03:48:04.955 UTC 01cb INFO[0m [Router1] [34;1mBroadcast[0m -> Received error from stream: rpc error: code = Canceled desc = context canceled, closing broadcastfrom client 172.29.0.1:42170
2026-09-16T03:48:04.955801827Z [34m2026-09-16 03:48:04.955 UTC 0181 INFO[0m [Router1] [34;1mBroadcast[0m -> Received error from stream: rpc error: code = Canceled desc = context canceled, closing broadcastfrom client 172.29.0.1:42170
2026-09-16T03:48:04.955802641Z [34m2026-09-16 03:48:04.955 UTC 01d6 INFO[0m [Router2] [34;1mBroadcast[0m -> Received error from stream: rpc error: code = Canceled desc = context canceled, closing broadcastfrom client 172.29.0.1:34812
2026-09-16T03:48:04.955803577Z [34m2026-09-16 03:48:04.955 UTC 0187 INFO[0m [Router1] [34;1mBroadcast[0m -> Received error from stream: rpc error: code = Canceled desc = context canceled, closing broadcastfrom client 172.29.0.1:42170
2026-09-16T03:48:04.955804390Z [34m2026-09-16 03:48:04.955 UTC 01d1 INFO[0m [Router1] [34;1mBroadcast[0m -> Received error from stream: rpc error: code = Canceled desc = context canceled, closing broadcastfrom client 172.29.0.1:42170
2026-09-16T03:48:04.955808720Z [34m2026-09-16 03:48:04.955 UTC 01d8 INFO[0m [Router2] [34;1mBroadcast[0m -> Received error from stream: rpc error: code = Canceled desc = context canceled, closing broadcastfrom client 172.29.0.1:34812
2026-09-16T03:48:04.955812554Z [34m2026-09-16 03:48:04.955 UTC 0196 INFO[0m [Router1] [34;1mBroadcast[0m -> Received error from stream: rpc error: code = Canceled desc = context canceled, closing broadcastfrom client 172.29.0.1:42170
2026-09-16T03:48:04.955813654Z [34m2026-09-16 03:48:04.955 UTC 01da INFO[0m [Router2] [34;1mBroadcast[0m -> Received error from stream: rpc error: code = Canceled desc = context canceled, closing broadcastfrom client 172.29.0.1:34812
2026-09-16T03:48:04.955814522Z [34m2026-09-16 03:48:04.955 UTC 01d2 INFO[0m [Router1] [34;1mBroadcast[0m -> Received error from stream: rpc error: code = Canceled desc = context canceled, closing broadcastfrom client 172.29.0.1:42170
2026-09-16T03:48:04.955815698Z [34m2026-09-16 03:48:04.955 UTC 01b0 INFO[0m [Router1] [34;1mBroadcast[0m -> Received error from stream: rpc error: code = Canceled desc = context canceled, closing broadcastfrom client 172.29.0.1:42170
2026-09-16T03:48:04.955816549Z [34m2026-09-16 03:48:04.955 UTC 01db INFO[0m [Router2] [34;1mBroadcast[0m -> Received error from stream: rpc error: code = Canceled desc = context canceled, closing broadcastfrom client 172.29.0.1:34812
2026-09-16T03:48:04.955817380Z [34m2026-09-16 03:48:04.955 UTC 01b8 INFO[0m [Router1] [34;1mBroadcast[0m -> Received error from stream: rpc error: code = Canceled desc = context canceled, closing broadcastfrom client 172.29.0.1:42170
2026-09-16T03:48:04.955818192Z [34m2026-09-16 03:48:04.955 UTC 01dc INFO[0m [Router2] [34;1mBroadcast[0m -> Received error from stream: rpc error: code = Canceled desc = context canceled, closing broadcastfrom client 172.29.0.1:34812
2026-09-16T03:48:04.955819010Z [34m2026-09-16 03:48:04.955 UTC 01bb INFO[0m [Router1] [34;1mBroadcast[0m -> Received error from stream: rpc error: code = Canceled desc = context canceled, closing broadcastfrom client 172.29.0.1:42170
2026-09-16T03:48:04.955819817Z [34m2026-09-16 03:48:04.955 UTC 01dd INFO[0m [Router2] [34;1mBroadcast[0m -> Received error from stream: rpc error: code = Canceled desc = context canceled, closing broadcastfrom client 172.29.0.1:34812
2026-09-16T03:48:04.955820630Z [34m2026-09-16 03:48:04.955 UTC 01d3 INFO[0m [Router1] [34;1mBroadcast[0m -> Received error from stream: rpc error: code = Canceled desc = context canceled, closing broadcastfrom client 172.29.0.1:42170
2026-09-16T03:48:04.955821446Z [34m2026-09-16 03:48:04.955 UTC 01de INFO[0m [Router2] [34;1mBroadcast[0m -> Received error from stream: rpc error: code = Canceled desc = context canceled, closing broadcastfrom client 172.29.0.1:34812
2026-09-16T03:48:04.955822249Z [34m2026-09-16 03:48:04.954 UTC 0167 INFO[0m [Router1] [34;1mBroadcast[0m -> Received error from stream: rpc error: code = Canceled desc = context canceled, closing broadcastfrom client 172.29.0.1:42170
2026-09-16T03:48:04.955825236Z [34m2026-09-16 03:48:04.955 UTC 01df INFO[0m [Router2] [34;1mBroadcast[0m -> Received error from stream: rpc error: code = Canceled desc = context canceled, closing broadcastfrom client 172.29.0.1:34812
2026-09-16T03:48:04.955826754Z [34m2026-09-16 03:48:04.955 UTC 01d4 INFO[0m [Router1] [34;1mBroadcast[0m -> Received error from stream: rpc error: code = Canceled desc = context canceled, closing broadcastfrom client 172.29.0.1:42170
2026-09-16T03:48:04.955827639Z [34m2026-09-16 03:48:04.955 UTC 0130 INFO[0m [Router3] [34;1mBroadcast[0m -> Received error from stream: rpc error: code = Canceled desc = context canceled, closing broadcastfrom client 172.29.0.1:37194
2026-09-16T03:48:04.955828465Z [34m2026-09-16 03:48:04.955 UTC 01c7 INFO[0m [Router1] [34;1mBroadcast[0m -> Received error from stream: rpc error: code = Canceled desc = context canceled, closing broadcastfrom client 172.29.0.1:42170
2026-09-16T03:48:04.955829342Z [34m2026-09-16 03:48:04.955 UTC 01e1 INFO[0m [Router2] [34;1mBroadcast[0m -> Received error from stream: rpc error: code = Canceled desc = context canceled, closing broadcastfrom client 172.29.0.1:34812
2026-09-16T03:48:04.955830210Z [34m2026-09-16 03:48:04.955 UTC 01cd INFO[0m [Router1] [34;1mBroadcast[0m -> Received error from stream: rpc error: code = Canceled desc = context canceled, closing broadcastfrom client 172.29.0.1:42170
2026-09-16T03:48:04.955831040Z [34m2026-09-16 03:48:04.955 UTC 01e2 INFO[0m [Router2] [34;1mBroadcast[0m -> Received error from stream: rpc error: code = Canceled desc = context canceled, closing broadcastfrom client 172.29.0.1:34812
2026-09-16T03:48:04.955831855Z [34m2026-09-16 03:48:04.955 UTC 0131 INFO[0m [Router3] [34;1mBroadcast[0m -> Received error from stream: rpc error: code = Canceled desc = context canceled, closing broadcastfrom client 172.29.0.1:37194
2026-09-16T03:48:04.955832653Z [34m2026-09-16 03:48:04.955 UTC 01d5 INFO[0m [Router1] [34;1mBroadcast[0m -> Received error from stream: rpc error: code = Canceled desc = context canceled, closing broadcastfrom client 172.29.0.1:42170
2026-09-16T03:48:04.955833548Z [34m2026-09-16 03:48:04.955 UTC 01e3 INFO[0m [Router2] [34;1mBroadcast[0m -> Received error from stream: rpc error: code = Canceled desc = context canceled, closing broadcastfrom client 172.29.0.1:34812
2026-09-16T03:48:04.955834501Z [34m2026-09-16 03:48:04.955 UTC 0184 INFO[0m [Router1] [34;1mBroadcast[0m -> Received error from stream: rpc error: code = Canceled desc = context canceled, closing broadcastfrom client 172.29.0.1:42170
2026-09-16T03:48:04.955835661Z [34m2026-09-16 03:48:04.955 UTC 01e4 INFO[0m [Router2] [34;1mBroadcast[0m -> Received error from stream: rpc error: code = Canceled desc = context canceled, closing broadcastfrom client 172.29.0.1:34812
2026-09-16T03:48:04.955836487Z [34m2026-09-16 03:48:04.955 UTC 01a9 INFO[0m [Router1] [34;1mBroadcast[0m -> Received error from stream: rpc error: code = Canceled desc = context canceled, closing broadcastfrom client 172.29.0.1:42170
2026-09-16T03:48:04.955837307Z [34m2026-09-16 03:48:04.955 UTC 01e5 INFO[0m [Router2] [34;1mBroadcast[0m -> Received error from stream: rpc error: code = Canceled desc = context canceled, closing broadcastfrom client 172.29.0.1:34812
2026-09-16T03:48:04.955839772Z [34m2026-09-16 03:48:04.955 UTC 0132 INFO[0m [Router3] [34;1mBroadcast[0m -> Received error from stream: rpc error: code = Canceled desc = context canceled, closing broadcastfrom client 172.29.0.1:37194
2026-09-16T03:48:04.955840753Z [34m2026-09-16 03:48:04.955 UTC 01d7 INFO[0m [Router1] [34;1mBroadcast[0m -> Received error from stream: rpc error: code = Canceled desc = context canceled, closing broadcastfrom client 172.29.0.1:42170
2026-09-16T03:48:04.955841597Z [34m2026-09-16 03:48:04.955 UTC 01e7 INFO[0m [Router2] [34;1mBroadcast[0m -> Received error from stream: rpc error: code = Canceled desc = context canceled, closing broadcastfrom client 172.29.0.1:34812
2026-09-16T03:48:04.955842407Z [34m2026-09-16 03:48:04.955 UTC 01e8 INFO[0m [Router2] [34;1mBroadcast[0m -> Received error from stream: rpc error: code = Canceled desc = context canceled, closing broadcastfrom client 172.29.0.1:34812
2026-09-16T03:48:04.955843221Z [34m2026-09-16 03:48:04.955 UTC 0133 INFO[0m [Router3] [34;1mBroadcast[0m -> Received error from stream: rpc error: code = Canceled desc = context canceled, closing broadcastfrom client 172.29.0.1:37194
2026-09-16T03:48:04.955844026Z [34m2026-09-16 03:48:04.955 UTC 01e9 INFO[0m [Router2] [34;1mBroadcast[0m -> Received error from stream: rpc error: code = Canceled desc = context canceled, closing broadcastfrom client 172.29.0.1:34812
2026-09-16T03:48:04.955844829Z [34m2026-09-16 03:48:04.955 UTC 01d8 INFO[0m [Router1] [34;1mBroadcast[0m -> Received error from stream: rpc error: code = Canceled desc = context canceled, closing broadcastfrom client 172.29.0.1:42170
2026-09-16T03:48:04.955846000Z [34m2026-09-16 03:48:04.955 UTC 01ea INFO[0m [Router2] [34;1mBroadcast[0m -> Received error from stream: rpc error: code = Canceled desc = context canceled, closing broadcastfrom client 172.29.0.1:34812
2026-09-16T03:48:04.955846955Z [34m2026-09-16 03:48:04.955 UTC 0134 INFO[0m [Router3] [34;1mBroadcast[0m -> Received error from stream: rpc error: code = Canceled desc = context canceled, closing broadcastfrom client 172.29.0.1:37194
2026-09-16T03:48:04.955847764Z [34m2026-09-16 03:48:04.954 UTC 0166 INFO[0m [Router1] [34;1mBroadcast[0m -> Received error from stream: rpc error: code = Canceled desc = context canceled, closing broadcastfrom client 172.29.0.1:42170
2026-09-16T03:48:04.955848572Z [34m2026-09-16 03:48:04.955 UTC 01eb INFO[0m [Router2] [34;1mBroadcast[0m -> Received error from stream: rpc error: code = Canceled desc = context canceled, closing broadcastfrom client 172.29.0.1:34812
2026-09-16T03:48:04.955849407Z [34m2026-09-16 03:48:04.955 UTC 01ec INFO[0m [Router2] [34;1mBroadcast[0m -> Received error from stream: rpc error: code = Canceled desc = context canceled, closing broadcastfrom client 172.29.0.1:34812
2026-09-16T03:48:04.955850210Z [34m2026-09-16 03:48:04.955 UTC 0176 INFO[0m [Router1] [34;1mBroadcast[0m -> Received error from stream: rpc error: code = Canceled desc = context canceled, closing broadcastfrom client 172.29.0.1:42170
2026-09-16T03:48:04.955852734Z [34m2026-09-16 03:48:04.955 UTC 01d9 INFO[0m [Router1] [34;1mBroadcast[0m -> Received error from stream: rpc error: code = Canceled desc = context canceled, closing broadcastfrom client 172.29.0.1:42170
2026-09-16T03:48:04.955853830Z [34m2026-09-16 03:48:04.955 UTC 01ed INFO[0m [Router2] [34;1mBroadcast[0m -> Received error from stream: rpc error: code = Canceled desc = context canceled, closing broadcastfrom client 172.29.0.1:34812
2026-09-16T03:48:04.955854667Z [34m2026-09-16 03:48:04.955 UTC 0135 INFO[0m [Router3] [34;1mBroadcast[0m -> Received error from stream: rpc error: code = Canceled desc = context canceled, closing broadcastfrom client 172.29.0.1:37194
2026-09-16T03:48:04.955855480Z [34m2026-09-16 03:48:04.955 UTC 01ee INFO[0m [Router2] [34;1mBroadcast[0m -> Received error from stream: rpc error: code = Canceled desc = context canceled, closing broadcastfrom client 172.29.0.1:34812
2026-09-16T03:48:04.955856554Z [34m2026-09-16 03:48:04.955 UTC 017c INFO[0m [Router1] [34;1mBroadcast[0m -> Received error from stream: rpc error: code = Canceled desc = context canceled, closing broadcastfrom client 172.29.0.1:42170
2026-09-16T03:48:04.955857383Z [34m2026-09-16 03:48:04.955 UTC 01ef INFO[0m [Router2] [34;1mBroadcast[0m -> Received error from stream: rpc error: code = Canceled desc = context canceled, closing broadcastfrom client 172.29.0.1:34812
2026-09-16T03:48:04.955858205Z [34m2026-09-16 03:48:04.955 UTC 0194 INFO[0m [Router1] [34;1mBroadcast[0m -> Received error from stream: rpc error: code = Canceled desc = context canceled, closing broadcastfrom client 172.29.0.1:42170
2026-09-16T03:48:04.955859004Z [34m2026-09-16 03:48:04.955 UTC 0137 INFO[0m [Router3] [34;1mBroadcast[0m -> Received error from stream: rpc error: code = Canceled desc = context canceled, closing broadcastfrom client 172.29.0.1:37194
2026-09-16T03:48:04.955859817Z [34m2026-09-16 03:48:04.955 UTC 01db INFO[0m [Router1] [34;1mBroadcast[0m -> Received error from stream: rpc error: code = Canceled desc = context canceled, closing broadcastfrom client 172.29.0.1:42170
2026-09-16T03:48:04.955860619Z [34m2026-09-16 03:48:04.955 UTC 01f1 INFO[0m [Router2] [34;1mBroadcast[0m -> Received error from stream: rpc error: code = Canceled desc = context canceled, closing broadcastfrom client 172.29.0.1:34812
2026-09-16T03:48:04.955861417Z [34m2026-09-16 03:48:04.955 UTC 01b5 INFO[0m [Router1] [34;1mBroadcast[0m -> Received error from stream: rpc error: code = Canceled desc = context canceled, closing broadcastfrom client 172.29.0.1:42170
2026-09-16T03:48:04.955862217Z [34m2026-09-16 03:48:04.955 UTC 01f3 INFO[0m [Router2] [34;1mBroadcast[0m -> Received error from stream: rpc error: code = Canceled desc = context canceled, closing broadcastfrom client 172.29.0.1:34812
2026-09-16T03:48:04.955863018Z [34m2026-09-16 03:48:04.955 UTC 01dc INFO[0m [Router1] [34;1mBroadcast[0m -> Received error from stream: rpc error: code = Canceled desc = context canceled, closing broadcastfrom client 172.29.0.1:42170
2026-09-16T03:48:04.955863837Z [34m2026-09-16 03:48:04.955 UTC 0138 INFO[0m [Router3] [34;1mBroadcast[0m -> Received error from stream: rpc error: code = Canceled desc = context canceled, closing broadcastfrom client 172.29.0.1:37194
2026-09-16T03:48:04.955866651Z [34m2026-09-16 03:48:04.955 UTC 0182 INFO[0m [Router1] [34;1mBroadcast[0m -> Received error from stream: rpc error: code = Canceled desc = context canceled, closing broadcastfrom client 172.29.0.1:42170
2026-09-16T03:48:04.955867687Z [34m2026-09-16 03:48:04.955 UTC 01f4 INFO[0m [Router2] [34;1mBroadcast[0m -> Received error from stream: rpc error: code = Canceled desc = context canceled, closing broadcastfrom client 172.29.0.1:34812
2026-09-16T03:48:04.955868524Z [34m2026-09-16 03:48:04.955 UTC 0139 INFO[0m [Router3] [34;1mBroadcast[0m -> Received error from stream: rpc error: code = Canceled desc = context canceled, closing broadcastfrom client 172.29.0.1:37194
2026-09-16T03:48:04.955869342Z [34m2026-09-16 03:48:04.955 UTC 0191 INFO[0m [Router1] [34;1mBroadcast[0m -> Received error from stream: rpc error: code = Canceled desc = context canceled, closing broadcastfrom client 172.29.0.1:42170
2026-09-16T03:48:04.955871172Z [34m2026-09-16 03:48:04.955 UTC 01f5 INFO[0m [Router2] [34;1mBroadcast[0m -> Received error from stream: rpc error: code = Canceled desc = context canceled, closing broadcastfrom client 172.29.0.1:34812
2026-09-16T03:48:04.955872028Z [34m2026-09-16 03:48:04.955 UTC 01f7 INFO[0m [Router2] [34;1mBroadcast[0m -> Received error from stream: rpc error: code = Canceled desc = context canceled, closing broadcastfrom client 172.29.0.1:34812
2026-09-16T03:48:04.955872875Z [34m2026-09-16 03:48:04.955 UTC 01dd INFO[0m [Router1] [34;1mBroadcast[0m -> Received error from stream: rpc error: code = Canceled desc = context canceled, closing broadcastfrom client 172.29.0.1:42170
2026-09-16T03:48:04.955873700Z [34m2026-09-16 03:48:04.955 UTC 013a INFO[0m [Router3] [34;1mBroadcast[0m -> Received error from stream: rpc error: code = Canceled desc = context canceled, closing broadcastfrom client 172.29.0.1:37194
2026-09-16T03:48:04.955874535Z [34m2026-09-16 03:48:04.955 UTC 0197 INFO[0m [Router1] [34;1mBroadcast[0m -> Received error from stream: rpc error: code = Canceled desc = context canceled, closing broadcastfrom client 172.29.0.1:42170
2026-09-16T03:48:04.955875514Z [34m2026-09-16 03:48:04.955 UTC 01f8 INFO[0m [Router2] [34;1mBroadcast[0m -> Received error from stream: rpc error: code = Canceled desc = context canceled, closing broadcastfrom client 172.29.0.1:34812
2026-09-16T03:48:04.955876391Z [34m2026-09-16 03:48:04.955 UTC 013b INFO[0m [Router3] [34;1mBroadcast[0m -> Received error from stream: rpc error: code = Canceled desc = context canceled, closing broadcastfrom client 172.29.0.1:37194
2026-09-16T03:48:04.955877208Z [34m2026-09-16 03:48:04.955 UTC 01f9 INFO[0m [Router2] [34;1mBroadcast[0m -> Received error from stream: rpc error: code = Canceled desc = context canceled, closing broadcastfrom client 172.29.0.1:34812
2026-09-16T03:48:04.955878025Z [34m2026-09-16 03:48:04.955 UTC 0198 INFO[0m [Router1] [34;1mBroadcast[0m -> Received error from stream: rpc error: code = Canceled desc = context canceled, closing broadcastfrom client 172.29.0.1:42170
2026-09-16T03:48:04.955880526Z [34m2026-09-16 03:48:04.955 UTC 01df INFO[0m [Router1] [34;1mBroadcast[0m -> Received error from stream: rpc error: code = Canceled desc = context canceled, closing broadcastfrom client 172.29.0.1:42170
2026-09-16T03:48:04.955881464Z [34m2026-09-16 03:48:04.955 UTC 01cf INFO[0m [Router1] [34;1mBroadcast[0m -> Received error from stream: rpc error: code = Canceled desc = context canceled, closing broadcastfrom client 172.29.0.1:42170
2026-09-16T03:48:04.955882302Z [34m2026-09-16 03:48:04.955 UTC 013c INFO[0m [Router3] [34;1mBroadcast[0m -> Received error from stream: rpc error: code = Canceled desc = context canceled, closing broadcastfrom client 172.29.0.1:37194
2026-09-16T03:48:04.955883137Z [34m2026-09-16 03:48:04.955 UTC 01fb INFO[0m [Router2] [34;1mBroadcast[0m -> Received error from stream: rpc error: code = Canceled desc = context canceled, closing broadcastfrom client 172.29.0.1:34812
2026-09-16T03:48:04.955883965Z [34m2026-09-16 03:48:04.955 UTC 01d6 INFO[0m [Router1] [34;1mBroadcast[0m -> Received error from stream: rpc error: code = Canceled desc = context canceled, closing broadcastfrom client 172.29.0.1:42170
2026-09-16T03:48:04.955884783Z [34m2026-09-16 03:48:04.955 UTC 013d INFO[0m [Router3] [34;1mBroadcast[0m -> Received error from stream: rpc error: code = Canceled desc = context canceled, closing broadcastfrom client 172.29.0.1:37194
2026-09-16T03:48:04.955886091Z [34m2026-09-16 03:48:04.955 UTC 01d0 INFO[0m [Router1] [34;1mBroadcast[0m -> Received error from stream: rpc error: code = Canceled desc = context canceled, closing broadcastfrom client 172.29.0.1:42170
2026-09-16T03:48:04.955886950Z [34m2026-09-16 03:48:04.955 UTC 01fe INFO[0m [Router2] [34;1mBroadcast[0m -> Received error from stream: rpc error: code = Canceled desc = context canceled, closing broadcastfrom client 172.29.0.1:34812
2026-09-16T03:48:04.955887786Z [34m2026-09-16 03:48:04.955 UTC 017f INFO[0m [Router1] [34;1mBroadcast[0m -> Received error from stream: rpc error: code = Canceled desc = context canceled, closing broadcastfrom client 172.29.0.1:42170
2026-09-16T03:48:04.955888620Z [34m2026-09-16 03:48:04.955 UTC 0200 INFO[0m [Router2] [34;1mBroadcast[0m -> Received error from stream: rpc error: code = Canceled desc = context canceled, closing broadcastfrom client 172.29.0.1:34812
2026-09-16T03:48:04.955889538Z [34m2026-09-16 03:48:04.955 UTC 013e INFO[0m [Router3] [34;1mBroadcast[0m -> Received error from stream: rpc error: code = Canceled desc = context canceled, closing broadcastfrom client 172.29.0.1:37194
2026-09-16T03:48:04.955890467Z [34m2026-09-16 03:48:04.955 UTC 0168 INFO[0m [Router2] [34;1mBroadcast[0m -> Received error from stream: rpc error: code = Canceled desc = context canceled, closing broadcastfrom client 172.29.0.1:34812
2026-09-16T03:48:04.955891283Z [34m2026-09-16 03:48:04.955 UTC 013f INFO[0m [Router3] [34;1mBroadcast[0m -> Received error from stream: rpc error: code = Canceled desc = context canceled, closing broadcastfrom client 172.29.0.1:37194
2026-09-16T03:48:04.955892109Z [34m2026-09-16 03:48:04.955 UTC 01de INFO[0m [Router1] [34;1mBroadcast[0m -> Received error from stream: rpc error: code = Canceled desc = context canceled, closing broadcastfrom client 172.29.0.1:42170
2026-09-16T03:48:04.955894824Z [34m2026-09-16 03:48:04.955 UTC 0196 INFO[0m [Router2] [34;1mBroadcast[0m -> Received error from stream: rpc error: code = Canceled desc = context canceled, closing broadcastfrom client 172.29.0.1:34812
2026-09-16T03:48:04.955896083Z [34m2026-09-16 03:48:04.955 UTC 0201 INFO[0m [Router2] [34;1mBroadcast[0m -> Received error from stream: rpc error: code = Canceled desc = context canceled, closing broadcastfrom client 172.29.0.1:34812
2026-09-16T03:48:04.955897324Z [34m2026-09-16 03:48:04.955 UTC 0164 INFO[0m [Router2] [34;1mBroadcast[0m -> Received error from stream: rpc error: code = Canceled desc = context canceled, closing broadcastfrom client 172.29.0.1:34812
2026-09-16T03:48:04.955898210Z [34m2026-09-16 03:48:04.955 UTC 01e0 INFO[0m [Router1] [34;1mBroadcast[0m -> Received error from stream: rpc error: code = Canceled desc = context canceled, closing broadcastfrom client 172.29.0.1:42170
2026-09-16T03:48:04.955899055Z [34m2026-09-16 03:48:04.955 UTC 0140 INFO[0m [Router3] [34;1mBroadcast[0m -> Received error from stream: rpc error: code = Canceled desc = context canceled, closing broadcastfrom client 172.29.0.1:37194
2026-09-16T03:48:04.955899891Z [34m2026-09-16 03:48:04.955 UTC 01ab INFO[0m [Router2] [34;1mBroadcast[0m -> Received error from stream: rpc error: code = Canceled desc = context canceled, closing broadcastfrom client 172.29.0.1:34812
2026-09-16T03:48:04.955900712Z [34m2026-09-16 03:48:04.955 UTC 01e1 INFO[0m [Router1] [34;1mBroadcast[0m -> Received error from stream: rpc error: code = Canceled desc = context canceled, closing broadcastfrom client 172.29.0.1:42170
2026-09-16T03:48:04.955901635Z [34m2026-09-16 03:48:04.955 UTC 0141 INFO[0m [Router3] [34;1mBroadcast[0m -> Received error from stream: rpc error: code = Canceled desc = context canceled, closing broadcastfrom client 172.29.0.1:37194
2026-09-16T03:48:04.955902482Z [34m2026-09-16 03:48:04.955 UTC 015a INFO[0m [Router2] [34;1mBroadcast[0m -> Received error from stream: rpc error: code = Canceled desc = context canceled, closing broadcastfrom client 172.29.0.1:34812
2026-09-16T03:48:04.955903322Z [34m2026-09-16 03:48:04.955 UTC 01e3 INFO[0m [Router1] [34;1mBroadcast[0m -> Received error from stream: rpc error: code = Canceled desc = context canceled, closing broadcastfrom client 172.29.0.1:42170
2026-09-16T03:48:04.955904145Z [34m2026-09-16 03:48:04.955 UTC 0204 INFO[0m [Router2] [34;1mBroadcast[0m -> Received error from stream: rpc error: code = Canceled desc = context canceled, closing broadcastfrom client 172.29.0.1:34812
2026-09-16T03:48:04.955904961Z [34m2026-09-16 03:48:04.955 UTC 01e2 INFO[0m [Router1] [34;1mBroadcast[0m -> Received error from stream: rpc error: code = Canceled desc = context canceled, closing broadcastfrom client 172.29.0.1:42170
2026-09-16T03:48:04.955906274Z [34m2026-09-16 03:48:04.955 UTC 0179 INFO[0m [Router2] [34;1mBroadcast[0m -> Received error from stream: rpc error: code = Canceled desc = context canceled, closing broadcastfrom client 172.29.0.1:34812
2026-09-16T03:48:04.955907124Z [34m2026-09-16 03:48:04.955 UTC 0142 INFO[0m [Router3] [34;1mBroadcast[0m -> Received error from stream: rpc error: code = Canceled desc = context canceled, closing broadcastfrom client 172.29.0.1:37194
2026-09-16T03:48:04.955909962Z [34m2026-09-16 03:48:04.955 UTC 01cf INFO[0m [Router2] [34;1mBroadcast[0m -> Received error from stream: rpc error: code = Canceled desc = context canceled, closing broadcastfrom client 172.29.0.1:34812
2026-09-16T03:48:04.955911120Z [34m2026-09-16 03:48:04.955 UTC 0205 INFO[0m [Router2] [34;1mBroadcast[0m -> Received error from stream: rpc error: code = Canceled desc = context canceled, closing broadcastfrom client 172.29.0.1:34812
2026-09-16T03:48:04.955912008Z [34m2026-09-16 03:48:04.955 UTC 0180 INFO[0m [Router2] [34;1mBroadcast[0m -> Received error from stream: rpc error: code = Canceled desc = context canceled, closing broadcastfrom client 172.29.0.1:34812
2026-09-16T03:48:04.955912862Z [34m2026-09-16 03:48:04.955 UTC 01e0 INFO[0m [Router2] [34;1mBroadcast[0m -> Received error from stream: rpc error: code = Canceled desc = context canceled, closing broadcastfrom client 172.29.0.1:34812
2026-09-16T03:48:04.955913703Z [34m2026-09-16 03:48:04.955 UTC 0143 INFO[0m [Router3] [34;1mBroadcast[0m -> Received error from stream: rpc error: code = Canceled desc = context canceled, closing broadcastfrom client 172.29.0.1:37194
2026-09-16T03:48:04.955914548Z [34m2026-09-16 03:48:04.955 UTC 01af INFO[0m [Router2] [34;1mBroadcast[0m -> Received error from stream: rpc error: code = Canceled desc = context canceled, closing broadcastfrom client 172.29.0.1:34812
2026-09-16T03:48:04.955915372Z [34m2026-09-16 03:48:04.955 UTC 01e4 INFO[0m [Router1] [34;1mBroadcast[0m -> Received error from stream: rpc error: code = Canceled desc = context canceled, closing broadcastfrom client 172.29.0.1:42170
2026-09-16T03:48:04.955916208Z [34m2026-09-16 03:48:04.955 UTC 01e6 INFO[0m [Router2] [34;1mBroadcast[0m -> Received error from stream: rpc error: code = Canceled desc = context canceled, closing broadcastfrom client 172.29.0.1:34812
2026-09-16T03:48:04.955917242Z [34m2026-09-16 03:48:04.955 UTC 0144 INFO[0m [Router3] [34;1mBroadcast[0m -> Received error from stream: rpc error: code = Canceled desc = context canceled, closing broadcastfrom client 172.29.0.1:37194
2026-09-16T03:48:04.955918088Z [34m2026-09-16 03:48:04.955 UTC 01e5 INFO[0m [Router1] [34;1mBroadcast[0m -> Received error from stream: rpc error: code = Canceled desc = context canceled, closing broadcastfrom client 172.29.0.1:42170
2026-09-16T03:48:04.955918915Z [34m2026-09-16 03:48:04.955 UTC 017a INFO[0m [Router2] [34;1mBroadcast[0m -> Received error from stream: rpc error: code = Canceled desc = context canceled, closing broadcastfrom client 172.29.0.1:34812
2026-09-16T03:48:04.955919733Z [34m2026-09-16 03:48:04.955 UTC 01d0 INFO[0m [Router2] [34;1mBroadcast[0m -> Received error from stream: rpc error: code = Canceled desc = context canceled, closing broadcastfrom client 172.29.0.1:34812
2026-09-16T03:48:04.955920553Z [34m2026-09-16 03:48:04.955 UTC 0188 INFO[0m [Router2] [34;1mBroadcast[0m -> Received error from stream: rpc error: code = Canceled desc = context canceled, closing broadcastfrom client 172.29.0.1:34812
2026-09-16T03:48:04.955922945Z [34m2026-09-16 03:48:04.955 UTC 0145 INFO[0m [Router3] [34;1mBroadcast[0m -> Received error from stream: rpc error: code = Canceled desc = context canceled, closing broadcastfrom client 172.29.0.1:37194
2026-09-16T03:48:04.955923865Z [34m2026-09-16 03:48:04.955 UTC 01d1 INFO[0m [Router2] [34;1mBroadcast[0m -> Received error from stream: rpc error: code = Canceled desc = context canceled, closing broadcastfrom client 172.29.0.1:34812
2026-09-16T03:48:04.955924725Z [34m2026-09-16 03:48:04.955 UTC 01fc INFO[0m [Router2] [34;1mBroadcast[0m -> Received error from stream: rpc error: code = Canceled desc = context canceled, closing broadcastfrom client 172.29.0.1:34812
2026-09-16T03:48:04.955925660Z [34m2026-09-16 03:48:04.955 UTC 0146 INFO[0m [Router3] [34;1mBroadcast[0m -> Received error from stream: rpc error: code = Canceled desc = context canceled, closing broadcastfrom client 172.29.0.1:37194
2026-09-16T03:48:04.955926489Z [34m2026-09-16 03:48:04.955 UTC 01d2 INFO[0m [Router2] [34;1mBroadcast[0m -> Received error from stream: rpc error: code = Canceled desc = context canceled, closing broadcastfrom client 172.29.0.1:34812
2026-09-16T03:48:04.955927613Z [34m2026-09-16 03:48:04.955 UTC 0203 INFO[0m [Router2] [34;1mBroadcast[0m -> Received error from stream: rpc error: code = Canceled desc = context canceled, closing broadcastfrom client 172.29.0.1:34812
2026-09-16T03:48:04.955928561Z [34m2026-09-16 03:48:04.955 UTC 01e6 INFO[0m [Router1] [34;1mBroadcast[0m -> Received error from stream: rpc error: code = Canceled desc = context canceled, closing broadcastfrom client 172.29.0.1:42170
2026-09-16T03:48:04.955929380Z [34m2026-09-16 03:48:04.955 UTC 0209 INFO[0m [Router2] [34;1mBroadcast[0m -> Received error from stream: rpc error: code = Canceled desc = context canceled, closing broadcastfrom client 172.29.0.1:34812
2026-09-16T03:48:04.955930209Z [34m2026-09-16 03:48:04.955 UTC 01d5 INFO[0m [Router2] [34;1mBroadcast[0m -> Received error from stream: rpc error: code = Canceled desc = context canceled, closing broadcastfrom client 172.29.0.1:34812
2026-09-16T03:48:04.955931031Z [34m2026-09-16 03:48:04.955 UTC 01e7 INFO[0m [Router1] [34;1mBroadcast[0m -> Received error from stream: rpc error: code = Canceled desc = context canceled, closing broadcastfrom client 172.29.0.1:42170
2026-09-16T03:48:04.955931844Z [34m2026-09-16 03:48:04.955 UTC 0202 INFO[0m [Router2] [34;1mBroadcast[0m -> Received error from stream: rpc error: code = Canceled desc = context canceled, closing broadcastfrom client 172.29.0.1:34812
2026-09-16T03:48:04.955932672Z [34m2026-09-16 03:48:04.955 UTC 0147 INFO[0m [Router3] [34;1mBroadcast[0m -> Received error from stream: rpc error: code = Canceled desc = context canceled, closing broadcastfrom client 172.29.0.1:37194
2026-09-16T03:48:04.955933497Z [34m2026-09-16 03:48:04.955 UTC 0159 INFO[0m [Router2] [34;1mBroadcast[0m -> Received error from stream: rpc error: code = Canceled desc = context canceled, closing broadcastfrom client 172.29.0.1:34812
2026-09-16T03:48:04.955934318Z [34m2026-09-16 03:48:04.955 UTC 0148 INFO[0m [Router3] [34;1mBroadcast[0m -> Received error from stream: rpc error: code = Canceled desc = context canceled, closing broadcastfrom client 172.29.0.1:37194
2026-09-16T03:48:04.955937118Z [34m2026-09-16 03:48:04.955 UTC 01f2 INFO[0m [Router2] [34;1mBroadcast[0m -> Received error from stream: rpc error: code = Canceled desc = context canceled, closing broadcastfrom client 172.29.0.1:34812
2026-09-16T03:48:04.955938202Z [34m2026-09-16 03:48:04.955 UTC 020a INFO[0m [Router2] [34;1mBroadcast[0m -> Received error from stream: rpc error: code = Canceled desc = context canceled, closing broadcastfrom client 172.29.0.1:34812
2026-09-16T03:48:04.955939086Z [34m2026-09-16 03:48:04.955 UTC 0208 INFO[0m [Router2] [34;1mBroadcast[0m -> Received error from stream: rpc error: code = Canceled desc = context canceled, closing broadcastfrom client 172.29.0.1:34812
2026-09-16T03:48:04.955940036Z [34m2026-09-16 03:48:04.955 UTC 01d9 INFO[0m [Router2] [34;1mBroadcast[0m -> Received error from stream: rpc error: code = Canceled desc = context canceled, closing broadcastfrom client 172.29.0.1:34812
2026-09-16T03:48:04.955940870Z [34m2026-09-16 03:48:04.955 UTC 01fd INFO[0m [Router2] [34;1mBroadcast[0m -> Received error from stream: rpc error: code = Canceled desc = context canceled, closing broadcastfrom client 172.29.0.1:34812
2026-09-16T03:48:04.955941703Z [34m2026-09-16 03:48:04.955 UTC 01d4 INFO[0m [Router2] [34;1mBroadcast[0m -> Received error from stream: rpc error: code = Canceled desc = context canceled, closing broadcastfrom client 172.29.0.1:34812
2026-09-16T03:48:04.955942517Z [34m2026-09-16 03:48:04.955 UTC 0149 INFO[0m [Router3] [34;1mBroadcast[0m -> Received error from stream: rpc error: code = Canceled desc = context canceled, closing broadcastfrom client 172.29.0.1:37194
2026-09-16T03:48:04.955943352Z [34m2026-09-16 03:48:04.955 UTC 01e9 INFO[0m [Router1] [34;1mBroadcast[0m -> Received error from stream: rpc error: code = Canceled desc = context canceled, closing broadcastfrom client 172.29.0.1:42170
2026-09-16T03:48:04.955944162Z [34m2026-09-16 03:48:04.955 UTC 020b INFO[0m [Router2] [34;1mBroadcast[0m -> Received error from stream: rpc error: code = Canceled desc = context canceled, closing broadcastfrom client 172.29.0.1:34812
2026-09-16T03:48:04.955944993Z [34m2026-09-16 03:48:04.955 UTC 01ea INFO[0m [Router1] [34;1mBroadcast[0m -> Received error from stream: rpc error: code = Canceled desc = context canceled, closing broadcastfrom client 172.29.0.1:42170
2026-09-16T03:48:04.955945878Z [34m2026-09-16 03:48:04.955 UTC 014b INFO[0m [Router3] [34;1mBroadcast[0m -> Received error from stream: rpc error: code = Canceled desc = context canceled, closing broadcastfrom client 172.29.0.1:37194
2026-09-16T03:48:04.955947066Z [34m2026-09-16 03:48:04.955 UTC 020c INFO[0m [Router2] [34;1mBroadcast[0m -> Received error from stream: rpc error: code = Canceled desc = context canceled, closing broadcastfrom client 172.29.0.1:34812
2026-09-16T03:48:04.955947911Z [34m2026-09-16 03:48:04.955 UTC 01eb INFO[0m [Router1] [34;1mBroadcast[0m -> Received error from stream: rpc error: code = Canceled desc = context canceled, closing broadcastfrom client 172.29.0.1:42170
2026-09-16T03:48:04.955950356Z [34m2026-09-16 03:48:04.955 UTC 01ec INFO[0m [Router1] [34;1mBroadcast[0m -> Received error from stream: rpc error: code = Canceled desc = context canceled, closing broadcastfrom client 172.29.0.1:42170
2026-09-16T03:48:04.955951303Z [34m2026-09-16 03:48:04.955 UTC 020f INFO[0m [Router2] [34;1mBroadcast[0m -> Received error from stream: rpc error: code = Canceled desc = context canceled, closing broadcastfrom client 172.29.0.1:34812
2026-09-16T03:48:04.955952160Z [34m2026-09-16 03:48:04.955 UTC 0210 INFO[0m [Router2] [34;1mBroadcast[0m -> Received error from stream: rpc error: code = Canceled desc = context canceled, closing broadcastfrom client 172.29.0.1:34812
2026-09-16T03:48:04.955953019Z [34m2026-09-16 03:48:04.955 UTC 014c INFO[0m [Router3] [34;1mBroadcast[0m -> Received error from stream: rpc error: code = Canceled desc = context canceled, closing broadcastfrom client 172.29.0.1:37194
2026-09-16T03:48:04.955953831Z [34m2026-09-16 03:48:04.955 UTC 0211 INFO[0m [Router2] [34;1mBroadcast[0m -> Received error from stream: rpc error: code = Canceled desc = context canceled, closing broadcastfrom client 172.29.0.1:34812
2026-09-16T03:48:04.955954651Z [34m2026-09-16 03:48:04.955 UTC 01ee INFO[0m [Router1] [34;1mBroadcast[0m -> Received error from stream: rpc error: code = Canceled desc = context canceled, closing broadcastfrom client 172.29.0.1:42170
2026-09-16T03:48:04.955955468Z [34m2026-09-16 03:48:04.955 UTC 0212 INFO[0m [Router2] [34;1mBroadcast[0m -> Received error from stream: rpc error: code = Canceled desc = context canceled, closing broadcastfrom client 172.29.0.1:34812
2026-09-16T03:48:04.955956287Z [34m2026-09-16 03:48:04.955 UTC 01ef INFO[0m [Router1] [34;1mBroadcast[0m -> Received error from stream: rpc error: code = Canceled desc = context canceled, closing broadcastfrom client 172.29.0.1:42170
2026-09-16T03:48:04.955957388Z [34m2026-09-16 03:48:04.955 UTC 0213 INFO[0m [Router2] [34;1mBroadcast[0m -> Received error from stream: rpc error: code = Canceled desc = context canceled, closing broadcastfrom client 172.29.0.1:34812
2026-09-16T03:48:04.955958209Z [34m2026-09-16 03:48:04.955 UTC 01f0 INFO[0m [Router1] [34;1mBroadcast[0m -> Received error from stream: rpc error: code = Canceled desc = context canceled, closing broadcastfrom client 172.29.0.1:42170
2026-09-16T03:48:04.955959021Z [34m2026-09-16 03:48:04.955 UTC 0214 INFO[0m [Router2] [34;1mBroadcast[0m -> Received error from stream: rpc error: code = Canceled desc = context canceled, closing broadcastfrom client 172.29.0.1:34812
2026-09-16T03:48:04.955959844Z [34m2026-09-16 03:48:04.955 UTC 014d INFO[0m [Router3] [34;1mBroadcast[0m -> Received error from stream: rpc error: code = Canceled desc = context canceled, closing broadcastfrom client 172.29.0.1:37194
2026-09-16T03:48:04.955960657Z [34m2026-09-16 03:48:04.955 UTC 0215 INFO[0m [Router2] [34;1mBroadcast[0m -> Received error from stream: rpc error: code = Canceled desc = context canceled, closing broadcastfrom client 172.29.0.1:34812
2026-09-16T03:48:04.955961462Z [34m2026-09-16 03:48:04.955 UTC 0216 INFO[0m [Router2] [34;1mBroadcast[0m -> Received error from stream: rpc error: code = Canceled desc = context canceled, closing broadcastfrom client 172.29.0.1:34812
2026-09-16T03:48:04.955964002Z [34m2026-09-16 03:48:04.955 UTC 01f1 INFO[0m [Router1] [34;1mBroadcast[0m -> Received error from stream: rpc error: code = Canceled desc = context canceled, closing broadcastfrom client 172.29.0.1:42170
2026-09-16T03:48:04.955964983Z [34m2026-09-16 03:48:04.955 UTC 0178 INFO[0m [Router2] [34;1mBroadcast[0m -> Received error from stream: rpc error: code = Canceled desc = context canceled, closing broadcastfrom client 172.29.0.1:34812
2026-09-16T03:48:04.955965821Z [34m2026-09-16 03:48:04.955 UTC 0217 INFO[0m [Router2] [34;1mBroadcast[0m -> Received error from stream: rpc error: code = Canceled desc = context canceled, closing broadcastfrom client 172.29.0.1:34812
2026-09-16T03:48:04.955966647Z [34m2026-09-16 03:48:04.955 UTC 01f2 INFO[0m [Router1] [34;1mBroadcast[0m -> Received error from stream: rpc error: code = Canceled desc = context canceled, closing broadcastfrom client 172.29.0.1:42170
2026-09-16T03:48:04.956026061Z [34m2026-09-16 03:48:04.955 UTC 0187 INFO[0m [Router2] [34;1mBroadcast[0m -> Received error from stream: rpc error: code = Canceled desc = context canceled, closing broadcastfrom client 172.29.0.1:34812
2026-09-16T03:48:04.956033871Z [34m2026-09-16 03:48:04.955 UTC 014e INFO[0m [Router3] [34;1mBroadcast[0m -> Received error from stream: rpc error: code = Canceled desc = context canceled, closing broadcastfrom client 172.29.0.1:37194
2026-09-16T03:48:04.956035426Z [34m2026-09-16 03:48:04.955 UTC 01f3 INFO[0m [Router1] [34;1mBroadcast[0m -> Received error from stream: rpc error: code = Canceled desc = context canceled, closing broadcastfrom client 172.29.0.1:42170
2026-09-16T03:48:04.956036478Z [34m2026-09-16 03:48:04.955 UTC 018d INFO[0m [Router2] [34;1mBroadcast[0m -> Received error from stream: rpc error: code = Canceled desc = context canceled, closing broadcastfrom client 172.29.0.1:34812
2026-09-16T03:48:04.956037522Z [34m2026-09-16 03:48:04.955 UTC 01f4 INFO[0m [Router1] [34;1mBroadcast[0m -> Received error from stream: rpc error: code = Canceled desc = context canceled, closing broadcastfrom client 172.29.0.1:42170
2026-09-16T03:48:04.956038513Z [34m2026-09-16 03:48:04.955 UTC 0219 INFO[0m [Router2] [34;1mBroadcast[0m -> Received error from stream: rpc error: code = Canceled desc = context canceled, closing broadcastfrom client 172.29.0.1:34812
2026-09-16T03:48:04.956039453Z [34m2026-09-16 03:48:04.955 UTC 01ba INFO[0m [Router2] [34;1mBroadcast[0m -> Received error from stream: rpc error: code = Canceled desc = context canceled, closing broadcastfrom client 172.29.0.1:34812
2026-09-16T03:48:04.956040350Z [34m2026-09-16 03:48:04.955 UTC 01f5 INFO[0m [Router1] [34;1mBroadcast[0m -> Received error from stream: rpc error: code = Canceled desc = context canceled, closing broadcastfrom client 172.29.0.1:42170
2026-09-16T03:48:04.956041323Z [34m2026-09-16 03:48:04.955 UTC 01c1 INFO[0m [Router2] [34;1mBroadcast[0m -> Received error from stream: rpc error: code = Canceled desc = context canceled, closing broadcastfrom client 172.29.0.1:34812
2026-09-16T03:48:04.956051452Z [34m2026-09-16 03:48:04.955 UTC 021b INFO[0m [Router2] [34;1mBroadcast[0m -> Received error from stream: rpc error: code = Canceled desc = context canceled, closing broadcastfrom client 172.29.0.1:34812
2026-09-16T03:48:04.956052743Z [34m2026-09-16 03:48:04.955 UTC 014f INFO[0m [Router3] [34;1mBroadcast[0m -> Received error from stream: rpc error: code = Canceled desc = context canceled, closing broadcastfrom client 172.29.0.1:37194
2026-09-16T03:48:04.956053685Z [34m2026-09-16 03:48:04.955 UTC 01f6 INFO[0m [Router1] [34;1mBroadcast[0m -> Received error from stream: rpc error: code = Canceled desc = context canceled, closing broadcastfrom client 172.29.0.1:42170
2026-09-16T03:48:04.956054828Z [34m2026-09-16 03:48:04.955 UTC 01c7 INFO[0m [Router2] [34;1mBroadcast[0m -> Received error from stream: rpc error: code = Canceled desc = context canceled, closing broadcastfrom client 172.29.0.1:34812
2026-09-16T03:48:04.956055733Z [34m2026-09-16 03:48:04.955 UTC 01f7 INFO[0m [Router1] [34;1mBroadcast[0m -> Received error from stream: rpc error: code = Canceled desc = context canceled, closing broadcastfrom client 172.29.0.1:42170
2026-09-16T03:48:04.956056607Z [34m2026-09-16 03:48:04.955 UTC 01d7 INFO[0m [Router2] [34;1mBroadcast[0m -> Received error from stream: rpc error: code = Canceled desc = context canceled, closing broadcastfrom client 172.29.0.1:34812
2026-09-16T03:48:04.956057511Z [34m2026-09-16 03:48:04.955 UTC 0150 INFO[0m [Router3] [34;1mBroadcast[0m -> Received error from stream: rpc error: code = Canceled desc = context canceled, closing broadcastfrom client 172.29.0.1:37194
2026-09-16T03:48:04.956058419Z [34m2026-09-16 03:48:04.955 UTC 0220 INFO[0m [Router2] [34;1mBroadcast[0m -> Received error from stream: rpc error: code = Canceled desc = context canceled, closing broadcastfrom client 172.29.0.1:34812
2026-09-16T03:48:04.956059324Z [34m2026-09-16 03:48:04.955 UTC 01f0 INFO[0m [Router2] [34;1mBroadcast[0m -> Received error from stream: rpc error: code = Canceled desc = context canceled, closing broadcastfrom client 172.29.0.1:34812
2026-09-16T03:48:04.956061757Z [34m2026-09-16 03:48:04.955 UTC 01fa INFO[0m [Router1] [34;1mBroadcast[0m -> Received error from stream: rpc error: code = Canceled desc = context canceled, closing broadcastfrom client 172.29.0.1:42170
2026-09-16T03:48:04.956063302Z [34m2026-09-16 03:48:04.955 UTC 01f6 INFO[0m [Router2] [34;1mBroadcast[0m -> Received error from stream: rpc error: code = Canceled desc = context canceled, closing broadcastfrom client 172.29.0.1:34812
2026-09-16T03:48:04.956064345Z [34m2026-09-16 03:48:04.955 UTC 0207 INFO[0m [Router2] [34;1mBroadcast[0m -> Received error from stream: rpc error: code = Canceled desc = context canceled, closing broadcastfrom client 172.29.0.1:34812
2026-09-16T03:48:04.956065243Z [34m2026-09-16 03:48:04.955 UTC 01fb INFO[0m [Router1] [34;1mBroadcast[0m -> Received error from stream: rpc error: code = Canceled desc = context canceled, closing broadcastfrom client 172.29.0.1:42170
2026-09-16T03:48:04.956066152Z [34m2026-09-16 03:48:04.955 UTC 0222 INFO[0m [Router2] [34;1mBroadcast[0m -> Received error from stream: rpc error: code = Canceled desc = context canceled, closing broadcastfrom client 172.29.0.1:34812
2026-09-16T03:48:04.956071433Z [34m2026-09-16 03:48:04.955 UTC 01fa INFO[0m [Router2] [34;1mBroadcast[0m -> Received error from stream: rpc error: code = Canceled desc = context canceled, closing broadcastfrom client 172.29.0.1:34812
2026-09-16T03:48:04.956072552Z [34m2026-09-16 03:48:04.955 UTC 0151 INFO[0m [Router3] [34;1mBroadcast[0m -> Received error from stream: rpc error: code = Canceled desc = context canceled, closing broadcastfrom client 172.29.0.1:37194
2026-09-16T03:48:04.956073572Z [34m2026-09-16 03:48:04.955 UTC 01fc INFO[0m [Router1] [34;1mBroadcast[0m -> Received error from stream: rpc error: code = Canceled desc = context canceled, closing broadcastfrom client 172.29.0.1:42170
2026-09-16T03:48:04.956074554Z [34m2026-09-16 03:48:04.955 UTC 021a INFO[0m [Router2] [34;1mBroadcast[0m -> Received error from stream: rpc error: code = Canceled desc = context canceled, closing broadcastfrom client 172.29.0.1:34812
2026-09-16T03:48:04.956075669Z [34m2026-09-16 03:48:04.955 UTC 0152 INFO[0m [Router3] [34;1mBroadcast[0m -> Received error from stream: rpc error: code = Canceled desc = context canceled, closing broadcastfrom client 172.29.0.1:37194
2026-09-16T03:48:04.956076635Z [34m2026-09-16 03:48:04.955 UTC 021e INFO[0m [Router2] [34;1mBroadcast[0m -> Received error from stream: rpc error: code = Canceled desc = context canceled, closing broadcastfrom client 172.29.0.1:34812
2026-09-16T03:48:04.956078779Z [34m2026-09-16 03:48:04.955 UTC 01ff INFO[0m [Router2] [34;1mBroadcast[0m -> Received error from stream: rpc error: code = Canceled desc = context canceled, closing broadcastfrom client 172.29.0.1:34812
2026-09-16T03:48:04.956079870Z [34m2026-09-16 03:48:04.955 UTC 01fd INFO[0m [Router1] [34;1mBroadcast[0m -> Received error from stream: rpc error: code = Canceled desc = context canceled, closing broadcastfrom client 172.29.0.1:42170
2026-09-16T03:48:04.956080961Z [34m2026-09-16 03:48:04.955 UTC 021f INFO[0m [Router2] [34;1mBroadcast[0m -> Received error from stream: rpc error: code = Canceled desc = context canceled, closing broadcastfrom client 172.29.0.1:34812
2026-09-16T03:48:04.956081846Z [34m2026-09-16 03:48:04.955 UTC 0136 INFO[0m [Router3] [34;1mBroadcast[0m -> Received error from stream: rpc error: code = Canceled desc = context canceled, closing broadcastfrom client 172.29.0.1:37194
2026-09-16T03:48:04.956082745Z [34m2026-09-16 03:48:04.955 UTC 0206 INFO[0m [Router2] [34;1mBroadcast[0m -> Received error from stream: rpc error: code = Canceled desc = context canceled, closing broadcastfrom client 172.29.0.1:34812
2026-09-16T03:48:04.956083650Z [34m2026-09-16 03:48:04.955 UTC 021d INFO[0m [Router2] [34;1mBroadcast[0m -> Received error from stream: rpc error: code = Canceled desc = context canceled, closing broadcastfrom client 172.29.0.1:34812
2026-09-16T03:48:04.956084544Z [34m2026-09-16 03:48:04.955 UTC 01fe INFO[0m [Router1] [34;1mBroadcast[0m -> Received error from stream: rpc error: code = Canceled desc = context canceled, closing broadcastfrom client 172.29.0.1:42170
2026-09-16T03:48:04.956087330Z [34m2026-09-16 03:48:04.955 UTC 020d INFO[0m [Router2] [34;1mBroadcast[0m -> Received error from stream: rpc error: code = Canceled desc = context canceled, closing broadcastfrom client 172.29.0.1:34812
2026-09-16T03:48:04.956088482Z [34m2026-09-16 03:48:04.955 UTC 020e INFO[0m [Router2] [34;1mBroadcast[0m -> Received error from stream: rpc error: code = Canceled desc = context canceled, closing broadcastfrom client 172.29.0.1:34812
2026-09-16T03:48:04.956089600Z [34m2026-09-16 03:48:04.955 UTC 014a INFO[0m [Router3] [34;1mBroadcast[0m -> Received error from stream: rpc error: code = Canceled desc = context canceled, closing broadcastfrom client 172.29.0.1:37194
2026-09-16T03:48:04.956091081Z [34m2026-09-16 03:48:04.955 UTC 0153 INFO[0m [Router3] [34;1mBroadcast[0m -> Received error from stream: rpc error: code = Canceled desc = context canceled, closing broadcastfrom client 172.29.0.1:37194
2026-09-16T03:48:04.956092308Z [34m2026-09-16 03:48:04.955 UTC 01d3 INFO[0m [Router2] [34;1mBroadcast[0m -> Received error from stream: rpc error: code = Canceled desc = context canceled, closing broadcastfrom client 172.29.0.1:34812
2026-09-16T03:48:04.956093300Z [34m2026-09-16 03:48:04.955 UTC 0200 INFO[0m [Router1] [34;1mBroadcast[0m -> Received error from stream: rpc error: code = Canceled desc = context canceled, closing broadcastfrom client 172.29.0.1:42170
2026-09-16T03:48:04.956094313Z [34m2026-09-16 03:48:04.955 UTC 0221 INFO[0m [Router2] [34;1mBroadcast[0m -> Received error from stream: rpc error: code = Canceled desc = context canceled, closing broadcastfrom client 172.29.0.1:34812
2026-09-16T03:48:04.956095293Z [34m2026-09-16 03:48:04.955 UTC 0201 INFO[0m [Router1] [34;1mBroadcast[0m -> Received error from stream: rpc error: code = Canceled desc = context canceled, closing broadcastfrom client 172.29.0.1:42170
2026-09-16T03:48:04.956096328Z [34m2026-09-16 03:48:04.955 UTC 021c INFO[0m [Router2] [34;1mBroadcast[0m -> Received error from stream: rpc error: code = Canceled desc = context canceled, closing broadcastfrom client 172.29.0.1:34812
2026-09-16T03:48:04.956097325Z [34m2026-09-16 03:48:04.955 UTC 0154 INFO[0m [Router3] [34;1mBroadcast[0m -> Received error from stream: rpc error: code = Canceled desc = context canceled, closing broadcastfrom client 172.29.0.1:37194
2026-09-16T03:48:04.956098403Z [34m2026-09-16 03:48:04.955 UTC 0218 INFO[0m [Router2] [34;1mBroadcast[0m -> Received error from stream: rpc error: code = Canceled desc = context canceled, closing broadcastfrom client 172.29.0.1:34812
2026-09-16T03:48:04.956099405Z [34m2026-09-16 03:48:04.955 UTC 0202 INFO[0m [Router1] [34;1mBroadcast[0m -> Received error from stream: rpc error: code = Canceled desc = context canceled, closing broadcastfrom client 172.29.0.1:42170
2026-09-16T03:48:04.956100387Z [34m2026-09-16 03:48:04.955 UTC 0155 INFO[0m [Router3] [34;1mBroadcast[0m -> Received error from stream: rpc error: code = Canceled desc = context canceled, closing broadcastfrom client 172.29.0.1:37194
2026-09-16T03:48:04.956101790Z [34m2026-09-16 03:48:04.955 UTC 0156 INFO[0m [Router3] [34;1mBroadcast[0m -> Received error from stream: rpc error: code = Canceled desc = context canceled, closing broadcastfrom client 172.29.0.1:37194
2026-09-16T03:48:04.956104851Z [34m2026-09-16 03:48:04.955 UTC 0205 INFO[0m [Router1] [34;1mBroadcast[0m -> Received error from stream: rpc error: code = Canceled desc = context canceled, closing broadcastfrom client 172.29.0.1:42170
2026-09-16T03:48:04.956105909Z [34m2026-09-16 03:48:04.955 UTC 0207 INFO[0m [Router1] [34;1mBroadcast[0m -> Received error from stream: rpc error: code = Canceled desc = context canceled, closing broadcastfrom client 172.29.0.1:42170
2026-09-16T03:48:04.956106851Z [34m2026-09-16 03:48:04.955 UTC 0157 INFO[0m [Router3] [34;1mBroadcast[0m -> Received error from stream: rpc error: code = Canceled desc = context canceled, closing broadcastfrom client 172.29.0.1:37194
2026-09-16T03:48:04.956107757Z [34m2026-09-16 03:48:04.954 UTC 0152 INFO[0m [Router1] [34;1mBroadcast[0m -> Received error from stream: rpc error: code = Canceled desc = context canceled, closing broadcastfrom client 172.29.0.1:42170
2026-09-16T03:48:04.956108714Z [34m2026-09-16 03:48:04.955 UTC 0158 INFO[0m [Router3] [34;1mBroadcast[0m -> Received error from stream: rpc error: code = Canceled desc = context canceled, closing broadcastfrom client 172.29.0.1:37194
2026-09-16T03:48:04.956109687Z [34m2026-09-16 03:48:04.955 UTC 0208 INFO[0m [Router1] [34;1mBroadcast[0m -> Received error from stream: rpc error: code = Canceled desc = context canceled, closing broadcastfrom client 172.29.0.1:42170
2026-09-16T03:48:04.956110577Z [34m2026-09-16 03:48:04.954 UTC 0164 INFO[0m [Router1] [34;1mBroadcast[0m -> Received error from stream: rpc error: code = Canceled desc = context canceled, closing broadcastfrom client 172.29.0.1:42170
2026-09-16T03:48:04.956111685Z [34m2026-09-16 03:48:04.955 UTC 0159 INFO[0m [Router3] [34;1mBroadcast[0m -> Received error from stream: rpc error: code = Canceled desc = context canceled, closing broadcastfrom client 172.29.0.1:37194
2026-09-16T03:48:04.956112697Z [34m2026-09-16 03:48:04.955 UTC 015d INFO[0m [Router3] [34;1mBroadcast[0m -> Received error from stream: rpc error: code = Canceled desc = context canceled, closing broadcastfrom client 172.29.0.1:37194
2026-09-16T03:48:04.956113827Z [34m2026-09-16 03:48:04.955 UTC 020f INFO[0m [Router1] [34;1mBroadcast[0m -> Received error from stream: rpc error: code = Canceled desc = context canceled, closing broadcastfrom client 172.29.0.1:42170
2026-09-16T03:48:04.956114792Z [34m2026-09-16 03:48:04.955 UTC 0179 INFO[0m [Router1] [34;1mBroadcast[0m -> Received error from stream: rpc error: code = Canceled desc = context canceled, closing broadcastfrom client 172.29.0.1:42170
2026-09-16T03:48:04.956115684Z [34m2026-09-16 03:48:04.955 UTC 0210 INFO[0m [Router1] [34;1mBroadcast[0m -> Received error from stream: rpc error: code = Canceled desc = context canceled, closing broadcastfrom client 172.29.0.1:42170
2026-09-16T03:48:04.956116583Z [34m2026-09-16 03:48:04.955 UTC 015e INFO[0m [Router3] [34;1mBroadcast[0m -> Received error from stream: rpc error: code = Canceled desc = context canceled, closing broadcastfrom client 172.29.0.1:37194
2026-09-16T03:48:04.956117484Z [34m2026-09-16 03:48:04.955 UTC 0190 INFO[0m [Router1] [34;1mBroadcast[0m -> Received error from stream: rpc error: code = Canceled desc = context canceled, closing broadcastfrom client 172.29.0.1:42170
2026-09-16T03:48:04.956120058Z [34m2026-09-16 03:48:04.955 UTC 01e8 INFO[0m [Router1] [34;1mBroadcast[0m -> Received error from stream: rpc error: code = Canceled desc = context canceled, closing broadcastfrom client 172.29.0.1:42170
2026-09-16T03:48:04.956121238Z [34m2026-09-16 03:48:04.955 UTC 01c3 INFO[0m [Router1] [34;1mBroadcast[0m -> Received error from stream: rpc error: code = Canceled desc = context canceled, closing broadcastfrom client 172.29.0.1:42170
2026-09-16T03:48:04.956122207Z [34m2026-09-16 03:48:04.955 UTC 0160 INFO[0m [Router3] [34;1mBroadcast[0m -> Received error from stream: rpc error: code = Canceled desc = context canceled, closing broadcastfrom client 172.29.0.1:37194
2026-09-16T03:48:04.956123211Z [34m2026-09-16 03:48:04.955 UTC 0211 INFO[0m [Router1] [34;1mBroadcast[0m -> Received error from stream: rpc error: code = Canceled desc = context canceled, closing broadcastfrom client 172.29.0.1:42170
2026-09-16T03:48:04.956127291Z [34m2026-09-16 03:48:04.955 UTC 0161 INFO[0m [Router3] [34;1mBroadcast[0m -> Received error from stream: rpc error: code = Canceled desc = context canceled, closing broadcastfrom client 172.29.0.1:37194
2026-09-16T03:48:04.956128765Z [34m2026-09-16 03:48:04.955 UTC 017d INFO[0m [Router1] [34;1mBroadcast[0m -> Received error from stream: rpc error: code = Canceled desc = context canceled, closing broadcastfrom client 172.29.0.1:42170
2026-09-16T03:48:04.956129701Z [34m2026-09-16 03:48:04.955 UTC 0212 INFO[0m [Router1] [34;1mBroadcast[0m -> Received error from stream: rpc error: code = Canceled desc = context canceled, closing broadcastfrom client 172.29.0.1:42170
2026-09-16T03:48:04.956130683Z [34m2026-09-16 03:48:04.955 UTC 0162 INFO[0m [Router3] [34;1mBroadcast[0m -> Received error from stream: rpc error: code = Canceled desc = context canceled, closing broadcastfrom client 172.29.0.1:37194
2026-09-16T03:48:04.956131611Z [34m2026-09-16 03:48:04.955 UTC 01a2 INFO[0m [Router1] [34;1mBroadcast[0m -> Received error from stream: rpc error: code = Canceled desc = context canceled, closing broadcastfrom client 172.29.0.1:42170
2026-09-16T03:48:04.956132499Z [34m2026-09-16 03:48:04.955 UTC 01cc INFO[0m [Router1] [34;1mBroadcast[0m -> Received error from stream: rpc error: code = Canceled desc = context canceled, closing broadcastfrom client 172.29.0.1:42170
2026-09-16T03:48:04.956133392Z [34m2026-09-16 03:48:04.955 UTC 0163 INFO[0m [Router3] [34;1mBroadcast[0m -> Received error from stream: rpc error: code = Canceled desc = context canceled, closing broadcastfrom client 172.29.0.1:37194
2026-09-16T03:48:04.956134255Z [34m2026-09-16 03:48:04.955 UTC 0213 INFO[0m [Router1] [34;1mBroadcast[0m -> Received error from stream: rpc error: code = Canceled desc = context canceled, closing broadcastfrom client 172.29.0.1:42170
2026-09-16T03:48:04.956135141Z [34m2026-09-16 03:48:04.955 UTC 01ce INFO[0m [Router1] [34;1mBroadcast[0m -> Received error from stream: rpc error: code = Canceled desc = context canceled, closing broadcastfrom client 172.29.0.1:42170
2026-09-16T03:48:04.956138296Z [34m2026-09-16 03:48:04.955 UTC 0164 INFO[0m [Router3] [34;1mBroadcast[0m -> Received error from stream: rpc error: code = Canceled desc = context canceled, closing broadcastfrom client 172.29.0.1:37194
2026-09-16T03:48:04.956139456Z [34m2026-09-16 03:48:04.955 UTC 0214 INFO[0m [Router1] [34;1mBroadcast[0m -> Received error from stream: rpc error: code = Canceled desc = context canceled, closing broadcastfrom client 172.29.0.1:42170
2026-09-16T03:48:04.956142125Z [34m2026-09-16 03:48:04.955 UTC 01f8 INFO[0m [Router1] [34;1mBroadcast[0m -> Received error from stream: rpc error: code = Canceled desc = context canceled, closing broadcastfrom client 172.29.0.1:42170
2026-09-16T03:48:04.956143089Z [34m2026-09-16 03:48:04.955 UTC 0165 INFO[0m [Router3] [34;1mBroadcast[0m -> Received error from stream: rpc error: code = Canceled desc = context canceled, closing broadcastfrom client 172.29.0.1:37194
2026-09-16T03:48:04.956143959Z [34m2026-09-16 03:48:04.955 UTC 0206 INFO[0m [Router1] [34;1mBroadcast[0m -> Received error from stream: rpc error: code = Canceled desc = context canceled, closing broadcastfrom client 172.29.0.1:42170
2026-09-16T03:48:04.956144878Z [34m2026-09-16 03:48:04.955 UTC 0166 INFO[0m [Router3] [34;1mBroadcast[0m -> Received error from stream: rpc error: code = Canceled desc = context canceled, closing broadcastfrom client 172.29.0.1:37194
2026-09-16T03:48:04.956145803Z [34m2026-09-16 03:48:04.955 UTC 01f9 INFO[0m [Router1] [34;1mBroadcast[0m -> Received error from stream: rpc error: code = Canceled desc = context canceled, closing broadcastfrom client 172.29.0.1:42170
2026-09-16T03:48:04.956146817Z [34m2026-09-16 03:48:04.955 UTC 0204 INFO[0m [Router1] [34;1mBroadcast[0m -> Received error from stream: rpc error: code = Canceled desc = context canceled, closing broadcastfrom client 172.29.0.1:42170
2026-09-16T03:48:04.956147745Z [34m2026-09-16 03:48:04.955 UTC 0167 INFO[0m [Router3] [34;1mBroadcast[0m -> Received error from stream: rpc error: code = Canceled desc = context canceled, closing broadcastfrom client 172.29.0.1:37194
2026-09-16T03:48:04.956148659Z [34m2026-09-16 03:48:04.955 UTC 0209 INFO[0m [Router1] [34;1mBroadcast[0m -> Received error from stream: rpc error: code = Canceled desc = context canceled, closing broadcastfrom client 172.29.0.1:42170
2026-09-16T03:48:04.956149718Z [34m2026-09-16 03:48:04.955 UTC 0218 INFO[0m [Router1] [34;1mBroadcast[0m -> Received error from stream: rpc error: code = Canceled desc = context canceled, closing broadcastfrom client 172.29.0.1:42170
2026-09-16T03:48:04.956150911Z [34m2026-09-16 03:48:04.955 UTC 020a INFO[0m [Router1] [34;1mBroadcast[0m -> Received error from stream: rpc error: code = Canceled desc = context canceled, closing broadcastfrom client 172.29.0.1:42170
2026-09-16T03:48:04.956152310Z [34m2026-09-16 03:48:04.955 UTC 0169 INFO[0m [Router3] [34;1mBroadcast[0m -> Received error from stream: rpc error: code = Canceled desc = context canceled, closing broadcastfrom client 172.29.0.1:37194
2026-09-16T03:48:04.956153295Z [34m2026-09-16 03:48:04.955 UTC 01ff INFO[0m [Router1] [34;1mBroadcast[0m -> Received error from stream: rpc error: code = Canceled desc = context canceled, closing broadcastfrom client 172.29.0.1:42170
2026-09-16T03:48:04.956155786Z [34m2026-09-16 03:48:04.955 UTC 016b INFO[0m [Router3] [34;1mBroadcast[0m -> Received error from stream: rpc error: code = Canceled desc = context canceled, closing broadcastfrom client 172.29.0.1:37194
2026-09-16T03:48:04.956156836Z [34m2026-09-16 03:48:04.955 UTC 021a INFO[0m [Router1] [34;1mBroadcast[0m -> Received error from stream: rpc error: code = Canceled desc = context canceled, closing broadcastfrom client 172.29.0.1:42170
2026-09-16T03:48:04.956157777Z [34m2026-09-16 03:48:04.955 UTC 016c INFO[0m [Router3] [34;1mBroadcast[0m -> Received error from stream: rpc error: code = Canceled desc = context canceled, closing broadcastfrom client 172.29.0.1:37194
2026-09-16T03:48:04.956158649Z [34m2026-09-16 03:48:04.955 UTC 021c INFO[0m [Router1] [34;1mBroadcast[0m -> Received error from stream: rpc error: code = Canceled desc = context canceled, closing broadcastfrom client 172.29.0.1:42170
2026-09-16T03:48:04.956159557Z [34m2026-09-16 03:48:04.955 UTC 016d INFO[0m [Router3] [34;1mBroadcast[0m -> Received error from stream: rpc error: code = Canceled desc = context canceled, closing broadcastfrom client 172.29.0.1:37194
2026-09-16T03:48:04.956160486Z [34m2026-09-16 03:48:04.955 UTC 021d INFO[0m [Router1] [34;1mBroadcast[0m -> Received error from stream: rpc error: code = Canceled desc = context canceled, closing broadcastfrom client 172.29.0.1:42170
2026-09-16T03:48:04.956161415Z [34m2026-09-16 03:48:04.955 UTC 016e INFO[0m [Router3] [34;1mBroadcast[0m -> Received error from stream: rpc error: code = Canceled desc = context canceled, closing broadcastfrom client 172.29.0.1:37194
2026-09-16T03:48:04.956162614Z [34m2026-09-16 03:48:04.955 UTC 01da INFO[0m [Router1] [34;1mBroadcast[0m -> Received error from stream: rpc error: code = Canceled desc = context canceled, closing broadcastfrom client 172.29.0.1:42170
2026-09-16T03:48:04.956163638Z [34m2026-09-16 03:48:04.955 UTC 016f INFO[0m [Router3] [34;1mBroadcast[0m -> Received error from stream: rpc error: code = Canceled desc = context canceled, closing broadcastfrom client 172.29.0.1:37194
2026-09-16T03:48:04.956164654Z [34m2026-09-16 03:48:04.955 UTC 021e INFO[0m [Router1] [34;1mBroadcast[0m -> Received error from stream: rpc error: code = Canceled desc = context canceled, closing broadcastfrom client 172.29.0.1:42170
2026-09-16T03:48:04.956165711Z [34m2026-09-16 03:48:04.955 UTC 020c INFO[0m [Router1] [34;1mBroadcast[0m -> Received error from stream: rpc error: code = Canceled desc = context canceled, closing broadcastfrom client 172.29.0.1:42170
2026-09-16T03:48:04.956166747Z [34m2026-09-16 03:48:04.955 UTC 021f INFO[0m [Router1] [34;1mBroadcast[0m -> Received error from stream: rpc error: code = Canceled desc = context canceled, closing broadcastfrom client 172.29.0.1:42170
2026-09-16T03:48:04.956167683Z [34m2026-09-16 03:48:04.955 UTC 0170 INFO[0m [Router3] [34;1mBroadcast[0m -> Received error from stream: rpc error: code = Canceled desc = context canceled, closing broadcastfrom client 172.29.0.1:37194
2026-09-16T03:48:04.956197084Z [34m2026-09-16 03:48:04.955 UTC 020d INFO[0m [Router1] [34;1mBroadcast[0m -> Received error from stream: rpc error: code = Canceled desc = context canceled, closing broadcastfrom client 172.29.0.1:42170
2026-09-16T03:48:04.956200996Z [34m2026-09-16 03:48:04.955 UTC 0171 INFO[0m [Router3] [34;1mBroadcast[0m -> Received error from stream: rpc error: code = Canceled desc = context canceled, closing broadcastfrom client 172.29.0.1:37194
2026-09-16T03:48:04.956202834Z [34m2026-09-16 03:48:04.955 UTC 021b INFO[0m [Router1] [34;1mBroadcast[0m -> Received error from stream: rpc error: code = Canceled desc = context canceled, closing broadcastfrom client 172.29.0.1:42170
2026-09-16T03:48:04.956204086Z [34m2026-09-16 03:48:04.955 UTC 01ed INFO[0m [Router1] [34;1mBroadcast[0m -> Received error from stream: rpc error: code = Canceled desc = context canceled, closing broadcastfrom client 172.29.0.1:42170
2026-09-16T03:48:04.956205666Z [34m2026-09-16 03:48:04.955 UTC 0172 INFO[0m [Router3] [34;1mBroadcast[0m -> Received error from stream: rpc error: code = Canceled desc = context canceled, closing broadcastfrom client 172.29.0.1:37194
2026-09-16T03:48:04.956206867Z [34m2026-09-16 03:48:04.955 UTC 0176 INFO[0m [Router3] [34;1mBroadcast[0m -> Received error from stream: rpc error: code = Canceled desc = context canceled, closing broadcastfrom client 172.29.0.1:37194
2026-09-16T03:48:04.956208117Z [34m2026-09-16 03:48:04.955 UTC 0219 INFO[0m [Router1] [34;1mBroadcast[0m -> Received error from stream: rpc error: code = Canceled desc = context canceled, closing broadcastfrom client 172.29.0.1:42170
2026-09-16T03:48:04.956209181Z [34m2026-09-16 03:48:04.955 UTC 0177 INFO[0m [Router3] [34;1mBroadcast[0m -> Received error from stream: rpc error: code = Canceled desc = context canceled, closing broadcastfrom client 172.29.0.1:37194
2026-09-16T03:48:04.956210114Z [34m2026-09-16 03:48:04.955 UTC 0203 INFO[0m [Router1] [34;1mBroadcast[0m -> Received error from stream: rpc error: code = Canceled desc = context canceled, closing broadcastfrom client 172.29.0.1:42170
2026-09-16T03:48:04.956211052Z [34m2026-09-16 03:48:04.955 UTC 0178 INFO[0m [Router3] [34;1mBroadcast[0m -> Received error from stream: rpc error: code = Canceled desc = context canceled, closing broadcastfrom client 172.29.0.1:37194
2026-09-16T03:48:04.956211980Z [34m2026-09-16 03:48:04.955 UTC 0179 INFO[0m [Router3] [34;1mBroadcast[0m -> Received error from stream: rpc error: code = Canceled desc = context canceled, closing broadcastfrom client 172.29.0.1:37194
2026-09-16T03:48:04.956212952Z [34m2026-09-16 03:48:04.955 UTC 01bd INFO[0m [Router1] [34;1mBroadcast[0m -> Received error from stream: rpc error: code = Canceled desc = context canceled, closing broadcastfrom client 172.29.0.1:42170
2026-09-16T03:48:04.956217359Z [34m2026-09-16 03:48:04.954 UTC 0127 INFO[0m [Router1] [34;1mBroadcast[0m -> Received error from stream: rpc error: code = Canceled desc = context canceled, closing broadcastfrom client 172.29.0.1:42170
2026-09-16T03:48:04.956218400Z [34m2026-09-16 03:48:04.955 UTC 020e INFO[0m [Router1] [34;1mBroadcast[0m -> Received error from stream: rpc error: code = Canceled desc = context canceled, closing broadcastfrom client 172.29.0.1:42170
2026-09-16T03:48:04.956224776Z [34m2026-09-16 03:48:04.955 UTC 017a INFO[0m [Router3] [34;1mBroadcast[0m -> Received error from stream: rpc error: code = Canceled desc = context canceled, closing broadcastfrom client 172.29.0.1:37194
2026-09-16T03:48:04.956227071Z [34m2026-09-16 03:48:04.955 UTC 017b INFO[0m [Router3] [34;1mBroadcast[0m -> Received error from stream: rpc error: code = Canceled desc = context canceled, closing broadcastfrom client 172.29.0.1:37194
2026-09-16T03:48:04.956228130Z [34m2026-09-16 03:48:04.955 UTC 020b INFO[0m [Router1] [34;1mBroadcast[0m -> Received error from stream: rpc error: code = Canceled desc = context canceled, closing broadcastfrom client 172.29.0.1:42170
2026-09-16T03:48:04.956229061Z [34m2026-09-16 03:48:04.955 UTC 0215 INFO[0m [Router1] [34;1mBroadcast[0m -> Received error from stream: rpc error: code = Canceled desc = context canceled, closing broadcastfrom client 172.29.0.1:42170
2026-09-16T03:48:04.956229967Z [34m2026-09-16 03:48:04.955 UTC 017c INFO[0m [Router3] [34;1mBroadcast[0m -> Received error from stream: rpc error: code = Canceled desc = context canceled, closing broadcastfrom client 172.29.0.1:37194
2026-09-16T03:48:04.956230907Z [34m2026-09-16 03:48:04.955 UTC 0181 INFO[0m [Router3] [34;1mBroadcast[0m -> Received error from stream: rpc error: code = Canceled desc = context canceled, closing broadcastfrom client 172.29.0.1:37194
2026-09-16T03:48:04.956231813Z [34m2026-09-16 03:48:04.955 UTC 017f INFO[0m [Router3] [34;1mBroadcast[0m -> Received error from stream: rpc error: code = Canceled desc = context canceled, closing broadcastfrom client 172.29.0.1:37194
2026-09-16T03:48:04.956232886Z [34m2026-09-16 03:48:04.955 UTC 016a INFO[0m [Router3] [34;1mBroadcast[0m -> Received error from stream: rpc error: code = Canceled desc = context canceled, closing broadcastfrom client 172.29.0.1:37194
2026-09-16T03:48:04.956233925Z [34m2026-09-16 03:48:04.955 UTC 0216 INFO[0m [Router1] [34;1mBroadcast[0m -> Received error from stream: rpc error: code = Canceled desc = context canceled, closing broadcastfrom client 172.29.0.1:42170
2026-09-16T03:48:04.956234991Z [34m2026-09-16 03:48:04.955 UTC 0182 INFO[0m [Router3] [34;1mBroadcast[0m -> Received error from stream: rpc error: code = Canceled desc = context canceled, closing broadcastfrom client 172.29.0.1:37194
2026-09-16T03:48:04.956236367Z [34m2026-09-16 03:48:04.955 UTC 0217 INFO[0m [Router1] [34;1mBroadcast[0m -> Received error from stream: rpc error: code = Canceled desc = context canceled, closing broadcastfrom client 172.29.0.1:42170
2026-09-16T03:48:04.956237543Z [34m2026-09-16 03:48:04.955 UTC 0173 INFO[0m [Router3] [34;1mBroadcast[0m -> Received error from stream: rpc error: code = Canceled desc = context canceled, closing broadcastfrom client 172.29.0.1:37194
2026-09-16T03:48:04.956238579Z [34m2026-09-16 03:48:04.955 UTC 0220 INFO[0m [Router1] [34;1mBroadcast[0m -> Received error from stream: rpc error: code = Canceled desc = context canceled, closing broadcastfrom client 172.29.0.1:42170
2026-09-16T03:48:04.956242123Z [34m2026-09-16 03:48:04.955 UTC 015b INFO[0m [Router3] [34;1mBroadcast[0m -> Received error from stream: rpc error: code = Canceled desc = context canceled, closing broadcastfrom client 172.29.0.1:37194
2026-09-16T03:48:04.956243213Z [34m2026-09-16 03:48:04.955 UTC 0221 INFO[0m [Router1] [34;1mBroadcast[0m -> Received error from stream: rpc error: code = Canceled desc = context canceled, closing broadcastfrom client 172.29.0.1:42170
2026-09-16T03:48:04.956244175Z [34m2026-09-16 03:48:04.955 UTC 0183 INFO[0m [Router3] [34;1mBroadcast[0m -> Received error from stream: rpc error: code = Canceled desc = context canceled, closing broadcastfrom client 172.29.0.1:37194
2026-09-16T03:48:04.956245255Z [34m2026-09-16 03:48:04.955 UTC 0222 INFO[0m [Router1] [34;1mBroadcast[0m -> Received error from stream: rpc error: code = Canceled desc = context canceled, closing broadcastfrom client 172.29.0.1:42170
2026-09-16T03:48:04.956246415Z [34m2026-09-16 03:48:04.955 UTC 0184 INFO[0m [Router3] [34;1mBroadcast[0m -> Received error from stream: rpc error: code = Canceled desc = context canceled, closing broadcastfrom client 172.29.0.1:37194
2026-09-16T03:48:04.956247532Z [34m2026-09-16 03:48:04.955 UTC 0185 INFO[0m [Router3] [34;1mBroadcast[0m -> Received error from stream: rpc error: code = Canceled desc = context canceled, closing broadcastfrom client 172.29.0.1:37194
2026-09-16T03:48:04.956248758Z [34m2026-09-16 03:48:04.955 UTC 0186 INFO[0m [Router3] [34;1mBroadcast[0m -> Received error from stream: rpc error: code = Canceled desc = context canceled, closing broadcastfrom client 172.29.0.1:37194
2026-09-16T03:48:04.956250077Z [34m2026-09-16 03:48:04.955 UTC 015f INFO[0m [Router3] [34;1mBroadcast[0m -> Received error from stream: rpc error: code = Canceled desc = context canceled, closing broadcastfrom client 172.29.0.1:37194
2026-09-16T03:48:04.956251041Z [34m2026-09-16 03:48:04.955 UTC 0168 INFO[0m [Router3] [34;1mBroadcast[0m -> Received error from stream: rpc error: code = Canceled desc = context canceled, closing broadcastfrom client 172.29.0.1:37194
2026-09-16T03:48:04.956251964Z [34m2026-09-16 03:48:04.955 UTC 017d INFO[0m [Router3] [34;1mBroadcast[0m -> Received error from stream: rpc error: code = Canceled desc = context canceled, closing broadcastfrom client 172.29.0.1:37194
2026-09-16T03:48:04.956252869Z [34m2026-09-16 03:48:04.955 UTC 015c INFO[0m [Router3] [34;1mBroadcast[0m -> Received error from stream: rpc error: code = Canceled desc = context canceled, closing broadcastfrom client 172.29.0.1:37194
2026-09-16T03:48:04.956253948Z [34m2026-09-16 03:48:04.955 UTC 0187 INFO[0m [Router3] [34;1mBroadcast[0m -> Received error from stream: rpc error: code = Canceled desc = context canceled, closing broadcastfrom client 172.29.0.1:37194
2026-09-16T03:48:04.956255185Z [34m2026-09-16 03:48:04.955 UTC 0175 INFO[0m [Router3] [34;1mBroadcast[0m -> Received error from stream: rpc error: code = Canceled desc = context canceled, closing broadcastfrom client 172.29.0.1:37194
2026-09-16T03:48:04.956256126Z [34m2026-09-16 03:48:04.955 UTC 017e INFO[0m [Router3] [34;1mBroadcast[0m -> Received error from stream: rpc error: code = Canceled desc = context canceled, closing broadcastfrom client 172.29.0.1:37194
2026-09-16T03:48:04.956258741Z [34m2026-09-16 03:48:04.955 UTC 0180 INFO[0m [Router3] [34;1mBroadcast[0m -> Received error from stream: rpc error: code = Canceled desc = context canceled, closing broadcastfrom client 172.29.0.1:37194
2026-09-16T03:48:04.956259919Z [34m2026-09-16 03:48:04.955 UTC 0188 INFO[0m [Router3] [34;1mBroadcast[0m -> Received error from stream: rpc error: code = Canceled desc = context canceled, closing broadcastfrom client 172.29.0.1:37194
2026-09-16T03:48:04.956260864Z [34m2026-09-16 03:48:04.955 UTC 0174 INFO[0m [Router3] [34;1mBroadcast[0m -> Received error from stream: rpc error: code = Canceled desc = context canceled, closing broadcastfrom client 172.29.0.1:37194
2026-09-16T03:48:04.956262135Z [34m2026-09-16 03:48:04.955 UTC 0189 INFO[0m [Router3] [34;1mBroadcast[0m -> Received error from stream: rpc error: code = Canceled desc = context canceled, closing broadcastfrom client 172.29.0.1:37194
2026-09-16T03:48:04.956263051Z [34m2026-09-16 03:48:04.955 UTC 0123 INFO[0m [Router4] [34;1mBroadcast[0m -> Received error from stream: rpc error: code = Canceled desc = context canceled, closing broadcastfrom client 172.29.0.1:56450
2026-09-16T03:48:04.956263935Z [34m2026-09-16 03:48:04.955 UTC 018b INFO[0m [Router3] [34;1mBroadcast[0m -> Received error from stream: rpc error: code = Canceled desc = context canceled, closing broadcastfrom client 172.29.0.1:37194
2026-09-16T03:48:04.956264860Z [34m2026-09-16 03:48:04.955 UTC 0124 INFO[0m [Router4] [34;1mBroadcast[0m -> Received error from stream: rpc error: code = Canceled desc = context canceled, closing broadcastfrom client 172.29.0.1:56450
2026-09-16T03:48:04.956265777Z [34m2026-09-16 03:48:04.955 UTC 018c INFO[0m [Router3] [34;1mBroadcast[0m -> Received error from stream: rpc error: code = Canceled desc = context canceled, closing broadcastfrom client 172.29.0.1:37194
2026-09-16T03:48:04.956266656Z [34m2026-09-16 03:48:04.955 UTC 018d INFO[0m [Router3] [34;1mBroadcast[0m -> Received error from stream: rpc error: code = Canceled desc = context canceled, closing broadcastfrom client 172.29.0.1:37194
2026-09-16T03:48:04.956267563Z [34m2026-09-16 03:48:04.955 UTC 0125 INFO[0m [Router4] [34;1mBroadcast[0m -> Received error from stream: rpc error: code = Canceled desc = context canceled, closing broadcastfrom client 172.29.0.1:56450
2026-09-16T03:48:04.956268445Z [34m2026-09-16 03:48:04.955 UTC 0126 INFO[0m [Router4] [34;1mBroadcast[0m -> Received error from stream: rpc error: code = Canceled desc = context canceled, closing broadcastfrom client 172.29.0.1:56450
2026-09-16T03:48:04.956269318Z [34m2026-09-16 03:48:04.955 UTC 018e INFO[0m [Router3] [34;1mBroadcast[0m -> Received error from stream: rpc error: code = Canceled desc = context canceled, closing broadcastfrom client 172.29.0.1:37194
2026-09-16T03:48:04.956270223Z [34m2026-09-16 03:48:04.955 UTC 0127 INFO[0m [Router4] [34;1mBroadcast[0m -> Received error from stream: rpc error: code = Canceled desc = context canceled, closing broadcastfrom client 172.29.0.1:56450
2026-09-16T03:48:04.956272269Z [34m2026-09-16 03:48:04.955 UTC 018f INFO[0m [Router3] [34;1mBroadcast[0m -> Received error from stream: rpc error: code = Canceled desc = context canceled, closing broadcastfrom client 172.29.0.1:37194
2026-09-16T03:48:04.956275385Z [34m2026-09-16 03:48:04.955 UTC 0190 INFO[0m [Router3] [34;1mBroadcast[0m -> Received error from stream: rpc error: code = Canceled desc = context canceled, closing broadcastfrom client 172.29.0.1:37194
2026-09-16T03:48:04.956276399Z [34m2026-09-16 03:48:04.955 UTC 0128 INFO[0m [Router4] [34;1mBroadcast[0m -> Received error from stream: rpc error: code = Canceled desc = context canceled, closing broadcastfrom client 172.29.0.1:56450
2026-09-16T03:48:04.956277319Z [34m2026-09-16 03:48:04.955 UTC 0191 INFO[0m [Router3] [34;1mBroadcast[0m -> Received error from stream: rpc error: code = Canceled desc = context canceled, closing broadcastfrom client 172.29.0.1:37194
2026-09-16T03:48:04.956278261Z [34m2026-09-16 03:48:04.955 UTC 0129 INFO[0m [Router4] [34;1mBroadcast[0m -> Received error from stream: rpc error: code = Canceled desc = context canceled, closing broadcastfrom client 172.29.0.1:56450
2026-09-16T03:48:04.956279331Z [34m2026-09-16 03:48:04.955 UTC 0192 INFO[0m [Router3] [34;1mBroadcast[0m -> Received error from stream: rpc error: code = Canceled desc = context canceled, closing broadcastfrom client 172.29.0.1:37194
2026-09-16T03:48:04.956280288Z [34m2026-09-16 03:48:04.955 UTC 012a INFO[0m [Router4] [34;1mBroadcast[0m -> Received error from stream: rpc error: code = Canceled desc = context canceled, closing broadcastfrom client 172.29.0.1:56450
2026-09-16T03:48:04.956281204Z [34m2026-09-16 03:48:04.955 UTC 0193 INFO[0m [Router3] [34;1mBroadcast[0m -> Received error from stream: rpc error: code = Canceled desc = context canceled, closing broadcastfrom client 172.29.0.1:37194
2026-09-16T03:48:04.956282083Z [34m2026-09-16 03:48:04.955 UTC 0194 INFO[0m [Router3] [34;1mBroadcast[0m -> Received error from stream: rpc error: code = Canceled desc = context canceled, closing broadcastfrom client 172.29.0.1:37194
2026-09-16T03:48:04.956283122Z [34m2026-09-16 03:48:04.955 UTC 012b INFO[0m [Router4] [34;1mBroadcast[0m -> Received error from stream: rpc error: code = Canceled desc = context canceled, closing broadcastfrom client 172.29.0.1:56450
2026-09-16T03:48:04.956284380Z [34m2026-09-16 03:48:04.955 UTC 0195 INFO[0m [Router3] [34;1mBroadcast[0m -> Received error from stream: rpc error: code = Canceled desc = context canceled, closing broadcastfrom client 172.29.0.1:37194
2026-09-16T03:48:04.956285532Z [34m2026-09-16 03:48:04.955 UTC 0196 INFO[0m [Router3] [34;1mBroadcast[0m -> Received error from stream: rpc error: code = Canceled desc = context canceled, closing broadcastfrom client 172.29.0.1:37194
2026-09-16T03:48:04.956286431Z [34m2026-09-16 03:48:04.955 UTC 0197 INFO[0m [Router3] [34;1mBroadcast[0m -> Received error from stream: rpc error: code = Canceled desc = context canceled, closing broadcastfrom client 172.29.0.1:37194
2026-09-16T03:48:04.956287373Z [34m2026-09-16 03:48:04.955 UTC 012c INFO[0m [Router4] [34;1mBroadcast[0m -> Received error from stream: rpc error: code = Canceled desc = context canceled, closing broadcastfrom client 172.29.0.1:56450
2026-09-16T03:48:04.956300976Z [34m2026-09-16 03:48:04.955 UTC 0198 INFO[0m [Router3] [34;1mBroadcast[0m -> Received error from stream: rpc error: code = Canceled desc = context canceled, closing broadcastfrom client 172.29.0.1:37194
2026-09-16T03:48:04.956302571Z [34m2026-09-16 03:48:04.955 UTC 0199 INFO[0m [Router3] [34;1mBroadcast[0m -> Received error from stream: rpc error: code = Canceled desc = context canceled, closing broadcastfrom client 172.29.0.1:37194
2026-09-16T03:48:04.956303791Z [34m2026-09-16 03:48:04.955 UTC 012d INFO[0m [Router4] [34;1mBroadcast[0m -> Received error from stream: rpc error: code = Canceled desc = context canceled, closing broadcastfrom client 172.29.0.1:56450
2026-09-16T03:48:04.956304995Z [34m2026-09-16 03:48:04.955 UTC 019a INFO[0m [Router3] [34;1mBroadcast[0m -> Received error from stream: rpc error: code = Canceled desc = context canceled, closing broadcastfrom client 172.29.0.1:37194
2026-09-16T03:48:04.956306190Z [34m2026-09-16 03:48:04.955 UTC 012e INFO[0m [Router4] [34;1mBroadcast[0m -> Received error from stream: rpc error: code = Canceled desc = context canceled, closing broadcastfrom client 172.29.0.1:56450
2026-09-16T03:48:04.956307301Z [34m2026-09-16 03:48:04.955 UTC 019c INFO[0m [Router3] [34;1mBroadcast[0m -> Received error from stream: rpc error: code = Canceled desc = context canceled, closing broadcastfrom client 172.29.0.1:37194
2026-09-16T03:48:04.956308669Z [34m2026-09-16 03:48:04.955 UTC 012f INFO[0m [Router4] [34;1mBroadcast[0m -> Received error from stream: rpc error: code = Canceled desc = context canceled, closing broadcastfrom client 172.29.0.1:56450
2026-09-16T03:48:04.956309770Z [34m2026-09-16 03:48:04.955 UTC 019d INFO[0m [Router3] [34;1mBroadcast[0m -> Received error from stream: rpc error: code = Canceled desc = context canceled, closing broadcastfrom client 172.29.0.1:37194
2026-09-16T03:48:04.956310884Z [34m2026-09-16 03:48:04.955 UTC 019e INFO[0m [Router3] [34;1mBroadcast[0m -> Received error from stream: rpc error: code = Canceled desc = context canceled, closing broadcastfrom client 172.29.0.1:37194
2026-09-16T03:48:04.956312074Z [34m2026-09-16 03:48:04.955 UTC 0130 INFO[0m [Router4] [34;1mBroadcast[0m -> Received error from stream: rpc error: code = Canceled desc = context canceled, closing broadcastfrom client 172.29.0.1:56450
2026-09-16T03:48:04.956313198Z [34m2026-09-16 03:48:04.956 UTC 01a7 INFO[0m [Router3] [34;1mBroadcast[0m -> Received error from stream: rpc error: code = Canceled desc = context canceled, closing broadcastfrom client 172.29.0.1:37194
2026-09-16T03:48:04.956314251Z [34m2026-09-16 03:48:04.956 UTC 0131 INFO[0m [Router4] [34;1mBroadcast[0m -> Received error from stream: rpc error: code = Canceled desc = context canceled, closing broadcastfrom client 172.29.0.1:56450
2026-09-16T03:48:04.956315347Z [34m2026-09-16 03:48:04.956 UTC 01a8 INFO[0m [Router3] [34;1mBroadcast[0m -> Received error from stream: rpc error: code = Canceled desc = context canceled, closing broadcastfrom client 172.29.0.1:37194
2026-09-16T03:48:04.956316518Z [34m2026-09-16 03:48:04.956 UTC 0132 INFO[0m [Router4] [34;1mBroadcast[0m -> Received error from stream: rpc error: code = Canceled desc = context canceled, closing broadcastfrom client 172.29.0.1:56450
2026-09-16T03:48:04.956319524Z [34m2026-09-16 03:48:04.956 UTC 01a9 INFO[0m [Router3] [34;1mBroadcast[0m -> Received error from stream: rpc error: code = Canceled desc = context canceled, closing broadcastfrom client 172.29.0.1:37194
2026-09-16T03:48:04.956321022Z [34m2026-09-16 03:48:04.956 UTC 0133 INFO[0m [Router4] [34;1mBroadcast[0m -> Received error from stream: rpc error: code = Canceled desc = context canceled, closing broadcastfrom client 172.29.0.1:56450
2026-09-16T03:48:04.956322283Z [34m2026-09-16 03:48:04.956 UTC 01ab INFO[0m [Router3] [34;1mBroadcast[0m -> Received error from stream: rpc error: code = Canceled desc = context canceled, closing broadcastfrom client 172.29.0.1:37194
2026-09-16T03:48:04.956323474Z [34m2026-09-16 03:48:04.956 UTC 0134 INFO[0m [Router4] [34;1mBroadcast[0m -> Received error from stream: rpc error: code = Canceled desc = context canceled, closing broadcastfrom client 172.29.0.1:56450
2026-09-16T03:48:04.956324739Z [34m2026-09-16 03:48:04.956 UTC 01ad INFO[0m [Router3] [34;1mBroadcast[0m -> Received error from stream: rpc error: code = Canceled desc = context canceled, closing broadcastfrom client 172.29.0.1:37194
2026-09-16T03:48:04.956325851Z [34m2026-09-16 03:48:04.956 UTC 0136 INFO[0m [Router4] [34;1mBroadcast[0m -> Received error from stream: rpc error: code = Canceled desc = context canceled, closing broadcastfrom client 172.29.0.1:56450
2026-09-16T03:48:04.956326948Z [34m2026-09-16 03:48:04.956 UTC 01ae INFO[0m [Router3] [34;1mBroadcast[0m -> Received error from stream: rpc error: code = Canceled desc = context canceled, closing broadcastfrom client 172.29.0.1:37194
2026-09-16T03:48:04.956328013Z [34m2026-09-16 03:48:04.956 UTC 0135 INFO[0m [Router4] [34;1mBroadcast[0m -> Received error from stream: rpc error: code = Canceled desc = context canceled, closing broadcastfrom client 172.29.0.1:56450
2026-09-16T03:48:04.956329137Z [34m2026-09-16 03:48:04.956 UTC 0137 INFO[0m [Router4] [34;1mBroadcast[0m -> Received error from stream: rpc error: code = Canceled desc = context canceled, closing broadcastfrom client 172.29.0.1:56450
2026-09-16T03:48:04.956330216Z [34m2026-09-16 03:48:04.956 UTC 01af INFO[0m [Router3] [34;1mBroadcast[0m -> Received error from stream: rpc error: code = Canceled desc = context canceled, closing broadcastfrom client 172.29.0.1:37194
2026-09-16T03:48:04.956331537Z [34m2026-09-16 03:48:04.956 UTC 01b0 INFO[0m [Router3] [34;1mBroadcast[0m -> Received error from stream: rpc error: code = Canceled desc = context canceled, closing broadcastfrom client 172.29.0.1:37194
2026-09-16T03:48:04.956332936Z [34m2026-09-16 03:48:04.956 UTC 01b1 INFO[0m [Router3] [34;1mBroadcast[0m -> Received error from stream: rpc error: code = Canceled desc = context canceled, closing broadcastfrom client 172.29.0.1:37194
2026-09-16T03:48:04.956334297Z [34m2026-09-16 03:48:04.956 UTC 0138 INFO[0m [Router4] [34;1mBroadcast[0m -> Received error from stream: rpc error: code = Canceled desc = context canceled, closing broadcastfrom client 172.29.0.1:56450
2026-09-16T03:48:04.956337357Z [34m2026-09-16 03:48:04.956 UTC 01b2 INFO[0m [Router3] [34;1mBroadcast[0m -> Received error from stream: rpc error: code = Canceled desc = context canceled, closing broadcastfrom client 172.29.0.1:37194
2026-09-16T03:48:04.956338546Z [34m2026-09-16 03:48:04.956 UTC 01b3 INFO[0m [Router3] [34;1mBroadcast[0m -> Received error from stream: rpc error: code = Canceled desc = context canceled, closing broadcastfrom client 172.29.0.1:37194
2026-09-16T03:48:04.956339674Z [34m2026-09-16 03:48:04.956 UTC 0139 INFO[0m [Router4] [34;1mBroadcast[0m -> Received error from stream: rpc error: code = Canceled desc = context canceled, closing broadcastfrom client 172.29.0.1:56450
2026-09-16T03:48:04.956340806Z [34m2026-09-16 03:48:04.956 UTC 013b INFO[0m [Router4] [34;1mBroadcast[0m -> Received error from stream: rpc error: code = Canceled desc = context canceled, closing broadcastfrom client 172.29.0.1:56450
2026-09-16T03:48:04.956341976Z [34m2026-09-16 03:48:04.956 UTC 01b4 INFO[0m [Router3] [34;1mBroadcast[0m -> Received error from stream: rpc error: code = Canceled desc = context canceled, closing broadcastfrom client 172.29.0.1:37194
2026-09-16T03:48:04.956343101Z [34m2026-09-16 03:48:04.956 UTC 01b6 INFO[0m [Router3] [34;1mBroadcast[0m -> Received error from stream: rpc error: code = Canceled desc = context canceled, closing broadcastfrom client 172.29.0.1:37194
2026-09-16T03:48:04.956344359Z [34m2026-09-16 03:48:04.956 UTC 01b7 INFO[0m [Router3] [34;1mBroadcast[0m -> Received error from stream: rpc error: code = Canceled desc = context canceled, closing broadcastfrom client 172.29.0.1:37194
2026-09-16T03:48:04.956345586Z [34m2026-09-16 03:48:04.956 UTC 013c INFO[0m [Router4] [34;1mBroadcast[0m -> Received error from stream: rpc error: code = Canceled desc = context canceled, closing broadcastfrom client 172.29.0.1:56450
2026-09-16T03:48:04.956347269Z [34m2026-09-16 03:48:04.956 UTC 01b8 INFO[0m [Router3] [34;1mBroadcast[0m -> Received error from stream: rpc error: code = Canceled desc = context canceled, closing broadcastfrom client 172.29.0.1:37194
2026-09-16T03:48:04.956348520Z [34m2026-09-16 03:48:04.956 UTC 01b9 INFO[0m [Router3] [34;1mBroadcast[0m -> Received error from stream: rpc error: code = Canceled desc = context canceled, closing broadcastfrom client 172.29.0.1:37194
2026-09-16T03:48:04.956349630Z [34m2026-09-16 03:48:04.956 UTC 01ba INFO[0m [Router3] [34;1mBroadcast[0m -> Received error from stream: rpc error: code = Canceled desc = context canceled, closing broadcastfrom client 172.29.0.1:37194
2026-09-16T03:48:04.956350807Z [34m2026-09-16 03:48:04.956 UTC 013d INFO[0m [Router4] [34;1mBroadcast[0m -> Received error from stream: rpc error: code = Canceled desc = context canceled, closing broadcastfrom client 172.29.0.1:56450
2026-09-16T03:48:04.956351878Z [34m2026-09-16 03:48:04.956 UTC 013e INFO[0m [Router4] [34;1mBroadcast[0m -> Received error from stream: rpc error: code = Canceled desc = context canceled, closing broadcastfrom client 172.29.0.1:56450
2026-09-16T03:48:04.956353028Z [34m2026-09-16 03:48:04.956 UTC 0140 INFO[0m [Router4] [34;1mBroadcast[0m -> Received error from stream: rpc error: code = Canceled desc = context canceled, closing broadcastfrom client 172.29.0.1:56450
2026-09-16T03:48:04.956356190Z [34m2026-09-16 03:48:04.956 UTC 01bb INFO[0m [Router3] [34;1mBroadcast[0m -> Received error from stream: rpc error: code = Canceled desc = context canceled, closing broadcastfrom client 172.29.0.1:37194
2026-09-16T03:48:04.956357573Z [34m2026-09-16 03:48:04.956 UTC 0141 INFO[0m [Router4] [34;1mBroadcast[0m -> Received error from stream: rpc error: code = Canceled desc = context canceled, closing broadcastfrom client 172.29.0.1:56450
2026-09-16T03:48:04.956358914Z [34m2026-09-16 03:48:04.956 UTC 01bd INFO[0m [Router3] [34;1mBroadcast[0m -> Received error from stream: rpc error: code = Canceled desc = context canceled, closing broadcastfrom client 172.29.0.1:37194
2026-09-16T03:48:04.956360086Z [34m2026-09-16 03:48:04.956 UTC 0143 INFO[0m [Router4] [34;1mBroadcast[0m -> Received error from stream: rpc error: code = Canceled desc = context canceled, closing broadcastfrom client 172.29.0.1:56450
2026-09-16T03:48:04.956361698Z [34m2026-09-16 03:48:04.956 UTC 0142 INFO[0m [Router4] [34;1mBroadcast[0m -> Received error from stream: rpc error: code = Canceled desc = context canceled, closing broadcastfrom client 172.29.0.1:56450
2026-09-16T03:48:04.956362892Z [34m2026-09-16 03:48:04.956 UTC 01be INFO[0m [Router3] [34;1mBroadcast[0m -> Received error from stream: rpc error: code = Canceled desc = context canceled, closing broadcastfrom client 172.29.0.1:37194
2026-09-16T03:48:04.956364220Z [34m2026-09-16 03:48:04.956 UTC 01bf INFO[0m [Router3] [34;1mBroadcast[0m -> Received error from stream: rpc error: code = Canceled desc = context canceled, closing broadcastfrom client 172.29.0.1:37194
2026-09-16T03:48:04.956365448Z [34m2026-09-16 03:48:04.956 UTC 0144 INFO[0m [Router4] [34;1mBroadcast[0m -> Received error from stream: rpc error: code = Canceled desc = context canceled, closing broadcastfrom client 172.29.0.1:56450
2026-09-16T03:48:04.956366547Z [34m2026-09-16 03:48:04.956 UTC 0145 INFO[0m [Router4] [34;1mBroadcast[0m -> Received error from stream: rpc error: code = Canceled desc = context canceled, closing broadcastfrom client 172.29.0.1:56450
2026-09-16T03:48:04.956367698Z [34m2026-09-16 03:48:04.956 UTC 01c1 INFO[0m [Router3] [34;1mBroadcast[0m -> Received error from stream: rpc error: code = Canceled desc = context canceled, closing broadcastfrom client 172.29.0.1:37194
2026-09-16T03:48:04.956368823Z [34m2026-09-16 03:48:04.956 UTC 01c0 INFO[0m [Router3] [34;1mBroadcast[0m -> Received error from stream: rpc error: code = Canceled desc = context canceled, closing broadcastfrom client 172.29.0.1:37194
2026-09-16T03:48:04.956370092Z [34m2026-09-16 03:48:04.956 UTC 0146 INFO[0m [Router4] [34;1mBroadcast[0m -> Received error from stream: rpc error: code = Canceled desc = context canceled, closing broadcastfrom client 172.29.0.1:56450
2026-09-16T03:48:04.956371191Z [34m2026-09-16 03:48:04.956 UTC 0147 INFO[0m [Router4] [34;1mBroadcast[0m -> Received error from stream: rpc error: code = Canceled desc = context canceled, closing broadcastfrom client 172.29.0.1:56450
2026-09-16T03:48:04.956375809Z [34m2026-09-16 03:48:04.956 UTC 01c3 INFO[0m [Router3] [34;1mBroadcast[0m -> Received error from stream: rpc error: code = Canceled desc = context canceled, closing broadcastfrom client 172.29.0.1:37194
2026-09-16T03:48:04.956377185Z [34m2026-09-16 03:48:04.956 UTC 01c4 INFO[0m [Router3] [34;1mBroadcast[0m -> Received error from stream: rpc error: code = Canceled desc = context canceled, closing broadcastfrom client 172.29.0.1:37194
2026-09-16T03:48:04.956378316Z [34m2026-09-16 03:48:04.956 UTC 0148 INFO[0m [Router4] [34;1mBroadcast[0m -> Received error from stream: rpc error: code = Canceled desc = context canceled, closing broadcastfrom client 172.29.0.1:56450
2026-09-16T03:48:04.956379386Z [34m2026-09-16 03:48:04.956 UTC 01c5 INFO[0m [Router3] [34;1mBroadcast[0m -> Received error from stream: rpc error: code = Canceled desc = context canceled, closing broadcastfrom client 172.29.0.1:37194
2026-09-16T03:48:04.956380463Z [34m2026-09-16 03:48:04.956 UTC 014a INFO[0m [Router4] [34;1mBroadcast[0m -> Received error from stream: rpc error: code = Canceled desc = context canceled, closing broadcastfrom client 172.29.0.1:56450
2026-09-16T03:48:04.956381563Z [34m2026-09-16 03:48:04.956 UTC 01c6 INFO[0m [Router3] [34;1mBroadcast[0m -> Received error from stream: rpc error: code = Canceled desc = context canceled, closing broadcastfrom client 172.29.0.1:37194
2026-09-16T03:48:04.956382625Z [34m2026-09-16 03:48:04.956 UTC 014b INFO[0m [Router4] [34;1mBroadcast[0m -> Received error from stream: rpc error: code = Canceled desc = context canceled, closing broadcastfrom client 172.29.0.1:56450
2026-09-16T03:48:04.956383832Z [34m2026-09-16 03:48:04.956 UTC 01c8 INFO[0m [Router3] [34;1mBroadcast[0m -> Received error from stream: rpc error: code = Canceled desc = context canceled, closing broadcastfrom client 172.29.0.1:37194
2026-09-16T03:48:04.956384889Z [34m2026-09-16 03:48:04.956 UTC 013f INFO[0m [Router4] [34;1mBroadcast[0m -> Received error from stream: rpc error: code = Canceled desc = context canceled, closing broadcastfrom client 172.29.0.1:56450
2026-09-16T03:48:04.956386000Z [34m2026-09-16 03:48:04.956 UTC 014d INFO[0m [Router4] [34;1mBroadcast[0m -> Received error from stream: rpc error: code = Canceled desc = context canceled, closing broadcastfrom client 172.29.0.1:56450
2026-09-16T03:48:04.956387128Z [34m2026-09-16 03:48:04.956 UTC 01c9 INFO[0m [Router3] [34;1mBroadcast[0m -> Received error from stream: rpc error: code = Canceled desc = context canceled, closing broadcastfrom client 172.29.0.1:37194
2026-09-16T03:48:04.956389009Z [34m2026-09-16 03:48:04.956 UTC 01ca INFO[0m [Router3] [34;1mBroadcast[0m -> Received error from stream: rpc error: code = Canceled desc = context canceled, closing broadcastfrom client 172.29.0.1:37194
2026-09-16T03:48:04.956390186Z [34m2026-09-16 03:48:04.956 UTC 014c INFO[0m [Router4] [34;1mBroadcast[0m -> Received error from stream: rpc error: code = Canceled desc = context canceled, closing broadcastfrom client 172.29.0.1:56450
2026-09-16T03:48:04.956391300Z [34m2026-09-16 03:48:04.956 UTC 01cb INFO[0m [Router3] [34;1mBroadcast[0m -> Received error from stream: rpc error: code = Canceled desc = context canceled, closing broadcastfrom client 172.29.0.1:37194
2026-09-16T03:48:04.956394226Z [34m2026-09-16 03:48:04.956 UTC 014f INFO[0m [Router4] [34;1mBroadcast[0m -> Received error from stream: rpc error: code = Canceled desc = context canceled, closing broadcastfrom client 172.29.0.1:56450
2026-09-16T03:48:04.956395413Z [34m2026-09-16 03:48:04.956 UTC 01cc INFO[0m [Router3] [34;1mBroadcast[0m -> Received error from stream: rpc error: code = Canceled desc = context canceled, closing broadcastfrom client 172.29.0.1:37194
2026-09-16T03:48:04.956396500Z [34m2026-09-16 03:48:04.956 UTC 01cd INFO[0m [Router3] [34;1mBroadcast[0m -> Received error from stream: rpc error: code = Canceled desc = context canceled, closing broadcastfrom client 172.29.0.1:37194
2026-09-16T03:48:04.956397618Z [34m2026-09-16 03:48:04.956 UTC 01ce INFO[0m [Router3] [34;1mBroadcast[0m -> Received error from stream: rpc error: code = Canceled desc = context canceled, closing broadcastfrom client 172.29.0.1:37194
2026-09-16T03:48:04.956398669Z [34m2026-09-16 03:48:04.956 UTC 0150 INFO[0m [Router4] [34;1mBroadcast[0m -> Received error from stream: rpc error: code = Canceled desc = context canceled, closing broadcastfrom client 172.29.0.1:56450
2026-09-16T03:48:04.956399692Z [34m2026-09-16 03:48:04.956 UTC 01cf INFO[0m [Router3] [34;1mBroadcast[0m -> Received error from stream: rpc error: code = Canceled desc = context canceled, closing broadcastfrom client 172.29.0.1:37194
2026-09-16T03:48:04.956400778Z [34m2026-09-16 03:48:04.956 UTC 0151 INFO[0m [Router4] [34;1mBroadcast[0m -> Received error from stream: rpc error: code = Canceled desc = context canceled, closing broadcastfrom client 172.29.0.1:56450
2026-09-16T03:48:04.956402122Z [34m2026-09-16 03:48:04.956 UTC 01d0 INFO[0m [Router3] [34;1mBroadcast[0m -> Received error from stream: rpc error: code = Canceled desc = context canceled, closing broadcastfrom client 172.29.0.1:37194
2026-09-16T03:48:04.956403200Z [34m2026-09-16 03:48:04.956 UTC 01d1 INFO[0m [Router3] [34;1mBroadcast[0m -> Received error from stream: rpc error: code = Canceled desc = context canceled, closing broadcastfrom client 172.29.0.1:37194
2026-09-16T03:48:04.956404363Z [34m2026-09-16 03:48:04.956 UTC 0152 INFO[0m [Router4] [34;1mBroadcast[0m -> Received error from stream: rpc error: code = Canceled desc = context canceled, closing broadcastfrom client 172.29.0.1:56450
2026-09-16T03:48:04.956405398Z [34m2026-09-16 03:48:04.956 UTC 01d2 INFO[0m [Router3] [34;1mBroadcast[0m -> Received error from stream: rpc error: code = Canceled desc = context canceled, closing broadcastfrom client 172.29.0.1:37194
2026-09-16T03:48:04.956406461Z [34m2026-09-16 03:48:04.956 UTC 01d3 INFO[0m [Router3] [34;1mBroadcast[0m -> Received error from stream: rpc error: code = Canceled desc = context canceled, closing broadcastfrom client 172.29.0.1:37194
2026-09-16T03:48:04.956407541Z [34m2026-09-16 03:48:04.956 UTC 0153 INFO[0m [Router4] [34;1mBroadcast[0m -> Received error from stream: rpc error: code = Canceled desc = context canceled, closing broadcastfrom client 172.29.0.1:56450
2026-09-16T03:48:04.956408598Z [34m2026-09-16 03:48:04.956 UTC 01d4 INFO[0m [Router3] [34;1mBroadcast[0m -> Received error from stream: rpc error: code = Canceled desc = context canceled, closing broadcastfrom client 172.29.0.1:37194
2026-09-16T03:48:04.956411321Z [34m2026-09-16 03:48:04.956 UTC 01d5 INFO[0m [Router3] [34;1mBroadcast[0m -> Received error from stream: rpc error: code = Canceled desc = context canceled, closing broadcastfrom client 172.29.0.1:37194
2026-09-16T03:48:04.956412463Z [34m2026-09-16 03:48:04.956 UTC 0155 INFO[0m [Router4] [34;1mBroadcast[0m -> Received error from stream: rpc error: code = Canceled desc = context canceled, closing broadcastfrom client 172.29.0.1:56450
2026-09-16T03:48:04.956413539Z [34m2026-09-16 03:48:04.956 UTC 01d7 INFO[0m [Router3] [34;1mBroadcast[0m -> Received error from stream: rpc error: code = Canceled desc = context canceled, closing broadcastfrom client 172.29.0.1:37194
2026-09-16T03:48:04.956418438Z [34m2026-09-16 03:48:04.956 UTC 01d8 INFO[0m [Router3] [34;1mBroadcast[0m -> Received error from stream: rpc error: code = Canceled desc = context canceled, closing broadcastfrom client 172.29.0.1:37194
2026-09-16T03:48:04.956419597Z [34m2026-09-16 03:48:04.956 UTC 0156 INFO[0m [Router4] [34;1mBroadcast[0m -> Received error from stream: rpc error: code = Canceled desc = context canceled, closing broadcastfrom client 172.29.0.1:56450
2026-09-16T03:48:04.956420663Z [34m2026-09-16 03:48:04.956 UTC 0157 INFO[0m [Router4] [34;1mBroadcast[0m -> Received error from stream: rpc error: code = Canceled desc = context canceled, closing broadcastfrom client 172.29.0.1:56450
2026-09-16T03:48:04.956421724Z [34m2026-09-16 03:48:04.956 UTC 01d9 INFO[0m [Router3] [34;1mBroadcast[0m -> Received error from stream: rpc error: code = Canceled desc = context canceled, closing broadcastfrom client 172.29.0.1:37194
2026-09-16T03:48:04.956422828Z [34m2026-09-16 03:48:04.956 UTC 01da INFO[0m [Router3] [34;1mBroadcast[0m -> Received error from stream: rpc error: code = Canceled desc = context canceled, closing broadcastfrom client 172.29.0.1:37194
2026-09-16T03:48:04.956423939Z [34m2026-09-16 03:48:04.956 UTC 0158 INFO[0m [Router4] [34;1mBroadcast[0m -> Received error from stream: rpc error: code = Canceled desc = context canceled, closing broadcastfrom client 172.29.0.1:56450
2026-09-16T03:48:04.956425020Z [34m2026-09-16 03:48:04.956 UTC 0159 INFO[0m [Router4] [34;1mBroadcast[0m -> Received error from stream: rpc error: code = Canceled desc = context canceled, closing broadcastfrom client 172.29.0.1:56450
2026-09-16T03:48:04.956426125Z [34m2026-09-16 03:48:04.956 UTC 01dd INFO[0m [Router3] [34;1mBroadcast[0m -> Received error from stream: rpc error: code = Canceled desc = context canceled, closing broadcastfrom client 172.29.0.1:37194
2026-09-16T03:48:04.956427293Z [34m2026-09-16 03:48:04.956 UTC 015a INFO[0m [Router4] [34;1mBroadcast[0m -> Received error from stream: rpc error: code = Canceled desc = context canceled, closing broadcastfrom client 172.29.0.1:56450
2026-09-16T03:48:04.956428381Z [34m2026-09-16 03:48:04.956 UTC 01df INFO[0m [Router3] [34;1mBroadcast[0m -> Received error from stream: rpc error: code = Canceled desc = context canceled, closing broadcastfrom client 172.29.0.1:37194
2026-09-16T03:48:04.956434167Z [34m2026-09-16 03:48:04.956 UTC 015b INFO[0m [Router4] [34;1mBroadcast[0m -> Received error from stream: rpc error: code = Canceled desc = context canceled, closing broadcastfrom client 172.29.0.1:56450
2026-09-16T03:48:04.956435576Z [34m2026-09-16 03:48:04.956 UTC 01e0 INFO[0m [Router3] [34;1mBroadcast[0m -> Received error from stream: rpc error: code = Canceled desc = context canceled, closing broadcastfrom client 172.29.0.1:37194
2026-09-16T03:48:04.956436828Z [34m2026-09-16 03:48:04.956 UTC 01e2 INFO[0m [Router3] [34;1mBroadcast[0m -> Received error from stream: rpc error: code = Canceled desc = context canceled, closing broadcastfrom client 172.29.0.1:37194
2026-09-16T03:48:04.956437980Z [34m2026-09-16 03:48:04.956 UTC 01e3 INFO[0m [Router3] [34;1mBroadcast[0m -> Received error from stream: rpc error: code = Canceled desc = context canceled, closing broadcastfrom client 172.29.0.1:37194
2026-09-16T03:48:04.956439091Z [34m2026-09-16 03:48:04.956 UTC 015d INFO[0m [Router4] [34;1mBroadcast[0m -> Received error from stream: rpc error: code = Canceled desc = context canceled, closing broadcastfrom client 172.29.0.1:56450
2026-09-16T03:48:04.956440135Z [34m2026-09-16 03:48:04.956 UTC 015e INFO[0m [Router4] [34;1mBroadcast[0m -> Received error from stream: rpc error: code = Canceled desc = context canceled, closing broadcastfrom client 172.29.0.1:56450
2026-09-16T03:48:04.956441250Z [34m2026-09-16 03:48:04.955 UTC 015a INFO[0m [Router3] [34;1mBroadcast[0m -> Received error from stream: rpc error: code = Canceled desc = context canceled, closing broadcastfrom client 172.29.0.1:37194
2026-09-16T03:48:04.956442493Z [34m2026-09-16 03:48:04.956 UTC 01ac INFO[0m [Router3] [34;1mBroadcast[0m -> Received error from stream: rpc error: code = Canceled desc = context canceled, closing broadcastfrom client 172.29.0.1:37194
2026-09-16T03:48:04.956443590Z [34m2026-09-16 03:48:04.956 UTC 015f INFO[0m [Router4] [34;1mBroadcast[0m -> Received error from stream: rpc error: code = Canceled desc = context canceled, closing broadcastfrom client 172.29.0.1:56450
2026-09-16T03:48:04.956444749Z [34m2026-09-16 03:48:04.956 UTC 01e6 INFO[0m [Router3] [34;1mBroadcast[0m -> Received error from stream: rpc error: code = Canceled desc = context canceled, closing broadcastfrom client 172.29.0.1:37194
2026-09-16T03:48:04.956446120Z [34m2026-09-16 03:48:04.955 UTC 01a0 INFO[0m [Router3] [34;1mBroadcast[0m -> Received error from stream: rpc error: code = Canceled desc = context canceled, closing broadcastfrom client 172.29.0.1:37194
2026-09-16T03:48:04.956447186Z [34m2026-09-16 03:48:04.956 UTC 01e7 INFO[0m [Router3] [34;1mBroadcast[0m -> Received error from stream: rpc error: code = Canceled desc = context canceled, closing broadcastfrom client 172.29.0.1:37194
2026-09-16T03:48:04.956448230Z [34m2026-09-16 03:48:04.956 UTC 0160 INFO[0m [Router4] [34;1mBroadcast[0m -> Received error from stream: rpc error: code = Canceled desc = context canceled, closing broadcastfrom client 172.29.0.1:56450
2026-09-16T03:48:04.956449376Z [34m2026-09-16 03:48:04.955 UTC 01a2 INFO[0m [Router3] [34;1mBroadcast[0m -> Received error from stream: rpc error: code = Canceled desc = context canceled, closing broadcastfrom client 172.29.0.1:37194
2026-09-16T03:48:04.956452519Z [34m2026-09-16 03:48:04.955 UTC 01a3 INFO[0m [Router3] [34;1mBroadcast[0m -> Received error from stream: rpc error: code = Canceled desc = context canceled, closing broadcastfrom client 172.29.0.1:37194
2026-09-16T03:48:04.956453702Z [34m2026-09-16 03:48:04.956 UTC 0162 INFO[0m [Router4] [34;1mBroadcast[0m -> Received error from stream: rpc error: code = Canceled desc = context canceled, closing broadcastfrom client 172.29.0.1:56450
2026-09-16T03:48:04.956454789Z [34m2026-09-16 03:48:04.956 UTC 01b5 INFO[0m [Router3] [34;1mBroadcast[0m -> Received error from stream: rpc error: code = Canceled desc = context canceled, closing broadcastfrom client 172.29.0.1:37194
2026-09-16T03:48:04.956455906Z [34m2026-09-16 03:48:04.956 UTC 01e8 INFO[0m [Router3] [34;1mBroadcast[0m -> Received error from stream: rpc error: code = Canceled desc = context canceled, closing broadcastfrom client 172.29.0.1:37194
2026-09-16T03:48:04.956457002Z [34m2026-09-16 03:48:04.955 UTC 01a4 INFO[0m [Router3] [34;1mBroadcast[0m -> Received error from stream: rpc error: code = Canceled desc = context canceled, closing broadcastfrom client 172.29.0.1:37194
2026-09-16T03:48:04.956458249Z [34m2026-09-16 03:48:04.956 UTC 01e9 INFO[0m [Router3] [34;1mBroadcast[0m -> Received error from stream: rpc error: code = Canceled desc = context canceled, closing broadcastfrom client 172.29.0.1:37194
2026-09-16T03:48:04.956459446Z [34m2026-09-16 03:48:04.955 UTC 01a6 INFO[0m [Router3] [34;1mBroadcast[0m -> Received error from stream: rpc error: code = Canceled desc = context canceled, closing broadcastfrom client 172.29.0.1:37194
2026-09-16T03:48:04.956460516Z [34m2026-09-16 03:48:04.956 UTC 0163 INFO[0m [Router4] [34;1mBroadcast[0m -> Received error from stream: rpc error: code = Canceled desc = context canceled, closing broadcastfrom client 172.29.0.1:56450
2026-09-16T03:48:04.956461622Z [34m2026-09-16 03:48:04.956 UTC 0164 INFO[0m [Router4] [34;1mBroadcast[0m -> Received error from stream: rpc error: code = Canceled desc = context canceled, closing broadcastfrom client 172.29.0.1:56450
2026-09-16T03:48:04.956462666Z [34m2026-09-16 03:48:04.956 UTC 01dc INFO[0m [Router3] [34;1mBroadcast[0m -> Received error from stream: rpc error: code = Canceled desc = context canceled, closing broadcastfrom client 172.29.0.1:37194
2026-09-16T03:48:04.956463731Z [34m2026-09-16 03:48:04.956 UTC 01e4 INFO[0m [Router3] [34;1mBroadcast[0m -> Received error from stream: rpc error: code = Canceled desc = context canceled, closing broadcastfrom client 172.29.0.1:37194
2026-09-16T03:48:04.956464827Z [34m2026-09-16 03:48:04.956 UTC 01eb INFO[0m [Router3] [34;1mBroadcast[0m -> Received error from stream: rpc error: code = Canceled desc = context canceled, closing broadcastfrom client 172.29.0.1:37194
2026-09-16T03:48:04.956465878Z [34m2026-09-16 03:48:04.956 UTC 01e5 INFO[0m [Router3] [34;1mBroadcast[0m -> Received error from stream: rpc error: code = Canceled desc = context canceled, closing broadcastfrom client 172.29.0.1:37194
2026-09-16T03:48:04.956468775Z [34m2026-09-16 03:48:04.956 UTC 0165 INFO[0m [Router4] [34;1mBroadcast[0m -> Received error from stream: rpc error: code = Canceled desc = context canceled, closing broadcastfrom client 172.29.0.1:56450
2026-09-16T03:48:04.956469892Z [34m2026-09-16 03:48:04.956 UTC 01ec INFO[0m [Router3] [34;1mBroadcast[0m -> Received error from stream: rpc error: code = Canceled desc = context canceled, closing broadcastfrom client 172.29.0.1:37194
2026-09-16T03:48:04.956471014Z [34m2026-09-16 03:48:04.956 UTC 0166 INFO[0m [Router4] [34;1mBroadcast[0m -> Received error from stream: rpc error: code = Canceled desc = context canceled, closing broadcastfrom client 172.29.0.1:56450
2026-09-16T03:48:04.956471936Z [34m2026-09-16 03:48:04.956 UTC 01ea INFO[0m [Router3] [34;1mBroadcast[0m -> Received error from stream: rpc error: code = Canceled desc = context canceled, closing broadcastfrom client 172.29.0.1:37194
2026-09-16T03:48:04.956472952Z [34m2026-09-16 03:48:04.956 UTC 0167 INFO[0m [Router4] [34;1mBroadcast[0m -> Received error from stream: rpc error: code = Canceled desc = context canceled, closing broadcastfrom client 172.29.0.1:56450
2026-09-16T03:48:04.956473844Z [34m2026-09-16 03:48:04.956 UTC 0168 INFO[0m [Router4] [34;1mBroadcast[0m -> Received error from stream: rpc error: code = Canceled desc = context canceled, closing broadcastfrom client 172.29.0.1:56450
2026-09-16T03:48:04.956474755Z [34m2026-09-16 03:48:04.956 UTC 01ed INFO[0m [Router3] [34;1mBroadcast[0m -> Received error from stream: rpc error: code = Canceled desc = context canceled, closing broadcastfrom client 172.29.0.1:37194
2026-09-16T03:48:04.956475779Z [34m2026-09-16 03:48:04.956 UTC 0169 INFO[0m [Router4] [34;1mBroadcast[0m -> Received error from stream: rpc error: code = Canceled desc = context canceled, closing broadcastfrom client 172.29.0.1:56450
2026-09-16T03:48:04.956476667Z [34m2026-09-16 03:48:04.956 UTC 01ee INFO[0m [Router3] [34;1mBroadcast[0m -> Received error from stream: rpc error: code = Canceled desc = context canceled, closing broadcastfrom client 172.29.0.1:37194
2026-09-16T03:48:04.956477579Z [34m2026-09-16 03:48:04.956 UTC 016a INFO[0m [Router4] [34;1mBroadcast[0m -> Received error from stream: rpc error: code = Canceled desc = context canceled, closing broadcastfrom client 172.29.0.1:56450
2026-09-16T03:48:04.956478519Z [34m2026-09-16 03:48:04.956 UTC 01ef INFO[0m [Router3] [34;1mBroadcast[0m -> Received error from stream: rpc error: code = Canceled desc = context canceled, closing broadcastfrom client 172.29.0.1:37194
2026-09-16T03:48:04.956479425Z [34m2026-09-16 03:48:04.956 UTC 016b INFO[0m [Router4] [34;1mBroadcast[0m -> Received error from stream: rpc error: code = Canceled desc = context canceled, closing broadcastfrom client 172.29.0.1:56450
2026-09-16T03:48:04.956480620Z [34m2026-09-16 03:48:04.956 UTC 01f0 INFO[0m [Router3] [34;1mBroadcast[0m -> Received error from stream: rpc error: code = Canceled desc = context canceled, closing broadcastfrom client 172.29.0.1:37194
2026-09-16T03:48:04.956481537Z [34m2026-09-16 03:48:04.956 UTC 016c INFO[0m [Router4] [34;1mBroadcast[0m -> Received error from stream: rpc error: code = Canceled desc = context canceled, closing broadcastfrom client 172.29.0.1:56450
2026-09-16T03:48:04.956484093Z [34m2026-09-16 03:48:04.956 UTC 01f1 INFO[0m [Router3] [34;1mBroadcast[0m -> Received error from stream: rpc error: code = Canceled desc = context canceled, closing broadcastfrom client 172.29.0.1:37194
2026-09-16T03:48:04.956485102Z [34m2026-09-16 03:48:04.956 UTC 016d INFO[0m [Router4] [34;1mBroadcast[0m -> Received error from stream: rpc error: code = Canceled desc = context canceled, closing broadcastfrom client 172.29.0.1:56450
2026-09-16T03:48:04.956486048Z [34m2026-09-16 03:48:04.956 UTC 01f2 INFO[0m [Router3] [34;1mBroadcast[0m -> Received error from stream: rpc error: code = Canceled desc = context canceled, closing broadcastfrom client 172.29.0.1:37194
2026-09-16T03:48:04.956486935Z [34m2026-09-16 03:48:04.956 UTC 016e INFO[0m [Router4] [34;1mBroadcast[0m -> Received error from stream: rpc error: code = Canceled desc = context canceled, closing broadcastfrom client 172.29.0.1:56450
2026-09-16T03:48:04.956487892Z [34m2026-09-16 03:48:04.956 UTC 01f3 INFO[0m [Router3] [34;1mBroadcast[0m -> Received error from stream: rpc error: code = Canceled desc = context canceled, closing broadcastfrom client 172.29.0.1:37194
2026-09-16T03:48:04.956488912Z [34m2026-09-16 03:48:04.956 UTC 016f INFO[0m [Router4] [34;1mBroadcast[0m -> Received error from stream: rpc error: code = Canceled desc = context canceled, closing broadcastfrom client 172.29.0.1:56450
2026-09-16T03:48:04.956489939Z [34m2026-09-16 03:48:04.956 UTC 01f4 INFO[0m [Router3] [34;1mBroadcast[0m -> Received error from stream: rpc error: code = Canceled desc = context canceled, closing broadcastfrom client 172.29.0.1:37194
2026-09-16T03:48:04.956491034Z [34m2026-09-16 03:48:04.956 UTC 01f5 INFO[0m [Router3] [34;1mBroadcast[0m -> Received error from stream: rpc error: code = Canceled desc = context canceled, closing broadcastfrom client 172.29.0.1:37194
2026-09-16T03:48:04.956492261Z [34m2026-09-16 03:48:04.956 UTC 0170 INFO[0m [Router4] [34;1mBroadcast[0m -> Received error from stream: rpc error: code = Canceled desc = context canceled, closing broadcastfrom client 172.29.0.1:56450
2026-09-16T03:48:04.956493339Z [34m2026-09-16 03:48:04.956 UTC 01f7 INFO[0m [Router3] [34;1mBroadcast[0m -> Received error from stream: rpc error: code = Canceled desc = context canceled, closing broadcastfrom client 172.29.0.1:37194
2026-09-16T03:48:04.956494380Z [34m2026-09-16 03:48:04.956 UTC 01f8 INFO[0m [Router3] [34;1mBroadcast[0m -> Received error from stream: rpc error: code = Canceled desc = context canceled, closing broadcastfrom client 172.29.0.1:37194
2026-09-16T03:48:04.956495449Z [34m2026-09-16 03:48:04.956 UTC 0172 INFO[0m [Router4] [34;1mBroadcast[0m -> Received error from stream: rpc error: code = Canceled desc = context canceled, closing broadcastfrom client 172.29.0.1:56450
2026-09-16T03:48:04.956496568Z [34m2026-09-16 03:48:04.956 UTC 01f9 INFO[0m [Router3] [34;1mBroadcast[0m -> Received error from stream: rpc error: code = Canceled desc = context canceled, closing broadcastfrom client 172.29.0.1:37194
2026-09-16T03:48:04.956502876Z [34m2026-09-16 03:48:04.956 UTC 0173 INFO[0m [Router4] [34;1mBroadcast[0m -> Received error from stream: rpc error: code = Canceled desc = context canceled, closing broadcastfrom client 172.29.0.1:56450
2026-09-16T03:48:04.956504792Z [34m2026-09-16 03:48:04.956 UTC 01fa INFO[0m [Router3] [34;1mBroadcast[0m -> Received error from stream: rpc error: code = Canceled desc = context canceled, closing broadcastfrom client 172.29.0.1:37194
2026-09-16T03:48:04.956505781Z [34m2026-09-16 03:48:04.956 UTC 0174 INFO[0m [Router4] [34;1mBroadcast[0m -> Received error from stream: rpc error: code = Canceled desc = context canceled, closing broadcastfrom client 172.29.0.1:56450
2026-09-16T03:48:04.956506711Z [34m2026-09-16 03:48:04.956 UTC 0177 INFO[0m [Router4] [34;1mBroadcast[0m -> Received error from stream: rpc error: code = Canceled desc = context canceled, closing broadcastfrom client 172.29.0.1:56450
2026-09-16T03:48:04.956510597Z [34m2026-09-16 03:48:04.956 UTC 0203 INFO[0m [Router3] [34;1mBroadcast[0m -> Received error from stream: rpc error: code = Canceled desc = context canceled, closing broadcastfrom client 172.29.0.1:37194
2026-09-16T03:48:04.956511895Z [34m2026-09-16 03:48:04.956 UTC 0204 INFO[0m [Router3] [34;1mBroadcast[0m -> Received error from stream: rpc error: code = Canceled desc = context canceled, closing broadcastfrom client 172.29.0.1:37194
2026-09-16T03:48:04.956512808Z [34m2026-09-16 03:48:04.956 UTC 0178 INFO[0m [Router4] [34;1mBroadcast[0m -> Received error from stream: rpc error: code = Canceled desc = context canceled, closing broadcastfrom client 172.29.0.1:56450
2026-09-16T03:48:04.956513715Z [34m2026-09-16 03:48:04.956 UTC 017a INFO[0m [Router4] [34;1mBroadcast[0m -> Received error from stream: rpc error: code = Canceled desc = context canceled, closing broadcastfrom client 172.29.0.1:56450
2026-09-16T03:48:04.956514631Z [34m2026-09-16 03:48:04.956 UTC 0208 INFO[0m [Router3] [34;1mBroadcast[0m -> Received error from stream: rpc error: code = Canceled desc = context canceled, closing broadcastfrom client 172.29.0.1:37194
2026-09-16T03:48:04.956515703Z [34m2026-09-16 03:48:04.956 UTC 0207 INFO[0m [Router3] [34;1mBroadcast[0m -> Received error from stream: rpc error: code = Canceled desc = context canceled, closing broadcastfrom client 172.29.0.1:37194
2026-09-16T03:48:04.956516651Z [34m2026-09-16 03:48:04.955 UTC 01a1 INFO[0m [Router3] [34;1mBroadcast[0m -> Received error from stream: rpc error: code = Canceled desc = context canceled, closing broadcastfrom client 172.29.0.1:37194
2026-09-16T03:48:04.956517531Z [34m2026-09-16 03:48:04.956 UTC 017b INFO[0m [Router4] [34;1mBroadcast[0m -> Received error from stream: rpc error: code = Canceled desc = context canceled, closing broadcastfrom client 172.29.0.1:56450
2026-09-16T03:48:04.956518603Z [34m2026-09-16 03:48:04.956 UTC 0209 INFO[0m [Router3] [34;1mBroadcast[0m -> Received error from stream: rpc error: code = Canceled desc = context canceled, closing broadcastfrom client 172.29.0.1:37194
2026-09-16T03:48:04.956519538Z [34m2026-09-16 03:48:04.956 UTC 017c INFO[0m [Router4] [34;1mBroadcast[0m -> Received error from stream: rpc error: code = Canceled desc = context canceled, closing broadcastfrom client 172.29.0.1:56450
2026-09-16T03:48:04.956522548Z [34m2026-09-16 03:48:04.956 UTC 01bc INFO[0m [Router3] [34;1mBroadcast[0m -> Received error from stream: rpc error: code = Canceled desc = context canceled, closing broadcastfrom client 172.29.0.1:37194
2026-09-16T03:48:04.956523711Z [34m2026-09-16 03:48:04.956 UTC 01e1 INFO[0m [Router3] [34;1mBroadcast[0m -> Received error from stream: rpc error: code = Canceled desc = context canceled, closing broadcastfrom client 172.29.0.1:37194
2026-09-16T03:48:04.956524681Z [34m2026-09-16 03:48:04.956 UTC 01db INFO[0m [Router3] [34;1mBroadcast[0m -> Received error from stream: rpc error: code = Canceled desc = context canceled, closing broadcastfrom client 172.29.0.1:37194
2026-09-16T03:48:04.956525625Z [34m2026-09-16 03:48:04.956 UTC 017d INFO[0m [Router4] [34;1mBroadcast[0m -> Received error from stream: rpc error: code = Canceled desc = context canceled, closing broadcastfrom client 172.29.0.1:56450
2026-09-16T03:48:04.956526723Z [34m2026-09-16 03:48:04.955 UTC 019b INFO[0m [Router3] [34;1mBroadcast[0m -> Received error from stream: rpc error: code = Canceled desc = context canceled, closing broadcastfrom client 172.29.0.1:37194
2026-09-16T03:48:04.956527607Z [34m2026-09-16 03:48:04.956 UTC 01c7 INFO[0m [Router3] [34;1mBroadcast[0m -> Received error from stream: rpc error: code = Canceled desc = context canceled, closing broadcastfrom client 172.29.0.1:37194
2026-09-16T03:48:04.956528531Z [34m2026-09-16 03:48:04.956 UTC 020a INFO[0m [Router3] [34;1mBroadcast[0m -> Received error from stream: rpc error: code = Canceled desc = context canceled, closing broadcastfrom client 172.29.0.1:37194
2026-09-16T03:48:04.956529454Z [34m2026-09-16 03:48:04.956 UTC 017e INFO[0m [Router4] [34;1mBroadcast[0m -> Received error from stream: rpc error: code = Canceled desc = context canceled, closing broadcastfrom client 172.29.0.1:56450
2026-09-16T03:48:04.956530406Z [34m2026-09-16 03:48:04.956 UTC 017f INFO[0m [Router4] [34;1mBroadcast[0m -> Received error from stream: rpc error: code = Canceled desc = context canceled, closing broadcastfrom client 172.29.0.1:56450
2026-09-16T03:48:04.956531318Z [34m2026-09-16 03:48:04.955 UTC 01a5 INFO[0m [Router3] [34;1mBroadcast[0m -> Received error from stream: rpc error: code = Canceled desc = context canceled, closing broadcastfrom client 172.29.0.1:37194
2026-09-16T03:48:04.956532481Z [34m2026-09-16 03:48:04.956 UTC 020b INFO[0m [Router3] [34;1mBroadcast[0m -> Received error from stream: rpc error: code = Canceled desc = context canceled, closing broadcastfrom client 172.29.0.1:37194
2026-09-16T03:48:04.956533909Z [34m2026-09-16 03:48:04.956 UTC 0180 INFO[0m [Router4] [34;1mBroadcast[0m -> Received error from stream: rpc error: code = Canceled desc = context canceled, closing broadcastfrom client 172.29.0.1:56450
2026-09-16T03:48:04.956535051Z [34m2026-09-16 03:48:04.956 UTC 01f6 INFO[0m [Router3] [34;1mBroadcast[0m -> Received error from stream: rpc error: code = Canceled desc = context canceled, closing broadcastfrom client 172.29.0.1:37194
2026-09-16T03:48:04.956536212Z [34m2026-09-16 03:48:04.956 UTC 020d INFO[0m [Router3] [34;1mBroadcast[0m -> Received error from stream: rpc error: code = Canceled desc = context canceled, closing broadcastfrom client 172.29.0.1:37194
2026-09-16T03:48:04.956539185Z [34m2026-09-16 03:48:04.956 UTC 0181 INFO[0m [Router4] [34;1mBroadcast[0m -> Received error from stream: rpc error: code = Canceled desc = context canceled, closing broadcastfrom client 172.29.0.1:56450
2026-09-16T03:48:04.956540411Z [34m2026-09-16 03:48:04.956 UTC 01fb INFO[0m [Router3] [34;1mBroadcast[0m -> Received error from stream: rpc error: code = Canceled desc = context canceled, closing broadcastfrom client 172.29.0.1:37194
2026-09-16T03:48:04.956541487Z [34m2026-09-16 03:48:04.956 UTC 0182 INFO[0m [Router4] [34;1mBroadcast[0m -> Received error from stream: rpc error: code = Canceled desc = context canceled, closing broadcastfrom client 172.29.0.1:56450
2026-09-16T03:48:04.956542682Z [34m2026-09-16 03:48:04.956 UTC 020e INFO[0m [Router3] [34;1mBroadcast[0m -> Received error from stream: rpc error: code = Canceled desc = context canceled, closing broadcastfrom client 172.29.0.1:37194
2026-09-16T03:48:04.956543712Z [34m2026-09-16 03:48:04.955 UTC 019f INFO[0m [Router3] [34;1mBroadcast[0m -> Received error from stream: rpc error: code = Canceled desc = context canceled, closing broadcastfrom client 172.29.0.1:37194
2026-09-16T03:48:04.956544746Z [34m2026-09-16 03:48:04.956 UTC 0183 INFO[0m [Router4] [34;1mBroadcast[0m -> Received error from stream: rpc error: code = Canceled desc = context canceled, closing broadcastfrom client 172.29.0.1:56450
2026-09-16T03:48:04.956545772Z [34m2026-09-16 03:48:04.956 UTC 020f INFO[0m [Router3] [34;1mBroadcast[0m -> Received error from stream: rpc error: code = Canceled desc = context canceled, closing broadcastfrom client 172.29.0.1:37194
2026-09-16T03:48:04.956546992Z [34m2026-09-16 03:48:04.956 UTC 01d6 INFO[0m [Router3] [34;1mBroadcast[0m -> Received error from stream: rpc error: code = Canceled desc = context canceled, closing broadcastfrom client 172.29.0.1:37194
2026-09-16T03:48:04.956548069Z [34m2026-09-16 03:48:04.956 UTC 0184 INFO[0m [Router4] [34;1mBroadcast[0m -> Received error from stream: rpc error: code = Canceled desc = context canceled, closing broadcastfrom client 172.29.0.1:56450
2026-09-16T03:48:04.956549086Z [34m2026-09-16 03:48:04.956 UTC 0210 INFO[0m [Router3] [34;1mBroadcast[0m -> Received error from stream: rpc error: code = Canceled desc = context canceled, closing broadcastfrom client 172.29.0.1:37194
2026-09-16T03:48:04.956550188Z [34m2026-09-16 03:48:04.956 UTC 0211 INFO[0m [Router3] [34;1mBroadcast[0m -> Received error from stream: rpc error: code = Canceled desc = context canceled, closing broadcastfrom client 172.29.0.1:37194
2026-09-16T03:48:04.956551300Z [34m2026-09-16 03:48:04.956 UTC 0185 INFO[0m [Router4] [34;1mBroadcast[0m -> Received error from stream: rpc error: code = Canceled desc = context canceled, closing broadcastfrom client 172.29.0.1:56450
2026-09-16T03:48:04.956552422Z [34m2026-09-16 03:48:04.956 UTC 01fc INFO[0m [Router3] [34;1mBroadcast[0m -> Received error from stream: rpc error: code = Canceled desc = context canceled, closing broadcastfrom client 172.29.0.1:37194
2026-09-16T03:48:04.956555366Z [34m2026-09-16 03:48:04.956 UTC 0186 INFO[0m [Router4] [34;1mBroadcast[0m -> Received error from stream: rpc error: code = Canceled desc = context canceled, closing broadcastfrom client 172.29.0.1:56450
2026-09-16T03:48:04.956556764Z [34m2026-09-16 03:48:04.956 UTC 0212 INFO[0m [Router3] [34;1mBroadcast[0m -> Received error from stream: rpc error: code = Canceled desc = context canceled, closing broadcastfrom client 172.29.0.1:37194
2026-09-16T03:48:04.956557874Z [34m2026-09-16 03:48:04.956 UTC 01fd INFO[0m [Router3] [34;1mBroadcast[0m -> Received error from stream: rpc error: code = Canceled desc = context canceled, closing broadcastfrom client 172.29.0.1:37194
2026-09-16T03:48:04.956559001Z [34m2026-09-16 03:48:04.956 UTC 0187 INFO[0m [Router4] [34;1mBroadcast[0m -> Received error from stream: rpc error: code = Canceled desc = context canceled, closing broadcastfrom client 172.29.0.1:56450
2026-09-16T03:48:04.956560266Z [34m2026-09-16 03:48:04.956 UTC 0214 INFO[0m [Router3] [34;1mBroadcast[0m -> Received error from stream: rpc error: code = Canceled desc = context canceled, closing broadcastfrom client 172.29.0.1:37194
2026-09-16T03:48:04.956561360Z [34m2026-09-16 03:48:04.956 UTC 0188 INFO[0m [Router4] [34;1mBroadcast[0m -> Received error from stream: rpc error: code = Canceled desc = context canceled, closing broadcastfrom client 172.29.0.1:56450
2026-09-16T03:48:04.956562481Z [34m2026-09-16 03:48:04.956 UTC 0215 INFO[0m [Router3] [34;1mBroadcast[0m -> Received error from stream: rpc error: code = Canceled desc = context canceled, closing broadcastfrom client 172.29.0.1:37194
2026-09-16T03:48:04.956563522Z [34m2026-09-16 03:48:04.956 UTC 01fe INFO[0m [Router3] [34;1mBroadcast[0m -> Received error from stream: rpc error: code = Canceled desc = context canceled, closing broadcastfrom client 172.29.0.1:37194
2026-09-16T03:48:04.956564584Z [34m2026-09-16 03:48:04.956 UTC 0189 INFO[0m [Router4] [34;1mBroadcast[0m -> Received error from stream: rpc error: code = Canceled desc = context canceled, closing broadcastfrom client 172.29.0.1:56450
2026-09-16T03:48:04.956565653Z [34m2026-09-16 03:48:04.956 UTC 01ff INFO[0m [Router3] [34;1mBroadcast[0m -> Received error from stream: rpc error: code = Canceled desc = context canceled, closing broadcastfrom client 172.29.0.1:37194
2026-09-16T03:48:04.956566686Z [34m2026-09-16 03:48:04.956 UTC 0216 INFO[0m [Router3] [34;1mBroadcast[0m -> Received error from stream: rpc error: code = Canceled desc = context canceled, closing broadcastfrom client 172.29.0.1:37194
2026-09-16T03:48:04.956567766Z [34m2026-09-16 03:48:04.956 UTC 018b INFO[0m [Router4] [34;1mBroadcast[0m -> Received error from stream: rpc error: code = Canceled desc = context canceled, closing broadcastfrom client 172.29.0.1:56450
2026-09-16T03:48:04.956568815Z [34m2026-09-16 03:48:04.956 UTC 018a INFO[0m [Router4] [34;1mBroadcast[0m -> Received error from stream: rpc error: code = Canceled desc = context canceled, closing broadcastfrom client 172.29.0.1:56450
2026-09-16T03:48:04.956570016Z [34m2026-09-16 03:48:04.956 UTC 0200 INFO[0m [Router3] [34;1mBroadcast[0m -> Received error from stream: rpc error: code = Canceled desc = context canceled, closing broadcastfrom client 172.29.0.1:37194
2026-09-16T03:48:04.956572942Z [34m2026-09-16 03:48:04.956 UTC 0201 INFO[0m [Router3] [34;1mBroadcast[0m -> Received error from stream: rpc error: code = Canceled desc = context canceled, closing broadcastfrom client 172.29.0.1:37194
2026-09-16T03:48:04.956574126Z [34m2026-09-16 03:48:04.956 UTC 018d INFO[0m [Router4] [34;1mBroadcast[0m -> Received error from stream: rpc error: code = Canceled desc = context canceled, closing broadcastfrom client 172.29.0.1:56450
2026-09-16T03:48:04.956575211Z [34m2026-09-16 03:48:04.956 UTC 0217 INFO[0m [Router3] [34;1mBroadcast[0m -> Received error from stream: rpc error: code = Canceled desc = context canceled, closing broadcastfrom client 172.29.0.1:37194
2026-09-16T03:48:04.956576397Z [34m2026-09-16 03:48:04.956 UTC 0218 INFO[0m [Router3] [34;1mBroadcast[0m -> Received error from stream: rpc error: code = Canceled desc = context canceled, closing broadcastfrom client 172.29.0.1:37194
2026-09-16T03:48:04.956577460Z [34m2026-09-16 03:48:04.956 UTC 0202 INFO[0m [Router3] [34;1mBroadcast[0m -> Received error from stream: rpc error: code = Canceled desc = context canceled, closing broadcastfrom client 172.29.0.1:37194
2026-09-16T03:48:04.956578534Z [34m2026-09-16 03:48:04.956 UTC 018e INFO[0m [Router4] [34;1mBroadcast[0m -> Received error from stream: rpc error: code = Canceled desc = context canceled, closing broadcastfrom client 172.29.0.1:56450
2026-09-16T03:48:04.956579602Z [34m2026-09-16 03:48:04.956 UTC 018f INFO[0m [Router4] [34;1mBroadcast[0m -> Received error from stream: rpc error: code = Canceled desc = context canceled, closing broadcastfrom client 172.29.0.1:56450
2026-09-16T03:48:04.956580674Z [34m2026-09-16 03:48:04.956 UTC 0206 INFO[0m [Router3] [34;1mBroadcast[0m -> Received error from stream: rpc error: code = Canceled desc = context canceled, closing broadcastfrom client 172.29.0.1:37194
2026-09-16T03:48:04.956581834Z [34m2026-09-16 03:48:04.956 UTC 021a INFO[0m [Router3] [34;1mBroadcast[0m -> Received error from stream: rpc error: code = Canceled desc = context canceled, closing broadcastfrom client 172.29.0.1:37194
2026-09-16T03:48:04.956583118Z [34m2026-09-16 03:48:04.956 UTC 0190 INFO[0m [Router4] [34;1mBroadcast[0m -> Received error from stream: rpc error: code = Canceled desc = context canceled, closing broadcastfrom client 172.29.0.1:56450
2026-09-16T03:48:04.956584212Z [34m2026-09-16 03:48:04.956 UTC 0219 INFO[0m [Router3] [34;1mBroadcast[0m -> Received error from stream: rpc error: code = Canceled desc = context canceled, closing broadcastfrom client 172.29.0.1:37194
2026-09-16T03:48:04.956585310Z [34m2026-09-16 03:48:04.956 UTC 021b INFO[0m [Router3] [34;1mBroadcast[0m -> Received error from stream: rpc error: code = Canceled desc = context canceled, closing broadcastfrom client 172.29.0.1:37194
2026-09-16T03:48:04.956586439Z [34m2026-09-16 03:48:04.956 UTC 0191 INFO[0m [Router4] [34;1mBroadcast[0m -> Received error from stream: rpc error: code = Canceled desc = context canceled, closing broadcastfrom client 172.29.0.1:56450
2026-09-16T03:48:04.956589232Z [34m2026-09-16 03:48:04.956 UTC 021c INFO[0m [Router3] [34;1mBroadcast[0m -> Received error from stream: rpc error: code = Canceled desc = context canceled, closing broadcastfrom client 172.29.0.1:37194
2026-09-16T03:48:04.956590415Z [34m2026-09-16 03:48:04.956 UTC 0192 INFO[0m [Router4] [34;1mBroadcast[0m -> Received error from stream: rpc error: code = Canceled desc = context canceled, closing broadcastfrom client 172.29.0.1:56450
2026-09-16T03:48:04.956591580Z [34m2026-09-16 03:48:04.956 UTC 021d INFO[0m [Router3] [34;1mBroadcast[0m -> Received error from stream: rpc error: code = Canceled desc = context canceled, closing broadcastfrom client 172.29.0.1:37194
2026-09-16T03:48:04.956592807Z [34m2026-09-16 03:48:04.956 UTC 0194 INFO[0m [Router4] [34;1mBroadcast[0m -> Received error from stream: rpc error: code = Canceled desc = context canceled, closing broadcastfrom client 172.29.0.1:56450
2026-09-16T03:48:04.956593951Z [34m2026-09-16 03:48:04.956 UTC 021e INFO[0m [Router3] [34;1mBroadcast[0m -> Received error from stream: rpc error: code = Canceled desc = context canceled, closing broadcastfrom client 172.29.0.1:37194
2026-09-16T03:48:04.956595053Z [34m2026-09-16 03:48:04.956 UTC 0220 INFO[0m [Router3] [34;1mBroadcast[0m -> Received error from stream: rpc error: code = Canceled desc = context canceled, closing broadcastfrom client 172.29.0.1:37194
2026-09-16T03:48:04.956596288Z [34m2026-09-16 03:48:04.956 UTC 021f INFO[0m [Router3] [34;1mBroadcast[0m -> Received error from stream: rpc error: code = Canceled desc = context canceled, closing broadcastfrom client 172.29.0.1:37194
2026-09-16T03:48:04.956597417Z [34m2026-09-16 03:48:04.956 UTC 0195 INFO[0m [Router4] [34;1mBroadcast[0m -> Received error from stream: rpc error: code = Canceled desc = context canceled, closing broadcastfrom client 172.29.0.1:56450
2026-09-16T03:48:04.956598469Z [34m2026-09-16 03:48:04.956 UTC 019c INFO[0m [Router4] [34;1mBroadcast[0m -> Received error from stream: rpc error: code = Canceled desc = context canceled, closing broadcastfrom client 172.29.0.1:56450
2026-09-16T03:48:04.956599568Z [34m2026-09-16 03:48:04.956 UTC 019d INFO[0m [Router4] [34;1mBroadcast[0m -> Received error from stream: rpc error: code = Canceled desc = context canceled, closing broadcastfrom client 172.29.0.1:56450
2026-09-16T03:48:04.956600670Z [34m2026-09-16 03:48:04.956 UTC 019f INFO[0m [Router4] [34;1mBroadcast[0m -> Received error from stream: rpc error: code = Canceled desc = context canceled, closing broadcastfrom client 172.29.0.1:56450
2026-09-16T03:48:04.956601733Z [34m2026-09-16 03:48:04.956 UTC 019e INFO[0m [Router4] [34;1mBroadcast[0m -> Received error from stream: rpc error: code = Canceled desc = context canceled, closing broadcastfrom client 172.29.0.1:56450
2026-09-16T03:48:04.956602829Z [34m2026-09-16 03:48:04.956 UTC 01a0 INFO[0m [Router4] [34;1mBroadcast[0m -> Received error from stream: rpc error: code = Canceled desc = context canceled, closing broadcastfrom client 172.29.0.1:56450
2026-09-16T03:48:04.956603947Z [34m2026-09-16 03:48:04.956 UTC 01a1 INFO[0m [Router4] [34;1mBroadcast[0m -> Received error from stream: rpc error: code = Canceled desc = context canceled, closing broadcastfrom client 172.29.0.1:56450
2026-09-16T03:48:04.956606998Z [34m2026-09-16 03:48:04.956 UTC 01a2 INFO[0m [Router4] [34;1mBroadcast[0m -> Received error from stream: rpc error: code = Canceled desc = context canceled, closing broadcastfrom client 172.29.0.1:56450
2026-09-16T03:48:04.956608197Z [34m2026-09-16 03:48:04.956 UTC 01a3 INFO[0m [Router4] [34;1mBroadcast[0m -> Received error from stream: rpc error: code = Canceled desc = context canceled, closing broadcastfrom client 172.29.0.1:56450
2026-09-16T03:48:04.956609471Z [34m2026-09-16 03:48:04.956 UTC 01a4 INFO[0m [Router4] [34;1mBroadcast[0m -> Received error from stream: rpc error: code = Canceled desc = context canceled, closing broadcastfrom client 172.29.0.1:56450
2026-09-16T03:48:04.956610565Z [34m2026-09-16 03:48:04.956 UTC 0213 INFO[0m [Router3] [34;1mBroadcast[0m -> Received error from stream: rpc error: code = Canceled desc = context canceled, closing broadcastfrom client 172.29.0.1:37194
2026-09-16T03:48:04.956611595Z [34m2026-09-16 03:48:04.956 UTC 01a5 INFO[0m [Router4] [34;1mBroadcast[0m -> Received error from stream: rpc error: code = Canceled desc = context canceled, closing broadcastfrom client 172.29.0.1:56450
2026-09-16T03:48:04.956612664Z [34m2026-09-16 03:48:04.956 UTC 01a8 INFO[0m [Router4] [34;1mBroadcast[0m -> Received error from stream: rpc error: code = Canceled desc = context canceled, closing broadcastfrom client 172.29.0.1:56450
2026-09-16T03:48:04.956613758Z [34m2026-09-16 03:48:04.956 UTC 01c2 INFO[0m [Router3] [34;1mBroadcast[0m -> Received error from stream: rpc error: code = Canceled desc = context canceled, closing broadcastfrom client 172.29.0.1:37194
2026-09-16T03:48:04.956614825Z [34m2026-09-16 03:48:04.956 UTC 01aa INFO[0m [Router4] [34;1mBroadcast[0m -> Received error from stream: rpc error: code = Canceled desc = context canceled, closing broadcastfrom client 172.29.0.1:56450
2026-09-16T03:48:04.956616220Z [34m2026-09-16 03:48:04.956 UTC 0205 INFO[0m [Router3] [34;1mBroadcast[0m -> Received error from stream: rpc error: code = Canceled desc = context canceled, closing broadcastfrom client 172.29.0.1:37194
2026-09-16T03:48:04.956617363Z [34m2026-09-16 03:48:04.956 UTC 01ab INFO[0m [Router4] [34;1mBroadcast[0m -> Received error from stream: rpc error: code = Canceled desc = context canceled, closing broadcastfrom client 172.29.0.1:56450
2026-09-16T03:48:04.956618561Z [34m2026-09-16 03:48:04.956 UTC 01ac INFO[0m [Router4] [34;1mBroadcast[0m -> Received error from stream: rpc error: code = Canceled desc = context canceled, closing broadcastfrom client 172.29.0.1:56450
2026-09-16T03:48:04.956619616Z [34m2026-09-16 03:48:04.956 UTC 01de INFO[0m [Router3] [34;1mBroadcast[0m -> Received error from stream: rpc error: code = Canceled desc = context canceled, closing broadcastfrom client 172.29.0.1:37194
2026-09-16T03:48:04.956620972Z [34m2026-09-16 03:48:04.956 UTC 01aa INFO[0m [Router3] [34;1mBroadcast[0m -> Received error from stream: rpc error: code = Canceled desc = context canceled, closing broadcastfrom client 172.29.0.1:37194
2026-09-16T03:48:04.956623660Z [34m2026-09-16 03:48:04.956 UTC 01ad INFO[0m [Router4] [34;1mBroadcast[0m -> Received error from stream: rpc error: code = Canceled desc = context canceled, closing broadcastfrom client 172.29.0.1:56450
2026-09-16T03:48:04.956624779Z [34m2026-09-16 03:48:04.955 UTC 018a INFO[0m [Router3] [34;1mBroadcast[0m -> Received error from stream: rpc error: code = Canceled desc = context canceled, closing broadcastfrom client 172.29.0.1:37194
2026-09-16T03:48:04.956625733Z [34m2026-09-16 03:48:04.956 UTC 01ae INFO[0m [Router4] [34;1mBroadcast[0m -> Received error from stream: rpc error: code = Canceled desc = context canceled, closing broadcastfrom client 172.29.0.1:56450
2026-09-16T03:48:04.956626791Z [34m2026-09-16 03:48:04.956 UTC 020c INFO[0m [Router3] [34;1mBroadcast[0m -> Received error from stream: rpc error: code = Canceled desc = context canceled, closing broadcastfrom client 172.29.0.1:37194
2026-09-16T03:48:04.956627744Z [34m2026-09-16 03:48:04.956 UTC 01af INFO[0m [Router4] [34;1mBroadcast[0m -> Received error from stream: rpc error: code = Canceled desc = context canceled, closing broadcastfrom client 172.29.0.1:56450
2026-09-16T03:48:04.956628657Z [34m2026-09-16 03:48:04.956 UTC 0221 INFO[0m [Router3] [34;1mBroadcast[0m -> Received error from stream: rpc error: code = Canceled desc = context canceled, closing broadcastfrom client 172.29.0.1:37194
2026-09-16T03:48:04.956629549Z [34m2026-09-16 03:48:04.956 UTC 01b0 INFO[0m [Router4] [34;1mBroadcast[0m -> Received error from stream: rpc error: code = Canceled desc = context canceled, closing broadcastfrom client 172.29.0.1:56450
2026-09-16T03:48:04.956630471Z [34m2026-09-16 03:48:04.956 UTC 0222 INFO[0m [Router3] [34;1mBroadcast[0m -> Received error from stream: rpc error: code = Canceled desc = context canceled, closing broadcastfrom client 172.29.0.1:37194
2026-09-16T03:48:04.956631504Z [34m2026-09-16 03:48:04.956 UTC 01b1 INFO[0m [Router4] [34;1mBroadcast[0m -> Received error from stream: rpc error: code = Canceled desc = context canceled, closing broadcastfrom client 172.29.0.1:56450
2026-09-16T03:48:04.956632657Z [34m2026-09-16 03:48:04.956 UTC 01b3 INFO[0m [Router4] [34;1mBroadcast[0m -> Received error from stream: rpc error: code = Canceled desc = context canceled, closing broadcastfrom client 172.29.0.1:56450
2026-09-16T03:48:04.956633566Z [34m2026-09-16 03:48:04.956 UTC 01b4 INFO[0m [Router4] [34;1mBroadcast[0m -> Received error from stream: rpc error: code = Canceled desc = context canceled, closing broadcastfrom client 172.29.0.1:56450
2026-09-16T03:48:04.956634576Z [34m2026-09-16 03:48:04.956 UTC 01b5 INFO[0m [Router4] [34;1mBroadcast[0m -> Received error from stream: rpc error: code = Canceled desc = context canceled, closing broadcastfrom client 172.29.0.1:56450
2026-09-16T03:48:04.956635486Z [34m2026-09-16 03:48:04.956 UTC 01b7 INFO[0m [Router4] [34;1mBroadcast[0m -> Received error from stream: rpc error: code = Canceled desc = context canceled, closing broadcastfrom client 172.29.0.1:56450
2026-09-16T03:48:04.956636396Z [34m2026-09-16 03:48:04.956 UTC 01b9 INFO[0m [Router4] [34;1mBroadcast[0m -> Received error from stream: rpc error: code = Canceled desc = context canceled, closing broadcastfrom client 172.29.0.1:56450
2026-09-16T03:48:04.956640026Z [34m2026-09-16 03:48:04.956 UTC 01b8 INFO[0m [Router4] [34;1mBroadcast[0m -> Received error from stream: rpc error: code = Canceled desc = context canceled, closing broadcastfrom client 172.29.0.1:56450
2026-09-16T03:48:04.956641053Z [34m2026-09-16 03:48:04.956 UTC 01bb INFO[0m [Router4] [34;1mBroadcast[0m -> Received error from stream: rpc error: code = Canceled desc = context canceled, closing broadcastfrom client 172.29.0.1:56450
2026-09-16T03:48:04.956642000Z [34m2026-09-16 03:48:04.956 UTC 0149 INFO[0m [Router4] [34;1mBroadcast[0m -> Received error from stream: rpc error: code = Canceled desc = context canceled, closing broadcastfrom client 172.29.0.1:56450
2026-09-16T03:48:04.956642964Z [34m2026-09-16 03:48:04.956 UTC 01bc INFO[0m [Router4] [34;1mBroadcast[0m -> Received error from stream: rpc error: code = Canceled desc = context canceled, closing broadcastfrom client 172.29.0.1:56450
2026-09-16T03:48:04.956643882Z [34m2026-09-16 03:48:04.956 UTC 014e INFO[0m [Router4] [34;1mBroadcast[0m -> Received error from stream: rpc error: code = Canceled desc = context canceled, closing broadcastfrom client 172.29.0.1:56450
2026-09-16T03:48:04.956644973Z [34m2026-09-16 03:48:04.956 UTC 0154 INFO[0m [Router4] [34;1mBroadcast[0m -> Received error from stream: rpc error: code = Canceled desc = context canceled, closing broadcastfrom client 172.29.0.1:56450
2026-09-16T03:48:04.956645918Z [34m2026-09-16 03:48:04.956 UTC 015c INFO[0m [Router4] [34;1mBroadcast[0m -> Received error from stream: rpc error: code = Canceled desc = context canceled, closing broadcastfrom client 172.29.0.1:56450
2026-09-16T03:48:04.956646869Z [34m2026-09-16 03:48:04.956 UTC 01bf INFO[0m [Router4] [34;1mBroadcast[0m -> Received error from stream: rpc error: code = Canceled desc = context canceled, closing broadcastfrom client 172.29.0.1:56450
2026-09-16T03:48:04.956647773Z [34m2026-09-16 03:48:04.956 UTC 0161 INFO[0m [Router4] [34;1mBroadcast[0m -> Received error from stream: rpc error: code = Canceled desc = context canceled, closing broadcastfrom client 172.29.0.1:56450
2026-09-16T03:48:04.956648613Z [34m2026-09-16 03:48:04.956 UTC 01c0 INFO[0m [Router4] [34;1mBroadcast[0m -> Received error from stream: rpc error: code = Canceled desc = context canceled, closing broadcastfrom client 172.29.0.1:56450
2026-09-16T03:48:04.956649445Z [34m2026-09-16 03:48:04.956 UTC 018c INFO[0m [Router4] [34;1mBroadcast[0m -> Received error from stream: rpc error: code = Canceled desc = context canceled, closing broadcastfrom client 172.29.0.1:56450
2026-09-16T03:48:04.956650334Z [34m2026-09-16 03:48:04.956 UTC 01c1 INFO[0m [Router4] [34;1mBroadcast[0m -> Received error from stream: rpc error: code = Canceled desc = context canceled, closing broadcastfrom client 172.29.0.1:56450
2026-09-16T03:48:04.956651257Z [34m2026-09-16 03:48:04.956 UTC 0196 INFO[0m [Router4] [34;1mBroadcast[0m -> Received error from stream: rpc error: code = Canceled desc = context canceled, closing broadcastfrom client 172.29.0.1:56450
2026-09-16T03:48:04.956652153Z [34m2026-09-16 03:48:04.956 UTC 01c2 INFO[0m [Router4] [34;1mBroadcast[0m -> Received error from stream: rpc error: code = Canceled desc = context canceled, closing broadcastfrom client 172.29.0.1:56450
2026-09-16T03:48:04.956654680Z [34m2026-09-16 03:48:04.956 UTC 01a9 INFO[0m [Router4] [34;1mBroadcast[0m -> Received error from stream: rpc error: code = Canceled desc = context canceled, closing broadcastfrom client 172.29.0.1:56450
2026-09-16T03:48:04.956655975Z [34m2026-09-16 03:48:04.956 UTC 01c3 INFO[0m [Router4] [34;1mBroadcast[0m -> Received error from stream: rpc error: code = Canceled desc = context canceled, closing broadcastfrom client 172.29.0.1:56450
2026-09-16T03:48:04.956656904Z [34m2026-09-16 03:48:04.956 UTC 01b2 INFO[0m [Router4] [34;1mBroadcast[0m -> Received error from stream: rpc error: code = Canceled desc = context canceled, closing broadcastfrom client 172.29.0.1:56450
2026-09-16T03:48:04.956657739Z [34m2026-09-16 03:48:04.956 UTC 01c4 INFO[0m [Router4] [34;1mBroadcast[0m -> Received error from stream: rpc error: code = Canceled desc = context canceled, closing broadcastfrom client 172.29.0.1:56450
2026-09-16T03:48:04.956658558Z [34m2026-09-16 03:48:04.956 UTC 01b6 INFO[0m [Router4] [34;1mBroadcast[0m -> Received error from stream: rpc error: code = Canceled desc = context canceled, closing broadcastfrom client 172.29.0.1:56450
2026-09-16T03:48:04.956659381Z [34m2026-09-16 03:48:04.956 UTC 01ba INFO[0m [Router4] [34;1mBroadcast[0m -> Received error from stream: rpc error: code = Canceled desc = context canceled, closing broadcastfrom client 172.29.0.1:56450
2026-09-16T03:48:04.956660233Z [34m2026-09-16 03:48:04.956 UTC 01c7 INFO[0m [Router4] [34;1mBroadcast[0m -> Received error from stream: rpc error: code = Canceled desc = context canceled, closing broadcastfrom client 172.29.0.1:56450
2026-09-16T03:48:04.956661055Z [34m2026-09-16 03:48:04.956 UTC 0175 INFO[0m [Router4] [34;1mBroadcast[0m -> Received error from stream: rpc error: code = Canceled desc = context canceled, closing broadcastfrom client 172.29.0.1:56450
2026-09-16T03:48:04.956661877Z [34m2026-09-16 03:48:04.956 UTC 0193 INFO[0m [Router4] [34;1mBroadcast[0m -> Received error from stream: rpc error: code = Canceled desc = context canceled, closing broadcastfrom client 172.29.0.1:56450
2026-09-16T03:48:04.956662708Z [34m2026-09-16 03:48:04.956 UTC 01c9 INFO[0m [Router4] [34;1mBroadcast[0m -> Received error from stream: rpc error: code = Canceled desc = context canceled, closing broadcastfrom client 172.29.0.1:56450
2026-09-16T03:48:04.956663552Z [34m2026-09-16 03:48:04.956 UTC 01ca INFO[0m [Router4] [34;1mBroadcast[0m -> Received error from stream: rpc error: code = Canceled desc = context canceled, closing broadcastfrom client 172.29.0.1:56450
2026-09-16T03:48:04.956664534Z [34m2026-09-16 03:48:04.956 UTC 0198 INFO[0m [Router4] [34;1mBroadcast[0m -> Received error from stream: rpc error: code = Canceled desc = context canceled, closing broadcastfrom client 172.29.0.1:56450
2026-09-16T03:48:04.956665372Z [34m2026-09-16 03:48:04.956 UTC 01cb INFO[0m [Router4] [34;1mBroadcast[0m -> Received error from stream: rpc error: code = Canceled desc = context canceled, closing broadcastfrom client 172.29.0.1:56450
2026-09-16T03:48:04.956667628Z [34m2026-09-16 03:48:04.956 UTC 0199 INFO[0m [Router4] [34;1mBroadcast[0m -> Received error from stream: rpc error: code = Canceled desc = context canceled, closing broadcastfrom client 172.29.0.1:56450
2026-09-16T03:48:04.956668690Z [34m2026-09-16 03:48:04.956 UTC 01cc INFO[0m [Router4] [34;1mBroadcast[0m -> Received error from stream: rpc error: code = Canceled desc = context canceled, closing broadcastfrom client 172.29.0.1:56450
2026-09-16T03:48:04.956669558Z [34m2026-09-16 03:48:04.956 UTC 01be INFO[0m [Router4] [34;1mBroadcast[0m -> Received error from stream: rpc error: code = Canceled desc = context canceled, closing broadcastfrom client 172.29.0.1:56450
2026-09-16T03:48:04.956670398Z [34m2026-09-16 03:48:04.956 UTC 01cd INFO[0m [Router4] [34;1mBroadcast[0m -> Received error from stream: rpc error: code = Canceled desc = context canceled, closing broadcastfrom client 172.29.0.1:56450
2026-09-16T03:48:04.956671229Z [34m2026-09-16 03:48:04.956 UTC 01c5 INFO[0m [Router4] [34;1mBroadcast[0m -> Received error from stream: rpc error: code = Canceled desc = context canceled, closing broadcastfrom client 172.29.0.1:56450
2026-09-16T03:48:04.956673957Z [34m2026-09-16 03:48:04.956 UTC 01c6 INFO[0m [Router4] [34;1mBroadcast[0m -> Received error from stream: rpc error: code = Canceled desc = context canceled, closing broadcastfrom client 172.29.0.1:56450
2026-09-16T03:48:04.956676101Z [34m2026-09-16 03:48:04.956 UTC 01ce INFO[0m [Router4] [34;1mBroadcast[0m -> Received error from stream: rpc error: code = Canceled desc = context canceled, closing broadcastfrom client 172.29.0.1:56450
2026-09-16T03:48:04.956676976Z [34m2026-09-16 03:48:04.956 UTC 01cf INFO[0m [Router4] [34;1mBroadcast[0m -> Received error from stream: rpc error: code = Canceled desc = context canceled, closing broadcastfrom client 172.29.0.1:56450
2026-09-16T03:48:04.956678264Z [34m2026-09-16 03:48:04.956 UTC 01c8 INFO[0m [Router4] [34;1mBroadcast[0m -> Received error from stream: rpc error: code = Canceled desc = context canceled, closing broadcastfrom client 172.29.0.1:56450
2026-09-16T03:48:04.956679163Z [34m2026-09-16 03:48:04.956 UTC 01a7 INFO[0m [Router4] [34;1mBroadcast[0m -> Received error from stream: rpc error: code = Canceled desc = context canceled, closing broadcastfrom client 172.29.0.1:56450
2026-09-16T03:48:04.956680002Z [34m2026-09-16 03:48:04.956 UTC 01d0 INFO[0m [Router4] [34;1mBroadcast[0m -> Received error from stream: rpc error: code = Canceled desc = context canceled, closing broadcastfrom client 172.29.0.1:56450
2026-09-16T03:48:04.956680840Z [34m2026-09-16 03:48:04.956 UTC 01d2 INFO[0m [Router4] [34;1mBroadcast[0m -> Received error from stream: rpc error: code = Canceled desc = context canceled, closing broadcastfrom client 172.29.0.1:56450
2026-09-16T03:48:04.956681736Z [34m2026-09-16 03:48:04.956 UTC 01d3 INFO[0m [Router4] [34;1mBroadcast[0m -> Received error from stream: rpc error: code = Canceled desc = context canceled, closing broadcastfrom client 172.29.0.1:56450
2026-09-16T03:48:04.956682569Z [34m2026-09-16 03:48:04.956 UTC 01d4 INFO[0m [Router4] [34;1mBroadcast[0m -> Received error from stream: rpc error: code = Canceled desc = context canceled, closing broadcastfrom client 172.29.0.1:56450
2026-09-16T03:48:04.956713053Z [34m2026-09-16 03:48:04.956 UTC 01d7 INFO[0m [Router4] [34;1mBroadcast[0m -> Received error from stream: rpc error: code = Canceled desc = context canceled, closing broadcastfrom client 172.29.0.1:56450
2026-09-16T03:48:04.956716791Z [34m2026-09-16 03:48:04.956 UTC 01d9 INFO[0m [Router4] [34;1mBroadcast[0m -> Received error from stream: rpc error: code = Canceled desc = context canceled, closing broadcastfrom client 172.29.0.1:56450
2026-09-16T03:48:04.956718647Z [34m2026-09-16 03:48:04.956 UTC 01da INFO[0m [Router4] [34;1mBroadcast[0m -> Received error from stream: rpc error: code = Canceled desc = context canceled, closing broadcastfrom client 172.29.0.1:56450
2026-09-16T03:48:04.956720122Z [34m2026-09-16 03:48:04.956 UTC 01db INFO[0m [Router4] [34;1mBroadcast[0m -> Received error from stream: rpc error: code = Canceled desc = context canceled, closing broadcastfrom client 172.29.0.1:56450
2026-09-16T03:48:04.956744781Z [34m2026-09-16 03:48:04.956 UTC 01dc INFO[0m [Router4] [34;1mBroadcast[0m -> Received error from stream: rpc error: code = Canceled desc = context canceled, closing broadcastfrom client 172.29.0.1:56450
2026-09-16T03:48:04.956746269Z [34m2026-09-16 03:48:04.956 UTC 01dd INFO[0m [Router4] [34;1mBroadcast[0m -> Received error from stream: rpc error: code = Canceled desc = context canceled, closing broadcastfrom client 172.29.0.1:56450
2026-09-16T03:48:04.956747282Z [34m2026-09-16 03:48:04.956 UTC 01df INFO[0m [Router4] [34;1mBroadcast[0m -> Received error from stream: rpc error: code = Canceled desc = context canceled, closing broadcastfrom client 172.29.0.1:56450
2026-09-16T03:48:04.956748337Z [34m2026-09-16 03:48:04.956 UTC 01e0 INFO[0m [Router4] [34;1mBroadcast[0m -> Received error from stream: rpc error: code = Canceled desc = context canceled, closing broadcastfrom client 172.29.0.1:56450
2026-09-16T03:48:04.956749140Z [34m2026-09-16 03:48:04.956 UTC 01e1 INFO[0m [Router4] [34;1mBroadcast[0m -> Received error from stream: rpc error: code = Canceled desc = context canceled, closing broadcastfrom client 172.29.0.1:56450
2026-09-16T03:48:04.956749984Z [34m2026-09-16 03:48:04.956 UTC 01e2 INFO[0m [Router4] [34;1mBroadcast[0m -> Received error from stream: rpc error: code = Canceled desc = context canceled, closing broadcastfrom client 172.29.0.1:56450
2026-09-16T03:48:04.956750752Z [34m2026-09-16 03:48:04.956 UTC 01e3 INFO[0m [Router4] [34;1mBroadcast[0m -> Received error from stream: rpc error: code = Canceled desc = context canceled, closing broadcastfrom client 172.29.0.1:56450
2026-09-16T03:48:04.956751508Z [34m2026-09-16 03:48:04.956 UTC 01e6 INFO[0m [Router4] [34;1mBroadcast[0m -> Received error from stream: rpc error: code = Canceled desc = context canceled, closing broadcastfrom client 172.29.0.1:56450
2026-09-16T03:48:04.956752233Z [34m2026-09-16 03:48:04.956 UTC 01e7 INFO[0m [Router4] [34;1mBroadcast[0m -> Received error from stream: rpc error: code = Canceled desc = context canceled, closing broadcastfrom client 172.29.0.1:56450
2026-09-16T03:48:04.956758386Z [34m2026-09-16 03:48:04.956 UTC 01e8 INFO[0m [Router4] [34;1mBroadcast[0m -> Received error from stream: rpc error: code = Canceled desc = context canceled, closing broadcastfrom client 172.29.0.1:56450
2026-09-16T03:48:04.956759439Z [34m2026-09-16 03:48:04.956 UTC 01e9 INFO[0m [Router4] [34;1mBroadcast[0m -> Received error from stream: rpc error: code = Canceled desc = context canceled, closing broadcastfrom client 172.29.0.1:56450
2026-09-16T03:48:04.956760161Z [34m2026-09-16 03:48:04.956 UTC 0171 INFO[0m [Router4] [34;1mBroadcast[0m -> Received error from stream: rpc error: code = Canceled desc = context canceled, closing broadcastfrom client 172.29.0.1:56450
2026-09-16T03:48:04.956760874Z [34m2026-09-16 03:48:04.956 UTC 01ea INFO[0m [Router4] [34;1mBroadcast[0m -> Received error from stream: rpc error: code = Canceled desc = context canceled, closing broadcastfrom client 172.29.0.1:56450
2026-09-16T03:48:04.956761602Z [34m2026-09-16 03:48:04.956 UTC 01eb INFO[0m [Router4] [34;1mBroadcast[0m -> Received error from stream: rpc error: code = Canceled desc = context canceled, closing broadcastfrom client 172.29.0.1:56450
2026-09-16T03:48:04.956762280Z [34m2026-09-16 03:48:04.956 UTC 01ec INFO[0m [Router4] [34;1mBroadcast[0m -> Received error from stream: rpc error: code = Canceled desc = context canceled, closing broadcastfrom client 172.29.0.1:56450
2026-09-16T03:48:04.956762982Z [34m2026-09-16 03:48:04.956 UTC 01ed INFO[0m [Router4] [34;1mBroadcast[0m -> Received error from stream: rpc error: code = Canceled desc = context canceled, closing broadcastfrom client 172.29.0.1:56450
2026-09-16T03:48:04.956763665Z [34m2026-09-16 03:48:04.956 UTC 01ee INFO[0m [Router4] [34;1mBroadcast[0m -> Received error from stream: rpc error: code = Canceled desc = context canceled, closing broadcastfrom client 172.29.0.1:56450
2026-09-16T03:48:04.956764319Z [34m2026-09-16 03:48:04.956 UTC 01ef INFO[0m [Router4] [34;1mBroadcast[0m -> Received error from stream: rpc error: code = Canceled desc = context canceled, closing broadcastfrom client 172.29.0.1:56450
2026-09-16T03:48:04.956765039Z [34m2026-09-16 03:48:04.956 UTC 01f0 INFO[0m [Router4] [34;1mBroadcast[0m -> Received error from stream: rpc error: code = Canceled desc = context canceled, closing broadcastfrom client 172.29.0.1:56450
2026-09-16T03:48:04.956765852Z [34m2026-09-16 03:48:04.956 UTC 01f1 INFO[0m [Router4] [34;1mBroadcast[0m -> Received error from stream: rpc error: code = Canceled desc = context canceled, closing broadcastfrom client 172.29.0.1:56450
2026-09-16T03:48:04.956766586Z [34m2026-09-16 03:48:04.956 UTC 01f3 INFO[0m [Router4] [34;1mBroadcast[0m -> Received error from stream: rpc error: code = Canceled desc = context canceled, closing broadcastfrom client 172.29.0.1:56450
2026-09-16T03:48:04.956767286Z [34m2026-09-16 03:48:04.956 UTC 01f4 INFO[0m [Router4] [34;1mBroadcast[0m -> Received error from stream: rpc error: code = Canceled desc = context canceled, closing broadcastfrom client 172.29.0.1:56450
2026-09-16T03:48:04.956767975Z [34m2026-09-16 03:48:04.956 UTC 01f5 INFO[0m [Router4] [34;1mBroadcast[0m -> Received error from stream: rpc error: code = Canceled desc = context canceled, closing broadcastfrom client 172.29.0.1:56450
2026-09-16T03:48:04.956769946Z [34m2026-09-16 03:48:04.956 UTC 01f6 INFO[0m [Router4] [34;1mBroadcast[0m -> Received error from stream: rpc error: code = Canceled desc = context canceled, closing broadcastfrom client 172.29.0.1:56450
2026-09-16T03:48:04.956770755Z [34m2026-09-16 03:48:04.956 UTC 01f8 INFO[0m [Router4] [34;1mBroadcast[0m -> Received error from stream: rpc error: code = Canceled desc = context canceled, closing broadcastfrom client 172.29.0.1:56450
2026-09-16T03:48:04.956771440Z [34m2026-09-16 03:48:04.956 UTC 01f9 INFO[0m [Router4] [34;1mBroadcast[0m -> Received error from stream: rpc error: code = Canceled desc = context canceled, closing broadcastfrom client 172.29.0.1:56450
2026-09-16T03:48:04.956772134Z [34m2026-09-16 03:48:04.956 UTC 01fa INFO[0m [Router4] [34;1mBroadcast[0m -> Received error from stream: rpc error: code = Canceled desc = context canceled, closing broadcastfrom client 172.29.0.1:56450
2026-09-16T03:48:04.956772831Z [34m2026-09-16 03:48:04.956 UTC 01fb INFO[0m [Router4] [34;1mBroadcast[0m -> Received error from stream: rpc error: code = Canceled desc = context canceled, closing broadcastfrom client 172.29.0.1:56450
2026-09-16T03:48:04.956773502Z [34m2026-09-16 03:48:04.956 UTC 01fc INFO[0m [Router4] [34;1mBroadcast[0m -> Received error from stream: rpc error: code = Canceled desc = context canceled, closing broadcastfrom client 172.29.0.1:56450
2026-09-16T03:48:04.956774258Z [34m2026-09-16 03:48:04.956 UTC 01fd INFO[0m [Router4] [34;1mBroadcast[0m -> Received error from stream: rpc error: code = Canceled desc = context canceled, closing broadcastfrom client 172.29.0.1:56450
2026-09-16T03:48:04.956777166Z [34m2026-09-16 03:48:04.956 UTC 01fe INFO[0m [Router4] [34;1mBroadcast[0m -> Received error from stream: rpc error: code = Canceled desc = context canceled, closing broadcastfrom client 172.29.0.1:56450
2026-09-16T03:48:04.956778255Z [34m2026-09-16 03:48:04.956 UTC 0200 INFO[0m [Router4] [34;1mBroadcast[0m -> Received error from stream: rpc error: code = Canceled desc = context canceled, closing broadcastfrom client 172.29.0.1:56450
2026-09-16T03:48:04.956778917Z [34m2026-09-16 03:48:04.956 UTC 0201 INFO[0m [Router4] [34;1mBroadcast[0m -> Received error from stream: rpc error: code = Canceled desc = context canceled, closing broadcastfrom client 172.29.0.1:56450
2026-09-16T03:48:04.956779650Z [34m2026-09-16 03:48:04.956 UTC 0202 INFO[0m [Router4] [34;1mBroadcast[0m -> Received error from stream: rpc error: code = Canceled desc = context canceled, closing broadcastfrom client 172.29.0.1:56450
2026-09-16T03:48:04.956780437Z [34m2026-09-16 03:48:04.956 UTC 0203 INFO[0m [Router4] [34;1mBroadcast[0m -> Received error from stream: rpc error: code = Canceled desc = context canceled, closing broadcastfrom client 172.29.0.1:56450
2026-09-16T03:48:04.956781125Z [34m2026-09-16 03:48:04.956 UTC 0179 INFO[0m [Router4] [34;1mBroadcast[0m -> Received error from stream: rpc error: code = Canceled desc = context canceled, closing broadcastfrom client 172.29.0.1:56450
2026-09-16T03:48:04.956783232Z [34m2026-09-16 03:48:04.956 UTC 01bd INFO[0m [Router4] [34;1mBroadcast[0m -> Received error from stream: rpc error: code = Canceled desc = context canceled, closing broadcastfrom client 172.29.0.1:56450
2026-09-16T03:48:04.956783994Z [34m2026-09-16 03:48:04.956 UTC 0205 INFO[0m [Router4] [34;1mBroadcast[0m -> Received error from stream: rpc error: code = Canceled desc = context canceled, closing broadcastfrom client 172.29.0.1:56450
2026-09-16T03:48:04.956784828Z [34m2026-09-16 03:48:04.956 UTC 0176 INFO[0m [Router4] [34;1mBroadcast[0m -> Received error from stream: rpc error: code = Canceled desc = context canceled, closing broadcastfrom client 172.29.0.1:56450
2026-09-16T03:48:04.956785849Z [34m2026-09-16 03:48:04.956 UTC 019a INFO[0m [Router4] [34;1mBroadcast[0m -> Received error from stream: rpc error: code = Canceled desc = context canceled, closing broadcastfrom client 172.29.0.1:56450
2026-09-16T03:48:04.956786508Z [34m2026-09-16 03:48:04.956 UTC 0207 INFO[0m [Router4] [34;1mBroadcast[0m -> Received error from stream: rpc error: code = Canceled desc = context canceled, closing broadcastfrom client 172.29.0.1:56450
2026-09-16T03:48:04.956787201Z [34m2026-09-16 03:48:04.956 UTC 0204 INFO[0m [Router4] [34;1mBroadcast[0m -> Received error from stream: rpc error: code = Canceled desc = context canceled, closing broadcastfrom client 172.29.0.1:56450
2026-09-16T03:48:04.956787949Z [34m2026-09-16 03:48:04.956 UTC 01e5 INFO[0m [Router4] [34;1mBroadcast[0m -> Received error from stream: rpc error: code = Canceled desc = context canceled, closing broadcastfrom client 172.29.0.1:56450
2026-09-16T03:48:04.956788623Z [34m2026-09-16 03:48:04.956 UTC 0208 INFO[0m [Router4] [34;1mBroadcast[0m -> Received error from stream: rpc error: code = Canceled desc = context canceled, closing broadcastfrom client 172.29.0.1:56450
2026-09-16T03:48:04.956789331Z [34m2026-09-16 03:48:04.956 UTC 0215 INFO[0m [Router4] [34;1mBroadcast[0m -> Received error from stream: rpc error: code = Canceled desc = context canceled, closing broadcastfrom client 172.29.0.1:56450
2026-09-16T03:48:04.956799590Z [34m2026-09-16 03:48:04.956 UTC 0216 INFO[0m [Router4] [34;1mBroadcast[0m -> Received error from stream: rpc error: code = Canceled desc = context canceled, closing broadcastfrom client 172.29.0.1:56450
2026-09-16T03:48:04.956801228Z [34m2026-09-16 03:48:04.956 UTC 0217 INFO[0m [Router4] [34;1mBroadcast[0m -> Received error from stream: rpc error: code = Canceled desc = context canceled, closing broadcastfrom client 172.29.0.1:56450
2026-09-16T03:48:04.956801998Z [34m2026-09-16 03:48:04.956 UTC 0218 INFO[0m [Router4] [34;1mBroadcast[0m -> Received error from stream: rpc error: code = Canceled desc = context canceled, closing broadcastfrom client 172.29.0.1:56450
2026-09-16T03:48:04.956802731Z [34m2026-09-16 03:48:04.956 UTC 0219 INFO[0m [Router4] [34;1mBroadcast[0m -> Received error from stream: rpc error: code = Canceled desc = context canceled, closing broadcastfrom client 172.29.0.1:56450
2026-09-16T03:48:04.956803702Z [34m2026-09-16 03:48:04.956 UTC 01d6 INFO[0m [Router4] [34;1mBroadcast[0m -> Received error from stream: rpc error: code = Canceled desc = context canceled, closing broadcastfrom client 172.29.0.1:56450
2026-09-16T03:48:04.956806001Z [34m2026-09-16 03:48:04.956 UTC 01f2 INFO[0m [Router4] [34;1mBroadcast[0m -> Received error from stream: rpc error: code = Canceled desc = context canceled, closing broadcastfrom client 172.29.0.1:56450
2026-09-16T03:48:04.956806808Z [34m2026-09-16 03:48:04.956 UTC 021e INFO[0m [Router4] [34;1mBroadcast[0m -> Received error from stream: rpc error: code = Canceled desc = context canceled, closing broadcastfrom client 172.29.0.1:56450
2026-09-16T03:48:04.956807529Z [34m2026-09-16 03:48:04.956 UTC 01f7 INFO[0m [Router4] [34;1mBroadcast[0m -> Received error from stream: rpc error: code = Canceled desc = context canceled, closing broadcastfrom client 172.29.0.1:56450
2026-09-16T03:48:04.956808189Z [34m2026-09-16 03:48:04.956 UTC 021f INFO[0m [Router4] [34;1mBroadcast[0m -> Received error from stream: rpc error: code = Canceled desc = context canceled, closing broadcastfrom client 172.29.0.1:56450
2026-09-16T03:48:04.956808836Z [34m2026-09-16 03:48:04.956 UTC 021a INFO[0m [Router4] [34;1mBroadcast[0m -> Received error from stream: rpc error: code = Canceled desc = context canceled, closing broadcastfrom client 172.29.0.1:56450
2026-09-16T03:48:04.956809549Z [34m2026-09-16 03:48:04.956 UTC 01d8 INFO[0m [Router4] [34;1mBroadcast[0m -> Received error from stream: rpc error: code = Canceled desc = context canceled, closing broadcastfrom client 172.29.0.1:56450
2026-09-16T03:48:04.956810232Z [34m2026-09-16 03:48:04.956 UTC 0206 INFO[0m [Router4] [34;1mBroadcast[0m -> Received error from stream: rpc error: code = Canceled desc = context canceled, closing broadcastfrom client 172.29.0.1:56450
2026-09-16T03:48:04.956811067Z [34m2026-09-16 03:48:04.956 UTC 01d1 INFO[0m [Router4] [34;1mBroadcast[0m -> Received error from stream: rpc error: code = Canceled desc = context canceled, closing broadcastfrom client 172.29.0.1:56450
2026-09-16T03:48:04.956811769Z [34m2026-09-16 03:48:04.956 UTC 01ff INFO[0m [Router4] [34;1mBroadcast[0m -> Received error from stream: rpc error: code = Canceled desc = context canceled, closing broadcastfrom client 172.29.0.1:56450
2026-09-16T03:48:04.956813141Z [34m2026-09-16 03:48:04.956 UTC 013a INFO[0m [Router4] [34;1mBroadcast[0m -> Received error from stream: rpc error: code = Canceled desc = context canceled, closing broadcastfrom client 172.29.0.1:56450
2026-09-16T03:48:04.956813879Z [34m2026-09-16 03:48:04.956 UTC 01e4 INFO[0m [Router4] [34;1mBroadcast[0m -> Received error from stream: rpc error: code = Canceled desc = context canceled, closing broadcastfrom client 172.29.0.1:56450
2026-09-16T03:48:04.956814551Z [34m2026-09-16 03:48:04.956 UTC 0220 INFO[0m [Router4] [34;1mBroadcast[0m -> Received error from stream: rpc error: code = Canceled desc = context canceled, closing broadcastfrom client 172.29.0.1:56450
2026-09-16T03:48:04.956815221Z [34m2026-09-16 03:48:04.956 UTC 0197 INFO[0m [Router4] [34;1mBroadcast[0m -> Received error from stream: rpc error: code = Canceled desc = context canceled, closing broadcastfrom client 172.29.0.1:56450
2026-09-16T03:48:04.956817146Z [34m2026-09-16 03:48:04.956 UTC 01a6 INFO[0m [Router4] [34;1mBroadcast[0m -> Received error from stream: rpc error: code = Canceled desc = context canceled, closing broadcastfrom client 172.29.0.1:56450
2026-09-16T03:48:04.956817882Z [34m2026-09-16 03:48:04.956 UTC 01de INFO[0m [Router4] [34;1mBroadcast[0m -> Received error from stream: rpc error: code = Canceled desc = context canceled, closing broadcastfrom client 172.29.0.1:56450
2026-09-16T03:48:04.956818682Z [34m2026-09-16 03:48:04.956 UTC 020a INFO[0m [Router4] [34;1mBroadcast[0m -> Received error from stream: rpc error: code = Canceled desc = context canceled, closing broadcastfrom client 172.29.0.1:56450
2026-09-16T03:48:04.956875434Z [34m2026-09-16 03:48:04.956 UTC 020b INFO[0m [Router4] [34;1mBroadcast[0m -> Received error from stream: rpc error: code = Canceled desc = context canceled, closing broadcastfrom client 172.29.0.1:56450
2026-09-16T03:48:04.956881452Z [34m2026-09-16 03:48:04.956 UTC 020c INFO[0m [Router4] [34;1mBroadcast[0m -> Received error from stream: rpc error: code = Canceled desc = context canceled, closing broadcastfrom client 172.29.0.1:56450
2026-09-16T03:48:04.956883142Z [34m2026-09-16 03:48:04.956 UTC 0221 INFO[0m [Router4] [34;1mBroadcast[0m -> Received error from stream: rpc error: code = Canceled desc = context canceled, closing broadcastfrom client 172.29.0.1:56450
2026-09-16T03:48:04.956884434Z [34m2026-09-16 03:48:04.956 UTC 01d5 INFO[0m [Router4] [34;1mBroadcast[0m -> Received error from stream: rpc error: code = Canceled desc = context canceled, closing broadcastfrom client 172.29.0.1:56450
2026-09-16T03:48:04.956885443Z [34m2026-09-16 03:48:04.956 UTC 020e INFO[0m [Router4] [34;1mBroadcast[0m -> Received error from stream: rpc error: code = Canceled desc = context canceled, closing broadcastfrom client 172.29.0.1:56450
2026-09-16T03:48:04.956886254Z [34m2026-09-16 03:48:04.956 UTC 0209 INFO[0m [Router4] [34;1mBroadcast[0m -> Received error from stream: rpc error: code = Canceled desc = context canceled, closing broadcastfrom client 172.29.0.1:56450
2026-09-16T03:48:04.956887028Z [34m2026-09-16 03:48:04.956 UTC 0210 INFO[0m [Router4] [34;1mBroadcast[0m -> Received error from stream: rpc error: code = Canceled desc = context canceled, closing broadcastfrom client 172.29.0.1:56450
2026-09-16T03:48:04.956887693Z [34m2026-09-16 03:48:04.956 UTC 0211 INFO[0m [Router4] [34;1mBroadcast[0m -> Received error from stream: rpc error: code = Canceled desc = context canceled, closing broadcastfrom client 172.29.0.1:56450
2026-09-16T03:48:04.956888394Z [34m2026-09-16 03:48:04.956 UTC 0212 INFO[0m [Router4] [34;1mBroadcast[0m -> Received error from stream: rpc error: code = Canceled desc = context canceled, closing broadcastfrom client 172.29.0.1:56450
2026-09-16T03:48:04.956889497Z [34m2026-09-16 03:48:04.956 UTC 0213 INFO[0m [Router4] [34;1mBroadcast[0m -> Received error from stream: rpc error: code = Canceled desc = context canceled, closing broadcastfrom client 172.29.0.1:56450
2026-09-16T03:48:04.956890190Z [34m2026-09-16 03:48:04.956 UTC 019b INFO[0m [Router4] [34;1mBroadcast[0m -> Received error from stream: rpc error: code = Canceled desc = context canceled, closing broadcastfrom client 172.29.0.1:56450
2026-09-16T03:48:04.956899450Z [34m2026-09-16 03:48:04.956 UTC 0222 INFO[0m [Router4] [34;1mBroadcast[0m -> Received error from stream: rpc error: code = Canceled desc = context canceled, closing broadcastfrom client 172.29.0.1:56450
2026-09-16T03:48:04.956900374Z [34m2026-09-16 03:48:04.956 UTC 0214 INFO[0m [Router4] [34;1mBroadcast[0m -> Received error from stream: rpc error: code = Canceled desc = context canceled, closing broadcastfrom client 172.29.0.1:56450
2026-09-16T03:48:04.956901154Z [34m2026-09-16 03:48:04.956 UTC 021c INFO[0m [Router4] [34;1mBroadcast[0m -> Received error from stream: rpc error: code = Canceled desc = context canceled, closing broadcastfrom client 172.29.0.1:56450
2026-09-16T03:48:04.956901850Z [34m2026-09-16 03:48:04.956 UTC 021b INFO[0m [Router4] [34;1mBroadcast[0m -> Received error from stream: rpc error: code = Canceled desc = context canceled, closing broadcastfrom client 172.29.0.1:56450
2026-09-16T03:48:04.956902553Z [34m2026-09-16 03:48:04.956 UTC 021d INFO[0m [Router4] [34;1mBroadcast[0m -> Received error from stream: rpc error: code = Canceled desc = context canceled, closing broadcastfrom client 172.29.0.1:56450
2026-09-16T03:48:04.956903194Z [34m2026-09-16 03:48:04.956 UTC 020d INFO[0m [Router4] [34;1mBroadcast[0m -> Received error from stream: rpc error: code = Canceled desc = context canceled, closing broadcastfrom client 172.29.0.1:56450
2026-09-16T03:48:04.956903895Z [34m2026-09-16 03:48:04.956 UTC 020f INFO[0m [Router4] [34;1mBroadcast[0m -> Received error from stream: rpc error: code = Canceled desc = context canceled, closing broadcastfrom client 172.29.0.1:56450
2026-09-16T03:48:05.480300377Z [34m2026-09-16 03:48:05.480 UTC 0106 INFO[0m [Consensus2] [34;1mtrackMetrics[0m -> CONSENSUS_METRICS party_id=2: interval=10.00 sec, decisions: interval=10, rate=1.0000, total=33, blocks: interval=10, rate=1.0000, total=32, bafs: total=128, complaints: total=0
2026-09-16T03:48:05.482568548Z [34m2026-09-16 03:48:05.482 UTC 0108 INFO[0m [Consensus4] [34;1mtrackMetrics[0m -> CONSENSUS_METRICS party_id=4: interval=10.00 sec, decisions: interval=10, rate=1.0000, total=33, blocks: interval=10, rate=1.0000, total=32, bafs: total=128, complaints: total=0
2026-09-16T03:48:05.487245600Z [34m2026-09-16 03:48:05.487 UTC 0147 INFO[0m [Consensus1] [34;1mtrackMetrics[0m -> CONSENSUS_METRICS party_id=1: interval=10.00 sec, decisions: interval=10, rate=1.0000, total=33, blocks: interval=10, rate=1.0000, total=32, bafs: total=128, complaints: total=0
2026-09-16T03:48:05.505271166Z [34m2026-09-16 03:48:05.505 UTC 0106 INFO[0m [Consensus3] [34;1mtrackMetrics[0m -> CONSENSUS_METRICS party_id=3: interval=10.00 sec, decisions: interval=10, rate=1.0000, total=33, blocks: interval=10, rate=1.0000, total=32, bafs: total=128, complaints: total=0
