2026-09-16T12:09:17.983728975Z I20260916 12:09:17.983640   147 transaction_manager_impl.cpp:120] Total, abort: 4 commit: 545
2026-09-16T12:09:17.983758754Z I20260916 12:09:17.983661   147 transaction_manager_impl.cpp:62] Finish with epoch id=5738
2026-09-16T12:09:17.988416151Z I20260916 12:09:17.988337    44 block_storage_to_file.cpp:46] block store in file successfully, epoch=5738
2026-09-16T12:09:18.031858575Z I20260916 12:09:18.031736   149 epoch_txn_queue_manager.h:17] All threads reached barrier, epoch: 5740, count: 4
2026-09-16T12:09:18.032446611Z I20260916 12:09:18.032313   143 consensus_control_block.h:289] consensus of epoch=5739 has reach, all vote yes.
2026-09-16T12:09:18.036581776Z I20260916 12:09:18.036448   147 transaction_manager_impl.cpp:120] Total, abort: 0 commit: 499
2026-09-16T12:09:18.036602170Z I20260916 12:09:18.036479   147 transaction_manager_impl.cpp:62] Finish with epoch id=5739
2026-09-16T12:09:18.041143187Z I20260916 12:09:18.041030    44 block_storage_to_file.cpp:46] block store in file successfully, epoch=5739
2026-09-16T12:09:18.087615349Z I20260916 12:09:18.087527   143 consensus_control_block.h:289] consensus of epoch=5740 has reach, all vote yes.
2026-09-16T12:09:18.090096166Z I20260916 12:09:18.090015   152 epoch_txn_queue_manager.h:17] All threads reached barrier, epoch: 5741, count: 4
2026-09-16T12:09:18.093186737Z I20260916 12:09:18.093111   147 transaction_manager_impl.cpp:120] Total, abort: 4 commit: 500
2026-09-16T12:09:18.093194801Z I20260916 12:09:18.093123   147 transaction_manager_impl.cpp:62] Finish with epoch id=5740
2026-09-16T12:09:18.097501233Z I20260916 12:09:18.097390    44 block_storage_to_file.cpp:46] block store in file successfully, epoch=5740
2026-09-16T12:09:18.141842582Z I20260916 12:09:18.141762   143 consensus_control_block.h:289] consensus of epoch=5741 has reach, all vote yes.
2026-09-16T12:09:18.142702907Z I20260916 12:09:18.142647   149 epoch_txn_queue_manager.h:17] All threads reached barrier, epoch: 5742, count: 4
2026-09-16T12:09:18.146617598Z I20260916 12:09:18.146482   147 transaction_manager_impl.cpp:120] Total, abort: 2 commit: 498
2026-09-16T12:09:18.146629861Z I20260916 12:09:18.146505   147 transaction_manager_impl.cpp:62] Finish with epoch id=5741
2026-09-16T12:09:18.150790098Z I20260916 12:09:18.150573    44 block_storage_to_file.cpp:46] block store in file successfully, epoch=5741
2026-09-16T12:09:18.201194415Z I20260916 12:09:18.201064   152 epoch_txn_queue_manager.h:17] All threads reached barrier, epoch: 5743, count: 4
2026-09-16T12:09:18.204508240Z I20260916 12:09:18.204417   143 consensus_control_block.h:289] consensus of epoch=5742 has reach, all vote yes.
2026-09-16T12:09:18.207773227Z I20260916 12:09:18.207664   147 transaction_manager_impl.cpp:120] Total, abort: 2 commit: 497
2026-09-16T12:09:18.207788974Z I20260916 12:09:18.207684   147 transaction_manager_impl.cpp:62] Finish with epoch id=5742
2026-09-16T12:09:18.211938330Z I20260916 12:09:18.211859    44 block_storage_to_file.cpp:46] block store in file successfully, epoch=5742
2026-09-16T12:09:18.253414349Z I20260916 12:09:18.253328   143 consensus_control_block.h:289] consensus of epoch=5743 has reach, all vote yes.
2026-09-16T12:09:18.253429472Z I20260916 12:09:18.253360   149 epoch_txn_queue_manager.h:17] All threads reached barrier, epoch: 5744, count: 4
2026-09-16T12:09:18.256689641Z I20260916 12:09:18.256574   147 transaction_manager_impl.cpp:120] Total, abort: 4 commit: 499
2026-09-16T12:09:18.256710356Z I20260916 12:09:18.256592   147 transaction_manager_impl.cpp:62] Finish with epoch id=5743
2026-09-16T12:09:18.261016332Z I20260916 12:09:18.260921    44 block_storage_to_file.cpp:46] block store in file successfully, epoch=5743
2026-09-16T12:09:18.311764776Z I20260916 12:09:18.311620   152 epoch_txn_queue_manager.h:17] All threads reached barrier, epoch: 5745, count: 4
2026-09-16T12:09:18.315158991Z I20260916 12:09:18.314991   143 consensus_control_block.h:289] consensus of epoch=5744 has reach, all vote yes.
2026-09-16T12:09:18.318764575Z I20260916 12:09:18.318673   147 transaction_manager_impl.cpp:120] Total, abort: 0 commit: 495
2026-09-16T12:09:18.318776271Z I20260916 12:09:18.318686   147 transaction_manager_impl.cpp:62] Finish with epoch id=5744
2026-09-16T12:09:18.323347114Z I20260916 12:09:18.323223    44 block_storage_to_file.cpp:46] block store in file successfully, epoch=5744
2026-09-16T12:09:18.363962878Z I20260916 12:09:18.363857   143 consensus_control_block.h:289] consensus of epoch=5745 has reach, all vote yes.
2026-09-16T12:09:18.364068025Z I20260916 12:09:18.363988   150 epoch_txn_queue_manager.h:17] All threads reached barrier, epoch: 5746, count: 4
2026-09-16T12:09:18.367582976Z I20260916 12:09:18.367496   147 transaction_manager_impl.cpp:120] Total, abort: 4 commit: 502
2026-09-16T12:09:18.367599430Z I20260916 12:09:18.367511   147 transaction_manager_impl.cpp:62] Finish with epoch id=5745
2026-09-16T12:09:18.372016212Z I20260916 12:09:18.371912    44 block_storage_to_file.cpp:46] block store in file successfully, epoch=5745
2026-09-16T12:09:18.422465336Z I20260916 12:09:18.422330   152 epoch_txn_queue_manager.h:17] All threads reached barrier, epoch: 5747, count: 4
2026-09-16T12:09:18.425872009Z I20260916 12:09:18.425791   143 consensus_control_block.h:289] consensus of epoch=5746 has reach, all vote yes.
2026-09-16T12:09:18.428936706Z I20260916 12:09:18.428861   147 transaction_manager_impl.cpp:120] Total, abort: 0 commit: 502
2026-09-16T12:09:18.428945758Z I20260916 12:09:18.428880   147 transaction_manager_impl.cpp:62] Finish with epoch id=5746
2026-09-16T12:09:18.433132805Z I20260916 12:09:18.433070    44 block_storage_to_file.cpp:46] block store in file successfully, epoch=5746
2026-09-16T12:09:18.474534364Z I20260916 12:09:18.474442   143 consensus_control_block.h:289] consensus of epoch=5747 has reach, all vote yes.
2026-09-16T12:09:18.475210606Z I20260916 12:09:18.475059   149 epoch_txn_queue_manager.h:17] All threads reached barrier, epoch: 5748, count: 4
2026-09-16T12:09:18.478769306Z I20260916 12:09:18.478670   147 transaction_manager_impl.cpp:120] Total, abort: 5 commit: 492
2026-09-16T12:09:18.478784186Z I20260916 12:09:18.478695   147 transaction_manager_impl.cpp:62] Finish with epoch id=5747
2026-09-16T12:09:18.483267785Z I20260916 12:09:18.483057    44 block_storage_to_file.cpp:46] block store in file successfully, epoch=5747
2026-09-16T12:09:18.533295871Z I20260916 12:09:18.533118   152 epoch_txn_queue_manager.h:17] All threads reached barrier, epoch: 5749, count: 4
2026-09-16T12:09:18.534866993Z I20260916 12:09:18.534752   143 consensus_control_block.h:289] consensus of epoch=5748 has reach, all vote yes.
2026-09-16T12:09:18.538778507Z I20260916 12:09:18.538682   147 transaction_manager_impl.cpp:120] Total, abort: 0 commit: 502
2026-09-16T12:09:18.538789760Z I20260916 12:09:18.538702   147 transaction_manager_impl.cpp:62] Finish with epoch id=5748
2026-09-16T12:09:18.543182322Z I20260916 12:09:18.543087    44 block_storage_to_file.cpp:46] block store in file successfully, epoch=5748
2026-09-16T12:09:18.585227369Z I20260916 12:09:18.585110   143 consensus_control_block.h:289] consensus of epoch=5749 has reach, all vote yes.
2026-09-16T12:09:18.585863762Z I20260916 12:09:18.585784   150 epoch_txn_queue_manager.h:17] All threads reached barrier, epoch: 5750, count: 4
2026-09-16T12:09:18.589062329Z I20260916 12:09:18.588994   147 transaction_manager_impl.cpp:120] Total, abort: 4 commit: 500
2026-09-16T12:09:18.589067936Z I20260916 12:09:18.589010   147 transaction_manager_impl.cpp:62] Finish with epoch id=5749
2026-09-16T12:09:18.593504885Z I20260916 12:09:18.593353    44 block_storage_to_file.cpp:46] block store in file successfully, epoch=5749
2026-09-16T12:09:18.636772908Z I20260916 12:09:18.636682   143 consensus_control_block.h:289] consensus of epoch=5750 has reach, all vote yes.
2026-09-16T12:09:18.643889157Z I20260916 12:09:18.643798   152 epoch_txn_queue_manager.h:17] All threads reached barrier, epoch: 5751, count: 4
2026-09-16T12:09:18.648012659Z I20260916 12:09:18.647941   147 transaction_manager_impl.cpp:120] Total, abort: 2 commit: 497
2026-09-16T12:09:18.648023347Z I20260916 12:09:18.647955   147 transaction_manager_impl.cpp:62] Finish with epoch id=5750
2026-09-16T12:09:18.652299973Z I20260916 12:09:18.652225    44 block_storage_to_file.cpp:46] block store in file successfully, epoch=5750
2026-09-16T12:09:18.696520074Z I20260916 12:09:18.696420   149 epoch_txn_queue_manager.h:17] All threads reached barrier, epoch: 5752, count: 4
2026-09-16T12:09:18.698641396Z I20260916 12:09:18.698571   143 consensus_control_block.h:289] consensus of epoch=5751 has reach, all vote yes.
2026-09-16T12:09:18.701653450Z I20260916 12:09:18.701565   147 transaction_manager_impl.cpp:120] Total, abort: 3 commit: 497
2026-09-16T12:09:18.701663948Z I20260916 12:09:18.701578   147 transaction_manager_impl.cpp:62] Finish with epoch id=5751
2026-09-16T12:09:18.706129692Z I20260916 12:09:18.706038    44 block_storage_to_file.cpp:46] block store in file successfully, epoch=5751
2026-09-16T12:09:18.754845959Z I20260916 12:09:18.754705   152 epoch_txn_queue_manager.h:17] All threads reached barrier, epoch: 5753, count: 4
2026-09-16T12:09:18.756152837Z I20260916 12:09:18.756081   143 consensus_control_block.h:289] consensus of epoch=5752 has reach, all vote yes.
2026-09-16T12:09:18.759372248Z I20260916 12:09:18.758710   147 transaction_manager_impl.cpp:120] Total, abort: 4 commit: 493
2026-09-16T12:09:18.759383852Z I20260916 12:09:18.758728   147 transaction_manager_impl.cpp:62] Finish with epoch id=5752
2026-09-16T12:09:18.763082249Z I20260916 12:09:18.763008    44 block_storage_to_file.cpp:46] block store in file successfully, epoch=5752
2026-09-16T12:09:18.807316696Z I20260916 12:09:18.807202   149 epoch_txn_queue_manager.h:17] All threads reached barrier, epoch: 5754, count: 4
2026-09-16T12:09:18.814632974Z I20260916 12:09:18.814471   143 consensus_control_block.h:289] consensus of epoch=5753 has reach, all vote yes.
2026-09-16T12:09:18.819046343Z I20260916 12:09:18.818943   147 transaction_manager_impl.cpp:120] Total, abort: 0 commit: 505
2026-09-16T12:09:18.819060456Z I20260916 12:09:18.818957   147 transaction_manager_impl.cpp:62] Finish with epoch id=5753
2026-09-16T12:09:18.823182405Z I20260916 12:09:18.823104    44 block_storage_to_file.cpp:46] block store in file successfully, epoch=5753
2026-09-16T12:09:18.865539067Z I20260916 12:09:18.865435   152 epoch_txn_queue_manager.h:17] All threads reached barrier, epoch: 5755, count: 4
2026-09-16T12:09:18.867309501Z I20260916 12:09:18.867221   143 consensus_control_block.h:289] consensus of epoch=5754 has reach, all vote yes.
2026-09-16T12:09:18.870203030Z I20260916 12:09:18.870124   147 transaction_manager_impl.cpp:120] Total, abort: 4 commit: 498
2026-09-16T12:09:18.870210759Z I20260916 12:09:18.870142   147 transaction_manager_impl.cpp:62] Finish with epoch id=5754
2026-09-16T12:09:18.874206074Z I20260916 12:09:18.874117    44 block_storage_to_file.cpp:46] block store in file successfully, epoch=5754
2026-09-16T12:09:18.884991517Z [epoch] I20260916 12:09:18.884866     7 chain_client.cpp:83] Sending Request to epoch_server_group at qps=0 latency=0
2026-09-16T12:09:18.918364022Z I20260916 12:09:18.918177   149 epoch_txn_queue_manager.h:17] All threads reached barrier, epoch: 5756, count: 4
2026-09-16T12:09:18.921427869Z I20260916 12:09:18.921252   143 consensus_control_block.h:289] consensus of epoch=5755 has reach, all vote yes.
2026-09-16T12:09:18.924166853Z I20260916 12:09:18.924039   147 transaction_manager_impl.cpp:120] Total, abort: 0 commit: 498
2026-09-16T12:09:18.924181517Z I20260916 12:09:18.924052   147 transaction_manager_impl.cpp:62] Finish with epoch id=5755
2026-09-16T12:09:18.928421856Z I20260916 12:09:18.928272    44 block_storage_to_file.cpp:46] block store in file successfully, epoch=5755
2026-09-16T12:09:18.937501686Z I20260916 12:09:18.937386   143 consensus_control_block.h:289] consensus of epoch=5756 has reach, all vote yes.
2026-09-16T12:09:18.976297923Z I20260916 12:09:18.976224   152 epoch_txn_queue_manager.h:17] All threads reached barrier, epoch: 5757, count: 4
2026-09-16T12:09:18.979764569Z I20260916 12:09:18.979686   147 transaction_manager_impl.cpp:120] Total, abort: 4 commit: 496
2026-09-16T12:09:18.979774010Z I20260916 12:09:18.979699   147 transaction_manager_impl.cpp:62] Finish with epoch id=5756
2026-09-16T12:09:18.983708401Z I20260916 12:09:18.983631    44 block_storage_to_file.cpp:46] block store in file successfully, epoch=5756
2026-09-16T12:09:19.029137436Z I20260916 12:09:19.029027   149 epoch_txn_queue_manager.h:17] All threads reached barrier, epoch: 5758, count: 4
2026-09-16T12:09:19.030324400Z I20260916 12:09:19.030246   143 consensus_control_block.h:289] consensus of epoch=5757 has reach, all vote yes.
2026-09-16T12:09:19.033034261Z I20260916 12:09:19.032967   147 transaction_manager_impl.cpp:120] Total, abort: 0 commit: 499
2026-09-16T12:09:19.033039873Z I20260916 12:09:19.032984   147 transaction_manager_impl.cpp:62] Finish with epoch id=5757
2026-09-16T12:09:19.037294922Z I20260916 12:09:19.037140    44 block_storage_to_file.cpp:46] block store in file successfully, epoch=5757
2026-09-16T12:09:19.087324367Z I20260916 12:09:19.087088   152 epoch_txn_queue_manager.h:17] All threads reached barrier, epoch: 5759, count: 4
2026-09-16T12:09:19.089247187Z I20260916 12:09:19.089169   143 consensus_control_block.h:289] consensus of epoch=5758 has reach, all vote yes.
2026-09-16T12:09:19.092083236Z I20260916 12:09:19.092010   147 transaction_manager_impl.cpp:120] Total, abort: 4 commit: 502
2026-09-16T12:09:19.092092512Z I20260916 12:09:19.092022   147 transaction_manager_impl.cpp:62] Finish with epoch id=5758
2026-09-16T12:09:19.096143399Z I20260916 12:09:19.096076    44 block_storage_to_file.cpp:46] block store in file successfully, epoch=5758
2026-09-16T12:09:19.138091052Z I20260916 12:09:19.137997   143 consensus_control_block.h:289] consensus of epoch=5759 has reach, all vote yes.
2026-09-16T12:09:19.139928600Z I20260916 12:09:19.139855   149 epoch_txn_queue_manager.h:17] All threads reached barrier, epoch: 5760, count: 4
2026-09-16T12:09:19.143468812Z I20260916 12:09:19.143378   147 transaction_manager_impl.cpp:120] Total, abort: 2 commit: 494
2026-09-16T12:09:19.143482852Z I20260916 12:09:19.143391   147 transaction_manager_impl.cpp:62] Finish with epoch id=5759
2026-09-16T12:09:19.147891499Z I20260916 12:09:19.147789    44 block_storage_to_file.cpp:46] block store in file successfully, epoch=5759
2026-09-16T12:09:19.197995002Z I20260916 12:09:19.197880   152 epoch_txn_queue_manager.h:17] All threads reached barrier, epoch: 5761, count: 4
2026-09-16T12:09:19.199932694Z I20260916 12:09:19.199841   143 consensus_control_block.h:289] consensus of epoch=5760 has reach, all vote yes.
2026-09-16T12:09:19.203806924Z I20260916 12:09:19.203703   147 transaction_manager_impl.cpp:120] Total, abort: 2 commit: 501
2026-09-16T12:09:19.203819664Z I20260916 12:09:19.203716   147 transaction_manager_impl.cpp:62] Finish with epoch id=5760
2026-09-16T12:09:19.208179467Z I20260916 12:09:19.208056    44 block_storage_to_file.cpp:46] block store in file successfully, epoch=5760
2026-09-16T12:09:19.250690686Z I20260916 12:09:19.250556   149 epoch_txn_queue_manager.h:17] All threads reached barrier, epoch: 5762, count: 4
2026-09-16T12:09:19.253185692Z I20260916 12:09:19.253065   143 consensus_control_block.h:289] consensus of epoch=5761 has reach, all vote yes.
2026-09-16T12:09:19.257257408Z I20260916 12:09:19.257120   147 transaction_manager_impl.cpp:120] Total, abort: 4 commit: 498
2026-09-16T12:09:19.257281127Z I20260916 12:09:19.257139   147 transaction_manager_impl.cpp:62] Finish with epoch id=5761
2026-09-16T12:09:19.261626425Z I20260916 12:09:19.261533    44 block_storage_to_file.cpp:46] block store in file successfully, epoch=5761
2026-09-16T12:09:19.308629460Z I20260916 12:09:19.308557   152 epoch_txn_queue_manager.h:17] All threads reached barrier, epoch: 5763, count: 4
2026-09-16T12:09:19.311426940Z I20260916 12:09:19.311353   143 consensus_control_block.h:289] consensus of epoch=5762 has reach, all vote yes.
2026-09-16T12:09:19.314023582Z I20260916 12:09:19.313925   147 transaction_manager_impl.cpp:120] Total, abort: 0 commit: 500
2026-09-16T12:09:19.314033641Z I20260916 12:09:19.313937   147 transaction_manager_impl.cpp:62] Finish with epoch id=5762
2026-09-16T12:09:19.318314752Z I20260916 12:09:19.318192    44 block_storage_to_file.cpp:46] block store in file successfully, epoch=5762
2026-09-16T12:09:19.361077823Z I20260916 12:09:19.361003   143 consensus_control_block.h:289] consensus of epoch=5763 has reach, all vote yes.
2026-09-16T12:09:19.361504649Z I20260916 12:09:19.361390   149 epoch_txn_queue_manager.h:17] All threads reached barrier, epoch: 5764, count: 4
2026-09-16T12:09:19.364931524Z I20260916 12:09:19.364849   147 transaction_manager_impl.cpp:120] Total, abort: 4 commit: 498
2026-09-16T12:09:19.364950304Z I20260916 12:09:19.364876   147 transaction_manager_impl.cpp:62] Finish with epoch id=5763
2026-09-16T12:09:19.369503123Z I20260916 12:09:19.369355    44 block_storage_to_file.cpp:46] block store in file successfully, epoch=5763
2026-09-16T12:09:19.419374660Z I20260916 12:09:19.419255   151 epoch_txn_queue_manager.h:17] All threads reached barrier, epoch: 5765, count: 4
2026-09-16T12:09:19.421259494Z I20260916 12:09:19.421195   143 consensus_control_block.h:289] consensus of epoch=5764 has reach, all vote yes.
2026-09-16T12:09:19.424619607Z I20260916 12:09:19.424532   147 transaction_manager_impl.cpp:120] Total, abort: 0 commit: 500
2026-09-16T12:09:19.424629156Z I20260916 12:09:19.424546   147 transaction_manager_impl.cpp:62] Finish with epoch id=5764
2026-09-16T12:09:19.428576707Z I20260916 12:09:19.428484    44 block_storage_to_file.cpp:46] block store in file successfully, epoch=5764
2026-09-16T12:09:19.471581006Z I20260916 12:09:19.471480   143 consensus_control_block.h:289] consensus of epoch=5765 has reach, all vote yes.
2026-09-16T12:09:19.472243971Z I20260916 12:09:19.472163   150 epoch_txn_queue_manager.h:17] All threads reached barrier, epoch: 5766, count: 4
2026-09-16T12:09:19.476015346Z I20260916 12:09:19.475907   147 transaction_manager_impl.cpp:120] Total, abort: 4 commit: 495
2026-09-16T12:09:19.476026439Z I20260916 12:09:19.475927   147 transaction_manager_impl.cpp:62] Finish with epoch id=5765
2026-09-16T12:09:19.480880411Z I20260916 12:09:19.480795    44 block_storage_to_file.cpp:46] block store in file successfully, epoch=5765
2026-09-16T12:09:19.530287899Z I20260916 12:09:19.530191   151 epoch_txn_queue_manager.h:17] All threads reached barrier, epoch: 5767, count: 4
2026-09-16T12:09:19.532852770Z I20260916 12:09:19.532806   143 consensus_control_block.h:289] consensus of epoch=5766 has reach, all vote yes.
2026-09-16T12:09:19.536302313Z I20260916 12:09:19.536135   147 transaction_manager_impl.cpp:120] Total, abort: 0 commit: 501
2026-09-16T12:09:19.536327581Z I20260916 12:09:19.536154   147 transaction_manager_impl.cpp:62] Finish with epoch id=5766
2026-09-16T12:09:19.540471499Z I20260916 12:09:19.540376    44 block_storage_to_file.cpp:46] block store in file successfully, epoch=5766
2026-09-16T12:09:19.582907605Z I20260916 12:09:19.582813   149 epoch_txn_queue_manager.h:17] All threads reached barrier, epoch: 5768, count: 4
2026-09-16T12:09:19.583391666Z I20260916 12:09:19.583323   143 consensus_control_block.h:289] consensus of epoch=5767 has reach, all vote yes.
2026-09-16T12:09:19.586724619Z I20260916 12:09:19.586642   147 transaction_manager_impl.cpp:120] Total, abort: 4 commit: 501
2026-09-16T12:09:19.586734623Z I20260916 12:09:19.586654   147 transaction_manager_impl.cpp:62] Finish with epoch id=5767
2026-09-16T12:09:19.591399938Z I20260916 12:09:19.591323    44 block_storage_to_file.cpp:46] block store in file successfully, epoch=5767
2026-09-16T12:09:19.639408791Z I20260916 12:09:19.639300   143 consensus_control_block.h:289] consensus of epoch=5768 has reach, all vote yes.
2026-09-16T12:09:19.640957266Z I20260916 12:09:19.640888   151 epoch_txn_queue_manager.h:17] All threads reached barrier, epoch: 5769, count: 4
2026-09-16T12:09:19.645175792Z I20260916 12:09:19.645107   147 transaction_manager_impl.cpp:120] Total, abort: 0 commit: 496
2026-09-16T12:09:19.646144446Z I20260916 12:09:19.645164   147 transaction_manager_impl.cpp:62] Finish with epoch id=5768
2026-09-16T12:09:19.649524383Z I20260916 12:09:19.649411    44 block_storage_to_file.cpp:46] block store in file successfully, epoch=5768
2026-09-16T12:09:19.693017821Z I20260916 12:09:19.692910   143 consensus_control_block.h:289] consensus of epoch=5769 has reach, all vote yes.
2026-09-16T12:09:19.693703348Z I20260916 12:09:19.693614   149 epoch_txn_queue_manager.h:17] All threads reached barrier, epoch: 5770, count: 4
2026-09-16T12:09:19.697512405Z I20260916 12:09:19.697412   147 transaction_manager_impl.cpp:120] Total, abort: 4 commit: 499
2026-09-16T12:09:19.697521888Z I20260916 12:09:19.697434   147 transaction_manager_impl.cpp:62] Finish with epoch id=5769
2026-09-16T12:09:19.702040612Z I20260916 12:09:19.701946    44 block_storage_to_file.cpp:46] block store in file successfully, epoch=5769
2026-09-16T12:09:19.744068699Z I20260916 12:09:19.743975   149 epoch_txn_queue_manager.h:17] All threads reached barrier, epoch: 5771, count: 4
2026-09-16T12:09:19.744455857Z I20260916 12:09:19.744410   143 consensus_control_block.h:289] consensus of epoch=5770 has reach, all vote yes.
2026-09-16T12:09:19.747917676Z I20260916 12:09:19.747834   147 transaction_manager_impl.cpp:120] Total, abort: 4 commit: 500
2026-09-16T12:09:19.747928740Z I20260916 12:09:19.747855   147 transaction_manager_impl.cpp:62] Finish with epoch id=5770
2026-09-16T12:09:19.752361630Z I20260916 12:09:19.752207    44 block_storage_to_file.cpp:46] block store in file successfully, epoch=5770
2026-09-16T12:09:19.839923232Z I20260916 12:09:19.839792   143 consensus_control_block.h:289] consensus of epoch=5771 has reach, all vote yes.
2026-09-16T12:09:19.845001096Z I20260916 12:09:19.844857   149 epoch_txn_queue_manager.h:17] All threads reached barrier, epoch: 5772, count: 4
2026-09-16T12:09:19.849249940Z I20260916 12:09:19.849161   147 transaction_manager_impl.cpp:120] Total, abort: 1 commit: 449
2026-09-16T12:09:19.849259242Z I20260916 12:09:19.849174   147 transaction_manager_impl.cpp:62] Finish with epoch id=5771
2026-09-16T12:09:19.853534754Z I20260916 12:09:19.853438    44 block_storage_to_file.cpp:46] block store in file successfully, epoch=5771
2026-09-16T12:09:19.885107459Z [epoch] I20260916 12:09:19.884968     7 chain_client.cpp:83] Sending Request to epoch_server_group at qps=0 latency=0
2026-09-16T12:09:19.902918468Z I20260916 12:09:19.902783   151 epoch_txn_queue_manager.h:17] All threads reached barrier, epoch: 5773, count: 4
2026-09-16T12:09:19.905808438Z I20260916 12:09:19.905648   143 consensus_control_block.h:289] consensus of epoch=5772 has reach, all vote yes.
2026-09-16T12:09:19.911336972Z I20260916 12:09:19.910710   147 transaction_manager_impl.cpp:120] Total, abort: 4 commit: 907
2026-09-16T12:09:19.911350672Z I20260916 12:09:19.910742   147 transaction_manager_impl.cpp:62] Finish with epoch id=5772
2026-09-16T12:09:19.918041391Z I20260916 12:09:19.917943    44 block_storage_to_file.cpp:46] block store in file successfully, epoch=5772
2026-09-16T12:09:19.940122502Z I20260916 12:09:19.940021   143 consensus_control_block.h:289] consensus of epoch=5773 has reach, all vote yes.
2026-09-16T12:09:19.945418461Z I20260916 12:09:19.945322   149 epoch_txn_queue_manager.h:17] All threads reached barrier, epoch: 5774, count: 4
2026-09-16T12:09:19.949015497Z I20260916 12:09:19.948935   147 transaction_manager_impl.cpp:120] Total, abort: 4 commit: 498
2026-09-16T12:09:19.949025013Z I20260916 12:09:19.948946   147 transaction_manager_impl.cpp:62] Finish with epoch id=5773
2026-09-16T12:09:19.953580634Z I20260916 12:09:19.953461    44 block_storage_to_file.cpp:46] block store in file successfully, epoch=5773
2026-09-16T12:09:19.997318143Z I20260916 12:09:19.997215   143 consensus_control_block.h:289] consensus of epoch=5774 has reach, all vote yes.
2026-09-16T12:09:20.003593286Z I20260916 12:09:20.003481   152 epoch_txn_queue_manager.h:17] All threads reached barrier, epoch: 5775, count: 4
2026-09-16T12:09:20.008436026Z I20260916 12:09:20.008322   147 transaction_manager_impl.cpp:120] Total, abort: 1 commit: 407
2026-09-16T12:09:20.008449335Z I20260916 12:09:20.008338   147 transaction_manager_impl.cpp:62] Finish with epoch id=5774
2026-09-16T12:09:20.013083597Z I20260916 12:09:20.012975    44 block_storage_to_file.cpp:46] block store in file successfully, epoch=5774
2026-09-16T12:09:20.045770073Z I20260916 12:09:20.045642   143 consensus_control_block.h:289] consensus of epoch=5775 has reach, all vote yes.
2026-09-16T12:09:20.046402790Z I20260916 12:09:20.046274   149 epoch_txn_queue_manager.h:17] All threads reached barrier, epoch: 5776, count: 4
2026-09-16T12:09:20.049780024Z I20260916 12:09:20.049633   147 transaction_manager_impl.cpp:120] Total, abort: 4 commit: 500
2026-09-16T12:09:20.049797018Z I20260916 12:09:20.049646   147 transaction_manager_impl.cpp:62] Finish with epoch id=5775
2026-09-16T12:09:20.053907524Z I20260916 12:09:20.053776    44 block_storage_to_file.cpp:46] block store in file successfully, epoch=5775
2026-09-16T12:09:20.126216870Z I20260916 12:09:20.123606   143 consensus_control_block.h:289] consensus of epoch=5776 has reach, all vote yes.
2026-09-16T12:09:20.126223670Z I20260916 12:09:20.124536   152 epoch_txn_queue_manager.h:17] All threads reached barrier, epoch: 5777, count: 4
2026-09-16T12:09:20.130934688Z I20260916 12:09:20.130833   147 transaction_manager_impl.cpp:120] Total, abort: 1 commit: 404
2026-09-16T12:09:20.130946711Z I20260916 12:09:20.130854   147 transaction_manager_impl.cpp:62] Finish with epoch id=5776
2026-09-16T12:09:20.134701461Z I20260916 12:09:20.134591    44 block_storage_to_file.cpp:46] block store in file successfully, epoch=5776
2026-09-16T12:09:20.146391557Z I20260916 12:09:20.146275   151 epoch_txn_queue_manager.h:17] All threads reached barrier, epoch: 5778, count: 4
2026-09-16T12:09:20.148178507Z I20260916 12:09:20.148066   143 consensus_control_block.h:289] consensus of epoch=5777 has reach, all vote yes.
2026-09-16T12:09:20.150570980Z I20260916 12:09:20.150470   147 transaction_manager_impl.cpp:120] Total, abort: 4 commit: 486
2026-09-16T12:09:20.150592850Z I20260916 12:09:20.150497   147 transaction_manager_impl.cpp:62] Finish with epoch id=5777
2026-09-16T12:09:20.155209444Z I20260916 12:09:20.155125    44 block_storage_to_file.cpp:46] block store in file successfully, epoch=5777
2026-09-16T12:09:20.201426892Z I20260916 12:09:20.201248   149 epoch_txn_queue_manager.h:17] All threads reached barrier, epoch: 5779, count: 4
2026-09-16T12:09:20.202459142Z I20260916 12:09:20.202385   143 consensus_control_block.h:289] consensus of epoch=5778 has reach, all vote yes.
2026-09-16T12:09:20.204544076Z I20260916 12:09:20.204452   147 transaction_manager_impl.cpp:120] Total, abort: 1 commit: 369
2026-09-16T12:09:20.204550586Z I20260916 12:09:20.204463   147 transaction_manager_impl.cpp:62] Finish with epoch id=5778
2026-09-16T12:09:20.207944139Z I20260916 12:09:20.207851    44 block_storage_to_file.cpp:46] block store in file successfully, epoch=5778
2026-09-16T12:09:20.257036094Z I20260916 12:09:20.256917   151 epoch_txn_queue_manager.h:17] All threads reached barrier, epoch: 5780, count: 4
2026-09-16T12:09:20.258567815Z I20260916 12:09:20.258469   143 consensus_control_block.h:289] consensus of epoch=5779 has reach, all vote yes.
2026-09-16T12:09:20.262490506Z I20260916 12:09:20.262387   147 transaction_manager_impl.cpp:120] Total, abort: 4 commit: 538
2026-09-16T12:09:20.262504050Z I20260916 12:09:20.262418   147 transaction_manager_impl.cpp:62] Finish with epoch id=5779
2026-09-16T12:09:20.267152783Z I20260916 12:09:20.267063    44 block_storage_to_file.cpp:46] block store in file successfully, epoch=5779
2026-09-16T12:09:20.310939319Z I20260916 12:09:20.310855   152 epoch_txn_queue_manager.h:17] All threads reached barrier, epoch: 5781, count: 4
2026-09-16T12:09:20.313690709Z I20260916 12:09:20.313608   143 consensus_control_block.h:289] consensus of epoch=5780 has reach, all vote yes.
2026-09-16T12:09:20.316637970Z I20260916 12:09:20.316581   147 transaction_manager_impl.cpp:120] Total, abort: 0 commit: 475
2026-09-16T12:09:20.316644574Z I20260916 12:09:20.316597   147 transaction_manager_impl.cpp:62] Finish with epoch id=5780
2026-09-16T12:09:20.320847268Z I20260916 12:09:20.320751    44 block_storage_to_file.cpp:46] block store in file successfully, epoch=5780
2026-09-16T12:09:20.359308738Z I20260916 12:09:20.359233   143 consensus_control_block.h:289] consensus of epoch=5781 has reach, all vote yes.
2026-09-16T12:09:20.362299656Z I20260916 12:09:20.362234   149 epoch_txn_queue_manager.h:17] All threads reached barrier, epoch: 5782, count: 4
2026-09-16T12:09:20.365977211Z I20260916 12:09:20.365824   147 transaction_manager_impl.cpp:120] Total, abort: 5 commit: 496
2026-09-16T12:09:20.365986055Z I20260916 12:09:20.365844   147 transaction_manager_impl.cpp:62] Finish with epoch id=5781
2026-09-16T12:09:20.370385741Z I20260916 12:09:20.370249    44 block_storage_to_file.cpp:46] block store in file successfully, epoch=5781
2026-09-16T12:09:20.443008660Z I20260916 12:09:20.442924   143 consensus_control_block.h:289] consensus of epoch=5782 has reach, all vote yes.
2026-09-16T12:09:20.448242610Z I20260916 12:09:20.448153   151 epoch_txn_queue_manager.h:17] All threads reached barrier, epoch: 5783, count: 4
2026-09-16T12:09:20.452492244Z I20260916 12:09:20.452420   147 transaction_manager_impl.cpp:120] Total, abort: 0 commit: 475
2026-09-16T12:09:20.452503178Z I20260916 12:09:20.452440   147 transaction_manager_impl.cpp:62] Finish with epoch id=5782
2026-09-16T12:09:20.456683642Z I20260916 12:09:20.456573    44 block_storage_to_file.cpp:46] block store in file successfully, epoch=5782
2026-09-16T12:09:20.503349861Z I20260916 12:09:20.503204   149 epoch_txn_queue_manager.h:17] All threads reached barrier, epoch: 5784, count: 4
2026-09-16T12:09:20.504503694Z I20260916 12:09:20.504431   143 consensus_control_block.h:289] consensus of epoch=5783 has reach, all vote yes.
2026-09-16T12:09:20.507730759Z I20260916 12:09:20.507637   147 transaction_manager_impl.cpp:120] Total, abort: 4 commit: 750
2026-09-16T12:09:20.507742941Z I20260916 12:09:20.507650   147 transaction_manager_impl.cpp:62] Finish with epoch id=5783
2026-09-16T12:09:20.513734792Z I20260916 12:09:20.513590    44 block_storage_to_file.cpp:46] block store in file successfully, epoch=5783
2026-09-16T12:09:20.549102761Z I20260916 12:09:20.549000   151 epoch_txn_queue_manager.h:17] All threads reached barrier, epoch: 5785, count: 4
2026-09-16T12:09:20.550592543Z I20260916 12:09:20.550501   143 consensus_control_block.h:289] consensus of epoch=5784 has reach, all vote yes.
2026-09-16T12:09:20.553943665Z I20260916 12:09:20.553833   147 transaction_manager_impl.cpp:120] Total, abort: 5 commit: 520
2026-09-16T12:09:20.553956203Z I20260916 12:09:20.553846   147 transaction_manager_impl.cpp:62] Finish with epoch id=5784
2026-09-16T12:09:20.558595623Z I20260916 12:09:20.558516    44 block_storage_to_file.cpp:46] block store in file successfully, epoch=5784
2026-09-16T12:09:20.604174117Z I20260916 12:09:20.604029   149 epoch_txn_queue_manager.h:17] All threads reached barrier, epoch: 5786, count: 4
2026-09-16T12:09:20.605788088Z I20260916 12:09:20.605710   143 consensus_control_block.h:289] consensus of epoch=5785 has reach, all vote yes.
2026-09-16T12:09:20.608011445Z I20260916 12:09:20.607923   147 transaction_manager_impl.cpp:120] Total, abort: 0 commit: 384
2026-09-16T12:09:20.608023879Z I20260916 12:09:20.607936   147 transaction_manager_impl.cpp:62] Finish with epoch id=5785
2026-09-16T12:09:20.612173033Z I20260916 12:09:20.612085    44 block_storage_to_file.cpp:46] block store in file successfully, epoch=5785
2026-09-16T12:09:20.649683918Z I20260916 12:09:20.649609   151 epoch_txn_queue_manager.h:17] All threads reached barrier, epoch: 5787, count: 4
2026-09-16T12:09:20.651636929Z I20260916 12:09:20.651485   143 consensus_control_block.h:289] consensus of epoch=5786 has reach, all vote yes.
2026-09-16T12:09:20.655050933Z I20260916 12:09:20.654956   147 transaction_manager_impl.cpp:120] Total, abort: 4 commit: 521
2026-09-16T12:09:20.655067192Z I20260916 12:09:20.654975   147 transaction_manager_impl.cpp:62] Finish with epoch id=5786
2026-09-16T12:09:20.659378104Z I20260916 12:09:20.659307    44 block_storage_to_file.cpp:46] block store in file successfully, epoch=5786
2026-09-16T12:09:20.704013811Z I20260916 12:09:20.703923   152 epoch_txn_queue_manager.h:17] All threads reached barrier, epoch: 5788, count: 4
2026-09-16T12:09:20.706968202Z I20260916 12:09:20.706890   143 consensus_control_block.h:289] consensus of epoch=5787 has reach, all vote yes.
2026-09-16T12:09:20.709794137Z I20260916 12:09:20.709683   147 transaction_manager_impl.cpp:120] Total, abort: 1 commit: 384
2026-09-16T12:09:20.709810611Z I20260916 12:09:20.709717   147 transaction_manager_impl.cpp:62] Finish with epoch id=5787
2026-09-16T12:09:20.713325692Z I20260916 12:09:20.713213    44 block_storage_to_file.cpp:46] block store in file successfully, epoch=5787
2026-09-16T12:09:20.751968278Z I20260916 12:09:20.751878   143 consensus_control_block.h:289] consensus of epoch=5788 has reach, all vote yes.
2026-09-16T12:09:20.755123795Z I20260916 12:09:20.755015   149 epoch_txn_queue_manager.h:17] All threads reached barrier, epoch: 5789, count: 4
2026-09-16T12:09:20.758618084Z I20260916 12:09:20.758522   147 transaction_manager_impl.cpp:120] Total, abort: 4 commit: 500
2026-09-16T12:09:20.758630680Z I20260916 12:09:20.758553   147 transaction_manager_impl.cpp:62] Finish with epoch id=5788
2026-09-16T12:09:20.763059980Z I20260916 12:09:20.762998    44 block_storage_to_file.cpp:46] block store in file successfully, epoch=5788
2026-09-16T12:09:20.806418960Z I20260916 12:09:20.806334   143 consensus_control_block.h:289] consensus of epoch=5789 has reach, all vote yes.
2026-09-16T12:09:20.810943369Z I20260916 12:09:20.810863   151 epoch_txn_queue_manager.h:17] All threads reached barrier, epoch: 5790, count: 4
2026-09-16T12:09:20.814527385Z I20260916 12:09:20.814446   147 transaction_manager_impl.cpp:120] Total, abort: 1 commit: 476
2026-09-16T12:09:20.814550895Z I20260916 12:09:20.814464   147 transaction_manager_impl.cpp:62] Finish with epoch id=5789
2026-09-16T12:09:20.818885216Z I20260916 12:09:20.818778    44 block_storage_to_file.cpp:46] block store in file successfully, epoch=5789
2026-09-16T12:09:20.863185779Z I20260916 12:09:20.863061   143 consensus_control_block.h:289] consensus of epoch=5790 has reach, all vote yes.
2026-09-16T12:09:20.865043506Z I20260916 12:09:20.864933   152 epoch_txn_queue_manager.h:17] All threads reached barrier, epoch: 5791, count: 4
2026-09-16T12:09:20.869030638Z I20260916 12:09:20.868917   147 transaction_manager_impl.cpp:120] Total, abort: 4 commit: 472
2026-09-16T12:09:20.869040850Z I20260916 12:09:20.868959   147 transaction_manager_impl.cpp:62] Finish with epoch id=5790
2026-09-16T12:09:20.873533920Z I20260916 12:09:20.873445    44 block_storage_to_file.cpp:46] block store in file successfully, epoch=5790
2026-09-16T12:09:20.885228395Z [epoch] I20260916 12:09:20.885085     7 chain_client.cpp:83] Sending Request to epoch_server_group at qps=0 latency=0
2026-09-16T12:09:20.917140512Z I20260916 12:09:20.917042   143 consensus_control_block.h:289] consensus of epoch=5791 has reach, all vote yes.
2026-09-16T12:09:20.918557253Z I20260916 12:09:20.918473   149 epoch_txn_queue_manager.h:17] All threads reached barrier, epoch: 5792, count: 4
2026-09-16T12:09:20.921537062Z I20260916 12:09:20.921449   147 transaction_manager_impl.cpp:120] Total, abort: 0 commit: 504
2026-09-16T12:09:20.921554656Z I20260916 12:09:20.921489   147 transaction_manager_impl.cpp:62] Finish with epoch id=5791
2026-09-16T12:09:20.925948444Z I20260916 12:09:20.925832    44 block_storage_to_file.cpp:46] block store in file successfully, epoch=5791
2026-09-16T12:09:20.944124215Z I20260916 12:09:20.944047   143 consensus_control_block.h:289] consensus of epoch=5792 has reach, all vote yes.
2026-09-16T12:09:20.971953040Z I20260916 12:09:20.971817   151 epoch_txn_queue_manager.h:17] All threads reached barrier, epoch: 5793, count: 4
2026-09-16T12:09:20.975754666Z I20260916 12:09:20.975634   147 transaction_manager_impl.cpp:120] Total, abort: 4 commit: 477
2026-09-16T12:09:20.975777006Z I20260916 12:09:20.975657   147 transaction_manager_impl.cpp:62] Finish with epoch id=5792
2026-09-16T12:09:20.980083086Z I20260916 12:09:20.979979    44 block_storage_to_file.cpp:46] block store in file successfully, epoch=5792
2026-09-16T12:09:21.026306593Z I20260916 12:09:21.026216   152 epoch_txn_queue_manager.h:17] All threads reached barrier, epoch: 5794, count: 4
2026-09-16T12:09:21.027862903Z I20260916 12:09:21.027720   143 consensus_control_block.h:289] consensus of epoch=5793 has reach, all vote yes.
2026-09-16T12:09:21.031221092Z I20260916 12:09:21.031126   147 transaction_manager_impl.cpp:120] Total, abort: 0 commit: 476
2026-09-16T12:09:21.031232404Z I20260916 12:09:21.031140   147 transaction_manager_impl.cpp:62] Finish with epoch id=5793
2026-09-16T12:09:21.035812070Z I20260916 12:09:21.035678    44 block_storage_to_file.cpp:46] block store in file successfully, epoch=5793
2026-09-16T12:09:21.074194769Z I20260916 12:09:21.074105   143 consensus_control_block.h:289] consensus of epoch=5794 has reach, all vote yes.
2026-09-16T12:09:21.079541002Z I20260916 12:09:21.079464   149 epoch_txn_queue_manager.h:17] All threads reached barrier, epoch: 5795, count: 4
2026-09-16T12:09:21.084562125Z I20260916 12:09:21.084443   147 transaction_manager_impl.cpp:120] Total, abort: 4 commit: 496
2026-09-16T12:09:21.084577199Z I20260916 12:09:21.084460   147 transaction_manager_impl.cpp:62] Finish with epoch id=5794
2026-09-16T12:09:21.088663262Z I20260916 12:09:21.088523    44 block_storage_to_file.cpp:46] block store in file successfully, epoch=5794
2026-09-16T12:09:21.128688399Z I20260916 12:09:21.128567   143 consensus_control_block.h:289] consensus of epoch=5795 has reach, all vote yes.
2026-09-16T12:09:21.132999252Z I20260916 12:09:21.132920   151 epoch_txn_queue_manager.h:17] All threads reached barrier, epoch: 5796, count: 4
2026-09-16T12:09:21.137120391Z I20260916 12:09:21.137014   147 transaction_manager_impl.cpp:120] Total, abort: 0 commit: 478
2026-09-16T12:09:21.137138896Z I20260916 12:09:21.137037   147 transaction_manager_impl.cpp:62] Finish with epoch id=5795
2026-09-16T12:09:21.141273832Z I20260916 12:09:21.141157    44 block_storage_to_file.cpp:46] block store in file successfully, epoch=5795
2026-09-16T12:09:21.186051092Z I20260916 12:09:21.185958   143 consensus_control_block.h:289] consensus of epoch=5796 has reach, all vote yes.
2026-09-16T12:09:21.187244468Z I20260916 12:09:21.187165   152 epoch_txn_queue_manager.h:17] All threads reached barrier, epoch: 5797, count: 4
2026-09-16T12:09:21.190575105Z I20260916 12:09:21.190513   147 transaction_manager_impl.cpp:120] Total, abort: 4 commit: 475
2026-09-16T12:09:21.190580582Z I20260916 12:09:21.190531   147 transaction_manager_impl.cpp:62] Finish with epoch id=5796
2026-09-16T12:09:21.195537633Z I20260916 12:09:21.195405    44 block_storage_to_file.cpp:46] block store in file successfully, epoch=5796
2026-09-16T12:09:21.239670560Z I20260916 12:09:21.239550   143 consensus_control_block.h:289] consensus of epoch=5797 has reach, all vote yes.
2026-09-16T12:09:21.240743058Z I20260916 12:09:21.240618   149 epoch_txn_queue_manager.h:17] All threads reached barrier, epoch: 5798, count: 4
2026-09-16T12:09:21.244173532Z I20260916 12:09:21.244061   147 transaction_manager_impl.cpp:120] Total, abort: 2 commit: 499
2026-09-16T12:09:21.244186766Z I20260916 12:09:21.244092   147 transaction_manager_impl.cpp:62] Finish with epoch id=5797
2026-09-16T12:09:21.248706483Z I20260916 12:09:21.248589    44 block_storage_to_file.cpp:46] block store in file successfully, epoch=5797
2026-09-16T12:09:21.294338025Z I20260916 12:09:21.294175   151 epoch_txn_queue_manager.h:17] All threads reached barrier, epoch: 5799, count: 4
2026-09-16T12:09:21.296673142Z I20260916 12:09:21.296550   143 consensus_control_block.h:289] consensus of epoch=5798 has reach, all vote yes.
2026-09-16T12:09:21.304307963Z I20260916 12:09:21.304126   147 transaction_manager_impl.cpp:120] Total, abort: 3 commit: 475
2026-09-16T12:09:21.304327510Z I20260916 12:09:21.304140   147 transaction_manager_impl.cpp:62] Finish with epoch id=5798
2026-09-16T12:09:21.308095287Z I20260916 12:09:21.308001    44 block_storage_to_file.cpp:46] block store in file successfully, epoch=5798
2026-09-16T12:09:21.347648087Z I20260916 12:09:21.347543   143 consensus_control_block.h:289] consensus of epoch=5799 has reach, all vote yes.
2026-09-16T12:09:21.348686992Z I20260916 12:09:21.348584   152 epoch_txn_queue_manager.h:17] All threads reached barrier, epoch: 5800, count: 4
2026-09-16T12:09:21.352191686Z I20260916 12:09:21.352048   147 transaction_manager_impl.cpp:120] Total, abort: 4 commit: 478
2026-09-16T12:09:21.352218145Z I20260916 12:09:21.352066   147 transaction_manager_impl.cpp:62] Finish with epoch id=5799
2026-09-16T12:09:21.357563149Z I20260916 12:09:21.357383    44 block_storage_to_file.cpp:46] block store in file successfully, epoch=5799
2026-09-16T12:09:21.400812912Z I20260916 12:09:21.400712   143 consensus_control_block.h:289] consensus of epoch=5800 has reach, all vote yes.
2026-09-16T12:09:21.402146683Z I20260916 12:09:21.402051   149 epoch_txn_queue_manager.h:17] All threads reached barrier, epoch: 5801, count: 4
2026-09-16T12:09:21.405059691Z I20260916 12:09:21.404960   147 transaction_manager_impl.cpp:120] Total, abort: 0 commit: 496
2026-09-16T12:09:21.405067484Z I20260916 12:09:21.404984   147 transaction_manager_impl.cpp:62] Finish with epoch id=5800
2026-09-16T12:09:21.410769727Z I20260916 12:09:21.410676    44 block_storage_to_file.cpp:46] block store in file successfully, epoch=5800
2026-09-16T12:09:21.455542187Z I20260916 12:09:21.455370   151 epoch_txn_queue_manager.h:17] All threads reached barrier, epoch: 5802, count: 4
2026-09-16T12:09:21.458287918Z I20260916 12:09:21.458184   143 consensus_control_block.h:289] consensus of epoch=5801 has reach, all vote yes.
2026-09-16T12:09:21.461117679Z I20260916 12:09:21.461021   147 transaction_manager_impl.cpp:120] Total, abort: 4 commit: 476
2026-09-16T12:09:21.461124876Z I20260916 12:09:21.461035   147 transaction_manager_impl.cpp:62] Finish with epoch id=5801
2026-09-16T12:09:21.465024503Z I20260916 12:09:21.464951    44 block_storage_to_file.cpp:46] block store in file successfully, epoch=5801
2026-09-16T12:09:21.509603466Z I20260916 12:09:21.509485   152 epoch_txn_queue_manager.h:17] All threads reached barrier, epoch: 5803, count: 4
2026-09-16T12:09:21.511449941Z I20260916 12:09:21.511377   143 consensus_control_block.h:289] consensus of epoch=5802 has reach, all vote yes.
2026-09-16T12:09:21.514232428Z I20260916 12:09:21.514153   147 transaction_manager_impl.cpp:120] Total, abort: 0 commit: 480
2026-09-16T12:09:21.514241651Z I20260916 12:09:21.514166   147 transaction_manager_impl.cpp:62] Finish with epoch id=5802
2026-09-16T12:09:21.518333937Z I20260916 12:09:21.518234    44 block_storage_to_file.cpp:46] block store in file successfully, epoch=5802
2026-09-16T12:09:21.559463707Z I20260916 12:09:21.559307   143 consensus_control_block.h:289] consensus of epoch=5803 has reach, all vote yes.
2026-09-16T12:09:21.563002598Z I20260916 12:09:21.562923   149 epoch_txn_queue_manager.h:17] All threads reached barrier, epoch: 5804, count: 4
2026-09-16T12:09:21.566278137Z I20260916 12:09:21.566128   147 transaction_manager_impl.cpp:120] Total, abort: 5 commit: 496
2026-09-16T12:09:21.566295672Z I20260916 12:09:21.566177   147 transaction_manager_impl.cpp:62] Finish with epoch id=5803
2026-09-16T12:09:21.571585461Z I20260916 12:09:21.571460    44 block_storage_to_file.cpp:46] block store in file successfully, epoch=5803
2026-09-16T12:09:21.619659623Z I20260916 12:09:21.619540   150 epoch_txn_queue_manager.h:17] All threads reached barrier, epoch: 5805, count: 4
2026-09-16T12:09:21.622163676Z I20260916 12:09:21.622072   143 consensus_control_block.h:289] consensus of epoch=5804 has reach, all vote yes.
2026-09-16T12:09:21.625206589Z I20260916 12:09:21.625144   147 transaction_manager_impl.cpp:120] Total, abort: 0 commit: 478
2026-09-16T12:09:21.625213596Z I20260916 12:09:21.625155   147 transaction_manager_impl.cpp:62] Finish with epoch id=5804
2026-09-16T12:09:21.629383599Z I20260916 12:09:21.629285    44 block_storage_to_file.cpp:46] block store in file successfully, epoch=5804
2026-09-16T12:09:21.671055196Z I20260916 12:09:21.670984   143 consensus_control_block.h:289] consensus of epoch=5805 has reach, all vote yes.
2026-09-16T12:09:21.671061712Z I20260916 12:09:21.671039   152 epoch_txn_queue_manager.h:17] All threads reached barrier, epoch: 5806, count: 4
2026-09-16T12:09:21.676683391Z I20260916 12:09:21.676589   147 transaction_manager_impl.cpp:120] Total, abort: 4 commit: 499
2026-09-16T12:09:21.676697398Z I20260916 12:09:21.676606   147 transaction_manager_impl.cpp:62] Finish with epoch id=5805
2026-09-16T12:09:21.680892262Z I20260916 12:09:21.680811    44 block_storage_to_file.cpp:46] block store in file successfully, epoch=5805
2026-09-16T12:09:21.722915183Z I20260916 12:09:21.722806   143 consensus_control_block.h:289] consensus of epoch=5806 has reach, all vote yes.
2026-09-16T12:09:21.724126964Z I20260916 12:09:21.724030   149 epoch_txn_queue_manager.h:17] All threads reached barrier, epoch: 5807, count: 4
2026-09-16T12:09:21.726795063Z I20260916 12:09:21.726707   147 transaction_manager_impl.cpp:120] Total, abort: 0 commit: 474
2026-09-16T12:09:21.726812041Z I20260916 12:09:21.726724   147 transaction_manager_impl.cpp:62] Finish with epoch id=5806
2026-09-16T12:09:21.731237535Z I20260916 12:09:21.731153    44 block_storage_to_file.cpp:46] block store in file successfully, epoch=5806
2026-09-16T12:09:21.780786581Z I20260916 12:09:21.780730   150 epoch_txn_queue_manager.h:17] All threads reached barrier, epoch: 5808, count: 4
2026-09-16T12:09:21.781040273Z I20260916 12:09:21.780944   143 consensus_control_block.h:289] consensus of epoch=5807 has reach, all vote yes.
2026-09-16T12:09:21.784069524Z I20260916 12:09:21.783970   147 transaction_manager_impl.cpp:120] Total, abort: 4 commit: 477
2026-09-16T12:09:21.784079016Z I20260916 12:09:21.783982   147 transaction_manager_impl.cpp:62] Finish with epoch id=5807
2026-09-16T12:09:21.788341297Z I20260916 12:09:21.788180    44 block_storage_to_file.cpp:46] block store in file successfully, epoch=5807
2026-09-16T12:09:21.831674068Z I20260916 12:09:21.831537   152 epoch_txn_queue_manager.h:17] All threads reached barrier, epoch: 5809, count: 4
2026-09-16T12:09:21.834311074Z I20260916 12:09:21.834185   143 consensus_control_block.h:289] consensus of epoch=5808 has reach, all vote yes.
2026-09-16T12:09:21.838038948Z I20260916 12:09:21.837889   147 transaction_manager_impl.cpp:120] Total, abort: 0 commit: 498
2026-09-16T12:09:21.838054583Z I20260916 12:09:21.837910   147 transaction_manager_impl.cpp:62] Finish with epoch id=5808
2026-09-16T12:09:21.842386515Z I20260916 12:09:21.842325    44 block_storage_to_file.cpp:46] block store in file successfully, epoch=5808
2026-09-16T12:09:21.882825927Z I20260916 12:09:21.882732   143 consensus_control_block.h:289] consensus of epoch=5809 has reach, all vote yes.
2026-09-16T12:09:21.885166454Z I20260916 12:09:21.885076   149 epoch_txn_queue_manager.h:17] All threads reached barrier, epoch: 5810, count: 4
2026-09-16T12:09:21.885344226Z [epoch] I20260916 12:09:21.885221     7 chain_client.cpp:83] Sending Request to epoch_server_group at qps=0 latency=0
2026-09-16T12:09:21.889017589Z I20260916 12:09:21.888913   147 transaction_manager_impl.cpp:120] Total, abort: 4 commit: 476
2026-09-16T12:09:21.889032548Z I20260916 12:09:21.888931   147 transaction_manager_impl.cpp:62] Finish with epoch id=5809
2026-09-16T12:09:21.893033745Z I20260916 12:09:21.892932    44 block_storage_to_file.cpp:46] block store in file successfully, epoch=5809
2026-09-16T12:09:21.934392400Z I20260916 12:09:21.934299   143 consensus_control_block.h:289] consensus of epoch=5810 has reach, all vote yes.
2026-09-16T12:09:21.942041750Z I20260916 12:09:21.941811   150 epoch_txn_queue_manager.h:17] All threads reached barrier, epoch: 5811, count: 4
2026-09-16T12:09:21.945319184Z I20260916 12:09:21.945227   147 transaction_manager_impl.cpp:120] Total, abort: 1 commit: 476
2026-09-16T12:09:21.945327882Z I20260916 12:09:21.945247   147 transaction_manager_impl.cpp:62] Finish with epoch id=5810
2026-09-16T12:09:21.949379630Z I20260916 12:09:21.949290    44 block_storage_to_file.cpp:46] block store in file successfully, epoch=5810
2026-09-16T12:09:22.044039823Z I20260916 12:09:22.043926   143 consensus_control_block.h:289] consensus of epoch=5811 has reach, all vote yes.
2026-09-16T12:09:22.046419114Z I20260916 12:09:22.046334   149 epoch_txn_queue_manager.h:17] All threads reached barrier, epoch: 5812, count: 4
2026-09-16T12:09:22.050029703Z I20260916 12:09:22.049906   147 transaction_manager_impl.cpp:120] Total, abort: 4 commit: 497
2026-09-16T12:09:22.050044509Z I20260916 12:09:22.049937   147 transaction_manager_impl.cpp:62] Finish with epoch id=5811
2026-09-16T12:09:22.054793929Z I20260916 12:09:22.054638    44 block_storage_to_file.cpp:46] block store in file successfully, epoch=5811
2026-09-16T12:09:22.055168919Z I20260916 12:09:22.055076   150 epoch_txn_queue_manager.h:17] All threads reached barrier, epoch: 5813, count: 4
2026-09-16T12:09:22.056359367Z I20260916 12:09:22.056234   143 consensus_control_block.h:289] consensus of epoch=5812 has reach, all vote yes.
2026-09-16T12:09:22.059892758Z I20260916 12:09:22.059823   147 transaction_manager_impl.cpp:120] Total, abort: 4 commit: 953
2026-09-16T12:09:22.059936171Z I20260916 12:09:22.059876   147 transaction_manager_impl.cpp:62] Finish with epoch id=5812
2026-09-16T12:09:22.067066647Z I20260916 12:09:22.066962    44 block_storage_to_file.cpp:46] block store in file successfully, epoch=5812
2026-09-16T12:09:22.106756792Z I20260916 12:09:22.106606   149 epoch_txn_queue_manager.h:17] All threads reached barrier, epoch: 5814, count: 4
2026-09-16T12:09:22.106905233Z I20260916 12:09:22.106846   143 consensus_control_block.h:289] consensus of epoch=5813 has reach, all vote yes.
2026-09-16T12:09:22.107779452Z I20260916 12:09:22.107713   147 transaction_manager_impl.cpp:120] Total, abort: 0 commit: 67
2026-09-16T12:09:22.107784870Z I20260916 12:09:22.107725   147 transaction_manager_impl.cpp:62] Finish with epoch id=5813
2026-09-16T12:09:22.108780896Z I20260916 12:09:22.108714    44 block_storage_to_file.cpp:46] block store in file successfully, epoch=5813
2026-09-16T12:09:22.163072233Z I20260916 12:09:22.162971   143 consensus_control_block.h:289] consensus of epoch=5814 has reach, all vote yes.
2026-09-16T12:09:22.163469092Z I20260916 12:09:22.163396   150 epoch_txn_queue_manager.h:17] All threads reached barrier, epoch: 5815, count: 4
2026-09-16T12:09:22.167501704Z I20260916 12:09:22.167434   147 transaction_manager_impl.cpp:120] Total, abort: 4 commit: 476
2026-09-16T12:09:22.167513192Z I20260916 12:09:22.167464   147 transaction_manager_impl.cpp:62] Finish with epoch id=5814
2026-09-16T12:09:22.172089284Z I20260916 12:09:22.171974    44 block_storage_to_file.cpp:46] block store in file successfully, epoch=5814
2026-09-16T12:09:22.214743790Z I20260916 12:09:22.214619   152 epoch_txn_queue_manager.h:17] All threads reached barrier, epoch: 5816, count: 4
2026-09-16T12:09:22.218772201Z I20260916 12:09:22.218602   143 consensus_control_block.h:289] consensus of epoch=5815 has reach, all vote yes.
2026-09-16T12:09:22.221568334Z I20260916 12:09:22.221464   147 transaction_manager_impl.cpp:120] Total, abort: 0 commit: 499
2026-09-16T12:09:22.221574184Z I20260916 12:09:22.221477   147 transaction_manager_impl.cpp:62] Finish with epoch id=5815
2026-09-16T12:09:22.226101175Z I20260916 12:09:22.226003    44 block_storage_to_file.cpp:46] block store in file successfully, epoch=5815
2026-09-16T12:09:22.264063701Z I20260916 12:09:22.263974   143 consensus_control_block.h:289] consensus of epoch=5816 has reach, all vote yes.
2026-09-16T12:09:22.267811911Z I20260916 12:09:22.267710   149 epoch_txn_queue_manager.h:17] All threads reached barrier, epoch: 5817, count: 4
2026-09-16T12:09:22.272570593Z I20260916 12:09:22.272477   147 transaction_manager_impl.cpp:120] Total, abort: 4 commit: 477
2026-09-16T12:09:22.272585599Z I20260916 12:09:22.272495   147 transaction_manager_impl.cpp:62] Finish with epoch id=5816
2026-09-16T12:09:22.278808848Z I20260916 12:09:22.278738    44 block_storage_to_file.cpp:46] block store in file successfully, epoch=5816
2026-09-16T12:09:22.317717413Z I20260916 12:09:22.317629   143 consensus_control_block.h:289] consensus of epoch=5817 has reach, all vote yes.
2026-09-16T12:09:22.322892101Z I20260916 12:09:22.322782   151 epoch_txn_queue_manager.h:17] All threads reached barrier, epoch: 5818, count: 4
2026-09-16T12:09:22.326277253Z I20260916 12:09:22.326213   147 transaction_manager_impl.cpp:120] Total, abort: 1 commit: 473
2026-09-16T12:09:22.326288587Z I20260916 12:09:22.326239   147 transaction_manager_impl.cpp:62] Finish with epoch id=5817
2026-09-16T12:09:22.330237143Z I20260916 12:09:22.330168    44 block_storage_to_file.cpp:46] block store in file successfully, epoch=5817
2026-09-16T12:09:22.375024962Z I20260916 12:09:22.374919   143 consensus_control_block.h:289] consensus of epoch=5818 has reach, all vote yes.
2026-09-16T12:09:22.375615699Z I20260916 12:09:22.375553   152 epoch_txn_queue_manager.h:17] All threads reached barrier, epoch: 5819, count: 4
2026-09-16T12:09:22.378828951Z I20260916 12:09:22.378737   147 transaction_manager_impl.cpp:120] Total, abort: 4 commit: 477
2026-09-16T12:09:22.378841083Z I20260916 12:09:22.378765   147 transaction_manager_impl.cpp:62] Finish with epoch id=5818
2026-09-16T12:09:22.383351820Z I20260916 12:09:22.383260    44 block_storage_to_file.cpp:46] block store in file successfully, epoch=5818
2026-09-16T12:09:22.428730262Z I20260916 12:09:22.428618   143 consensus_control_block.h:289] consensus of epoch=5819 has reach, all vote yes.
2026-09-16T12:09:22.429099301Z I20260916 12:09:22.429031   149 epoch_txn_queue_manager.h:17] All threads reached barrier, epoch: 5820, count: 4
2026-09-16T12:09:22.432364986Z I20260916 12:09:22.432266   147 transaction_manager_impl.cpp:120] Total, abort: 1 commit: 498
2026-09-16T12:09:22.432375586Z I20260916 12:09:22.432279   147 transaction_manager_impl.cpp:62] Finish with epoch id=5819
2026-09-16T12:09:22.437149390Z I20260916 12:09:22.437042    44 block_storage_to_file.cpp:46] block store in file successfully, epoch=5819
2026-09-16T12:09:22.483935436Z I20260916 12:09:22.483856   151 epoch_txn_queue_manager.h:17] All threads reached barrier, epoch: 5821, count: 4
2026-09-16T12:09:22.485910595Z I20260916 12:09:22.485771   143 consensus_control_block.h:289] consensus of epoch=5820 has reach, all vote yes.
2026-09-16T12:09:22.489552467Z I20260916 12:09:22.489432   147 transaction_manager_impl.cpp:120] Total, abort: 4 commit: 477
2026-09-16T12:09:22.489563594Z I20260916 12:09:22.489446   147 transaction_manager_impl.cpp:62] Finish with epoch id=5820
2026-09-16T12:09:22.494315219Z I20260916 12:09:22.494184    44 block_storage_to_file.cpp:46] block store in file successfully, epoch=5820
2026-09-16T12:09:22.536697067Z I20260916 12:09:22.536621   152 epoch_txn_queue_manager.h:17] All threads reached barrier, epoch: 5822, count: 4
2026-09-16T12:09:22.539390210Z I20260916 12:09:22.539309   143 consensus_control_block.h:289] consensus of epoch=5821 has reach, all vote yes.
2026-09-16T12:09:22.542647986Z I20260916 12:09:22.542595   147 transaction_manager_impl.cpp:120] Total, abort: 0 commit: 475
2026-09-16T12:09:22.542654221Z I20260916 12:09:22.542608   147 transaction_manager_impl.cpp:62] Finish with epoch id=5821
2026-09-16T12:09:22.546749929Z I20260916 12:09:22.546603    44 block_storage_to_file.cpp:46] block store in file successfully, epoch=5821
2026-09-16T12:09:22.586332485Z I20260916 12:09:22.586223   143 consensus_control_block.h:289] consensus of epoch=5822 has reach, all vote yes.
2026-09-16T12:09:22.590160434Z I20260916 12:09:22.590080   149 epoch_txn_queue_manager.h:17] All threads reached barrier, epoch: 5823, count: 4
2026-09-16T12:09:22.593460468Z I20260916 12:09:22.593374   147 transaction_manager_impl.cpp:120] Total, abort: 4 commit: 499
2026-09-16T12:09:22.593469864Z I20260916 12:09:22.593385   147 transaction_manager_impl.cpp:62] Finish with epoch id=5822
2026-09-16T12:09:22.597967402Z I20260916 12:09:22.597813    44 block_storage_to_file.cpp:46] block store in file successfully, epoch=5822
2026-09-16T12:09:22.640147158Z I20260916 12:09:22.640031   143 consensus_control_block.h:289] consensus of epoch=5823 has reach, all vote yes.
2026-09-16T12:09:22.645100674Z I20260916 12:09:22.645015   151 epoch_txn_queue_manager.h:17] All threads reached barrier, epoch: 5824, count: 4
2026-09-16T12:09:22.650641738Z I20260916 12:09:22.649897   147 transaction_manager_impl.cpp:120] Total, abort: 4 commit: 475
2026-09-16T12:09:22.650653285Z I20260916 12:09:22.649915   147 transaction_manager_impl.cpp:62] Finish with epoch id=5823
2026-09-16T12:09:22.654754122Z I20260916 12:09:22.654642    44 block_storage_to_file.cpp:46] block store in file successfully, epoch=5823
2026-09-16T12:09:22.697097284Z I20260916 12:09:22.696971   143 consensus_control_block.h:289] consensus of epoch=5824 has reach, all vote yes.
2026-09-16T12:09:22.698105182Z I20260916 12:09:22.698061   152 epoch_txn_queue_manager.h:17] All threads reached barrier, epoch: 5825, count: 4
2026-09-16T12:09:22.702101904Z I20260916 12:09:22.701987   147 transaction_manager_impl.cpp:120] Total, abort: 0 commit: 477
2026-09-16T12:09:22.702118944Z I20260916 12:09:22.702014   147 transaction_manager_impl.cpp:62] Finish with epoch id=5824
2026-09-16T12:09:22.706340502Z I20260916 12:09:22.706250    44 block_storage_to_file.cpp:46] block store in file successfully, epoch=5824
2026-09-16T12:09:22.748581917Z I20260916 12:09:22.748440   143 consensus_control_block.h:289] consensus of epoch=5825 has reach, all vote yes.
2026-09-16T12:09:22.756040979Z I20260916 12:09:22.755905   151 epoch_txn_queue_manager.h:17] All threads reached barrier, epoch: 5826, count: 4
2026-09-16T12:09:22.760288062Z I20260916 12:09:22.760182   147 transaction_manager_impl.cpp:120] Total, abort: 4 commit: 500
2026-09-16T12:09:22.760299136Z I20260916 12:09:22.760200   147 transaction_manager_impl.cpp:62] Finish with epoch id=5825
2026-09-16T12:09:22.764412809Z I20260916 12:09:22.764283    44 block_storage_to_file.cpp:46] block store in file successfully, epoch=5825
2026-09-16T12:09:22.808869831Z I20260916 12:09:22.808784   152 epoch_txn_queue_manager.h:17] All threads reached barrier, epoch: 5827, count: 4
2026-09-16T12:09:22.811812476Z I20260916 12:09:22.811691   143 consensus_control_block.h:289] consensus of epoch=5826 has reach, all vote yes.
2026-09-16T12:09:22.815311660Z I20260916 12:09:22.815239   147 transaction_manager_impl.cpp:120] Total, abort: 0 commit: 495
2026-09-16T12:09:22.815325127Z I20260916 12:09:22.815253   147 transaction_manager_impl.cpp:62] Finish with epoch id=5826
2026-09-16T12:09:22.819775418Z I20260916 12:09:22.819664    44 block_storage_to_file.cpp:46] block store in file successfully, epoch=5826
2026-09-16T12:09:22.858181650Z I20260916 12:09:22.858068   143 consensus_control_block.h:289] consensus of epoch=5827 has reach, all vote yes.
2026-09-16T12:09:22.862115082Z I20260916 12:09:22.862002   149 epoch_txn_queue_manager.h:17] All threads reached barrier, epoch: 5828, count: 4
2026-09-16T12:09:22.865249565Z I20260916 12:09:22.865154   147 transaction_manager_impl.cpp:120] Total, abort: 5 commit: 499
2026-09-16T12:09:22.865259907Z I20260916 12:09:22.865171   147 transaction_manager_impl.cpp:62] Finish with epoch id=5827
2026-09-16T12:09:22.869296481Z I20260916 12:09:22.869146    44 block_storage_to_file.cpp:46] block store in file successfully, epoch=5827
2026-09-16T12:09:22.885478253Z [epoch] I20260916 12:09:22.885336     7 chain_client.cpp:83] Sending Request to epoch_server_group at qps=0 latency=0
2026-09-16T12:09:22.912283096Z I20260916 12:09:22.912189   143 consensus_control_block.h:289] consensus of epoch=5828 has reach, all vote yes.
2026-09-16T12:09:22.917198009Z I20260916 12:09:22.917114   151 epoch_txn_queue_manager.h:17] All threads reached barrier, epoch: 5829, count: 4
2026-09-16T12:09:22.920675701Z I20260916 12:09:22.920595   147 transaction_manager_impl.cpp:120] Total, abort: 1 commit: 473
2026-09-16T12:09:22.920686799Z I20260916 12:09:22.920608   147 transaction_manager_impl.cpp:62] Finish with epoch id=5828
2026-09-16T12:09:22.924949185Z I20260916 12:09:22.924860    44 block_storage_to_file.cpp:46] block store in file successfully, epoch=5828
2026-09-16T12:09:22.949084487Z I20260916 12:09:22.948993   143 consensus_control_block.h:289] consensus of epoch=5829 has reach, all vote yes.
2026-09-16T12:09:22.970127229Z I20260916 12:09:22.969872   152 epoch_txn_queue_manager.h:17] All threads reached barrier, epoch: 5830, count: 4
2026-09-16T12:09:22.973786006Z I20260916 12:09:22.973716   147 transaction_manager_impl.cpp:120] Total, abort: 4 commit: 478
2026-09-16T12:09:22.973797752Z I20260916 12:09:22.973730   147 transaction_manager_impl.cpp:62] Finish with epoch id=5829
2026-09-16T12:09:22.978321846Z I20260916 12:09:22.978224    44 block_storage_to_file.cpp:46] block store in file successfully, epoch=5829
2026-09-16T12:09:23.022620057Z I20260916 12:09:23.022526   143 consensus_control_block.h:289] consensus of epoch=5830 has reach, all vote yes.
2026-09-16T12:09:23.024270838Z I20260916 12:09:23.024186   149 epoch_txn_queue_manager.h:17] All threads reached barrier, epoch: 5831, count: 4
2026-09-16T12:09:23.027693967Z I20260916 12:09:23.027606   147 transaction_manager_impl.cpp:120] Total, abort: 0 commit: 500
2026-09-16T12:09:23.027702204Z I20260916 12:09:23.027617   147 transaction_manager_impl.cpp:62] Finish with epoch id=5830
2026-09-16T12:09:23.031624604Z I20260916 12:09:23.031515    44 block_storage_to_file.cpp:46] block store in file successfully, epoch=5830
2026-09-16T12:09:23.078208675Z I20260916 12:09:23.078109   151 epoch_txn_queue_manager.h:17] All threads reached barrier, epoch: 5832, count: 4
2026-09-16T12:09:23.081225226Z I20260916 12:09:23.081152   143 consensus_control_block.h:289] consensus of epoch=5831 has reach, all vote yes.
2026-09-16T12:09:23.085505549Z I20260916 12:09:23.084954   147 transaction_manager_impl.cpp:120] Total, abort: 4 commit: 474
2026-09-16T12:09:23.085518995Z I20260916 12:09:23.084996   147 transaction_manager_impl.cpp:62] Finish with epoch id=5831
2026-09-16T12:09:23.089191005Z I20260916 12:09:23.089111    44 block_storage_to_file.cpp:46] block store in file successfully, epoch=5831
2026-09-16T12:09:23.131232999Z I20260916 12:09:23.131143   152 epoch_txn_queue_manager.h:17] All threads reached barrier, epoch: 5833, count: 4
2026-09-16T12:09:23.133348274Z I20260916 12:09:23.133256   143 consensus_control_block.h:289] consensus of epoch=5832 has reach, all vote yes.
2026-09-16T12:09:23.136383239Z I20260916 12:09:23.136291   147 transaction_manager_impl.cpp:120] Total, abort: 0 commit: 479
2026-09-16T12:09:23.136395364Z I20260916 12:09:23.136305   147 transaction_manager_impl.cpp:62] Finish with epoch id=5832
2026-09-16T12:09:23.140146592Z I20260916 12:09:23.140033    44 block_storage_to_file.cpp:46] block store in file successfully, epoch=5832
2026-09-16T12:09:23.180899864Z I20260916 12:09:23.180806   143 consensus_control_block.h:289] consensus of epoch=5833 has reach, all vote yes.
2026-09-16T12:09:23.185338792Z I20260916 12:09:23.185264   149 epoch_txn_queue_manager.h:17] All threads reached barrier, epoch: 5834, count: 4
2026-09-16T12:09:23.189419640Z I20260916 12:09:23.189286   147 transaction_manager_impl.cpp:120] Total, abort: 4 commit: 497
2026-09-16T12:09:23.189435465Z I20260916 12:09:23.189301   147 transaction_manager_impl.cpp:62] Finish with epoch id=5833
2026-09-16T12:09:23.193783421Z I20260916 12:09:23.193722    44 block_storage_to_file.cpp:46] block store in file successfully, epoch=5833
2026-09-16T12:09:23.233878107Z I20260916 12:09:23.233776   143 consensus_control_block.h:289] consensus of epoch=5834 has reach, all vote yes.
2026-09-16T12:09:23.239403767Z I20260916 12:09:23.239321   151 epoch_txn_queue_manager.h:17] All threads reached barrier, epoch: 5835, count: 4
2026-09-16T12:09:23.242222251Z I20260916 12:09:23.242118   147 transaction_manager_impl.cpp:120] Total, abort: 1 commit: 477
2026-09-16T12:09:23.242234870Z I20260916 12:09:23.242151   147 transaction_manager_impl.cpp:62] Finish with epoch id=5834
2026-09-16T12:09:23.246806940Z I20260916 12:09:23.246584    44 block_storage_to_file.cpp:46] block store in file successfully, epoch=5834
2026-09-16T12:09:23.291893448Z I20260916 12:09:23.291716   143 consensus_control_block.h:289] consensus of epoch=5835 has reach, all vote yes.
2026-09-16T12:09:23.292458395Z I20260916 12:09:23.292369   152 epoch_txn_queue_manager.h:17] All threads reached barrier, epoch: 5836, count: 4
2026-09-16T12:09:23.295734423Z I20260916 12:09:23.295637   147 transaction_manager_impl.cpp:120] Total, abort: 3 commit: 475
2026-09-16T12:09:23.295746284Z I20260916 12:09:23.295651   147 transaction_manager_impl.cpp:62] Finish with epoch id=5835
2026-09-16T12:09:23.299874094Z I20260916 12:09:23.299803    44 block_storage_to_file.cpp:46] block store in file successfully, epoch=5835
2026-09-16T12:09:23.346563100Z I20260916 12:09:23.346431   149 epoch_txn_queue_manager.h:17] All threads reached barrier, epoch: 5837, count: 4
2026-09-16T12:09:23.347998658Z I20260916 12:09:23.347879   143 consensus_control_block.h:289] consensus of epoch=5836 has reach, all vote yes.
2026-09-16T12:09:23.350977748Z I20260916 12:09:23.350878   147 transaction_manager_impl.cpp:120] Total, abort: 4 commit: 498
2026-09-16T12:09:23.350991783Z I20260916 12:09:23.350907   147 transaction_manager_impl.cpp:62] Finish with epoch id=5836
2026-09-16T12:09:23.355245657Z I20260916 12:09:23.355134    44 block_storage_to_file.cpp:46] block store in file successfully, epoch=5836
2026-09-16T12:09:23.402757642Z I20260916 12:09:23.402423   143 consensus_control_block.h:289] consensus of epoch=5837 has reach, all vote yes.
2026-09-16T12:09:23.402763512Z I20260916 12:09:23.402578   150 epoch_txn_queue_manager.h:17] All threads reached barrier, epoch: 5838, count: 4
2026-09-16T12:09:23.405846537Z I20260916 12:09:23.405718   147 transaction_manager_impl.cpp:120] Total, abort: 0 commit: 477
2026-09-16T12:09:23.405859131Z I20260916 12:09:23.405732   147 transaction_manager_impl.cpp:62] Finish with epoch id=5837
2026-09-16T12:09:23.410124896Z I20260916 12:09:23.410049    44 block_storage_to_file.cpp:46] block store in file successfully, epoch=5837
2026-09-16T12:09:23.453729764Z I20260916 12:09:23.453543   152 epoch_txn_queue_manager.h:17] All threads reached barrier, epoch: 5839, count: 4
2026-09-16T12:09:23.454216310Z I20260916 12:09:23.454118   143 consensus_control_block.h:289] consensus of epoch=5838 has reach, all vote yes.
2026-09-16T12:09:23.457163139Z I20260916 12:09:23.457086   147 transaction_manager_impl.cpp:120] Total, abort: 4 commit: 497
2026-09-16T12:09:23.457167787Z I20260916 12:09:23.457101   147 transaction_manager_impl.cpp:62] Finish with epoch id=5838
2026-09-16T12:09:23.461733273Z I20260916 12:09:23.461548    44 block_storage_to_file.cpp:46] block store in file successfully, epoch=5838
2026-09-16T12:09:23.554477603Z I20260916 12:09:23.554342   143 consensus_control_block.h:289] consensus of epoch=5839 has reach, all vote yes.
2026-09-16T12:09:23.554583480Z I20260916 12:09:23.554474   152 epoch_txn_queue_manager.h:17] All threads reached barrier, epoch: 5840, count: 4
2026-09-16T12:09:23.557655721Z I20260916 12:09:23.557555   147 transaction_manager_impl.cpp:120] Total, abort: 0 commit: 483
2026-09-16T12:09:23.557663520Z I20260916 12:09:23.557569   147 transaction_manager_impl.cpp:62] Finish with epoch id=5839
2026-09-16T12:09:23.561666293Z I20260916 12:09:23.561578    44 block_storage_to_file.cpp:46] block store in file successfully, epoch=5839
2026-09-16T12:09:23.606196349Z I20260916 12:09:23.606069   143 consensus_control_block.h:289] consensus of epoch=5840 has reach, all vote yes.
2026-09-16T12:09:23.610077933Z I20260916 12:09:23.609993   149 epoch_txn_queue_manager.h:17] All threads reached barrier, epoch: 5841, count: 4
2026-09-16T12:09:23.614238943Z I20260916 12:09:23.614158   147 transaction_manager_impl.cpp:120] Total, abort: 5 commit: 903
2026-09-16T12:09:23.614256941Z I20260916 12:09:23.614173   147 transaction_manager_impl.cpp:62] Finish with epoch id=5840
2026-09-16T12:09:23.621758254Z I20260916 12:09:23.621655    44 block_storage_to_file.cpp:46] block store in file successfully, epoch=5840
2026-09-16T12:09:23.654938962Z I20260916 12:09:23.654829   152 epoch_txn_queue_manager.h:17] All threads reached barrier, epoch: 5842, count: 4
2026-09-16T12:09:23.655443385Z I20260916 12:09:23.655360   143 consensus_control_block.h:289] consensus of epoch=5841 has reach, all vote yes.
2026-09-16T12:09:23.659207884Z I20260916 12:09:23.659112   147 transaction_manager_impl.cpp:120] Total, abort: 4 commit: 479
2026-09-16T12:09:23.659217685Z I20260916 12:09:23.659132   147 transaction_manager_impl.cpp:62] Finish with epoch id=5841
2026-09-16T12:09:23.663593043Z I20260916 12:09:23.663471    44 block_storage_to_file.cpp:46] block store in file successfully, epoch=5841
2026-09-16T12:09:23.707288144Z I20260916 12:09:23.707201   143 consensus_control_block.h:289] consensus of epoch=5842 has reach, all vote yes.
2026-09-16T12:09:23.712978255Z I20260916 12:09:23.712879   151 epoch_txn_queue_manager.h:17] All threads reached barrier, epoch: 5843, count: 4
2026-09-16T12:09:23.716277099Z I20260916 12:09:23.716156   147 transaction_manager_impl.cpp:120] Total, abort: 0 commit: 429
2026-09-16T12:09:23.716331640Z I20260916 12:09:23.716169   147 transaction_manager_impl.cpp:62] Finish with epoch id=5842
2026-09-16T12:09:23.720215947Z I20260916 12:09:23.720099    44 block_storage_to_file.cpp:46] block store in file successfully, epoch=5842
2026-09-16T12:09:23.755001267Z I20260916 12:09:23.754884   143 consensus_control_block.h:289] consensus of epoch=5843 has reach, all vote yes.
2026-09-16T12:09:23.755612575Z I20260916 12:09:23.755538   152 epoch_txn_queue_manager.h:17] All threads reached barrier, epoch: 5844, count: 4
2026-09-16T12:09:23.758795239Z I20260916 12:09:23.758690   147 transaction_manager_impl.cpp:120] Total, abort: 4 commit: 497
2026-09-16T12:09:23.758808399Z I20260916 12:09:23.758704   147 transaction_manager_impl.cpp:62] Finish with epoch id=5843
2026-09-16T12:09:23.763192176Z I20260916 12:09:23.763077    44 block_storage_to_file.cpp:46] block store in file successfully, epoch=5843
2026-09-16T12:09:23.808085623Z I20260916 12:09:23.807994   143 consensus_control_block.h:289] consensus of epoch=5844 has reach, all vote yes.
2026-09-16T12:09:23.811322163Z I20260916 12:09:23.811244   149 epoch_txn_queue_manager.h:17] All threads reached barrier, epoch: 5845, count: 4
2026-09-16T12:09:23.813799959Z I20260916 12:09:23.813723   147 transaction_manager_impl.cpp:120] Total, abort: 0 commit: 409
2026-09-16T12:09:23.813814136Z I20260916 12:09:23.813760   147 transaction_manager_impl.cpp:62] Finish with epoch id=5844
2026-09-16T12:09:23.817429479Z I20260916 12:09:23.817363    44 block_storage_to_file.cpp:46] block store in file successfully, epoch=5844
2026-09-16T12:09:23.855814255Z I20260916 12:09:23.855726   143 consensus_control_block.h:289] consensus of epoch=5845 has reach, all vote yes.
2026-09-16T12:09:23.856300574Z I20260916 12:09:23.856185   152 epoch_txn_queue_manager.h:17] All threads reached barrier, epoch: 5846, count: 4
2026-09-16T12:09:23.859412026Z I20260916 12:09:23.859328   147 transaction_manager_impl.cpp:120] Total, abort: 5 commit: 475
2026-09-16T12:09:23.859420543Z I20260916 12:09:23.859359   147 transaction_manager_impl.cpp:62] Finish with epoch id=5845
2026-09-16T12:09:23.863254255Z I20260916 12:09:23.863178    44 block_storage_to_file.cpp:46] block store in file successfully, epoch=5845
2026-09-16T12:09:23.885576262Z [epoch] I20260916 12:09:23.885426     7 chain_client.cpp:83] Sending Request to epoch_server_group at qps=0 latency=0
2026-09-16T12:09:23.908753368Z I20260916 12:09:23.908666   143 consensus_control_block.h:289] consensus of epoch=5846 has reach, all vote yes.
2026-09-16T12:09:23.911961363Z I20260916 12:09:23.911883   149 epoch_txn_queue_manager.h:17] All threads reached barrier, epoch: 5847, count: 4
2026-09-16T12:09:23.914214852Z I20260916 12:09:23.914146   147 transaction_manager_impl.cpp:120] Total, abort: 0 commit: 430
2026-09-16T12:09:23.914225975Z I20260916 12:09:23.914182   147 transaction_manager_impl.cpp:62] Finish with epoch id=5846
2026-09-16T12:09:23.918042862Z I20260916 12:09:23.917966    44 block_storage_to_file.cpp:46] block store in file successfully, epoch=5846
2026-09-16T12:09:23.955624874Z I20260916 12:09:23.955435   143 consensus_control_block.h:289] consensus of epoch=5847 has reach, all vote yes.
2026-09-16T12:09:23.956924001Z I20260916 12:09:23.956831   152 epoch_txn_queue_manager.h:17] All threads reached barrier, epoch: 5848, count: 4
2026-09-16T12:09:23.959910151Z I20260916 12:09:23.959816   147 transaction_manager_impl.cpp:120] Total, abort: 4 commit: 475
2026-09-16T12:09:23.959926606Z I20260916 12:09:23.959830   147 transaction_manager_impl.cpp:62] Finish with epoch id=5847
2026-09-16T12:09:23.964506864Z I20260916 12:09:23.964401    44 block_storage_to_file.cpp:46] block store in file successfully, epoch=5847
2026-09-16T12:09:24.008882478Z I20260916 12:09:24.008766   143 consensus_control_block.h:289] consensus of epoch=5848 has reach, all vote yes.
2026-09-16T12:09:24.012713746Z I20260916 12:09:24.012633   149 epoch_txn_queue_manager.h:17] All threads reached barrier, epoch: 5849, count: 4
2026-09-16T12:09:24.015336167Z I20260916 12:09:24.015247   147 transaction_manager_impl.cpp:120] Total, abort: 0 commit: 431
2026-09-16T12:09:24.015347951Z I20260916 12:09:24.015267   147 transaction_manager_impl.cpp:62] Finish with epoch id=5848
2026-09-16T12:09:24.019275709Z I20260916 12:09:24.019165    44 block_storage_to_file.cpp:46] block store in file successfully, epoch=5848
2026-09-16T12:09:24.067049438Z I20260916 12:09:24.066910   143 consensus_control_block.h:289] consensus of epoch=5849 has reach, all vote yes.
2026-09-16T12:09:24.067113854Z I20260916 12:09:24.067021   150 epoch_txn_queue_manager.h:17] All threads reached barrier, epoch: 5850, count: 4
2026-09-16T12:09:24.070542685Z I20260916 12:09:24.070432   147 transaction_manager_impl.cpp:120] Total, abort: 4 commit: 476
2026-09-16T12:09:24.070556726Z I20260916 12:09:24.070465   147 transaction_manager_impl.cpp:62] Finish with epoch id=5849
2026-09-16T12:09:24.074596726Z I20260916 12:09:24.074275    44 block_storage_to_file.cpp:46] block store in file successfully, epoch=5849
2026-09-16T12:09:24.118085009Z I20260916 12:09:24.117939   152 epoch_txn_queue_manager.h:17] All threads reached barrier, epoch: 5851, count: 4
2026-09-16T12:09:24.120808963Z I20260916 12:09:24.120656   143 consensus_control_block.h:289] consensus of epoch=5850 has reach, all vote yes.
2026-09-16T12:09:24.125299400Z I20260916 12:09:24.125176   147 transaction_manager_impl.cpp:120] Total, abort: 0 commit: 499
2026-09-16T12:09:24.125315775Z I20260916 12:09:24.125196   147 transaction_manager_impl.cpp:62] Finish with epoch id=5850
2026-09-16T12:09:24.129437756Z I20260916 12:09:24.129364    44 block_storage_to_file.cpp:46] block store in file successfully, epoch=5850
2026-09-16T12:09:24.168107717Z I20260916 12:09:24.168025   143 consensus_control_block.h:289] consensus of epoch=5851 has reach, all vote yes.
2026-09-16T12:09:24.173930523Z I20260916 12:09:24.173787   149 epoch_txn_queue_manager.h:17] All threads reached barrier, epoch: 5852, count: 4
2026-09-16T12:09:24.177132235Z I20260916 12:09:24.177003   147 transaction_manager_impl.cpp:120] Total, abort: 4 commit: 472
2026-09-16T12:09:24.177142514Z I20260916 12:09:24.177054   147 transaction_manager_impl.cpp:62] Finish with epoch id=5851
2026-09-16T12:09:24.181083053Z I20260916 12:09:24.180964    44 block_storage_to_file.cpp:46] block store in file successfully, epoch=5851
2026-09-16T12:09:24.228005358Z I20260916 12:09:24.227944   150 epoch_txn_queue_manager.h:17] All threads reached barrier, epoch: 5853, count: 4
2026-09-16T12:09:24.229964962Z I20260916 12:09:24.229864   143 consensus_control_block.h:289] consensus of epoch=5852 has reach, all vote yes.
2026-09-16T12:09:24.232657314Z I20260916 12:09:24.232571   147 transaction_manager_impl.cpp:120] Total, abort: 0 commit: 477
2026-09-16T12:09:24.232662060Z I20260916 12:09:24.232583   147 transaction_manager_impl.cpp:62] Finish with epoch id=5852
2026-09-16T12:09:24.236960761Z I20260916 12:09:24.236869    44 block_storage_to_file.cpp:46] block store in file successfully, epoch=5852
2026-09-16T12:09:24.278627803Z I20260916 12:09:24.278484   143 consensus_control_block.h:289] consensus of epoch=5853 has reach, all vote yes.
2026-09-16T12:09:24.279163031Z I20260916 12:09:24.279066   152 epoch_txn_queue_manager.h:17] All threads reached barrier, epoch: 5854, count: 4
2026-09-16T12:09:24.283397332Z I20260916 12:09:24.282409   147 transaction_manager_impl.cpp:120] Total, abort: 4 commit: 499
2026-09-16T12:09:24.283411564Z I20260916 12:09:24.282421   147 transaction_manager_impl.cpp:62] Finish with epoch id=5853
2026-09-16T12:09:24.287459051Z I20260916 12:09:24.287312    44 block_storage_to_file.cpp:46] block store in file successfully, epoch=5853
2026-09-16T12:09:24.331939191Z I20260916 12:09:24.331853   143 consensus_control_block.h:289] consensus of epoch=5854 has reach, all vote yes.
2026-09-16T12:09:24.334968961Z I20260916 12:09:24.334903   149 epoch_txn_queue_manager.h:17] All threads reached barrier, epoch: 5855, count: 4
2026-09-16T12:09:24.338042548Z I20260916 12:09:24.337973   147 transaction_manager_impl.cpp:120] Total, abort: 0 commit: 475
2026-09-16T12:09:24.338051137Z I20260916 12:09:24.337993   147 transaction_manager_impl.cpp:62] Finish with epoch id=5854
2026-09-16T12:09:24.342040348Z I20260916 12:09:24.341955    44 block_storage_to_file.cpp:46] block store in file successfully, epoch=5854
2026-09-16T12:09:24.397976739Z I20260916 12:09:24.397876   143 consensus_control_block.h:289] consensus of epoch=5855 has reach, all vote yes.
2026-09-16T12:09:24.401766899Z I20260916 12:09:24.400704   150 epoch_txn_queue_manager.h:17] All threads reached barrier, epoch: 5856, count: 4
2026-09-16T12:09:24.417784565Z I20260916 12:09:24.413898   147 transaction_manager_impl.cpp:120] Total, abort: 4 commit: 477
2026-09-16T12:09:24.417805465Z I20260916 12:09:24.413923   147 transaction_manager_impl.cpp:62] Finish with epoch id=5855
2026-09-16T12:09:24.432812934Z I20260916 12:09:24.432422    44 block_storage_to_file.cpp:46] block store in file successfully, epoch=5855
2026-09-16T12:09:24.442811422Z I20260916 12:09:24.442708   150 epoch_txn_queue_manager.h:17] All threads reached barrier, epoch: 5857, count: 4
2026-09-16T12:09:24.444182266Z I20260916 12:09:24.444094   143 consensus_control_block.h:289] consensus of epoch=5856 has reach, all vote yes.
2026-09-16T12:09:24.446131242Z I20260916 12:09:24.446038   147 transaction_manager_impl.cpp:120] Total, abort: 1 commit: 466
2026-09-16T12:09:24.446144565Z I20260916 12:09:24.446048   147 transaction_manager_impl.cpp:62] Finish with epoch id=5856
2026-09-16T12:09:24.450161826Z I20260916 12:09:24.450083    44 block_storage_to_file.cpp:46] block store in file successfully, epoch=5856
2026-09-16T12:09:24.507752814Z I20260916 12:09:24.507655   143 consensus_control_block.h:289] consensus of epoch=5857 has reach, all vote yes.
2026-09-16T12:09:24.553783725Z I20260916 12:09:24.553639   150 epoch_txn_queue_manager.h:17] All threads reached barrier, epoch: 5858, count: 4
2026-09-16T12:09:24.557251690Z I20260916 12:09:24.557126   147 transaction_manager_impl.cpp:120] Total, abort: 4 commit: 482
2026-09-16T12:09:24.557266033Z I20260916 12:09:24.557158   147 transaction_manager_impl.cpp:62] Finish with epoch id=5857
2026-09-16T12:09:24.561072566Z I20260916 12:09:24.559597   149 epoch_txn_queue_manager.h:17] All threads reached barrier, epoch: 5859, count: 4
2026-09-16T12:09:24.561821604Z I20260916 12:09:24.561739    44 block_storage_to_file.cpp:46] block store in file successfully, epoch=5857
2026-09-16T12:09:24.605835532Z I20260916 12:09:24.605731   143 consensus_control_block.h:289] consensus of epoch=5858 has reach, all vote yes.
2026-09-16T12:09:24.610584999Z I20260916 12:09:24.610435   147 transaction_manager_impl.cpp:120] Total, abort: 5 commit: 1033
2026-09-16T12:09:24.610603848Z I20260916 12:09:24.610455   147 transaction_manager_impl.cpp:62] Finish with epoch id=5858
2026-09-16T12:09:24.612276490Z I20260916 12:09:24.612215   152 epoch_txn_queue_manager.h:17] All threads reached barrier, epoch: 5860, count: 4
2026-09-16T12:09:24.619087601Z I20260916 12:09:24.618942    44 block_storage_to_file.cpp:46] block store in file successfully, epoch=5858
2026-09-16T12:09:24.620666141Z I20260916 12:09:24.620523   143 consensus_control_block.h:289] consensus of epoch=5859 has reach, all vote yes.
2026-09-16T12:09:24.621025807Z I20260916 12:09:24.620944   147 transaction_manager_impl.cpp:120] Total, abort: 0 commit: 44
2026-09-16T12:09:24.621033666Z I20260916 12:09:24.620959   147 transaction_manager_impl.cpp:62] Finish with epoch id=5859
2026-09-16T12:09:24.622194019Z I20260916 12:09:24.622094    44 block_storage_to_file.cpp:46] block store in file successfully, epoch=5859
2026-09-16T12:09:24.662025671Z I20260916 12:09:24.661902   143 consensus_control_block.h:289] consensus of epoch=5860 has reach, all vote yes.
2026-09-16T12:09:24.664306929Z I20260916 12:09:24.664207   150 epoch_txn_queue_manager.h:17] All threads reached barrier, epoch: 5861, count: 4
2026-09-16T12:09:24.667313943Z I20260916 12:09:24.667219   147 transaction_manager_impl.cpp:120] Total, abort: 4 commit: 477
2026-09-16T12:09:24.667329313Z I20260916 12:09:24.667236   147 transaction_manager_impl.cpp:62] Finish with epoch id=5860
2026-09-16T12:09:24.671009996Z I20260916 12:09:24.670882    44 block_storage_to_file.cpp:46] block store in file successfully, epoch=5860
2026-09-16T12:09:24.755309106Z I20260916 12:09:24.755170   143 consensus_control_block.h:289] consensus of epoch=5861 has reach, all vote yes.
2026-09-16T12:09:24.760435686Z I20260916 12:09:24.760177   151 epoch_txn_queue_manager.h:17] All threads reached barrier, epoch: 5862, count: 4
2026-09-16T12:09:24.766221280Z I20260916 12:09:24.764922   147 transaction_manager_impl.cpp:120] Total, abort: 0 commit: 479
2026-09-16T12:09:24.766242388Z I20260916 12:09:24.764940   147 transaction_manager_impl.cpp:62] Finish with epoch id=5861
2026-09-16T12:09:24.770820952Z I20260916 12:09:24.770731    44 block_storage_to_file.cpp:46] block store in file successfully, epoch=5861
2026-09-16T12:09:24.815515055Z I20260916 12:09:24.815277   150 epoch_txn_queue_manager.h:17] All threads reached barrier, epoch: 5863, count: 4
2026-09-16T12:09:24.817314241Z I20260916 12:09:24.817157   143 consensus_control_block.h:289] consensus of epoch=5862 has reach, all vote yes.
2026-09-16T12:09:24.822323465Z I20260916 12:09:24.822216   147 transaction_manager_impl.cpp:120] Total, abort: 6 commit: 856
2026-09-16T12:09:24.822335476Z I20260916 12:09:24.822240   147 transaction_manager_impl.cpp:62] Finish with epoch id=5862
2026-09-16T12:09:24.829784959Z I20260916 12:09:24.829679    44 block_storage_to_file.cpp:46] block store in file successfully, epoch=5862
2026-09-16T12:09:24.861155314Z I20260916 12:09:24.861061   151 epoch_txn_queue_manager.h:17] All threads reached barrier, epoch: 5864, count: 4
2026-09-16T12:09:24.863623791Z I20260916 12:09:24.863524   143 consensus_control_block.h:289] consensus of epoch=5863 has reach, all vote yes.
2026-09-16T12:09:24.867592035Z I20260916 12:09:24.867496   147 transaction_manager_impl.cpp:120] Total, abort: 4 commit: 498
2026-09-16T12:09:24.867604188Z I20260916 12:09:24.867520   147 transaction_manager_impl.cpp:62] Finish with epoch id=5863
2026-09-16T12:09:24.872495351Z I20260916 12:09:24.872417    44 block_storage_to_file.cpp:46] block store in file successfully, epoch=5863
2026-09-16T12:09:24.885616430Z [epoch] I20260916 12:09:24.885512     7 chain_client.cpp:83] Sending Request to epoch_server_group at qps=0 latency=0
2026-09-16T12:09:24.916070004Z I20260916 12:09:24.915942   150 epoch_txn_queue_manager.h:17] All threads reached barrier, epoch: 5865, count: 4
2026-09-16T12:09:24.917629444Z I20260916 12:09:24.917543   143 consensus_control_block.h:289] consensus of epoch=5864 has reach, all vote yes.
2026-09-16T12:09:24.921284716Z I20260916 12:09:24.921175   147 transaction_manager_impl.cpp:120] Total, abort: 0 commit: 411
2026-09-16T12:09:24.921301607Z I20260916 12:09:24.921193   147 transaction_manager_impl.cpp:62] Finish with epoch id=5864
2026-09-16T12:09:24.925002724Z I20260916 12:09:24.924877    44 block_storage_to_file.cpp:46] block store in file successfully, epoch=5864
2026-09-16T12:09:24.957157002Z I20260916 12:09:24.957026   143 consensus_control_block.h:289] consensus of epoch=5865 has reach, all vote yes.
2026-09-16T12:09:24.961720694Z I20260916 12:09:24.961613   151 epoch_txn_queue_manager.h:17] All threads reached barrier, epoch: 5866, count: 4
2026-09-16T12:09:24.965714463Z I20260916 12:09:24.965590   147 transaction_manager_impl.cpp:120] Total, abort: 5 commit: 499
2026-09-16T12:09:24.965728941Z I20260916 12:09:24.965605   147 transaction_manager_impl.cpp:62] Finish with epoch id=5865
2026-09-16T12:09:24.970058059Z I20260916 12:09:24.969980    44 block_storage_to_file.cpp:46] block store in file successfully, epoch=5865
2026-09-16T12:09:25.016823954Z I20260916 12:09:25.016749   150 epoch_txn_queue_manager.h:17] All threads reached barrier, epoch: 5867, count: 4
2026-09-16T12:09:25.018495333Z I20260916 12:09:25.018406   143 consensus_control_block.h:289] consensus of epoch=5866 has reach, all vote yes.
2026-09-16T12:09:25.021126885Z I20260916 12:09:25.021051   147 transaction_manager_impl.cpp:120] Total, abort: 0 commit: 408
2026-09-16T12:09:25.021135609Z I20260916 12:09:25.021065   147 transaction_manager_impl.cpp:62] Finish with epoch id=5866
2026-09-16T12:09:25.024672876Z I20260916 12:09:25.024577    44 block_storage_to_file.cpp:46] block store in file successfully, epoch=5866
2026-09-16T12:09:25.057463694Z I20260916 12:09:25.057343   143 consensus_control_block.h:289] consensus of epoch=5867 has reach, all vote yes.
2026-09-16T12:09:25.062163630Z I20260916 12:09:25.062058   149 epoch_txn_queue_manager.h:17] All threads reached barrier, epoch: 5868, count: 4
2026-09-16T12:09:25.066295423Z I20260916 12:09:25.066200   147 transaction_manager_impl.cpp:120] Total, abort: 4 commit: 495
2026-09-16T12:09:25.066304513Z I20260916 12:09:25.066226   147 transaction_manager_impl.cpp:62] Finish with epoch id=5867
2026-09-16T12:09:25.070922254Z I20260916 12:09:25.070834    44 block_storage_to_file.cpp:46] block store in file successfully, epoch=5867
2026-09-16T12:09:25.152153761Z I20260916 12:09:25.152063   143 consensus_control_block.h:289] consensus of epoch=5868 has reach, all vote yes.
2026-09-16T12:09:25.157996723Z I20260916 12:09:25.157787   150 epoch_txn_queue_manager.h:17] All threads reached barrier, epoch: 5869, count: 4
2026-09-16T12:09:25.160516440Z I20260916 12:09:25.160420   147 transaction_manager_impl.cpp:120] Total, abort: 0 commit: 390
2026-09-16T12:09:25.160524749Z I20260916 12:09:25.160432   147 transaction_manager_impl.cpp:62] Finish with epoch id=5868
2026-09-16T12:09:25.163965227Z I20260916 12:09:25.163828    44 block_storage_to_file.cpp:46] block store in file successfully, epoch=5868
2026-09-16T12:09:25.209875145Z I20260916 12:09:25.209756   143 consensus_control_block.h:289] consensus of epoch=5869 has reach, all vote yes.
2026-09-16T12:09:25.213948669Z I20260916 12:09:25.213850   151 epoch_txn_queue_manager.h:17] All threads reached barrier, epoch: 5870, count: 4
2026-09-16T12:09:25.219717615Z I20260916 12:09:25.219576   147 transaction_manager_impl.cpp:120] Total, abort: 6 commit: 879
2026-09-16T12:09:25.219734692Z I20260916 12:09:25.219619   147 transaction_manager_impl.cpp:62] Finish with epoch id=5869
2026-09-16T12:09:25.226862665Z I20260916 12:09:25.226781    44 block_storage_to_file.cpp:46] block store in file successfully, epoch=5869
2026-09-16T12:09:25.258563045Z I20260916 12:09:25.258420   150 epoch_txn_queue_manager.h:17] All threads reached barrier, epoch: 5871, count: 4
2026-09-16T12:09:25.258569946Z I20260916 12:09:25.258479   143 consensus_control_block.h:289] consensus of epoch=5870 has reach, all vote yes.
2026-09-16T12:09:25.261821393Z I20260916 12:09:25.261729   147 transaction_manager_impl.cpp:120] Total, abort: 4 commit: 499
2026-09-16T12:09:25.261834731Z I20260916 12:09:25.261739   147 transaction_manager_impl.cpp:62] Finish with epoch id=5870
2026-09-16T12:09:25.266272116Z I20260916 12:09:25.266184    44 block_storage_to_file.cpp:46] block store in file successfully, epoch=5870
2026-09-16T12:09:25.311252307Z I20260916 12:09:25.311182   143 consensus_control_block.h:289] consensus of epoch=5871 has reach, all vote yes.
2026-09-16T12:09:25.314647109Z I20260916 12:09:25.314558   151 epoch_txn_queue_manager.h:17] All threads reached barrier, epoch: 5872, count: 4
2026-09-16T12:09:25.317289139Z I20260916 12:09:25.316901   147 transaction_manager_impl.cpp:120] Total, abort: 0 commit: 409
2026-09-16T12:09:25.317296978Z I20260916 12:09:25.316915   147 transaction_manager_impl.cpp:62] Finish with epoch id=5871
2026-09-16T12:09:25.320480215Z I20260916 12:09:25.320361    44 block_storage_to_file.cpp:46] block store in file successfully, epoch=5871
2026-09-16T12:09:25.359069656Z I20260916 12:09:25.358963   143 consensus_control_block.h:289] consensus of epoch=5872 has reach, all vote yes.
2026-09-16T12:09:25.359235132Z I20260916 12:09:25.359196   150 epoch_txn_queue_manager.h:17] All threads reached barrier, epoch: 5873, count: 4
2026-09-16T12:09:25.363130541Z I20260916 12:09:25.363029   147 transaction_manager_impl.cpp:120] Total, abort: 5 commit: 497
2026-09-16T12:09:25.363140988Z I20260916 12:09:25.363054   147 transaction_manager_impl.cpp:62] Finish with epoch id=5872
2026-09-16T12:09:25.367549735Z I20260916 12:09:25.367457    44 block_storage_to_file.cpp:46] block store in file successfully, epoch=5872
2026-09-16T12:09:25.410708248Z I20260916 12:09:25.410620   143 consensus_control_block.h:289] consensus of epoch=5873 has reach, all vote yes.
2026-09-16T12:09:25.415136275Z I20260916 12:09:25.415071   151 epoch_txn_queue_manager.h:17] All threads reached barrier, epoch: 5874, count: 4
2026-09-16T12:09:25.417975166Z I20260916 12:09:25.417902   147 transaction_manager_impl.cpp:120] Total, abort: 0 commit: 406
2026-09-16T12:09:25.417985154Z I20260916 12:09:25.417932   147 transaction_manager_impl.cpp:62] Finish with epoch id=5873
2026-09-16T12:09:25.421511186Z I20260916 12:09:25.421391    44 block_storage_to_file.cpp:46] block store in file successfully, epoch=5873
2026-09-16T12:09:25.459299435Z I20260916 12:09:25.459218   143 consensus_control_block.h:289] consensus of epoch=5874 has reach, all vote yes.
2026-09-16T12:09:25.460347175Z I20260916 12:09:25.459779   150 epoch_txn_queue_manager.h:17] All threads reached barrier, epoch: 5875, count: 4
2026-09-16T12:09:25.463180289Z I20260916 12:09:25.463093   147 transaction_manager_impl.cpp:120] Total, abort: 4 commit: 500
2026-09-16T12:09:25.463205093Z I20260916 12:09:25.463110   147 transaction_manager_impl.cpp:62] Finish with epoch id=5874
2026-09-16T12:09:25.467370859Z I20260916 12:09:25.467252    44 block_storage_to_file.cpp:46] block store in file successfully, epoch=5874
2026-09-16T12:09:25.516471779Z I20260916 12:09:25.516355   149 epoch_txn_queue_manager.h:17] All threads reached barrier, epoch: 5876, count: 4
2026-09-16T12:09:25.517469251Z I20260916 12:09:25.517372   143 consensus_control_block.h:289] consensus of epoch=5875 has reach, all vote yes.
2026-09-16T12:09:25.519674978Z I20260916 12:09:25.519565   147 transaction_manager_impl.cpp:120] Total, abort: 0 commit: 407
2026-09-16T12:09:25.519684699Z I20260916 12:09:25.519614   147 transaction_manager_impl.cpp:62] Finish with epoch id=5875
2026-09-16T12:09:25.523083994Z I20260916 12:09:25.522993    44 block_storage_to_file.cpp:46] block store in file successfully, epoch=5875
2026-09-16T12:09:25.559517363Z I20260916 12:09:25.559417   143 consensus_control_block.h:289] consensus of epoch=5876 has reach, all vote yes.
2026-09-16T12:09:25.560693140Z I20260916 12:09:25.560606   150 epoch_txn_queue_manager.h:17] All threads reached barrier, epoch: 5877, count: 4
2026-09-16T12:09:25.564103445Z I20260916 12:09:25.563972   147 transaction_manager_impl.cpp:120] Total, abort: 5 commit: 500
2026-09-16T12:09:25.564115336Z I20260916 12:09:25.563992   147 transaction_manager_impl.cpp:62] Finish with epoch id=5876
2026-09-16T12:09:25.568614967Z I20260916 12:09:25.568503    44 block_storage_to_file.cpp:46] block store in file successfully, epoch=5876
2026-09-16T12:09:25.659749754Z I20260916 12:09:25.659648   143 consensus_control_block.h:289] consensus of epoch=5877 has reach, all vote yes.
2026-09-16T12:09:25.661290737Z I20260916 12:09:25.661231   150 epoch_txn_queue_manager.h:17] All threads reached barrier, epoch: 5878, count: 4
2026-09-16T12:09:25.664624314Z I20260916 12:09:25.664525   147 transaction_manager_impl.cpp:120] Total, abort: 0 commit: 408
2026-09-16T12:09:25.664632893Z I20260916 12:09:25.664538   147 transaction_manager_impl.cpp:62] Finish with epoch id=5877
2026-09-16T12:09:25.669029288Z I20260916 12:09:25.668970    44 block_storage_to_file.cpp:46] block store in file successfully, epoch=5877
2026-09-16T12:09:25.721962852Z I20260916 12:09:25.721799   150 epoch_txn_queue_manager.h:17] All threads reached barrier, epoch: 5879, count: 4
2026-09-16T12:09:25.724189343Z I20260916 12:09:25.724095   143 consensus_control_block.h:289] consensus of epoch=5878 has reach, all vote yes.
2026-09-16T12:09:25.729468512Z I20260916 12:09:25.729378   147 transaction_manager_impl.cpp:120] Total, abort: 5 commit: 905
2026-09-16T12:09:25.729481587Z I20260916 12:09:25.729393   147 transaction_manager_impl.cpp:62] Finish with epoch id=5878
2026-09-16T12:09:25.736475989Z I20260916 12:09:25.736335    44 block_storage_to_file.cpp:46] block store in file successfully, epoch=5878
2026-09-16T12:09:25.762166404Z I20260916 12:09:25.762077   150 epoch_txn_queue_manager.h:17] All threads reached barrier, epoch: 5880, count: 4
2026-09-16T12:09:25.764881037Z I20260916 12:09:25.764724   143 consensus_control_block.h:289] consensus of epoch=5879 has reach, all vote yes.
2026-09-16T12:09:25.768101782Z I20260916 12:09:25.768015   147 transaction_manager_impl.cpp:120] Total, abort: 4 commit: 545
2026-09-16T12:09:25.768114174Z I20260916 12:09:25.768033   147 transaction_manager_impl.cpp:62] Finish with epoch id=5879
2026-09-16T12:09:25.773017313Z I20260916 12:09:25.772927    44 block_storage_to_file.cpp:46] block store in file successfully, epoch=5879
2026-09-16T12:09:25.822884315Z I20260916 12:09:25.822770   150 epoch_txn_queue_manager.h:17] All threads reached barrier, epoch: 5881, count: 4
2026-09-16T12:09:25.825065411Z I20260916 12:09:25.824970   143 consensus_control_block.h:289] consensus of epoch=5880 has reach, all vote yes.
2026-09-16T12:09:25.827453816Z I20260916 12:09:25.827383   147 transaction_manager_impl.cpp:120] Total, abort: 0 commit: 366
2026-09-16T12:09:25.827465537Z I20260916 12:09:25.827395   147 transaction_manager_impl.cpp:62] Finish with epoch id=5880
2026-09-16T12:09:25.830697964Z I20260916 12:09:25.830617    44 block_storage_to_file.cpp:46] block store in file successfully, epoch=5880
2026-09-16T12:09:25.862873956Z I20260916 12:09:25.862799   150 epoch_txn_queue_manager.h:17] All threads reached barrier, epoch: 5882, count: 4
2026-09-16T12:09:25.883384222Z I20260916 12:09:25.883193   143 consensus_control_block.h:289] consensus of epoch=5881 has reach, all vote yes.
2026-09-16T12:09:25.885751442Z [epoch] I20260916 12:09:25.885608     7 chain_client.cpp:83] Sending Request to epoch_server_group at qps=0 latency=0
2026-09-16T12:09:25.886883668Z I20260916 12:09:25.886809   147 transaction_manager_impl.cpp:120] Total, abort: 4 commit: 542
2026-09-16T12:09:25.886896924Z I20260916 12:09:25.886822   147 transaction_manager_impl.cpp:62] Finish with epoch id=5881
2026-09-16T12:09:25.891244377Z I20260916 12:09:25.891131    44 block_storage_to_file.cpp:46] block store in file successfully, epoch=5881
2026-09-16T12:09:25.915925444Z I20260916 12:09:25.915835   143 consensus_control_block.h:289] consensus of epoch=5882 has reach, all vote yes.
2026-09-16T12:09:25.919335151Z I20260916 12:09:25.919277   151 epoch_txn_queue_manager.h:17] All threads reached barrier, epoch: 5883, count: 4
2026-09-16T12:09:25.921931501Z I20260916 12:09:25.921844   147 transaction_manager_impl.cpp:120] Total, abort: 0 commit: 364
2026-09-16T12:09:25.921943247Z I20260916 12:09:25.921859   147 transaction_manager_impl.cpp:62] Finish with epoch id=5882
2026-09-16T12:09:25.925559664Z I20260916 12:09:25.925473    44 block_storage_to_file.cpp:46] block store in file successfully, epoch=5882
2026-09-16T12:09:25.960401606Z I20260916 12:09:25.960276   143 consensus_control_block.h:289] consensus of epoch=5883 has reach, all vote yes.
2026-09-16T12:09:25.963493910Z I20260916 12:09:25.963435   150 epoch_txn_queue_manager.h:17] All threads reached barrier, epoch: 5884, count: 4
2026-09-16T12:09:25.966267543Z I20260916 12:09:25.966176   147 transaction_manager_impl.cpp:120] Total, abort: 4 commit: 494
2026-09-16T12:09:25.966281104Z I20260916 12:09:25.966189   147 transaction_manager_impl.cpp:62] Finish with epoch id=5883
2026-09-16T12:09:25.971038997Z I20260916 12:09:25.970942    44 block_storage_to_file.cpp:46] block store in file successfully, epoch=5883
2026-09-16T12:09:26.015925657Z I20260916 12:09:26.015821   143 consensus_control_block.h:289] consensus of epoch=5884 has reach, all vote yes.
2026-09-16T12:09:26.020068272Z I20260916 12:09:26.019922   151 epoch_txn_queue_manager.h:17] All threads reached barrier, epoch: 5885, count: 4
2026-09-16T12:09:26.022841838Z I20260916 12:09:26.022753   147 transaction_manager_impl.cpp:120] Total, abort: 0 commit: 412
2026-09-16T12:09:26.022851234Z I20260916 12:09:26.022770   147 transaction_manager_impl.cpp:62] Finish with epoch id=5884
2026-09-16T12:09:26.026521171Z I20260916 12:09:26.026439    44 block_storage_to_file.cpp:46] block store in file successfully, epoch=5884
2026-09-16T12:09:26.112059471Z I20260916 12:09:26.111968   143 consensus_control_block.h:289] consensus of epoch=5885 has reach, all vote yes.
2026-09-16T12:09:26.131128221Z I20260916 12:09:26.130964   151 epoch_txn_queue_manager.h:17] All threads reached barrier, epoch: 5886, count: 4
2026-09-16T12:09:26.137665094Z I20260916 12:09:26.137499   147 transaction_manager_impl.cpp:120] Total, abort: 4 commit: 496
2026-09-16T12:09:26.137721730Z I20260916 12:09:26.137552   147 transaction_manager_impl.cpp:62] Finish with epoch id=5885
2026-09-16T12:09:26.142292165Z I20260916 12:09:26.142190    44 block_storage_to_file.cpp:46] block store in file successfully, epoch=5885
2026-09-16T12:09:26.165193582Z I20260916 12:09:26.164991   150 epoch_txn_queue_manager.h:17] All threads reached barrier, epoch: 5887, count: 4
2026-09-16T12:09:26.168289252Z I20260916 12:09:26.168116   143 consensus_control_block.h:289] consensus of epoch=5886 has reach, all vote yes.
2026-09-16T12:09:26.173355459Z I20260916 12:09:26.173220   147 transaction_manager_impl.cpp:120] Total, abort: 6 commit: 992
2026-09-16T12:09:26.173380460Z I20260916 12:09:26.173238   147 transaction_manager_impl.cpp:62] Finish with epoch id=5886
2026-09-16T12:09:26.181070302Z I20260916 12:09:26.180961    44 block_storage_to_file.cpp:46] block store in file successfully, epoch=5886
2026-09-16T12:09:26.224453522Z I20260916 12:09:26.224380   152 epoch_txn_queue_manager.h:17] All threads reached barrier, epoch: 5888, count: 4
2026-09-16T12:09:26.228495583Z I20260916 12:09:26.228392   143 consensus_control_block.h:289] consensus of epoch=5887 has reach, all vote yes.
2026-09-16T12:09:26.230421561Z I20260916 12:09:26.230322   147 transaction_manager_impl.cpp:120] Total, abort: 0 commit: 322
2026-09-16T12:09:26.230436495Z I20260916 12:09:26.230336   147 transaction_manager_impl.cpp:62] Finish with epoch id=5887
2026-09-16T12:09:26.233378478Z I20260916 12:09:26.233274    44 block_storage_to_file.cpp:46] block store in file successfully, epoch=5887
2026-09-16T12:09:26.266120321Z I20260916 12:09:26.266034   150 epoch_txn_queue_manager.h:17] All threads reached barrier, epoch: 5889, count: 4
2026-09-16T12:09:26.266458279Z I20260916 12:09:26.266363   143 consensus_control_block.h:289] consensus of epoch=5888 has reach, all vote yes.
2026-09-16T12:09:26.269395579Z I20260916 12:09:26.269302   147 transaction_manager_impl.cpp:120] Total, abort: 4 commit: 522
2026-09-16T12:09:26.269409393Z I20260916 12:09:26.269315   147 transaction_manager_impl.cpp:62] Finish with epoch id=5888
2026-09-16T12:09:26.274181165Z I20260916 12:09:26.274003    44 block_storage_to_file.cpp:46] block store in file successfully, epoch=5888
2026-09-16T12:09:26.325224506Z I20260916 12:09:26.325115   152 epoch_txn_queue_manager.h:17] All threads reached barrier, epoch: 5890, count: 4
2026-09-16T12:09:26.331080500Z I20260916 12:09:26.330931   143 consensus_control_block.h:289] consensus of epoch=5889 has reach, all vote yes.
2026-09-16T12:09:26.333716758Z I20260916 12:09:26.333629   147 transaction_manager_impl.cpp:120] Total, abort: 0 commit: 381
2026-09-16T12:09:26.333727613Z I20260916 12:09:26.333640   147 transaction_manager_impl.cpp:62] Finish with epoch id=5889
2026-09-16T12:09:26.336753074Z I20260916 12:09:26.336627    44 block_storage_to_file.cpp:46] block store in file successfully, epoch=5889
2026-09-16T12:09:26.365532590Z I20260916 12:09:26.365458   152 epoch_txn_queue_manager.h:17] All threads reached barrier, epoch: 5891, count: 4
2026-09-16T12:09:26.365567220Z I20260916 12:09:26.365514   143 consensus_control_block.h:289] consensus of epoch=5890 has reach, all vote yes.
2026-09-16T12:09:26.369219871Z I20260916 12:09:26.369138   147 transaction_manager_impl.cpp:120] Total, abort: 4 commit: 525
2026-09-16T12:09:26.369272803Z I20260916 12:09:26.369150   147 transaction_manager_impl.cpp:62] Finish with epoch id=5890
2026-09-16T12:09:26.374186742Z I20260916 12:09:26.374080    44 block_storage_to_file.cpp:46] block store in file successfully, epoch=5890
2026-09-16T12:09:26.416846572Z I20260916 12:09:26.416767   150 epoch_txn_queue_manager.h:17] All threads reached barrier, epoch: 5892, count: 4
2026-09-16T12:09:26.418801382Z I20260916 12:09:26.418677   143 consensus_control_block.h:289] consensus of epoch=5891 has reach, all vote yes.
2026-09-16T12:09:26.420983822Z I20260916 12:09:26.420903   147 transaction_manager_impl.cpp:120] Total, abort: 0 commit: 359
2026-09-16T12:09:26.420993501Z I20260916 12:09:26.420923   147 transaction_manager_impl.cpp:62] Finish with epoch id=5891
2026-09-16T12:09:26.424305093Z I20260916 12:09:26.424201    44 block_storage_to_file.cpp:46] block store in file successfully, epoch=5891
2026-09-16T12:09:26.473772503Z I20260916 12:09:26.473433   151 epoch_txn_queue_manager.h:17] All threads reached barrier, epoch: 5893, count: 4
2026-09-16T12:09:26.475282371Z I20260916 12:09:26.475212   143 consensus_control_block.h:289] consensus of epoch=5892 has reach, all vote yes.
2026-09-16T12:09:26.478583180Z I20260916 12:09:26.478457   147 transaction_manager_impl.cpp:120] Total, abort: 4 commit: 479
2026-09-16T12:09:26.478594151Z I20260916 12:09:26.478470   147 transaction_manager_impl.cpp:62] Finish with epoch id=5892
2026-09-16T12:09:26.483098221Z I20260916 12:09:26.483016    44 block_storage_to_file.cpp:46] block store in file successfully, epoch=5892
2026-09-16T12:09:26.527593612Z I20260916 12:09:26.527513   150 epoch_txn_queue_manager.h:17] All threads reached barrier, epoch: 5894, count: 4
2026-09-16T12:09:26.529294416Z I20260916 12:09:26.529109   143 consensus_control_block.h:289] consensus of epoch=5893 has reach, all vote yes.
2026-09-16T12:09:26.532244903Z I20260916 12:09:26.532172   147 transaction_manager_impl.cpp:120] Total, abort: 0 commit: 498
2026-09-16T12:09:26.532253108Z I20260916 12:09:26.532193   147 transaction_manager_impl.cpp:62] Finish with epoch id=5893
2026-09-16T12:09:26.536591798Z I20260916 12:09:26.536491    44 block_storage_to_file.cpp:46] block store in file successfully, epoch=5893
2026-09-16T12:09:26.613325572Z I20260916 12:09:26.613250   143 consensus_control_block.h:289] consensus of epoch=5894 has reach, all vote yes.
2026-09-16T12:09:26.638730208Z I20260916 12:09:26.638623   150 epoch_txn_queue_manager.h:17] All threads reached barrier, epoch: 5895, count: 4
2026-09-16T12:09:26.642454700Z I20260916 12:09:26.642325   147 transaction_manager_impl.cpp:120] Total, abort: 4 commit: 499
2026-09-16T12:09:26.642477756Z I20260916 12:09:26.642341   147 transaction_manager_impl.cpp:62] Finish with epoch id=5894
2026-09-16T12:09:26.647176837Z I20260916 12:09:26.646937    44 block_storage_to_file.cpp:46] block store in file successfully, epoch=5894
2026-09-16T12:09:26.664764194Z I20260916 12:09:26.664633   151 epoch_txn_queue_manager.h:17] All threads reached barrier, epoch: 5896, count: 4
2026-09-16T12:09:26.668126536Z I20260916 12:09:26.668040   143 consensus_control_block.h:289] consensus of epoch=5895 has reach, all vote yes.
2026-09-16T12:09:26.674299033Z I20260916 12:09:26.674146   147 transaction_manager_impl.cpp:120] Total, abort: 4 commit: 998
2026-09-16T12:09:26.674316273Z I20260916 12:09:26.674177   147 transaction_manager_impl.cpp:62] Finish with epoch id=5895
2026-09-16T12:09:26.682342256Z I20260916 12:09:26.682230    44 block_storage_to_file.cpp:46] block store in file successfully, epoch=5895
2026-09-16T12:09:26.719085592Z I20260916 12:09:26.718993   150 epoch_txn_queue_manager.h:17] All threads reached barrier, epoch: 5897, count: 4
2026-09-16T12:09:26.721376210Z I20260916 12:09:26.721319   143 consensus_control_block.h:289] consensus of epoch=5896 has reach, all vote yes.
2026-09-16T12:09:26.722995963Z I20260916 12:09:26.722880   147 transaction_manager_impl.cpp:120] Total, abort: 0 commit: 228
2026-09-16T12:09:26.723004397Z I20260916 12:09:26.722900   147 transaction_manager_impl.cpp:62] Finish with epoch id=5896
2026-09-16T12:09:26.725418743Z I20260916 12:09:26.725237    44 block_storage_to_file.cpp:46] block store in file successfully, epoch=5896
2026-09-16T12:09:26.765668543Z I20260916 12:09:26.765588   151 epoch_txn_queue_manager.h:17] All threads reached barrier, epoch: 5898, count: 4
2026-09-16T12:09:26.768629378Z I20260916 12:09:26.768553   143 consensus_control_block.h:289] consensus of epoch=5897 has reach, all vote yes.
2026-09-16T12:09:26.772144601Z I20260916 12:09:26.772065   147 transaction_manager_impl.cpp:120] Total, abort: 4 commit: 496
2026-09-16T12:09:26.772150760Z I20260916 12:09:26.772086   147 transaction_manager_impl.cpp:62] Finish with epoch id=5897
2026-09-16T12:09:26.776520017Z I20260916 12:09:26.776419    44 block_storage_to_file.cpp:46] block store in file successfully, epoch=5897
2026-09-16T12:09:26.819736117Z I20260916 12:09:26.819638   150 epoch_txn_queue_manager.h:17] All threads reached barrier, epoch: 5899, count: 4
2026-09-16T12:09:26.822023216Z I20260916 12:09:26.821913   143 consensus_control_block.h:289] consensus of epoch=5898 has reach, all vote yes.
2026-09-16T12:09:26.824717105Z I20260916 12:09:26.824654   147 transaction_manager_impl.cpp:120] Total, abort: 0 commit: 410
2026-09-16T12:09:26.824724576Z I20260916 12:09:26.824681   147 transaction_manager_impl.cpp:62] Finish with epoch id=5898
2026-09-16T12:09:26.828527674Z I20260916 12:09:26.828428    44 block_storage_to_file.cpp:46] block store in file successfully, epoch=5898
2026-09-16T12:09:26.866597132Z I20260916 12:09:26.866391   151 epoch_txn_queue_manager.h:17] All threads reached barrier, epoch: 5900, count: 4
2026-09-16T12:09:26.870183864Z I20260916 12:09:26.870057   143 consensus_control_block.h:289] consensus of epoch=5899 has reach, all vote yes.
2026-09-16T12:09:26.873866576Z I20260916 12:09:26.873688   147 transaction_manager_impl.cpp:120] Total, abort: 4 commit: 497
2026-09-16T12:09:26.873882348Z I20260916 12:09:26.873730   147 transaction_manager_impl.cpp:62] Finish with epoch id=5899
2026-09-16T12:09:26.877921897Z I20260916 12:09:26.877797    44 block_storage_to_file.cpp:46] block store in file successfully, epoch=5899
2026-09-16T12:09:26.885870884Z [epoch] I20260916 12:09:26.885738     7 chain_client.cpp:83] Sending Request to epoch_server_group at qps=0 latency=0
2026-09-16T12:09:26.920609545Z I20260916 12:09:26.920521   150 epoch_txn_queue_manager.h:17] All threads reached barrier, epoch: 5901, count: 4
2026-09-16T12:09:26.922941618Z I20260916 12:09:26.922814   143 consensus_control_block.h:289] consensus of epoch=5900 has reach, all vote yes.
2026-09-16T12:09:26.926205041Z I20260916 12:09:26.926064   147 transaction_manager_impl.cpp:120] Total, abort: 0 commit: 409
2026-09-16T12:09:26.926223907Z I20260916 12:09:26.926085   147 transaction_manager_impl.cpp:62] Finish with epoch id=5900
2026-09-16T12:09:26.930243569Z I20260916 12:09:26.930099    44 block_storage_to_file.cpp:46] block store in file successfully, epoch=5900
2026-09-16T12:09:26.962770643Z I20260916 12:09:26.962643   143 consensus_control_block.h:289] consensus of epoch=5901 has reach, all vote yes.
2026-09-16T12:09:27.041362822Z I20260916 12:09:27.041241   150 epoch_txn_queue_manager.h:17] All threads reached barrier, epoch: 5902, count: 4
2026-09-16T12:09:27.045050391Z I20260916 12:09:27.044281   147 transaction_manager_impl.cpp:120] Total, abort: 4 commit: 497
2026-09-16T12:09:27.045061405Z I20260916 12:09:27.044299   147 transaction_manager_impl.cpp:62] Finish with epoch id=5901
2026-09-16T12:09:27.049459884Z I20260916 12:09:27.049366    44 block_storage_to_file.cpp:46] block store in file successfully, epoch=5901
2026-09-16T12:09:27.067741565Z I20260916 12:09:27.067647   151 epoch_txn_queue_manager.h:17] All threads reached barrier, epoch: 5903, count: 4
2026-09-16T12:09:27.071258915Z I20260916 12:09:27.071112   143 consensus_control_block.h:289] consensus of epoch=5902 has reach, all vote yes.
2026-09-16T12:09:27.077051994Z I20260916 12:09:27.076951   147 transaction_manager_impl.cpp:120] Total, abort: 7 commit: 1084
2026-09-16T12:09:27.077067510Z I20260916 12:09:27.076967   147 transaction_manager_impl.cpp:62] Finish with epoch id=5902
2026-09-16T12:09:27.085902363Z I20260916 12:09:27.085819    44 block_storage_to_file.cpp:46] block store in file successfully, epoch=5902
2026-09-16T12:09:27.124619662Z I20260916 12:09:27.124470   143 consensus_control_block.h:289] consensus of epoch=5903 has reach, all vote yes.
2026-09-16T12:09:27.127953645Z I20260916 12:09:27.127871   149 epoch_txn_queue_manager.h:17] All threads reached barrier, epoch: 5904, count: 4
2026-09-16T12:09:27.129928883Z I20260916 12:09:27.129859   147 transaction_manager_impl.cpp:120] Total, abort: 0 commit: 230
2026-09-16T12:09:27.129941150Z I20260916 12:09:27.129876   147 transaction_manager_impl.cpp:62] Finish with epoch id=5903
2026-09-16T12:09:27.133347510Z I20260916 12:09:27.133234    44 block_storage_to_file.cpp:46] block store in file successfully, epoch=5903
2026-09-16T12:09:27.166959880Z I20260916 12:09:27.166854   143 consensus_control_block.h:289] consensus of epoch=5904 has reach, all vote yes.
2026-09-16T12:09:27.168164655Z I20260916 12:09:27.167979   149 epoch_txn_queue_manager.h:17] All threads reached barrier, epoch: 5905, count: 4
2026-09-16T12:09:27.172509625Z I20260916 12:09:27.172351   147 transaction_manager_impl.cpp:120] Total, abort: 4 commit: 520
2026-09-16T12:09:27.172537206Z I20260916 12:09:27.172385   147 transaction_manager_impl.cpp:62] Finish with epoch id=5904
2026-09-16T12:09:27.176950403Z I20260916 12:09:27.176863    44 block_storage_to_file.cpp:46] block store in file successfully, epoch=5904
2026-09-16T12:09:27.222633326Z I20260916 12:09:27.222546   150 epoch_txn_queue_manager.h:17] All threads reached barrier, epoch: 5906, count: 4
2026-09-16T12:09:27.224973493Z I20260916 12:09:27.224833   143 consensus_control_block.h:289] consensus of epoch=5905 has reach, all vote yes.
2026-09-16T12:09:27.226934044Z I20260916 12:09:27.226859   147 transaction_manager_impl.cpp:120] Total, abort: 1 commit: 361
2026-09-16T12:09:27.226950565Z I20260916 12:09:27.226871   147 transaction_manager_impl.cpp:62] Finish with epoch id=5905
2026-09-16T12:09:27.230095235Z I20260916 12:09:27.229975    44 block_storage_to_file.cpp:46] block store in file successfully, epoch=5905
2026-09-16T12:09:27.315042212Z I20260916 12:09:27.314966   143 consensus_control_block.h:289] consensus of epoch=5906 has reach, all vote yes.
2026-09-16T12:09:27.363656106Z I20260916 12:09:27.363559   150 epoch_txn_queue_manager.h:17] All threads reached barrier, epoch: 5907, count: 4
2026-09-16T12:09:27.363795643Z I20260916 12:09:27.363672   149 epoch_txn_queue_manager.h:17] All threads reached barrier, epoch: 5908, count: 4
2026-09-16T12:09:27.368194994Z I20260916 12:09:27.368105   147 transaction_manager_impl.cpp:120] Total, abort: 4 commit: 520
2026-09-16T12:09:27.368204676Z I20260916 12:09:27.368135   147 transaction_manager_impl.cpp:62] Finish with epoch id=5906
2026-09-16T12:09:27.372694992Z I20260916 12:09:27.372581    44 block_storage_to_file.cpp:46] block store in file successfully, epoch=5906
2026-09-16T12:09:27.463752419Z I20260916 12:09:27.463661   143 consensus_control_block.h:289] consensus of epoch=5908 has reach, all vote yes.
2026-09-16T12:09:27.463763033Z I20260916 12:09:27.463675   143 consensus_control_block.h:289] consensus of epoch=5907 has reach, all vote yes.
2026-09-16T12:09:27.464498100Z I20260916 12:09:27.464082   150 epoch_txn_queue_manager.h:17] All threads reached barrier, epoch: 5909, count: 4
2026-09-16T12:09:27.464505081Z W20260916 12:09:27.464212   148 workload_size_adapter.h:39] epoch gap in workload adapter: cacheEpoch=5907 got=5909
2026-09-16T12:09:27.472177148Z I20260916 12:09:27.472036   147 transaction_manager_impl.cpp:120] Total, abort: 4 commit: 1271
2026-09-16T12:09:27.472202561Z I20260916 12:09:27.472056   147 transaction_manager_impl.cpp:62] Finish with epoch id=5907
2026-09-16T12:09:27.472920142Z I20260916 12:09:27.472801   147 transaction_manager_impl.cpp:120] Total, abort: 0 commit: 0
2026-09-16T12:09:27.473379643Z I20260916 12:09:27.472905   147 transaction_manager_impl.cpp:62] Finish with epoch id=5908
2026-09-16T12:09:27.473387655Z W20260916 12:09:27.472952    33 block_generator_impl.cpp:142] empty epoch block 5908
2026-09-16T12:09:27.482756276Z I20260916 12:09:27.482656    44 block_storage_to_file.cpp:46] block store in file successfully, epoch=5907
2026-09-16T12:09:27.483646222Z I20260916 12:09:27.483548    44 block_storage_to_file.cpp:46] block store in file successfully, epoch=5908
2026-09-16T12:09:27.527206864Z I20260916 12:09:27.527084   143 consensus_control_block.h:289] consensus of epoch=5909 has reach, all vote yes.
2026-09-16T12:09:27.531037025Z I20260916 12:09:27.530957   151 epoch_txn_queue_manager.h:17] All threads reached barrier, epoch: 5910, count: 4
2026-09-16T12:09:27.539281889Z I20260916 12:09:27.535454   147 transaction_manager_impl.cpp:120] Total, abort: 4 commit: 906
2026-09-16T12:09:27.539295445Z I20260916 12:09:27.535470   147 transaction_manager_impl.cpp:62] Finish with epoch id=5909
2026-09-16T12:09:27.542769680Z I20260916 12:09:27.542685    44 block_storage_to_file.cpp:46] block store in file successfully, epoch=5909
2026-09-16T12:09:27.565014485Z I20260916 12:09:27.564872   150 epoch_txn_queue_manager.h:17] All threads reached barrier, epoch: 5911, count: 4
2026-09-16T12:09:27.572829086Z I20260916 12:09:27.572731   143 consensus_control_block.h:289] consensus of epoch=5910 has reach, all vote yes.
2026-09-16T12:09:27.576694651Z I20260916 12:09:27.576586   147 transaction_manager_impl.cpp:120] Total, abort: 4 commit: 588
2026-09-16T12:09:27.576707672Z I20260916 12:09:27.576601   147 transaction_manager_impl.cpp:62] Finish with epoch id=5910
2026-09-16T12:09:27.581589670Z I20260916 12:09:27.581501    44 block_storage_to_file.cpp:46] block store in file successfully, epoch=5910
2026-09-16T12:09:27.625955612Z I20260916 12:09:27.625885   150 epoch_txn_queue_manager.h:17] All threads reached barrier, epoch: 5912, count: 4
2026-09-16T12:09:27.628090449Z I20260916 12:09:27.627987   143 consensus_control_block.h:289] consensus of epoch=5911 has reach, all vote yes.
2026-09-16T12:09:27.630557269Z I20260916 12:09:27.630437   147 transaction_manager_impl.cpp:120] Total, abort: 0 commit: 318
2026-09-16T12:09:27.630574014Z I20260916 12:09:27.630465   147 transaction_manager_impl.cpp:62] Finish with epoch id=5911
2026-09-16T12:09:27.633405558Z I20260916 12:09:27.633284    44 block_storage_to_file.cpp:46] block store in file successfully, epoch=5911
2026-09-16T12:09:27.666198662Z I20260916 12:09:27.666026   150 epoch_txn_queue_manager.h:17] All threads reached barrier, epoch: 5913, count: 4
2026-09-16T12:09:27.667762846Z I20260916 12:09:27.667671   143 consensus_control_block.h:289] consensus of epoch=5912 has reach, all vote yes.
2026-09-16T12:09:27.671884765Z I20260916 12:09:27.671763   147 transaction_manager_impl.cpp:120] Total, abort: 4 commit: 544
2026-09-16T12:09:27.671896246Z I20260916 12:09:27.671785   147 transaction_manager_impl.cpp:62] Finish with epoch id=5912
2026-09-16T12:09:27.677106053Z I20260916 12:09:27.677009    44 block_storage_to_file.cpp:46] block store in file successfully, epoch=5912
2026-09-16T12:09:27.736820252Z I20260916 12:09:27.736737   150 epoch_txn_queue_manager.h:17] All threads reached barrier, epoch: 5914, count: 4
2026-09-16T12:09:27.739621762Z I20260916 12:09:27.739354   143 consensus_control_block.h:289] consensus of epoch=5913 has reach, all vote yes.
2026-09-16T12:09:27.742379735Z I20260916 12:09:27.742251   147 transaction_manager_impl.cpp:120] Total, abort: 0 commit: 364
2026-09-16T12:09:27.742394637Z I20260916 12:09:27.742295   147 transaction_manager_impl.cpp:62] Finish with epoch id=5913
2026-09-16T12:09:27.745752168Z I20260916 12:09:27.745609    44 block_storage_to_file.cpp:46] block store in file successfully, epoch=5913
2026-09-16T12:09:27.765123861Z I20260916 12:09:27.765041   143 consensus_control_block.h:289] consensus of epoch=5914 has reach, all vote yes.
2026-09-16T12:09:27.766661114Z I20260916 12:09:27.766592   150 epoch_txn_queue_manager.h:17] All threads reached barrier, epoch: 5915, count: 4
2026-09-16T12:09:27.771265834Z I20260916 12:09:27.771169   147 transaction_manager_impl.cpp:120] Total, abort: 4 commit: 634
2026-09-16T12:09:27.771277818Z I20260916 12:09:27.771193   147 transaction_manager_impl.cpp:62] Finish with epoch id=5914
2026-09-16T12:09:27.776903512Z I20260916 12:09:27.776805    44 block_storage_to_file.cpp:46] block store in file successfully, epoch=5914
2026-09-16T12:09:27.829500028Z I20260916 12:09:27.829380   143 consensus_control_block.h:289] consensus of epoch=5915 has reach, all vote yes.
2026-09-16T12:09:27.832911402Z I20260916 12:09:27.832860   151 epoch_txn_queue_manager.h:17] All threads reached barrier, epoch: 5916, count: 4
2026-09-16T12:09:27.835032720Z I20260916 12:09:27.834940   147 transaction_manager_impl.cpp:120] Total, abort: 0 commit: 271
2026-09-16T12:09:27.835042183Z I20260916 12:09:27.834956   147 transaction_manager_impl.cpp:62] Finish with epoch id=5915
2026-09-16T12:09:27.837472064Z I20260916 12:09:27.837364    44 block_storage_to_file.cpp:46] block store in file successfully, epoch=5915
2026-09-16T12:09:27.885965067Z [epoch] I20260916 12:09:27.885828     7 chain_client.cpp:83] Sending Request to epoch_server_group at qps=0 latency=0
2026-09-16T12:09:27.893354597Z I20260916 12:09:27.893281   151 epoch_txn_queue_manager.h:17] All threads reached barrier, epoch: 5917, count: 4
2026-09-16T12:09:27.896475766Z I20260916 12:09:27.896374   143 consensus_control_block.h:289] consensus of epoch=5916 has reach, all vote yes.
2026-09-16T12:09:27.900661963Z I20260916 12:09:27.900566   147 transaction_manager_impl.cpp:120] Total, abort: 5 commit: 590
2026-09-16T12:09:27.900673341Z I20260916 12:09:27.900580   147 transaction_manager_impl.cpp:62] Finish with epoch id=5916
2026-09-16T12:09:27.905441190Z I20260916 12:09:27.905364    44 block_storage_to_file.cpp:46] block store in file successfully, epoch=5916
2026-09-16T12:09:27.965053797Z I20260916 12:09:27.964980   143 consensus_control_block.h:289] consensus of epoch=5917 has reach, all vote yes.
2026-09-16T12:09:27.968091910Z I20260916 12:09:27.968026   150 epoch_txn_queue_manager.h:17] All threads reached barrier, epoch: 5918, count: 4
2026-09-16T12:09:27.971508342Z I20260916 12:09:27.971426   147 transaction_manager_impl.cpp:120] Total, abort: 4 commit: 542
2026-09-16T12:09:27.971516304Z I20260916 12:09:27.971439   147 transaction_manager_impl.cpp:62] Finish with epoch id=5917
2026-09-16T12:09:27.976249983Z I20260916 12:09:27.976148    44 block_storage_to_file.cpp:46] block store in file successfully, epoch=5917
2026-09-16T12:09:28.022071021Z I20260916 12:09:28.021968   143 consensus_control_block.h:289] consensus of epoch=5918 has reach, all vote yes.
2026-09-16T12:09:28.027801099Z I20260916 12:09:28.027750   152 epoch_txn_queue_manager.h:17] All threads reached barrier, epoch: 5919, count: 4
2026-09-16T12:09:28.032320781Z I20260916 12:09:28.032239   147 transaction_manager_impl.cpp:120] Total, abort: 0 commit: 680
2026-09-16T12:09:28.032330554Z I20260916 12:09:28.032253   147 transaction_manager_impl.cpp:62] Finish with epoch id=5918
2026-09-16T12:09:28.038431622Z I20260916 12:09:28.038204    44 block_storage_to_file.cpp:46] block store in file successfully, epoch=5918
2026-09-16T12:09:28.088815897Z I20260916 12:09:28.088696   143 consensus_control_block.h:289] consensus of epoch=5919 has reach, all vote yes.
2026-09-16T12:09:28.094791642Z I20260916 12:09:28.094640   149 epoch_txn_queue_manager.h:17] All threads reached barrier, epoch: 5920, count: 4
2026-09-16T12:09:28.099655545Z I20260916 12:09:28.099355   147 transaction_manager_impl.cpp:120] Total, abort: 4 commit: 526
2026-09-16T12:09:28.099667774Z I20260916 12:09:28.099404   147 transaction_manager_impl.cpp:62] Finish with epoch id=5919
2026-09-16T12:09:28.104161978Z I20260916 12:09:28.104028    44 block_storage_to_file.cpp:46] block store in file successfully, epoch=5919
2026-09-16T12:09:28.165534107Z I20260916 12:09:28.165441   143 consensus_control_block.h:289] consensus of epoch=5920 has reach, all vote yes.
2026-09-16T12:09:28.169746724Z I20260916 12:09:28.169677   150 epoch_txn_queue_manager.h:17] All threads reached barrier, epoch: 5921, count: 4
2026-09-16T12:09:28.173692256Z I20260916 12:09:28.173627   147 transaction_manager_impl.cpp:120] Total, abort: 4 commit: 587
2026-09-16T12:09:28.173703201Z I20260916 12:09:28.173646   147 transaction_manager_impl.cpp:62] Finish with epoch id=5920
2026-09-16T12:09:28.178806857Z I20260916 12:09:28.178686    44 block_storage_to_file.cpp:46] block store in file successfully, epoch=5920
2026-09-16T12:09:28.222175169Z I20260916 12:09:28.222074   143 consensus_control_block.h:289] consensus of epoch=5921 has reach, all vote yes.
2026-09-16T12:09:28.226873213Z I20260916 12:09:28.226775   151 epoch_txn_queue_manager.h:17] All threads reached barrier, epoch: 5922, count: 4
2026-09-16T12:09:28.232486241Z I20260916 12:09:28.232376   147 transaction_manager_impl.cpp:120] Total, abort: 0 commit: 701
2026-09-16T12:09:28.232499559Z I20260916 12:09:28.232424   147 transaction_manager_impl.cpp:62] Finish with epoch id=5921
2026-09-16T12:09:28.238183498Z I20260916 12:09:28.238018    44 block_storage_to_file.cpp:46] block store in file successfully, epoch=5921
2026-09-16T12:09:28.289237725Z I20260916 12:09:28.289052   143 consensus_control_block.h:289] consensus of epoch=5922 has reach, all vote yes.
2026-09-16T12:09:28.290757901Z I20260916 12:09:28.290673   150 epoch_txn_queue_manager.h:17] All threads reached barrier, epoch: 5923, count: 4
2026-09-16T12:09:28.294613192Z I20260916 12:09:28.294544   147 transaction_manager_impl.cpp:120] Total, abort: 4 commit: 502
2026-09-16T12:09:28.294620125Z I20260916 12:09:28.294556   147 transaction_manager_impl.cpp:62] Finish with epoch id=5922
2026-09-16T12:09:28.298695443Z I20260916 12:09:28.298578    44 block_storage_to_file.cpp:46] block store in file successfully, epoch=5922
2026-09-16T12:09:28.366096894Z I20260916 12:09:28.366004   143 consensus_control_block.h:289] consensus of epoch=5923 has reach, all vote yes.
2026-09-16T12:09:28.371187560Z I20260916 12:09:28.371119   150 epoch_txn_queue_manager.h:17] All threads reached barrier, epoch: 5924, count: 4
2026-09-16T12:09:28.375802383Z I20260916 12:09:28.375700   147 transaction_manager_impl.cpp:120] Total, abort: 4 commit: 590
2026-09-16T12:09:28.375819347Z I20260916 12:09:28.375713   147 transaction_manager_impl.cpp:62] Finish with epoch id=5923
2026-09-16T12:09:28.380830767Z I20260916 12:09:28.380750    44 block_storage_to_file.cpp:46] block store in file successfully, epoch=5923
2026-09-16T12:09:28.441878133Z I20260916 12:09:28.441684   150 epoch_txn_queue_manager.h:17] All threads reached barrier, epoch: 5925, count: 4
2026-09-16T12:09:28.444000905Z I20260916 12:09:28.443938   143 consensus_control_block.h:289] consensus of epoch=5924 has reach, all vote yes.
2026-09-16T12:09:28.448417317Z I20260916 12:09:28.448338   147 transaction_manager_impl.cpp:120] Total, abort: 0 commit: 726
2026-09-16T12:09:28.448428252Z I20260916 12:09:28.448359   147 transaction_manager_impl.cpp:62] Finish with epoch id=5924
2026-09-16T12:09:28.454392262Z I20260916 12:09:28.454262    44 block_storage_to_file.cpp:46] block store in file successfully, epoch=5924
2026-09-16T12:09:28.511083280Z I20260916 12:09:28.511005   152 epoch_txn_queue_manager.h:17] All threads reached barrier, epoch: 5926, count: 4
2026-09-16T12:09:28.511457534Z I20260916 12:09:28.511307   143 consensus_control_block.h:289] consensus of epoch=5925 has reach, all vote yes.
2026-09-16T12:09:28.515699553Z I20260916 12:09:28.515636   147 transaction_manager_impl.cpp:120] Total, abort: 4 commit: 634
2026-09-16T12:09:28.515705150Z I20260916 12:09:28.515648   147 transaction_manager_impl.cpp:62] Finish with epoch id=5925
2026-09-16T12:09:28.521496562Z I20260916 12:09:28.521374    44 block_storage_to_file.cpp:46] block store in file successfully, epoch=5925
2026-09-16T12:09:28.566499757Z I20260916 12:09:28.566431   143 consensus_control_block.h:289] consensus of epoch=5926 has reach, all vote yes.
2026-09-16T12:09:28.649622908Z I20260916 12:09:28.649519   151 epoch_txn_queue_manager.h:17] All threads reached barrier, epoch: 5927, count: 4
2026-09-16T12:09:28.654949395Z I20260916 12:09:28.654840   147 transaction_manager_impl.cpp:120] Total, abort: 4 commit: 612
2026-09-16T12:09:28.654963194Z I20260916 12:09:28.654855   147 transaction_manager_impl.cpp:62] Finish with epoch id=5926
2026-09-16T12:09:28.661275846Z I20260916 12:09:28.661196    44 block_storage_to_file.cpp:46] block store in file successfully, epoch=5926
2026-09-16T12:09:28.672352796Z I20260916 12:09:28.672248   152 epoch_txn_queue_manager.h:17] All threads reached barrier, epoch: 5928, count: 4
2026-09-16T12:09:28.672358933Z I20260916 12:09:28.672326   143 consensus_control_block.h:289] consensus of epoch=5927 has reach, all vote yes.
2026-09-16T12:09:28.678842020Z I20260916 12:09:28.678699   147 transaction_manager_impl.cpp:120] Total, abort: 4 commit: 1244
2026-09-16T12:09:28.678869388Z I20260916 12:09:28.678722   147 transaction_manager_impl.cpp:62] Finish with epoch id=5927
2026-09-16T12:09:28.689129738Z I20260916 12:09:28.688997    44 block_storage_to_file.cpp:46] block store in file successfully, epoch=5927
2026-09-16T12:09:28.743896678Z I20260916 12:09:28.743808   150 epoch_txn_queue_manager.h:17] All threads reached barrier, epoch: 5929, count: 4
2026-09-16T12:09:28.746140625Z I20260916 12:09:28.746064   143 consensus_control_block.h:289] consensus of epoch=5928 has reach, all vote yes.
2026-09-16T12:09:28.747673619Z I20260916 12:09:28.747603   147 transaction_manager_impl.cpp:120] Total, abort: 0 commit: 203
2026-09-16T12:09:28.747680026Z I20260916 12:09:28.747615   147 transaction_manager_impl.cpp:62] Finish with epoch id=5928
2026-09-16T12:09:28.749899528Z I20260916 12:09:28.749819    44 block_storage_to_file.cpp:46] block store in file successfully, epoch=5928
2026-09-16T12:09:28.773052698Z I20260916 12:09:28.772972   152 epoch_txn_queue_manager.h:17] All threads reached barrier, epoch: 5930, count: 4
2026-09-16T12:09:28.776406403Z I20260916 12:09:28.776333   143 consensus_control_block.h:289] consensus of epoch=5929 has reach, all vote yes.
2026-09-16T12:09:28.780256707Z I20260916 12:09:28.780130   147 transaction_manager_impl.cpp:120] Total, abort: 4 commit: 661
2026-09-16T12:09:28.780268979Z I20260916 12:09:28.780174   147 transaction_manager_impl.cpp:62] Finish with epoch id=5929
2026-09-16T12:09:28.785522785Z I20260916 12:09:28.785414    44 block_storage_to_file.cpp:46] block store in file successfully, epoch=5929
2026-09-16T12:09:28.835437517Z I20260916 12:09:28.835328   152 epoch_txn_queue_manager.h:17] All threads reached barrier, epoch: 5931, count: 4
2026-09-16T12:09:28.843368455Z I20260916 12:09:28.843250   143 consensus_control_block.h:289] consensus of epoch=5930 has reach, all vote yes.
2026-09-16T12:09:28.844457777Z I20260916 12:09:28.844398   147 transaction_manager_impl.cpp:120] Total, abort: 0 commit: 246
2026-09-16T12:09:28.844464900Z I20260916 12:09:28.844424   147 transaction_manager_impl.cpp:62] Finish with epoch id=5930
2026-09-16T12:09:28.847016751Z I20260916 12:09:28.846913    44 block_storage_to_file.cpp:46] block store in file successfully, epoch=5930
2026-09-16T12:09:28.885995205Z [epoch] I20260916 12:09:28.885869     7 chain_client.cpp:83] Sending Request to epoch_server_group at qps=0 latency=0
2026-09-16T12:09:28.901604321Z I20260916 12:09:28.901500   151 epoch_txn_queue_manager.h:17] All threads reached barrier, epoch: 5932, count: 4
2026-09-16T12:09:28.903311329Z I20260916 12:09:28.903237   143 consensus_control_block.h:289] consensus of epoch=5931 has reach, all vote yes.
2026-09-16T12:09:28.907038628Z I20260916 12:09:28.906955   147 transaction_manager_impl.cpp:120] Total, abort: 4 commit: 522
2026-09-16T12:09:28.907050539Z I20260916 12:09:28.906968   147 transaction_manager_impl.cpp:62] Finish with epoch id=5931
2026-09-16T12:09:28.911465585Z I20260916 12:09:28.911391    44 block_storage_to_file.cpp:46] block store in file successfully, epoch=5931
2026-09-16T12:09:28.956058859Z I20260916 12:09:28.955879   150 epoch_txn_queue_manager.h:17] All threads reached barrier, epoch: 5933, count: 4
2026-09-16T12:09:28.957118515Z I20260916 12:09:28.956899   143 consensus_control_block.h:289] consensus of epoch=5932 has reach, all vote yes.
2026-09-16T12:09:28.960890423Z I20260916 12:09:28.960742   147 transaction_manager_impl.cpp:120] Total, abort: 5 commit: 637
2026-09-16T12:09:28.960905333Z I20260916 12:09:28.960762   147 transaction_manager_impl.cpp:62] Finish with epoch id=5932
2026-09-16T12:09:28.966474499Z I20260916 12:09:28.966390    44 block_storage_to_file.cpp:46] block store in file successfully, epoch=5932
2026-09-16T12:09:29.012504592Z I20260916 12:09:29.012342   151 epoch_txn_queue_manager.h:17] All threads reached barrier, epoch: 5934, count: 4
2026-09-16T12:09:29.015991395Z I20260916 12:09:29.015923   143 consensus_control_block.h:289] consensus of epoch=5933 has reach, all vote yes.
2026-09-16T12:09:29.019077196Z I20260916 12:09:29.018968   147 transaction_manager_impl.cpp:120] Total, abort: 1 commit: 500
2026-09-16T12:09:29.019089292Z I20260916 12:09:29.018980   147 transaction_manager_impl.cpp:62] Finish with epoch id=5933
2026-09-16T12:09:29.023516074Z I20260916 12:09:29.023367    44 block_storage_to_file.cpp:46] block store in file successfully, epoch=5933
2026-09-16T12:09:29.067694230Z I20260916 12:09:29.067562   143 consensus_control_block.h:289] consensus of epoch=5934 has reach, all vote yes.
2026-09-16T12:09:29.076741240Z I20260916 12:09:29.076624   150 epoch_txn_queue_manager.h:17] All threads reached barrier, epoch: 5935, count: 4
2026-09-16T12:09:29.080807223Z I20260916 12:09:29.080691   147 transaction_manager_impl.cpp:120] Total, abort: 4 commit: 497
2026-09-16T12:09:29.080837493Z I20260916 12:09:29.080747   147 transaction_manager_impl.cpp:62] Finish with epoch id=5934
2026-09-16T12:09:29.085126428Z I20260916 12:09:29.085045    44 block_storage_to_file.cpp:46] block store in file successfully, epoch=5934
2026-09-16T12:09:29.167926697Z I20260916 12:09:29.167842   143 consensus_control_block.h:289] consensus of epoch=5935 has reach, all vote yes.
2026-09-16T12:09:29.173559905Z I20260916 12:09:29.173429   151 epoch_txn_queue_manager.h:17] All threads reached barrier, epoch: 5936, count: 4
2026-09-16T12:09:29.177512296Z I20260916 12:09:29.177389   147 transaction_manager_impl.cpp:120] Total, abort: 0 commit: 589
2026-09-16T12:09:29.177525168Z I20260916 12:09:29.177404   147 transaction_manager_impl.cpp:62] Finish with epoch id=5935
2026-09-16T12:09:29.182487055Z I20260916 12:09:29.182348    44 block_storage_to_file.cpp:46] block store in file successfully, epoch=5935
2026-09-16T12:09:29.236766015Z I20260916 12:09:29.236663   152 epoch_txn_queue_manager.h:17] All threads reached barrier, epoch: 5937, count: 4
2026-09-16T12:09:29.238876969Z I20260916 12:09:29.238708   143 consensus_control_block.h:289] consensus of epoch=5936 has reach, all vote yes.
2026-09-16T12:09:29.243493890Z I20260916 12:09:29.243397   147 transaction_manager_impl.cpp:120] Total, abort: 4 commit: 864
2026-09-16T12:09:29.243508945Z I20260916 12:09:29.243422   147 transaction_manager_impl.cpp:62] Finish with epoch id=5936
2026-09-16T12:09:29.250799989Z I20260916 12:09:29.250720    44 block_storage_to_file.cpp:46] block store in file successfully, epoch=5936
2026-09-16T12:09:29.274366303Z I20260916 12:09:29.274219   149 epoch_txn_queue_manager.h:17] All threads reached barrier, epoch: 5938, count: 4
2026-09-16T12:09:29.278915402Z I20260916 12:09:29.278815   143 consensus_control_block.h:289] consensus of epoch=5937 has reach, all vote yes.
2026-09-16T12:09:29.281982250Z I20260916 12:09:29.281899   147 transaction_manager_impl.cpp:120] Total, abort: 5 commit: 564
2026-09-16T12:09:29.281986870Z I20260916 12:09:29.281912   147 transaction_manager_impl.cpp:62] Finish with epoch id=5937
2026-09-16T12:09:29.286624545Z I20260916 12:09:29.286513    44 block_storage_to_file.cpp:46] block store in file successfully, epoch=5937
2026-09-16T12:09:29.368383728Z I20260916 12:09:29.368283   143 consensus_control_block.h:289] consensus of epoch=5938 has reach, all vote yes.
2026-09-16T12:09:29.374871063Z I20260916 12:09:29.374687   149 epoch_txn_queue_manager.h:17] All threads reached barrier, epoch: 5939, count: 4
2026-09-16T12:09:29.378470122Z I20260916 12:09:29.378368   147 transaction_manager_impl.cpp:120] Total, abort: 0 commit: 336
2026-09-16T12:09:29.378482448Z I20260916 12:09:29.378381   147 transaction_manager_impl.cpp:62] Finish with epoch id=5938
2026-09-16T12:09:29.381946888Z I20260916 12:09:29.381839    44 block_storage_to_file.cpp:46] block store in file successfully, epoch=5938
2026-09-16T12:09:29.430812305Z I20260916 12:09:29.430706   143 consensus_control_block.h:289] consensus of epoch=5939 has reach, all vote yes.
2026-09-16T12:09:29.435172037Z I20260916 12:09:29.435122   151 epoch_txn_queue_manager.h:17] All threads reached barrier, epoch: 5940, count: 4
2026-09-16T12:09:29.440455182Z I20260916 12:09:29.440358   147 transaction_manager_impl.cpp:120] Total, abort: 6 commit: 882
2026-09-16T12:09:29.440469755Z I20260916 12:09:29.440382   147 transaction_manager_impl.cpp:62] Finish with epoch id=5939
2026-09-16T12:09:29.448330941Z I20260916 12:09:29.448204    44 block_storage_to_file.cpp:46] block store in file successfully, epoch=5939
2026-09-16T12:09:29.469514286Z I20260916 12:09:29.469388   150 epoch_txn_queue_manager.h:17] All threads reached barrier, epoch: 5941, count: 4
2026-09-16T12:09:29.484459916Z I20260916 12:09:29.484258   143 consensus_control_block.h:289] consensus of epoch=5940 has reach, all vote yes.
2026-09-16T12:09:29.489119276Z I20260916 12:09:29.488972   147 transaction_manager_impl.cpp:120] Total, abort: 4 commit: 569
2026-09-16T12:09:29.489135673Z I20260916 12:09:29.488994   147 transaction_manager_impl.cpp:62] Finish with epoch id=5940
2026-09-16T12:09:29.494623362Z I20260916 12:09:29.494468    44 block_storage_to_file.cpp:46] block store in file successfully, epoch=5940
2026-09-16T12:09:29.542034204Z I20260916 12:09:29.541929   143 consensus_control_block.h:289] consensus of epoch=5941 has reach, all vote yes.
2026-09-16T12:09:29.546329035Z I20260916 12:09:29.546268   151 epoch_txn_queue_manager.h:17] All threads reached barrier, epoch: 5942, count: 4
2026-09-16T12:09:29.548361952Z I20260916 12:09:29.548275   147 transaction_manager_impl.cpp:120] Total, abort: 0 commit: 320
2026-09-16T12:09:29.548369902Z I20260916 12:09:29.548287   147 transaction_manager_impl.cpp:62] Finish with epoch id=5941
2026-09-16T12:09:29.551412751Z I20260916 12:09:29.551121    44 block_storage_to_file.cpp:46] block store in file successfully, epoch=5941
2026-09-16T12:09:29.570229545Z I20260916 12:09:29.570151   143 consensus_control_block.h:289] consensus of epoch=5942 has reach, all vote yes.
2026-09-16T12:09:29.570388935Z I20260916 12:09:29.570210   150 epoch_txn_queue_manager.h:17] All threads reached barrier, epoch: 5943, count: 4
2026-09-16T12:09:29.575287259Z I20260916 12:09:29.575201   147 transaction_manager_impl.cpp:120] Total, abort: 4 commit: 677
2026-09-16T12:09:29.575298523Z I20260916 12:09:29.575222   147 transaction_manager_impl.cpp:62] Finish with epoch id=5942
2026-09-16T12:09:29.580872145Z I20260916 12:09:29.580742    44 block_storage_to_file.cpp:46] block store in file successfully, epoch=5942
2026-09-16T12:09:29.643385114Z I20260916 12:09:29.643244   143 consensus_control_block.h:289] consensus of epoch=5943 has reach, all vote yes.
2026-09-16T12:09:29.646532407Z I20260916 12:09:29.646456   149 epoch_txn_queue_manager.h:17] All threads reached barrier, epoch: 5944, count: 4
2026-09-16T12:09:29.648350280Z I20260916 12:09:29.648290   147 transaction_manager_impl.cpp:120] Total, abort: 0 commit: 226
2026-09-16T12:09:29.648356418Z I20260916 12:09:29.648301   147 transaction_manager_impl.cpp:62] Finish with epoch id=5943
2026-09-16T12:09:29.650680483Z I20260916 12:09:29.650607    44 block_storage_to_file.cpp:46] block store in file successfully, epoch=5943
2026-09-16T12:09:29.670003605Z I20260916 12:09:29.669921   143 consensus_control_block.h:289] consensus of epoch=5944 has reach, all vote yes.
2026-09-16T12:09:29.670860735Z I20260916 12:09:29.670816   150 epoch_txn_queue_manager.h:17] All threads reached barrier, epoch: 5945, count: 4
2026-09-16T12:09:29.675977172Z I20260916 12:09:29.675890   147 transaction_manager_impl.cpp:120] Total, abort: 4 commit: 661
2026-09-16T12:09:29.675988432Z I20260916 12:09:29.675904   147 transaction_manager_impl.cpp:62] Finish with epoch id=5944
2026-09-16T12:09:29.681028561Z I20260916 12:09:29.680963    44 block_storage_to_file.cpp:46] block store in file successfully, epoch=5944
2026-09-16T12:09:29.741500314Z I20260916 12:09:29.741387   150 epoch_txn_queue_manager.h:17] All threads reached barrier, epoch: 5946, count: 4
2026-09-16T12:09:29.744153334Z I20260916 12:09:29.744040   143 consensus_control_block.h:289] consensus of epoch=5945 has reach, all vote yes.
2026-09-16T12:09:29.746205257Z I20260916 12:09:29.746102   147 transaction_manager_impl.cpp:120] Total, abort: 0 commit: 246
2026-09-16T12:09:29.746218980Z I20260916 12:09:29.746115   147 transaction_manager_impl.cpp:62] Finish with epoch id=5945
2026-09-16T12:09:29.749094127Z I20260916 12:09:29.748924    44 block_storage_to_file.cpp:46] block store in file successfully, epoch=5945
2026-09-16T12:09:29.800912476Z I20260916 12:09:29.800808   143 consensus_control_block.h:289] consensus of epoch=5946 has reach, all vote yes.
2026-09-16T12:09:29.802010693Z I20260916 12:09:29.801952   150 epoch_txn_queue_manager.h:17] All threads reached barrier, epoch: 5947, count: 4
2026-09-16T12:09:29.807481114Z I20260916 12:09:29.806885   147 transaction_manager_impl.cpp:120] Total, abort: 4 commit: 634
2026-09-16T12:09:29.807496057Z I20260916 12:09:29.806902   147 transaction_manager_impl.cpp:62] Finish with epoch id=5946
2026-09-16T12:09:29.812480473Z I20260916 12:09:29.812374    44 block_storage_to_file.cpp:46] block store in file successfully, epoch=5946
2026-09-16T12:09:29.862469552Z I20260916 12:09:29.862308   150 epoch_txn_queue_manager.h:17] All threads reached barrier, epoch: 5948, count: 4
2026-09-16T12:09:29.864654301Z I20260916 12:09:29.864565   143 consensus_control_block.h:289] consensus of epoch=5947 has reach, all vote yes.
2026-09-16T12:09:29.868316978Z I20260916 12:09:29.868248   147 transaction_manager_impl.cpp:120] Total, abort: 4 commit: 546
2026-09-16T12:09:29.868347164Z I20260916 12:09:29.868264   147 transaction_manager_impl.cpp:62] Finish with epoch id=5947
2026-09-16T12:09:29.873952364Z I20260916 12:09:29.873641    44 block_storage_to_file.cpp:46] block store in file successfully, epoch=5947
2026-09-16T12:09:29.886100857Z [epoch] I20260916 12:09:29.885980     7 chain_client.cpp:83] Sending Request to epoch_server_group at qps=0 latency=0
2026-09-16T12:09:29.925420851Z I20260916 12:09:29.925343   143 consensus_control_block.h:289] consensus of epoch=5948 has reach, all vote yes.
2026-09-16T12:09:29.973151616Z I20260916 12:09:29.973088   150 epoch_txn_queue_manager.h:17] All threads reached barrier, epoch: 5949, count: 4
2026-09-16T12:09:29.977692069Z I20260916 12:09:29.977610   147 transaction_manager_impl.cpp:120] Total, abort: 0 commit: 544
2026-09-16T12:09:29.977716766Z I20260916 12:09:29.977622   147 transaction_manager_impl.cpp:62] Finish with epoch id=5948
2026-09-16T12:09:29.982465285Z I20260916 12:09:29.982374    44 block_storage_to_file.cpp:46] block store in file successfully, epoch=5948
2026-09-16T12:09:30.035362574Z I20260916 12:09:30.035269   143 consensus_control_block.h:289] consensus of epoch=5949 has reach, all vote yes.
2026-09-16T12:09:30.040632786Z I20260916 12:09:30.040555   151 epoch_txn_queue_manager.h:17] All threads reached barrier, epoch: 5950, count: 4
2026-09-16T12:09:30.046783643Z I20260916 12:09:30.046650   147 transaction_manager_impl.cpp:120] Total, abort: 5 commit: 998
2026-09-16T12:09:30.046797249Z I20260916 12:09:30.046667   147 transaction_manager_impl.cpp:62] Finish with epoch id=5949
2026-09-16T12:09:30.055092232Z I20260916 12:09:30.054956    44 block_storage_to_file.cpp:46] block store in file successfully, epoch=5949
2026-09-16T12:09:30.073834809Z I20260916 12:09:30.073733   150 epoch_txn_queue_manager.h:17] All threads reached barrier, epoch: 5951, count: 4
2026-09-16T12:09:30.074699455Z I20260916 12:09:30.074618   143 consensus_control_block.h:289] consensus of epoch=5950 has reach, all vote yes.
2026-09-16T12:09:30.078729515Z I20260916 12:09:30.078588   147 transaction_manager_impl.cpp:120] Total, abort: 4 commit: 588
2026-09-16T12:09:30.078742518Z I20260916 12:09:30.078601   147 transaction_manager_impl.cpp:62] Finish with epoch id=5950
2026-09-16T12:09:30.083881771Z I20260916 12:09:30.083788    44 block_storage_to_file.cpp:46] block store in file successfully, epoch=5950
2026-09-16T12:09:30.144623652Z I20260916 12:09:30.144500   150 epoch_txn_queue_manager.h:17] All threads reached barrier, epoch: 5952, count: 4
2026-09-16T12:09:30.146962588Z I20260916 12:09:30.146853   143 consensus_control_block.h:289] consensus of epoch=5951 has reach, all vote yes.
2026-09-16T12:09:30.149092532Z I20260916 12:09:30.149000   147 transaction_manager_impl.cpp:120] Total, abort: 0 commit: 317
2026-09-16T12:09:30.149099964Z I20260916 12:09:30.149017   147 transaction_manager_impl.cpp:62] Finish with epoch id=5951
2026-09-16T12:09:30.152055536Z I20260916 12:09:30.151970    44 block_storage_to_file.cpp:46] block store in file successfully, epoch=5951
2026-09-16T12:09:30.174898745Z I20260916 12:09:30.174718   150 epoch_txn_queue_manager.h:17] All threads reached barrier, epoch: 5953, count: 4
2026-09-16T12:09:30.176896017Z I20260916 12:09:30.176757   143 consensus_control_block.h:289] consensus of epoch=5952 has reach, all vote yes.
2026-09-16T12:09:30.180531095Z I20260916 12:09:30.180406   147 transaction_manager_impl.cpp:120] Total, abort: 4 commit: 636
2026-09-16T12:09:30.180544666Z I20260916 12:09:30.180423   147 transaction_manager_impl.cpp:62] Finish with epoch id=5952
2026-09-16T12:09:30.185797016Z I20260916 12:09:30.185702    44 block_storage_to_file.cpp:46] block store in file successfully, epoch=5952
2026-09-16T12:09:30.227339237Z I20260916 12:09:30.227226   143 consensus_control_block.h:289] consensus of epoch=5953 has reach, all vote yes.
2026-09-16T12:09:30.230704960Z I20260916 12:09:30.230636   149 epoch_txn_queue_manager.h:17] All threads reached barrier, epoch: 5954, count: 4
2026-09-16T12:09:30.232862035Z I20260916 12:09:30.232808   147 transaction_manager_impl.cpp:120] Total, abort: 0 commit: 272
2026-09-16T12:09:30.232869778Z I20260916 12:09:30.232826   147 transaction_manager_impl.cpp:62] Finish with epoch id=5953
2026-09-16T12:09:30.235273129Z I20260916 12:09:30.235185    44 block_storage_to_file.cpp:46] block store in file successfully, epoch=5953
2026-09-16T12:09:30.270833747Z I20260916 12:09:30.270704   143 consensus_control_block.h:289] consensus of epoch=5954 has reach, all vote yes.
2026-09-16T12:09:30.365946012Z I20260916 12:09:30.365828   150 epoch_txn_queue_manager.h:17] All threads reached barrier, epoch: 5955, count: 4
2026-09-16T12:09:30.370154439Z I20260916 12:09:30.370081   147 transaction_manager_impl.cpp:120] Total, abort: 4 commit: 477
2026-09-16T12:09:30.370165120Z I20260916 12:09:30.370106   147 transaction_manager_impl.cpp:62] Finish with epoch id=5954
2026-09-16T12:09:30.375844278Z I20260916 12:09:30.375718    44 block_storage_to_file.cpp:46] block store in file successfully, epoch=5954
2026-09-16T12:09:30.376363004Z I20260916 12:09:30.376261   150 epoch_txn_queue_manager.h:17] All threads reached barrier, epoch: 5956, count: 4
2026-09-16T12:09:30.378193792Z I20260916 12:09:30.378141   143 consensus_control_block.h:289] consensus of epoch=5955 has reach, all vote yes.
2026-09-16T12:09:30.384761437Z I20260916 12:09:30.384665   147 transaction_manager_impl.cpp:120] Total, abort: 5 commit: 1244
2026-09-16T12:09:30.384775348Z I20260916 12:09:30.384709   147 transaction_manager_impl.cpp:62] Finish with epoch id=5955
2026-09-16T12:09:30.394581660Z I20260916 12:09:30.394460    44 block_storage_to_file.cpp:46] block store in file successfully, epoch=5955
2026-09-16T12:09:30.455364732Z I20260916 12:09:30.455284   152 epoch_txn_queue_manager.h:17] All threads reached barrier, epoch: 5957, count: 4
2026-09-16T12:09:30.458887868Z I20260916 12:09:30.458796   143 consensus_control_block.h:289] consensus of epoch=5956 has reach, all vote yes.
2026-09-16T12:09:30.459460542Z I20260916 12:09:30.459394   147 transaction_manager_impl.cpp:120] Total, abort: 0 commit: 91
2026-09-16T12:09:30.459465188Z I20260916 12:09:30.459405   147 transaction_manager_impl.cpp:62] Finish with epoch id=5956
2026-09-16T12:09:30.460696437Z I20260916 12:09:30.460621    44 block_storage_to_file.cpp:46] block store in file successfully, epoch=5956
2026-09-16T12:09:30.476140785Z I20260916 12:09:30.476038   143 consensus_control_block.h:289] consensus of epoch=5957 has reach, all vote yes.
2026-09-16T12:09:30.476683253Z I20260916 12:09:30.476611   150 epoch_txn_queue_manager.h:17] All threads reached barrier, epoch: 5958, count: 4
2026-09-16T12:09:30.480334923Z I20260916 12:09:30.480250   147 transaction_manager_impl.cpp:120] Total, abort: 4 commit: 702
2026-09-16T12:09:30.480347816Z I20260916 12:09:30.480263   147 transaction_manager_impl.cpp:62] Finish with epoch id=5957
2026-09-16T12:09:30.486111685Z I20260916 12:09:30.485983    44 block_storage_to_file.cpp:46] block store in file successfully, epoch=5957
2026-09-16T12:09:30.571586392Z I20260916 12:09:30.571487   143 consensus_control_block.h:289] consensus of epoch=5958 has reach, all vote yes.
2026-09-16T12:09:30.577444101Z I20260916 12:09:30.577380   150 epoch_txn_queue_manager.h:17] All threads reached barrier, epoch: 5959, count: 4
2026-09-16T12:09:30.578935391Z I20260916 12:09:30.578853   147 transaction_manager_impl.cpp:120] Total, abort: 0 commit: 202
2026-09-16T12:09:30.578946718Z I20260916 12:09:30.578866   147 transaction_manager_impl.cpp:62] Finish with epoch id=5958
2026-09-16T12:09:30.580945062Z I20260916 12:09:30.580814    44 block_storage_to_file.cpp:46] block store in file successfully, epoch=5958
2026-09-16T12:09:30.638096679Z I20260916 12:09:30.637898   150 epoch_txn_queue_manager.h:17] All threads reached barrier, epoch: 5960, count: 4
2026-09-16T12:09:30.640245573Z I20260916 12:09:30.640147   143 consensus_control_block.h:289] consensus of epoch=5959 has reach, all vote yes.
2026-09-16T12:09:30.646818401Z I20260916 12:09:30.646190   147 transaction_manager_impl.cpp:120] Total, abort: 4 commit: 908
2026-09-16T12:09:30.646847326Z I20260916 12:09:30.646207   147 transaction_manager_impl.cpp:62] Finish with epoch id=5959
2026-09-16T12:09:30.655220072Z I20260916 12:09:30.655071    44 block_storage_to_file.cpp:46] block store in file successfully, epoch=5959
2026-09-16T12:09:30.678439385Z I20260916 12:09:30.678313   143 consensus_control_block.h:289] consensus of epoch=5960 has reach, all vote yes.
2026-09-16T12:09:30.678734690Z I20260916 12:09:30.678638   150 epoch_txn_queue_manager.h:17] All threads reached barrier, epoch: 5961, count: 4
2026-09-16T12:09:30.686009856Z I20260916 12:09:30.685036   147 transaction_manager_impl.cpp:120] Total, abort: 4 commit: 544
2026-09-16T12:09:30.686027444Z I20260916 12:09:30.685078   147 transaction_manager_impl.cpp:62] Finish with epoch id=5960
2026-09-16T12:09:30.691729025Z I20260916 12:09:30.691619    44 block_storage_to_file.cpp:46] block store in file successfully, epoch=5960
2026-09-16T12:09:30.751071374Z I20260916 12:09:30.750979   143 consensus_control_block.h:289] consensus of epoch=5961 has reach, all vote yes.
2026-09-16T12:09:30.754480022Z I20260916 12:09:30.754384   149 epoch_txn_queue_manager.h:17] All threads reached barrier, epoch: 5962, count: 4
2026-09-16T12:09:30.756244737Z I20260916 12:09:30.756178   147 transaction_manager_impl.cpp:120] Total, abort: 0 commit: 363
2026-09-16T12:09:30.756248171Z I20260916 12:09:30.756192   147 transaction_manager_impl.cpp:62] Finish with epoch id=5961
2026-09-16T12:09:30.759489772Z I20260916 12:09:30.759425    44 block_storage_to_file.cpp:46] block store in file successfully, epoch=5961
2026-09-16T12:09:30.777867883Z I20260916 12:09:30.777722   152 epoch_txn_queue_manager.h:17] All threads reached barrier, epoch: 5963, count: 4
2026-09-16T12:09:30.784361428Z I20260916 12:09:30.784242   143 consensus_control_block.h:289] consensus of epoch=5962 has reach, all vote yes.
2026-09-16T12:09:30.787683922Z I20260916 12:09:30.787596   147 transaction_manager_impl.cpp:120] Total, abort: 4 commit: 657
2026-09-16T12:09:30.787697534Z I20260916 12:09:30.787619   147 transaction_manager_impl.cpp:62] Finish with epoch id=5962
2026-09-16T12:09:30.793328080Z I20260916 12:09:30.793201    44 block_storage_to_file.cpp:46] block store in file successfully, epoch=5962
2026-09-16T12:09:30.829277998Z I20260916 12:09:30.829173   150 epoch_txn_queue_manager.h:17] All threads reached barrier, epoch: 5964, count: 4
2026-09-16T12:09:30.832165711Z I20260916 12:09:30.832022   143 consensus_control_block.h:289] consensus of epoch=5963 has reach, all vote yes.
2026-09-16T12:09:30.833386136Z I20260916 12:09:30.833320   147 transaction_manager_impl.cpp:120] Total, abort: 0 commit: 226
2026-09-16T12:09:30.833393395Z I20260916 12:09:30.833340   147 transaction_manager_impl.cpp:62] Finish with epoch id=5963
2026-09-16T12:09:30.835658164Z I20260916 12:09:30.835564    44 block_storage_to_file.cpp:46] block store in file successfully, epoch=5963
2026-09-16T12:09:30.886353473Z [epoch] I20260916 12:09:30.886090     7 chain_client.cpp:83] Sending Request to epoch_server_group at qps=0 latency=0
2026-09-16T12:09:30.889655858Z I20260916 12:09:30.889549   150 epoch_txn_queue_manager.h:17] All threads reached barrier, epoch: 5965, count: 4
2026-09-16T12:09:30.890044886Z I20260916 12:09:30.889978   143 consensus_control_block.h:289] consensus of epoch=5964 has reach, all vote yes.
2026-09-16T12:09:30.892804567Z I20260916 12:09:30.892710   147 transaction_manager_impl.cpp:120] Total, abort: 4 commit: 476
2026-09-16T12:09:30.892810305Z I20260916 12:09:30.892722   147 transaction_manager_impl.cpp:62] Finish with epoch id=5964
2026-09-16T12:09:30.896465305Z I20260916 12:09:30.896353    44 block_storage_to_file.cpp:46] block store in file successfully, epoch=5964
2026-09-16T12:09:30.972678352Z I20260916 12:09:30.972561   143 consensus_control_block.h:289] consensus of epoch=5965 has reach, all vote yes.
2026-09-16T12:09:30.979053371Z I20260916 12:09:30.978989   152 epoch_txn_queue_manager.h:17] All threads reached barrier, epoch: 5966, count: 4
2026-09-16T12:09:30.982072737Z I20260916 12:09:30.981971   147 transaction_manager_impl.cpp:120] Total, abort: 4 commit: 547
2026-09-16T12:09:30.982084805Z I20260916 12:09:30.981990   147 transaction_manager_impl.cpp:62] Finish with epoch id=5965
2026-09-16T12:09:30.987035812Z I20260916 12:09:30.986951    44 block_storage_to_file.cpp:46] block store in file successfully, epoch=5965
2026-09-16T12:09:31.050747094Z I20260916 12:09:31.050654   150 epoch_txn_queue_manager.h:17] All threads reached barrier, epoch: 5967, count: 4
2026-09-16T12:09:31.054297029Z I20260916 12:09:31.054225   143 consensus_control_block.h:289] consensus of epoch=5966 has reach, all vote yes.
2026-09-16T12:09:31.060200191Z I20260916 12:09:31.059854   147 transaction_manager_impl.cpp:120] Total, abort: 0 commit: 792
2026-09-16T12:09:31.060225547Z I20260916 12:09:31.059872   147 transaction_manager_impl.cpp:62] Finish with epoch id=5966
2026-09-16T12:09:31.066651368Z I20260916 12:09:31.066565    44 block_storage_to_file.cpp:46] block store in file successfully, epoch=5966
2026-09-16T12:09:31.079197333Z I20260916 12:09:31.079109   151 epoch_txn_queue_manager.h:17] All threads reached barrier, epoch: 5968, count: 4
2026-09-16T12:09:31.080907097Z I20260916 12:09:31.080791   143 consensus_control_block.h:289] consensus of epoch=5967 has reach, all vote yes.
2026-09-16T12:09:31.084112626Z I20260916 12:09:31.084038   147 transaction_manager_impl.cpp:120] Total, abort: 5 commit: 656
2026-09-16T12:09:31.084120826Z I20260916 12:09:31.084065   147 transaction_manager_impl.cpp:62] Finish with epoch id=5967
2026-09-16T12:09:31.089324685Z I20260916 12:09:31.089164    44 block_storage_to_file.cpp:46] block store in file successfully, epoch=5967
2026-09-16T12:09:31.131467599Z I20260916 12:09:31.131397   150 epoch_txn_queue_manager.h:17] All threads reached barrier, epoch: 5969, count: 4
2026-09-16T12:09:31.133481685Z I20260916 12:09:31.133430   143 consensus_control_block.h:289] consensus of epoch=5968 has reach, all vote yes.
2026-09-16T12:09:31.135098719Z I20260916 12:09:31.135015   147 transaction_manager_impl.cpp:120] Total, abort: 0 commit: 227
2026-09-16T12:09:31.135110830Z I20260916 12:09:31.135027   147 transaction_manager_impl.cpp:62] Finish with epoch id=5968
2026-09-16T12:09:31.137225657Z I20260916 12:09:31.137143    44 block_storage_to_file.cpp:46] block store in file successfully, epoch=5968
2026-09-16T12:09:31.192104808Z I20260916 12:09:31.191985   150 epoch_txn_queue_manager.h:17] All threads reached barrier, epoch: 5970, count: 4
2026-09-16T12:09:31.199003970Z I20260916 12:09:31.198815   143 consensus_control_block.h:289] consensus of epoch=5969 has reach, all vote yes.
2026-09-16T12:09:31.202573652Z I20260916 12:09:31.202488   147 transaction_manager_impl.cpp:120] Total, abort: 4 commit: 500
2026-09-16T12:09:31.202583415Z I20260916 12:09:31.202505   147 transaction_manager_impl.cpp:62] Finish with epoch id=5969
2026-09-16T12:09:31.206824596Z I20260916 12:09:31.206699    44 block_storage_to_file.cpp:46] block store in file successfully, epoch=5969
2026-09-16T12:09:31.273441236Z I20260916 12:09:31.273335   143 consensus_control_block.h:289] consensus of epoch=5970 has reach, all vote yes.
2026-09-16T12:09:31.342988133Z I20260916 12:09:31.342890   150 epoch_txn_queue_manager.h:17] All threads reached barrier, epoch: 5971, count: 4
2026-09-16T12:09:31.346918264Z I20260916 12:09:31.346798   147 transaction_manager_impl.cpp:120] Total, abort: 4 commit: 543
2026-09-16T12:09:31.346934060Z I20260916 12:09:31.346813   147 transaction_manager_impl.cpp:62] Finish with epoch id=5970
2026-09-16T12:09:31.351718791Z I20260916 12:09:31.351586    44 block_storage_to_file.cpp:46] block store in file successfully, epoch=5970
2026-09-16T12:09:31.379938167Z I20260916 12:09:31.379858   149 epoch_txn_queue_manager.h:17] All threads reached barrier, epoch: 5972, count: 4
2026-09-16T12:09:31.384619607Z I20260916 12:09:31.384541   143 consensus_control_block.h:289] consensus of epoch=5971 has reach, all vote yes.
2026-09-16T12:09:31.392061671Z I20260916 12:09:31.391952   147 transaction_manager_impl.cpp:120] Total, abort: 5 commit: 1360
2026-09-16T12:09:31.392077243Z I20260916 12:09:31.391971   147 transaction_manager_impl.cpp:62] Finish with epoch id=5971
2026-09-16T12:09:31.403717799Z I20260916 12:09:31.403602    44 block_storage_to_file.cpp:46] block store in file successfully, epoch=5971
2026-09-16T12:09:31.433478710Z I20260916 12:09:31.433394   150 epoch_txn_queue_manager.h:17] All threads reached barrier, epoch: 5973, count: 4
2026-09-16T12:09:31.436303944Z I20260916 12:09:31.436236   143 consensus_control_block.h:289] consensus of epoch=5972 has reach, all vote yes.
2026-09-16T12:09:31.438085927Z I20260916 12:09:31.438010   147 transaction_manager_impl.cpp:120] Total, abort: 0 commit: 294
2026-09-16T12:09:31.438095347Z I20260916 12:09:31.438022   147 transaction_manager_impl.cpp:62] Finish with epoch id=5972
2026-09-16T12:09:31.441042008Z I20260916 12:09:31.440943    44 block_storage_to_file.cpp:46] block store in file successfully, epoch=5972
2026-09-16T12:09:31.480539021Z I20260916 12:09:31.480453   149 epoch_txn_queue_manager.h:17] All threads reached barrier, epoch: 5974, count: 4
2026-09-16T12:09:31.488823101Z I20260916 12:09:31.488673   143 consensus_control_block.h:289] consensus of epoch=5973 has reach, all vote yes.
2026-09-16T12:09:31.493153268Z I20260916 12:09:31.492988   147 transaction_manager_impl.cpp:120] Total, abort: 4 commit: 521
2026-09-16T12:09:31.493165888Z I20260916 12:09:31.493019   147 transaction_manager_impl.cpp:62] Finish with epoch id=5973
2026-09-16T12:09:31.497590383Z I20260916 12:09:31.497354    44 block_storage_to_file.cpp:46] block store in file successfully, epoch=5973
2026-09-16T12:09:31.543044428Z I20260916 12:09:31.542888   152 epoch_txn_queue_manager.h:17] All threads reached barrier, epoch: 5975, count: 4
2026-09-16T12:09:31.544822052Z I20260916 12:09:31.544751   143 consensus_control_block.h:289] consensus of epoch=5974 has reach, all vote yes.
2026-09-16T12:09:31.547207583Z I20260916 12:09:31.547129   147 transaction_manager_impl.cpp:120] Total, abort: 0 commit: 385
2026-09-16T12:09:31.547218004Z I20260916 12:09:31.547147   147 transaction_manager_impl.cpp:62] Finish with epoch id=5974
2026-09-16T12:09:31.550376248Z I20260916 12:09:31.550278    44 block_storage_to_file.cpp:46] block store in file successfully, epoch=5974
2026-09-16T12:09:31.576097070Z I20260916 12:09:31.576013   150 epoch_txn_queue_manager.h:17] All threads reached barrier, epoch: 5976, count: 4
2026-09-16T12:09:31.581842257Z I20260916 12:09:31.581737   143 consensus_control_block.h:289] consensus of epoch=5975 has reach, all vote yes.
2026-09-16T12:09:31.584674090Z I20260916 12:09:31.584582   147 transaction_manager_impl.cpp:120] Total, abort: 4 commit: 595
2026-09-16T12:09:31.584681177Z I20260916 12:09:31.584594   147 transaction_manager_impl.cpp:62] Finish with epoch id=5975
2026-09-16T12:09:31.589399059Z I20260916 12:09:31.589304    44 block_storage_to_file.cpp:46] block store in file successfully, epoch=5975
2026-09-16T12:09:31.633786193Z I20260916 12:09:31.633648   152 epoch_txn_queue_manager.h:17] All threads reached barrier, epoch: 5977, count: 4
2026-09-16T12:09:31.636968434Z I20260916 12:09:31.636893   143 consensus_control_block.h:289] consensus of epoch=5976 has reach, all vote yes.
2026-09-16T12:09:31.638838623Z I20260916 12:09:31.638785   147 transaction_manager_impl.cpp:120] Total, abort: 0 commit: 296
2026-09-16T12:09:31.638841426Z I20260916 12:09:31.638806   147 transaction_manager_impl.cpp:62] Finish with epoch id=5976
2026-09-16T12:09:31.641782964Z I20260916 12:09:31.641618    44 block_storage_to_file.cpp:46] block store in file successfully, epoch=5976
2026-09-16T12:09:31.695826287Z I20260916 12:09:31.695715   143 consensus_control_block.h:289] consensus of epoch=5977 has reach, all vote yes.
2026-09-16T12:09:31.697055053Z I20260916 12:09:31.696990   150 epoch_txn_queue_manager.h:17] All threads reached barrier, epoch: 5978, count: 4
2026-09-16T12:09:31.701770817Z I20260916 12:09:31.701105   147 transaction_manager_impl.cpp:120] Total, abort: 4 commit: 518
2026-09-16T12:09:31.701787856Z I20260916 12:09:31.701122   147 transaction_manager_impl.cpp:62] Finish with epoch id=5977
2026-09-16T12:09:31.705780498Z I20260916 12:09:31.705688    44 block_storage_to_file.cpp:46] block store in file successfully, epoch=5977
2026-09-16T12:09:31.757547158Z I20260916 12:09:31.757438   150 epoch_txn_queue_manager.h:17] All threads reached barrier, epoch: 5979, count: 4
2026-09-16T12:09:31.759812343Z I20260916 12:09:31.759691   143 consensus_control_block.h:289] consensus of epoch=5978 has reach, all vote yes.
2026-09-16T12:09:31.763841364Z I20260916 12:09:31.763644   147 transaction_manager_impl.cpp:120] Total, abort: 4 commit: 567
2026-09-16T12:09:31.763860372Z I20260916 12:09:31.763676   147 transaction_manager_impl.cpp:62] Finish with epoch id=5978
2026-09-16T12:09:31.768520472Z I20260916 12:09:31.768442    44 block_storage_to_file.cpp:46] block store in file successfully, epoch=5978
2026-09-16T12:09:31.830461602Z I20260916 12:09:31.830368   143 consensus_control_block.h:289] consensus of epoch=5979 has reach, all vote yes.
2026-09-16T12:09:31.878436587Z I20260916 12:09:31.878317   150 epoch_txn_queue_manager.h:17] All threads reached barrier, epoch: 5980, count: 4
2026-09-16T12:09:31.882845827Z I20260916 12:09:31.882732   147 transaction_manager_impl.cpp:120] Total, abort: 1 commit: 544
2026-09-16T12:09:31.882856575Z I20260916 12:09:31.882755   147 transaction_manager_impl.cpp:62] Finish with epoch id=5979
2026-09-16T12:09:31.886394843Z [epoch] I20260916 12:09:31.886210     7 chain_client.cpp:83] Sending Request to epoch_server_group at qps=0 latency=0
2026-09-16T12:09:31.889958033Z I20260916 12:09:31.889806    44 block_storage_to_file.cpp:46] block store in file successfully, epoch=5979
2026-09-16T12:09:31.939379876Z I20260916 12:09:31.939257   143 consensus_control_block.h:289] consensus of epoch=5980 has reach, all vote yes.
2026-09-16T12:09:31.944088174Z I20260916 12:09:31.943948   149 epoch_txn_queue_manager.h:17] All threads reached barrier, epoch: 5981, count: 4
2026-09-16T12:09:31.950357218Z I20260916 12:09:31.950218   147 transaction_manager_impl.cpp:120] Total, abort: 4 commit: 1086
2026-09-16T12:09:31.950380204Z I20260916 12:09:31.950235   147 transaction_manager_impl.cpp:62] Finish with epoch id=5980
2026-09-16T12:09:31.960207598Z I20260916 12:09:31.960088    44 block_storage_to_file.cpp:46] block store in file successfully, epoch=5980
2026-09-16T12:09:31.979125124Z I20260916 12:09:31.979025   150 epoch_txn_queue_manager.h:17] All threads reached barrier, epoch: 5982, count: 4
2026-09-16T12:09:31.981530361Z I20260916 12:09:31.981400   143 consensus_control_block.h:289] consensus of epoch=5981 has reach, all vote yes.
2026-09-16T12:09:31.984978202Z I20260916 12:09:31.984862   147 transaction_manager_impl.cpp:120] Total, abort: 4 commit: 568
2026-09-16T12:09:31.984997187Z I20260916 12:09:31.984881   147 transaction_manager_impl.cpp:62] Finish with epoch id=5981
2026-09-16T12:09:31.990028497Z I20260916 12:09:31.989899    44 block_storage_to_file.cpp:46] block store in file successfully, epoch=5981
2026-09-16T12:09:32.039497003Z I20260916 12:09:32.039404   150 epoch_txn_queue_manager.h:17] All threads reached barrier, epoch: 5983, count: 4
2026-09-16T12:09:32.041320535Z I20260916 12:09:32.041216   143 consensus_control_block.h:289] consensus of epoch=5982 has reach, all vote yes.
2026-09-16T12:09:32.042769734Z I20260916 12:09:32.042697   147 transaction_manager_impl.cpp:120] Total, abort: 0 commit: 339
2026-09-16T12:09:32.042817342Z I20260916 12:09:32.042717   147 transaction_manager_impl.cpp:62] Finish with epoch id=5982
2026-09-16T12:09:32.045775940Z I20260916 12:09:32.045604    44 block_storage_to_file.cpp:46] block store in file successfully, epoch=5982
2026-09-16T12:09:32.075237212Z [epoch] I20260916 12:09:32.075096    19 node.cpp:939] node epoch_server_group:172.30.7.13:8100:0 starts to do snapshot
2026-09-16T12:09:32.079767144Z I20260916 12:09:32.079691   150 epoch_txn_queue_manager.h:17] All threads reached barrier, epoch: 5984, count: 4
2026-09-16T12:09:32.092603504Z I20260916 12:09:32.092468   143 consensus_control_block.h:289] consensus of epoch=5983 has reach, all vote yes.
2026-09-16T12:09:32.092634212Z [epoch] I20260916 12:09:32.092473    19 snapshot.cpp:642] Deleting ./raft_dataepoch_server_group/snapshot/snapshot_00000000000000010619
2026-09-16T12:09:32.092706723Z [epoch] I20260916 12:09:32.092495    19 snapshot.cpp:648] Renaming ./raft_dataepoch_server_group/snapshot/temp to ./raft_dataepoch_server_group/snapshot/snapshot_00000000000000010619
2026-09-16T12:09:32.092753822Z [epoch] I20260916 12:09:32.092522    19 snapshot_executor.cpp:234] node epoch_server_group:172.30.7.13:8100:0 snapshot_save_done, last_included_index=10619 last_included_term=2
2026-09-16T12:09:32.096358330Z I20260916 12:09:32.096271   147 transaction_manager_impl.cpp:120] Total, abort: 4 commit: 545
2026-09-16T12:09:32.096369887Z I20260916 12:09:32.096302   147 transaction_manager_impl.cpp:62] Finish with epoch id=5983
2026-09-16T12:09:32.100546900Z I20260916 12:09:32.100472    44 block_storage_to_file.cpp:46] block store in file successfully, epoch=5983
2026-09-16T12:09:32.140374078Z I20260916 12:09:32.140269   150 epoch_txn_queue_manager.h:17] All threads reached barrier, epoch: 5985, count: 4
2026-09-16T12:09:32.142378346Z I20260916 12:09:32.142226   143 consensus_control_block.h:289] consensus of epoch=5984 has reach, all vote yes.
2026-09-16T12:09:32.145011684Z I20260916 12:09:32.144906   147 transaction_manager_impl.cpp:120] Total, abort: 0 commit: 362
2026-09-16T12:09:32.145018956Z I20260916 12:09:32.144924   147 transaction_manager_impl.cpp:62] Finish with epoch id=5984
2026-09-16T12:09:32.148261172Z I20260916 12:09:32.148170    44 block_storage_to_file.cpp:46] block store in file successfully, epoch=5984
2026-09-16T12:09:32.192475685Z I20260916 12:09:32.192344   143 consensus_control_block.h:289] consensus of epoch=5985 has reach, all vote yes.
2026-09-16T12:09:32.197781194Z I20260916 12:09:32.197691   152 epoch_txn_queue_manager.h:17] All threads reached barrier, epoch: 5986, count: 4
2026-09-16T12:09:32.202453463Z I20260916 12:09:32.202368   147 transaction_manager_impl.cpp:120] Total, abort: 5 commit: 545
2026-09-16T12:09:32.202463879Z I20260916 12:09:32.202381   147 transaction_manager_impl.cpp:62] Finish with epoch id=5985
2026-09-16T12:09:32.207296641Z I20260916 12:09:32.207167    44 block_storage_to_file.cpp:46] block store in file successfully, epoch=5985
2026-09-16T12:09:32.275916495Z I20260916 12:09:32.275794   143 consensus_control_block.h:289] consensus of epoch=5986 has reach, all vote yes.
2026-09-16T12:09:32.281404064Z I20260916 12:09:32.281263   150 epoch_txn_queue_manager.h:17] All threads reached barrier, epoch: 5987, count: 4
2026-09-16T12:09:32.284570485Z I20260916 12:09:32.284508   147 transaction_manager_impl.cpp:120] Total, abort: 4 commit: 504
2026-09-16T12:09:32.284575773Z I20260916 12:09:32.284525   147 transaction_manager_impl.cpp:62] Finish with epoch id=5986
2026-09-16T12:09:32.289417280Z I20260916 12:09:32.289280    44 block_storage_to_file.cpp:46] block store in file successfully, epoch=5986
2026-09-16T12:09:32.341654722Z I20260916 12:09:32.341530   150 epoch_txn_queue_manager.h:17] All threads reached barrier, epoch: 5988, count: 4
2026-09-16T12:09:32.344316763Z I20260916 12:09:32.344188   143 consensus_control_block.h:289] consensus of epoch=5987 has reach, all vote yes.
2026-09-16T12:09:32.348498945Z I20260916 12:09:32.348392   147 transaction_manager_impl.cpp:120] Total, abort: 0 commit: 767
2026-09-16T12:09:32.348518093Z I20260916 12:09:32.348426   147 transaction_manager_impl.cpp:62] Finish with epoch id=5987
2026-09-16T12:09:32.354672904Z I20260916 12:09:32.354585    44 block_storage_to_file.cpp:46] block store in file successfully, epoch=5987
2026-09-16T12:09:32.381927898Z I20260916 12:09:32.381839   151 epoch_txn_queue_manager.h:17] All threads reached barrier, epoch: 5989, count: 4
2026-09-16T12:09:32.396267540Z I20260916 12:09:32.396162   143 consensus_control_block.h:289] consensus of epoch=5988 has reach, all vote yes.
2026-09-16T12:09:32.398994317Z I20260916 12:09:32.398900   147 transaction_manager_impl.cpp:120] Total, abort: 4 commit: 552
2026-09-16T12:09:32.399007819Z I20260916 12:09:32.398918   147 transaction_manager_impl.cpp:62] Finish with epoch id=5988
2026-09-16T12:09:32.403434761Z I20260916 12:09:32.403326    44 block_storage_to_file.cpp:46] block store in file successfully, epoch=5988
2026-09-16T12:09:32.440346223Z I20260916 12:09:32.440231   149 epoch_txn_queue_manager.h:17] All threads reached barrier, epoch: 5990, count: 4
2026-09-16T12:09:32.441234527Z I20260916 12:09:32.441164   143 consensus_control_block.h:289] consensus of epoch=5989 has reach, all vote yes.
2026-09-16T12:09:32.443803485Z I20260916 12:09:32.443104   147 transaction_manager_impl.cpp:120] Total, abort: 0 commit: 363
2026-09-16T12:09:32.443812617Z I20260916 12:09:32.443116   147 transaction_manager_impl.cpp:62] Finish with epoch id=5989
2026-09-16T12:09:32.446477992Z I20260916 12:09:32.446405    44 block_storage_to_file.cpp:46] block store in file successfully, epoch=5989
2026-09-16T12:09:32.502891280Z I20260916 12:09:32.502693   151 epoch_txn_queue_manager.h:17] All threads reached barrier, epoch: 5991, count: 4
2026-09-16T12:09:32.505378404Z I20260916 12:09:32.505285   143 consensus_control_block.h:289] consensus of epoch=5990 has reach, all vote yes.
2026-09-16T12:09:32.509309104Z I20260916 12:09:32.509213   147 transaction_manager_impl.cpp:120] Total, abort: 5 commit: 498
2026-09-16T12:09:32.509324574Z I20260916 12:09:32.509227   147 transaction_manager_impl.cpp:62] Finish with epoch id=5990
2026-09-16T12:09:32.513736582Z I20260916 12:09:32.513597    44 block_storage_to_file.cpp:46] block store in file successfully, epoch=5990
2026-09-16T12:09:32.576740747Z I20260916 12:09:32.576655   143 consensus_control_block.h:289] consensus of epoch=5991 has reach, all vote yes.
2026-09-16T12:09:32.583395812Z I20260916 12:09:32.583319   151 epoch_txn_queue_manager.h:17] All threads reached barrier, epoch: 5992, count: 4
2026-09-16T12:09:32.587192568Z I20260916 12:09:32.587096   147 transaction_manager_impl.cpp:120] Total, abort: 4 commit: 591
2026-09-16T12:09:32.587204294Z I20260916 12:09:32.587109   147 transaction_manager_impl.cpp:62] Finish with epoch id=5991
2026-09-16T12:09:32.592268494Z I20260916 12:09:32.592149    44 block_storage_to_file.cpp:46] block store in file successfully, epoch=5991
2026-09-16T12:09:32.654074039Z I20260916 12:09:32.653913   151 epoch_txn_queue_manager.h:17] All threads reached barrier, epoch: 5993, count: 4
2026-09-16T12:09:32.656471921Z I20260916 12:09:32.656383   143 consensus_control_block.h:289] consensus of epoch=5992 has reach, all vote yes.
2026-09-16T12:09:32.661485492Z I20260916 12:09:32.661361   147 transaction_manager_impl.cpp:120] Total, abort: 0 commit: 726
2026-09-16T12:09:32.661500466Z I20260916 12:09:32.661386   147 transaction_manager_impl.cpp:62] Finish with epoch id=5992
2026-09-16T12:09:32.670496373Z I20260916 12:09:32.670414    44 block_storage_to_file.cpp:46] block store in file successfully, epoch=5992
2026-09-16T12:09:32.684077196Z I20260916 12:09:32.683980   151 epoch_txn_queue_manager.h:17] All threads reached barrier, epoch: 5994, count: 4
2026-09-16T12:09:32.685986473Z I20260916 12:09:32.685832   143 consensus_control_block.h:289] consensus of epoch=5993 has reach, all vote yes.
2026-09-16T12:09:32.689730390Z I20260916 12:09:32.689569   147 transaction_manager_impl.cpp:120] Total, abort: 4 commit: 634
2026-09-16T12:09:32.689745026Z I20260916 12:09:32.689610   147 transaction_manager_impl.cpp:62] Finish with epoch id=5993
2026-09-16T12:09:32.695438947Z I20260916 12:09:32.695348    44 block_storage_to_file.cpp:46] block store in file successfully, epoch=5993
2026-09-16T12:09:32.754635377Z I20260916 12:09:32.754483   151 epoch_txn_queue_manager.h:17] All threads reached barrier, epoch: 5995, count: 4
2026-09-16T12:09:32.756384285Z I20260916 12:09:32.756281   143 consensus_control_block.h:289] consensus of epoch=5994 has reach, all vote yes.
2026-09-16T12:09:32.758160784Z I20260916 12:09:32.758097   147 transaction_manager_impl.cpp:120] Total, abort: 1 commit: 272
2026-09-16T12:09:32.758170082Z I20260916 12:09:32.758111   147 transaction_manager_impl.cpp:62] Finish with epoch id=5994
2026-09-16T12:09:32.760887167Z I20260916 12:09:32.760818    44 block_storage_to_file.cpp:46] block store in file successfully, epoch=5994
2026-09-16T12:09:32.815055712Z I20260916 12:09:32.814956   151 epoch_txn_queue_manager.h:17] All threads reached barrier, epoch: 5996, count: 4
2026-09-16T12:09:32.817336715Z I20260916 12:09:32.817209   143 consensus_control_block.h:289] consensus of epoch=5995 has reach, all vote yes.
2026-09-16T12:09:32.821655064Z I20260916 12:09:32.821599   147 transaction_manager_impl.cpp:120] Total, abort: 3 commit: 634
2026-09-16T12:09:32.821659972Z I20260916 12:09:32.821611   147 transaction_manager_impl.cpp:62] Finish with epoch id=5995
2026-09-16T12:09:32.827162614Z I20260916 12:09:32.827077    44 block_storage_to_file.cpp:46] block store in file successfully, epoch=5995
2026-09-16T12:09:32.877350143Z I20260916 12:09:32.877274   143 consensus_control_block.h:289] consensus of epoch=5996 has reach, all vote yes.
2026-09-16T12:09:32.883534118Z I20260916 12:09:32.883441   149 epoch_txn_queue_manager.h:17] All threads reached barrier, epoch: 5997, count: 4
2026-09-16T12:09:32.886400131Z [epoch] I20260916 12:09:32.886273     7 chain_client.cpp:83] Sending Request to epoch_server_group at qps=0 latency=0
2026-09-16T12:09:32.886949138Z I20260916 12:09:32.886859   147 transaction_manager_impl.cpp:120] Total, abort: 4 commit: 543
2026-09-16T12:09:32.886956401Z I20260916 12:09:32.886878   147 transaction_manager_impl.cpp:62] Finish with epoch id=5996
2026-09-16T12:09:32.891930753Z I20260916 12:09:32.891841    44 block_storage_to_file.cpp:46] block store in file successfully, epoch=5996
2026-09-16T12:09:32.944861203Z I20260916 12:09:32.944721   143 consensus_control_block.h:289] consensus of epoch=5997 has reach, all vote yes.
2026-09-16T12:09:32.945886862Z I20260916 12:09:32.945816   150 epoch_txn_queue_manager.h:17] All threads reached barrier, epoch: 5998, count: 4
2026-09-16T12:09:32.950392641Z I20260916 12:09:32.950258   147 transaction_manager_impl.cpp:120] Total, abort: 0 commit: 589
2026-09-16T12:09:32.950410071Z I20260916 12:09:32.950274   147 transaction_manager_impl.cpp:62] Finish with epoch id=5997
2026-09-16T12:09:32.955110757Z I20260916 12:09:32.954952    44 block_storage_to_file.cpp:46] block store in file successfully, epoch=5997
2026-09-16T12:09:33.008352606Z I20260916 12:09:33.008201   143 consensus_control_block.h:289] consensus of epoch=5998 has reach, all vote yes.
2026-09-16T12:09:33.013514803Z I20260916 12:09:33.013412   152 epoch_txn_queue_manager.h:17] All threads reached barrier, epoch: 5999, count: 4
2026-09-16T12:09:33.017081518Z I20260916 12:09:33.017001   147 transaction_manager_impl.cpp:120] Total, abort: 4 commit: 589
2026-09-16T12:09:33.017090398Z I20260916 12:09:33.017028   147 transaction_manager_impl.cpp:62] Finish with epoch id=5998
2026-09-16T12:09:33.022209260Z I20260916 12:09:33.022121    44 block_storage_to_file.cpp:46] block store in file successfully, epoch=5998
2026-09-16T12:09:33.076922557Z I20260916 12:09:33.076834   151 epoch_txn_queue_manager.h:17] All threads reached barrier, epoch: 6000, count: 4
2026-09-16T12:09:33.077469637Z I20260916 12:09:33.077382   143 consensus_control_block.h:289] consensus of epoch=5999 has reach, all vote yes.
2026-09-16T12:09:33.082084270Z I20260916 12:09:33.081806   147 transaction_manager_impl.cpp:120] Total, abort: 4 commit: 566
2026-09-16T12:09:33.082097555Z I20260916 12:09:33.081835   147 transaction_manager_impl.cpp:62] Finish with epoch id=5999
2026-09-16T12:09:33.086514448Z I20260916 12:09:33.086426    44 block_storage_to_file.cpp:46] block store in file successfully, epoch=5999
2026-09-16T12:09:33.175124171Z I20260916 12:09:33.174988   143 consensus_control_block.h:289] consensus of epoch=6000 has reach, all vote yes.
2026-09-16T12:09:33.184982917Z I20260916 12:09:33.184839   152 epoch_txn_queue_manager.h:17] All threads reached barrier, epoch: 6001, count: 4
2026-09-16T12:09:33.189251724Z I20260916 12:09:33.189165   147 transaction_manager_impl.cpp:120] Total, abort: 0 commit: 616
2026-09-16T12:09:33.189267236Z I20260916 12:09:33.189181   147 transaction_manager_impl.cpp:62] Finish with epoch id=6000
2026-09-16T12:09:33.194558954Z I20260916 12:09:33.194404    44 block_storage_to_file.cpp:46] block store in file successfully, epoch=6000
2026-09-16T12:09:33.248705466Z I20260916 12:09:33.248180   151 epoch_txn_queue_manager.h:17] All threads reached barrier, epoch: 6002, count: 4
2026-09-16T12:09:33.250084636Z I20260916 12:09:33.249986   143 consensus_control_block.h:289] consensus of epoch=6001 has reach, all vote yes.
2026-09-16T12:09:33.255587611Z I20260916 12:09:33.255460   147 transaction_manager_impl.cpp:120] Total, abort: 6 commit: 924
2026-09-16T12:09:33.255603693Z I20260916 12:09:33.255512   147 transaction_manager_impl.cpp:62] Finish with epoch id=6001
2026-09-16T12:09:33.263410066Z I20260916 12:09:33.263293    44 block_storage_to_file.cpp:46] block store in file successfully, epoch=6001
2026-09-16T12:09:33.282525299Z I20260916 12:09:33.282405   143 consensus_control_block.h:289] consensus of epoch=6002 has reach, all vote yes.
2026-09-16T12:09:33.285553714Z I20260916 12:09:33.285451   152 epoch_txn_queue_manager.h:17] All threads reached barrier, epoch: 6003, count: 4
2026-09-16T12:09:33.289757026Z I20260916 12:09:33.289659   147 transaction_manager_impl.cpp:120] Total, abort: 3 commit: 612
2026-09-16T12:09:33.289767114Z I20260916 12:09:33.289675   147 transaction_manager_impl.cpp:62] Finish with epoch id=6002
2026-09-16T12:09:33.295347212Z I20260916 12:09:33.295257    44 block_storage_to_file.cpp:46] block store in file successfully, epoch=6002
2026-09-16T12:09:33.359581722Z I20260916 12:09:33.359376   143 consensus_control_block.h:289] consensus of epoch=6003 has reach, all vote yes.
2026-09-16T12:09:33.366861046Z I20260916 12:09:33.366523   151 epoch_txn_queue_manager.h:17] All threads reached barrier, epoch: 6004, count: 4
2026-09-16T12:09:33.369522305Z I20260916 12:09:33.369437   147 transaction_manager_impl.cpp:120] Total, abort: 1 commit: 297
2026-09-16T12:09:33.369557392Z I20260916 12:09:33.369515   147 transaction_manager_impl.cpp:62] Finish with epoch id=6003
2026-09-16T12:09:33.382313806Z I20260916 12:09:33.382210   150 epoch_txn_queue_manager.h:17] All threads reached barrier, epoch: 6005, count: 4
2026-09-16T12:09:33.383515987Z I20260916 12:09:33.382243    44 block_storage_to_file.cpp:46] block store in file successfully, epoch=6003
2026-09-16T12:09:33.388434232Z I20260916 12:09:33.388131   143 consensus_control_block.h:289] consensus of epoch=6004 has reach, all vote yes.
2026-09-16T12:09:33.395554465Z I20260916 12:09:33.392613   147 transaction_manager_impl.cpp:120] Total, abort: 3 commit: 669
2026-09-16T12:09:33.395683267Z I20260916 12:09:33.392673   147 transaction_manager_impl.cpp:62] Finish with epoch id=6004
2026-09-16T12:09:33.402875393Z I20260916 12:09:33.402781    44 block_storage_to_file.cpp:46] block store in file successfully, epoch=6004
2026-09-16T12:09:33.457026639Z I20260916 12:09:33.456900   143 consensus_control_block.h:289] consensus of epoch=6005 has reach, all vote yes.
2026-09-16T12:09:33.458597908Z I20260916 12:09:33.458495   149 epoch_txn_queue_manager.h:17] All threads reached barrier, epoch: 6006, count: 4
2026-09-16T12:09:33.460682078Z I20260916 12:09:33.460582   147 transaction_manager_impl.cpp:120] Total, abort: 0 commit: 190
2026-09-16T12:09:33.460691615Z I20260916 12:09:33.460595   147 transaction_manager_impl.cpp:62] Finish with epoch id=6005
2026-09-16T12:09:33.462641690Z I20260916 12:09:33.462560    44 block_storage_to_file.cpp:46] block store in file successfully, epoch=6005
2026-09-16T12:09:33.482150794Z I20260916 12:09:33.482075   143 consensus_control_block.h:289] consensus of epoch=6006 has reach, all vote yes.
2026-09-16T12:09:33.485986332Z I20260916 12:09:33.485441   150 epoch_txn_queue_manager.h:17] All threads reached barrier, epoch: 6007, count: 4
2026-09-16T12:09:33.490195341Z I20260916 12:09:33.490101   147 transaction_manager_impl.cpp:120] Total, abort: 5 commit: 701
2026-09-16T12:09:33.490207502Z I20260916 12:09:33.490139   147 transaction_manager_impl.cpp:62] Finish with epoch id=6006
2026-09-16T12:09:33.496458981Z I20260916 12:09:33.496369    44 block_storage_to_file.cpp:46] block store in file successfully, epoch=6006
2026-09-16T12:09:33.550629885Z I20260916 12:09:33.550529   151 epoch_txn_queue_manager.h:17] All threads reached barrier, epoch: 6008, count: 4
2026-09-16T12:09:33.553232031Z I20260916 12:09:33.553154   143 consensus_control_block.h:289] consensus of epoch=6007 has reach, all vote yes.
2026-09-16T12:09:33.554791785Z I20260916 12:09:33.554733   147 transaction_manager_impl.cpp:120] Total, abort: 1 commit: 251
2026-09-16T12:09:33.554803354Z I20260916 12:09:33.554746   147 transaction_manager_impl.cpp:62] Finish with epoch id=6007
2026-09-16T12:09:33.557532576Z I20260916 12:09:33.557411    44 block_storage_to_file.cpp:46] block store in file successfully, epoch=6007
2026-09-16T12:09:33.634691918Z I20260916 12:09:33.634603   143 consensus_control_block.h:289] consensus of epoch=6008 has reach, all vote yes.
2026-09-16T12:09:33.687018124Z I20260916 12:09:33.686939   150 epoch_txn_queue_manager.h:17] All threads reached barrier, epoch: 6009, count: 4
2026-09-16T12:09:33.687103181Z I20260916 12:09:33.687036   151 epoch_txn_queue_manager.h:17] All threads reached barrier, epoch: 6010, count: 4
2026-09-16T12:09:33.692845521Z I20260916 12:09:33.692776   147 transaction_manager_impl.cpp:120] Total, abort: 3 commit: 610
2026-09-16T12:09:33.692851961Z I20260916 12:09:33.692793   147 transaction_manager_impl.cpp:62] Finish with epoch id=6008
2026-09-16T12:09:33.698703239Z I20260916 12:09:33.698621    44 block_storage_to_file.cpp:46] block store in file successfully, epoch=6008
2026-09-16T12:09:33.779995403Z I20260916 12:09:33.779896   143 consensus_control_block.h:289] consensus of epoch=6010 has reach, all vote yes.
2026-09-16T12:09:33.780005490Z I20260916 12:09:33.779912   143 consensus_control_block.h:289] consensus of epoch=6009 has reach, all vote yes.
2026-09-16T12:09:33.787929836Z I20260916 12:09:33.787786   150 epoch_txn_queue_manager.h:17] All threads reached barrier, epoch: 6011, count: 4
2026-09-16T12:09:33.787972441Z W20260916 12:09:33.787933   148 workload_size_adapter.h:39] epoch gap in workload adapter: cacheEpoch=6009 got=6011
2026-09-16T12:09:33.794575218Z I20260916 12:09:33.794498   147 transaction_manager_impl.cpp:120] Total, abort: 6 commit: 1200
2026-09-16T12:09:33.794588571Z I20260916 12:09:33.794512   147 transaction_manager_impl.cpp:62] Finish with epoch id=6009
2026-09-16T12:09:33.795167747Z I20260916 12:09:33.795084   147 transaction_manager_impl.cpp:120] Total, abort: 0 commit: 0
2026-09-16T12:09:33.795175984Z I20260916 12:09:33.795090   147 transaction_manager_impl.cpp:62] Finish with epoch id=6010
2026-09-16T12:09:33.795201708Z W20260916 12:09:33.795153    36 block_generator_impl.cpp:142] empty epoch block 6010
2026-09-16T12:09:33.804886077Z I20260916 12:09:33.804790    44 block_storage_to_file.cpp:46] block store in file successfully, epoch=6009
2026-09-16T12:09:33.805508359Z I20260916 12:09:33.805393    44 block_storage_to_file.cpp:46] block store in file successfully, epoch=6010
2026-09-16T12:09:33.862301397Z I20260916 12:09:33.862219   152 epoch_txn_queue_manager.h:17] All threads reached barrier, epoch: 6012, count: 4
2026-09-16T12:09:33.864384561Z I20260916 12:09:33.864302   143 consensus_control_block.h:289] consensus of epoch=6011 has reach, all vote yes.
2026-09-16T12:09:33.871141529Z I20260916 12:09:33.871037   147 transaction_manager_impl.cpp:120] Total, abort: 4 commit: 909
2026-09-16T12:09:33.871155227Z I20260916 12:09:33.871055   147 transaction_manager_impl.cpp:62] Finish with epoch id=6011
2026-09-16T12:09:33.881059986Z I20260916 12:09:33.880964    44 block_storage_to_file.cpp:46] block store in file successfully, epoch=6011
2026-09-16T12:09:33.885656650Z I20260916 12:09:33.885602   151 epoch_txn_queue_manager.h:17] All threads reached barrier, epoch: 6013, count: 4
2026-09-16T12:09:33.886510992Z [epoch] I20260916 12:09:33.886364     7 chain_client.cpp:83] Sending Request to epoch_server_group at qps=0 latency=0
2026-09-16T12:09:33.888481589Z I20260916 12:09:33.888444   143 consensus_control_block.h:289] consensus of epoch=6012 has reach, all vote yes.
2026-09-16T12:09:33.892549629Z I20260916 12:09:33.892463   147 transaction_manager_impl.cpp:120] Total, abort: 3 commit: 684
2026-09-16T12:09:33.892562471Z I20260916 12:09:33.892477   147 transaction_manager_impl.cpp:62] Finish with epoch id=6012
2026-09-16T12:09:33.898325364Z I20260916 12:09:33.898224    44 block_storage_to_file.cpp:46] block store in file successfully, epoch=6012
2026-09-16T12:09:33.953216444Z I20260916 12:09:33.953130   152 epoch_txn_queue_manager.h:17] All threads reached barrier, epoch: 6014, count: 4
2026-09-16T12:09:33.956001029Z I20260916 12:09:33.955914   143 consensus_control_block.h:289] consensus of epoch=6013 has reach, all vote yes.
2026-09-16T12:09:33.957193062Z I20260916 12:09:33.957089   147 transaction_manager_impl.cpp:120] Total, abort: 1 commit: 205
2026-09-16T12:09:33.957201080Z I20260916 12:09:33.957106   147 transaction_manager_impl.cpp:62] Finish with epoch id=6013
2026-09-16T12:09:33.959408293Z I20260916 12:09:33.959323    44 block_storage_to_file.cpp:46] block store in file successfully, epoch=6013
2026-09-16T12:09:33.986451954Z I20260916 12:09:33.986346   151 epoch_txn_queue_manager.h:17] All threads reached barrier, epoch: 6015, count: 4
2026-09-16T12:09:33.990235626Z I20260916 12:09:33.990096   143 consensus_control_block.h:289] consensus of epoch=6014 has reach, all vote yes.
2026-09-16T12:09:33.994605070Z I20260916 12:09:33.994462   147 transaction_manager_impl.cpp:120] Total, abort: 3 commit: 610
2026-09-16T12:09:33.994626286Z I20260916 12:09:33.994480   147 transaction_manager_impl.cpp:62] Finish with epoch id=6014
2026-09-16T12:09:33.999699519Z I20260916 12:09:33.999580    44 block_storage_to_file.cpp:46] block store in file successfully, epoch=6014
2026-09-16T12:09:34.046962688Z I20260916 12:09:34.046751   151 epoch_txn_queue_manager.h:17] All threads reached barrier, epoch: 6016, count: 4
2026-09-16T12:09:34.048439940Z I20260916 12:09:34.048323   143 consensus_control_block.h:289] consensus of epoch=6015 has reach, all vote yes.
2026-09-16T12:09:34.050110583Z I20260916 12:09:34.049993   147 transaction_manager_impl.cpp:120] Total, abort: 1 commit: 298
2026-09-16T12:09:34.050126628Z I20260916 12:09:34.050020   147 transaction_manager_impl.cpp:62] Finish with epoch id=6015
2026-09-16T12:09:34.052887852Z I20260916 12:09:34.052779    44 block_storage_to_file.cpp:46] block store in file successfully, epoch=6015
2026-09-16T12:09:34.109593429Z I20260916 12:09:34.109531   143 consensus_control_block.h:289] consensus of epoch=6016 has reach, all vote yes.
2026-09-16T12:09:34.110008962Z I20260916 12:09:34.109943   150 epoch_txn_queue_manager.h:17] All threads reached barrier, epoch: 6017, count: 4
2026-09-16T12:09:34.114521262Z I20260916 12:09:34.114401   147 transaction_manager_impl.cpp:120] Total, abort: 4 commit: 541
2026-09-16T12:09:34.114535745Z I20260916 12:09:34.114434   147 transaction_manager_impl.cpp:62] Finish with epoch id=6016
2026-09-16T12:09:34.119443305Z I20260916 12:09:34.119351    44 block_storage_to_file.cpp:46] block store in file successfully, epoch=6016
2026-09-16T12:09:34.176919985Z I20260916 12:09:34.176813   143 consensus_control_block.h:289] consensus of epoch=6017 has reach, all vote yes.
2026-09-16T12:09:34.177815416Z I20260916 12:09:34.177650   151 epoch_txn_queue_manager.h:17] All threads reached barrier, epoch: 6018, count: 4
2026-09-16T12:09:34.181981049Z I20260916 12:09:34.181890   147 transaction_manager_impl.cpp:120] Total, abort: 4 commit: 568
2026-09-16T12:09:34.181990547Z I20260916 12:09:34.181908   147 transaction_manager_impl.cpp:62] Finish with epoch id=6017
2026-09-16T12:09:34.186935813Z I20260916 12:09:34.186810    44 block_storage_to_file.cpp:46] block store in file successfully, epoch=6017
2026-09-16T12:09:34.236190642Z I20260916 12:09:34.236119   143 consensus_control_block.h:289] consensus of epoch=6018 has reach, all vote yes.
2026-09-16T12:09:34.288653073Z I20260916 12:09:34.288568   151 epoch_txn_queue_manager.h:17] All threads reached barrier, epoch: 6019, count: 4
2026-09-16T12:09:34.293400261Z I20260916 12:09:34.293270   147 transaction_manager_impl.cpp:120] Total, abort: 0 commit: 609
2026-09-16T12:09:34.293424840Z I20260916 12:09:34.293288   147 transaction_manager_impl.cpp:62] Finish with epoch id=6018
2026-09-16T12:09:34.299495368Z I20260916 12:09:34.299388    44 block_storage_to_file.cpp:46] block store in file successfully, epoch=6018
2026-09-16T12:09:34.351726459Z I20260916 12:09:34.351647   150 epoch_txn_queue_manager.h:17] All threads reached barrier, epoch: 6020, count: 4
2026-09-16T12:09:34.353552419Z I20260916 12:09:34.353477   143 consensus_control_block.h:289] consensus of epoch=6019 has reach, all vote yes.
2026-09-16T12:09:34.359187161Z I20260916 12:09:34.359061   147 transaction_manager_impl.cpp:120] Total, abort: 7 commit: 1004
2026-09-16T12:09:34.359206319Z I20260916 12:09:34.359081   147 transaction_manager_impl.cpp:62] Finish with epoch id=6019
2026-09-16T12:09:34.367829966Z I20260916 12:09:34.367724    44 block_storage_to_file.cpp:46] block store in file successfully, epoch=6019
2026-09-16T12:09:34.389373891Z I20260916 12:09:34.389302   151 epoch_txn_queue_manager.h:17] All threads reached barrier, epoch: 6021, count: 4
2026-09-16T12:09:34.391483097Z I20260916 12:09:34.391381   143 consensus_control_block.h:289] consensus of epoch=6020 has reach, all vote yes.
2026-09-16T12:09:34.394876174Z I20260916 12:09:34.394788   147 transaction_manager_impl.cpp:120] Total, abort: 2 commit: 565
2026-09-16T12:09:34.394882504Z I20260916 12:09:34.394801   147 transaction_manager_impl.cpp:62] Finish with epoch id=6020
2026-09-16T12:09:34.399804277Z I20260916 12:09:34.399695    44 block_storage_to_file.cpp:46] block store in file successfully, epoch=6020
2026-09-16T12:09:34.452420041Z I20260916 12:09:34.452356   150 epoch_txn_queue_manager.h:17] All threads reached barrier, epoch: 6022, count: 4
2026-09-16T12:09:34.454428253Z I20260916 12:09:34.454277   143 consensus_control_block.h:289] consensus of epoch=6021 has reach, all vote yes.
2026-09-16T12:09:34.457606082Z I20260916 12:09:34.456745   147 transaction_manager_impl.cpp:120] Total, abort: 3 commit: 342
2026-09-16T12:09:34.457614666Z I20260916 12:09:34.456758   147 transaction_manager_impl.cpp:62] Finish with epoch id=6021
2026-09-16T12:09:34.460235784Z I20260916 12:09:34.460134    44 block_storage_to_file.cpp:46] block store in file successfully, epoch=6021
2026-09-16T12:09:34.489772484Z I20260916 12:09:34.489704   151 epoch_txn_queue_manager.h:17] All threads reached barrier, epoch: 6023, count: 4
2026-09-16T12:09:34.504082222Z I20260916 12:09:34.503854   143 consensus_control_block.h:289] consensus of epoch=6022 has reach, all vote yes.
2026-09-16T12:09:34.506974698Z I20260916 12:09:34.506886   147 transaction_manager_impl.cpp:120] Total, abort: 2 commit: 563
2026-09-16T12:09:34.506987048Z I20260916 12:09:34.506902   147 transaction_manager_impl.cpp:62] Finish with epoch id=6022
2026-09-16T12:09:34.511998708Z I20260916 12:09:34.511898    44 block_storage_to_file.cpp:46] block store in file successfully, epoch=6022
2026-09-16T12:09:34.563290365Z I20260916 12:09:34.563199   150 epoch_txn_queue_manager.h:17] All threads reached barrier, epoch: 6024, count: 4
2026-09-16T12:09:34.567884991Z I20260916 12:09:34.567782   143 consensus_control_block.h:289] consensus of epoch=6023 has reach, all vote yes.
2026-09-16T12:09:34.569809012Z I20260916 12:09:34.569680   147 transaction_manager_impl.cpp:120] Total, abort: 3 commit: 341
2026-09-16T12:09:34.569818559Z I20260916 12:09:34.569705   147 transaction_manager_impl.cpp:62] Finish with epoch id=6023
2026-09-16T12:09:34.572823618Z I20260916 12:09:34.572683    44 block_storage_to_file.cpp:46] block store in file successfully, epoch=6023
2026-09-16T12:09:34.583205918Z I20260916 12:09:34.583106   143 consensus_control_block.h:289] consensus of epoch=6024 has reach, all vote yes.
2026-09-16T12:09:34.588788654Z I20260916 12:09:34.588685   149 epoch_txn_queue_manager.h:17] All threads reached barrier, epoch: 6025, count: 4
2026-09-16T12:09:34.593385045Z I20260916 12:09:34.593286   147 transaction_manager_impl.cpp:120] Total, abort: 1 commit: 655
2026-09-16T12:09:34.593398425Z I20260916 12:09:34.593300   147 transaction_manager_impl.cpp:62] Finish with epoch id=6024
2026-09-16T12:09:34.598847396Z I20260916 12:09:34.598757    44 block_storage_to_file.cpp:46] block store in file successfully, epoch=6024
2026-09-16T12:09:34.640880876Z I20260916 12:09:34.640811   151 epoch_txn_queue_manager.h:17] All threads reached barrier, epoch: 6026, count: 4
2026-09-16T12:09:34.641081255Z I20260916 12:09:34.641037   143 consensus_control_block.h:289] consensus of epoch=6025 has reach, all vote yes.
2026-09-16T12:09:34.643129434Z I20260916 12:09:34.643065   147 transaction_manager_impl.cpp:120] Total, abort: 2 commit: 227
2026-09-16T12:09:34.643133175Z I20260916 12:09:34.643090   147 transaction_manager_impl.cpp:62] Finish with epoch id=6025
2026-09-16T12:09:34.645371373Z I20260916 12:09:34.645211    44 block_storage_to_file.cpp:46] block store in file successfully, epoch=6025
2026-09-16T12:09:34.737501117Z I20260916 12:09:34.737391   143 consensus_control_block.h:289] consensus of epoch=6026 has reach, all vote yes.
2026-09-16T12:09:34.764820639Z I20260916 12:09:34.764525   150 epoch_txn_queue_manager.h:17] All threads reached barrier, epoch: 6027, count: 4
2026-09-16T12:09:34.768445574Z I20260916 12:09:34.768332   147 transaction_manager_impl.cpp:120] Total, abort: 2 commit: 477
2026-09-16T12:09:34.768459080Z I20260916 12:09:34.768352   147 transaction_manager_impl.cpp:62] Finish with epoch id=6026
2026-09-16T12:09:34.773111673Z I20260916 12:09:34.772979    44 block_storage_to_file.cpp:46] block store in file successfully, epoch=6026
2026-09-16T12:09:34.783673709Z I20260916 12:09:34.783587   143 consensus_control_block.h:289] consensus of epoch=6027 has reach, all vote yes.
2026-09-16T12:09:34.790367278Z I20260916 12:09:34.790230   149 epoch_txn_queue_manager.h:17] All threads reached barrier, epoch: 6028, count: 4
2026-09-16T12:09:34.796672229Z I20260916 12:09:34.796540   147 transaction_manager_impl.cpp:120] Total, abort: 4 commit: 1113
2026-09-16T12:09:34.796694380Z I20260916 12:09:34.796573   147 transaction_manager_impl.cpp:62] Finish with epoch id=6027
2026-09-16T12:09:34.805407914Z I20260916 12:09:34.805275    44 block_storage_to_file.cpp:46] block store in file successfully, epoch=6027
2026-09-16T12:09:34.859473255Z I20260916 12:09:34.859233   152 epoch_txn_queue_manager.h:17] All threads reached barrier, epoch: 6029, count: 4
2026-09-16T12:09:34.861658075Z I20260916 12:09:34.861583   143 consensus_control_block.h:289] consensus of epoch=6028 has reach, all vote yes.
2026-09-16T12:09:34.863604918Z I20260916 12:09:34.863538   147 transaction_manager_impl.cpp:120] Total, abort: 3 commit: 221
2026-09-16T12:09:34.863614871Z I20260916 12:09:34.863549   147 transaction_manager_impl.cpp:62] Finish with epoch id=6028
2026-09-16T12:09:34.865930810Z I20260916 12:09:34.865831    44 block_storage_to_file.cpp:46] block store in file successfully, epoch=6028
2026-09-16T12:09:34.886572509Z [epoch] I20260916 12:09:34.886451     7 chain_client.cpp:83] Sending Request to epoch_server_group at qps=0 latency=0
2026-09-16T12:09:34.891161046Z I20260916 12:09:34.891074   149 epoch_txn_queue_manager.h:17] All threads reached barrier, epoch: 6030, count: 4
2026-09-16T12:09:34.894865240Z I20260916 12:09:34.894788   143 consensus_control_block.h:289] consensus of epoch=6029 has reach, all vote yes.
2026-09-16T12:09:34.898252614Z I20260916 12:09:34.898167   147 transaction_manager_impl.cpp:120] Total, abort: 1 commit: 612
2026-09-16T12:09:34.898262170Z I20260916 12:09:34.898180   147 transaction_manager_impl.cpp:62] Finish with epoch id=6029
2026-09-16T12:09:34.902941792Z I20260916 12:09:34.902837    44 block_storage_to_file.cpp:46] block store in file successfully, epoch=6029
2026-09-16T12:09:34.943107865Z I20260916 12:09:34.942932   143 consensus_control_block.h:289] consensus of epoch=6030 has reach, all vote yes.
2026-09-16T12:09:34.946006573Z I20260916 12:09:34.945930   150 epoch_txn_queue_manager.h:17] All threads reached barrier, epoch: 6031, count: 4
2026-09-16T12:09:34.949098896Z I20260916 12:09:34.949023   147 transaction_manager_impl.cpp:120] Total, abort: 3 commit: 298
2026-09-16T12:09:34.949101346Z I20260916 12:09:34.949041   147 transaction_manager_impl.cpp:62] Finish with epoch id=6030
2026-09-16T12:09:34.952189301Z I20260916 12:09:34.952051    44 block_storage_to_file.cpp:46] block store in file successfully, epoch=6030
2026-09-16T12:09:35.038190907Z I20260916 12:09:35.038093   143 consensus_control_block.h:289] consensus of epoch=6031 has reach, all vote yes.
2026-09-16T12:09:35.080777867Z I20260916 12:09:35.080694   152 epoch_txn_queue_manager.h:17] All threads reached barrier, epoch: 6032, count: 4
2026-09-16T12:09:35.085117644Z I20260916 12:09:35.085017   147 transaction_manager_impl.cpp:120] Total, abort: 1 commit: 498
2026-09-16T12:09:35.085128909Z I20260916 12:09:35.085031   147 transaction_manager_impl.cpp:62] Finish with epoch id=6031
2026-09-16T12:09:35.089770823Z I20260916 12:09:35.089653    44 block_storage_to_file.cpp:46] block store in file successfully, epoch=6031
2026-09-16T12:09:35.091216795Z I20260916 12:09:35.091121   152 epoch_txn_queue_manager.h:17] All threads reached barrier, epoch: 6033, count: 4
2026-09-16T12:09:35.094003143Z I20260916 12:09:35.093854   143 consensus_control_block.h:289] consensus of epoch=6032 has reach, all vote yes.
2026-09-16T12:09:35.101252156Z I20260916 12:09:35.101145   147 transaction_manager_impl.cpp:120] Total, abort: 5 commit: 1200
2026-09-16T12:09:35.101274644Z I20260916 12:09:35.101167   147 transaction_manager_impl.cpp:62] Finish with epoch id=6032
2026-09-16T12:09:35.110798896Z I20260916 12:09:35.110698    44 block_storage_to_file.cpp:46] block store in file successfully, epoch=6032
2026-09-16T12:09:35.143181810Z I20260916 12:09:35.143014   143 consensus_control_block.h:289] consensus of epoch=6033 has reach, all vote yes.
2026-09-16T12:09:35.144513392Z I20260916 12:09:35.144431   151 epoch_txn_queue_manager.h:17] All threads reached barrier, epoch: 6034, count: 4
2026-09-16T12:09:35.145249037Z I20260916 12:09:35.145177   147 transaction_manager_impl.cpp:120] Total, abort: 2 commit: 90
2026-09-16T12:09:35.145254738Z I20260916 12:09:35.145187   147 transaction_manager_impl.cpp:62] Finish with epoch id=6033
2026-09-16T12:09:35.147127884Z I20260916 12:09:35.147056    44 block_storage_to_file.cpp:46] block store in file successfully, epoch=6033
2026-09-16T12:09:35.238649864Z I20260916 12:09:35.238579   143 consensus_control_block.h:289] consensus of epoch=6034 has reach, all vote yes.
2026-09-16T12:09:35.268503938Z I20260916 12:09:35.268383   150 epoch_txn_queue_manager.h:17] All threads reached barrier, epoch: 6035, count: 4
2026-09-16T12:09:35.272565168Z I20260916 12:09:35.272454   147 transaction_manager_impl.cpp:120] Total, abort: 2 commit: 501
2026-09-16T12:09:35.272595065Z I20260916 12:09:35.272549   147 transaction_manager_impl.cpp:62] Finish with epoch id=6034
2026-09-16T12:09:35.276599871Z I20260916 12:09:35.276496    44 block_storage_to_file.cpp:46] block store in file successfully, epoch=6034
2026-09-16T12:09:35.287505572Z I20260916 12:09:35.287406   143 consensus_control_block.h:289] consensus of epoch=6035 has reach, all vote yes.
2026-09-16T12:09:35.292362420Z I20260916 12:09:35.292248   152 epoch_txn_queue_manager.h:17] All threads reached barrier, epoch: 6036, count: 4
2026-09-16T12:09:35.298758078Z I20260916 12:09:35.298671   147 transaction_manager_impl.cpp:120] Total, abort: 4 commit: 1109
2026-09-16T12:09:35.298768535Z I20260916 12:09:35.298687   147 transaction_manager_impl.cpp:62] Finish with epoch id=6035
2026-09-16T12:09:35.308530896Z I20260916 12:09:35.308442    44 block_storage_to_file.cpp:46] block store in file successfully, epoch=6035
2026-09-16T12:09:35.362776315Z I20260916 12:09:35.362672   152 epoch_txn_queue_manager.h:17] All threads reached barrier, epoch: 6037, count: 4
2026-09-16T12:09:35.364667562Z I20260916 12:09:35.364574   143 consensus_control_block.h:289] consensus of epoch=6036 has reach, all vote yes.
2026-09-16T12:09:35.366211696Z I20260916 12:09:35.366118   147 transaction_manager_impl.cpp:120] Total, abort: 4 commit: 204
2026-09-16T12:09:35.366214912Z I20260916 12:09:35.366132   147 transaction_manager_impl.cpp:62] Finish with epoch id=6036
2026-09-16T12:09:35.368563982Z I20260916 12:09:35.368476    44 block_storage_to_file.cpp:46] block store in file successfully, epoch=6036
2026-09-16T12:09:35.387680624Z I20260916 12:09:35.387565   143 consensus_control_block.h:289] consensus of epoch=6037 has reach, all vote yes.
2026-09-16T12:09:35.389450820Z I20260916 12:09:35.389375   150 epoch_txn_queue_manager.h:17] All threads reached barrier, epoch: 6038, count: 4
2026-09-16T12:09:35.394075187Z I20260916 12:09:35.393988   147 transaction_manager_impl.cpp:120] Total, abort: 1 commit: 634
2026-09-16T12:09:35.394084293Z I20260916 12:09:35.394001   147 transaction_manager_impl.cpp:62] Finish with epoch id=6037
2026-09-16T12:09:35.399157944Z I20260916 12:09:35.399065    44 block_storage_to_file.cpp:46] block store in file successfully, epoch=6037
2026-09-16T12:09:35.454943258Z I20260916 12:09:35.454811   143 consensus_control_block.h:289] consensus of epoch=6038 has reach, all vote yes.
2026-09-16T12:09:35.455299751Z I20260916 12:09:35.455222   149 epoch_txn_queue_manager.h:17] All threads reached barrier, epoch: 6039, count: 4
2026-09-16T12:09:35.457022482Z I20260916 12:09:35.456965   147 transaction_manager_impl.cpp:120] Total, abort: 3 commit: 250
2026-09-16T12:09:35.457029287Z I20260916 12:09:35.456976   147 transaction_manager_impl.cpp:62] Finish with epoch id=6038
2026-09-16T12:09:35.459406785Z I20260916 12:09:35.459301    44 block_storage_to_file.cpp:46] block store in file successfully, epoch=6038
2026-09-16T12:09:35.539301336Z I20260916 12:09:35.539229   143 consensus_control_block.h:289] consensus of epoch=6039 has reach, all vote yes.
2026-09-16T12:09:35.570790724Z I20260916 12:09:35.570631   150 epoch_txn_queue_manager.h:17] All threads reached barrier, epoch: 6040, count: 4
2026-09-16T12:09:35.575567488Z I20260916 12:09:35.575456   147 transaction_manager_impl.cpp:120] Total, abort: 1 commit: 587
2026-09-16T12:09:35.575577394Z I20260916 12:09:35.575486   147 transaction_manager_impl.cpp:62] Finish with epoch id=6039
2026-09-16T12:09:35.580989050Z I20260916 12:09:35.580878    44 block_storage_to_file.cpp:46] block store in file successfully, epoch=6039
2026-09-16T12:09:35.589782795Z I20260916 12:09:35.589639   143 consensus_control_block.h:289] consensus of epoch=6040 has reach, all vote yes.
2026-09-16T12:09:35.590978871Z I20260916 12:09:35.590893   150 epoch_txn_queue_manager.h:17] All threads reached barrier, epoch: 6041, count: 4
2026-09-16T12:09:35.597074384Z I20260916 12:09:35.596994   147 transaction_manager_impl.cpp:120] Total, abort: 4 commit: 1045
2026-09-16T12:09:35.597087490Z I20260916 12:09:35.597011   147 transaction_manager_impl.cpp:62] Finish with epoch id=6040
2026-09-16T12:09:35.605612057Z I20260916 12:09:35.605511    44 block_storage_to_file.cpp:46] block store in file successfully, epoch=6040
2026-09-16T12:09:35.644736837Z I20260916 12:09:35.644613   152 epoch_txn_queue_manager.h:17] All threads reached barrier, epoch: 6042, count: 4
2026-09-16T12:09:35.646333263Z I20260916 12:09:35.646247   143 consensus_control_block.h:289] consensus of epoch=6041 has reach, all vote yes.
2026-09-16T12:09:35.647789105Z I20260916 12:09:35.647722   147 transaction_manager_impl.cpp:120] Total, abort: 4 commit: 179
2026-09-16T12:09:35.647796371Z I20260916 12:09:35.647734   147 transaction_manager_impl.cpp:62] Finish with epoch id=6041
2026-09-16T12:09:35.650181156Z I20260916 12:09:35.650079    44 block_storage_to_file.cpp:46] block store in file successfully, epoch=6041
2026-09-16T12:09:35.701583768Z I20260916 12:09:35.701491   143 consensus_control_block.h:289] consensus of epoch=6042 has reach, all vote yes.
2026-09-16T12:09:35.705284381Z I20260916 12:09:35.705195   152 epoch_txn_queue_manager.h:17] All threads reached barrier, epoch: 6043, count: 4
2026-09-16T12:09:35.712771716Z I20260916 12:09:35.712651   147 transaction_manager_impl.cpp:120] Total, abort: 0 commit: 478
2026-09-16T12:09:35.712787297Z I20260916 12:09:35.712669   147 transaction_manager_impl.cpp:62] Finish with epoch id=6042
2026-09-16T12:09:35.717066664Z I20260916 12:09:35.716974    44 block_storage_to_file.cpp:46] block store in file successfully, epoch=6042
2026-09-16T12:09:35.772117883Z I20260916 12:09:35.772019   150 epoch_txn_queue_manager.h:17] All threads reached barrier, epoch: 6044, count: 4
2026-09-16T12:09:35.773991401Z I20260916 12:09:35.773897   143 consensus_control_block.h:289] consensus of epoch=6043 has reach, all vote yes.
2026-09-16T12:09:35.777796424Z I20260916 12:09:35.777634   147 transaction_manager_impl.cpp:120] Total, abort: 5 commit: 542
2026-09-16T12:09:35.777812036Z I20260916 12:09:35.777683   147 transaction_manager_impl.cpp:62] Finish with epoch id=6043
2026-09-16T12:09:35.782212069Z I20260916 12:09:35.782136    44 block_storage_to_file.cpp:46] block store in file successfully, epoch=6043
2026-09-16T12:09:35.822921554Z I20260916 12:09:35.822844   143 consensus_control_block.h:289] consensus of epoch=6044 has reach, all vote yes.
2026-09-16T12:09:35.827745063Z I20260916 12:09:35.827630   149 epoch_txn_queue_manager.h:17] All threads reached barrier, epoch: 6045, count: 4
2026-09-16T12:09:35.831912142Z I20260916 12:09:35.831825   147 transaction_manager_impl.cpp:120] Total, abort: 0 commit: 615
2026-09-16T12:09:35.831932757Z I20260916 12:09:35.831843   147 transaction_manager_impl.cpp:62] Finish with epoch id=6044
2026-09-16T12:09:35.837282385Z I20260916 12:09:35.837184    44 block_storage_to_file.cpp:46] block store in file successfully, epoch=6044
2026-09-16T12:09:35.884645837Z I20260916 12:09:35.884553   143 consensus_control_block.h:289] consensus of epoch=6045 has reach, all vote yes.
2026-09-16T12:09:35.886666004Z [epoch] I20260916 12:09:35.886550     7 chain_client.cpp:83] Sending Request to epoch_server_group at qps=0 latency=0
2026-09-16T12:09:35.893025090Z I20260916 12:09:35.892923   150 epoch_txn_queue_manager.h:17] All threads reached barrier, epoch: 6046, count: 4
2026-09-16T12:09:35.896658898Z I20260916 12:09:35.896546   147 transaction_manager_impl.cpp:120] Total, abort: 4 commit: 494
2026-09-16T12:09:35.896667888Z I20260916 12:09:35.896559   147 transaction_manager_impl.cpp:62] Finish with epoch id=6045
2026-09-16T12:09:35.901363243Z I20260916 12:09:35.901273    44 block_storage_to_file.cpp:46] block store in file successfully, epoch=6045
2026-09-16T12:09:35.984874485Z I20260916 12:09:35.984745   143 consensus_control_block.h:289] consensus of epoch=6046 has reach, all vote yes.
2026-09-16T12:09:35.993819877Z I20260916 12:09:35.993726   150 epoch_txn_queue_manager.h:17] All threads reached barrier, epoch: 6047, count: 4
2026-09-16T12:09:35.998564646Z I20260916 12:09:35.998456   147 transaction_manager_impl.cpp:120] Total, abort: 4 commit: 592
2026-09-16T12:09:35.998581245Z I20260916 12:09:35.998476   147 transaction_manager_impl.cpp:62] Finish with epoch id=6046
2026-09-16T12:09:36.004222856Z I20260916 12:09:36.004141    44 block_storage_to_file.cpp:46] block store in file successfully, epoch=6046
2026-09-16T12:09:36.057558658Z I20260916 12:09:36.057436   152 epoch_txn_queue_manager.h:17] All threads reached barrier, epoch: 6048, count: 4
2026-09-16T12:09:36.060499302Z I20260916 12:09:36.060432   143 consensus_control_block.h:289] consensus of epoch=6047 has reach, all vote yes.
2026-09-16T12:09:36.065907625Z I20260916 12:09:36.065811   147 transaction_manager_impl.cpp:120] Total, abort: 6 commit: 910
2026-09-16T12:09:36.065917659Z I20260916 12:09:36.065837   147 transaction_manager_impl.cpp:62] Finish with epoch id=6047
2026-09-16T12:09:36.073261389Z I20260916 12:09:36.073158    44 block_storage_to_file.cpp:46] block store in file successfully, epoch=6047
2026-09-16T12:09:36.094617551Z I20260916 12:09:36.094523   150 epoch_txn_queue_manager.h:17] All threads reached barrier, epoch: 6049, count: 4
2026-09-16T12:09:36.096018156Z I20260916 12:09:36.095906   143 consensus_control_block.h:289] consensus of epoch=6048 has reach, all vote yes.
2026-09-16T12:09:36.099323452Z I20260916 12:09:36.099213   147 transaction_manager_impl.cpp:120] Total, abort: 0 commit: 564
2026-09-16T12:09:36.099327409Z I20260916 12:09:36.099231   147 transaction_manager_impl.cpp:62] Finish with epoch id=6048
2026-09-16T12:09:36.105115619Z I20260916 12:09:36.105002    44 block_storage_to_file.cpp:46] block store in file successfully, epoch=6048
2026-09-16T12:09:36.158460621Z I20260916 12:09:36.158352   152 epoch_txn_queue_manager.h:17] All threads reached barrier, epoch: 6050, count: 4
2026-09-16T12:09:36.161991270Z I20260916 12:09:36.161873   143 consensus_control_block.h:289] consensus of epoch=6049 has reach, all vote yes.
2026-09-16T12:09:36.164621512Z I20260916 12:09:36.164537   147 transaction_manager_impl.cpp:120] Total, abort: 4 commit: 340
2026-09-16T12:09:36.164629571Z I20260916 12:09:36.164551   147 transaction_manager_impl.cpp:62] Finish with epoch id=6049
2026-09-16T12:09:36.167904300Z I20260916 12:09:36.167799    44 block_storage_to_file.cpp:46] block store in file successfully, epoch=6049
2026-09-16T12:09:36.193646413Z I20260916 12:09:36.193020   151 epoch_txn_queue_manager.h:17] All threads reached barrier, epoch: 6051, count: 4
2026-09-16T12:09:36.199251516Z I20260916 12:09:36.199131   143 consensus_control_block.h:289] consensus of epoch=6050 has reach, all vote yes.
2026-09-16T12:09:36.203434186Z I20260916 12:09:36.203326   147 transaction_manager_impl.cpp:120] Total, abort: 0 commit: 566
2026-09-16T12:09:36.203446656Z I20260916 12:09:36.203341   147 transaction_manager_impl.cpp:62] Finish with epoch id=6050
2026-09-16T12:09:36.208322256Z I20260916 12:09:36.208197    44 block_storage_to_file.cpp:46] block store in file successfully, epoch=6050
2026-09-16T12:09:36.255596974Z I20260916 12:09:36.255491   150 epoch_txn_queue_manager.h:17] All threads reached barrier, epoch: 6052, count: 4
2026-09-16T12:09:36.257638252Z I20260916 12:09:36.257500   143 consensus_control_block.h:289] consensus of epoch=6051 has reach, all vote yes.
2026-09-16T12:09:36.260356635Z I20260916 12:09:36.260229   147 transaction_manager_impl.cpp:120] Total, abort: 4 commit: 320
2026-09-16T12:09:36.260371701Z I20260916 12:09:36.260250   147 transaction_manager_impl.cpp:62] Finish with epoch id=6051
2026-09-16T12:09:36.263506810Z I20260916 12:09:36.263365    44 block_storage_to_file.cpp:46] block store in file successfully, epoch=6051
2026-09-16T12:09:36.293597721Z I20260916 12:09:36.293488   151 epoch_txn_queue_manager.h:17] All threads reached barrier, epoch: 6053, count: 4
2026-09-16T12:09:36.295591387Z I20260916 12:09:36.295471   143 consensus_control_block.h:289] consensus of epoch=6052 has reach, all vote yes.
2026-09-16T12:09:36.299027320Z I20260916 12:09:36.298914   147 transaction_manager_impl.cpp:120] Total, abort: 0 commit: 563
2026-09-16T12:09:36.299042190Z I20260916 12:09:36.298945   147 transaction_manager_impl.cpp:62] Finish with epoch id=6052
2026-09-16T12:09:36.303799589Z I20260916 12:09:36.303715    44 block_storage_to_file.cpp:46] block store in file successfully, epoch=6052
2026-09-16T12:09:36.366444889Z I20260916 12:09:36.366276   150 epoch_txn_queue_manager.h:17] All threads reached barrier, epoch: 6054, count: 4
2026-09-16T12:09:36.369658354Z I20260916 12:09:36.369565   143 consensus_control_block.h:289] consensus of epoch=6053 has reach, all vote yes.
2026-09-16T12:09:36.373332853Z I20260916 12:09:36.373165   147 transaction_manager_impl.cpp:120] Total, abort: 4 commit: 341
2026-09-16T12:09:36.373346112Z I20260916 12:09:36.373178   147 transaction_manager_impl.cpp:62] Finish with epoch id=6053
2026-09-16T12:09:36.377611084Z I20260916 12:09:36.377473    44 block_storage_to_file.cpp:46] block store in file successfully, epoch=6053
2026-09-16T12:09:36.416913251Z I20260916 12:09:36.416787   143 consensus_control_block.h:289] consensus of epoch=6054 has reach, all vote yes.
2026-09-16T12:09:36.420299847Z I20260916 12:09:36.420207   152 epoch_txn_queue_manager.h:17] All threads reached barrier, epoch: 6055, count: 4
2026-09-16T12:09:36.424783455Z I20260916 12:09:36.424708   147 transaction_manager_impl.cpp:120] Total, abort: 0 commit: 658
2026-09-16T12:09:36.424795309Z I20260916 12:09:36.424723   147 transaction_manager_impl.cpp:62] Finish with epoch id=6054
2026-09-16T12:09:36.430597998Z I20260916 12:09:36.430510    44 block_storage_to_file.cpp:46] block store in file successfully, epoch=6054
2026-09-16T12:09:36.485434676Z I20260916 12:09:36.485285   143 consensus_control_block.h:289] consensus of epoch=6055 has reach, all vote yes.
2026-09-16T12:09:36.487211008Z I20260916 12:09:36.487134   150 epoch_txn_queue_manager.h:17] All threads reached barrier, epoch: 6056, count: 4
2026-09-16T12:09:36.490886413Z I20260916 12:09:36.490718   147 transaction_manager_impl.cpp:120] Total, abort: 4 commit: 476
2026-09-16T12:09:36.490909832Z I20260916 12:09:36.490742   147 transaction_manager_impl.cpp:62] Finish with epoch id=6055
2026-09-16T12:09:36.495861505Z I20260916 12:09:36.495726    44 block_storage_to_file.cpp:46] block store in file successfully, epoch=6055
2026-09-16T12:09:36.585754771Z I20260916 12:09:36.585608   143 consensus_control_block.h:289] consensus of epoch=6056 has reach, all vote yes.
2026-09-16T12:09:36.596077032Z I20260916 12:09:36.595984   151 epoch_txn_queue_manager.h:17] All threads reached barrier, epoch: 6057, count: 4
2026-09-16T12:09:36.601031405Z I20260916 12:09:36.600929   147 transaction_manager_impl.cpp:120] Total, abort: 3 commit: 614
2026-09-16T12:09:36.601049855Z I20260916 12:09:36.600951   147 transaction_manager_impl.cpp:62] Finish with epoch id=6056
2026-09-16T12:09:36.606151043Z I20260916 12:09:36.606024    44 block_storage_to_file.cpp:46] block store in file successfully, epoch=6056
2026-09-16T12:09:36.658529608Z I20260916 12:09:36.658378   150 epoch_txn_queue_manager.h:17] All threads reached barrier, epoch: 6058, count: 4
2026-09-16T12:09:36.662187612Z I20260916 12:09:36.661890   143 consensus_control_block.h:289] consensus of epoch=6057 has reach, all vote yes.
2026-09-16T12:09:36.667790536Z I20260916 12:09:36.667689   147 transaction_manager_impl.cpp:120] Total, abort: 5 commit: 974
2026-09-16T12:09:36.667807154Z I20260916 12:09:36.667719   147 transaction_manager_impl.cpp:62] Finish with epoch id=6057
2026-09-16T12:09:36.675855469Z I20260916 12:09:36.675719    44 block_storage_to_file.cpp:46] block store in file successfully, epoch=6057
2026-09-16T12:09:36.695708760Z I20260916 12:09:36.695600   149 epoch_txn_queue_manager.h:17] All threads reached barrier, epoch: 6059, count: 4
2026-09-16T12:09:36.710326795Z I20260916 12:09:36.710177   143 consensus_control_block.h:289] consensus of epoch=6058 has reach, all vote yes.
2026-09-16T12:09:36.713494288Z I20260916 12:09:36.713426   147 transaction_manager_impl.cpp:120] Total, abort: 0 commit: 567
2026-09-16T12:09:36.713502229Z I20260916 12:09:36.713443   147 transaction_manager_impl.cpp:62] Finish with epoch id=6058
2026-09-16T12:09:36.718637666Z I20260916 12:09:36.718555    44 block_storage_to_file.cpp:46] block store in file successfully, epoch=6058
2026-09-16T12:09:36.752533997Z I20260916 12:09:36.752444   152 epoch_txn_queue_manager.h:17] All threads reached barrier, epoch: 6060, count: 4
2026-09-16T12:09:36.756445334Z I20260916 12:09:36.756356   143 consensus_control_block.h:289] consensus of epoch=6059 has reach, all vote yes.
2026-09-16T12:09:36.759211179Z I20260916 12:09:36.759115   147 transaction_manager_impl.cpp:120] Total, abort: 4 commit: 316
2026-09-16T12:09:36.759222407Z I20260916 12:09:36.759130   147 transaction_manager_impl.cpp:62] Finish with epoch id=6059
2026-09-16T12:09:36.761926160Z I20260916 12:09:36.761857    44 block_storage_to_file.cpp:46] block store in file successfully, epoch=6059
2026-09-16T12:09:36.796361401Z I20260916 12:09:36.796264   149 epoch_txn_queue_manager.h:17] All threads reached barrier, epoch: 6061, count: 4
2026-09-16T12:09:36.796806040Z I20260916 12:09:36.796751   143 consensus_control_block.h:289] consensus of epoch=6060 has reach, all vote yes.
2026-09-16T12:09:36.800661990Z I20260916 12:09:36.800511   147 transaction_manager_impl.cpp:120] Total, abort: 0 commit: 520
2026-09-16T12:09:36.800686306Z I20260916 12:09:36.800525   147 transaction_manager_impl.cpp:62] Finish with epoch id=6060
2026-09-16T12:09:36.805042919Z I20260916 12:09:36.804935    44 block_storage_to_file.cpp:46] block store in file successfully, epoch=6060
2026-09-16T12:09:36.853284919Z I20260916 12:09:36.853158   152 epoch_txn_queue_manager.h:17] All threads reached barrier, epoch: 6062, count: 4
2026-09-16T12:09:36.855066574Z I20260916 12:09:36.854894   143 consensus_control_block.h:289] consensus of epoch=6061 has reach, all vote yes.
2026-09-16T12:09:36.857385682Z I20260916 12:09:36.857317   147 transaction_manager_impl.cpp:120] Total, abort: 5 commit: 384
2026-09-16T12:09:36.857391437Z I20260916 12:09:36.857334   147 transaction_manager_impl.cpp:62] Finish with epoch id=6061
2026-09-16T12:09:36.860772831Z I20260916 12:09:36.860664    44 block_storage_to_file.cpp:46] block store in file successfully, epoch=6061
2026-09-16T12:09:36.886812555Z [epoch] I20260916 12:09:36.886636     7 chain_client.cpp:83] Sending Request to epoch_server_group at qps=0 latency=0
2026-09-16T12:09:36.908326751Z I20260916 12:09:36.908208   151 epoch_txn_queue_manager.h:17] All threads reached barrier, epoch: 6063, count: 4
2026-09-16T12:09:36.911330797Z I20260916 12:09:36.911218   143 consensus_control_block.h:289] consensus of epoch=6062 has reach, all vote yes.
2026-09-16T12:09:36.914892714Z I20260916 12:09:36.914757   147 transaction_manager_impl.cpp:120] Total, abort: 0 commit: 523
2026-09-16T12:09:36.914906245Z I20260916 12:09:36.914770   147 transaction_manager_impl.cpp:62] Finish with epoch id=6062
2026-09-16T12:09:36.919188250Z I20260916 12:09:36.919102    44 block_storage_to_file.cpp:46] block store in file successfully, epoch=6062
2026-09-16T12:09:36.965536683Z I20260916 12:09:36.965420   143 consensus_control_block.h:289] consensus of epoch=6063 has reach, all vote yes.
2026-09-16T12:09:36.967591021Z I20260916 12:09:36.967512   149 epoch_txn_queue_manager.h:17] All threads reached barrier, epoch: 6064, count: 4
2026-09-16T12:09:36.971380661Z I20260916 12:09:36.971285   147 transaction_manager_impl.cpp:120] Total, abort: 4 commit: 499
2026-09-16T12:09:36.971389492Z I20260916 12:09:36.971315   147 transaction_manager_impl.cpp:62] Finish with epoch id=6063
2026-09-16T12:09:36.976193184Z I20260916 12:09:36.976094    44 block_storage_to_file.cpp:46] block store in file successfully, epoch=6063
2026-09-16T12:09:37.043291212Z I20260916 12:09:37.043202   143 consensus_control_block.h:289] consensus of epoch=6064 has reach, all vote yes.
2026-09-16T12:09:37.094826725Z I20260916 12:09:37.094686   152 epoch_txn_queue_manager.h:17] All threads reached barrier, epoch: 6065, count: 4
2026-09-16T12:09:37.098857745Z I20260916 12:09:37.098747   147 transaction_manager_impl.cpp:120] Total, abort: 0 commit: 520
2026-09-16T12:09:37.098871257Z I20260916 12:09:37.098766   147 transaction_manager_impl.cpp:62] Finish with epoch id=6064
2026-09-16T12:09:37.103250573Z I20260916 12:09:37.103123    44 block_storage_to_file.cpp:46] block store in file successfully, epoch=6064
2026-09-16T12:09:37.155220525Z I20260916 12:09:37.155129   152 epoch_txn_queue_manager.h:17] All threads reached barrier, epoch: 6066, count: 4
2026-09-16T12:09:37.157290888Z I20260916 12:09:37.157146   143 consensus_control_block.h:289] consensus of epoch=6065 has reach, all vote yes.
2026-09-16T12:09:37.163474834Z I20260916 12:09:37.163357   147 transaction_manager_impl.cpp:120] Total, abort: 8 commit: 1156
2026-09-16T12:09:37.163492574Z I20260916 12:09:37.163389   147 transaction_manager_impl.cpp:62] Finish with epoch id=6065
2026-09-16T12:09:37.172696829Z I20260916 12:09:37.172612    44 block_storage_to_file.cpp:46] block store in file successfully, epoch=6065
2026-09-16T12:09:37.192949080Z I20260916 12:09:37.192848   143 consensus_control_block.h:289] consensus of epoch=6066 has reach, all vote yes.
2026-09-16T12:09:37.195690840Z I20260916 12:09:37.195565   152 epoch_txn_queue_manager.h:17] All threads reached barrier, epoch: 6067, count: 4
2026-09-16T12:09:37.199703939Z I20260916 12:09:37.199632   147 transaction_manager_impl.cpp:120] Total, abort: 1 commit: 541
2026-09-16T12:09:37.199717127Z I20260916 12:09:37.199652   147 transaction_manager_impl.cpp:62] Finish with epoch id=6066
2026-09-16T12:09:37.204361936Z I20260916 12:09:37.204281    44 block_storage_to_file.cpp:46] block store in file successfully, epoch=6066
2026-09-16T12:09:37.262732513Z I20260916 12:09:37.262624   150 epoch_txn_queue_manager.h:17] All threads reached barrier, epoch: 6068, count: 4
2026-09-16T12:09:37.265344176Z I20260916 12:09:37.265188   143 consensus_control_block.h:289] consensus of epoch=6067 has reach, all vote yes.
2026-09-16T12:09:37.267537208Z I20260916 12:09:37.267436   147 transaction_manager_impl.cpp:120] Total, abort: 4 commit: 363
2026-09-16T12:09:37.267550492Z I20260916 12:09:37.267454   147 transaction_manager_impl.cpp:62] Finish with epoch id=6067
2026-09-16T12:09:37.270950589Z I20260916 12:09:37.270828    44 block_storage_to_file.cpp:46] block store in file successfully, epoch=6067
2026-09-16T12:09:37.296122342Z I20260916 12:09:37.296051   152 epoch_txn_queue_manager.h:17] All threads reached barrier, epoch: 6069, count: 4
2026-09-16T12:09:37.303911798Z I20260916 12:09:37.303778   143 consensus_control_block.h:289] consensus of epoch=6068 has reach, all vote yes.
2026-09-16T12:09:37.307478014Z I20260916 12:09:37.307374   147 transaction_manager_impl.cpp:120] Total, abort: 0 commit: 611
2026-09-16T12:09:37.307506495Z I20260916 12:09:37.307387   147 transaction_manager_impl.cpp:62] Finish with epoch id=6068
2026-09-16T12:09:37.312920057Z I20260916 12:09:37.312832    44 block_storage_to_file.cpp:46] block store in file successfully, epoch=6068
2026-09-16T12:09:37.366779865Z I20260916 12:09:37.366582   152 epoch_txn_queue_manager.h:17] All threads reached barrier, epoch: 6070, count: 4
2026-09-16T12:09:37.370279926Z I20260916 12:09:37.370160   143 consensus_control_block.h:289] consensus of epoch=6069 has reach, all vote yes.
2026-09-16T12:09:37.372344601Z I20260916 12:09:37.372280   147 transaction_manager_impl.cpp:120] Total, abort: 5 commit: 294
2026-09-16T12:09:37.372350988Z I20260916 12:09:37.372291   147 transaction_manager_impl.cpp:62] Finish with epoch id=6069
2026-09-16T12:09:37.375437763Z I20260916 12:09:37.375339    44 block_storage_to_file.cpp:46] block store in file successfully, epoch=6069
2026-09-16T12:09:37.397045962Z I20260916 12:09:37.396911   152 epoch_txn_queue_manager.h:17] All threads reached barrier, epoch: 6071, count: 4
2026-09-16T12:09:37.400321618Z I20260916 12:09:37.400223   143 consensus_control_block.h:289] consensus of epoch=6070 has reach, all vote yes.
2026-09-16T12:09:37.408259865Z I20260916 12:09:37.408191   147 transaction_manager_impl.cpp:120] Total, abort: 0 commit: 636
2026-09-16T12:09:37.408271894Z I20260916 12:09:37.408205   147 transaction_manager_impl.cpp:62] Finish with epoch id=6070
2026-09-16T12:09:37.413549256Z I20260916 12:09:37.413465    44 block_storage_to_file.cpp:46] block store in file successfully, epoch=6070
2026-09-16T12:09:37.464264129Z I20260916 12:09:37.464136   150 epoch_txn_queue_manager.h:17] All threads reached barrier, epoch: 6072, count: 4
2026-09-16T12:09:37.466335574Z I20260916 12:09:37.466249   143 consensus_control_block.h:289] consensus of epoch=6071 has reach, all vote yes.
2026-09-16T12:09:37.468436091Z I20260916 12:09:37.468350   147 transaction_manager_impl.cpp:120] Total, abort: 4 commit: 272
2026-09-16T12:09:37.468442201Z I20260916 12:09:37.468365   147 transaction_manager_impl.cpp:62] Finish with epoch id=6071
2026-09-16T12:09:37.471371230Z I20260916 12:09:37.471290    44 block_storage_to_file.cpp:46] block store in file successfully, epoch=6071
2026-09-16T12:09:37.498397480Z I20260916 12:09:37.498248   152 epoch_txn_queue_manager.h:17] All threads reached barrier, epoch: 6073, count: 4
2026-09-16T12:09:37.500333103Z I20260916 12:09:37.500238   143 consensus_control_block.h:289] consensus of epoch=6072 has reach, all vote yes.
2026-09-16T12:09:37.504764654Z I20260916 12:09:37.504626   147 transaction_manager_impl.cpp:120] Total, abort: 0 commit: 612
2026-09-16T12:09:37.504793242Z I20260916 12:09:37.504650   147 transaction_manager_impl.cpp:62] Finish with epoch id=6072
2026-09-16T12:09:37.512299651Z I20260916 12:09:37.512002    44 block_storage_to_file.cpp:46] block store in file successfully, epoch=6072
2026-09-16T12:09:37.588451156Z I20260916 12:09:37.588310   143 consensus_control_block.h:289] consensus of epoch=6073 has reach, all vote yes.
2026-09-16T12:09:37.598346224Z I20260916 12:09:37.598251   152 epoch_txn_queue_manager.h:17] All threads reached barrier, epoch: 6074, count: 4
2026-09-16T12:09:37.600902812Z I20260916 12:09:37.600769   147 transaction_manager_impl.cpp:120] Total, abort: 4 commit: 294
2026-09-16T12:09:37.600912960Z I20260916 12:09:37.600793   147 transaction_manager_impl.cpp:62] Finish with epoch id=6073
2026-09-16T12:09:37.604130947Z I20260916 12:09:37.604041    44 block_storage_to_file.cpp:46] block store in file successfully, epoch=6073
2026-09-16T12:09:37.658933157Z I20260916 12:09:37.658713   152 epoch_txn_queue_manager.h:17] All threads reached barrier, epoch: 6075, count: 4
2026-09-16T12:09:37.660899360Z I20260916 12:09:37.660791   143 consensus_control_block.h:289] consensus of epoch=6074 has reach, all vote yes.
2026-09-16T12:09:37.666157730Z I20260916 12:09:37.666044   147 transaction_manager_impl.cpp:120] Total, abort: 4 commit: 905
2026-09-16T12:09:37.666185793Z I20260916 12:09:37.666071   147 transaction_manager_impl.cpp:62] Finish with epoch id=6074
2026-09-16T12:09:37.673303642Z I20260916 12:09:37.673203    44 block_storage_to_file.cpp:46] block store in file successfully, epoch=6074
2026-09-16T12:09:37.696530189Z I20260916 12:09:37.696411   143 consensus_control_block.h:289] consensus of epoch=6075 has reach, all vote yes.
2026-09-16T12:09:37.699221534Z I20260916 12:09:37.698918   152 epoch_txn_queue_manager.h:17] All threads reached barrier, epoch: 6076, count: 4
2026-09-16T12:09:37.703311836Z I20260916 12:09:37.703239   147 transaction_manager_impl.cpp:120] Total, abort: 0 commit: 548
2026-09-16T12:09:37.703326004Z I20260916 12:09:37.703251   147 transaction_manager_impl.cpp:62] Finish with epoch id=6075
2026-09-16T12:09:37.708353898Z I20260916 12:09:37.708272    44 block_storage_to_file.cpp:46] block store in file successfully, epoch=6075
2026-09-16T12:09:37.751146142Z I20260916 12:09:37.751042   143 consensus_control_block.h:289] consensus of epoch=6076 has reach, all vote yes.
2026-09-16T12:09:37.754604231Z I20260916 12:09:37.754511   151 epoch_txn_queue_manager.h:17] All threads reached barrier, epoch: 6077, count: 4
2026-09-16T12:09:37.758032060Z I20260916 12:09:37.757964   147 transaction_manager_impl.cpp:120] Total, abort: 4 commit: 362
2026-09-16T12:09:37.758038556Z I20260916 12:09:37.757980   147 transaction_manager_impl.cpp:62] Finish with epoch id=6076
2026-09-16T12:09:37.761276835Z I20260916 12:09:37.761119    44 block_storage_to_file.cpp:46] block store in file successfully, epoch=6076
2026-09-16T12:09:37.796411263Z I20260916 12:09:37.796343   150 epoch_txn_queue_manager.h:17] All threads reached barrier, epoch: 6078, count: 4
2026-09-16T12:09:37.798149856Z I20260916 12:09:37.798038   143 consensus_control_block.h:289] consensus of epoch=6077 has reach, all vote yes.
2026-09-16T12:09:37.801158642Z I20260916 12:09:37.801074   147 transaction_manager_impl.cpp:120] Total, abort: 0 commit: 498
2026-09-16T12:09:37.801166361Z I20260916 12:09:37.801085   147 transaction_manager_impl.cpp:62] Finish with epoch id=6077
2026-09-16T12:09:37.805760572Z I20260916 12:09:37.805665    44 block_storage_to_file.cpp:46] block store in file successfully, epoch=6077
2026-09-16T12:09:37.850146926Z I20260916 12:09:37.850019   152 epoch_txn_queue_manager.h:17] All threads reached barrier, epoch: 6079, count: 4
2026-09-16T12:09:37.853852076Z I20260916 12:09:37.853765   143 consensus_control_block.h:289] consensus of epoch=6078 has reach, all vote yes.
2026-09-16T12:09:37.856490246Z I20260916 12:09:37.856406   147 transaction_manager_impl.cpp:120] Total, abort: 4 commit: 383
2026-09-16T12:09:37.856499370Z I20260916 12:09:37.856418   147 transaction_manager_impl.cpp:62] Finish with epoch id=6078
2026-09-16T12:09:37.859784520Z I20260916 12:09:37.859688    44 block_storage_to_file.cpp:46] block store in file successfully, epoch=6078
2026-09-16T12:09:37.886860821Z [epoch] I20260916 12:09:37.886725     7 chain_client.cpp:83] Sending Request to epoch_server_group at qps=0 latency=0
2026-09-16T12:09:37.905834533Z I20260916 12:09:37.905632   151 epoch_txn_queue_manager.h:17] All threads reached barrier, epoch: 6080, count: 4
2026-09-16T12:09:37.909441549Z I20260916 12:09:37.909376   143 consensus_control_block.h:289] consensus of epoch=6079 has reach, all vote yes.
2026-09-16T12:09:37.913389711Z I20260916 12:09:37.913295   147 transaction_manager_impl.cpp:120] Total, abort: 0 commit: 478
2026-09-16T12:09:37.913399581Z I20260916 12:09:37.913306   147 transaction_manager_impl.cpp:62] Finish with epoch id=6079
2026-09-16T12:09:37.917613024Z I20260916 12:09:37.917505    44 block_storage_to_file.cpp:46] block store in file successfully, epoch=6079
2026-09-16T12:09:37.962887379Z I20260916 12:09:37.962786   143 consensus_control_block.h:289] consensus of epoch=6080 has reach, all vote yes.
2026-09-16T12:09:37.967581778Z I20260916 12:09:37.967504   150 epoch_txn_queue_manager.h:17] All threads reached barrier, epoch: 6081, count: 4
2026-09-16T12:09:37.971209322Z I20260916 12:09:37.971101   147 transaction_manager_impl.cpp:120] Total, abort: 4 commit: 497
2026-09-16T12:09:37.971229841Z I20260916 12:09:37.971132   147 transaction_manager_impl.cpp:62] Finish with epoch id=6080
2026-09-16T12:09:37.975406128Z I20260916 12:09:37.975270    44 block_storage_to_file.cpp:46] block store in file successfully, epoch=6080
2026-09-16T12:09:38.044174028Z I20260916 12:09:38.044025   152 epoch_txn_queue_manager.h:17] All threads reached barrier, epoch: 6082, count: 4
2026-09-16T12:09:38.045559165Z I20260916 12:09:38.045501   143 consensus_control_block.h:289] consensus of epoch=6081 has reach, all vote yes.
2026-09-16T12:09:38.050031615Z I20260916 12:09:38.049943   147 transaction_manager_impl.cpp:120] Total, abort: 0 commit: 567
2026-09-16T12:09:38.050043101Z I20260916 12:09:38.049959   147 transaction_manager_impl.cpp:62] Finish with epoch id=6081
2026-09-16T12:09:38.054635007Z I20260916 12:09:38.054527    44 block_storage_to_file.cpp:46] block store in file successfully, epoch=6081
2026-09-16T12:09:38.145807694Z I20260916 12:09:38.145726   143 consensus_control_block.h:289] consensus of epoch=6082 has reach, all vote yes.
2026-09-16T12:09:38.172410733Z I20260916 12:09:38.172353   152 epoch_txn_queue_manager.h:17] All threads reached barrier, epoch: 6083, count: 4
2026-09-16T12:09:38.177950804Z I20260916 12:09:38.177855   147 transaction_manager_impl.cpp:120] Total, abort: 5 commit: 565
2026-09-16T12:09:38.177961524Z I20260916 12:09:38.177887   147 transaction_manager_impl.cpp:62] Finish with epoch id=6082
2026-09-16T12:09:38.184077852Z I20260916 12:09:38.183998    44 block_storage_to_file.cpp:46] block store in file successfully, epoch=6082
2026-09-16T12:09:38.198332656Z I20260916 12:09:38.198165   151 epoch_txn_queue_manager.h:17] All threads reached barrier, epoch: 6084, count: 4
2026-09-16T12:09:38.201329723Z I20260916 12:09:38.201169   143 consensus_control_block.h:289] consensus of epoch=6083 has reach, all vote yes.
2026-09-16T12:09:38.214130901Z I20260916 12:09:38.214038   147 transaction_manager_impl.cpp:120] Total, abort: 6 commit: 1274
2026-09-16T12:09:38.214145718Z I20260916 12:09:38.214056   147 transaction_manager_impl.cpp:62] Finish with epoch id=6083
2026-09-16T12:09:38.225237561Z I20260916 12:09:38.225087    44 block_storage_to_file.cpp:46] block store in file successfully, epoch=6083
2026-09-16T12:09:38.253210539Z I20260916 12:09:38.253106   152 epoch_txn_queue_manager.h:17] All threads reached barrier, epoch: 6085, count: 4
2026-09-16T12:09:38.255013786Z I20260916 12:09:38.254933   143 consensus_control_block.h:289] consensus of epoch=6084 has reach, all vote yes.
2026-09-16T12:09:38.256267012Z I20260916 12:09:38.256197   147 transaction_manager_impl.cpp:120] Total, abort: 4 commit: 227
2026-09-16T12:09:38.256272257Z I20260916 12:09:38.256213   147 transaction_manager_impl.cpp:62] Finish with epoch id=6084
2026-09-16T12:09:38.259557445Z I20260916 12:09:38.259423    44 block_storage_to_file.cpp:46] block store in file successfully, epoch=6084
2026-09-16T12:09:38.299315758Z I20260916 12:09:38.299177   151 epoch_txn_queue_manager.h:17] All threads reached barrier, epoch: 6086, count: 4
2026-09-16T12:09:38.303260581Z I20260916 12:09:38.303148   143 consensus_control_block.h:289] consensus of epoch=6085 has reach, all vote yes.
2026-09-16T12:09:38.306439193Z I20260916 12:09:38.306334   147 transaction_manager_impl.cpp:120] Total, abort: 0 commit: 502
2026-09-16T12:09:38.306452582Z I20260916 12:09:38.306349   147 transaction_manager_impl.cpp:62] Finish with epoch id=6085
2026-09-16T12:09:38.311153063Z I20260916 12:09:38.311017    44 block_storage_to_file.cpp:46] block store in file successfully, epoch=6085
2026-09-16T12:09:38.390521373Z I20260916 12:09:38.390417   143 consensus_control_block.h:289] consensus of epoch=6086 has reach, all vote yes.
2026-09-16T12:09:38.399843025Z I20260916 12:09:38.399755   151 epoch_txn_queue_manager.h:17] All threads reached barrier, epoch: 6087, count: 4
2026-09-16T12:09:38.405655963Z I20260916 12:09:38.402477   147 transaction_manager_impl.cpp:120] Total, abort: 4 commit: 405
2026-09-16T12:09:38.405674204Z I20260916 12:09:38.402511   147 transaction_manager_impl.cpp:62] Finish with epoch id=6086
2026-09-16T12:09:38.406595011Z I20260916 12:09:38.406497    44 block_storage_to_file.cpp:46] block store in file successfully, epoch=6086
2026-09-16T12:09:38.459766047Z I20260916 12:09:38.459650   143 consensus_control_block.h:289] consensus of epoch=6087 has reach, all vote yes.
2026-09-16T12:09:38.460768278Z I20260916 12:09:38.460700   151 epoch_txn_queue_manager.h:17] All threads reached barrier, epoch: 6088, count: 4
2026-09-16T12:09:38.465341566Z I20260916 12:09:38.464681   147 transaction_manager_impl.cpp:120] Total, abort: 4 commit: 916
2026-09-16T12:09:38.465351567Z I20260916 12:09:38.464695   147 transaction_manager_impl.cpp:62] Finish with epoch id=6087
2026-09-16T12:09:38.473269831Z I20260916 12:09:38.473162    44 block_storage_to_file.cpp:46] block store in file successfully, epoch=6087
2026-09-16T12:09:38.500733348Z I20260916 12:09:38.500667   151 epoch_txn_queue_manager.h:17] All threads reached barrier, epoch: 6089, count: 4
2026-09-16T12:09:38.509557540Z I20260916 12:09:38.509457   143 consensus_control_block.h:289] consensus of epoch=6088 has reach, all vote yes.
2026-09-16T12:09:38.512566625Z I20260916 12:09:38.512461   147 transaction_manager_impl.cpp:120] Total, abort: 0 commit: 543
2026-09-16T12:09:38.512588748Z I20260916 12:09:38.512475   147 transaction_manager_impl.cpp:62] Finish with epoch id=6088
2026-09-16T12:09:38.517074020Z I20260916 12:09:38.516964    44 block_storage_to_file.cpp:46] block store in file successfully, epoch=6088
2026-09-16T12:09:38.571148250Z I20260916 12:09:38.571058   151 epoch_txn_queue_manager.h:17] All threads reached barrier, epoch: 6090, count: 4
2026-09-16T12:09:38.571553273Z I20260916 12:09:38.571496   143 consensus_control_block.h:289] consensus of epoch=6089 has reach, all vote yes.
2026-09-16T12:09:38.573865905Z I20260916 12:09:38.573127   147 transaction_manager_impl.cpp:120] Total, abort: 4 commit: 364
2026-09-16T12:09:38.573874872Z I20260916 12:09:38.573138   147 transaction_manager_impl.cpp:62] Finish with epoch id=6089
2026-09-16T12:09:38.576281954Z I20260916 12:09:38.576175    44 block_storage_to_file.cpp:46] block store in file successfully, epoch=6089
2026-09-16T12:09:38.601312014Z I20260916 12:09:38.601214   151 epoch_txn_queue_manager.h:17] All threads reached barrier, epoch: 6091, count: 4
2026-09-16T12:09:38.604988025Z I20260916 12:09:38.604920   143 consensus_control_block.h:289] consensus of epoch=6090 has reach, all vote yes.
2026-09-16T12:09:38.608235446Z I20260916 12:09:38.608139   147 transaction_manager_impl.cpp:120] Total, abort: 1 commit: 635
2026-09-16T12:09:38.608250214Z I20260916 12:09:38.608150   147 transaction_manager_impl.cpp:62] Finish with epoch id=6090
2026-09-16T12:09:38.613153078Z I20260916 12:09:38.613047    44 block_storage_to_file.cpp:46] block store in file successfully, epoch=6090
2026-09-16T12:09:38.664597330Z I20260916 12:09:38.664436   150 epoch_txn_queue_manager.h:17] All threads reached barrier, epoch: 6092, count: 4
2026-09-16T12:09:38.666440896Z I20260916 12:09:38.666344   143 consensus_control_block.h:289] consensus of epoch=6091 has reach, all vote yes.
2026-09-16T12:09:38.668403575Z I20260916 12:09:38.668279   147 transaction_manager_impl.cpp:120] Total, abort: 4 commit: 268
2026-09-16T12:09:38.668413104Z I20260916 12:09:38.668318   147 transaction_manager_impl.cpp:62] Finish with epoch id=6091
2026-09-16T12:09:38.671370715Z I20260916 12:09:38.671238    44 block_storage_to_file.cpp:46] block store in file successfully, epoch=6091
2026-09-16T12:09:38.699880056Z I20260916 12:09:38.699785   143 consensus_control_block.h:289] consensus of epoch=6092 has reach, all vote yes.
2026-09-16T12:09:38.701229934Z I20260916 12:09:38.701167   149 epoch_txn_queue_manager.h:17] All threads reached barrier, epoch: 6093, count: 4
2026-09-16T12:09:38.704448016Z I20260916 12:09:38.704340   147 transaction_manager_impl.cpp:120] Total, abort: 1 commit: 565
2026-09-16T12:09:38.704463425Z I20260916 12:09:38.704361   147 transaction_manager_impl.cpp:62] Finish with epoch id=6092
2026-09-16T12:09:38.709437381Z I20260916 12:09:38.709299    44 block_storage_to_file.cpp:46] block store in file successfully, epoch=6092
2026-09-16T12:09:38.755332224Z I20260916 12:09:38.755234   150 epoch_txn_queue_manager.h:17] All threads reached barrier, epoch: 6094, count: 4
2026-09-16T12:09:38.757027372Z I20260916 12:09:38.756948   143 consensus_control_block.h:289] consensus of epoch=6093 has reach, all vote yes.
2026-09-16T12:09:38.758638352Z I20260916 12:09:38.758574   147 transaction_manager_impl.cpp:120] Total, abort: 4 commit: 322
2026-09-16T12:09:38.758646044Z I20260916 12:09:38.758586   147 transaction_manager_impl.cpp:62] Finish with epoch id=6093
2026-09-16T12:09:38.761679764Z I20260916 12:09:38.761588    44 block_storage_to_file.cpp:46] block store in file successfully, epoch=6093
2026-09-16T12:09:38.815743809Z I20260916 12:09:38.815653   150 epoch_txn_queue_manager.h:17] All threads reached barrier, epoch: 6095, count: 4
2026-09-16T12:09:38.816875885Z I20260916 12:09:38.816813   143 consensus_control_block.h:289] consensus of epoch=6094 has reach, all vote yes.
2026-09-16T12:09:38.820356174Z I20260916 12:09:38.820273   147 transaction_manager_impl.cpp:120] Total, abort: 0 commit: 497
2026-09-16T12:09:38.820365964Z I20260916 12:09:38.820302   147 transaction_manager_impl.cpp:62] Finish with epoch id=6094
2026-09-16T12:09:38.824603787Z I20260916 12:09:38.824433    44 block_storage_to_file.cpp:46] block store in file successfully, epoch=6094
2026-09-16T12:09:38.886957558Z [epoch] I20260916 12:09:38.886792     7 chain_client.cpp:83] Sending Request to epoch_server_group at qps=0 latency=0
2026-09-16T12:09:38.891826180Z I20260916 12:09:38.891736   143 consensus_control_block.h:289] consensus of epoch=6095 has reach, all vote yes.
2026-09-16T12:09:38.900818217Z I20260916 12:09:38.900739   152 epoch_txn_queue_manager.h:17] All threads reached barrier, epoch: 6096, count: 4
2026-09-16T12:09:38.904324009Z I20260916 12:09:38.904228   147 transaction_manager_impl.cpp:120] Total, abort: 4 commit: 542
2026-09-16T12:09:38.904328625Z I20260916 12:09:38.904249   147 transaction_manager_impl.cpp:62] Finish with epoch id=6095
2026-09-16T12:09:38.908856760Z I20260916 12:09:38.908769    44 block_storage_to_file.cpp:46] block store in file successfully, epoch=6095
2026-09-16T12:09:38.963124701Z I20260916 12:09:38.962982   143 consensus_control_block.h:289] consensus of epoch=6096 has reach, all vote yes.
2026-09-16T12:09:38.963991812Z I20260916 12:09:38.963896   151 epoch_txn_queue_manager.h:17] All threads reached barrier, epoch: 6097, count: 4
2026-09-16T12:09:38.968165909Z I20260916 12:09:38.968087   147 transaction_manager_impl.cpp:120] Total, abort: 4 commit: 750
2026-09-16T12:09:38.968178151Z I20260916 12:09:38.968102   147 transaction_manager_impl.cpp:62] Finish with epoch id=6096
2026-09-16T12:09:38.974550958Z I20260916 12:09:38.974444    44 block_storage_to_file.cpp:46] block store in file successfully, epoch=6096
2026-09-16T12:09:39.001585040Z I20260916 12:09:39.001441   152 epoch_txn_queue_manager.h:17] All threads reached barrier, epoch: 6098, count: 4
2026-09-16T12:09:39.014720738Z I20260916 12:09:39.014524   143 consensus_control_block.h:289] consensus of epoch=6097 has reach, all vote yes.
2026-09-16T12:09:39.018020378Z I20260916 12:09:39.017923   147 transaction_manager_impl.cpp:120] Total, abort: 1 commit: 588
2026-09-16T12:09:39.018035614Z I20260916 12:09:39.017936   147 transaction_manager_impl.cpp:62] Finish with epoch id=6097
2026-09-16T12:09:39.022751333Z I20260916 12:09:39.022655    44 block_storage_to_file.cpp:46] block store in file successfully, epoch=6097
2026-09-16T12:09:39.061993923Z I20260916 12:09:39.061877   152 epoch_txn_queue_manager.h:17] All threads reached barrier, epoch: 6099, count: 4
2026-09-16T12:09:39.063953962Z I20260916 12:09:39.063864   143 consensus_control_block.h:289] consensus of epoch=6098 has reach, all vote yes.
2026-09-16T12:09:39.066022137Z I20260916 12:09:39.065929   147 transaction_manager_impl.cpp:120] Total, abort: 4 commit: 316
2026-09-16T12:09:39.066034487Z I20260916 12:09:39.065946   147 transaction_manager_impl.cpp:62] Finish with epoch id=6098
2026-09-16T12:09:39.068943008Z I20260916 12:09:39.068871    44 block_storage_to_file.cpp:46] block store in file successfully, epoch=6098
2026-09-16T12:09:39.115012089Z I20260916 12:09:39.114912   151 epoch_txn_queue_manager.h:17] All threads reached barrier, epoch: 6100, count: 4
2026-09-16T12:09:39.117664476Z I20260916 12:09:39.117545   143 consensus_control_block.h:289] consensus of epoch=6099 has reach, all vote yes.
2026-09-16T12:09:39.121236783Z I20260916 12:09:39.121101   147 transaction_manager_impl.cpp:120] Total, abort: 0 commit: 546
2026-09-16T12:09:39.121251089Z I20260916 12:09:39.121137   147 transaction_manager_impl.cpp:62] Finish with epoch id=6099
2026-09-16T12:09:39.125677721Z I20260916 12:09:39.125579    44 block_storage_to_file.cpp:46] block store in file successfully, epoch=6099
2026-09-16T12:09:39.178546100Z I20260916 12:09:39.178370   150 epoch_txn_queue_manager.h:17] All threads reached barrier, epoch: 6101, count: 4
2026-09-16T12:09:39.180262541Z I20260916 12:09:39.180092   143 consensus_control_block.h:289] consensus of epoch=6100 has reach, all vote yes.
2026-09-16T12:09:39.183987134Z I20260916 12:09:39.183877   147 transaction_manager_impl.cpp:120] Total, abort: 4 commit: 494
2026-09-16T12:09:39.184030517Z I20260916 12:09:39.183895   147 transaction_manager_impl.cpp:62] Finish with epoch id=6100
2026-09-16T12:09:39.188676704Z I20260916 12:09:39.188582    44 block_storage_to_file.cpp:46] block store in file successfully, epoch=6100
2026-09-16T12:09:39.248771427Z I20260916 12:09:39.248646   143 consensus_control_block.h:289] consensus of epoch=6101 has reach, all vote yes.
2026-09-16T12:09:39.303619741Z I20260916 12:09:39.303393   152 epoch_txn_queue_manager.h:17] All threads reached barrier, epoch: 6102, count: 4
2026-09-16T12:09:39.307996423Z I20260916 12:09:39.307914   147 transaction_manager_impl.cpp:120] Total, abort: 0 commit: 567
2026-09-16T12:09:39.308010487Z I20260916 12:09:39.307927   147 transaction_manager_impl.cpp:62] Finish with epoch id=6101
2026-09-16T12:09:39.313304157Z I20260916 12:09:39.313207    44 block_storage_to_file.cpp:46] block store in file successfully, epoch=6101
2026-09-16T12:09:39.367187360Z I20260916 12:09:39.367092   143 consensus_control_block.h:289] consensus of epoch=6102 has reach, all vote yes.
2026-09-16T12:09:39.367764062Z I20260916 12:09:39.367659   151 epoch_txn_queue_manager.h:17] All threads reached barrier, epoch: 6103, count: 4
2026-09-16T12:09:39.372624365Z I20260916 12:09:39.372536   147 transaction_manager_impl.cpp:120] Total, abort: 8 commit: 1116
2026-09-16T12:09:39.372719691Z I20260916 12:09:39.372582   147 transaction_manager_impl.cpp:62] Finish with epoch id=6102
2026-09-16T12:09:39.382431762Z I20260916 12:09:39.382294    44 block_storage_to_file.cpp:46] block store in file successfully, epoch=6102
2026-09-16T12:09:39.399571855Z I20260916 12:09:39.399483   143 consensus_control_block.h:289] consensus of epoch=6103 has reach, all vote yes.
2026-09-16T12:09:39.399746502Z I20260916 12:09:39.399679   150 epoch_txn_queue_manager.h:17] All threads reached barrier, epoch: 6104, count: 4
2026-09-16T12:09:39.403181764Z I20260916 12:09:39.403110   147 transaction_manager_impl.cpp:120] Total, abort: 0 commit: 588
2026-09-16T12:09:39.403185169Z I20260916 12:09:39.403122   147 transaction_manager_impl.cpp:62] Finish with epoch id=6103
2026-09-16T12:09:39.408055733Z I20260916 12:09:39.407984    44 block_storage_to_file.cpp:46] block store in file successfully, epoch=6103
2026-09-16T12:09:39.466433889Z I20260916 12:09:39.466320   143 consensus_control_block.h:289] consensus of epoch=6104 has reach, all vote yes.
2026-09-16T12:09:39.468631824Z I20260916 12:09:39.468514   151 epoch_txn_queue_manager.h:17] All threads reached barrier, epoch: 6105, count: 4
2026-09-16T12:09:39.471104627Z I20260916 12:09:39.471042   147 transaction_manager_impl.cpp:120] Total, abort: 5 commit: 291
2026-09-16T12:09:39.471111651Z I20260916 12:09:39.471060   147 transaction_manager_impl.cpp:62] Finish with epoch id=6104
2026-09-16T12:09:39.474231495Z I20260916 12:09:39.474092    44 block_storage_to_file.cpp:46] block store in file successfully, epoch=6104
2026-09-16T12:09:39.500550801Z I20260916 12:09:39.500461   150 epoch_txn_queue_manager.h:17] All threads reached barrier, epoch: 6106, count: 4
2026-09-16T12:09:39.508161495Z I20260916 12:09:39.508014   143 consensus_control_block.h:289] consensus of epoch=6105 has reach, all vote yes.
2026-09-16T12:09:39.512149814Z I20260916 12:09:39.512037   147 transaction_manager_impl.cpp:120] Total, abort: 0 commit: 613
2026-09-16T12:09:39.512163298Z I20260916 12:09:39.512049   147 transaction_manager_impl.cpp:62] Finish with epoch id=6105
2026-09-16T12:09:39.516891876Z I20260916 12:09:39.516817    44 block_storage_to_file.cpp:46] block store in file successfully, epoch=6105
2026-09-16T12:09:39.560952339Z I20260916 12:09:39.560830   150 epoch_txn_queue_manager.h:17] All threads reached barrier, epoch: 6107, count: 4
2026-09-16T12:09:39.565009660Z I20260916 12:09:39.564872   143 consensus_control_block.h:289] consensus of epoch=6106 has reach, all vote yes.
2026-09-16T12:09:39.567580820Z I20260916 12:09:39.567440   147 transaction_manager_impl.cpp:120] Total, abort: 4 commit: 295
2026-09-16T12:09:39.567596539Z I20260916 12:09:39.567453   147 transaction_manager_impl.cpp:62] Finish with epoch id=6106
2026-09-16T12:09:39.570085945Z I20260916 12:09:39.570005    44 block_storage_to_file.cpp:46] block store in file successfully, epoch=6106
2026-09-16T12:09:39.611260001Z I20260916 12:09:39.611116   143 consensus_control_block.h:289] consensus of epoch=6107 has reach, all vote yes.
2026-09-16T12:09:39.615766619Z I20260916 12:09:39.615669   152 epoch_txn_queue_manager.h:17] All threads reached barrier, epoch: 6108, count: 4
2026-09-16T12:09:39.621817665Z I20260916 12:09:39.619933   147 transaction_manager_impl.cpp:120] Total, abort: 0 commit: 543
2026-09-16T12:09:39.621833953Z I20260916 12:09:39.619949   147 transaction_manager_impl.cpp:62] Finish with epoch id=6107
2026-09-16T12:09:39.624530137Z I20260916 12:09:39.624413    44 block_storage_to_file.cpp:46] block store in file successfully, epoch=6107
2026-09-16T12:09:39.678400228Z I20260916 12:09:39.678239   143 consensus_control_block.h:289] consensus of epoch=6108 has reach, all vote yes.
2026-09-16T12:09:39.679959900Z I20260916 12:09:39.679880   151 epoch_txn_queue_manager.h:17] All threads reached barrier, epoch: 6109, count: 4
2026-09-16T12:09:39.682887892Z I20260916 12:09:39.682780   147 transaction_manager_impl.cpp:120] Total, abort: 4 commit: 478
2026-09-16T12:09:39.682902078Z I20260916 12:09:39.682798   147 transaction_manager_impl.cpp:62] Finish with epoch id=6108
2026-09-16T12:09:39.686999934Z I20260916 12:09:39.686913    44 block_storage_to_file.cpp:46] block store in file successfully, epoch=6108
2026-09-16T12:09:39.731878718Z I20260916 12:09:39.731803   143 consensus_control_block.h:289] consensus of epoch=6109 has reach, all vote yes.
2026-09-16T12:09:39.731933582Z I20260916 12:09:39.731863   150 epoch_txn_queue_manager.h:17] All threads reached barrier, epoch: 6110, count: 4
2026-09-16T12:09:39.737982136Z I20260916 12:09:39.737869   147 transaction_manager_impl.cpp:120] Total, abort: 0 commit: 585
2026-09-16T12:09:39.737997413Z I20260916 12:09:39.737905   147 transaction_manager_impl.cpp:62] Finish with epoch id=6109
2026-09-16T12:09:39.743021553Z I20260916 12:09:39.742928    44 block_storage_to_file.cpp:46] block store in file successfully, epoch=6109
2026-09-16T12:09:39.794332088Z I20260916 12:09:39.794231   143 consensus_control_block.h:289] consensus of epoch=6110 has reach, all vote yes.
2026-09-16T12:09:39.802452756Z I20260916 12:09:39.802330   150 epoch_txn_queue_manager.h:17] All threads reached barrier, epoch: 6111, count: 4
2026-09-16T12:09:39.805209616Z I20260916 12:09:39.805150   147 transaction_manager_impl.cpp:120] Total, abort: 4 commit: 478
2026-09-16T12:09:39.805216027Z I20260916 12:09:39.805166   147 transaction_manager_impl.cpp:62] Finish with epoch id=6110
2026-09-16T12:09:39.809594640Z I20260916 12:09:39.809465    44 block_storage_to_file.cpp:46] block store in file successfully, epoch=6110
2026-09-16T12:09:39.857286552Z I20260916 12:09:39.857175   152 epoch_txn_queue_manager.h:17] All threads reached barrier, epoch: 6112, count: 4
2026-09-16T12:09:39.859205079Z I20260916 12:09:39.859081   143 consensus_control_block.h:289] consensus of epoch=6111 has reach, all vote yes.
2026-09-16T12:09:39.863259436Z I20260916 12:09:39.863163   147 transaction_manager_impl.cpp:120] Total, abort: 4 commit: 635
2026-09-16T12:09:39.863275972Z I20260916 12:09:39.863201   147 transaction_manager_impl.cpp:62] Finish with epoch id=6111
2026-09-16T12:09:39.868430394Z I20260916 12:09:39.868345    44 block_storage_to_file.cpp:46] block store in file successfully, epoch=6111
2026-09-16T12:09:39.886994170Z [epoch] I20260916 12:09:39.886837     7 chain_client.cpp:83] Sending Request to epoch_server_group at qps=0 latency=0
2026-09-16T12:09:39.923312971Z I20260916 12:09:39.923233   150 epoch_txn_queue_manager.h:17] All threads reached barrier, epoch: 6113, count: 4
2026-09-16T12:09:39.924202424Z I20260916 12:09:39.924122   143 consensus_control_block.h:289] consensus of epoch=6112 has reach, all vote yes.
2026-09-16T12:09:39.929745462Z I20260916 12:09:39.926972   147 transaction_manager_impl.cpp:120] Total, abort: 0 commit: 477
2026-09-16T12:09:39.929762838Z I20260916 12:09:39.926991   147 transaction_manager_impl.cpp:62] Finish with epoch id=6112
2026-09-16T12:09:39.932032772Z I20260916 12:09:39.931931    44 block_storage_to_file.cpp:46] block store in file successfully, epoch=6112
2026-09-16T12:09:39.983650837Z I20260916 12:09:39.983534   143 consensus_control_block.h:289] consensus of epoch=6113 has reach, all vote yes.
2026-09-16T12:09:39.988323752Z I20260916 12:09:39.988255   152 epoch_txn_queue_manager.h:17] All threads reached barrier, epoch: 6114, count: 4
2026-09-16T12:09:39.993552339Z I20260916 12:09:39.993381   147 transaction_manager_impl.cpp:120] Total, abort: 4 commit: 611
2026-09-16T12:09:39.993565269Z I20260916 12:09:39.993489   147 transaction_manager_impl.cpp:62] Finish with epoch id=6113
2026-09-16T12:09:39.999467668Z I20260916 12:09:39.999383    44 block_storage_to_file.cpp:46] block store in file successfully, epoch=6113
2026-09-16T12:09:40.050993616Z I20260916 12:09:40.050894   143 consensus_control_block.h:289] consensus of epoch=6114 has reach, all vote yes.
2026-09-16T12:09:40.104600583Z I20260916 12:09:40.104483   150 epoch_txn_queue_manager.h:17] All threads reached barrier, epoch: 6115, count: 4
2026-09-16T12:09:40.109419518Z I20260916 12:09:40.109303   147 transaction_manager_impl.cpp:120] Total, abort: 2 commit: 568
2026-09-16T12:09:40.109432890Z I20260916 12:09:40.109320   147 transaction_manager_impl.cpp:62] Finish with epoch id=6114
2026-09-16T12:09:40.114778170Z I20260916 12:09:40.114723    44 block_storage_to_file.cpp:46] block store in file successfully, epoch=6114
2026-09-16T12:09:40.169416005Z I20260916 12:09:40.169338   152 epoch_txn_queue_manager.h:17] All threads reached barrier, epoch: 6116, count: 4
2026-09-16T12:09:40.172654322Z I20260916 12:09:40.172500   143 consensus_control_block.h:289] consensus of epoch=6115 has reach, all vote yes.
2026-09-16T12:09:40.179809768Z I20260916 12:09:40.179695   147 transaction_manager_impl.cpp:120] Total, abort: 7 commit: 1063
2026-09-16T12:09:40.179825663Z I20260916 12:09:40.179731   147 transaction_manager_impl.cpp:62] Finish with epoch id=6115
2026-09-16T12:09:40.188416526Z I20260916 12:09:40.188320    44 block_storage_to_file.cpp:46] block store in file successfully, epoch=6115
2026-09-16T12:09:40.205252963Z I20260916 12:09:40.205178   150 epoch_txn_queue_manager.h:17] All threads reached barrier, epoch: 6117, count: 4
2026-09-16T12:09:40.213354767Z I20260916 12:09:40.213198   143 consensus_control_block.h:289] consensus of epoch=6116 has reach, all vote yes.
2026-09-16T12:09:40.216613286Z I20260916 12:09:40.216534   147 transaction_manager_impl.cpp:120] Total, abort: 2 commit: 568
2026-09-16T12:09:40.216632442Z I20260916 12:09:40.216547   147 transaction_manager_impl.cpp:62] Finish with epoch id=6116
2026-09-16T12:09:40.221241366Z I20260916 12:09:40.221117    44 block_storage_to_file.cpp:46] block store in file successfully, epoch=6116
2026-09-16T12:09:40.265790122Z I20260916 12:09:40.265642   150 epoch_txn_queue_manager.h:17] All threads reached barrier, epoch: 6118, count: 4
2026-09-16T12:09:40.268040298Z I20260916 12:09:40.267932   143 consensus_control_block.h:289] consensus of epoch=6117 has reach, all vote yes.
2026-09-16T12:09:40.270190897Z I20260916 12:09:40.270092   147 transaction_manager_impl.cpp:120] Total, abort: 4 commit: 337
2026-09-16T12:09:40.270217581Z I20260916 12:09:40.270104   147 transaction_manager_impl.cpp:62] Finish with epoch id=6117
2026-09-16T12:09:40.273287302Z I20260916 12:09:40.273180    44 block_storage_to_file.cpp:46] block store in file successfully, epoch=6117
2026-09-16T12:09:40.306171577Z I20260916 12:09:40.306104   150 epoch_txn_queue_manager.h:17] All threads reached barrier, epoch: 6119, count: 4
2026-09-16T12:09:40.307794716Z I20260916 12:09:40.307649   143 consensus_control_block.h:289] consensus of epoch=6118 has reach, all vote yes.
2026-09-16T12:09:40.311666375Z I20260916 12:09:40.311550   147 transaction_manager_impl.cpp:120] Total, abort: 0 commit: 546
2026-09-16T12:09:40.311684605Z I20260916 12:09:40.311563   147 transaction_manager_impl.cpp:62] Finish with epoch id=6118
2026-09-16T12:09:40.316108097Z I20260916 12:09:40.316032    44 block_storage_to_file.cpp:46] block store in file successfully, epoch=6118
2026-09-16T12:09:40.360955191Z I20260916 12:09:40.360809   152 epoch_txn_queue_manager.h:17] All threads reached barrier, epoch: 6120, count: 4
2026-09-16T12:09:40.362959073Z I20260916 12:09:40.362848   143 consensus_control_block.h:289] consensus of epoch=6119 has reach, all vote yes.
2026-09-16T12:09:40.365760807Z I20260916 12:09:40.365671   147 transaction_manager_impl.cpp:120] Total, abort: 4 commit: 361
2026-09-16T12:09:40.365772982Z I20260916 12:09:40.365687   147 transaction_manager_impl.cpp:62] Finish with epoch id=6119
2026-09-16T12:09:40.368978584Z I20260916 12:09:40.368882    44 block_storage_to_file.cpp:46] block store in file successfully, epoch=6119
2026-09-16T12:09:40.418081427Z I20260916 12:09:40.417975   143 consensus_control_block.h:289] consensus of epoch=6120 has reach, all vote yes.
2026-09-16T12:09:40.421277177Z I20260916 12:09:40.421164   152 epoch_txn_queue_manager.h:17] All threads reached barrier, epoch: 6121, count: 4
2026-09-16T12:09:40.425044086Z I20260916 12:09:40.424870   147 transaction_manager_impl.cpp:120] Total, abort: 0 commit: 477
2026-09-16T12:09:40.425055968Z I20260916 12:09:40.424888   147 transaction_manager_impl.cpp:62] Finish with epoch id=6120
2026-09-16T12:09:40.429465327Z I20260916 12:09:40.429370    44 block_storage_to_file.cpp:46] block store in file successfully, epoch=6120
2026-09-16T12:09:40.496749018Z I20260916 12:09:40.496639   143 consensus_control_block.h:289] consensus of epoch=6121 has reach, all vote yes.
2026-09-16T12:09:40.506515355Z I20260916 12:09:40.506397   151 epoch_txn_queue_manager.h:17] All threads reached barrier, epoch: 6122, count: 4
2026-09-16T12:09:40.510666909Z I20260916 12:09:40.510538   147 transaction_manager_impl.cpp:120] Total, abort: 4 commit: 543
2026-09-16T12:09:40.510680319Z I20260916 12:09:40.510618   147 transaction_manager_impl.cpp:62] Finish with epoch id=6121
2026-09-16T12:09:40.515409604Z I20260916 12:09:40.515313    44 block_storage_to_file.cpp:46] block store in file successfully, epoch=6121
2026-09-16T12:09:40.578514886Z I20260916 12:09:40.578305   150 epoch_txn_queue_manager.h:17] All threads reached barrier, epoch: 6123, count: 4
2026-09-16T12:09:40.581148406Z I20260916 12:09:40.581075   143 consensus_control_block.h:289] consensus of epoch=6122 has reach, all vote yes.
2026-09-16T12:09:40.586770944Z I20260916 12:09:40.586661   147 transaction_manager_impl.cpp:120] Total, abort: 4 commit: 775
2026-09-16T12:09:40.586821750Z I20260916 12:09:40.586740   147 transaction_manager_impl.cpp:62] Finish with epoch id=6122
2026-09-16T12:09:40.593478867Z I20260916 12:09:40.593400    44 block_storage_to_file.cpp:46] block store in file successfully, epoch=6122
2026-09-16T12:09:40.607225495Z I20260916 12:09:40.607095   151 epoch_txn_queue_manager.h:17] All threads reached barrier, epoch: 6124, count: 4
2026-09-16T12:09:40.609323230Z I20260916 12:09:40.609227   143 consensus_control_block.h:289] consensus of epoch=6123 has reach, all vote yes.
2026-09-16T12:09:40.614149251Z I20260916 12:09:40.614044   147 transaction_manager_impl.cpp:120] Total, abort: 0 commit: 653
2026-09-16T12:09:40.614161413Z I20260916 12:09:40.614058   147 transaction_manager_impl.cpp:62] Finish with epoch id=6123
2026-09-16T12:09:40.619543306Z I20260916 12:09:40.619442    44 block_storage_to_file.cpp:46] block store in file successfully, epoch=6123
2026-09-16T12:09:40.658787291Z I20260916 12:09:40.658708   150 epoch_txn_queue_manager.h:17] All threads reached barrier, epoch: 6125, count: 4
2026-09-16T12:09:40.660778260Z I20260916 12:09:40.660676   143 consensus_control_block.h:289] consensus of epoch=6124 has reach, all vote yes.
2026-09-16T12:09:40.662670961Z I20260916 12:09:40.662575   147 transaction_manager_impl.cpp:120] Total, abort: 4 commit: 251
2026-09-16T12:09:40.662680081Z I20260916 12:09:40.662593   147 transaction_manager_impl.cpp:62] Finish with epoch id=6124
2026-09-16T12:09:40.665181436Z I20260916 12:09:40.665064    44 block_storage_to_file.cpp:46] block store in file successfully, epoch=6124
2026-09-16T12:09:40.719228829Z I20260916 12:09:40.719122   150 epoch_txn_queue_manager.h:17] All threads reached barrier, epoch: 6126, count: 4
2026-09-16T12:09:40.720142546Z I20260916 12:09:40.720067   143 consensus_control_block.h:289] consensus of epoch=6125 has reach, all vote yes.
2026-09-16T12:09:40.722778890Z I20260916 12:09:40.722693   147 transaction_manager_impl.cpp:120] Total, abort: 0 commit: 472
2026-09-16T12:09:40.722790416Z I20260916 12:09:40.722712   147 transaction_manager_impl.cpp:62] Finish with epoch id=6125
2026-09-16T12:09:40.727005932Z I20260916 12:09:40.726897    44 block_storage_to_file.cpp:46] block store in file successfully, epoch=6125
2026-09-16T12:09:40.797275075Z I20260916 12:09:40.797152   143 consensus_control_block.h:289] consensus of epoch=6126 has reach, all vote yes.
2026-09-16T12:09:40.807357597Z I20260916 12:09:40.807253   149 epoch_txn_queue_manager.h:17] All threads reached barrier, epoch: 6127, count: 4
2026-09-16T12:09:40.811375928Z I20260916 12:09:40.811275   147 transaction_manager_impl.cpp:120] Total, abort: 4 commit: 547
2026-09-16T12:09:40.811390269Z I20260916 12:09:40.811302   147 transaction_manager_impl.cpp:62] Finish with epoch id=6126
2026-09-16T12:09:40.816105642Z I20260916 12:09:40.815973    44 block_storage_to_file.cpp:46] block store in file successfully, epoch=6126
2026-09-16T12:09:40.867525484Z I20260916 12:09:40.867410   143 consensus_control_block.h:289] consensus of epoch=6127 has reach, all vote yes.
2026-09-16T12:09:40.867629022Z I20260916 12:09:40.867578   149 epoch_txn_queue_manager.h:17] All threads reached barrier, epoch: 6128, count: 4
2026-09-16T12:09:40.872009034Z I20260916 12:09:40.871944   147 transaction_manager_impl.cpp:120] Total, abort: 4 commit: 771
2026-09-16T12:09:40.872019885Z I20260916 12:09:40.871956   147 transaction_manager_impl.cpp:62] Finish with epoch id=6127
2026-09-16T12:09:40.879532837Z I20260916 12:09:40.879307    44 block_storage_to_file.cpp:46] block store in file successfully, epoch=6127
2026-09-16T12:09:40.887054019Z [epoch] I20260916 12:09:40.886934     7 chain_client.cpp:83] Sending Request to epoch_server_group at qps=0 latency=0
2026-09-16T12:09:40.904663602Z I20260916 12:09:40.904518   152 epoch_txn_queue_manager.h:17] All threads reached barrier, epoch: 6129, count: 4
2026-09-16T12:09:40.905996337Z I20260916 12:09:40.905912   143 consensus_control_block.h:289] consensus of epoch=6128 has reach, all vote yes.
2026-09-16T12:09:40.908740397Z I20260916 12:09:40.908648   147 transaction_manager_impl.cpp:120] Total, abort: 0 commit: 543
2026-09-16T12:09:40.908747982Z I20260916 12:09:40.908667   147 transaction_manager_impl.cpp:62] Finish with epoch id=6128
2026-09-16T12:09:40.913795035Z I20260916 12:09:40.913704    44 block_storage_to_file.cpp:46] block store in file successfully, epoch=6128
2026-09-16T12:09:40.956517221Z I20260916 12:09:40.956406   143 consensus_control_block.h:289] consensus of epoch=6129 has reach, all vote yes.
2026-09-16T12:09:40.959532157Z I20260916 12:09:40.959465   151 epoch_txn_queue_manager.h:17] All threads reached barrier, epoch: 6130, count: 4
2026-09-16T12:09:40.962336348Z I20260916 12:09:40.962160   147 transaction_manager_impl.cpp:120] Total, abort: 5 commit: 340
2026-09-16T12:09:40.962355726Z I20260916 12:09:40.962177   147 transaction_manager_impl.cpp:62] Finish with epoch id=6129
2026-09-16T12:09:40.965104992Z I20260916 12:09:40.965015    44 block_storage_to_file.cpp:46] block store in file successfully, epoch=6129
2026-09-16T12:09:41.011291410Z I20260916 12:09:41.011194   150 epoch_txn_queue_manager.h:17] All threads reached barrier, epoch: 6131, count: 4
2026-09-16T12:09:41.012184329Z I20260916 12:09:41.012120   143 consensus_control_block.h:289] consensus of epoch=6130 has reach, all vote yes.
2026-09-16T12:09:41.015121909Z I20260916 12:09:41.015033   147 transaction_manager_impl.cpp:120] Total, abort: 0 commit: 499
2026-09-16T12:09:41.015137662Z I20260916 12:09:41.015045   147 transaction_manager_impl.cpp:62] Finish with epoch id=6130
2026-09-16T12:09:41.019242556Z I20260916 12:09:41.019168    44 block_storage_to_file.cpp:46] block store in file successfully, epoch=6130
2026-09-16T12:09:41.075808482Z I20260916 12:09:41.075472   152 epoch_txn_queue_manager.h:17] All threads reached barrier, epoch: 6132, count: 4
2026-09-16T12:09:41.077333506Z I20260916 12:09:41.077250   143 consensus_control_block.h:289] consensus of epoch=6131 has reach, all vote yes.
2026-09-16T12:09:41.081338226Z I20260916 12:09:41.081162   147 transaction_manager_impl.cpp:120] Total, abort: 4 commit: 474
2026-09-16T12:09:41.081359961Z I20260916 12:09:41.081187   147 transaction_manager_impl.cpp:62] Finish with epoch id=6131
2026-09-16T12:09:41.086443595Z I20260916 12:09:41.086339    44 block_storage_to_file.cpp:46] block store in file successfully, epoch=6131
2026-09-16T12:09:41.142012442Z I20260916 12:09:41.141911   150 epoch_txn_queue_manager.h:17] All threads reached barrier, epoch: 6133, count: 4
2026-09-16T12:09:41.144273993Z I20260916 12:09:41.144126   143 consensus_control_block.h:289] consensus of epoch=6132 has reach, all vote yes.
2026-09-16T12:09:41.148393264Z I20260916 12:09:41.148272   147 transaction_manager_impl.cpp:120] Total, abort: 0 commit: 567
2026-09-16T12:09:41.148416977Z I20260916 12:09:41.148296   147 transaction_manager_impl.cpp:62] Finish with epoch id=6132
2026-09-16T12:09:41.153219049Z I20260916 12:09:41.153131    44 block_storage_to_file.cpp:46] block store in file successfully, epoch=6132
2026-09-16T12:09:41.198089638Z I20260916 12:09:41.197965   143 consensus_control_block.h:289] consensus of epoch=6133 has reach, all vote yes.
2026-09-16T12:09:41.201266360Z I20260916 12:09:41.201154   151 epoch_txn_queue_manager.h:17] All threads reached barrier, epoch: 6134, count: 4
2026-09-16T12:09:41.205048399Z I20260916 12:09:41.204964   147 transaction_manager_impl.cpp:120] Total, abort: 4 commit: 613
2026-09-16T12:09:41.205061980Z I20260916 12:09:41.204980   147 transaction_manager_impl.cpp:62] Finish with epoch id=6133
2026-09-16T12:09:41.210096006Z I20260916 12:09:41.210031    44 block_storage_to_file.cpp:46] block store in file successfully, epoch=6133
2026-09-16T12:09:41.254283436Z I20260916 12:09:41.254175   143 consensus_control_block.h:289] consensus of epoch=6134 has reach, all vote yes.
2026-09-16T12:09:41.266836644Z I20260916 12:09:41.266712   152 epoch_txn_queue_manager.h:17] All threads reached barrier, epoch: 6135, count: 4
2026-09-16T12:09:41.270952443Z I20260916 12:09:41.270798   147 transaction_manager_impl.cpp:120] Total, abort: 4 commit: 519
2026-09-16T12:09:41.270967647Z I20260916 12:09:41.270838   147 transaction_manager_impl.cpp:62] Finish with epoch id=6134
2026-09-16T12:09:41.276404659Z I20260916 12:09:41.276311    44 block_storage_to_file.cpp:46] block store in file successfully, epoch=6134
2026-09-16T12:09:41.354559201Z I20260916 12:09:41.354444   143 consensus_control_block.h:289] consensus of epoch=6135 has reach, all vote yes.
2026-09-16T12:09:41.387878635Z I20260916 12:09:41.387769   152 epoch_txn_queue_manager.h:17] All threads reached barrier, epoch: 6136, count: 4
2026-09-16T12:09:41.392185965Z I20260916 12:09:41.392056   147 transaction_manager_impl.cpp:120] Total, abort: 1 commit: 590
2026-09-16T12:09:41.392235829Z I20260916 12:09:41.392076   147 transaction_manager_impl.cpp:62] Finish with epoch id=6135
2026-09-16T12:09:41.397820146Z I20260916 12:09:41.397689    44 block_storage_to_file.cpp:46] block store in file successfully, epoch=6135
2026-09-16T12:09:41.407573643Z I20260916 12:09:41.407482   143 consensus_control_block.h:289] consensus of epoch=6136 has reach, all vote yes.
2026-09-16T12:09:41.407814082Z I20260916 12:09:41.407763   152 epoch_txn_queue_manager.h:17] All threads reached barrier, epoch: 6137, count: 4
2026-09-16T12:09:41.414342719Z I20260916 12:09:41.414250   147 transaction_manager_impl.cpp:120] Total, abort: 8 commit: 1093
2026-09-16T12:09:41.414357194Z I20260916 12:09:41.414264   147 transaction_manager_impl.cpp:62] Finish with epoch id=6136
2026-09-16T12:09:41.423448519Z I20260916 12:09:41.423347    44 block_storage_to_file.cpp:46] block store in file successfully, epoch=6136
2026-09-16T12:09:41.476340002Z I20260916 12:09:41.476256   151 epoch_txn_queue_manager.h:17] All threads reached barrier, epoch: 6138, count: 4
2026-09-16T12:09:41.476672605Z I20260916 12:09:41.476591   143 consensus_control_block.h:289] consensus of epoch=6137 has reach, all vote yes.
2026-09-16T12:09:41.477922887Z I20260916 12:09:41.477819   147 transaction_manager_impl.cpp:120] Total, abort: 2 commit: 170
2026-09-16T12:09:41.477937558Z I20260916 12:09:41.477834   147 transaction_manager_impl.cpp:62] Finish with epoch id=6137
2026-09-16T12:09:41.480356070Z I20260916 12:09:41.480271    44 block_storage_to_file.cpp:46] block store in file successfully, epoch=6137
2026-09-16T12:09:41.555266503Z I20260916 12:09:41.555159   143 consensus_control_block.h:289] consensus of epoch=6138 has reach, all vote yes.
2026-09-16T12:09:41.562499184Z I20260916 12:09:41.562309   149 epoch_txn_queue_manager.h:17] All threads reached barrier, epoch: 6139, count: 4
2026-09-16T12:09:41.566925319Z I20260916 12:09:41.566840   147 transaction_manager_impl.cpp:120] Total, abort: 0 commit: 620
2026-09-16T12:09:41.566936824Z I20260916 12:09:41.566854   147 transaction_manager_impl.cpp:62] Finish with epoch id=6138
2026-09-16T12:09:41.572052466Z I20260916 12:09:41.571969    44 block_storage_to_file.cpp:46] block store in file successfully, epoch=6138
2026-09-16T12:09:41.655488752Z I20260916 12:09:41.655423   143 consensus_control_block.h:289] consensus of epoch=6139 has reach, all vote yes.
2026-09-16T12:09:41.685932860Z I20260916 12:09:41.685827   150 epoch_txn_queue_manager.h:17] All threads reached barrier, epoch: 6140, count: 4
2026-09-16T12:09:41.692273279Z I20260916 12:09:41.692143   147 transaction_manager_impl.cpp:120] Total, abort: 4 commit: 772
2026-09-16T12:09:41.692287831Z I20260916 12:09:41.692174   147 transaction_manager_impl.cpp:62] Finish with epoch id=6139
2026-09-16T12:09:41.699198136Z I20260916 12:09:41.699087    44 block_storage_to_file.cpp:46] block store in file successfully, epoch=6139
2026-09-16T12:09:41.709528030Z I20260916 12:09:41.709435   143 consensus_control_block.h:289] consensus of epoch=6140 has reach, all vote yes.
2026-09-16T12:09:41.710042509Z I20260916 12:09:41.709923   152 epoch_txn_queue_manager.h:17] All threads reached barrier, epoch: 6141, count: 4
2026-09-16T12:09:41.717814042Z I20260916 12:09:41.716998   147 transaction_manager_impl.cpp:120] Total, abort: 5 commit: 1109
2026-09-16T12:09:41.717828482Z I20260916 12:09:41.717016   147 transaction_manager_impl.cpp:62] Finish with epoch id=6140
2026-09-16T12:09:41.727477269Z I20260916 12:09:41.727274    44 block_storage_to_file.cpp:46] block store in file successfully, epoch=6140
2026-09-16T12:09:41.770352922Z I20260916 12:09:41.770248   152 epoch_txn_queue_manager.h:17] All threads reached barrier, epoch: 6142, count: 4
2026-09-16T12:09:41.775620101Z I20260916 12:09:41.775517   143 consensus_control_block.h:289] consensus of epoch=6141 has reach, all vote yes.
2026-09-16T12:09:41.777005652Z I20260916 12:09:41.776921   147 transaction_manager_impl.cpp:120] Total, abort: 3 commit: 226
2026-09-16T12:09:41.777013617Z I20260916 12:09:41.776938   147 transaction_manager_impl.cpp:62] Finish with epoch id=6141
2026-09-16T12:09:41.779102706Z I20260916 12:09:41.778993    44 block_storage_to_file.cpp:46] block store in file successfully, epoch=6141
2026-09-16T12:09:41.808707761Z I20260916 12:09:41.808591   151 epoch_txn_queue_manager.h:17] All threads reached barrier, epoch: 6143, count: 4
2026-09-16T12:09:41.811187455Z I20260916 12:09:41.811065   143 consensus_control_block.h:289] consensus of epoch=6142 has reach, all vote yes.
2026-09-16T12:09:41.813977147Z I20260916 12:09:41.813892   147 transaction_manager_impl.cpp:120] Total, abort: 1 commit: 547
2026-09-16T12:09:41.813987725Z I20260916 12:09:41.813910   147 transaction_manager_impl.cpp:62] Finish with epoch id=6142
2026-09-16T12:09:41.818714795Z I20260916 12:09:41.818616    44 block_storage_to_file.cpp:46] block store in file successfully, epoch=6142
2026-09-16T12:09:41.861177622Z I20260916 12:09:41.861078   152 epoch_txn_queue_manager.h:17] All threads reached barrier, epoch: 6144, count: 4
2026-09-16T12:09:41.863610563Z I20260916 12:09:41.863516   143 consensus_control_block.h:289] consensus of epoch=6143 has reach, all vote yes.
2026-09-16T12:09:41.866202201Z I20260916 12:09:41.866133   147 transaction_manager_impl.cpp:120] Total, abort: 4 commit: 335
2026-09-16T12:09:41.866210115Z I20260916 12:09:41.866149   147 transaction_manager_impl.cpp:62] Finish with epoch id=6143
2026-09-16T12:09:41.869121002Z I20260916 12:09:41.869009    44 block_storage_to_file.cpp:46] block store in file successfully, epoch=6143
2026-09-16T12:09:41.887157587Z [epoch] I20260916 12:09:41.887023     7 chain_client.cpp:83] Sending Request to epoch_server_group at qps=0 latency=0
2026-09-16T12:09:41.921277606Z I20260916 12:09:41.921159   143 consensus_control_block.h:289] consensus of epoch=6144 has reach, all vote yes.
2026-09-16T12:09:41.925083358Z I20260916 12:09:41.924974   149 epoch_txn_queue_manager.h:17] All threads reached barrier, epoch: 6145, count: 4
2026-09-16T12:09:41.929506540Z I20260916 12:09:41.929360   147 transaction_manager_impl.cpp:120] Total, abort: 0 commit: 480
2026-09-16T12:09:41.929518748Z I20260916 12:09:41.929389   147 transaction_manager_impl.cpp:62] Finish with epoch id=6144
2026-09-16T12:09:41.934453048Z I20260916 12:09:41.934327    44 block_storage_to_file.cpp:46] block store in file successfully, epoch=6144
2026-09-16T12:09:41.974398929Z I20260916 12:09:41.974279   143 consensus_control_block.h:289] consensus of epoch=6145 has reach, all vote yes.
2026-09-16T12:09:41.978049706Z I20260916 12:09:41.977977   150 epoch_txn_queue_manager.h:17] All threads reached barrier, epoch: 6146, count: 4
2026-09-16T12:09:41.981980170Z I20260916 12:09:41.981887   147 transaction_manager_impl.cpp:120] Total, abort: 4 commit: 565
2026-09-16T12:09:41.981990558Z I20260916 12:09:41.981905   147 transaction_manager_impl.cpp:62] Finish with epoch id=6145
2026-09-16T12:09:41.986893837Z I20260916 12:09:41.986768    44 block_storage_to_file.cpp:46] block store in file successfully, epoch=6145
2026-09-16T12:09:42.056628813Z I20260916 12:09:42.056486   143 consensus_control_block.h:289] consensus of epoch=6146 has reach, all vote yes.
2026-09-16T12:09:42.110971498Z I20260916 12:09:42.110852   151 epoch_txn_queue_manager.h:17] All threads reached barrier, epoch: 6147, count: 4
2026-09-16T12:09:42.115580314Z I20260916 12:09:42.115505   147 transaction_manager_impl.cpp:120] Total, abort: 0 commit: 475
2026-09-16T12:09:42.115593139Z I20260916 12:09:42.115518   147 transaction_manager_impl.cpp:62] Finish with epoch id=6146
2026-09-16T12:09:42.119835707Z I20260916 12:09:42.119740    44 block_storage_to_file.cpp:46] block store in file successfully, epoch=6146
2026-09-16T12:09:42.170851304Z I20260916 12:09:42.170749   143 consensus_control_block.h:289] consensus of epoch=6147 has reach, all vote yes.
2026-09-16T12:09:42.171182720Z I20260916 12:09:42.171108   151 epoch_txn_queue_manager.h:17] All threads reached barrier, epoch: 6148, count: 4
2026-09-16T12:09:42.177452147Z I20260916 12:09:42.177302   147 transaction_manager_impl.cpp:120] Total, abort: 9 commit: 1200
2026-09-16T12:09:42.177476135Z I20260916 12:09:42.177340   147 transaction_manager_impl.cpp:62] Finish with epoch id=6147
2026-09-16T12:09:42.187439335Z I20260916 12:09:42.187312    44 block_storage_to_file.cpp:46] block store in file successfully, epoch=6147
2026-09-16T12:09:42.211626347Z I20260916 12:09:42.211504   151 epoch_txn_queue_manager.h:17] All threads reached barrier, epoch: 6149, count: 4
2026-09-16T12:09:42.213777513Z I20260916 12:09:42.213636   143 consensus_control_block.h:289] consensus of epoch=6148 has reach, all vote yes.
2026-09-16T12:09:42.216613497Z I20260916 12:09:42.216531   147 transaction_manager_impl.cpp:120] Total, abort: 0 commit: 544
2026-09-16T12:09:42.216620418Z I20260916 12:09:42.216550   147 transaction_manager_impl.cpp:62] Finish with epoch id=6148
2026-09-16T12:09:42.221588051Z I20260916 12:09:42.221474    44 block_storage_to_file.cpp:46] block store in file successfully, epoch=6148
2026-09-16T12:09:42.275967598Z I20260916 12:09:42.275893   143 consensus_control_block.h:289] consensus of epoch=6149 has reach, all vote yes.
2026-09-16T12:09:42.277618523Z I20260916 12:09:42.277530   149 epoch_txn_queue_manager.h:17] All threads reached barrier, epoch: 6150, count: 4
2026-09-16T12:09:42.280166315Z I20260916 12:09:42.280042   147 transaction_manager_impl.cpp:120] Total, abort: 5 commit: 365
2026-09-16T12:09:42.280177124Z I20260916 12:09:42.280053   147 transaction_manager_impl.cpp:62] Finish with epoch id=6149
2026-09-16T12:09:42.283443129Z I20260916 12:09:42.283360    44 block_storage_to_file.cpp:46] block store in file successfully, epoch=6149
2026-09-16T12:09:42.310306524Z I20260916 12:09:42.310178   150 epoch_txn_queue_manager.h:17] All threads reached barrier, epoch: 6151, count: 4
2026-09-16T12:09:42.320227978Z I20260916 12:09:42.320139   143 consensus_control_block.h:289] consensus of epoch=6150 has reach, all vote yes.
2026-09-16T12:09:42.324235747Z I20260916 12:09:42.324124   147 transaction_manager_impl.cpp:120] Total, abort: 0 commit: 587
2026-09-16T12:09:42.324248797Z I20260916 12:09:42.324136   147 transaction_manager_impl.cpp:62] Finish with epoch id=6150
2026-09-16T12:09:42.328827089Z I20260916 12:09:42.328673    44 block_storage_to_file.cpp:46] block store in file successfully, epoch=6150
2026-09-16T12:09:42.381330347Z I20260916 12:09:42.380723   150 epoch_txn_queue_manager.h:17] All threads reached barrier, epoch: 6152, count: 4
2026-09-16T12:09:42.383185535Z I20260916 12:09:42.383064   143 consensus_control_block.h:289] consensus of epoch=6151 has reach, all vote yes.
2026-09-16T12:09:42.385091494Z I20260916 12:09:42.385020   147 transaction_manager_impl.cpp:120] Total, abort: 4 commit: 294
2026-09-16T12:09:42.385099473Z I20260916 12:09:42.385032   147 transaction_manager_impl.cpp:62] Finish with epoch id=6151
2026-09-16T12:09:42.388212457Z I20260916 12:09:42.388126    44 block_storage_to_file.cpp:46] block store in file successfully, epoch=6151
2026-09-16T12:09:42.410897108Z I20260916 12:09:42.410795   150 epoch_txn_queue_manager.h:17] All threads reached barrier, epoch: 6153, count: 4
2026-09-16T12:09:42.412794901Z I20260916 12:09:42.412686   143 consensus_control_block.h:289] consensus of epoch=6152 has reach, all vote yes.
2026-09-16T12:09:42.416717073Z I20260916 12:09:42.416625   147 transaction_manager_impl.cpp:120] Total, abort: 2 commit: 634
2026-09-16T12:09:42.416733514Z I20260916 12:09:42.416643   147 transaction_manager_impl.cpp:62] Finish with epoch id=6152
2026-09-16T12:09:42.421793476Z I20260916 12:09:42.421715    44 block_storage_to_file.cpp:46] block store in file successfully, epoch=6152
2026-09-16T12:09:42.475607039Z I20260916 12:09:42.475478   152 epoch_txn_queue_manager.h:17] All threads reached barrier, epoch: 6154, count: 4
2026-09-16T12:09:42.477262770Z I20260916 12:09:42.477193   143 consensus_control_block.h:289] consensus of epoch=6153 has reach, all vote yes.
2026-09-16T12:09:42.479736118Z I20260916 12:09:42.479676   147 transaction_manager_impl.cpp:120] Total, abort: 4 commit: 270
2026-09-16T12:09:42.479740182Z I20260916 12:09:42.479688   147 transaction_manager_impl.cpp:62] Finish with epoch id=6153
2026-09-16T12:09:42.482499256Z I20260916 12:09:42.482399    44 block_storage_to_file.cpp:46] block store in file successfully, epoch=6153
2026-09-16T12:09:42.506097445Z I20260916 12:09:42.505986   143 consensus_control_block.h:289] consensus of epoch=6154 has reach, all vote yes.
2026-09-16T12:09:42.511864613Z I20260916 12:09:42.511749   150 epoch_txn_queue_manager.h:17] All threads reached barrier, epoch: 6155, count: 4
2026-09-16T12:09:42.517999890Z I20260916 12:09:42.517876   147 transaction_manager_impl.cpp:120] Total, abort: 0 commit: 591
2026-09-16T12:09:42.518016873Z I20260916 12:09:42.517901   147 transaction_manager_impl.cpp:62] Finish with epoch id=6154
2026-09-16T12:09:42.522929633Z I20260916 12:09:42.522854    44 block_storage_to_file.cpp:46] block store in file successfully, epoch=6154
2026-09-16T12:09:42.576411601Z I20260916 12:09:42.576268   152 epoch_txn_queue_manager.h:17] All threads reached barrier, epoch: 6156, count: 4
2026-09-16T12:09:42.578825412Z I20260916 12:09:42.578715   143 consensus_control_block.h:289] consensus of epoch=6155 has reach, all vote yes.
2026-09-16T12:09:42.581540586Z I20260916 12:09:42.581437   147 transaction_manager_impl.cpp:120] Total, abort: 4 commit: 319
2026-09-16T12:09:42.581550712Z I20260916 12:09:42.581457   147 transaction_manager_impl.cpp:62] Finish with epoch id=6155
2026-09-16T12:09:42.584440642Z I20260916 12:09:42.584299    44 block_storage_to_file.cpp:46] block store in file successfully, epoch=6155
2026-09-16T12:09:42.658418545Z I20260916 12:09:42.658306   143 consensus_control_block.h:289] consensus of epoch=6156 has reach, all vote yes.
2026-09-16T12:09:42.711380526Z I20260916 12:09:42.711248   149 epoch_txn_queue_manager.h:17] All threads reached barrier, epoch: 6157, count: 4
2026-09-16T12:09:42.713389501Z I20260916 12:09:42.713261   150 epoch_txn_queue_manager.h:17] All threads reached barrier, epoch: 6158, count: 4
2026-09-16T12:09:42.718328702Z I20260916 12:09:42.717334   147 transaction_manager_impl.cpp:120] Total, abort: 1 commit: 586
2026-09-16T12:09:42.718347080Z I20260916 12:09:42.717355   147 transaction_manager_impl.cpp:62] Finish with epoch id=6156
2026-09-16T12:09:42.722759606Z I20260916 12:09:42.722626    44 block_storage_to_file.cpp:46] block store in file successfully, epoch=6156
2026-09-16T12:09:42.803245390Z I20260916 12:09:42.802862   143 consensus_control_block.h:289] consensus of epoch=6158 has reach, all vote yes.
2026-09-16T12:09:42.803259926Z I20260916 12:09:42.802978   143 consensus_control_block.h:289] consensus of epoch=6157 has reach, all vote yes.
2026-09-16T12:09:42.815188354Z I20260916 12:09:42.815076   152 epoch_txn_queue_manager.h:17] All threads reached barrier, epoch: 6159, count: 4
2026-09-16T12:09:42.835065283Z I20260916 12:09:42.834465   147 transaction_manager_impl.cpp:120] Total, abort: 8 commit: 1203
2026-09-16T12:09:42.841843175Z I20260916 12:09:42.836297   147 transaction_manager_impl.cpp:62] Finish with epoch id=6157
2026-09-16T12:09:42.853473834Z I20260916 12:09:42.853379   147 transaction_manager_impl.cpp:120] Total, abort: 0 commit: 23
2026-09-16T12:09:42.853488152Z I20260916 12:09:42.853399   147 transaction_manager_impl.cpp:62] Finish with epoch id=6158
2026-09-16T12:09:42.862927436Z I20260916 12:09:42.862749    44 block_storage_to_file.cpp:46] block store in file successfully, epoch=6157
2026-09-16T12:09:42.863633436Z I20260916 12:09:42.863555    44 block_storage_to_file.cpp:46] block store in file successfully, epoch=6158
2026-09-16T12:09:42.874125496Z I20260916 12:09:42.874037   151 epoch_txn_queue_manager.h:17] All threads reached barrier, epoch: 6160, count: 4
2026-09-16T12:09:42.874602145Z I20260916 12:09:42.874540   143 consensus_control_block.h:289] consensus of epoch=6159 has reach, all vote yes.
2026-09-16T12:09:42.879527135Z I20260916 12:09:42.879432   147 transaction_manager_impl.cpp:120] Total, abort: 4 commit: 818
2026-09-16T12:09:42.879538694Z I20260916 12:09:42.879459   147 transaction_manager_impl.cpp:62] Finish with epoch id=6159
2026-09-16T12:09:42.887262205Z [epoch] I20260916 12:09:42.887120     7 chain_client.cpp:83] Sending Request to epoch_server_group at qps=0 latency=0
2026-09-16T12:09:42.889662605Z I20260916 12:09:42.889592    44 block_storage_to_file.cpp:46] block store in file successfully, epoch=6159
2026-09-16T12:09:42.912336677Z I20260916 12:09:42.912246   150 epoch_txn_queue_manager.h:17] All threads reached barrier, epoch: 6161, count: 4
2026-09-16T12:09:42.925515921Z I20260916 12:09:42.925426   143 consensus_control_block.h:289] consensus of epoch=6160 has reach, all vote yes.
2026-09-16T12:09:42.929881450Z I20260916 12:09:42.929780   147 transaction_manager_impl.cpp:120] Total, abort: 1 commit: 644
2026-09-16T12:09:42.929893992Z I20260916 12:09:42.929793   147 transaction_manager_impl.cpp:62] Finish with epoch id=6160
2026-09-16T12:09:42.935383694Z I20260916 12:09:42.935290    44 block_storage_to_file.cpp:46] block store in file successfully, epoch=6160
2026-09-16T12:09:42.964277841Z I20260916 12:09:42.964174   143 consensus_control_block.h:289] consensus of epoch=6161 has reach, all vote yes.
2026-09-16T12:09:42.971430760Z I20260916 12:09:42.971278   149 epoch_txn_queue_manager.h:17] All threads reached barrier, epoch: 6162, count: 4
2026-09-16T12:09:42.973643972Z I20260916 12:09:42.973562   147 transaction_manager_impl.cpp:120] Total, abort: 4 commit: 341
2026-09-16T12:09:42.973651809Z I20260916 12:09:42.973583   147 transaction_manager_impl.cpp:62] Finish with epoch id=6161
2026-09-16T12:09:42.976675310Z I20260916 12:09:42.976570    44 block_storage_to_file.cpp:46] block store in file successfully, epoch=6161
2026-09-16T12:09:43.059544699Z I20260916 12:09:43.059422   143 consensus_control_block.h:289] consensus of epoch=6162 has reach, all vote yes.
2026-09-16T12:09:43.095941798Z I20260916 12:09:43.095778   151 epoch_txn_queue_manager.h:17] All threads reached barrier, epoch: 6163, count: 4
2026-09-16T12:09:43.099892643Z I20260916 12:09:43.099819   147 transaction_manager_impl.cpp:120] Total, abort: 0 commit: 497
2026-09-16T12:09:43.099903327Z I20260916 12:09:43.099833   147 transaction_manager_impl.cpp:62] Finish with epoch id=6162
2026-09-16T12:09:43.104334942Z I20260916 12:09:43.104229    44 block_storage_to_file.cpp:46] block store in file successfully, epoch=6162
2026-09-16T12:09:43.107742938Z I20260916 12:09:43.107645   143 consensus_control_block.h:289] consensus of epoch=6163 has reach, all vote yes.
2026-09-16T12:09:43.113781699Z I20260916 12:09:43.113651   152 epoch_txn_queue_manager.h:17] All threads reached barrier, epoch: 6164, count: 4
2026-09-16T12:09:43.122553874Z I20260916 12:09:43.122429   147 transaction_manager_impl.cpp:120] Total, abort: 8 commit: 1158
2026-09-16T12:09:43.122568872Z I20260916 12:09:43.122469   147 transaction_manager_impl.cpp:62] Finish with epoch id=6163
2026-09-16T12:09:43.132493093Z I20260916 12:09:43.132402    44 block_storage_to_file.cpp:46] block store in file successfully, epoch=6163
2026-09-16T12:09:43.184317451Z I20260916 12:09:43.184209   150 epoch_txn_queue_manager.h:17] All threads reached barrier, epoch: 6165, count: 4
2026-09-16T12:09:43.187930557Z I20260916 12:09:43.187810   143 consensus_control_block.h:289] consensus of epoch=6164 has reach, all vote yes.
2026-09-16T12:09:43.188854027Z I20260916 12:09:43.188760   147 transaction_manager_impl.cpp:120] Total, abort: 0 commit: 155
2026-09-16T12:09:43.188862582Z I20260916 12:09:43.188777   147 transaction_manager_impl.cpp:62] Finish with epoch id=6164
2026-09-16T12:09:43.191034237Z I20260916 12:09:43.190876    44 block_storage_to_file.cpp:46] block store in file successfully, epoch=6164
2026-09-16T12:09:43.208063186Z I20260916 12:09:43.207976   143 consensus_control_block.h:289] consensus of epoch=6165 has reach, all vote yes.
2026-09-16T12:09:43.214606549Z I20260916 12:09:43.214313   150 epoch_txn_queue_manager.h:17] All threads reached barrier, epoch: 6166, count: 4
2026-09-16T12:09:43.219047086Z I20260916 12:09:43.218910   147 transaction_manager_impl.cpp:120] Total, abort: 3 commit: 635
2026-09-16T12:09:43.219057292Z I20260916 12:09:43.218941   147 transaction_manager_impl.cpp:62] Finish with epoch id=6165
2026-09-16T12:09:43.225263767Z I20260916 12:09:43.225162    44 block_storage_to_file.cpp:46] block store in file successfully, epoch=6165
2026-09-16T12:09:43.276839422Z I20260916 12:09:43.276731   151 epoch_txn_queue_manager.h:17] All threads reached barrier, epoch: 6167, count: 4
2026-09-16T12:09:43.276930720Z I20260916 12:09:43.276883   143 consensus_control_block.h:289] consensus of epoch=6166 has reach, all vote yes.
2026-09-16T12:09:43.279510463Z I20260916 12:09:43.279395   147 transaction_manager_impl.cpp:120] Total, abort: 3 commit: 270
2026-09-16T12:09:43.279518897Z I20260916 12:09:43.279407   147 transaction_manager_impl.cpp:62] Finish with epoch id=6166
2026-09-16T12:09:43.282061196Z I20260916 12:09:43.281980    44 block_storage_to_file.cpp:46] block store in file successfully, epoch=6166
2026-09-16T12:09:43.360400766Z I20260916 12:09:43.360291   143 consensus_control_block.h:289] consensus of epoch=6167 has reach, all vote yes.
2026-09-16T12:09:43.414531148Z I20260916 12:09:43.414417   149 epoch_txn_queue_manager.h:17] All threads reached barrier, epoch: 6168, count: 4
2026-09-16T12:09:43.419358529Z I20260916 12:09:43.419201   147 transaction_manager_impl.cpp:120] Total, abort: 1 commit: 565
2026-09-16T12:09:43.419390870Z I20260916 12:09:43.419238   147 transaction_manager_impl.cpp:62] Finish with epoch id=6167
2026-09-16T12:09:43.425049892Z I20260916 12:09:43.424965    44 block_storage_to_file.cpp:46] block store in file successfully, epoch=6167
2026-09-16T12:09:43.476225986Z I20260916 12:09:43.476142   150 epoch_txn_queue_manager.h:17] All threads reached barrier, epoch: 6169, count: 4
2026-09-16T12:09:43.479672175Z I20260916 12:09:43.479583   143 consensus_control_block.h:289] consensus of epoch=6168 has reach, all vote yes.
2026-09-16T12:09:43.486734488Z I20260916 12:09:43.486635   147 transaction_manager_impl.cpp:120] Total, abort: 8 commit: 1201
2026-09-16T12:09:43.486746355Z I20260916 12:09:43.486650   147 transaction_manager_impl.cpp:62] Finish with epoch id=6168
2026-09-16T12:09:43.496932987Z I20260916 12:09:43.496706    44 block_storage_to_file.cpp:46] block store in file successfully, epoch=6168
2026-09-16T12:09:43.511294178Z I20260916 12:09:43.511181   143 consensus_control_block.h:289] consensus of epoch=6169 has reach, all vote yes.
2026-09-16T12:09:43.515262998Z I20260916 12:09:43.515148   149 epoch_txn_queue_manager.h:17] All threads reached barrier, epoch: 6170, count: 4
2026-09-16T12:09:43.519083985Z I20260916 12:09:43.518972   147 transaction_manager_impl.cpp:120] Total, abort: 0 commit: 594
2026-09-16T12:09:43.519097239Z I20260916 12:09:43.519003   147 transaction_manager_impl.cpp:62] Finish with epoch id=6169
2026-09-16T12:09:43.524401956Z I20260916 12:09:43.524284    44 block_storage_to_file.cpp:46] block store in file successfully, epoch=6169
2026-09-16T12:09:43.579653346Z I20260916 12:09:43.579445   151 epoch_txn_queue_manager.h:17] All threads reached barrier, epoch: 6171, count: 4
2026-09-16T12:09:43.581392348Z I20260916 12:09:43.581282   143 consensus_control_block.h:289] consensus of epoch=6170 has reach, all vote yes.
2026-09-16T12:09:43.584005558Z I20260916 12:09:43.583926   147 transaction_manager_impl.cpp:120] Total, abort: 4 commit: 314
2026-09-16T12:09:43.584016167Z I20260916 12:09:43.583937   147 transaction_manager_impl.cpp:62] Finish with epoch id=6170
2026-09-16T12:09:43.586990043Z I20260916 12:09:43.586863    44 block_storage_to_file.cpp:46] block store in file successfully, epoch=6170
2026-09-16T12:09:43.609457026Z I20260916 12:09:43.609383   151 epoch_txn_queue_manager.h:17] All threads reached barrier, epoch: 6172, count: 4
2026-09-16T12:09:43.619029961Z I20260916 12:09:43.618916   143 consensus_control_block.h:289] consensus of epoch=6171 has reach, all vote yes.
2026-09-16T12:09:43.622349962Z I20260916 12:09:43.622304   147 transaction_manager_impl.cpp:120] Total, abort: 0 commit: 614
2026-09-16T12:09:43.622355616Z I20260916 12:09:43.622316   147 transaction_manager_impl.cpp:62] Finish with epoch id=6171
2026-09-16T12:09:43.627442379Z I20260916 12:09:43.627311    44 block_storage_to_file.cpp:46] block store in file successfully, epoch=6171
2026-09-16T12:09:43.669972996Z I20260916 12:09:43.669821   143 consensus_control_block.h:289] consensus of epoch=6172 has reach, all vote yes.
2026-09-16T12:09:43.670076064Z I20260916 12:09:43.669962   151 epoch_txn_queue_manager.h:17] All threads reached barrier, epoch: 6173, count: 4
2026-09-16T12:09:43.672364343Z I20260916 12:09:43.672297   147 transaction_manager_impl.cpp:120] Total, abort: 4 commit: 273
2026-09-16T12:09:43.672378571Z I20260916 12:09:43.672309   147 transaction_manager_impl.cpp:62] Finish with epoch id=6172
2026-09-16T12:09:43.675172927Z I20260916 12:09:43.675062    44 block_storage_to_file.cpp:46] block store in file successfully, epoch=6172
2026-09-16T12:09:43.722128208Z I20260916 12:09:43.722041   143 consensus_control_block.h:289] consensus of epoch=6173 has reach, all vote yes.
2026-09-16T12:09:43.728224868Z I20260916 12:09:43.728082   150 epoch_txn_queue_manager.h:17] All threads reached barrier, epoch: 6174, count: 4
2026-09-16T12:09:43.732939692Z I20260916 12:09:43.732784   147 transaction_manager_impl.cpp:120] Total, abort: 0 commit: 542
2026-09-16T12:09:43.732960177Z I20260916 12:09:43.732807   147 transaction_manager_impl.cpp:62] Finish with epoch id=6173
2026-09-16T12:09:43.737983800Z I20260916 12:09:43.737815    44 block_storage_to_file.cpp:46] block store in file successfully, epoch=6173
2026-09-16T12:09:43.790641349Z I20260916 12:09:43.790565   151 epoch_txn_queue_manager.h:17] All threads reached barrier, epoch: 6175, count: 4
2026-09-16T12:09:43.792313391Z I20260916 12:09:43.792210   143 consensus_control_block.h:289] consensus of epoch=6174 has reach, all vote yes.
2026-09-16T12:09:43.795043961Z I20260916 12:09:43.794946   147 transaction_manager_impl.cpp:120] Total, abort: 4 commit: 518
2026-09-16T12:09:43.795058856Z I20260916 12:09:43.794973   147 transaction_manager_impl.cpp:62] Finish with epoch id=6174
2026-09-16T12:09:43.799436842Z I20260916 12:09:43.799342    44 block_storage_to_file.cpp:46] block store in file successfully, epoch=6174
2026-09-16T12:09:43.861813793Z I20260916 12:09:43.861644   143 consensus_control_block.h:289] consensus of epoch=6175 has reach, all vote yes.
2026-09-16T12:09:43.887377728Z [epoch] I20260916 12:09:43.887203     7 chain_client.cpp:83] Sending Request to epoch_server_group at qps=0 latency=0
2026-09-16T12:09:43.911772940Z I20260916 12:09:43.911484   151 epoch_txn_queue_manager.h:17] All threads reached barrier, epoch: 6176, count: 4
2026-09-16T12:09:43.919002204Z I20260916 12:09:43.918751   147 transaction_manager_impl.cpp:120] Total, abort: 4 commit: 569
2026-09-16T12:09:43.919020579Z I20260916 12:09:43.918773   147 transaction_manager_impl.cpp:62] Finish with epoch id=6175
2026-09-16T12:09:43.925487634Z I20260916 12:09:43.925391    44 block_storage_to_file.cpp:46] block store in file successfully, epoch=6175
2026-09-16T12:09:43.982172825Z I20260916 12:09:43.982052   151 epoch_txn_queue_manager.h:17] All threads reached barrier, epoch: 6177, count: 4
2026-09-16T12:09:43.982456806Z I20260916 12:09:43.982402   143 consensus_control_block.h:289] consensus of epoch=6176 has reach, all vote yes.
2026-09-16T12:09:43.987763356Z I20260916 12:09:43.987679   147 transaction_manager_impl.cpp:120] Total, abort: 4 commit: 1090
2026-09-16T12:09:43.987777064Z I20260916 12:09:43.987691   147 transaction_manager_impl.cpp:62] Finish with epoch id=6176
2026-09-16T12:09:43.997547787Z I20260916 12:09:43.997443    44 block_storage_to_file.cpp:46] block store in file successfully, epoch=6176
2026-09-16T12:09:44.012521996Z I20260916 12:09:44.012379   151 epoch_txn_queue_manager.h:17] All threads reached barrier, epoch: 6178, count: 4
2026-09-16T12:09:44.014570218Z I20260916 12:09:44.014488   143 consensus_control_block.h:289] consensus of epoch=6177 has reach, all vote yes.
2026-09-16T12:09:44.018413188Z I20260916 12:09:44.018337   147 transaction_manager_impl.cpp:120] Total, abort: 0 commit: 633
2026-09-16T12:09:44.018423361Z I20260916 12:09:44.018350   147 transaction_manager_impl.cpp:62] Finish with epoch id=6177
2026-09-16T12:09:44.023771849Z I20260916 12:09:44.023665    44 block_storage_to_file.cpp:46] block store in file successfully, epoch=6177
2026-09-16T12:09:44.082799914Z I20260916 12:09:44.082701   151 epoch_txn_queue_manager.h:17] All threads reached barrier, epoch: 6179, count: 4
2026-09-16T12:09:44.084309290Z I20260916 12:09:44.084208   143 consensus_control_block.h:289] consensus of epoch=6178 has reach, all vote yes.
2026-09-16T12:09:44.086610500Z I20260916 12:09:44.086382   147 transaction_manager_impl.cpp:120] Total, abort: 4 commit: 273
2026-09-16T12:09:44.086623906Z I20260916 12:09:44.086412   147 transaction_manager_impl.cpp:62] Finish with epoch id=6178
2026-09-16T12:09:44.089209653Z I20260916 12:09:44.089133    44 block_storage_to_file.cpp:46] block store in file successfully, epoch=6178
2026-09-16T12:09:44.113029227Z I20260916 12:09:44.112922   151 epoch_txn_queue_manager.h:17] All threads reached barrier, epoch: 6180, count: 4
2026-09-16T12:09:44.122844424Z I20260916 12:09:44.122758   143 consensus_control_block.h:289] consensus of epoch=6179 has reach, all vote yes.
2026-09-16T12:09:44.126103241Z I20260916 12:09:44.126008   147 transaction_manager_impl.cpp:120] Total, abort: 3 commit: 631
2026-09-16T12:09:44.126116098Z I20260916 12:09:44.126021   147 transaction_manager_impl.cpp:62] Finish with epoch id=6179
2026-09-16T12:09:44.131365425Z I20260916 12:09:44.131217    44 block_storage_to_file.cpp:46] block store in file successfully, epoch=6179
2026-09-16T12:09:44.173158457Z I20260916 12:09:44.173056   143 consensus_control_block.h:289] consensus of epoch=6180 has reach, all vote yes.
2026-09-16T12:09:44.173469262Z I20260916 12:09:44.173401   151 epoch_txn_queue_manager.h:17] All threads reached barrier, epoch: 6181, count: 4
2026-09-16T12:09:44.175988409Z I20260916 12:09:44.175917   147 transaction_manager_impl.cpp:120] Total, abort: 4 commit: 270
2026-09-16T12:09:44.175997029Z I20260916 12:09:44.175928   147 transaction_manager_impl.cpp:62] Finish with epoch id=6180
2026-09-16T12:09:44.178363902Z I20260916 12:09:44.178278    44 block_storage_to_file.cpp:46] block store in file successfully, epoch=6180
2026-09-16T12:09:44.225338811Z I20260916 12:09:44.225260   143 consensus_control_block.h:289] consensus of epoch=6181 has reach, all vote yes.
2026-09-16T12:09:44.231686536Z I20260916 12:09:44.231593   150 epoch_txn_queue_manager.h:17] All threads reached barrier, epoch: 6182, count: 4
2026-09-16T12:09:44.235966965Z I20260916 12:09:44.235878   147 transaction_manager_impl.cpp:120] Total, abort: 0 commit: 546
2026-09-16T12:09:44.235975885Z I20260916 12:09:44.235901   147 transaction_manager_impl.cpp:62] Finish with epoch id=6181
2026-09-16T12:09:44.240395306Z I20260916 12:09:44.240295    44 block_storage_to_file.cpp:46] block store in file successfully, epoch=6181
2026-09-16T12:09:44.294150548Z I20260916 12:09:44.293994   151 epoch_txn_queue_manager.h:17] All threads reached barrier, epoch: 6183, count: 4
2026-09-16T12:09:44.295106845Z I20260916 12:09:44.295001   143 consensus_control_block.h:289] consensus of epoch=6182 has reach, all vote yes.
2026-09-16T12:09:44.299128604Z I20260916 12:09:44.299041   147 transaction_manager_impl.cpp:120] Total, abort: 4 commit: 520
2026-09-16T12:09:44.299139858Z I20260916 12:09:44.299054   147 transaction_manager_impl.cpp:62] Finish with epoch id=6182
2026-09-16T12:09:44.303797925Z I20260916 12:09:44.303699    44 block_storage_to_file.cpp:46] block store in file successfully, epoch=6182
2026-09-16T12:09:44.354536569Z I20260916 12:09:44.354417   151 epoch_txn_queue_manager.h:17] All threads reached barrier, epoch: 6184, count: 4
2026-09-16T12:09:44.356876291Z I20260916 12:09:44.356779   143 consensus_control_block.h:289] consensus of epoch=6183 has reach, all vote yes.
2026-09-16T12:09:44.362135560Z I20260916 12:09:44.361990   147 transaction_manager_impl.cpp:120] Total, abort: 4 commit: 567
2026-09-16T12:09:44.362154718Z I20260916 12:09:44.362039   147 transaction_manager_impl.cpp:62] Finish with epoch id=6183
2026-09-16T12:09:44.367117144Z I20260916 12:09:44.367033    44 block_storage_to_file.cpp:46] block store in file successfully, epoch=6183
2026-09-16T12:09:44.407502103Z I20260916 12:09:44.407392   143 consensus_control_block.h:289] consensus of epoch=6184 has reach, all vote yes.
2026-09-16T12:09:44.494300006Z I20260916 12:09:44.493809   152 epoch_txn_queue_manager.h:17] All threads reached barrier, epoch: 6185, count: 4
2026-09-16T12:09:44.499895246Z I20260916 12:09:44.499754   147 transaction_manager_impl.cpp:120] Total, abort: 0 commit: 545
2026-09-16T12:09:44.499906047Z I20260916 12:09:44.499775   147 transaction_manager_impl.cpp:62] Finish with epoch id=6184
2026-09-16T12:09:44.504532633Z I20260916 12:09:44.504462    44 block_storage_to_file.cpp:46] block store in file successfully, epoch=6184
2026-09-16T12:09:44.515694975Z I20260916 12:09:44.515594   151 epoch_txn_queue_manager.h:17] All threads reached barrier, epoch: 6186, count: 4
2026-09-16T12:09:44.518706169Z I20260916 12:09:44.518640   143 consensus_control_block.h:289] consensus of epoch=6185 has reach, all vote yes.
2026-09-16T12:09:44.525796709Z I20260916 12:09:44.525341   147 transaction_manager_impl.cpp:120] Total, abort: 11 commit: 1242
2026-09-16T12:09:44.525810220Z I20260916 12:09:44.525364   147 transaction_manager_impl.cpp:62] Finish with epoch id=6185
2026-09-16T12:09:44.536312990Z I20260916 12:09:44.536227    44 block_storage_to_file.cpp:46] block store in file successfully, epoch=6185
2026-09-16T12:09:44.585198062Z I20260916 12:09:44.584743   150 epoch_txn_queue_manager.h:17] All threads reached barrier, epoch: 6187, count: 4
2026-09-16T12:09:44.588009743Z I20260916 12:09:44.587744   143 consensus_control_block.h:289] consensus of epoch=6186 has reach, all vote yes.
2026-09-16T12:09:44.590201362Z I20260916 12:09:44.590059   147 transaction_manager_impl.cpp:120] Total, abort: 0 commit: 190
2026-09-16T12:09:44.590222731Z I20260916 12:09:44.590075   147 transaction_manager_impl.cpp:62] Finish with epoch id=6186
2026-09-16T12:09:44.593181714Z I20260916 12:09:44.592753    44 block_storage_to_file.cpp:46] block store in file successfully, epoch=6186
2026-09-16T12:09:44.616908882Z I20260916 12:09:44.616788   151 epoch_txn_queue_manager.h:17] All threads reached barrier, epoch: 6188, count: 4
2026-09-16T12:09:44.623203806Z I20260916 12:09:44.623063   143 consensus_control_block.h:289] consensus of epoch=6187 has reach, all vote yes.
2026-09-16T12:09:44.628639461Z I20260916 12:09:44.628532   147 transaction_manager_impl.cpp:120] Total, abort: 1 commit: 628
2026-09-16T12:09:44.628654759Z I20260916 12:09:44.628546   147 transaction_manager_impl.cpp:62] Finish with epoch id=6187
2026-09-16T12:09:44.634280170Z I20260916 12:09:44.634197    44 block_storage_to_file.cpp:46] block store in file successfully, epoch=6187
2026-09-16T12:09:44.676923747Z I20260916 12:09:44.676795   151 epoch_txn_queue_manager.h:17] All threads reached barrier, epoch: 6189, count: 4
2026-09-16T12:09:44.679196921Z I20260916 12:09:44.679064   143 consensus_control_block.h:289] consensus of epoch=6188 has reach, all vote yes.
2026-09-16T12:09:44.681584897Z I20260916 12:09:44.681502   147 transaction_manager_impl.cpp:120] Total, abort: 3 commit: 295
2026-09-16T12:09:44.681593537Z I20260916 12:09:44.681514   147 transaction_manager_impl.cpp:62] Finish with epoch id=6188
2026-09-16T12:09:44.684491875Z I20260916 12:09:44.684418    44 block_storage_to_file.cpp:46] block store in file successfully, epoch=6188
2026-09-16T12:09:44.728988398Z I20260916 12:09:44.728802   143 consensus_control_block.h:289] consensus of epoch=6189 has reach, all vote yes.
2026-09-16T12:09:44.735715600Z I20260916 12:09:44.735584   150 epoch_txn_queue_manager.h:17] All threads reached barrier, epoch: 6190, count: 4
2026-09-16T12:09:44.739883789Z I20260916 12:09:44.739778   147 transaction_manager_impl.cpp:120] Total, abort: 0 commit: 543
2026-09-16T12:09:44.739898136Z I20260916 12:09:44.739802   147 transaction_manager_impl.cpp:62] Finish with epoch id=6189
2026-09-16T12:09:44.744813896Z I20260916 12:09:44.744728    44 block_storage_to_file.cpp:46] block store in file successfully, epoch=6189
2026-09-16T12:09:44.797571457Z I20260916 12:09:44.797503   151 epoch_txn_queue_manager.h:17] All threads reached barrier, epoch: 6191, count: 4
2026-09-16T12:09:44.800356194Z I20260916 12:09:44.800256   143 consensus_control_block.h:289] consensus of epoch=6190 has reach, all vote yes.
2026-09-16T12:09:44.804466609Z I20260916 12:09:44.804351   147 transaction_manager_impl.cpp:120] Total, abort: 4 commit: 524
2026-09-16T12:09:44.804479466Z I20260916 12:09:44.804369   147 transaction_manager_impl.cpp:62] Finish with epoch id=6190
2026-09-16T12:09:44.809136877Z I20260916 12:09:44.809052    44 block_storage_to_file.cpp:46] block store in file successfully, epoch=6190
2026-09-16T12:09:44.864670627Z I20260916 12:09:44.864557   143 consensus_control_block.h:289] consensus of epoch=6191 has reach, all vote yes.
2026-09-16T12:09:44.887424930Z [epoch] I20260916 12:09:44.887295     7 chain_client.cpp:83] Sending Request to epoch_server_group at qps=0 latency=0
2026-09-16T12:09:44.918517596Z I20260916 12:09:44.918412   151 epoch_txn_queue_manager.h:17] All threads reached barrier, epoch: 6192, count: 4
2026-09-16T12:09:44.922102504Z I20260916 12:09:44.921988   147 transaction_manager_impl.cpp:120] Total, abort: 4 commit: 564
2026-09-16T12:09:44.922115735Z I20260916 12:09:44.922000   147 transaction_manager_impl.cpp:62] Finish with epoch id=6191
2026-09-16T12:09:44.927359241Z I20260916 12:09:44.927242    44 block_storage_to_file.cpp:46] block store in file successfully, epoch=6191
2026-09-16T12:09:44.984784925Z I20260916 12:09:44.984613   143 consensus_control_block.h:289] consensus of epoch=6192 has reach, all vote yes.
2026-09-16T12:09:44.988928112Z I20260916 12:09:44.988814   151 epoch_txn_queue_manager.h:17] All threads reached barrier, epoch: 6193, count: 4
2026-09-16T12:09:44.994719605Z I20260916 12:09:44.994607   147 transaction_manager_impl.cpp:120] Total, abort: 4 commit: 1089
2026-09-16T12:09:44.994734456Z I20260916 12:09:44.994640   147 transaction_manager_impl.cpp:62] Finish with epoch id=6192
2026-09-16T12:09:45.003481555Z I20260916 12:09:45.003351    44 block_storage_to_file.cpp:46] block store in file successfully, epoch=6192
2026-09-16T12:09:45.019324103Z I20260916 12:09:45.019027   151 epoch_txn_queue_manager.h:17] All threads reached barrier, epoch: 6194, count: 4
2026-09-16T12:09:45.021777663Z I20260916 12:09:45.021643   143 consensus_control_block.h:289] consensus of epoch=6193 has reach, all vote yes.
2026-09-16T12:09:45.026454358Z I20260916 12:09:45.026372   147 transaction_manager_impl.cpp:120] Total, abort: 4 commit: 635
2026-09-16T12:09:45.026470571Z I20260916 12:09:45.026386   147 transaction_manager_impl.cpp:62] Finish with epoch id=6193
2026-09-16T12:09:45.032544780Z I20260916 12:09:45.032435    44 block_storage_to_file.cpp:46] block store in file successfully, epoch=6193
2026-09-16T12:09:45.090259899Z I20260916 12:09:45.090179   150 epoch_txn_queue_manager.h:17] All threads reached barrier, epoch: 6195, count: 4
2026-09-16T12:09:45.093118296Z I20260916 12:09:45.093045   143 consensus_control_block.h:289] consensus of epoch=6194 has reach, all vote yes.
2026-09-16T12:09:45.094854323Z I20260916 12:09:45.094771   147 transaction_manager_impl.cpp:120] Total, abort: 0 commit: 272
2026-09-16T12:09:45.094863902Z I20260916 12:09:45.094784   147 transaction_manager_impl.cpp:62] Finish with epoch id=6194
2026-09-16T12:09:45.097791265Z I20260916 12:09:45.097690    44 block_storage_to_file.cpp:46] block store in file successfully, epoch=6194
2026-09-16T12:09:45.119834842Z I20260916 12:09:45.119700   151 epoch_txn_queue_manager.h:17] All threads reached barrier, epoch: 6196, count: 4
2026-09-16T12:09:45.130976500Z I20260916 12:09:45.130883   143 consensus_control_block.h:289] consensus of epoch=6195 has reach, all vote yes.
2026-09-16T12:09:45.134085132Z I20260916 12:09:45.134008   147 transaction_manager_impl.cpp:120] Total, abort: 4 commit: 639
2026-09-16T12:09:45.134094291Z I20260916 12:09:45.134021   147 transaction_manager_impl.cpp:62] Finish with epoch id=6195
2026-09-16T12:09:45.139062395Z I20260916 12:09:45.138970    44 block_storage_to_file.cpp:46] block store in file successfully, epoch=6195
2026-09-16T12:09:45.171061807Z I20260916 12:09:45.170970   150 epoch_txn_queue_manager.h:17] All threads reached barrier, epoch: 6197, count: 4
2026-09-16T12:09:45.173077379Z I20260916 12:09:45.172999   143 consensus_control_block.h:289] consensus of epoch=6196 has reach, all vote yes.
2026-09-16T12:09:45.175250653Z I20260916 12:09:45.175135   147 transaction_manager_impl.cpp:120] Total, abort: 0 commit: 249
2026-09-16T12:09:45.175264299Z I20260916 12:09:45.175148   147 transaction_manager_impl.cpp:62] Finish with epoch id=6196
2026-09-16T12:09:45.177936323Z I20260916 12:09:45.177830    44 block_storage_to_file.cpp:46] block store in file successfully, epoch=6196
2026-09-16T12:09:45.231458843Z I20260916 12:09:45.231369   150 epoch_txn_queue_manager.h:17] All threads reached barrier, epoch: 6198, count: 4
2026-09-16T12:09:45.232657839Z I20260916 12:09:45.232530   143 consensus_control_block.h:289] consensus of epoch=6197 has reach, all vote yes.
2026-09-16T12:09:45.236542608Z I20260916 12:09:45.236423   147 transaction_manager_impl.cpp:120] Total, abort: 0 commit: 475
2026-09-16T12:09:45.236553100Z I20260916 12:09:45.236449   147 transaction_manager_impl.cpp:62] Finish with epoch id=6197
2026-09-16T12:09:45.240976243Z I20260916 12:09:45.240902    44 block_storage_to_file.cpp:46] block store in file successfully, epoch=6197
2026-09-16T12:09:45.310003982Z I20260916 12:09:45.309893   143 consensus_control_block.h:289] consensus of epoch=6198 has reach, all vote yes.
2026-09-16T12:09:45.319546207Z I20260916 12:09:45.319473   152 epoch_txn_queue_manager.h:17] All threads reached barrier, epoch: 6199, count: 4
2026-09-16T12:09:45.323177803Z I20260916 12:09:45.323086   147 transaction_manager_impl.cpp:120] Total, abort: 4 commit: 544
2026-09-16T12:09:45.323189250Z I20260916 12:09:45.323099   147 transaction_manager_impl.cpp:62] Finish with epoch id=6198
2026-09-16T12:09:45.328177494Z I20260916 12:09:45.328101    44 block_storage_to_file.cpp:46] block store in file successfully, epoch=6198
2026-09-16T12:09:45.392683361Z I20260916 12:09:45.392520   150 epoch_txn_queue_manager.h:17] All threads reached barrier, epoch: 6200, count: 4
2026-09-16T12:09:45.395499336Z I20260916 12:09:45.395445   143 consensus_control_block.h:289] consensus of epoch=6199 has reach, all vote yes.
2026-09-16T12:09:45.400114343Z I20260916 12:09:45.400003   147 transaction_manager_impl.cpp:120] Total, abort: 6 commit: 767
2026-09-16T12:09:45.400134364Z I20260916 12:09:45.400022   147 transaction_manager_impl.cpp:62] Finish with epoch id=6199
2026-09-16T12:09:45.406916516Z I20260916 12:09:45.406823    44 block_storage_to_file.cpp:46] block store in file successfully, epoch=6199
2026-09-16T12:09:45.413727279Z I20260916 12:09:45.413620   143 consensus_control_block.h:289] consensus of epoch=6200 has reach, all vote yes.
2026-09-16T12:09:45.420120543Z I20260916 12:09:45.420037   152 epoch_txn_queue_manager.h:17] All threads reached barrier, epoch: 6201, count: 4
2026-09-16T12:09:45.424465612Z I20260916 12:09:45.424350   147 transaction_manager_impl.cpp:120] Total, abort: 4 commit: 679
2026-09-16T12:09:45.424483085Z I20260916 12:09:45.424363   147 transaction_manager_impl.cpp:62] Finish with epoch id=6200
2026-09-16T12:09:45.430260805Z I20260916 12:09:45.430112    44 block_storage_to_file.cpp:46] block store in file successfully, epoch=6200
2026-09-16T12:09:45.473283644Z I20260916 12:09:45.473179   150 epoch_txn_queue_manager.h:17] All threads reached barrier, epoch: 6202, count: 4
2026-09-16T12:09:45.476436469Z I20260916 12:09:45.475787   143 consensus_control_block.h:289] consensus of epoch=6201 has reach, all vote yes.
2026-09-16T12:09:45.477863786Z I20260916 12:09:45.477784   147 transaction_manager_impl.cpp:120] Total, abort: 0 commit: 228
2026-09-16T12:09:45.477870279Z I20260916 12:09:45.477800   147 transaction_manager_impl.cpp:62] Finish with epoch id=6201
2026-09-16T12:09:45.480389591Z I20260916 12:09:45.480281    44 block_storage_to_file.cpp:46] block store in file successfully, epoch=6201
2026-09-16T12:09:45.533678070Z I20260916 12:09:45.533566   150 epoch_txn_queue_manager.h:17] All threads reached barrier, epoch: 6203, count: 4
2026-09-16T12:09:45.535329231Z I20260916 12:09:45.535225   143 consensus_control_block.h:289] consensus of epoch=6202 has reach, all vote yes.
2026-09-16T12:09:45.538496165Z I20260916 12:09:45.538416   147 transaction_manager_impl.cpp:120] Total, abort: 0 commit: 502
2026-09-16T12:09:45.538503570Z I20260916 12:09:45.538427   147 transaction_manager_impl.cpp:62] Finish with epoch id=6202
2026-09-16T12:09:45.543173945Z I20260916 12:09:45.543104    44 block_storage_to_file.cpp:46] block store in file successfully, epoch=6202
2026-09-16T12:09:45.610838374Z I20260916 12:09:45.610694   143 consensus_control_block.h:289] consensus of epoch=6203 has reach, all vote yes.
2026-09-16T12:09:45.620972407Z I20260916 12:09:45.620863   149 epoch_txn_queue_manager.h:17] All threads reached barrier, epoch: 6204, count: 4
2026-09-16T12:09:45.625237038Z I20260916 12:09:45.625149   147 transaction_manager_impl.cpp:120] Total, abort: 4 commit: 543
2026-09-16T12:09:45.625279353Z I20260916 12:09:45.625162   147 transaction_manager_impl.cpp:62] Finish with epoch id=6203
2026-09-16T12:09:45.629813960Z I20260916 12:09:45.629714    44 block_storage_to_file.cpp:46] block store in file successfully, epoch=6203
2026-09-16T12:09:45.674862245Z I20260916 12:09:45.674779   150 epoch_txn_queue_manager.h:17] All threads reached barrier, epoch: 6205, count: 4
2026-09-16T12:09:45.677969331Z I20260916 12:09:45.677829   143 consensus_control_block.h:289] consensus of epoch=6204 has reach, all vote yes.
2026-09-16T12:09:45.682402853Z I20260916 12:09:45.682307   147 transaction_manager_impl.cpp:120] Total, abort: 5 commit: 745
2026-09-16T12:09:45.682416064Z I20260916 12:09:45.682323   147 transaction_manager_impl.cpp:62] Finish with epoch id=6204
2026-09-16T12:09:45.688206397Z I20260916 12:09:45.688086    44 block_storage_to_file.cpp:46] block store in file successfully, epoch=6204
2026-09-16T12:09:45.721710276Z I20260916 12:09:45.721570   149 epoch_txn_queue_manager.h:17] All threads reached barrier, epoch: 6206, count: 4
2026-09-16T12:09:45.728813193Z I20260916 12:09:45.728633   143 consensus_control_block.h:289] consensus of epoch=6205 has reach, all vote yes.
2026-09-16T12:09:45.734535445Z I20260916 12:09:45.734421   147 transaction_manager_impl.cpp:120] Total, abort: 0 commit: 522
2026-09-16T12:09:45.734552972Z I20260916 12:09:45.734437   147 transaction_manager_impl.cpp:62] Finish with epoch id=6205
2026-09-16T12:09:45.738701301Z I20260916 12:09:45.738607    44 block_storage_to_file.cpp:46] block store in file successfully, epoch=6205
2026-09-16T12:09:45.774616171Z I20260916 12:09:45.774418   151 epoch_txn_queue_manager.h:17] All threads reached barrier, epoch: 6207, count: 4
2026-09-16T12:09:45.774952705Z I20260916 12:09:45.774852   143 consensus_control_block.h:289] consensus of epoch=6206 has reach, all vote yes.
2026-09-16T12:09:45.779771913Z I20260916 12:09:45.779629   147 transaction_manager_impl.cpp:120] Total, abort: 4 commit: 386
2026-09-16T12:09:45.779793295Z I20260916 12:09:45.779646   147 transaction_manager_impl.cpp:62] Finish with epoch id=6206
2026-09-16T12:09:45.783627562Z I20260916 12:09:45.783532    44 block_storage_to_file.cpp:46] block store in file successfully, epoch=6206
2026-09-16T12:09:45.826353753Z I20260916 12:09:45.826267   150 epoch_txn_queue_manager.h:17] All threads reached barrier, epoch: 6208, count: 4
2026-09-16T12:09:45.827007736Z I20260916 12:09:45.826908   143 consensus_control_block.h:289] consensus of epoch=6207 has reach, all vote yes.
2026-09-16T12:09:45.830239522Z I20260916 12:09:45.830129   147 transaction_manager_impl.cpp:120] Total, abort: 1 commit: 498
2026-09-16T12:09:45.830257779Z I20260916 12:09:45.830144   147 transaction_manager_impl.cpp:62] Finish with epoch id=6207
2026-09-16T12:09:45.835107289Z I20260916 12:09:45.834977    44 block_storage_to_file.cpp:46] block store in file successfully, epoch=6207
2026-09-16T12:09:45.883363647Z I20260916 12:09:45.883283   152 epoch_txn_queue_manager.h:17] All threads reached barrier, epoch: 6209, count: 4
2026-09-16T12:09:45.885857911Z I20260916 12:09:45.885720   143 consensus_control_block.h:289] consensus of epoch=6208 has reach, all vote yes.
2026-09-16T12:09:45.887544680Z [epoch] I20260916 12:09:45.887389     7 chain_client.cpp:83] Sending Request to epoch_server_group at qps=0 latency=0
2026-09-16T12:09:45.888170652Z I20260916 12:09:45.888084   147 transaction_manager_impl.cpp:120] Total, abort: 4 commit: 476
2026-09-16T12:09:45.888177555Z I20260916 12:09:45.888113   147 transaction_manager_impl.cpp:62] Finish with epoch id=6208
2026-09-16T12:09:45.892006004Z I20260916 12:09:45.891907    44 block_storage_to_file.cpp:46] block store in file successfully, epoch=6208
2026-09-16T12:09:45.935771608Z I20260916 12:09:45.935695   143 consensus_control_block.h:289] consensus of epoch=6209 has reach, all vote yes.
2026-09-16T12:09:45.947182687Z I20260916 12:09:45.947089   150 epoch_txn_queue_manager.h:17] All threads reached barrier, epoch: 6210, count: 4
2026-09-16T12:09:45.950805163Z I20260916 12:09:45.950734   147 transaction_manager_impl.cpp:120] Total, abort: 0 commit: 501
2026-09-16T12:09:45.950814629Z I20260916 12:09:45.950749   147 transaction_manager_impl.cpp:62] Finish with epoch id=6209
2026-09-16T12:09:45.956395549Z I20260916 12:09:45.956290    44 block_storage_to_file.cpp:46] block store in file successfully, epoch=6209
2026-09-16T12:09:46.007435133Z I20260916 12:09:46.007287   150 epoch_txn_queue_manager.h:17] All threads reached barrier, epoch: 6211, count: 4
2026-09-16T12:09:46.011368393Z I20260916 12:09:46.011252   143 consensus_control_block.h:289] consensus of epoch=6210 has reach, all vote yes.
2026-09-16T12:09:46.015232263Z I20260916 12:09:46.015093   147 transaction_manager_impl.cpp:120] Total, abort: 4 commit: 589
2026-09-16T12:09:46.015248461Z I20260916 12:09:46.015110   147 transaction_manager_impl.cpp:62] Finish with epoch id=6210
2026-09-16T12:09:46.020409146Z I20260916 12:09:46.020298    44 block_storage_to_file.cpp:46] block store in file successfully, epoch=6210
2026-09-16T12:09:46.068168373Z I20260916 12:09:46.068053   143 consensus_control_block.h:289] consensus of epoch=6211 has reach, all vote yes.
2026-09-16T12:09:46.118055513Z I20260916 12:09:46.117924   150 epoch_txn_queue_manager.h:17] All threads reached barrier, epoch: 6212, count: 4
2026-09-16T12:09:46.121680400Z I20260916 12:09:46.121547   147 transaction_manager_impl.cpp:120] Total, abort: 4 commit: 541
2026-09-16T12:09:46.121691472Z I20260916 12:09:46.121564   147 transaction_manager_impl.cpp:62] Finish with epoch id=6211
2026-09-16T12:09:46.126585958Z I20260916 12:09:46.126446    44 block_storage_to_file.cpp:46] block store in file successfully, epoch=6211
2026-09-16T12:09:46.188679514Z I20260916 12:09:46.188421   150 epoch_txn_queue_manager.h:17] All threads reached barrier, epoch: 6213, count: 4
2026-09-16T12:09:46.191539046Z I20260916 12:09:46.191431   143 consensus_control_block.h:289] consensus of epoch=6212 has reach, all vote yes.
2026-09-16T12:09:46.198194435Z I20260916 12:09:46.198047   147 transaction_manager_impl.cpp:120] Total, abort: 5 commit: 995
2026-09-16T12:09:46.198212022Z I20260916 12:09:46.198071   147 transaction_manager_impl.cpp:62] Finish with epoch id=6212
2026-09-16T12:09:46.207033248Z I20260916 12:09:46.206943    44 block_storage_to_file.cpp:46] block store in file successfully, epoch=6212
2026-09-16T12:09:46.218807917Z I20260916 12:09:46.218693   150 epoch_txn_queue_manager.h:17] All threads reached barrier, epoch: 6214, count: 4
2026-09-16T12:09:46.220642028Z I20260916 12:09:46.220546   143 consensus_control_block.h:289] consensus of epoch=6213 has reach, all vote yes.
2026-09-16T12:09:46.224917619Z I20260916 12:09:46.224045   147 transaction_manager_impl.cpp:120] Total, abort: 5 commit: 637
2026-09-16T12:09:46.224932047Z I20260916 12:09:46.224056   147 transaction_manager_impl.cpp:62] Finish with epoch id=6213
2026-09-16T12:09:46.229608013Z I20260916 12:09:46.229485    44 block_storage_to_file.cpp:46] block store in file successfully, epoch=6213
2026-09-16T12:09:46.278213864Z I20260916 12:09:46.278112   151 epoch_txn_queue_manager.h:17] All threads reached barrier, epoch: 6215, count: 4
2026-09-16T12:09:46.280516187Z I20260916 12:09:46.280424   143 consensus_control_block.h:289] consensus of epoch=6214 has reach, all vote yes.
2026-09-16T12:09:46.282841637Z I20260916 12:09:46.281991   147 transaction_manager_impl.cpp:120] Total, abort: 0 commit: 269
2026-09-16T12:09:46.282849229Z I20260916 12:09:46.282017   147 transaction_manager_impl.cpp:62] Finish with epoch id=6214
2026-09-16T12:09:46.284481276Z I20260916 12:09:46.284417    44 block_storage_to_file.cpp:46] block store in file successfully, epoch=6214
2026-09-16T12:09:46.369123592Z I20260916 12:09:46.368965   143 consensus_control_block.h:289] consensus of epoch=6215 has reach, all vote yes.
2026-09-16T12:09:46.396928184Z I20260916 12:09:46.396848   152 epoch_txn_queue_manager.h:17] All threads reached barrier, epoch: 6216, count: 4
2026-09-16T12:09:46.401286789Z I20260916 12:09:46.401194   147 transaction_manager_impl.cpp:120] Total, abort: 0 commit: 522
2026-09-16T12:09:46.401300347Z I20260916 12:09:46.401208   147 transaction_manager_impl.cpp:62] Finish with epoch id=6215
2026-09-16T12:09:46.405964846Z I20260916 12:09:46.405864    44 block_storage_to_file.cpp:46] block store in file successfully, epoch=6215
2026-09-16T12:09:46.420615558Z I20260916 12:09:46.420435   150 epoch_txn_queue_manager.h:17] All threads reached barrier, epoch: 6217, count: 4
2026-09-16T12:09:46.421852060Z I20260916 12:09:46.421783   143 consensus_control_block.h:289] consensus of epoch=6216 has reach, all vote yes.
2026-09-16T12:09:46.427224099Z I20260916 12:09:46.427078   147 transaction_manager_impl.cpp:120] Total, abort: 10 commit: 1063
2026-09-16T12:09:46.427246562Z I20260916 12:09:46.427102   147 transaction_manager_impl.cpp:62] Finish with epoch id=6216
2026-09-16T12:09:46.436344872Z I20260916 12:09:46.436219    44 block_storage_to_file.cpp:46] block store in file successfully, epoch=6216
2026-09-16T12:09:46.487909930Z I20260916 12:09:46.487751   152 epoch_txn_queue_manager.h:17] All threads reached barrier, epoch: 6218, count: 4
2026-09-16T12:09:46.491621734Z I20260916 12:09:46.491411   143 consensus_control_block.h:289] consensus of epoch=6217 has reach, all vote yes.
2026-09-16T12:09:46.492909745Z I20260916 12:09:46.492843   147 transaction_manager_impl.cpp:120] Total, abort: 0 commit: 226
2026-09-16T12:09:46.492914662Z I20260916 12:09:46.492859   147 transaction_manager_impl.cpp:62] Finish with epoch id=6217
2026-09-16T12:09:46.495737606Z I20260916 12:09:46.495627    44 block_storage_to_file.cpp:46] block store in file successfully, epoch=6217
2026-09-16T12:09:46.541298476Z I20260916 12:09:46.541157   150 epoch_txn_queue_manager.h:17] All threads reached barrier, epoch: 6219, count: 4
2026-09-16T12:09:46.541988463Z I20260916 12:09:46.541888   143 consensus_control_block.h:289] consensus of epoch=6218 has reach, all vote yes.
2026-09-16T12:09:46.545754590Z I20260916 12:09:46.545660   147 transaction_manager_impl.cpp:120] Total, abort: 2 commit: 593
2026-09-16T12:09:46.545785634Z I20260916 12:09:46.545683   147 transaction_manager_impl.cpp:62] Finish with epoch id=6218
2026-09-16T12:09:46.550560756Z I20260916 12:09:46.550454    44 block_storage_to_file.cpp:46] block store in file successfully, epoch=6218
2026-09-16T12:09:46.612059232Z I20260916 12:09:46.611835   150 epoch_txn_queue_manager.h:17] All threads reached barrier, epoch: 6220, count: 4
2026-09-16T12:09:46.613838611Z I20260916 12:09:46.613734   143 consensus_control_block.h:289] consensus of epoch=6219 has reach, all vote yes.
2026-09-16T12:09:46.617371810Z I20260916 12:09:46.617285   147 transaction_manager_impl.cpp:120] Total, abort: 2 commit: 497
2026-09-16T12:09:46.617376672Z I20260916 12:09:46.617298   147 transaction_manager_impl.cpp:62] Finish with epoch id=6219
2026-09-16T12:09:46.631291356Z I20260916 12:09:46.631174    44 block_storage_to_file.cpp:46] block store in file successfully, epoch=6219
2026-09-16T12:09:46.714214974Z I20260916 12:09:46.714011   143 consensus_control_block.h:289] consensus of epoch=6220 has reach, all vote yes.
2026-09-16T12:09:46.722460549Z I20260916 12:09:46.722334   150 epoch_txn_queue_manager.h:17] All threads reached barrier, epoch: 6221, count: 4
2026-09-16T12:09:46.727002436Z I20260916 12:09:46.726897   147 transaction_manager_impl.cpp:120] Total, abort: 4 commit: 635
2026-09-16T12:09:46.727054601Z I20260916 12:09:46.726938   147 transaction_manager_impl.cpp:62] Finish with epoch id=6220
2026-09-16T12:09:46.732103094Z I20260916 12:09:46.731972    44 block_storage_to_file.cpp:46] block store in file successfully, epoch=6220
2026-09-16T12:09:46.780155868Z I20260916 12:09:46.780030   152 epoch_txn_queue_manager.h:17] All threads reached barrier, epoch: 6222, count: 4
2026-09-16T12:09:46.782926395Z I20260916 12:09:46.782795   143 consensus_control_block.h:289] consensus of epoch=6221 has reach, all vote yes.
2026-09-16T12:09:46.791784008Z I20260916 12:09:46.791674   147 transaction_manager_impl.cpp:120] Total, abort: 4 commit: 997
2026-09-16T12:09:46.791795962Z I20260916 12:09:46.791723   147 transaction_manager_impl.cpp:62] Finish with epoch id=6221
2026-09-16T12:09:46.800175156Z I20260916 12:09:46.800056    44 block_storage_to_file.cpp:46] block store in file successfully, epoch=6221
2026-09-16T12:09:46.823327889Z I20260916 12:09:46.823235   150 epoch_txn_queue_manager.h:17] All threads reached barrier, epoch: 6223, count: 4
2026-09-16T12:09:46.834562658Z I20260916 12:09:46.834429   143 consensus_control_block.h:289] consensus of epoch=6222 has reach, all vote yes.
2026-09-16T12:09:46.837268031Z I20260916 12:09:46.837173   147 transaction_manager_impl.cpp:120] Total, abort: 0 commit: 499
2026-09-16T12:09:46.837277832Z I20260916 12:09:46.837194   147 transaction_manager_impl.cpp:62] Finish with epoch id=6222
2026-09-16T12:09:46.842234430Z I20260916 12:09:46.842123    44 block_storage_to_file.cpp:46] block store in file successfully, epoch=6222
2026-09-16T12:09:46.887647918Z [epoch] I20260916 12:09:46.887487     7 chain_client.cpp:83] Sending Request to epoch_server_group at qps=0 latency=0
2026-09-16T12:09:46.893717744Z I20260916 12:09:46.893594   150 epoch_txn_queue_manager.h:17] All threads reached barrier, epoch: 6224, count: 4
2026-09-16T12:09:46.896505611Z I20260916 12:09:46.896414   143 consensus_control_block.h:289] consensus of epoch=6223 has reach, all vote yes.
2026-09-16T12:09:46.899227977Z I20260916 12:09:46.899114   147 transaction_manager_impl.cpp:120] Total, abort: 4 commit: 407
2026-09-16T12:09:46.899252851Z I20260916 12:09:46.899128   147 transaction_manager_impl.cpp:62] Finish with epoch id=6223
2026-09-16T12:09:46.902624009Z I20260916 12:09:46.902556    44 block_storage_to_file.cpp:46] block store in file successfully, epoch=6223
2026-09-16T12:09:46.924115717Z I20260916 12:09:46.923921   150 epoch_txn_queue_manager.h:17] All threads reached barrier, epoch: 6225, count: 4
2026-09-16T12:09:46.927437154Z I20260916 12:09:46.927348   143 consensus_control_block.h:289] consensus of epoch=6224 has reach, all vote yes.
2026-09-16T12:09:46.931017408Z I20260916 12:09:46.930866   147 transaction_manager_impl.cpp:120] Total, abort: 4 commit: 636
2026-09-16T12:09:46.931039433Z I20260916 12:09:46.930898   147 transaction_manager_impl.cpp:62] Finish with epoch id=6224
2026-09-16T12:09:46.936144334Z I20260916 12:09:46.936041    44 block_storage_to_file.cpp:46] block store in file successfully, epoch=6224
2026-09-16T12:09:46.983298685Z I20260916 12:09:46.983222   151 epoch_txn_queue_manager.h:17] All threads reached barrier, epoch: 6226, count: 4
2026-09-16T12:09:46.983727621Z I20260916 12:09:46.983654   143 consensus_control_block.h:289] consensus of epoch=6225 has reach, all vote yes.
2026-09-16T12:09:46.985626567Z I20260916 12:09:46.985565   147 transaction_manager_impl.cpp:120] Total, abort: 0 commit: 272
2026-09-16T12:09:46.985632014Z I20260916 12:09:46.985576   147 transaction_manager_impl.cpp:62] Finish with epoch id=6225
2026-09-16T12:09:46.988033295Z I20260916 12:09:46.987908    44 block_storage_to_file.cpp:46] block store in file successfully, epoch=6225
2026-09-16T12:09:47.043657427Z I20260916 12:09:47.043547   151 epoch_txn_queue_manager.h:17] All threads reached barrier, epoch: 6227, count: 4
2026-09-16T12:09:47.045837278Z I20260916 12:09:47.045751   143 consensus_control_block.h:289] consensus of epoch=6226 has reach, all vote yes.
2026-09-16T12:09:47.050791609Z I20260916 12:09:47.049882   147 transaction_manager_impl.cpp:120] Total, abort: 0 commit: 521
2026-09-16T12:09:47.050808446Z I20260916 12:09:47.049903   147 transaction_manager_impl.cpp:62] Finish with epoch id=6226
2026-09-16T12:09:47.054101638Z I20260916 12:09:47.054015    44 block_storage_to_file.cpp:46] block store in file successfully, epoch=6226
2026-09-16T12:09:47.105790433Z I20260916 12:09:47.105419   150 epoch_txn_queue_manager.h:17] All threads reached barrier, epoch: 6228, count: 4
2026-09-16T12:09:47.108734569Z I20260916 12:09:47.108645   143 consensus_control_block.h:289] consensus of epoch=6227 has reach, all vote yes.
2026-09-16T12:09:47.112071924Z I20260916 12:09:47.111963   147 transaction_manager_impl.cpp:120] Total, abort: 5 commit: 539
2026-09-16T12:09:47.112081198Z I20260916 12:09:47.111981   147 transaction_manager_impl.cpp:62] Finish with epoch id=6227
2026-09-16T12:09:47.116869152Z I20260916 12:09:47.116786    44 block_storage_to_file.cpp:46] block store in file successfully, epoch=6227
2026-09-16T12:09:47.171357835Z I20260916 12:09:47.171257   143 consensus_control_block.h:289] consensus of epoch=6228 has reach, all vote yes.
2026-09-16T12:09:47.224935330Z I20260916 12:09:47.224825   151 epoch_txn_queue_manager.h:17] All threads reached barrier, epoch: 6229, count: 4
2026-09-16T12:09:47.228879477Z I20260916 12:09:47.228757   147 transaction_manager_impl.cpp:120] Total, abort: 4 commit: 567
2026-09-16T12:09:47.228898476Z I20260916 12:09:47.228785   147 transaction_manager_impl.cpp:62] Finish with epoch id=6228
2026-09-16T12:09:47.234095685Z I20260916 12:09:47.234004    44 block_storage_to_file.cpp:46] block store in file successfully, epoch=6228
2026-09-16T12:09:47.286691457Z I20260916 12:09:47.286490   150 epoch_txn_queue_manager.h:17] All threads reached barrier, epoch: 6230, count: 4
2026-09-16T12:09:47.288826332Z I20260916 12:09:47.288744   143 consensus_control_block.h:289] consensus of epoch=6229 has reach, all vote yes.
2026-09-16T12:09:47.294152903Z I20260916 12:09:47.294062   147 transaction_manager_impl.cpp:120] Total, abort: 4 commit: 1071
2026-09-16T12:09:47.294162455Z I20260916 12:09:47.294075   147 transaction_manager_impl.cpp:62] Finish with epoch id=6229
2026-09-16T12:09:47.302973268Z I20260916 12:09:47.302902    44 block_storage_to_file.cpp:46] block store in file successfully, epoch=6229
2026-09-16T12:09:47.325912031Z I20260916 12:09:47.325798   151 epoch_txn_queue_manager.h:17] All threads reached barrier, epoch: 6231, count: 4
2026-09-16T12:09:47.327812929Z I20260916 12:09:47.327711   143 consensus_control_block.h:289] consensus of epoch=6230 has reach, all vote yes.
2026-09-16T12:09:47.331783036Z I20260916 12:09:47.331689   147 transaction_manager_impl.cpp:120] Total, abort: 3 commit: 562
2026-09-16T12:09:47.331815095Z I20260916 12:09:47.331703   147 transaction_manager_impl.cpp:62] Finish with epoch id=6230
2026-09-16T12:09:47.336650948Z I20260916 12:09:47.336570    44 block_storage_to_file.cpp:46] block store in file successfully, epoch=6230
2026-09-16T12:09:47.386206684Z I20260916 12:09:47.386039   151 epoch_txn_queue_manager.h:17] All threads reached barrier, epoch: 6232, count: 4
2026-09-16T12:09:47.386892930Z I20260916 12:09:47.386839   143 consensus_control_block.h:289] consensus of epoch=6231 has reach, all vote yes.
2026-09-16T12:09:47.388926292Z I20260916 12:09:47.388854   147 transaction_manager_impl.cpp:120] Total, abort: 4 commit: 339
2026-09-16T12:09:47.388928880Z I20260916 12:09:47.388865   147 transaction_manager_impl.cpp:62] Finish with epoch id=6231
2026-09-16T12:09:47.392132258Z I20260916 12:09:47.392033    44 block_storage_to_file.cpp:46] block store in file successfully, epoch=6231
2026-09-16T12:09:47.426387697Z I20260916 12:09:47.426296   151 epoch_txn_queue_manager.h:17] All threads reached barrier, epoch: 6233, count: 4
2026-09-16T12:09:47.440300552Z I20260916 12:09:47.440165   143 consensus_control_block.h:289] consensus of epoch=6232 has reach, all vote yes.
2026-09-16T12:09:47.443100622Z I20260916 12:09:47.443025   147 transaction_manager_impl.cpp:120] Total, abort: 2 commit: 545
2026-09-16T12:09:47.443111128Z I20260916 12:09:47.443041   147 transaction_manager_impl.cpp:62] Finish with epoch id=6232
2026-09-16T12:09:47.447573166Z I20260916 12:09:47.447448    44 block_storage_to_file.cpp:46] block store in file successfully, epoch=6232
2026-09-16T12:09:47.488158536Z I20260916 12:09:47.487993   150 epoch_txn_queue_manager.h:17] All threads reached barrier, epoch: 6234, count: 4
2026-09-16T12:09:47.491617843Z I20260916 12:09:47.491541   143 consensus_control_block.h:289] consensus of epoch=6233 has reach, all vote yes.
2026-09-16T12:09:47.493784470Z I20260916 12:09:47.493676   147 transaction_manager_impl.cpp:120] Total, abort: 2 commit: 361
2026-09-16T12:09:47.493795945Z I20260916 12:09:47.493690   147 transaction_manager_impl.cpp:62] Finish with epoch id=6233
2026-09-16T12:09:47.497326414Z I20260916 12:09:47.497207    44 block_storage_to_file.cpp:46] block store in file successfully, epoch=6233
2026-09-16T12:09:47.518489314Z I20260916 12:09:47.518381   143 consensus_control_block.h:289] consensus of epoch=6234 has reach, all vote yes.
2026-09-16T12:09:47.525489942Z I20260916 12:09:47.525417   152 epoch_txn_queue_manager.h:17] All threads reached barrier, epoch: 6235, count: 4
2026-09-16T12:09:47.529350443Z I20260916 12:09:47.529271   147 transaction_manager_impl.cpp:120] Total, abort: 3 commit: 567
2026-09-16T12:09:47.529363629Z I20260916 12:09:47.529289   147 transaction_manager_impl.cpp:62] Finish with epoch id=6234
2026-09-16T12:09:47.535926279Z I20260916 12:09:47.535851    44 block_storage_to_file.cpp:46] block store in file successfully, epoch=6234
2026-09-16T12:09:47.588588300Z I20260916 12:09:47.588511   150 epoch_txn_queue_manager.h:17] All threads reached barrier, epoch: 6236, count: 4
2026-09-16T12:09:47.591700401Z I20260916 12:09:47.591610   143 consensus_control_block.h:289] consensus of epoch=6235 has reach, all vote yes.
2026-09-16T12:09:47.593784734Z I20260916 12:09:47.593722   147 transaction_manager_impl.cpp:120] Total, abort: 1 commit: 318
2026-09-16T12:09:47.593792809Z I20260916 12:09:47.593739   147 transaction_manager_impl.cpp:62] Finish with epoch id=6235
2026-09-16T12:09:47.596901666Z I20260916 12:09:47.596698    44 block_storage_to_file.cpp:46] block store in file successfully, epoch=6235
2026-09-16T12:09:47.672662285Z I20260916 12:09:47.672554   143 consensus_control_block.h:289] consensus of epoch=6236 has reach, all vote yes.
2026-09-16T12:09:47.726929930Z I20260916 12:09:47.726833   152 epoch_txn_queue_manager.h:17] All threads reached barrier, epoch: 6237, count: 4
2026-09-16T12:09:47.732197160Z I20260916 12:09:47.732067   147 transaction_manager_impl.cpp:120] Total, abort: 4 commit: 590
2026-09-16T12:09:47.732208470Z I20260916 12:09:47.732087   147 transaction_manager_impl.cpp:62] Finish with epoch id=6236
2026-09-16T12:09:47.739145992Z I20260916 12:09:47.738970    44 block_storage_to_file.cpp:46] block store in file successfully, epoch=6236
2026-09-16T12:09:47.794464490Z I20260916 12:09:47.794337   150 epoch_txn_queue_manager.h:17] All threads reached barrier, epoch: 6238, count: 4
2026-09-16T12:09:47.799092053Z I20260916 12:09:47.798988   143 consensus_control_block.h:289] consensus of epoch=6237 has reach, all vote yes.
2026-09-16T12:09:47.812030680Z I20260916 12:09:47.810897   147 transaction_manager_impl.cpp:120] Total, abort: 6 commit: 1220
2026-09-16T12:09:47.812053887Z I20260916 12:09:47.810926   147 transaction_manager_impl.cpp:62] Finish with epoch id=6237
2026-09-16T12:09:47.838871410Z I20260916 12:09:47.838752    44 block_storage_to_file.cpp:46] block store in file successfully, epoch=6237
2026-09-16T12:09:47.844740283Z I20260916 12:09:47.844537   150 epoch_txn_queue_manager.h:17] All threads reached barrier, epoch: 6239, count: 4
2026-09-16T12:09:47.856700326Z I20260916 12:09:47.853893   143 consensus_control_block.h:289] consensus of epoch=6238 has reach, all vote yes.
2026-09-16T12:09:47.863008630Z I20260916 12:09:47.860761   147 transaction_manager_impl.cpp:120] Total, abort: 4 commit: 561
2026-09-16T12:09:47.863026194Z I20260916 12:09:47.860783   147 transaction_manager_impl.cpp:62] Finish with epoch id=6238
2026-09-16T12:09:47.866696112Z I20260916 12:09:47.866600    44 block_storage_to_file.cpp:46] block store in file successfully, epoch=6238
2026-09-16T12:09:47.887769178Z [epoch] I20260916 12:09:47.887598     7 chain_client.cpp:83] Sending Request to epoch_server_group at qps=0 latency=0
2026-09-16T12:09:47.917593834Z I20260916 12:09:47.917507   149 epoch_txn_queue_manager.h:17] All threads reached barrier, epoch: 6240, count: 4
2026-09-16T12:09:47.918123615Z I20260916 12:09:47.918030   143 consensus_control_block.h:289] consensus of epoch=6239 has reach, all vote yes.
2026-09-16T12:09:47.919609130Z I20260916 12:09:47.919538   147 transaction_manager_impl.cpp:120] Total, abort: 0 commit: 264
2026-09-16T12:09:47.919614596Z I20260916 12:09:47.919548   147 transaction_manager_impl.cpp:62] Finish with epoch id=6239
2026-09-16T12:09:47.922536629Z I20260916 12:09:47.922360    44 block_storage_to_file.cpp:46] block store in file successfully, epoch=6239
2026-09-16T12:09:47.937802908Z I20260916 12:09:47.937691   149 epoch_txn_queue_manager.h:17] All threads reached barrier, epoch: 6241, count: 4
2026-09-16T12:09:47.939180924Z I20260916 12:09:47.939097   143 consensus_control_block.h:289] consensus of epoch=6240 has reach, all vote yes.
2026-09-16T12:09:47.944750752Z I20260916 12:09:47.944669   147 transaction_manager_impl.cpp:120] Total, abort: 4 commit: 913
2026-09-16T12:09:47.944763881Z I20260916 12:09:47.944692   147 transaction_manager_impl.cpp:62] Finish with epoch id=6240
2026-09-16T12:09:47.952944392Z I20260916 12:09:47.952864    44 block_storage_to_file.cpp:46] block store in file successfully, epoch=6240
2026-09-16T12:09:47.995667803Z I20260916 12:09:47.995574   150 epoch_txn_queue_manager.h:17] All threads reached barrier, epoch: 6242, count: 4
2026-09-16T12:09:47.998700891Z I20260916 12:09:47.998608   143 consensus_control_block.h:289] consensus of epoch=6241 has reach, all vote yes.
2026-09-16T12:09:47.999755067Z I20260916 12:09:47.999680   147 transaction_manager_impl.cpp:120] Total, abort: 0 commit: 174
2026-09-16T12:09:47.999761318Z I20260916 12:09:47.999691   147 transaction_manager_impl.cpp:62] Finish with epoch id=6241
2026-09-16T12:09:48.001751836Z I20260916 12:09:48.001633    44 block_storage_to_file.cpp:46] block store in file successfully, epoch=6241
2026-09-16T12:09:48.074102162Z I20260916 12:09:48.073962   143 consensus_control_block.h:289] consensus of epoch=6242 has reach, all vote yes.
2026-09-16T12:09:48.116726954Z I20260916 12:09:48.116601   150 epoch_txn_queue_manager.h:17] All threads reached barrier, epoch: 6243, count: 4
2026-09-16T12:09:48.121083823Z I20260916 12:09:48.120985   147 transaction_manager_impl.cpp:120] Total, abort: 4 commit: 505
2026-09-16T12:09:48.121094801Z I20260916 12:09:48.120997   147 transaction_manager_impl.cpp:62] Finish with epoch id=6242
2026-09-16T12:09:48.126014210Z I20260916 12:09:48.125912    44 block_storage_to_file.cpp:46] block store in file successfully, epoch=6242
2026-09-16T12:09:48.137004157Z I20260916 12:09:48.136879   143 consensus_control_block.h:289] consensus of epoch=6243 has reach, all vote yes.
2026-09-16T12:09:48.139285726Z I20260916 12:09:48.139196   149 epoch_txn_queue_manager.h:17] All threads reached barrier, epoch: 6244, count: 4
2026-09-16T12:09:48.147201560Z I20260916 12:09:48.147027   147 transaction_manager_impl.cpp:120] Total, abort: 5 commit: 1085
2026-09-16T12:09:48.147229525Z I20260916 12:09:48.147053   147 transaction_manager_impl.cpp:62] Finish with epoch id=6243
2026-09-16T12:09:48.156447781Z I20260916 12:09:48.156311    44 block_storage_to_file.cpp:46] block store in file successfully, epoch=6243
2026-09-16T12:09:48.208921611Z I20260916 12:09:48.208847   152 epoch_txn_queue_manager.h:17] All threads reached barrier, epoch: 6245, count: 4
2026-09-16T12:09:48.210610564Z I20260916 12:09:48.210520   143 consensus_control_block.h:289] consensus of epoch=6244 has reach, all vote yes.
2026-09-16T12:09:48.211738063Z I20260916 12:09:48.211652   147 transaction_manager_impl.cpp:120] Total, abort: 0 commit: 229
2026-09-16T12:09:48.211740761Z I20260916 12:09:48.211681   147 transaction_manager_impl.cpp:62] Finish with epoch id=6244
2026-09-16T12:09:48.214517799Z I20260916 12:09:48.214425    44 block_storage_to_file.cpp:46] block store in file successfully, epoch=6244
2026-09-16T12:09:48.240007333Z I20260916 12:09:48.239912   149 epoch_txn_queue_manager.h:17] All threads reached barrier, epoch: 6246, count: 4
2026-09-16T12:09:48.244935194Z I20260916 12:09:48.244841   143 consensus_control_block.h:289] consensus of epoch=6245 has reach, all vote yes.
2026-09-16T12:09:48.248487390Z I20260916 12:09:48.248394   147 transaction_manager_impl.cpp:120] Total, abort: 4 commit: 609
2026-09-16T12:09:48.248499365Z I20260916 12:09:48.248412   147 transaction_manager_impl.cpp:62] Finish with epoch id=6245
2026-09-16T12:09:48.253370179Z I20260916 12:09:48.253291    44 block_storage_to_file.cpp:46] block store in file successfully, epoch=6245
2026-09-16T12:09:48.326976689Z I20260916 12:09:48.326891   143 consensus_control_block.h:289] consensus of epoch=6246 has reach, all vote yes.
2026-09-16T12:09:48.340801688Z I20260916 12:09:48.339787   152 epoch_txn_queue_manager.h:17] All threads reached barrier, epoch: 6247, count: 4
2026-09-16T12:09:48.342231627Z I20260916 12:09:48.342111   147 transaction_manager_impl.cpp:120] Total, abort: 0 commit: 297
2026-09-16T12:09:48.342244066Z I20260916 12:09:48.342141   147 transaction_manager_impl.cpp:62] Finish with epoch id=6246
2026-09-16T12:09:48.345290973Z I20260916 12:09:48.345202    44 block_storage_to_file.cpp:46] block store in file successfully, epoch=6246
2026-09-16T12:09:48.401086798Z I20260916 12:09:48.400965   149 epoch_txn_queue_manager.h:17] All threads reached barrier, epoch: 6248, count: 4
2026-09-16T12:09:48.402880590Z I20260916 12:09:48.402802   143 consensus_control_block.h:289] consensus of epoch=6247 has reach, all vote yes.
2026-09-16T12:09:48.410302527Z I20260916 12:09:48.407414   147 transaction_manager_impl.cpp:120] Total, abort: 4 commit: 883
2026-09-16T12:09:48.410314886Z I20260916 12:09:48.407437   147 transaction_manager_impl.cpp:62] Finish with epoch id=6247
2026-09-16T12:09:48.415225849Z I20260916 12:09:48.415061    44 block_storage_to_file.cpp:46] block store in file successfully, epoch=6247
2026-09-16T12:09:48.439100401Z I20260916 12:09:48.438967   143 consensus_control_block.h:289] consensus of epoch=6248 has reach, all vote yes.
2026-09-16T12:09:48.440805160Z I20260916 12:09:48.440661   152 epoch_txn_queue_manager.h:17] All threads reached barrier, epoch: 6249, count: 4
2026-09-16T12:09:48.444578644Z I20260916 12:09:48.444499   147 transaction_manager_impl.cpp:120] Total, abort: 5 commit: 566
2026-09-16T12:09:48.444588359Z I20260916 12:09:48.444515   147 transaction_manager_impl.cpp:62] Finish with epoch id=6248
2026-09-16T12:09:48.449884051Z I20260916 12:09:48.449812    44 block_storage_to_file.cpp:46] block store in file successfully, epoch=6248
2026-09-16T12:09:48.502055459Z I20260916 12:09:48.501910   149 epoch_txn_queue_manager.h:17] All threads reached barrier, epoch: 6250, count: 4
2026-09-16T12:09:48.502718647Z I20260916 12:09:48.502638   143 consensus_control_block.h:289] consensus of epoch=6249 has reach, all vote yes.
2026-09-16T12:09:48.504351321Z I20260916 12:09:48.504292   147 transaction_manager_impl.cpp:120] Total, abort: 0 commit: 341
2026-09-16T12:09:48.504357701Z I20260916 12:09:48.504312   147 transaction_manager_impl.cpp:62] Finish with epoch id=6249
2026-09-16T12:09:48.507589601Z I20260916 12:09:48.507485    44 block_storage_to_file.cpp:46] block store in file successfully, epoch=6249
2026-09-16T12:09:48.539904656Z I20260916 12:09:48.539778   150 epoch_txn_queue_manager.h:17] All threads reached barrier, epoch: 6251, count: 4
2026-09-16T12:09:48.557999002Z I20260916 12:09:48.557819   143 consensus_control_block.h:289] consensus of epoch=6250 has reach, all vote yes.
2026-09-16T12:09:48.560940828Z I20260916 12:09:48.560856   147 transaction_manager_impl.cpp:120] Total, abort: 4 commit: 566
2026-09-16T12:09:48.560947524Z I20260916 12:09:48.560870   147 transaction_manager_impl.cpp:62] Finish with epoch id=6250
2026-09-16T12:09:48.565841320Z I20260916 12:09:48.565753    44 block_storage_to_file.cpp:46] block store in file successfully, epoch=6250
2026-09-16T12:09:48.600295586Z I20260916 12:09:48.600226   150 epoch_txn_queue_manager.h:17] All threads reached barrier, epoch: 6252, count: 4
2026-09-16T12:09:48.605549409Z I20260916 12:09:48.605463   143 consensus_control_block.h:289] consensus of epoch=6251 has reach, all vote yes.
2026-09-16T12:09:48.607323928Z I20260916 12:09:48.607267   147 transaction_manager_impl.cpp:120] Total, abort: 0 commit: 316
2026-09-16T12:09:48.607334375Z I20260916 12:09:48.607277   147 transaction_manager_impl.cpp:62] Finish with epoch id=6251
2026-09-16T12:09:48.610041132Z I20260916 12:09:48.609928    44 block_storage_to_file.cpp:46] block store in file successfully, epoch=6251
2026-09-16T12:09:48.640604447Z I20260916 12:09:48.640478   150 epoch_txn_queue_manager.h:17] All threads reached barrier, epoch: 6253, count: 4
2026-09-16T12:09:48.652671763Z I20260916 12:09:48.652549   143 consensus_control_block.h:289] consensus of epoch=6252 has reach, all vote yes.
2026-09-16T12:09:48.655362167Z I20260916 12:09:48.655295   147 transaction_manager_impl.cpp:120] Total, abort: 4 commit: 544
2026-09-16T12:09:48.655379832Z I20260916 12:09:48.655308   147 transaction_manager_impl.cpp:62] Finish with epoch id=6252
2026-09-16T12:09:48.659716316Z I20260916 12:09:48.659569    44 block_storage_to_file.cpp:46] block store in file successfully, epoch=6252
2026-09-16T12:09:48.728062163Z I20260916 12:09:48.727927   143 consensus_control_block.h:289] consensus of epoch=6253 has reach, all vote yes.
2026-09-16T12:09:48.741376703Z I20260916 12:09:48.741295   150 epoch_txn_queue_manager.h:17] All threads reached barrier, epoch: 6254, count: 4
2026-09-16T12:09:48.744078660Z I20260916 12:09:48.743981   147 transaction_manager_impl.cpp:120] Total, abort: 0 commit: 362
2026-09-16T12:09:48.744089119Z I20260916 12:09:48.744021   147 transaction_manager_impl.cpp:62] Finish with epoch id=6253
2026-09-16T12:09:48.747961871Z I20260916 12:09:48.747856    44 block_storage_to_file.cpp:46] block store in file successfully, epoch=6253
2026-09-16T12:09:48.796441216Z I20260916 12:09:48.796321   143 consensus_control_block.h:289] consensus of epoch=6254 has reach, all vote yes.
2026-09-16T12:09:48.799634974Z I20260916 12:09:48.799399   151 epoch_txn_queue_manager.h:17] All threads reached barrier, epoch: 6255, count: 4
2026-09-16T12:09:48.804896984Z I20260916 12:09:48.804790   147 transaction_manager_impl.cpp:120] Total, abort: 5 commit: 906
2026-09-16T12:09:48.804909809Z I20260916 12:09:48.804824   147 transaction_manager_impl.cpp:62] Finish with epoch id=6254
2026-09-16T12:09:48.812484557Z I20260916 12:09:48.812366    44 block_storage_to_file.cpp:46] block store in file successfully, epoch=6254
2026-09-16T12:09:48.841904043Z I20260916 12:09:48.841825   150 epoch_txn_queue_manager.h:17] All threads reached barrier, epoch: 6256, count: 4
2026-09-16T12:09:48.856209737Z I20260916 12:09:48.856065   143 consensus_control_block.h:289] consensus of epoch=6255 has reach, all vote yes.
2026-09-16T12:09:48.859702925Z I20260916 12:09:48.859604   147 transaction_manager_impl.cpp:120] Total, abort: 4 commit: 521
2026-09-16T12:09:48.859717540Z I20260916 12:09:48.859617   147 transaction_manager_impl.cpp:62] Finish with epoch id=6255
2026-09-16T12:09:48.865031787Z I20260916 12:09:48.864892    44 block_storage_to_file.cpp:46] block store in file successfully, epoch=6255
2026-09-16T12:09:48.887828918Z [epoch] I20260916 12:09:48.887656     7 chain_client.cpp:83] Sending Request to epoch_server_group at qps=0 latency=0
2026-09-16T12:09:48.894971833Z I20260916 12:09:48.894858   149 epoch_txn_queue_manager.h:17] All threads reached barrier, epoch: 6257, count: 4
2026-09-16T12:09:48.896409831Z I20260916 12:09:48.896325   143 consensus_control_block.h:289] consensus of epoch=6256 has reach, all vote yes.
2026-09-16T12:09:48.899064240Z I20260916 12:09:48.898952   147 transaction_manager_impl.cpp:120] Total, abort: 0 commit: 386
2026-09-16T12:09:48.899074733Z I20260916 12:09:48.898972   147 transaction_manager_impl.cpp:62] Finish with epoch id=6256
2026-09-16T12:09:48.902912850Z I20260916 12:09:48.902805    44 block_storage_to_file.cpp:46] block store in file successfully, epoch=6256
2026-09-16T12:09:48.940694291Z I20260916 12:09:48.940532   151 epoch_txn_queue_manager.h:17] All threads reached barrier, epoch: 6258, count: 4
2026-09-16T12:09:48.945467041Z I20260916 12:09:48.945369   143 consensus_control_block.h:289] consensus of epoch=6257 has reach, all vote yes.
2026-09-16T12:09:48.949657488Z I20260916 12:09:48.949561   147 transaction_manager_impl.cpp:120] Total, abort: 4 commit: 497
2026-09-16T12:09:48.949672951Z I20260916 12:09:48.949582   147 transaction_manager_impl.cpp:62] Finish with epoch id=6257
2026-09-16T12:09:48.953980259Z I20260916 12:09:48.953815    44 block_storage_to_file.cpp:46] block store in file successfully, epoch=6257
2026-09-16T12:09:48.994781284Z I20260916 12:09:48.994663   152 epoch_txn_queue_manager.h:17] All threads reached barrier, epoch: 6259, count: 4
2026-09-16T12:09:48.995153821Z I20260916 12:09:48.995047   143 consensus_control_block.h:289] consensus of epoch=6258 has reach, all vote yes.
2026-09-16T12:09:48.998298174Z I20260916 12:09:48.998205   147 transaction_manager_impl.cpp:120] Total, abort: 0 commit: 388
2026-09-16T12:09:48.998310390Z I20260916 12:09:48.998229   147 transaction_manager_impl.cpp:62] Finish with epoch id=6258
2026-09-16T12:09:49.001603474Z I20260916 12:09:49.001497    44 block_storage_to_file.cpp:46] block store in file successfully, epoch=6258
2026-09-16T12:09:49.053170145Z I20260916 12:09:49.053033   143 consensus_control_block.h:289] consensus of epoch=6259 has reach, all vote yes.
2026-09-16T12:09:49.056036219Z I20260916 12:09:49.055956   149 epoch_txn_queue_manager.h:17] All threads reached barrier, epoch: 6260, count: 4
2026-09-16T12:09:49.062637887Z I20260916 12:09:49.062546   147 transaction_manager_impl.cpp:120] Total, abort: 4 commit: 497
2026-09-16T12:09:49.062651396Z I20260916 12:09:49.062559   147 transaction_manager_impl.cpp:62] Finish with epoch id=6259
2026-09-16T12:09:49.066936733Z I20260916 12:09:49.066814    44 block_storage_to_file.cpp:46] block store in file successfully, epoch=6259
2026-09-16T12:09:49.118276897Z I20260916 12:09:49.118161   143 consensus_control_block.h:289] consensus of epoch=6260 has reach, all vote yes.
2026-09-16T12:09:49.121807724Z I20260916 12:09:49.121758   151 epoch_txn_queue_manager.h:17] All threads reached barrier, epoch: 6261, count: 4
2026-09-16T12:09:49.125660698Z I20260916 12:09:49.125553   147 transaction_manager_impl.cpp:120] Total, abort: 0 commit: 566
2026-09-16T12:09:49.125668091Z I20260916 12:09:49.125569   147 transaction_manager_impl.cpp:62] Finish with epoch id=6260
2026-09-16T12:09:49.130352308Z I20260916 12:09:49.130273    44 block_storage_to_file.cpp:46] block store in file successfully, epoch=6260
2026-09-16T12:09:49.177451823Z I20260916 12:09:49.177332   143 consensus_control_block.h:289] consensus of epoch=6261 has reach, all vote yes.
2026-09-16T12:09:49.185819771Z I20260916 12:09:49.185683   152 epoch_txn_queue_manager.h:17] All threads reached barrier, epoch: 6262, count: 4
2026-09-16T12:09:49.191258452Z I20260916 12:09:49.191126   147 transaction_manager_impl.cpp:120] Total, abort: 4 commit: 564
2026-09-16T12:09:49.191273559Z I20260916 12:09:49.191169   147 transaction_manager_impl.cpp:62] Finish with epoch id=6261
2026-09-16T12:09:49.195745836Z I20260916 12:09:49.195662    44 block_storage_to_file.cpp:46] block store in file successfully, epoch=6261
2026-09-16T12:09:49.277783807Z I20260916 12:09:49.277650   143 consensus_control_block.h:289] consensus of epoch=6262 has reach, all vote yes.
2026-09-16T12:09:49.307781887Z I20260916 12:09:49.307677   149 epoch_txn_queue_manager.h:17] All threads reached barrier, epoch: 6263, count: 4
2026-09-16T12:09:49.312330908Z I20260916 12:09:49.312244   147 transaction_manager_impl.cpp:120] Total, abort: 2 commit: 595
2026-09-16T12:09:49.312344485Z I20260916 12:09:49.312258   147 transaction_manager_impl.cpp:62] Finish with epoch id=6262
2026-09-16T12:09:49.317932242Z I20260916 12:09:49.317809    44 block_storage_to_file.cpp:46] block store in file successfully, epoch=6262
2026-09-16T12:09:49.343299638Z I20260916 12:09:49.343192   151 epoch_txn_queue_manager.h:17] All threads reached barrier, epoch: 6264, count: 4
2026-09-16T12:09:49.349964638Z I20260916 12:09:49.349854   143 consensus_control_block.h:289] consensus of epoch=6263 has reach, all vote yes.
2026-09-16T12:09:49.358095402Z I20260916 12:09:49.357993   147 transaction_manager_impl.cpp:120] Total, abort: 7 commit: 1105
2026-09-16T12:09:49.358109246Z I20260916 12:09:49.358011   147 transaction_manager_impl.cpp:62] Finish with epoch id=6263
2026-09-16T12:09:49.367432364Z I20260916 12:09:49.367311    44 block_storage_to_file.cpp:46] block store in file successfully, epoch=6263
2026-09-16T12:09:49.398500115Z I20260916 12:09:49.398382   149 epoch_txn_queue_manager.h:17] All threads reached barrier, epoch: 6265, count: 4
2026-09-16T12:09:49.399956659Z I20260916 12:09:49.399856   143 consensus_control_block.h:289] consensus of epoch=6264 has reach, all vote yes.
2026-09-16T12:09:49.401212013Z I20260916 12:09:49.401146   147 transaction_manager_impl.cpp:120] Total, abort: 0 commit: 297
2026-09-16T12:09:49.401217842Z I20260916 12:09:49.401158   147 transaction_manager_impl.cpp:62] Finish with epoch id=6264
2026-09-16T12:09:49.403836900Z I20260916 12:09:49.403750    44 block_storage_to_file.cpp:46] block store in file successfully, epoch=6264
2026-09-16T12:09:49.438721209Z I20260916 12:09:49.438619   149 epoch_txn_queue_manager.h:17] All threads reached barrier, epoch: 6266, count: 4
2026-09-16T12:09:49.440813017Z I20260916 12:09:49.440711   143 consensus_control_block.h:289] consensus of epoch=6265 has reach, all vote yes.
2026-09-16T12:09:49.446017625Z I20260916 12:09:49.445940   147 transaction_manager_impl.cpp:120] Total, abort: 5 commit: 522
2026-09-16T12:09:49.446036068Z I20260916 12:09:49.445951   147 transaction_manager_impl.cpp:62] Finish with epoch id=6265
2026-09-16T12:09:49.450200941Z I20260916 12:09:49.450120    44 block_storage_to_file.cpp:46] block store in file successfully, epoch=6265
2026-09-16T12:09:49.491796119Z I20260916 12:09:49.491672   143 consensus_control_block.h:289] consensus of epoch=6266 has reach, all vote yes.
2026-09-16T12:09:49.494535394Z I20260916 12:09:49.494499   151 epoch_txn_queue_manager.h:17] All threads reached barrier, epoch: 6267, count: 4
2026-09-16T12:09:49.498023372Z I20260916 12:09:49.497833   147 transaction_manager_impl.cpp:120] Total, abort: 0 commit: 359
2026-09-16T12:09:49.498043847Z I20260916 12:09:49.497862   147 transaction_manager_impl.cpp:62] Finish with epoch id=6266
2026-09-16T12:09:49.501294728Z I20260916 12:09:49.501165    44 block_storage_to_file.cpp:46] block store in file successfully, epoch=6266
2026-09-16T12:09:49.546725172Z I20260916 12:09:49.546622   143 consensus_control_block.h:289] consensus of epoch=6267 has reach, all vote yes.
2026-09-16T12:09:49.548675410Z I20260916 12:09:49.548491   152 epoch_txn_queue_manager.h:17] All threads reached barrier, epoch: 6268, count: 4
2026-09-16T12:09:49.552224386Z I20260916 12:09:49.552122   147 transaction_manager_impl.cpp:120] Total, abort: 4 commit: 479
2026-09-16T12:09:49.552314383Z I20260916 12:09:49.552204   147 transaction_manager_impl.cpp:62] Finish with epoch id=6267
2026-09-16T12:09:49.556679254Z I20260916 12:09:49.556574    44 block_storage_to_file.cpp:46] block store in file successfully, epoch=6267
2026-09-16T12:09:49.609936398Z I20260916 12:09:49.609843   149 epoch_txn_queue_manager.h:17] All threads reached barrier, epoch: 6269, count: 4
2026-09-16T12:09:49.610859096Z I20260916 12:09:49.610749   143 consensus_control_block.h:289] consensus of epoch=6268 has reach, all vote yes.
2026-09-16T12:09:49.613436809Z I20260916 12:09:49.613339   147 transaction_manager_impl.cpp:120] Total, abort: 0 commit: 496
2026-09-16T12:09:49.613443898Z I20260916 12:09:49.613351   147 transaction_manager_impl.cpp:62] Finish with epoch id=6268
2026-09-16T12:09:49.618074845Z I20260916 12:09:49.617964    44 block_storage_to_file.cpp:46] block store in file successfully, epoch=6268
2026-09-16T12:09:49.678929730Z I20260916 12:09:49.678810   143 consensus_control_block.h:289] consensus of epoch=6269 has reach, all vote yes.
2026-09-16T12:09:49.740957395Z I20260916 12:09:49.740834   149 epoch_txn_queue_manager.h:17] All threads reached barrier, epoch: 6270, count: 4
2026-09-16T12:09:49.746471255Z I20260916 12:09:49.746338   147 transaction_manager_impl.cpp:120] Total, abort: 5 commit: 566
2026-09-16T12:09:49.746485817Z I20260916 12:09:49.746369   147 transaction_manager_impl.cpp:62] Finish with epoch id=6269
2026-09-16T12:09:49.754594781Z I20260916 12:09:49.754504    44 block_storage_to_file.cpp:46] block store in file successfully, epoch=6269
2026-09-16T12:09:49.802623398Z I20260916 12:09:49.802507   143 consensus_control_block.h:289] consensus of epoch=6270 has reach, all vote yes.
2026-09-16T12:09:49.806586884Z I20260916 12:09:49.806526   151 epoch_txn_queue_manager.h:17] All threads reached barrier, epoch: 6271, count: 4
2026-09-16T12:09:49.814685971Z I20260916 12:09:49.814486   147 transaction_manager_impl.cpp:120] Total, abort: 4 commit: 1178
2026-09-16T12:09:49.814727005Z I20260916 12:09:49.814507   147 transaction_manager_impl.cpp:62] Finish with epoch id=6270
2026-09-16T12:09:49.826510977Z I20260916 12:09:49.826390    44 block_storage_to_file.cpp:46] block store in file successfully, epoch=6270
2026-09-16T12:09:49.839397696Z I20260916 12:09:49.839308   143 consensus_control_block.h:289] consensus of epoch=6271 has reach, all vote yes.
2026-09-16T12:09:49.841427381Z I20260916 12:09:49.841344   149 epoch_txn_queue_manager.h:17] All threads reached barrier, epoch: 6272, count: 4
2026-09-16T12:09:49.845016638Z I20260916 12:09:49.844964   147 transaction_manager_impl.cpp:120] Total, abort: 4 commit: 564
2026-09-16T12:09:49.845024522Z I20260916 12:09:49.844980   147 transaction_manager_impl.cpp:62] Finish with epoch id=6271
2026-09-16T12:09:49.849993647Z I20260916 12:09:49.849895    44 block_storage_to_file.cpp:46] block store in file successfully, epoch=6271
2026-09-16T12:09:49.887902662Z [epoch] I20260916 12:09:49.887755     7 chain_client.cpp:83] Sending Request to epoch_server_group at qps=0 latency=0
2026-09-16T12:09:49.902121987Z I20260916 12:09:49.901997   149 epoch_txn_queue_manager.h:17] All threads reached barrier, epoch: 6273, count: 4
2026-09-16T12:09:49.902552834Z I20260916 12:09:49.902456   143 consensus_control_block.h:289] consensus of epoch=6272 has reach, all vote yes.
2026-09-16T12:09:49.904364920Z I20260916 12:09:49.904282   147 transaction_manager_impl.cpp:120] Total, abort: 0 commit: 345
2026-09-16T12:09:49.904369981Z I20260916 12:09:49.904302   147 transaction_manager_impl.cpp:62] Finish with epoch id=6272
2026-09-16T12:09:49.907715769Z I20260916 12:09:49.907507    44 block_storage_to_file.cpp:46] block store in file successfully, epoch=6272
2026-09-16T12:09:49.932466312Z I20260916 12:09:49.932361   143 consensus_control_block.h:289] consensus of epoch=6273 has reach, all vote yes.
2026-09-16T12:09:49.942333294Z I20260916 12:09:49.942243   149 epoch_txn_queue_manager.h:17] All threads reached barrier, epoch: 6274, count: 4
2026-09-16T12:09:49.946010458Z I20260916 12:09:49.945924   147 transaction_manager_impl.cpp:120] Total, abort: 4 commit: 542
2026-09-16T12:09:49.946021656Z I20260916 12:09:49.945941   147 transaction_manager_impl.cpp:62] Finish with epoch id=6273
2026-09-16T12:09:49.950871879Z I20260916 12:09:49.950785    44 block_storage_to_file.cpp:46] block store in file successfully, epoch=6273
2026-09-16T12:09:50.001497149Z I20260916 12:09:50.001366   152 epoch_txn_queue_manager.h:17] All threads reached barrier, epoch: 6275, count: 4
2026-09-16T12:09:50.003443123Z I20260916 12:09:50.003337   143 consensus_control_block.h:289] consensus of epoch=6274 has reach, all vote yes.
2026-09-16T12:09:50.006527372Z I20260916 12:09:50.006462   147 transaction_manager_impl.cpp:120] Total, abort: 0 commit: 362
2026-09-16T12:09:50.006539788Z I20260916 12:09:50.006474   147 transaction_manager_impl.cpp:62] Finish with epoch id=6274
2026-09-16T12:09:50.009520011Z I20260916 12:09:50.009421    44 block_storage_to_file.cpp:46] block store in file successfully, epoch=6274
2026-09-16T12:09:50.042981174Z I20260916 12:09:50.042899   149 epoch_txn_queue_manager.h:17] All threads reached barrier, epoch: 6276, count: 4
2026-09-16T12:09:50.058182204Z I20260916 12:09:50.058080   143 consensus_control_block.h:289] consensus of epoch=6275 has reach, all vote yes.
2026-09-16T12:09:50.061726200Z I20260916 12:09:50.061617   147 transaction_manager_impl.cpp:120] Total, abort: 4 commit: 523
2026-09-16T12:09:50.061738912Z I20260916 12:09:50.061640   147 transaction_manager_impl.cpp:62] Finish with epoch id=6275
2026-09-16T12:09:50.066337516Z I20260916 12:09:50.066223    44 block_storage_to_file.cpp:46] block store in file successfully, epoch=6275
2026-09-16T12:09:50.103385665Z I20260916 12:09:50.103284   149 epoch_txn_queue_manager.h:17] All threads reached barrier, epoch: 6277, count: 4
2026-09-16T12:09:50.103709731Z I20260916 12:09:50.103615   143 consensus_control_block.h:289] consensus of epoch=6276 has reach, all vote yes.
2026-09-16T12:09:50.105520647Z I20260916 12:09:50.105403   147 transaction_manager_impl.cpp:120] Total, abort: 0 commit: 380
2026-09-16T12:09:50.105528543Z I20260916 12:09:50.105432   147 transaction_manager_impl.cpp:62] Finish with epoch id=6276
2026-09-16T12:09:50.108731947Z I20260916 12:09:50.108660    44 block_storage_to_file.cpp:46] block store in file successfully, epoch=6276
2026-09-16T12:09:50.143607215Z I20260916 12:09:50.143513   149 epoch_txn_queue_manager.h:17] All threads reached barrier, epoch: 6278, count: 4
2026-09-16T12:09:50.154565790Z I20260916 12:09:50.154461   143 consensus_control_block.h:289] consensus of epoch=6277 has reach, all vote yes.
2026-09-16T12:09:50.157579467Z I20260916 12:09:50.157497   147 transaction_manager_impl.cpp:120] Total, abort: 4 commit: 547
2026-09-16T12:09:50.157585914Z I20260916 12:09:50.157508   147 transaction_manager_impl.cpp:62] Finish with epoch id=6277
2026-09-16T12:09:50.162385383Z I20260916 12:09:50.162274    44 block_storage_to_file.cpp:46] block store in file successfully, epoch=6277
2026-09-16T12:09:50.201586964Z I20260916 12:09:50.201407   150 epoch_txn_queue_manager.h:17] All threads reached barrier, epoch: 6279, count: 4
2026-09-16T12:09:50.205093095Z I20260916 12:09:50.204990   143 consensus_control_block.h:289] consensus of epoch=6278 has reach, all vote yes.
2026-09-16T12:09:50.207427043Z I20260916 12:09:50.207356   147 transaction_manager_impl.cpp:120] Total, abort: 0 commit: 364
2026-09-16T12:09:50.207435146Z I20260916 12:09:50.207376   147 transaction_manager_impl.cpp:62] Finish with epoch id=6278
2026-09-16T12:09:50.210681571Z I20260916 12:09:50.210534    44 block_storage_to_file.cpp:46] block store in file successfully, epoch=6278
2026-09-16T12:09:50.262533541Z I20260916 12:09:50.262418   143 consensus_control_block.h:289] consensus of epoch=6279 has reach, all vote yes.
2026-09-16T12:09:50.265389784Z I20260916 12:09:50.265272   149 epoch_txn_queue_manager.h:17] All threads reached barrier, epoch: 6280, count: 4
2026-09-16T12:09:50.269544138Z I20260916 12:09:50.269464   147 transaction_manager_impl.cpp:120] Total, abort: 4 commit: 498
2026-09-16T12:09:50.269555329Z I20260916 12:09:50.269477   147 transaction_manager_impl.cpp:62] Finish with epoch id=6279
2026-09-16T12:09:50.273894754Z I20260916 12:09:50.273739    44 block_storage_to_file.cpp:46] block store in file successfully, epoch=6279
2026-09-16T12:09:50.325316777Z I20260916 12:09:50.325138   149 epoch_txn_queue_manager.h:17] All threads reached barrier, epoch: 6281, count: 4
2026-09-16T12:09:50.325563669Z I20260916 12:09:50.325501   143 consensus_control_block.h:289] consensus of epoch=6280 has reach, all vote yes.
2026-09-16T12:09:50.329791867Z I20260916 12:09:50.329715   147 transaction_manager_impl.cpp:120] Total, abort: 1 commit: 589
2026-09-16T12:09:50.329804382Z I20260916 12:09:50.329736   147 transaction_manager_impl.cpp:62] Finish with epoch id=6280
2026-09-16T12:09:50.335777862Z I20260916 12:09:50.335700    44 block_storage_to_file.cpp:46] block store in file successfully, epoch=6280
2026-09-16T12:09:50.424158265Z I20260916 12:09:50.424064   143 consensus_control_block.h:289] consensus of epoch=6281 has reach, all vote yes.
2026-09-16T12:09:50.446193724Z I20260916 12:09:50.446071   149 epoch_txn_queue_manager.h:17] All threads reached barrier, epoch: 6282, count: 4
2026-09-16T12:09:50.452046041Z I20260916 12:09:50.450961   147 transaction_manager_impl.cpp:120] Total, abort: 4 commit: 546
2026-09-16T12:09:50.452062315Z I20260916 12:09:50.450995   147 transaction_manager_impl.cpp:62] Finish with epoch id=6281
2026-09-16T12:09:50.456878874Z I20260916 12:09:50.456785    44 block_storage_to_file.cpp:46] block store in file successfully, epoch=6281
2026-09-16T12:09:50.506534493Z I20260916 12:09:50.506397   149 epoch_txn_queue_manager.h:17] All threads reached barrier, epoch: 6283, count: 4
2026-09-16T12:09:50.506994580Z I20260916 12:09:50.506884   143 consensus_control_block.h:289] consensus of epoch=6282 has reach, all vote yes.
2026-09-16T12:09:50.512474945Z I20260916 12:09:50.512353   147 transaction_manager_impl.cpp:120] Total, abort: 4 commit: 1085
2026-09-16T12:09:50.512489794Z I20260916 12:09:50.512375   147 transaction_manager_impl.cpp:62] Finish with epoch id=6282
2026-09-16T12:09:50.522826252Z I20260916 12:09:50.522681    44 block_storage_to_file.cpp:46] block store in file successfully, epoch=6282
2026-09-16T12:09:50.544241016Z I20260916 12:09:50.544142   143 consensus_control_block.h:289] consensus of epoch=6283 has reach, all vote yes.
2026-09-16T12:09:50.545217244Z I20260916 12:09:50.545158   152 epoch_txn_queue_manager.h:17] All threads reached barrier, epoch: 6284, count: 4
2026-09-16T12:09:50.549792437Z I20260916 12:09:50.549667   147 transaction_manager_impl.cpp:120] Total, abort: 5 commit: 543
2026-09-16T12:09:50.549802910Z I20260916 12:09:50.549686   147 transaction_manager_impl.cpp:62] Finish with epoch id=6283
2026-09-16T12:09:50.555001170Z I20260916 12:09:50.554896    44 block_storage_to_file.cpp:46] block store in file successfully, epoch=6283
2026-09-16T12:09:50.607253614Z I20260916 12:09:50.607126   149 epoch_txn_queue_manager.h:17] All threads reached barrier, epoch: 6285, count: 4
2026-09-16T12:09:50.607469620Z I20260916 12:09:50.607360   143 consensus_control_block.h:289] consensus of epoch=6284 has reach, all vote yes.
2026-09-16T12:09:50.609549344Z I20260916 12:09:50.609483   147 transaction_manager_impl.cpp:120] Total, abort: 0 commit: 338
2026-09-16T12:09:50.609560124Z I20260916 12:09:50.609527   147 transaction_manager_impl.cpp:62] Finish with epoch id=6284
2026-09-16T12:09:50.613642919Z I20260916 12:09:50.613541    44 block_storage_to_file.cpp:46] block store in file successfully, epoch=6284
2026-09-16T12:09:50.646010255Z I20260916 12:09:50.645920   152 epoch_txn_queue_manager.h:17] All threads reached barrier, epoch: 6286, count: 4
2026-09-16T12:09:50.646449710Z I20260916 12:09:50.646337   143 consensus_control_block.h:289] consensus of epoch=6285 has reach, all vote yes.
2026-09-16T12:09:50.650452076Z I20260916 12:09:50.650369   147 transaction_manager_impl.cpp:120] Total, abort: 5 commit: 567
2026-09-16T12:09:50.650462659Z I20260916 12:09:50.650382   147 transaction_manager_impl.cpp:62] Finish with epoch id=6285
2026-09-16T12:09:50.655381363Z I20260916 12:09:50.655301    44 block_storage_to_file.cpp:46] block store in file successfully, epoch=6285
2026-09-16T12:09:50.697903359Z I20260916 12:09:50.697801   149 epoch_txn_queue_manager.h:17] All threads reached barrier, epoch: 6287, count: 4
2026-09-16T12:09:50.699109820Z I20260916 12:09:50.699010   143 consensus_control_block.h:289] consensus of epoch=6286 has reach, all vote yes.
2026-09-16T12:09:50.700751285Z I20260916 12:09:50.700680   147 transaction_manager_impl.cpp:120] Total, abort: 0 commit: 342
2026-09-16T12:09:50.700756101Z I20260916 12:09:50.700690   147 transaction_manager_impl.cpp:62] Finish with epoch id=6286
2026-09-16T12:09:50.704019743Z I20260916 12:09:50.703933    44 block_storage_to_file.cpp:46] block store in file successfully, epoch=6286
2026-09-16T12:09:50.782148553Z I20260916 12:09:50.782025   143 consensus_control_block.h:289] consensus of epoch=6287 has reach, all vote yes.
2026-09-16T12:09:50.818651364Z I20260916 12:09:50.818511   149 epoch_txn_queue_manager.h:17] All threads reached barrier, epoch: 6288, count: 4
2026-09-16T12:09:50.822517313Z I20260916 12:09:50.822414   147 transaction_manager_impl.cpp:120] Total, abort: 4 commit: 475
2026-09-16T12:09:50.822529553Z I20260916 12:09:50.822435   147 transaction_manager_impl.cpp:62] Finish with epoch id=6287
2026-09-16T12:09:50.827873245Z I20260916 12:09:50.827785    44 block_storage_to_file.cpp:46] block store in file successfully, epoch=6287
2026-09-16T12:09:50.846762983Z I20260916 12:09:50.846621   151 epoch_txn_queue_manager.h:17] All threads reached barrier, epoch: 6289, count: 4
2026-09-16T12:09:50.848595007Z I20260916 12:09:50.848482   143 consensus_control_block.h:289] consensus of epoch=6288 has reach, all vote yes.
2026-09-16T12:09:50.854678776Z I20260916 12:09:50.854604   147 transaction_manager_impl.cpp:120] Total, abort: 5 commit: 1085
2026-09-16T12:09:50.854688366Z I20260916 12:09:50.854616   147 transaction_manager_impl.cpp:62] Finish with epoch id=6288
2026-09-16T12:09:50.863495956Z I20260916 12:09:50.863381    44 block_storage_to_file.cpp:46] block store in file successfully, epoch=6288
2026-09-16T12:09:50.887995791Z [epoch] I20260916 12:09:50.887848     7 chain_client.cpp:83] Sending Request to epoch_server_group at qps=0 latency=0
2026-09-16T12:09:50.909180920Z I20260916 12:09:50.909104   149 epoch_txn_queue_manager.h:17] All threads reached barrier, epoch: 6290, count: 4
2026-09-16T12:09:50.910368262Z I20260916 12:09:50.910283   143 consensus_control_block.h:289] consensus of epoch=6289 has reach, all vote yes.
2026-09-16T12:09:50.911409686Z I20260916 12:09:50.911345   147 transaction_manager_impl.cpp:120] Total, abort: 0 commit: 214
2026-09-16T12:09:50.911419191Z I20260916 12:09:50.911355   147 transaction_manager_impl.cpp:62] Finish with epoch id=6289
2026-09-16T12:09:50.913460816Z I20260916 12:09:50.913393    44 block_storage_to_file.cpp:46] block store in file successfully, epoch=6289
2026-09-16T12:09:50.941218636Z I20260916 12:09:50.941098   143 consensus_control_block.h:289] consensus of epoch=6290 has reach, all vote yes.
2026-09-16T12:09:50.979592924Z I20260916 12:09:50.979476   149 epoch_txn_queue_manager.h:17] All threads reached barrier, epoch: 6291, count: 4
2026-09-16T12:09:50.985489270Z I20260916 12:09:50.985394   147 transaction_manager_impl.cpp:120] Total, abort: 4 commit: 611
2026-09-16T12:09:50.985505022Z I20260916 12:09:50.985427   147 transaction_manager_impl.cpp:62] Finish with epoch id=6290
2026-09-16T12:09:50.991014107Z I20260916 12:09:50.990885    44 block_storage_to_file.cpp:46] block store in file successfully, epoch=6290
2026-09-16T12:09:51.034246259Z I20260916 12:09:51.034126   143 consensus_control_block.h:289] consensus of epoch=6291 has reach, all vote yes.
2026-09-16T12:09:51.040134975Z I20260916 12:09:51.040048   149 epoch_txn_queue_manager.h:17] All threads reached barrier, epoch: 6292, count: 4
2026-09-16T12:09:51.044265215Z I20260916 12:09:51.044190   147 transaction_manager_impl.cpp:120] Total, abort: 0 commit: 634
2026-09-16T12:09:51.044275065Z I20260916 12:09:51.044206   147 transaction_manager_impl.cpp:62] Finish with epoch id=6291
2026-09-16T12:09:51.050145123Z I20260916 12:09:51.050026    44 block_storage_to_file.cpp:46] block store in file successfully, epoch=6291
2026-09-16T12:09:51.110736745Z I20260916 12:09:51.110599   149 epoch_txn_queue_manager.h:17] All threads reached barrier, epoch: 6293, count: 4
2026-09-16T12:09:51.112893637Z I20260916 12:09:51.112802   143 consensus_control_block.h:289] consensus of epoch=6292 has reach, all vote yes.
2026-09-16T12:09:51.115795902Z I20260916 12:09:51.115664   147 transaction_manager_impl.cpp:120] Total, abort: 4 commit: 543
2026-09-16T12:09:51.115807989Z I20260916 12:09:51.115693   147 transaction_manager_impl.cpp:62] Finish with epoch id=6292
2026-09-16T12:09:51.120662445Z I20260916 12:09:51.120186    44 block_storage_to_file.cpp:46] block store in file successfully, epoch=6292
2026-09-16T12:09:51.140799098Z I20260916 12:09:51.140686   149 epoch_txn_queue_manager.h:17] All threads reached barrier, epoch: 6294, count: 4
2026-09-16T12:09:51.154981937Z I20260916 12:09:51.154882   143 consensus_control_block.h:289] consensus of epoch=6293 has reach, all vote yes.
2026-09-16T12:09:51.158331343Z I20260916 12:09:51.158231   147 transaction_manager_impl.cpp:120] Total, abort: 4 commit: 635
2026-09-16T12:09:51.158340779Z I20260916 12:09:51.158248   147 transaction_manager_impl.cpp:62] Finish with epoch id=6293
2026-09-16T12:09:51.163738364Z I20260916 12:09:51.163666    44 block_storage_to_file.cpp:46] block store in file successfully, epoch=6293
2026-09-16T12:09:51.211202933Z I20260916 12:09:51.211107   149 epoch_txn_queue_manager.h:17] All threads reached barrier, epoch: 6295, count: 4
2026-09-16T12:09:51.214002654Z I20260916 12:09:51.213908   143 consensus_control_block.h:289] consensus of epoch=6294 has reach, all vote yes.
2026-09-16T12:09:51.216259506Z I20260916 12:09:51.216192   147 transaction_manager_impl.cpp:120] Total, abort: 0 commit: 275
2026-09-16T12:09:51.216266933Z I20260916 12:09:51.216207   147 transaction_manager_impl.cpp:62] Finish with epoch id=6294
2026-09-16T12:09:51.218737144Z I20260916 12:09:51.218569    44 block_storage_to_file.cpp:46] block store in file successfully, epoch=6294
2026-09-16T12:09:51.241478393Z I20260916 12:09:51.241397   149 epoch_txn_queue_manager.h:17] All threads reached barrier, epoch: 6296, count: 4
2026-09-16T12:09:51.247917285Z I20260916 12:09:51.247768   143 consensus_control_block.h:289] consensus of epoch=6295 has reach, all vote yes.
2026-09-16T12:09:51.251968546Z I20260916 12:09:51.251881   147 transaction_manager_impl.cpp:120] Total, abort: 4 commit: 632
2026-09-16T12:09:51.251981045Z I20260916 12:09:51.251893   147 transaction_manager_impl.cpp:62] Finish with epoch id=6295
2026-09-16T12:09:51.257261788Z I20260916 12:09:51.257187    44 block_storage_to_file.cpp:46] block store in file successfully, epoch=6295
2026-09-16T12:09:51.301933400Z I20260916 12:09:51.301827   149 epoch_txn_queue_manager.h:17] All threads reached barrier, epoch: 6297, count: 4
2026-09-16T12:09:51.303194192Z I20260916 12:09:51.303086   143 consensus_control_block.h:289] consensus of epoch=6296 has reach, all vote yes.
2026-09-16T12:09:51.304690177Z I20260916 12:09:51.304626   147 transaction_manager_impl.cpp:120] Total, abort: 0 commit: 273
2026-09-16T12:09:51.304696599Z I20260916 12:09:51.304651   147 transaction_manager_impl.cpp:62] Finish with epoch id=6296
2026-09-16T12:09:51.307188421Z I20260916 12:09:51.307099    44 block_storage_to_file.cpp:46] block store in file successfully, epoch=6296
2026-09-16T12:09:51.383918737Z I20260916 12:09:51.383800   143 consensus_control_block.h:289] consensus of epoch=6297 has reach, all vote yes.
2026-09-16T12:09:51.430904906Z I20260916 12:09:51.430792   151 epoch_txn_queue_manager.h:17] All threads reached barrier, epoch: 6298, count: 4
2026-09-16T12:09:51.435345697Z I20260916 12:09:51.435250   147 transaction_manager_impl.cpp:120] Total, abort: 4 commit: 542
2026-09-16T12:09:51.435358468Z I20260916 12:09:51.435266   147 transaction_manager_impl.cpp:62] Finish with epoch id=6297
2026-09-16T12:09:51.440514730Z I20260916 12:09:51.440409    44 block_storage_to_file.cpp:46] block store in file successfully, epoch=6297
2026-09-16T12:09:51.443019230Z I20260916 12:09:51.442915   143 consensus_control_block.h:289] consensus of epoch=6298 has reach, all vote yes.
2026-09-16T12:09:51.443035361Z I20260916 12:09:51.442976   149 epoch_txn_queue_manager.h:17] All threads reached barrier, epoch: 6299, count: 4
2026-09-16T12:09:51.450015727Z I20260916 12:09:51.449915   147 transaction_manager_impl.cpp:120] Total, abort: 4 commit: 1111
2026-09-16T12:09:51.450029620Z I20260916 12:09:51.449937   147 transaction_manager_impl.cpp:62] Finish with epoch id=6298
2026-09-16T12:09:51.470733013Z I20260916 12:09:51.470629    44 block_storage_to_file.cpp:46] block store in file successfully, epoch=6298
2026-09-16T12:09:51.513535676Z I20260916 12:09:51.513450   149 epoch_txn_queue_manager.h:17] All threads reached barrier, epoch: 6300, count: 4
2026-09-16T12:09:51.514849680Z I20260916 12:09:51.514763   143 consensus_control_block.h:289] consensus of epoch=6299 has reach, all vote yes.
2026-09-16T12:09:51.515784842Z I20260916 12:09:51.515686   147 transaction_manager_impl.cpp:120] Total, abort: 0 commit: 159
2026-09-16T12:09:51.515790479Z I20260916 12:09:51.515697   147 transaction_manager_impl.cpp:62] Finish with epoch id=6299
2026-09-16T12:09:51.517612497Z I20260916 12:09:51.517568    44 block_storage_to_file.cpp:46] block store in file successfully, epoch=6299
2026-09-16T12:09:51.583930113Z I20260916 12:09:51.583840   149 epoch_txn_queue_manager.h:17] All threads reached barrier, epoch: 6301, count: 4
2026-09-16T12:09:51.584357118Z I20260916 12:09:51.584298   143 consensus_control_block.h:289] consensus of epoch=6300 has reach, all vote yes.
2026-09-16T12:09:51.588120069Z I20260916 12:09:51.588013   147 transaction_manager_impl.cpp:120] Total, abort: 4 commit: 636
2026-09-16T12:09:51.588136155Z I20260916 12:09:51.588057   147 transaction_manager_impl.cpp:62] Finish with epoch id=6300
2026-09-16T12:09:51.593374307Z I20260916 12:09:51.593242    44 block_storage_to_file.cpp:46] block store in file successfully, epoch=6300
2026-09-16T12:09:51.644286484Z I20260916 12:09:51.644203   149 epoch_txn_queue_manager.h:17] All threads reached barrier, epoch: 6302, count: 4
2026-09-16T12:09:51.650948760Z I20260916 12:09:51.650833   143 consensus_control_block.h:289] consensus of epoch=6301 has reach, all vote yes.
2026-09-16T12:09:51.654868848Z I20260916 12:09:51.654785   147 transaction_manager_impl.cpp:120] Total, abort: 0 commit: 632
2026-09-16T12:09:51.654879347Z I20260916 12:09:51.654803   147 transaction_manager_impl.cpp:62] Finish with epoch id=6301
2026-09-16T12:09:51.660033705Z I20260916 12:09:51.659962    44 block_storage_to_file.cpp:46] block store in file successfully, epoch=6301
2026-09-16T12:09:51.715173925Z I20260916 12:09:51.714993   149 epoch_txn_queue_manager.h:17] All threads reached barrier, epoch: 6303, count: 4
2026-09-16T12:09:51.716531298Z I20260916 12:09:51.716420   143 consensus_control_block.h:289] consensus of epoch=6302 has reach, all vote yes.
2026-09-16T12:09:51.720090836Z I20260916 12:09:51.719977   147 transaction_manager_impl.cpp:120] Total, abort: 4 commit: 546
2026-09-16T12:09:51.720099378Z I20260916 12:09:51.720001   147 transaction_manager_impl.cpp:62] Finish with epoch id=6302
2026-09-16T12:09:51.726591081Z I20260916 12:09:51.726491    44 block_storage_to_file.cpp:46] block store in file successfully, epoch=6302
2026-09-16T12:09:51.746636779Z I20260916 12:09:51.746511   149 epoch_txn_queue_manager.h:17] All threads reached barrier, epoch: 6304, count: 4
2026-09-16T12:09:51.775122986Z I20260916 12:09:51.774947   143 consensus_control_block.h:289] consensus of epoch=6303 has reach, all vote yes.
2026-09-16T12:09:51.778984532Z I20260916 12:09:51.778903   147 transaction_manager_impl.cpp:120] Total, abort: 4 commit: 634
2026-09-16T12:09:51.778997214Z I20260916 12:09:51.778915   147 transaction_manager_impl.cpp:62] Finish with epoch id=6303
2026-09-16T12:09:51.784798061Z I20260916 12:09:51.784690    44 block_storage_to_file.cpp:46] block store in file successfully, epoch=6303
2026-09-16T12:09:51.804837303Z I20260916 12:09:51.804742   152 epoch_txn_queue_manager.h:17] All threads reached barrier, epoch: 6305, count: 4
2026-09-16T12:09:51.806688456Z I20260916 12:09:51.806593   143 consensus_control_block.h:289] consensus of epoch=6304 has reach, all vote yes.
2026-09-16T12:09:51.808459541Z I20260916 12:09:51.808372   147 transaction_manager_impl.cpp:120] Total, abort: 0 commit: 273
2026-09-16T12:09:51.808465449Z I20260916 12:09:51.808400   147 transaction_manager_impl.cpp:62] Finish with epoch id=6304
2026-09-16T12:09:51.810967865Z I20260916 12:09:51.810847    44 block_storage_to_file.cpp:46] block store in file successfully, epoch=6304
2026-09-16T12:09:51.857188467Z I20260916 12:09:51.857113   149 epoch_txn_queue_manager.h:17] All threads reached barrier, epoch: 6306, count: 4
2026-09-16T12:09:51.857404949Z I20260916 12:09:51.857327   143 consensus_control_block.h:289] consensus of epoch=6305 has reach, all vote yes.
2026-09-16T12:09:51.861753831Z I20260916 12:09:51.861644   147 transaction_manager_impl.cpp:120] Total, abort: 4 commit: 525
2026-09-16T12:09:51.861768277Z I20260916 12:09:51.861678   147 transaction_manager_impl.cpp:62] Finish with epoch id=6305
2026-09-16T12:09:51.866400101Z I20260916 12:09:51.866322    44 block_storage_to_file.cpp:46] block store in file successfully, epoch=6305
2026-09-16T12:09:51.888068553Z [epoch] I20260916 12:09:51.887938     7 chain_client.cpp:83] Sending Request to epoch_server_group at qps=0 latency=0
2026-09-16T12:09:51.915752182Z I20260916 12:09:51.915697   152 epoch_txn_queue_manager.h:17] All threads reached barrier, epoch: 6307, count: 4
2026-09-16T12:09:51.918867394Z I20260916 12:09:51.918795   143 consensus_control_block.h:289] consensus of epoch=6306 has reach, all vote yes.
2026-09-16T12:09:51.921847259Z I20260916 12:09:51.921783   147 transaction_manager_impl.cpp:120] Total, abort: 0 commit: 474
2026-09-16T12:09:51.921858200Z I20260916 12:09:51.921800   147 transaction_manager_impl.cpp:62] Finish with epoch id=6306
2026-09-16T12:09:51.926206102Z I20260916 12:09:51.926126    44 block_storage_to_file.cpp:46] block store in file successfully, epoch=6306
2026-09-16T12:09:51.932644479Z I20260916 12:09:51.932534   143 consensus_control_block.h:289] consensus of epoch=6307 has reach, all vote yes.
2026-09-16T12:09:51.988259194Z I20260916 12:09:51.988142   149 epoch_txn_queue_manager.h:17] All threads reached barrier, epoch: 6308, count: 4
2026-09-16T12:09:51.993668520Z I20260916 12:09:51.993562   147 transaction_manager_impl.cpp:120] Total, abort: 4 commit: 522
2026-09-16T12:09:51.993682517Z I20260916 12:09:51.993582   147 transaction_manager_impl.cpp:62] Finish with epoch id=6307
2026-09-16T12:09:51.997894679Z I20260916 12:09:51.997828    44 block_storage_to_file.cpp:46] block store in file successfully, epoch=6307
2026-09-16T12:09:52.085917459Z I20260916 12:09:52.085770   143 consensus_control_block.h:289] consensus of epoch=6308 has reach, all vote yes.
2026-09-16T12:09:52.115805035Z I20260916 12:09:52.115734   151 epoch_txn_queue_manager.h:17] All threads reached barrier, epoch: 6309, count: 4
2026-09-16T12:09:52.121812809Z I20260916 12:09:52.121667   147 transaction_manager_impl.cpp:120] Total, abort: 4 commit: 659
2026-09-16T12:09:52.121824779Z I20260916 12:09:52.121687   147 transaction_manager_impl.cpp:62] Finish with epoch id=6308
2026-09-16T12:09:52.127653202Z I20260916 12:09:52.127576    44 block_storage_to_file.cpp:46] block store in file successfully, epoch=6308
2026-09-16T12:09:52.149504035Z I20260916 12:09:52.149415   149 epoch_txn_queue_manager.h:17] All threads reached barrier, epoch: 6310, count: 4
2026-09-16T12:09:52.165477576Z I20260916 12:09:52.165346   143 consensus_control_block.h:289] consensus of epoch=6309 has reach, all vote yes.
2026-09-16T12:09:52.171793401Z I20260916 12:09:52.171677   147 transaction_manager_impl.cpp:120] Total, abort: 5 commit: 1107
2026-09-16T12:09:52.171808854Z I20260916 12:09:52.171691   147 transaction_manager_impl.cpp:62] Finish with epoch id=6309
2026-09-16T12:09:52.180953107Z I20260916 12:09:52.180871    44 block_storage_to_file.cpp:46] block store in file successfully, epoch=6309
2026-09-16T12:09:52.207936425Z I20260916 12:09:52.207844   152 epoch_txn_queue_manager.h:17] All threads reached barrier, epoch: 6311, count: 4
2026-09-16T12:09:52.212242114Z I20260916 12:09:52.212150   143 consensus_control_block.h:289] consensus of epoch=6310 has reach, all vote yes.
2026-09-16T12:09:52.214121905Z I20260916 12:09:52.214051   147 transaction_manager_impl.cpp:120] Total, abort: 0 commit: 340
2026-09-16T12:09:52.214130815Z I20260916 12:09:52.214068   147 transaction_manager_impl.cpp:62] Finish with epoch id=6310
2026-09-16T12:09:52.217196186Z I20260916 12:09:52.217077    44 block_storage_to_file.cpp:46] block store in file successfully, epoch=6310
2026-09-16T12:09:52.250190054Z I20260916 12:09:52.250099   149 epoch_txn_queue_manager.h:17] All threads reached barrier, epoch: 6312, count: 4
2026-09-16T12:09:52.255406897Z I20260916 12:09:52.255337   143 consensus_control_block.h:289] consensus of epoch=6311 has reach, all vote yes.
2026-09-16T12:09:52.259594791Z I20260916 12:09:52.259521   147 transaction_manager_impl.cpp:120] Total, abort: 5 commit: 519
2026-09-16T12:09:52.259605561Z I20260916 12:09:52.259532   147 transaction_manager_impl.cpp:62] Finish with epoch id=6311
2026-09-16T12:09:52.263651976Z I20260916 12:09:52.263562    44 block_storage_to_file.cpp:46] block store in file successfully, epoch=6311
2026-09-16T12:09:52.329044017Z I20260916 12:09:52.328953   152 epoch_txn_queue_manager.h:17] All threads reached barrier, epoch: 6313, count: 4
2026-09-16T12:09:52.331120858Z I20260916 12:09:52.330972   143 consensus_control_block.h:289] consensus of epoch=6312 has reach, all vote yes.
2026-09-16T12:09:52.334200184Z I20260916 12:09:52.334071   147 transaction_manager_impl.cpp:120] Total, abort: 0 commit: 387
2026-09-16T12:09:52.334212979Z I20260916 12:09:52.334103   147 transaction_manager_impl.cpp:62] Finish with epoch id=6312
2026-09-16T12:09:52.337867597Z I20260916 12:09:52.337693    44 block_storage_to_file.cpp:46] block store in file successfully, epoch=6312
2026-09-16T12:09:52.350897717Z I20260916 12:09:52.350811   149 epoch_txn_queue_manager.h:17] All threads reached barrier, epoch: 6314, count: 4
2026-09-16T12:09:52.351418272Z I20260916 12:09:52.351272   143 consensus_control_block.h:289] consensus of epoch=6313 has reach, all vote yes.
2026-09-16T12:09:52.356420191Z I20260916 12:09:52.356298   147 transaction_manager_impl.cpp:120] Total, abort: 4 commit: 703
2026-09-16T12:09:52.356434392Z I20260916 12:09:52.356313   147 transaction_manager_impl.cpp:62] Finish with epoch id=6313
2026-09-16T12:09:52.362661761Z I20260916 12:09:52.362574    44 block_storage_to_file.cpp:46] block store in file successfully, epoch=6313
2026-09-16T12:09:52.409751563Z I20260916 12:09:52.409605   152 epoch_txn_queue_manager.h:17] All threads reached barrier, epoch: 6315, count: 4
2026-09-16T12:09:52.412624101Z I20260916 12:09:52.412537   143 consensus_control_block.h:289] consensus of epoch=6314 has reach, all vote yes.
2026-09-16T12:09:52.413878455Z I20260916 12:09:52.413811   147 transaction_manager_impl.cpp:120] Total, abort: 0 commit: 200
2026-09-16T12:09:52.413887635Z I20260916 12:09:52.413821   147 transaction_manager_impl.cpp:62] Finish with epoch id=6314
2026-09-16T12:09:52.415756182Z I20260916 12:09:52.415665    44 block_storage_to_file.cpp:46] block store in file successfully, epoch=6314
2026-09-16T12:09:52.461577775Z I20260916 12:09:52.461476   143 consensus_control_block.h:289] consensus of epoch=6315 has reach, all vote yes.
2026-09-16T12:09:52.461743630Z I20260916 12:09:52.461639   149 epoch_txn_queue_manager.h:17] All threads reached barrier, epoch: 6316, count: 4
2026-09-16T12:09:52.466149045Z I20260916 12:09:52.465927   147 transaction_manager_impl.cpp:120] Total, abort: 4 commit: 526
2026-09-16T12:09:52.466170191Z I20260916 12:09:52.465953   147 transaction_manager_impl.cpp:62] Finish with epoch id=6315
2026-09-16T12:09:52.470318494Z I20260916 12:09:52.470225    44 block_storage_to_file.cpp:46] block store in file successfully, epoch=6315
2026-09-16T12:09:52.532041617Z I20260916 12:09:52.531947   143 consensus_control_block.h:289] consensus of epoch=6316 has reach, all vote yes.
2026-09-16T12:09:52.532210289Z I20260916 12:09:52.532147   149 epoch_txn_queue_manager.h:17] All threads reached barrier, epoch: 6317, count: 4
2026-09-16T12:09:52.535869031Z I20260916 12:09:52.535778   147 transaction_manager_impl.cpp:120] Total, abort: 0 commit: 473
2026-09-16T12:09:52.535877956Z I20260916 12:09:52.535796   147 transaction_manager_impl.cpp:62] Finish with epoch id=6316
2026-09-16T12:09:52.539928045Z I20260916 12:09:52.539819    44 block_storage_to_file.cpp:46] block store in file successfully, epoch=6316
2026-09-16T12:09:52.630255916Z I20260916 12:09:52.630112   143 consensus_control_block.h:289] consensus of epoch=6317 has reach, all vote yes.
2026-09-16T12:09:52.651176953Z I20260916 12:09:52.651099   152 epoch_txn_queue_manager.h:17] All threads reached barrier, epoch: 6318, count: 4
2026-09-16T12:09:52.655884391Z I20260916 12:09:52.655782   147 transaction_manager_impl.cpp:120] Total, abort: 4 commit: 635
2026-09-16T12:09:52.655898664Z I20260916 12:09:52.655797   147 transaction_manager_impl.cpp:62] Finish with epoch id=6317
2026-09-16T12:09:52.662161580Z I20260916 12:09:52.662076    44 block_storage_to_file.cpp:46] block store in file successfully, epoch=6317
2026-09-16T12:09:52.721726446Z I20260916 12:09:52.721621   152 epoch_txn_queue_manager.h:17] All threads reached barrier, epoch: 6319, count: 4
2026-09-16T12:09:52.724962003Z I20260916 12:09:52.724888   143 consensus_control_block.h:289] consensus of epoch=6318 has reach, all vote yes.
2026-09-16T12:09:52.730815213Z I20260916 12:09:52.730739   147 transaction_manager_impl.cpp:120] Total, abort: 6 commit: 1065
2026-09-16T12:09:52.730825029Z I20260916 12:09:52.730760   147 transaction_manager_impl.cpp:62] Finish with epoch id=6318
2026-09-16T12:09:52.740193206Z I20260916 12:09:52.740090    44 block_storage_to_file.cpp:46] block store in file successfully, epoch=6318
2026-09-16T12:09:52.751771600Z I20260916 12:09:52.751703   152 epoch_txn_queue_manager.h:17] All threads reached barrier, epoch: 6320, count: 4
2026-09-16T12:09:52.760880147Z I20260916 12:09:52.760799   143 consensus_control_block.h:289] consensus of epoch=6319 has reach, all vote yes.
2026-09-16T12:09:52.764828325Z I20260916 12:09:52.764729   147 transaction_manager_impl.cpp:120] Total, abort: 4 commit: 636
2026-09-16T12:09:52.764838674Z I20260916 12:09:52.764747   147 transaction_manager_impl.cpp:62] Finish with epoch id=6319
2026-09-16T12:09:52.770450367Z I20260916 12:09:52.770253    44 block_storage_to_file.cpp:46] block store in file successfully, epoch=6319
2026-09-16T12:09:52.824108474Z I20260916 12:09:52.823985   143 consensus_control_block.h:289] consensus of epoch=6320 has reach, all vote yes.
2026-09-16T12:09:52.824585547Z I20260916 12:09:52.824491   149 epoch_txn_queue_manager.h:17] All threads reached barrier, epoch: 6321, count: 4
2026-09-16T12:09:52.826415552Z I20260916 12:09:52.826347   147 transaction_manager_impl.cpp:120] Total, abort: 0 commit: 269
2026-09-16T12:09:52.826493601Z I20260916 12:09:52.826368   147 transaction_manager_impl.cpp:62] Finish with epoch id=6320
2026-09-16T12:09:52.829036067Z I20260916 12:09:52.828917    44 block_storage_to_file.cpp:46] block store in file successfully, epoch=6320
2026-09-16T12:09:52.852629921Z I20260916 12:09:52.852530   152 epoch_txn_queue_manager.h:17] All threads reached barrier, epoch: 6322, count: 4
2026-09-16T12:09:52.852851251Z I20260916 12:09:52.852768   143 consensus_control_block.h:289] consensus of epoch=6321 has reach, all vote yes.
2026-09-16T12:09:52.856986712Z I20260916 12:09:52.856886   147 transaction_manager_impl.cpp:120] Total, abort: 4 commit: 661
2026-09-16T12:09:52.857000446Z I20260916 12:09:52.856904   147 transaction_manager_impl.cpp:62] Finish with epoch id=6321
2026-09-16T12:09:52.862335992Z I20260916 12:09:52.862249    44 block_storage_to_file.cpp:46] block store in file successfully, epoch=6321
2026-09-16T12:09:52.888160283Z [epoch] I20260916 12:09:52.887995     7 chain_client.cpp:83] Sending Request to epoch_server_group at qps=0 latency=0
2026-09-16T12:09:52.904949376Z I20260916 12:09:52.904843   143 consensus_control_block.h:289] consensus of epoch=6322 has reach, all vote yes.
2026-09-16T12:09:52.905035296Z I20260916 12:09:52.904971   149 epoch_txn_queue_manager.h:17] All threads reached barrier, epoch: 6323, count: 4
2026-09-16T12:09:52.907103797Z I20260916 12:09:52.907040   147 transaction_manager_impl.cpp:120] Total, abort: 0 commit: 248
2026-09-16T12:09:52.907110840Z I20260916 12:09:52.907059   147 transaction_manager_impl.cpp:62] Finish with epoch id=6322
2026-09-16T12:09:52.909396556Z I20260916 12:09:52.909325    44 block_storage_to_file.cpp:46] block store in file successfully, epoch=6322
2026-09-16T12:09:52.949000959Z I20260916 12:09:52.948876   143 consensus_control_block.h:289] consensus of epoch=6323 has reach, all vote yes.
2026-09-16T12:09:52.977256934Z I20260916 12:09:52.977008   152 epoch_txn_queue_manager.h:17] All threads reached barrier, epoch: 6324, count: 4
2026-09-16T12:09:52.994836139Z I20260916 12:09:52.994719   147 transaction_manager_impl.cpp:120] Total, abort: 4 commit: 473
2026-09-16T12:09:52.995103947Z I20260916 12:09:52.994863   147 transaction_manager_impl.cpp:62] Finish with epoch id=6323
2026-09-16T12:09:53.006276962Z I20260916 12:09:53.006091    44 block_storage_to_file.cpp:46] block store in file successfully, epoch=6323
2026-09-16T12:09:53.024938060Z I20260916 12:09:53.024820   143 consensus_control_block.h:289] consensus of epoch=6324 has reach, all vote yes.
2026-09-16T12:09:53.025693320Z I20260916 12:09:53.025593   151 epoch_txn_queue_manager.h:17] All threads reached barrier, epoch: 6325, count: 4
2026-09-16T12:09:53.032593022Z I20260916 12:09:53.032454   147 transaction_manager_impl.cpp:120] Total, abort: 0 commit: 477
2026-09-16T12:09:53.032608431Z I20260916 12:09:53.032473   147 transaction_manager_impl.cpp:62] Finish with epoch id=6324
2026-09-16T12:09:53.037071743Z I20260916 12:09:53.036979    44 block_storage_to_file.cpp:46] block store in file successfully, epoch=6324
2026-09-16T12:09:53.086022899Z I20260916 12:09:53.085911   151 epoch_txn_queue_manager.h:17] All threads reached barrier, epoch: 6326, count: 4
2026-09-16T12:09:53.088113211Z I20260916 12:09:53.088024   143 consensus_control_block.h:289] consensus of epoch=6325 has reach, all vote yes.
2026-09-16T12:09:53.094371038Z I20260916 12:09:53.094285   147 transaction_manager_impl.cpp:120] Total, abort: 4 commit: 589
2026-09-16T12:09:53.094386490Z I20260916 12:09:53.094298   147 transaction_manager_impl.cpp:62] Finish with epoch id=6325
2026-09-16T12:09:53.099476977Z I20260916 12:09:53.099370    44 block_storage_to_file.cpp:46] block store in file successfully, epoch=6325
2026-09-16T12:09:53.140070732Z I20260916 12:09:53.139979   143 consensus_control_block.h:289] consensus of epoch=6326 has reach, all vote yes.
2026-09-16T12:09:53.158738510Z I20260916 12:09:53.158608   152 epoch_txn_queue_manager.h:17] All threads reached barrier, epoch: 6327, count: 4
2026-09-16T12:09:53.163598234Z I20260916 12:09:53.162842   147 transaction_manager_impl.cpp:120] Total, abort: 1 commit: 542
2026-09-16T12:09:53.163609422Z I20260916 12:09:53.162856   147 transaction_manager_impl.cpp:62] Finish with epoch id=6326
2026-09-16T12:09:53.168156352Z I20260916 12:09:53.167972    44 block_storage_to_file.cpp:46] block store in file successfully, epoch=6326
2026-09-16T12:09:53.229721555Z I20260916 12:09:53.229594   152 epoch_txn_queue_manager.h:17] All threads reached barrier, epoch: 6328, count: 4
2026-09-16T12:09:53.231872883Z I20260916 12:09:53.231815   143 consensus_control_block.h:289] consensus of epoch=6327 has reach, all vote yes.
2026-09-16T12:09:53.236325980Z I20260916 12:09:53.236158   147 transaction_manager_impl.cpp:120] Total, abort: 3 commit: 679
2026-09-16T12:09:53.236349509Z I20260916 12:09:53.236209   147 transaction_manager_impl.cpp:62] Finish with epoch id=6327
2026-09-16T12:09:53.248372091Z I20260916 12:09:53.248257    44 block_storage_to_file.cpp:46] block store in file successfully, epoch=6327
2026-09-16T12:09:53.332165678Z I20260916 12:09:53.332064   143 consensus_control_block.h:289] consensus of epoch=6328 has reach, all vote yes.
2026-09-16T12:09:53.355487209Z I20260916 12:09:53.355309   150 epoch_txn_queue_manager.h:17] All threads reached barrier, epoch: 6329, count: 4
2026-09-16T12:09:53.359740786Z I20260916 12:09:53.359611   147 transaction_manager_impl.cpp:120] Total, abort: 6 commit: 635
2026-09-16T12:09:53.359763764Z I20260916 12:09:53.359647   147 transaction_manager_impl.cpp:62] Finish with epoch id=6328
2026-09-16T12:09:53.368980521Z I20260916 12:09:53.368899    44 block_storage_to_file.cpp:46] block store in file successfully, epoch=6328
2026-09-16T12:09:53.430806596Z I20260916 12:09:53.430696   152 epoch_txn_queue_manager.h:17] All threads reached barrier, epoch: 6330, count: 4
2026-09-16T12:09:53.432423766Z I20260916 12:09:53.432344   143 consensus_control_block.h:289] consensus of epoch=6329 has reach, all vote yes.
2026-09-16T12:09:53.442277749Z I20260916 12:09:53.442137   147 transaction_manager_impl.cpp:120] Total, abort: 5 commit: 1110
2026-09-16T12:09:53.442292798Z I20260916 12:09:53.442157   147 transaction_manager_impl.cpp:62] Finish with epoch id=6329
2026-09-16T12:09:53.451495350Z I20260916 12:09:53.451373    44 block_storage_to_file.cpp:46] block store in file successfully, epoch=6329
2026-09-16T12:09:53.453295979Z I20260916 12:09:53.453186   143 consensus_control_block.h:289] consensus of epoch=6330 has reach, all vote yes.
2026-09-16T12:09:53.456065805Z I20260916 12:09:53.455967   150 epoch_txn_queue_manager.h:17] All threads reached barrier, epoch: 6331, count: 4
2026-09-16T12:09:53.459311425Z I20260916 12:09:53.459180   147 transaction_manager_impl.cpp:120] Total, abort: 4 commit: 704
2026-09-16T12:09:53.459324704Z I20260916 12:09:53.459193   147 transaction_manager_impl.cpp:62] Finish with epoch id=6330
2026-09-16T12:09:53.465072285Z I20260916 12:09:53.464956    44 block_storage_to_file.cpp:46] block store in file successfully, epoch=6330
2026-09-16T12:09:53.511176134Z I20260916 12:09:53.511051   149 epoch_txn_queue_manager.h:17] All threads reached barrier, epoch: 6332, count: 4
2026-09-16T12:09:53.513917992Z I20260916 12:09:53.513824   143 consensus_control_block.h:289] consensus of epoch=6331 has reach, all vote yes.
2026-09-16T12:09:53.515252165Z I20260916 12:09:53.514873   147 transaction_manager_impl.cpp:120] Total, abort: 0 commit: 203
2026-09-16T12:09:53.515257611Z I20260916 12:09:53.514927   147 transaction_manager_impl.cpp:62] Finish with epoch id=6331
2026-09-16T12:09:53.517200396Z I20260916 12:09:53.517089    44 block_storage_to_file.cpp:46] block store in file successfully, epoch=6331
2026-09-16T12:09:53.551419112Z I20260916 12:09:53.551302   143 consensus_control_block.h:289] consensus of epoch=6332 has reach, all vote yes.
2026-09-16T12:09:53.551547407Z I20260916 12:09:53.551479   152 epoch_txn_queue_manager.h:17] All threads reached barrier, epoch: 6333, count: 4
2026-09-16T12:09:53.554639648Z I20260916 12:09:53.554560   147 transaction_manager_impl.cpp:120] Total, abort: 5 commit: 521
2026-09-16T12:09:53.554651037Z I20260916 12:09:53.554579   147 transaction_manager_impl.cpp:62] Finish with epoch id=6332
2026-09-16T12:09:53.558995566Z I20260916 12:09:53.558923    44 block_storage_to_file.cpp:46] block store in file successfully, epoch=6332
2026-09-16T12:09:53.619422861Z I20260916 12:09:53.619307   143 consensus_control_block.h:289] consensus of epoch=6333 has reach, all vote yes.
2026-09-16T12:09:53.620225992Z I20260916 12:09:53.620141   151 epoch_txn_queue_manager.h:17] All threads reached barrier, epoch: 6334, count: 4
2026-09-16T12:09:53.622956410Z I20260916 12:09:53.622859   147 transaction_manager_impl.cpp:120] Total, abort: 1 commit: 361
2026-09-16T12:09:53.622964856Z I20260916 12:09:53.622900   147 transaction_manager_impl.cpp:62] Finish with epoch id=6333
2026-09-16T12:09:53.626083310Z I20260916 12:09:53.625964    44 block_storage_to_file.cpp:46] block store in file successfully, epoch=6333
2026-09-16T12:09:53.682100369Z I20260916 12:09:53.681977   143 consensus_control_block.h:289] consensus of epoch=6334 has reach, all vote yes.
2026-09-16T12:09:53.682387370Z I20260916 12:09:53.682309   149 epoch_txn_queue_manager.h:17] All threads reached barrier, epoch: 6335, count: 4
2026-09-16T12:09:53.686851251Z I20260916 12:09:53.686731   147 transaction_manager_impl.cpp:120] Total, abort: 4 commit: 591
2026-09-16T12:09:53.686869638Z I20260916 12:09:53.686756   147 transaction_manager_impl.cpp:62] Finish with epoch id=6334
2026-09-16T12:09:53.692164219Z I20260916 12:09:53.692046    44 block_storage_to_file.cpp:46] block store in file successfully, epoch=6334
2026-09-16T12:09:53.741828858Z I20260916 12:09:53.741670   143 consensus_control_block.h:289] consensus of epoch=6335 has reach, all vote yes.
2026-09-16T12:09:53.753124910Z I20260916 12:09:53.752915   149 epoch_txn_queue_manager.h:17] All threads reached barrier, epoch: 6336, count: 4
2026-09-16T12:09:53.756329426Z I20260916 12:09:53.756233   147 transaction_manager_impl.cpp:120] Total, abort: 0 commit: 590
2026-09-16T12:09:53.756342595Z I20260916 12:09:53.756253   147 transaction_manager_impl.cpp:62] Finish with epoch id=6335
2026-09-16T12:09:53.761832761Z I20260916 12:09:53.761744    44 block_storage_to_file.cpp:46] block store in file successfully, epoch=6335
2026-09-16T12:09:53.813532803Z I20260916 12:09:53.813416   149 epoch_txn_queue_manager.h:17] All threads reached barrier, epoch: 6337, count: 4
2026-09-16T12:09:53.814906209Z I20260916 12:09:53.814813   143 consensus_control_block.h:289] consensus of epoch=6336 has reach, all vote yes.
2026-09-16T12:09:53.818198504Z I20260916 12:09:53.818071   147 transaction_manager_impl.cpp:120] Total, abort: 4 commit: 630
2026-09-16T12:09:53.818210007Z I20260916 12:09:53.818100   147 transaction_manager_impl.cpp:62] Finish with epoch id=6336
2026-09-16T12:09:53.823697011Z I20260916 12:09:53.823621    44 block_storage_to_file.cpp:46] block store in file successfully, epoch=6336
2026-09-16T12:09:53.873910368Z I20260916 12:09:53.873687   149 epoch_txn_queue_manager.h:17] All threads reached barrier, epoch: 6338, count: 4
2026-09-16T12:09:53.874182265Z I20260916 12:09:53.874102   143 consensus_control_block.h:289] consensus of epoch=6337 has reach, all vote yes.
2026-09-16T12:09:53.877693648Z I20260916 12:09:53.877614   147 transaction_manager_impl.cpp:120] Total, abort: 4 commit: 546
2026-09-16T12:09:53.877721765Z I20260916 12:09:53.877637   147 transaction_manager_impl.cpp:62] Finish with epoch id=6337
2026-09-16T12:09:53.883103127Z I20260916 12:09:53.882999    44 block_storage_to_file.cpp:46] block store in file successfully, epoch=6337
2026-09-16T12:09:53.888146528Z [epoch] I20260916 12:09:53.888031     7 chain_client.cpp:83] Sending Request to epoch_server_group at qps=0 latency=0
2026-09-16T12:09:53.933780763Z I20260916 12:09:53.933668   143 consensus_control_block.h:289] consensus of epoch=6338 has reach, all vote yes.
2026-09-16T12:09:53.954363146Z I20260916 12:09:53.954216   149 epoch_txn_queue_manager.h:17] All threads reached barrier, epoch: 6339, count: 4
2026-09-16T12:09:53.957579011Z I20260916 12:09:53.957458   147 transaction_manager_impl.cpp:120] Total, abort: 0 commit: 542
2026-09-16T12:09:53.957587671Z I20260916 12:09:53.957479   147 transaction_manager_impl.cpp:62] Finish with epoch id=6338
2026-09-16T12:09:53.962164271Z I20260916 12:09:53.962050    44 block_storage_to_file.cpp:46] block store in file successfully, epoch=6338
2026-09-16T12:09:54.011914686Z I20260916 12:09:54.011821   143 consensus_control_block.h:289] consensus of epoch=6339 has reach, all vote yes.
2026-09-16T12:09:54.014587509Z I20260916 12:09:54.014461   152 epoch_txn_queue_manager.h:17] All threads reached barrier, epoch: 6340, count: 4
2026-09-16T12:09:54.020852242Z I20260916 12:09:54.020676   147 transaction_manager_impl.cpp:120] Total, abort: 5 commit: 725
2026-09-16T12:09:54.020869483Z I20260916 12:09:54.020709   147 transaction_manager_impl.cpp:62] Finish with epoch id=6339
2026-09-16T12:09:54.027259452Z I20260916 12:09:54.027194    44 block_storage_to_file.cpp:46] block store in file successfully, epoch=6339
2026-09-16T12:09:54.085171757Z I20260916 12:09:54.085045   143 consensus_control_block.h:289] consensus of epoch=6340 has reach, all vote yes.
2026-09-16T12:09:54.085192232Z I20260916 12:09:54.085078   149 epoch_txn_queue_manager.h:17] All threads reached barrier, epoch: 6341, count: 4
2026-09-16T12:09:54.088279695Z I20260916 12:09:54.088168   147 transaction_manager_impl.cpp:120] Total, abort: 4 commit: 522
2026-09-16T12:09:54.088297872Z I20260916 12:09:54.088186   147 transaction_manager_impl.cpp:62] Finish with epoch id=6340
2026-09-16T12:09:54.092893333Z I20260916 12:09:54.092720    44 block_storage_to_file.cpp:46] block store in file successfully, epoch=6340
2026-09-16T12:09:54.142784824Z I20260916 12:09:54.142652   143 consensus_control_block.h:289] consensus of epoch=6341 has reach, all vote yes.
2026-09-16T12:09:54.154005543Z I20260916 12:09:54.153836   151 epoch_txn_queue_manager.h:17] All threads reached barrier, epoch: 6342, count: 4
2026-09-16T12:09:54.159364739Z I20260916 12:09:54.159240   147 transaction_manager_impl.cpp:120] Total, abort: 2 commit: 653
2026-09-16T12:09:54.159380253Z I20260916 12:09:54.159265   147 transaction_manager_impl.cpp:62] Finish with epoch id=6341
2026-09-16T12:09:54.164456879Z I20260916 12:09:54.164359    44 block_storage_to_file.cpp:46] block store in file successfully, epoch=6341
2026-09-16T12:09:54.226209176Z I20260916 12:09:54.226114   149 epoch_txn_queue_manager.h:17] All threads reached barrier, epoch: 6343, count: 4
2026-09-16T12:09:54.229238216Z I20260916 12:09:54.229095   143 consensus_control_block.h:289] consensus of epoch=6342 has reach, all vote yes.
2026-09-16T12:09:54.233251007Z I20260916 12:09:54.233120   147 transaction_manager_impl.cpp:120] Total, abort: 2 commit: 593
2026-09-16T12:09:54.233275029Z I20260916 12:09:54.233139   147 transaction_manager_impl.cpp:62] Finish with epoch id=6342
2026-09-16T12:09:54.238327034Z I20260916 12:09:54.238215    44 block_storage_to_file.cpp:46] block store in file successfully, epoch=6342
2026-09-16T12:09:54.295517093Z I20260916 12:09:54.295442   143 consensus_control_block.h:289] consensus of epoch=6343 has reach, all vote yes.
2026-09-16T12:09:54.357609399Z I20260916 12:09:54.357474   149 epoch_txn_queue_manager.h:17] All threads reached barrier, epoch: 6344, count: 4
2026-09-16T12:09:54.364251372Z I20260916 12:09:54.364090   147 transaction_manager_impl.cpp:120] Total, abort: 4 commit: 680
2026-09-16T12:09:54.364269062Z I20260916 12:09:54.364125   147 transaction_manager_impl.cpp:62] Finish with epoch id=6343
2026-09-16T12:09:54.371688900Z I20260916 12:09:54.371555    44 block_storage_to_file.cpp:46] block store in file successfully, epoch=6343
2026-09-16T12:09:54.427946662Z I20260916 12:09:54.427760   149 epoch_txn_queue_manager.h:17] All threads reached barrier, epoch: 6345, count: 4
2026-09-16T12:09:54.429778183Z I20260916 12:09:54.429600   143 consensus_control_block.h:289] consensus of epoch=6344 has reach, all vote yes.
2026-09-16T12:09:54.435901096Z I20260916 12:09:54.435761   147 transaction_manager_impl.cpp:120] Total, abort: 5 commit: 1181
2026-09-16T12:09:54.435930422Z I20260916 12:09:54.435778   147 transaction_manager_impl.cpp:62] Finish with epoch id=6344
2026-09-16T12:09:54.445757338Z I20260916 12:09:54.445569    44 block_storage_to_file.cpp:46] block store in file successfully, epoch=6344
2026-09-16T12:09:54.458217038Z I20260916 12:09:54.458062   149 epoch_txn_queue_manager.h:17] All threads reached barrier, epoch: 6346, count: 4
2026-09-16T12:09:54.460954379Z I20260916 12:09:54.460845   143 consensus_control_block.h:289] consensus of epoch=6345 has reach, all vote yes.
2026-09-16T12:09:54.464200739Z I20260916 12:09:54.464083   147 transaction_manager_impl.cpp:120] Total, abort: 4 commit: 633
2026-09-16T12:09:54.464211382Z I20260916 12:09:54.464102   147 transaction_manager_impl.cpp:62] Finish with epoch id=6345
2026-09-16T12:09:54.470027388Z I20260916 12:09:54.469942    44 block_storage_to_file.cpp:46] block store in file successfully, epoch=6345
2026-09-16T12:09:54.524095198Z I20260916 12:09:54.523989   150 epoch_txn_queue_manager.h:17] All threads reached barrier, epoch: 6347, count: 4
2026-09-16T12:09:54.525967663Z I20260916 12:09:54.525884   143 consensus_control_block.h:289] consensus of epoch=6346 has reach, all vote yes.
2026-09-16T12:09:54.527580330Z I20260916 12:09:54.527516   147 transaction_manager_impl.cpp:120] Total, abort: 1 commit: 272
2026-09-16T12:09:54.527586436Z I20260916 12:09:54.527529   147 transaction_manager_impl.cpp:62] Finish with epoch id=6346
2026-09-16T12:09:54.530307860Z I20260916 12:09:54.530224    44 block_storage_to_file.cpp:46] block store in file successfully, epoch=6346
2026-09-16T12:09:54.559249657Z I20260916 12:09:54.559160   151 epoch_txn_queue_manager.h:17] All threads reached barrier, epoch: 6348, count: 4
2026-09-16T12:09:54.561421900Z I20260916 12:09:54.561285   143 consensus_control_block.h:289] consensus of epoch=6347 has reach, all vote yes.
2026-09-16T12:09:54.564410884Z I20260916 12:09:54.564345   147 transaction_manager_impl.cpp:120] Total, abort: 5 commit: 568
2026-09-16T12:09:54.564419258Z I20260916 12:09:54.564358   147 transaction_manager_impl.cpp:62] Finish with epoch id=6347
2026-09-16T12:09:54.569315228Z I20260916 12:09:54.569125    44 block_storage_to_file.cpp:46] block store in file successfully, epoch=6347
2026-09-16T12:09:54.619453214Z I20260916 12:09:54.619354   151 epoch_txn_queue_manager.h:17] All threads reached barrier, epoch: 6349, count: 4
2026-09-16T12:09:54.620654115Z I20260916 12:09:54.620549   143 consensus_control_block.h:289] consensus of epoch=6348 has reach, all vote yes.
2026-09-16T12:09:54.623095284Z I20260916 12:09:54.622649   147 transaction_manager_impl.cpp:120] Total, abort: 0 commit: 337
2026-09-16T12:09:54.623106171Z I20260916 12:09:54.622668   147 transaction_manager_impl.cpp:62] Finish with epoch id=6348
2026-09-16T12:09:54.626157518Z I20260916 12:09:54.626060    44 block_storage_to_file.cpp:46] block store in file successfully, epoch=6348
2026-09-16T12:09:54.690163540Z I20260916 12:09:54.689958   151 epoch_txn_queue_manager.h:17] All threads reached barrier, epoch: 6350, count: 4
2026-09-16T12:09:54.692914943Z I20260916 12:09:54.692831   143 consensus_control_block.h:289] consensus of epoch=6349 has reach, all vote yes.
2026-09-16T12:09:54.695817647Z I20260916 12:09:54.695749   147 transaction_manager_impl.cpp:120] Total, abort: 5 commit: 542
2026-09-16T12:09:54.695827895Z I20260916 12:09:54.695760   147 transaction_manager_impl.cpp:62] Finish with epoch id=6349
2026-09-16T12:09:54.700363460Z I20260916 12:09:54.700251    44 block_storage_to_file.cpp:46] block store in file successfully, epoch=6349
2026-09-16T12:09:54.744589436Z I20260916 12:09:54.744513   143 consensus_control_block.h:289] consensus of epoch=6350 has reach, all vote yes.
2026-09-16T12:09:54.759750756Z I20260916 12:09:54.759533   152 epoch_txn_queue_manager.h:17] All threads reached barrier, epoch: 6351, count: 4
2026-09-16T12:09:54.763913706Z I20260916 12:09:54.763792   147 transaction_manager_impl.cpp:120] Total, abort: 5 commit: 636
2026-09-16T12:09:54.763934232Z I20260916 12:09:54.763847   147 transaction_manager_impl.cpp:62] Finish with epoch id=6350
2026-09-16T12:09:54.769415570Z I20260916 12:09:54.769284    44 block_storage_to_file.cpp:46] block store in file successfully, epoch=6350
2026-09-16T12:09:54.830796071Z I20260916 12:09:54.830703   151 epoch_txn_queue_manager.h:17] All threads reached barrier, epoch: 6352, count: 4
2026-09-16T12:09:54.832254803Z I20260916 12:09:54.832186   143 consensus_control_block.h:289] consensus of epoch=6351 has reach, all vote yes.
2026-09-16T12:09:54.835694889Z I20260916 12:09:54.834987   147 transaction_manager_impl.cpp:120] Total, abort: 0 commit: 588
2026-09-16T12:09:54.835711756Z I20260916 12:09:54.835007   147 transaction_manager_impl.cpp:62] Finish with epoch id=6351
2026-09-16T12:09:54.839901467Z I20260916 12:09:54.839782    44 block_storage_to_file.cpp:46] block store in file successfully, epoch=6351
2026-09-16T12:09:54.888344853Z [epoch] I20260916 12:09:54.888130     7 chain_client.cpp:83] Sending Request to epoch_server_group at qps=0 latency=0
2026-09-16T12:09:54.897247873Z I20260916 12:09:54.897163   143 consensus_control_block.h:289] consensus of epoch=6352 has reach, all vote yes.
2026-09-16T12:09:54.901849941Z I20260916 12:09:54.901661   151 epoch_txn_queue_manager.h:17] All threads reached barrier, epoch: 6353, count: 4
2026-09-16T12:09:54.906092591Z I20260916 12:09:54.906008   147 transaction_manager_impl.cpp:120] Total, abort: 5 commit: 676
2026-09-16T12:09:54.906104677Z I20260916 12:09:54.906020   147 transaction_manager_impl.cpp:62] Finish with epoch id=6352
2026-09-16T12:09:54.911950386Z I20260916 12:09:54.911861    44 block_storage_to_file.cpp:46] block store in file successfully, epoch=6352
2026-09-16T12:09:54.939336674Z I20260916 12:09:54.939190   143 consensus_control_block.h:289] consensus of epoch=6353 has reach, all vote yes.
2026-09-16T12:09:54.957172530Z I20260916 12:09:54.957103   150 epoch_txn_queue_manager.h:17] All threads reached barrier, epoch: 6354, count: 4
2026-09-16T12:09:54.961002338Z I20260916 12:09:54.960891   147 transaction_manager_impl.cpp:120] Total, abort: 5 commit: 637
2026-09-16T12:09:54.961015981Z I20260916 12:09:54.960909   147 transaction_manager_impl.cpp:62] Finish with epoch id=6353
2026-09-16T12:09:54.966238157Z I20260916 12:09:54.966112    44 block_storage_to_file.cpp:46] block store in file successfully, epoch=6353
2026-09-16T12:09:55.045283057Z I20260916 12:09:55.045207   143 consensus_control_block.h:289] consensus of epoch=6354 has reach, all vote yes.
2026-09-16T12:09:55.057899333Z I20260916 12:09:55.057771   150 epoch_txn_queue_manager.h:17] All threads reached barrier, epoch: 6355, count: 4
2026-09-16T12:09:55.064359164Z I20260916 12:09:55.064250   147 transaction_manager_impl.cpp:120] Total, abort: 0 commit: 477
2026-09-16T12:09:55.064374126Z I20260916 12:09:55.064273   147 transaction_manager_impl.cpp:62] Finish with epoch id=6354
2026-09-16T12:09:55.068496913Z I20260916 12:09:55.068419    44 block_storage_to_file.cpp:46] block store in file successfully, epoch=6354
2026-09-16T12:09:55.123068900Z I20260916 12:09:55.122947   151 epoch_txn_queue_manager.h:17] All threads reached barrier, epoch: 6356, count: 4
2026-09-16T12:09:55.124393908Z I20260916 12:09:55.124305   143 consensus_control_block.h:289] consensus of epoch=6355 has reach, all vote yes.
2026-09-16T12:09:55.128488460Z I20260916 12:09:55.128392   147 transaction_manager_impl.cpp:120] Total, abort: 5 commit: 903
2026-09-16T12:09:55.128503358Z I20260916 12:09:55.128405   147 transaction_manager_impl.cpp:62] Finish with epoch id=6355
2026-09-16T12:09:55.135849054Z I20260916 12:09:55.135741    44 block_storage_to_file.cpp:46] block store in file successfully, epoch=6355
2026-09-16T12:09:55.158623199Z I20260916 12:09:55.158540   150 epoch_txn_queue_manager.h:17] All threads reached barrier, epoch: 6357, count: 4
2026-09-16T12:09:55.174784670Z I20260916 12:09:55.174695   143 consensus_control_block.h:289] consensus of epoch=6356 has reach, all vote yes.
2026-09-16T12:09:55.178328792Z I20260916 12:09:55.178239   147 transaction_manager_impl.cpp:120] Total, abort: 4 commit: 612
2026-09-16T12:09:55.178338817Z I20260916 12:09:55.178252   147 transaction_manager_impl.cpp:62] Finish with epoch id=6356
2026-09-16T12:09:55.183214536Z I20260916 12:09:55.183092    44 block_storage_to_file.cpp:46] block store in file successfully, epoch=6356
2026-09-16T12:09:55.213761186Z I20260916 12:09:55.213670   151 epoch_txn_queue_manager.h:17] All threads reached barrier, epoch: 6358, count: 4
2026-09-16T12:09:55.215472363Z I20260916 12:09:55.215404   143 consensus_control_block.h:289] consensus of epoch=6357 has reach, all vote yes.
2026-09-16T12:09:55.217095631Z I20260916 12:09:55.216977   147 transaction_manager_impl.cpp:120] Total, abort: 0 commit: 296
2026-09-16T12:09:55.217150234Z I20260916 12:09:55.216996   147 transaction_manager_impl.cpp:62] Finish with epoch id=6357
2026-09-16T12:09:55.219774662Z I20260916 12:09:55.219671    44 block_storage_to_file.cpp:46] block store in file successfully, epoch=6357
2026-09-16T12:09:55.259582901Z I20260916 12:09:55.259497   150 epoch_txn_queue_manager.h:17] All threads reached barrier, epoch: 6359, count: 4
2026-09-16T12:09:55.267519022Z I20260916 12:09:55.267452   143 consensus_control_block.h:289] consensus of epoch=6358 has reach, all vote yes.
2026-09-16T12:09:55.271149385Z I20260916 12:09:55.271076   147 transaction_manager_impl.cpp:120] Total, abort: 4 commit: 520
2026-09-16T12:09:55.271159163Z I20260916 12:09:55.271095   147 transaction_manager_impl.cpp:62] Finish with epoch id=6358
2026-09-16T12:09:55.275650126Z I20260916 12:09:55.275544    44 block_storage_to_file.cpp:46] block store in file successfully, epoch=6358
2026-09-16T12:09:55.320179378Z I20260916 12:09:55.319988   150 epoch_txn_queue_manager.h:17] All threads reached barrier, epoch: 6360, count: 4
2026-09-16T12:09:55.322237167Z I20260916 12:09:55.322108   143 consensus_control_block.h:289] consensus of epoch=6359 has reach, all vote yes.
2026-09-16T12:09:55.325056870Z I20260916 12:09:55.324954   147 transaction_manager_impl.cpp:120] Total, abort: 0 commit: 385
2026-09-16T12:09:55.325064839Z I20260916 12:09:55.324966   147 transaction_manager_impl.cpp:62] Finish with epoch id=6359
2026-09-16T12:09:55.328440331Z I20260916 12:09:55.328361    44 block_storage_to_file.cpp:46] block store in file successfully, epoch=6359
2026-09-16T12:09:55.357650035Z I20260916 12:09:55.357533   143 consensus_control_block.h:289] consensus of epoch=6360 has reach, all vote yes.
2026-09-16T12:09:55.360601767Z I20260916 12:09:55.360477   150 epoch_txn_queue_manager.h:17] All threads reached barrier, epoch: 6361, count: 4
2026-09-16T12:09:55.366238993Z I20260916 12:09:55.366096   147 transaction_manager_impl.cpp:120] Total, abort: 4 commit: 544
2026-09-16T12:09:55.366257926Z I20260916 12:09:55.366112   147 transaction_manager_impl.cpp:62] Finish with epoch id=6360
2026-09-16T12:09:55.370894374Z I20260916 12:09:55.370812    44 block_storage_to_file.cpp:46] block store in file successfully, epoch=6360
2026-09-16T12:09:55.446359059Z I20260916 12:09:55.446238   143 consensus_control_block.h:289] consensus of epoch=6361 has reach, all vote yes.
2026-09-16T12:09:55.461766710Z I20260916 12:09:55.461442   152 epoch_txn_queue_manager.h:17] All threads reached barrier, epoch: 6362, count: 4
2026-09-16T12:09:55.466873819Z I20260916 12:09:55.466800   147 transaction_manager_impl.cpp:120] Total, abort: 0 commit: 365
2026-09-16T12:09:55.466944573Z I20260916 12:09:55.466863   147 transaction_manager_impl.cpp:62] Finish with epoch id=6361
2026-09-16T12:09:55.475114558Z I20260916 12:09:55.474360    44 block_storage_to_file.cpp:46] block store in file successfully, epoch=6361
2026-09-16T12:09:55.521344721Z I20260916 12:09:55.521242   150 epoch_txn_queue_manager.h:17] All threads reached barrier, epoch: 6363, count: 4
2026-09-16T12:09:55.523708006Z I20260916 12:09:55.523648   143 consensus_control_block.h:289] consensus of epoch=6362 has reach, all vote yes.
2026-09-16T12:09:55.527931272Z I20260916 12:09:55.527812   147 transaction_manager_impl.cpp:120] Total, abort: 5 commit: 903
2026-09-16T12:09:55.527951411Z I20260916 12:09:55.527827   147 transaction_manager_impl.cpp:62] Finish with epoch id=6362
2026-09-16T12:09:55.535103395Z I20260916 12:09:55.535003    44 block_storage_to_file.cpp:46] block store in file successfully, epoch=6362
2026-09-16T12:09:55.561808035Z I20260916 12:09:55.561664   150 epoch_txn_queue_manager.h:17] All threads reached barrier, epoch: 6364, count: 4
2026-09-16T12:09:55.563376015Z I20260916 12:09:55.563104   143 consensus_control_block.h:289] consensus of epoch=6363 has reach, all vote yes.
2026-09-16T12:09:55.566378441Z I20260916 12:09:55.566227   147 transaction_manager_impl.cpp:120] Total, abort: 6 commit: 542
2026-09-16T12:09:55.566401012Z I20260916 12:09:55.566246   147 transaction_manager_impl.cpp:62] Finish with epoch id=6363
2026-09-16T12:09:55.573558411Z I20260916 12:09:55.573422    44 block_storage_to_file.cpp:46] block store in file successfully, epoch=6363
2026-09-16T12:09:55.627926619Z I20260916 12:09:55.627867   152 epoch_txn_queue_manager.h:17] All threads reached barrier, epoch: 6365, count: 4
2026-09-16T12:09:55.631423570Z I20260916 12:09:55.631166   143 consensus_control_block.h:289] consensus of epoch=6364 has reach, all vote yes.
2026-09-16T12:09:55.633639497Z I20260916 12:09:55.633554   147 transaction_manager_impl.cpp:120] Total, abort: 0 commit: 370
2026-09-16T12:09:55.633648693Z I20260916 12:09:55.633569   147 transaction_manager_impl.cpp:62] Finish with epoch id=6364
2026-09-16T12:09:55.638484511Z I20260916 12:09:55.638346    44 block_storage_to_file.cpp:46] block store in file successfully, epoch=6364
2026-09-16T12:09:55.662437722Z I20260916 12:09:55.662281   150 epoch_txn_queue_manager.h:17] All threads reached barrier, epoch: 6366, count: 4
2026-09-16T12:09:55.665382588Z I20260916 12:09:55.665251   143 consensus_control_block.h:289] consensus of epoch=6365 has reach, all vote yes.
2026-09-16T12:09:55.669732591Z I20260916 12:09:55.669627   147 transaction_manager_impl.cpp:120] Total, abort: 4 commit: 610
2026-09-16T12:09:55.669744862Z I20260916 12:09:55.669641   147 transaction_manager_impl.cpp:62] Finish with epoch id=6365
2026-09-16T12:09:55.675128218Z I20260916 12:09:55.675037    44 block_storage_to_file.cpp:46] block store in file successfully, epoch=6365
2026-09-16T12:09:55.728750229Z I20260916 12:09:55.728646   152 epoch_txn_queue_manager.h:17] All threads reached barrier, epoch: 6367, count: 4
2026-09-16T12:09:55.732540814Z I20260916 12:09:55.732445   143 consensus_control_block.h:289] consensus of epoch=6366 has reach, all vote yes.
2026-09-16T12:09:55.735134056Z I20260916 12:09:55.734332   147 transaction_manager_impl.cpp:120] Total, abort: 0 commit: 298
2026-09-16T12:09:55.735147709Z I20260916 12:09:55.734345   147 transaction_manager_impl.cpp:62] Finish with epoch id=6366
2026-09-16T12:09:55.737452083Z I20260916 12:09:55.737352    44 block_storage_to_file.cpp:46] block store in file successfully, epoch=6366
2026-09-16T12:09:55.799239777Z I20260916 12:09:55.799095   152 epoch_txn_queue_manager.h:17] All threads reached barrier, epoch: 6368, count: 4
2026-09-16T12:09:55.799721998Z I20260916 12:09:55.799620   143 consensus_control_block.h:289] consensus of epoch=6367 has reach, all vote yes.
2026-09-16T12:09:55.803967621Z I20260916 12:09:55.803836   147 transaction_manager_impl.cpp:120] Total, abort: 4 commit: 607
2026-09-16T12:09:55.803989852Z I20260916 12:09:55.803854   147 transaction_manager_impl.cpp:62] Finish with epoch id=6367
2026-09-16T12:09:55.809533233Z I20260916 12:09:55.809437    44 block_storage_to_file.cpp:46] block store in file successfully, epoch=6367
2026-09-16T12:09:55.869689886Z I20260916 12:09:55.869603   152 epoch_txn_queue_manager.h:17] All threads reached barrier, epoch: 6369, count: 4
2026-09-16T12:09:55.871616807Z I20260916 12:09:55.871454   143 consensus_control_block.h:289] consensus of epoch=6368 has reach, all vote yes.
2026-09-16T12:09:55.875933754Z I20260916 12:09:55.875164   147 transaction_manager_impl.cpp:120] Total, abort: 4 commit: 636
2026-09-16T12:09:55.875953485Z I20260916 12:09:55.875178   147 transaction_manager_impl.cpp:62] Finish with epoch id=6368
2026-09-16T12:09:55.880843028Z I20260916 12:09:55.880743    44 block_storage_to_file.cpp:46] block store in file successfully, epoch=6368
2026-09-16T12:09:55.888389769Z [epoch] I20260916 12:09:55.888232     7 chain_client.cpp:83] Sending Request to epoch_server_group at qps=0 latency=0
2026-09-16T12:09:55.924517981Z I20260916 12:09:55.924352   150 epoch_txn_queue_manager.h:17] All threads reached barrier, epoch: 6370, count: 4
2026-09-16T12:09:55.927800213Z I20260916 12:09:55.927645   143 consensus_control_block.h:289] consensus of epoch=6369 has reach, all vote yes.
2026-09-16T12:09:55.932281632Z I20260916 12:09:55.932053   147 transaction_manager_impl.cpp:120] Total, abort: 0 commit: 635
2026-09-16T12:09:55.932300803Z I20260916 12:09:55.932075   147 transaction_manager_impl.cpp:62] Finish with epoch id=6369
2026-09-16T12:09:55.938364784Z I20260916 12:09:55.938251    44 block_storage_to_file.cpp:46] block store in file successfully, epoch=6369
2026-09-16T12:09:55.939868759Z I20260916 12:09:55.939760   143 consensus_control_block.h:289] consensus of epoch=6370 has reach, all vote yes.
2026-09-16T12:09:55.989011035Z I20260916 12:09:55.988840   149 epoch_txn_queue_manager.h:17] All threads reached barrier, epoch: 6371, count: 4
2026-09-16T12:09:55.992881626Z I20260916 12:09:55.992797   147 transaction_manager_impl.cpp:120] Total, abort: 4 commit: 477
2026-09-16T12:09:55.992892378Z I20260916 12:09:55.992816   147 transaction_manager_impl.cpp:62] Finish with epoch id=6370
2026-09-16T12:09:55.997154098Z I20260916 12:09:55.997038    44 block_storage_to_file.cpp:46] block store in file successfully, epoch=6370
2026-09-16T12:09:56.048135369Z I20260916 12:09:56.048003   143 consensus_control_block.h:289] consensus of epoch=6371 has reach, all vote yes.
2026-09-16T12:09:56.061394668Z I20260916 12:09:56.061283   152 epoch_txn_queue_manager.h:17] All threads reached barrier, epoch: 6372, count: 4
2026-09-16T12:09:56.066034456Z I20260916 12:09:56.065898   147 transaction_manager_impl.cpp:120] Total, abort: 2 commit: 568
2026-09-16T12:09:56.066048827Z I20260916 12:09:56.065918   147 transaction_manager_impl.cpp:62] Finish with epoch id=6371
2026-09-16T12:09:56.071744727Z I20260916 12:09:56.071630    44 block_storage_to_file.cpp:46] block store in file successfully, epoch=6371
2026-09-16T12:09:56.131801111Z I20260916 12:09:56.131654   152 epoch_txn_queue_manager.h:17] All threads reached barrier, epoch: 6373, count: 4
2026-09-16T12:09:56.134527356Z I20260916 12:09:56.134406   143 consensus_control_block.h:289] consensus of epoch=6372 has reach, all vote yes.
2026-09-16T12:09:56.142000620Z I20260916 12:09:56.141865   147 transaction_manager_impl.cpp:120] Total, abort: 2 commit: 682
2026-09-16T12:09:56.142023209Z I20260916 12:09:56.141882   147 transaction_manager_impl.cpp:62] Finish with epoch id=6372
2026-09-16T12:09:56.147514346Z I20260916 12:09:56.147399    44 block_storage_to_file.cpp:46] block store in file successfully, epoch=6372
2026-09-16T12:09:56.200765083Z I20260916 12:09:56.200659   143 consensus_control_block.h:289] consensus of epoch=6373 has reach, all vote yes.
2026-09-16T12:09:56.207795829Z I20260916 12:09:56.207543   150 epoch_txn_queue_manager.h:17] All threads reached barrier, epoch: 6374, count: 4
2026-09-16T12:09:56.212278166Z I20260916 12:09:56.212154   147 transaction_manager_impl.cpp:120] Total, abort: 7 commit: 632
2026-09-16T12:09:56.212292815Z I20260916 12:09:56.212174   147 transaction_manager_impl.cpp:62] Finish with epoch id=6373
2026-09-16T12:09:56.219575330Z I20260916 12:09:56.219352    44 block_storage_to_file.cpp:46] block store in file successfully, epoch=6373
2026-09-16T12:09:56.275023446Z I20260916 12:09:56.274933   143 consensus_control_block.h:289] consensus of epoch=6374 has reach, all vote yes.
2026-09-16T12:09:56.280996255Z I20260916 12:09:56.280833   149 epoch_txn_queue_manager.h:17] All threads reached barrier, epoch: 6375, count: 4
2026-09-16T12:09:56.286819646Z I20260916 12:09:56.286585   147 transaction_manager_impl.cpp:120] Total, abort: 4 commit: 656
2026-09-16T12:09:56.286841352Z I20260916 12:09:56.286608   147 transaction_manager_impl.cpp:62] Finish with epoch id=6374
2026-09-16T12:09:56.293791526Z I20260916 12:09:56.293642    44 block_storage_to_file.cpp:46] block store in file successfully, epoch=6374
2026-09-16T12:09:56.349018423Z I20260916 12:09:56.348908   143 consensus_control_block.h:289] consensus of epoch=6375 has reach, all vote yes.
2026-09-16T12:09:56.363451592Z I20260916 12:09:56.363339   152 epoch_txn_queue_manager.h:17] All threads reached barrier, epoch: 6376, count: 4
2026-09-16T12:09:56.367021168Z I20260916 12:09:56.366930   147 transaction_manager_impl.cpp:120] Total, abort: 0 commit: 657
2026-09-16T12:09:56.367034370Z I20260916 12:09:56.366943   147 transaction_manager_impl.cpp:62] Finish with epoch id=6375
2026-09-16T12:09:56.372849002Z I20260916 12:09:56.372748    44 block_storage_to_file.cpp:46] block store in file successfully, epoch=6375
2026-09-16T12:09:56.449376853Z I20260916 12:09:56.449236   143 consensus_control_block.h:289] consensus of epoch=6376 has reach, all vote yes.
2026-09-16T12:09:56.643356318Z I20260916 12:09:56.643231   149 epoch_txn_queue_manager.h:17] All threads reached barrier, epoch: 6377, count: 4
2026-09-16T12:09:56.648691322Z I20260916 12:09:56.648567   147 transaction_manager_impl.cpp:120] Total, abort: 4 commit: 768
2026-09-16T12:09:56.648713093Z I20260916 12:09:56.648583   147 transaction_manager_impl.cpp:62] Finish with epoch id=6376
2026-09-16T12:09:56.655874830Z I20260916 12:09:56.655725    44 block_storage_to_file.cpp:46] block store in file successfully, epoch=6376
2026-09-16T12:09:56.701805738Z I20260916 12:09:56.701623   150 epoch_txn_queue_manager.h:17] All threads reached barrier, epoch: 6378, count: 4
2026-09-16T12:09:56.706555251Z I20260916 12:09:56.706394   143 consensus_control_block.h:289] consensus of epoch=6377 has reach, all vote yes.
2026-09-16T12:09:56.722239624Z I20260916 12:09:56.722149   147 transaction_manager_impl.cpp:120] Total, abort: 17 commit: 2491
2026-09-16T12:09:56.722252198Z I20260916 12:09:56.722168   147 transaction_manager_impl.cpp:62] Finish with epoch id=6377
2026-09-16T12:09:56.742488506Z I20260916 12:09:56.742408    44 block_storage_to_file.cpp:46] block store in file successfully, epoch=6377
2026-09-16T12:09:56.765026328Z I20260916 12:09:56.764889   151 epoch_txn_queue_manager.h:17] All threads reached barrier, epoch: 6379, count: 4
2026-09-16T12:09:56.767593359Z I20260916 12:09:56.767470   143 consensus_control_block.h:289] consensus of epoch=6378 has reach, all vote yes.
2026-09-16T12:09:56.772433557Z I20260916 12:09:56.772298   147 transaction_manager_impl.cpp:120] Total, abort: 4 commit: 524
2026-09-16T12:09:56.772452519Z I20260916 12:09:56.772328   147 transaction_manager_impl.cpp:62] Finish with epoch id=6378
2026-09-16T12:09:56.777723341Z I20260916 12:09:56.777590    44 block_storage_to_file.cpp:46] block store in file successfully, epoch=6378
2026-09-16T12:09:56.845401855Z I20260916 12:09:56.845309   151 epoch_txn_queue_manager.h:17] All threads reached barrier, epoch: 6380, count: 4
2026-09-16T12:09:56.845647943Z I20260916 12:09:56.845589   143 consensus_control_block.h:289] consensus of epoch=6379 has reach, all vote yes.
2026-09-16T12:09:56.848867858Z I20260916 12:09:56.848775   147 transaction_manager_impl.cpp:120] Total, abort: 0 commit: 587
2026-09-16T12:09:56.848877849Z I20260916 12:09:56.848793   147 transaction_manager_impl.cpp:62] Finish with epoch id=6379
2026-09-16T12:09:56.853770826Z I20260916 12:09:56.853598    44 block_storage_to_file.cpp:46] block store in file successfully, epoch=6379
2026-09-16T12:09:56.888486172Z [epoch] I20260916 12:09:56.888322     7 chain_client.cpp:83] Sending Request to epoch_server_group at qps=0 latency=0
2026-09-16T12:09:56.902969488Z I20260916 12:09:56.902864   143 consensus_control_block.h:289] consensus of epoch=6380 has reach, all vote yes.
2026-09-16T12:09:56.917843396Z I20260916 12:09:56.917670   152 epoch_txn_queue_manager.h:17] All threads reached barrier, epoch: 6381, count: 4
2026-09-16T12:09:56.923585120Z I20260916 12:09:56.923496   147 transaction_manager_impl.cpp:120] Total, abort: 4 commit: 725
2026-09-16T12:09:56.923597352Z I20260916 12:09:56.923514   147 transaction_manager_impl.cpp:62] Finish with epoch id=6380
2026-09-16T12:09:56.929887488Z I20260916 12:09:56.929797    44 block_storage_to_file.cpp:46] block store in file successfully, epoch=6380
2026-09-16T12:09:56.942573058Z I20260916 12:09:56.942476   143 consensus_control_block.h:289] consensus of epoch=6381 has reach, all vote yes.
2026-09-16T12:09:56.993478864Z I20260916 12:09:56.993351   150 epoch_txn_queue_manager.h:17] All threads reached barrier, epoch: 6382, count: 4
2026-09-16T12:09:56.999213199Z I20260916 12:09:56.999105   147 transaction_manager_impl.cpp:120] Total, abort: 4 commit: 660
2026-09-16T12:09:56.999226070Z I20260916 12:09:56.999118   147 transaction_manager_impl.cpp:62] Finish with epoch id=6381
2026-09-16T12:09:57.004598060Z I20260916 12:09:57.004515    44 block_storage_to_file.cpp:46] block store in file successfully, epoch=6381
2026-09-16T12:09:57.051269887Z I20260916 12:09:57.051167   143 consensus_control_block.h:289] consensus of epoch=6382 has reach, all vote yes.
2026-09-16T12:09:57.066370454Z I20260916 12:09:57.066272   149 epoch_txn_queue_manager.h:17] All threads reached barrier, epoch: 6383, count: 4
2026-09-16T12:09:57.072136046Z I20260916 12:09:57.072037   147 transaction_manager_impl.cpp:120] Total, abort: 4 commit: 658
2026-09-16T12:09:57.072148514Z I20260916 12:09:57.072050   147 transaction_manager_impl.cpp:62] Finish with epoch id=6382
2026-09-16T12:09:57.077528790Z I20260916 12:09:57.077378    44 block_storage_to_file.cpp:46] block store in file successfully, epoch=6382
2026-09-16T12:09:57.151542109Z I20260916 12:09:57.151444   143 consensus_control_block.h:289] consensus of epoch=6383 has reach, all vote yes.
2026-09-16T12:09:57.157887410Z I20260916 12:09:57.157675   151 epoch_txn_queue_manager.h:17] All threads reached barrier, epoch: 6384, count: 4
2026-09-16T12:09:57.162035073Z I20260916 12:09:57.161947   147 transaction_manager_impl.cpp:120] Total, abort: 0 commit: 654
2026-09-16T12:09:57.162049132Z I20260916 12:09:57.161965   147 transaction_manager_impl.cpp:62] Finish with epoch id=6383
2026-09-16T12:09:57.167531292Z I20260916 12:09:57.167439    44 block_storage_to_file.cpp:46] block store in file successfully, epoch=6383
2026-09-16T12:09:57.251819053Z I20260916 12:09:57.251686   143 consensus_control_block.h:289] consensus of epoch=6384 has reach, all vote yes.
2026-09-16T12:09:57.260460671Z I20260916 12:09:57.260109   152 epoch_txn_queue_manager.h:17] All threads reached barrier, epoch: 6385, count: 4
2026-09-16T12:09:57.266862205Z I20260916 12:09:57.266738   147 transaction_manager_impl.cpp:120] Total, abort: 4 commit: 844
2026-09-16T12:09:57.266882338Z I20260916 12:09:57.266757   147 transaction_manager_impl.cpp:62] Finish with epoch id=6384
2026-09-16T12:09:57.273930028Z I20260916 12:09:57.273818    44 block_storage_to_file.cpp:46] block store in file successfully, epoch=6384
2026-09-16T12:09:57.330940121Z I20260916 12:09:57.330679   152 epoch_txn_queue_manager.h:17] All threads reached barrier, epoch: 6386, count: 4
2026-09-16T12:09:57.334182614Z I20260916 12:09:57.334055   143 consensus_control_block.h:289] consensus of epoch=6385 has reach, all vote yes.
2026-09-16T12:09:57.339400600Z I20260916 12:09:57.339269   147 transaction_manager_impl.cpp:120] Total, abort: 4 commit: 930
2026-09-16T12:09:57.339419693Z I20260916 12:09:57.339294   147 transaction_manager_impl.cpp:62] Finish with epoch id=6385
2026-09-16T12:09:57.347348436Z I20260916 12:09:57.347246    44 block_storage_to_file.cpp:46] block store in file successfully, epoch=6385
2026-09-16T12:09:57.360985467Z I20260916 12:09:57.360877   152 epoch_txn_queue_manager.h:17] All threads reached barrier, epoch: 6387, count: 4
2026-09-16T12:09:57.361879297Z I20260916 12:09:57.361820   143 consensus_control_block.h:289] consensus of epoch=6386 has reach, all vote yes.
2026-09-16T12:09:57.365596781Z I20260916 12:09:57.365512   147 transaction_manager_impl.cpp:120] Total, abort: 4 commit: 631
2026-09-16T12:09:57.365604402Z I20260916 12:09:57.365525   147 transaction_manager_impl.cpp:62] Finish with epoch id=6386
2026-09-16T12:09:57.371260864Z I20260916 12:09:57.371153    44 block_storage_to_file.cpp:46] block store in file successfully, epoch=6386
2026-09-16T12:09:57.440508923Z I20260916 12:09:57.440344   151 epoch_txn_queue_manager.h:17] All threads reached barrier, epoch: 6388, count: 4
2026-09-16T12:09:57.442110836Z I20260916 12:09:57.442023   143 consensus_control_block.h:289] consensus of epoch=6387 has reach, all vote yes.
2026-09-16T12:09:57.445348043Z I20260916 12:09:57.445279   147 transaction_manager_impl.cpp:120] Total, abort: 0 commit: 274
2026-09-16T12:09:57.446816799Z I20260916 12:09:57.445369   147 transaction_manager_impl.cpp:62] Finish with epoch id=6387
2026-09-16T12:09:57.447846408Z I20260916 12:09:57.447738    44 block_storage_to_file.cpp:46] block store in file successfully, epoch=6387
2026-09-16T12:09:57.461832942Z I20260916 12:09:57.461664   152 epoch_txn_queue_manager.h:17] All threads reached barrier, epoch: 6389, count: 4
2026-09-16T12:09:57.462379862Z I20260916 12:09:57.462330   143 consensus_control_block.h:289] consensus of epoch=6388 has reach, all vote yes.
2026-09-16T12:09:57.466206699Z I20260916 12:09:57.465813   147 transaction_manager_impl.cpp:120] Total, abort: 4 commit: 702
2026-09-16T12:09:57.466228043Z I20260916 12:09:57.465827   147 transaction_manager_impl.cpp:62] Finish with epoch id=6388
2026-09-16T12:09:57.471799936Z I20260916 12:09:57.471664    44 block_storage_to_file.cpp:46] block store in file successfully, epoch=6388
2026-09-16T12:09:57.542936818Z I20260916 12:09:57.542797   152 epoch_txn_queue_manager.h:17] All threads reached barrier, epoch: 6390, count: 4
2026-09-16T12:09:57.544794168Z I20260916 12:09:57.544708   143 consensus_control_block.h:289] consensus of epoch=6389 has reach, all vote yes.
2026-09-16T12:09:57.546432471Z I20260916 12:09:57.546355   147 transaction_manager_impl.cpp:120] Total, abort: 0 commit: 207
2026-09-16T12:09:57.546442436Z I20260916 12:09:57.546372   147 transaction_manager_impl.cpp:62] Finish with epoch id=6389
2026-09-16T12:09:57.548211776Z I20260916 12:09:57.548110    44 block_storage_to_file.cpp:46] block store in file successfully, epoch=6389
2026-09-16T12:09:57.563122101Z I20260916 12:09:57.563005   152 epoch_txn_queue_manager.h:17] All threads reached barrier, epoch: 6391, count: 4
2026-09-16T12:09:57.565196167Z I20260916 12:09:57.565101   143 consensus_control_block.h:289] consensus of epoch=6390 has reach, all vote yes.
2026-09-16T12:09:57.569847845Z I20260916 12:09:57.569741   147 transaction_manager_impl.cpp:120] Total, abort: 4 commit: 725
2026-09-16T12:09:57.569859612Z I20260916 12:09:57.569754   147 transaction_manager_impl.cpp:62] Finish with epoch id=6390
2026-09-16T12:09:57.575649044Z I20260916 12:09:57.575549    44 block_storage_to_file.cpp:46] block store in file successfully, epoch=6390
2026-09-16T12:09:57.653009751Z I20260916 12:09:57.652906   143 consensus_control_block.h:289] consensus of epoch=6391 has reach, all vote yes.
2026-09-16T12:09:57.663790222Z I20260916 12:09:57.663553   152 epoch_txn_queue_manager.h:17] All threads reached barrier, epoch: 6392, count: 4
2026-09-16T12:09:57.665557039Z I20260916 12:09:57.665472   147 transaction_manager_impl.cpp:120] Total, abort: 0 commit: 180
2026-09-16T12:09:57.665562380Z I20260916 12:09:57.665483   147 transaction_manager_impl.cpp:62] Finish with epoch id=6391
2026-09-16T12:09:57.667274173Z I20260916 12:09:57.667131    44 block_storage_to_file.cpp:46] block store in file successfully, epoch=6391
2026-09-16T12:09:57.734192645Z I20260916 12:09:57.734071   152 epoch_txn_queue_manager.h:17] All threads reached barrier, epoch: 6393, count: 4
2026-09-16T12:09:57.736237320Z I20260916 12:09:57.736129   143 consensus_control_block.h:289] consensus of epoch=6392 has reach, all vote yes.
2026-09-16T12:09:57.741433654Z I20260916 12:09:57.741344   147 transaction_manager_impl.cpp:120] Total, abort: 6 commit: 905
2026-09-16T12:09:57.741448591Z I20260916 12:09:57.741358   147 transaction_manager_impl.cpp:62] Finish with epoch id=6392
2026-09-16T12:09:57.749001240Z I20260916 12:09:57.748895    44 block_storage_to_file.cpp:46] block store in file successfully, epoch=6392
2026-09-16T12:09:57.764260175Z I20260916 12:09:57.764178   152 epoch_txn_queue_manager.h:17] All threads reached barrier, epoch: 6394, count: 4
2026-09-16T12:09:57.764649431Z I20260916 12:09:57.764576   143 consensus_control_block.h:289] consensus of epoch=6393 has reach, all vote yes.
2026-09-16T12:09:57.768482511Z I20260916 12:09:57.768395   147 transaction_manager_impl.cpp:120] Total, abort: 4 commit: 634
2026-09-16T12:09:57.768494494Z I20260916 12:09:57.768409   147 transaction_manager_impl.cpp:62] Finish with epoch id=6393
2026-09-16T12:09:57.774068708Z I20260916 12:09:57.773950    44 block_storage_to_file.cpp:46] block store in file successfully, epoch=6393
2026-09-16T12:09:57.822985834Z I20260916 12:09:57.822896   151 epoch_txn_queue_manager.h:17] All threads reached barrier, epoch: 6395, count: 4
2026-09-16T12:09:57.823326025Z I20260916 12:09:57.823217   143 consensus_control_block.h:289] consensus of epoch=6394 has reach, all vote yes.
2026-09-16T12:09:57.824664789Z I20260916 12:09:57.824600   147 transaction_manager_impl.cpp:120] Total, abort: 0 commit: 269
2026-09-16T12:09:57.824671702Z I20260916 12:09:57.824625   147 transaction_manager_impl.cpp:62] Finish with epoch id=6394
2026-09-16T12:09:57.827158560Z I20260916 12:09:57.827073    44 block_storage_to_file.cpp:46] block store in file successfully, epoch=6394
2026-09-16T12:09:57.888544518Z [epoch] I20260916 12:09:57.888412     7 chain_client.cpp:83] Sending Request to epoch_server_group at qps=0 latency=0
2026-09-16T12:09:57.905403380Z I20260916 12:09:57.905313   143 consensus_control_block.h:289] consensus of epoch=6395 has reach, all vote yes.
2026-09-16T12:09:57.945743352Z I20260916 12:09:57.945652   152 epoch_txn_queue_manager.h:17] All threads reached barrier, epoch: 6396, count: 4
2026-09-16T12:09:57.950711607Z I20260916 12:09:57.950479   147 transaction_manager_impl.cpp:120] Total, abort: 6 commit: 523
2026-09-16T12:09:57.950722583Z I20260916 12:09:57.950493   147 transaction_manager_impl.cpp:62] Finish with epoch id=6395
2026-09-16T12:09:57.955648251Z I20260916 12:09:57.955533    44 block_storage_to_file.cpp:46] block store in file successfully, epoch=6395
2026-09-16T12:09:57.966067535Z I20260916 12:09:57.965931   152 epoch_txn_queue_manager.h:17] All threads reached barrier, epoch: 6397, count: 4
2026-09-16T12:09:57.968047326Z I20260916 12:09:57.967972   143 consensus_control_block.h:289] consensus of epoch=6396 has reach, all vote yes.
2026-09-16T12:09:57.975438913Z I20260916 12:09:57.975329   147 transaction_manager_impl.cpp:120] Total, abort: 7 commit: 1106
2026-09-16T12:09:57.975455356Z I20260916 12:09:57.975349   147 transaction_manager_impl.cpp:62] Finish with epoch id=6396
2026-09-16T12:09:57.983958098Z I20260916 12:09:57.983866    44 block_storage_to_file.cpp:46] block store in file successfully, epoch=6396
2026-09-16T12:09:58.035237738Z I20260916 12:09:58.035105   143 consensus_control_block.h:289] consensus of epoch=6397 has reach, all vote yes.
2026-09-16T12:09:58.036289695Z I20260916 12:09:58.036206   152 epoch_txn_queue_manager.h:17] All threads reached barrier, epoch: 6398, count: 4
2026-09-16T12:09:58.037682940Z I20260916 12:09:58.037606   147 transaction_manager_impl.cpp:120] Total, abort: 0 commit: 176
2026-09-16T12:09:58.037690690Z I20260916 12:09:58.037618   147 transaction_manager_impl.cpp:62] Finish with epoch id=6397
2026-09-16T12:09:58.039840368Z I20260916 12:09:58.039697    44 block_storage_to_file.cpp:46] block store in file successfully, epoch=6397
2026-09-16T12:09:58.066501180Z I20260916 12:09:58.066380   152 epoch_txn_queue_manager.h:17] All threads reached barrier, epoch: 6399, count: 4
2026-09-16T12:09:58.072436737Z I20260916 12:09:58.072342   143 consensus_control_block.h:289] consensus of epoch=6398 has reach, all vote yes.
2026-09-16T12:09:58.075884442Z I20260916 12:09:58.075789   147 transaction_manager_impl.cpp:120] Total, abort: 4 commit: 644
2026-09-16T12:09:58.075898386Z I20260916 12:09:58.075805   147 transaction_manager_impl.cpp:62] Finish with epoch id=6398
2026-09-16T12:09:58.081152248Z I20260916 12:09:58.081046    44 block_storage_to_file.cpp:46] block store in file successfully, epoch=6398
2026-09-16T12:09:58.126868883Z I20260916 12:09:58.126785   152 epoch_txn_queue_manager.h:17] All threads reached barrier, epoch: 6400, count: 4
2026-09-16T12:09:58.130114902Z I20260916 12:09:58.129997   143 consensus_control_block.h:289] consensus of epoch=6399 has reach, all vote yes.
2026-09-16T12:09:58.131595212Z I20260916 12:09:58.131533   147 transaction_manager_impl.cpp:120] Total, abort: 0 commit: 269
2026-09-16T12:09:58.131600667Z I20260916 12:09:58.131544   147 transaction_manager_impl.cpp:62] Finish with epoch id=6399
2026-09-16T12:09:58.134144771Z I20260916 12:09:58.134080    44 block_storage_to_file.cpp:46] block store in file successfully, epoch=6399
2026-09-16T12:09:58.206086371Z I20260916 12:09:58.205992   143 consensus_control_block.h:289] consensus of epoch=6400 has reach, all vote yes.
2026-09-16T12:09:58.275166769Z I20260916 12:09:58.273754   150 epoch_txn_queue_manager.h:17] All threads reached barrier, epoch: 6401, count: 4
2026-09-16T12:09:58.279623447Z I20260916 12:09:58.279552   150 epoch_txn_queue_manager.h:17] All threads reached barrier, epoch: 6402, count: 4
2026-09-16T12:09:58.282079127Z I20260916 12:09:58.282001   147 transaction_manager_impl.cpp:120] Total, abort: 4 commit: 544
2026-09-16T12:09:58.282090512Z I20260916 12:09:58.282015   147 transaction_manager_impl.cpp:62] Finish with epoch id=6400
2026-09-16T12:09:58.290486062Z I20260916 12:09:58.290400    44 block_storage_to_file.cpp:46] block store in file successfully, epoch=6400
2026-09-16T12:09:58.320133550Z I20260916 12:09:58.320025   143 consensus_control_block.h:289] consensus of epoch=6401 has reach, all vote yes.
2026-09-16T12:09:58.324165391Z I20260916 12:09:58.324064   147 transaction_manager_impl.cpp:120] Total, abort: 4 commit: 1084
2026-09-16T12:09:58.324181929Z I20260916 12:09:58.324079   147 transaction_manager_impl.cpp:62] Finish with epoch id=6401
2026-09-16T12:09:58.326748833Z I20260916 12:09:58.326629   151 epoch_txn_queue_manager.h:17] All threads reached barrier, epoch: 6403, count: 4
2026-09-16T12:09:58.327475746Z I20260916 12:09:58.327443   143 consensus_control_block.h:289] consensus of epoch=6402 has reach, all vote yes.
2026-09-16T12:09:58.328417794Z I20260916 12:09:58.328359   147 transaction_manager_impl.cpp:120] Total, abort: 0 commit: 113
2026-09-16T12:09:58.328422504Z I20260916 12:09:58.328372   147 transaction_manager_impl.cpp:62] Finish with epoch id=6402
2026-09-16T12:09:58.333503277Z I20260916 12:09:58.333416    44 block_storage_to_file.cpp:46] block store in file successfully, epoch=6401
2026-09-16T12:09:58.334102097Z I20260916 12:09:58.334009    44 block_storage_to_file.cpp:46] block store in file successfully, epoch=6402
2026-09-16T12:09:58.390317857Z I20260916 12:09:58.390229   143 consensus_control_block.h:289] consensus of epoch=6403 has reach, all vote yes.
2026-09-16T12:09:58.395751561Z I20260916 12:09:58.395680   150 epoch_txn_queue_manager.h:17] All threads reached barrier, epoch: 6404, count: 4
2026-09-16T12:09:58.400665107Z I20260916 12:09:58.400574   147 transaction_manager_impl.cpp:120] Total, abort: 4 commit: 575
2026-09-16T12:09:58.400676988Z I20260916 12:09:58.400592   147 transaction_manager_impl.cpp:62] Finish with epoch id=6403
2026-09-16T12:09:58.405197012Z I20260916 12:09:58.405122    44 block_storage_to_file.cpp:46] block store in file successfully, epoch=6403
2026-09-16T12:09:58.455459297Z I20260916 12:09:58.455364   143 consensus_control_block.h:289] consensus of epoch=6404 has reach, all vote yes.
2026-09-16T12:09:58.467631025Z I20260916 12:09:58.467531   151 epoch_txn_queue_manager.h:17] All threads reached barrier, epoch: 6405, count: 4
2026-09-16T12:09:58.471895085Z I20260916 12:09:58.471796   147 transaction_manager_impl.cpp:120] Total, abort: 5 commit: 611
2026-09-16T12:09:58.471910943Z I20260916 12:09:58.471812   147 transaction_manager_impl.cpp:62] Finish with epoch id=6404
2026-09-16T12:09:58.476776858Z I20260916 12:09:58.476624    44 block_storage_to_file.cpp:46] block store in file successfully, epoch=6404
2026-09-16T12:09:58.538602969Z I20260916 12:09:58.538453   143 consensus_control_block.h:289] consensus of epoch=6405 has reach, all vote yes.
2026-09-16T12:09:58.538727213Z I20260916 12:09:58.538609   149 epoch_txn_queue_manager.h:17] All threads reached barrier, epoch: 6406, count: 4
2026-09-16T12:09:58.542186097Z I20260916 12:09:58.542117   147 transaction_manager_impl.cpp:120] Total, abort: 1 commit: 658
2026-09-16T12:09:58.542196440Z I20260916 12:09:58.542136   147 transaction_manager_impl.cpp:62] Finish with epoch id=6405
2026-09-16T12:09:58.548567079Z I20260916 12:09:58.548344    44 block_storage_to_file.cpp:46] block store in file successfully, epoch=6405
2026-09-16T12:09:58.607192753Z I20260916 12:09:58.607112   143 consensus_control_block.h:289] consensus of epoch=6406 has reach, all vote yes.
2026-09-16T12:09:58.610568089Z I20260916 12:09:58.610502   152 epoch_txn_queue_manager.h:17] All threads reached barrier, epoch: 6407, count: 4
2026-09-16T12:09:58.615020181Z I20260916 12:09:58.614943   147 transaction_manager_impl.cpp:120] Total, abort: 5 commit: 652
2026-09-16T12:09:58.615024335Z I20260916 12:09:58.614960   147 transaction_manager_impl.cpp:62] Finish with epoch id=6406
2026-09-16T12:09:58.621049600Z I20260916 12:09:58.620966    44 block_storage_to_file.cpp:46] block store in file successfully, epoch=6406
2026-09-16T12:09:58.707518902Z I20260916 12:09:58.707425   143 consensus_control_block.h:289] consensus of epoch=6407 has reach, all vote yes.
2026-09-16T12:09:58.740171249Z I20260916 12:09:58.740041   149 epoch_txn_queue_manager.h:17] All threads reached barrier, epoch: 6408, count: 4
2026-09-16T12:09:58.744988860Z I20260916 12:09:58.744913   147 transaction_manager_impl.cpp:120] Total, abort: 4 commit: 658
2026-09-16T12:09:58.745003192Z I20260916 12:09:58.744926   147 transaction_manager_impl.cpp:62] Finish with epoch id=6407
2026-09-16T12:09:58.750980773Z I20260916 12:09:58.750913    44 block_storage_to_file.cpp:46] block store in file successfully, epoch=6407
2026-09-16T12:09:58.770994265Z I20260916 12:09:58.770855   149 epoch_txn_queue_manager.h:17] All threads reached barrier, epoch: 6409, count: 4
2026-09-16T12:09:58.788740119Z I20260916 12:09:58.788630   143 consensus_control_block.h:289] consensus of epoch=6408 has reach, all vote yes.
2026-09-16T12:09:58.796137214Z I20260916 12:09:58.796036   147 transaction_manager_impl.cpp:120] Total, abort: 6 commit: 1157
2026-09-16T12:09:58.796148782Z I20260916 12:09:58.796051   147 transaction_manager_impl.cpp:62] Finish with epoch id=6408
2026-09-16T12:09:58.805910643Z I20260916 12:09:58.805783    44 block_storage_to_file.cpp:46] block store in file successfully, epoch=6408
2026-09-16T12:09:58.825301516Z I20260916 12:09:58.825188   150 epoch_txn_queue_manager.h:17] All threads reached barrier, epoch: 6410, count: 4
2026-09-16T12:09:58.827152034Z I20260916 12:09:58.827032   143 consensus_control_block.h:289] consensus of epoch=6409 has reach, all vote yes.
2026-09-16T12:09:58.829062267Z I20260916 12:09:58.828980   147 transaction_manager_impl.cpp:120] Total, abort: 0 commit: 271
2026-09-16T12:09:58.829068846Z I20260916 12:09:58.828997   147 transaction_manager_impl.cpp:62] Finish with epoch id=6409
2026-09-16T12:09:58.831874253Z I20260916 12:09:58.831781    44 block_storage_to_file.cpp:46] block store in file successfully, epoch=6409
2026-09-16T12:09:58.871245705Z I20260916 12:09:58.871112   149 epoch_txn_queue_manager.h:17] All threads reached barrier, epoch: 6411, count: 4
2026-09-16T12:09:58.878350559Z I20260916 12:09:58.878245   143 consensus_control_block.h:289] consensus of epoch=6410 has reach, all vote yes.
2026-09-16T12:09:58.882633527Z I20260916 12:09:58.882512   147 transaction_manager_impl.cpp:120] Total, abort: 5 commit: 491
2026-09-16T12:09:58.882646910Z I20260916 12:09:58.882524   147 transaction_manager_impl.cpp:62] Finish with epoch id=6410
2026-09-16T12:09:58.886940307Z I20260916 12:09:58.886859    44 block_storage_to_file.cpp:46] block store in file successfully, epoch=6410
2026-09-16T12:09:58.888622709Z [epoch] I20260916 12:09:58.888507     7 chain_client.cpp:83] Sending Request to epoch_server_group at qps=0 latency=0
2026-09-16T12:09:58.927538377Z I20260916 12:09:58.927397   143 consensus_control_block.h:289] consensus of epoch=6411 has reach, all vote yes.
2026-09-16T12:09:58.930851685Z I20260916 12:09:58.930763   151 epoch_txn_queue_manager.h:17] All threads reached barrier, epoch: 6412, count: 4
2026-09-16T12:09:58.935427037Z I20260916 12:09:58.934191   147 transaction_manager_impl.cpp:120] Total, abort: 0 commit: 406
2026-09-16T12:09:58.935443059Z I20260916 12:09:58.934221   147 transaction_manager_impl.cpp:62] Finish with epoch id=6411
2026-09-16T12:09:58.938053714Z I20260916 12:09:58.937983    44 block_storage_to_file.cpp:46] block store in file successfully, epoch=6411
2026-09-16T12:09:58.984473971Z I20260916 12:09:58.984380   143 consensus_control_block.h:289] consensus of epoch=6412 has reach, all vote yes.
2026-09-16T12:09:58.986408611Z I20260916 12:09:58.986274   150 epoch_txn_queue_manager.h:17] All threads reached barrier, epoch: 6413, count: 4
2026-09-16T12:09:58.989744839Z I20260916 12:09:58.989672   147 transaction_manager_impl.cpp:120] Total, abort: 4 commit: 521
2026-09-16T12:09:58.989760025Z I20260916 12:09:58.989683   147 transaction_manager_impl.cpp:62] Finish with epoch id=6412
2026-09-16T12:09:58.994319449Z I20260916 12:09:58.994230    44 block_storage_to_file.cpp:46] block store in file successfully, epoch=6412
2026-09-16T12:09:59.053647136Z I20260916 12:09:59.053527   143 consensus_control_block.h:289] consensus of epoch=6413 has reach, all vote yes.
2026-09-16T12:09:59.053970402Z I20260916 12:09:59.053889   152 epoch_txn_queue_manager.h:17] All threads reached barrier, epoch: 6414, count: 4
2026-09-16T12:09:59.058128041Z I20260916 12:09:59.058029   147 transaction_manager_impl.cpp:120] Total, abort: 1 commit: 523
2026-09-16T12:09:59.058141953Z I20260916 12:09:59.058065   147 transaction_manager_impl.cpp:62] Finish with epoch id=6413
2026-09-16T12:09:59.063021887Z I20260916 12:09:59.062920    44 block_storage_to_file.cpp:46] block store in file successfully, epoch=6413
2026-09-16T12:09:59.153855587Z I20260916 12:09:59.153776   143 consensus_control_block.h:289] consensus of epoch=6414 has reach, all vote yes.
2026-09-16T12:09:59.167357552Z I20260916 12:09:59.167270   150 epoch_txn_queue_manager.h:17] All threads reached barrier, epoch: 6415, count: 4
2026-09-16T12:09:59.171705774Z I20260916 12:09:59.171584   147 transaction_manager_impl.cpp:120] Total, abort: 4 commit: 610
2026-09-16T12:09:59.171720623Z I20260916 12:09:59.171597   147 transaction_manager_impl.cpp:62] Finish with epoch id=6414
2026-09-16T12:09:59.176924934Z I20260916 12:09:59.176761    44 block_storage_to_file.cpp:46] block store in file successfully, epoch=6414
2026-09-16T12:09:59.235369665Z I20260916 12:09:59.235261   152 epoch_txn_queue_manager.h:17] All threads reached barrier, epoch: 6416, count: 4
2026-09-16T12:09:59.238799079Z I20260916 12:09:59.238695   143 consensus_control_block.h:289] consensus of epoch=6415 has reach, all vote yes.
2026-09-16T12:09:59.244436801Z I20260916 12:09:59.244343   147 transaction_manager_impl.cpp:120] Total, abort: 4 commit: 1021
2026-09-16T12:09:59.244448164Z I20260916 12:09:59.244356   147 transaction_manager_impl.cpp:62] Finish with epoch id=6415
2026-09-16T12:09:59.253074752Z I20260916 12:09:59.252990    44 block_storage_to_file.cpp:46] block store in file successfully, epoch=6415
2026-09-16T12:09:59.268082671Z I20260916 12:09:59.267958   150 epoch_txn_queue_manager.h:17] All threads reached barrier, epoch: 6417, count: 4
2026-09-16T12:09:59.276247615Z I20260916 12:09:59.276088   143 consensus_control_block.h:289] consensus of epoch=6416 has reach, all vote yes.
2026-09-16T12:09:59.279586099Z I20260916 12:09:59.279508   147 transaction_manager_impl.cpp:120] Total, abort: 4 commit: 610
2026-09-16T12:09:59.279597872Z I20260916 12:09:59.279521   147 transaction_manager_impl.cpp:62] Finish with epoch id=6416
2026-09-16T12:09:59.284885211Z I20260916 12:09:59.284796    44 block_storage_to_file.cpp:46] block store in file successfully, epoch=6416
2026-09-16T12:09:59.336453535Z I20260916 12:09:59.335897   152 epoch_txn_queue_manager.h:17] All threads reached barrier, epoch: 6418, count: 4
2026-09-16T12:09:59.338589092Z I20260916 12:09:59.338497   143 consensus_control_block.h:289] consensus of epoch=6417 has reach, all vote yes.
2026-09-16T12:09:59.340957176Z I20260916 12:09:59.340832   147 transaction_manager_impl.cpp:120] Total, abort: 0 commit: 296
2026-09-16T12:09:59.340965485Z I20260916 12:09:59.340867   147 transaction_manager_impl.cpp:62] Finish with epoch id=6417
2026-09-16T12:09:59.343450723Z I20260916 12:09:59.343283    44 block_storage_to_file.cpp:46] block store in file successfully, epoch=6417
2026-09-16T12:09:59.368927984Z I20260916 12:09:59.368760   150 epoch_txn_queue_manager.h:17] All threads reached barrier, epoch: 6419, count: 4
2026-09-16T12:09:59.385567246Z I20260916 12:09:59.385478   143 consensus_control_block.h:289] consensus of epoch=6418 has reach, all vote yes.
2026-09-16T12:09:59.389519892Z I20260916 12:09:59.389437   147 transaction_manager_impl.cpp:120] Total, abort: 4 commit: 610
2026-09-16T12:09:59.389531972Z I20260916 12:09:59.389460   147 transaction_manager_impl.cpp:62] Finish with epoch id=6418
2026-09-16T12:09:59.394599767Z I20260916 12:09:59.394482    44 block_storage_to_file.cpp:46] block store in file successfully, epoch=6418
2026-09-16T12:09:59.445162816Z I20260916 12:09:59.445076   149 epoch_txn_queue_manager.h:17] All threads reached barrier, epoch: 6420, count: 4
2026-09-16T12:09:59.458327001Z I20260916 12:09:59.458086   143 consensus_control_block.h:289] consensus of epoch=6419 has reach, all vote yes.
2026-09-16T12:09:59.460327685Z I20260916 12:09:59.460222   147 transaction_manager_impl.cpp:120] Total, abort: 0 commit: 296
2026-09-16T12:09:59.460345182Z I20260916 12:09:59.460237   147 transaction_manager_impl.cpp:62] Finish with epoch id=6419
2026-09-16T12:09:59.481662500Z I20260916 12:09:59.481542    44 block_storage_to_file.cpp:46] block store in file successfully, epoch=6419
2026-09-16T12:09:59.500019517Z I20260916 12:09:59.499900   150 epoch_txn_queue_manager.h:17] All threads reached barrier, epoch: 6421, count: 4
2026-09-16T12:09:59.502666458Z I20260916 12:09:59.502496   143 consensus_control_block.h:289] consensus of epoch=6420 has reach, all vote yes.
2026-09-16T12:09:59.507295091Z I20260916 12:09:59.507128   147 transaction_manager_impl.cpp:120] Total, abort: 4 commit: 679
2026-09-16T12:09:59.507311830Z I20260916 12:09:59.507171   147 transaction_manager_impl.cpp:62] Finish with epoch id=6420
2026-09-16T12:09:59.513810541Z I20260916 12:09:59.513716    44 block_storage_to_file.cpp:46] block store in file successfully, epoch=6420
2026-09-16T12:09:59.559126891Z I20260916 12:09:59.559019   143 consensus_control_block.h:289] consensus of epoch=6421 has reach, all vote yes.
2026-09-16T12:09:59.568175422Z I20260916 12:09:59.568076   152 epoch_txn_queue_manager.h:17] All threads reached barrier, epoch: 6422, count: 4
2026-09-16T12:09:59.572417070Z I20260916 12:09:59.572343   147 transaction_manager_impl.cpp:120] Total, abort: 4 commit: 503
2026-09-16T12:09:59.572422649Z I20260916 12:09:59.572367   147 transaction_manager_impl.cpp:62] Finish with epoch id=6421
2026-09-16T12:09:59.577388051Z I20260916 12:09:59.577279    44 block_storage_to_file.cpp:46] block store in file successfully, epoch=6421
2026-09-16T12:09:59.628440624Z I20260916 12:09:59.628304   152 epoch_txn_queue_manager.h:17] All threads reached barrier, epoch: 6423, count: 4
2026-09-16T12:09:59.630989773Z I20260916 12:09:59.630918   143 consensus_control_block.h:289] consensus of epoch=6422 has reach, all vote yes.
2026-09-16T12:09:59.635115119Z I20260916 12:09:59.635041   147 transaction_manager_impl.cpp:120] Total, abort: 0 commit: 612
2026-09-16T12:09:59.635127650Z I20260916 12:09:59.635083   147 transaction_manager_impl.cpp:62] Finish with epoch id=6422
2026-09-16T12:09:59.640088944Z I20260916 12:09:59.640002    44 block_storage_to_file.cpp:46] block store in file successfully, epoch=6422
2026-09-16T12:09:59.688601603Z I20260916 12:09:59.688452   143 consensus_control_block.h:289] consensus of epoch=6423 has reach, all vote yes.
2026-09-16T12:09:59.688946140Z I20260916 12:09:59.688859   152 epoch_txn_queue_manager.h:17] All threads reached barrier, epoch: 6424, count: 4
2026-09-16T12:09:59.692464259Z I20260916 12:09:59.692390   147 transaction_manager_impl.cpp:120] Total, abort: 5 commit: 544
2026-09-16T12:09:59.692472840Z I20260916 12:09:59.692408   147 transaction_manager_impl.cpp:62] Finish with epoch id=6423
2026-09-16T12:09:59.697608074Z I20260916 12:09:59.697517    44 block_storage_to_file.cpp:46] block store in file successfully, epoch=6423
2026-09-16T12:09:59.751842305Z I20260916 12:09:59.751711   150 epoch_txn_queue_manager.h:17] All threads reached barrier, epoch: 6425, count: 4
2026-09-16T12:09:59.753935468Z I20260916 12:09:59.753832   143 consensus_control_block.h:289] consensus of epoch=6424 has reach, all vote yes.
2026-09-16T12:09:59.758051434Z I20260916 12:09:59.757923   147 transaction_manager_impl.cpp:120] Total, abort: 3 commit: 544
2026-09-16T12:09:59.758060868Z I20260916 12:09:59.757937   147 transaction_manager_impl.cpp:62] Finish with epoch id=6424
2026-09-16T12:09:59.762854680Z I20260916 12:09:59.762775    44 block_storage_to_file.cpp:46] block store in file successfully, epoch=6424
2026-09-16T12:09:59.810341533Z I20260916 12:09:59.810210   143 consensus_control_block.h:289] consensus of epoch=6425 has reach, all vote yes.
2026-09-16T12:09:59.818394533Z I20260916 12:09:59.818287   149 epoch_txn_queue_manager.h:17] All threads reached barrier, epoch: 6426, count: 4
2026-09-16T12:09:59.822385606Z I20260916 12:09:59.822278   147 transaction_manager_impl.cpp:120] Total, abort: 1 commit: 564
2026-09-16T12:09:59.822403876Z I20260916 12:09:59.822292   147 transaction_manager_impl.cpp:62] Finish with epoch id=6425
2026-09-16T12:09:59.827141083Z I20260916 12:09:59.827010    44 block_storage_to_file.cpp:46] block store in file successfully, epoch=6425
2026-09-16T12:09:59.888753886Z [epoch] I20260916 12:09:59.888613     7 chain_client.cpp:83] Sending Request to epoch_server_group at qps=0 latency=0
2026-09-16T12:09:59.910619156Z I20260916 12:09:59.910521   143 consensus_control_block.h:289] consensus of epoch=6426 has reach, all vote yes.
2026-09-16T12:09:59.943109053Z I20260916 12:09:59.943004   150 epoch_txn_queue_manager.h:17] All threads reached barrier, epoch: 6427, count: 4
2026-09-16T12:09:59.949101280Z I20260916 12:09:59.948313   147 transaction_manager_impl.cpp:120] Total, abort: 4 commit: 593
2026-09-16T12:09:59.949109221Z I20260916 12:09:59.948335   147 transaction_manager_impl.cpp:62] Finish with epoch id=6426
2026-09-16T12:09:59.953528140Z I20260916 12:09:59.953353    44 block_storage_to_file.cpp:46] block store in file successfully, epoch=6426
2026-09-16T12:09:59.973360257Z I20260916 12:09:59.973290   150 epoch_txn_queue_manager.h:17] All threads reached barrier, epoch: 6428, count: 4
2026-09-16T12:09:59.981978206Z I20260916 12:09:59.981758   143 consensus_control_block.h:289] consensus of epoch=6427 has reach, all vote yes.
2026-09-16T12:09:59.988138209Z I20260916 12:09:59.988031   147 transaction_manager_impl.cpp:120] Total, abort: 5 commit: 1131
2026-09-16T12:09:59.988152887Z I20260916 12:09:59.988066   147 transaction_manager_impl.cpp:62] Finish with epoch id=6427
2026-09-16T12:09:59.997459112Z I20260916 12:09:59.997301    44 block_storage_to_file.cpp:46] block store in file successfully, epoch=6427
2026-09-16T12:10:00.035570756Z I20260916 12:10:00.035470   143 consensus_control_block.h:289] consensus of epoch=6428 has reach, all vote yes.
2026-09-16T12:10:00.040053733Z I20260916 12:10:00.039965   149 epoch_txn_queue_manager.h:17] All threads reached barrier, epoch: 6429, count: 4
2026-09-16T12:10:00.042411007Z I20260916 12:10:00.042340   147 transaction_manager_impl.cpp:120] Total, abort: 0 commit: 273
2026-09-16T12:10:00.042420716Z I20260916 12:10:00.042352   147 transaction_manager_impl.cpp:62] Finish with epoch id=6428
2026-09-16T12:10:00.045155213Z I20260916 12:10:00.045068    44 block_storage_to_file.cpp:46] block store in file successfully, epoch=6428
2026-09-16T12:10:00.074330204Z I20260916 12:10:00.074179   150 epoch_txn_queue_manager.h:17] All threads reached barrier, epoch: 6430, count: 4
2026-09-16T12:10:00.090959899Z I20260916 12:10:00.090811   143 consensus_control_block.h:289] consensus of epoch=6429 has reach, all vote yes.
2026-09-16T12:10:00.094173559Z I20260916 12:10:00.094079   147 transaction_manager_impl.cpp:120] Total, abort: 5 commit: 588
2026-09-16T12:10:00.094189882Z I20260916 12:10:00.094094   147 transaction_manager_impl.cpp:62] Finish with epoch id=6429
2026-09-16T12:10:00.098928004Z I20260916 12:10:00.098810    44 block_storage_to_file.cpp:46] block store in file successfully, epoch=6429
2026-09-16T12:10:00.134558447Z I20260916 12:10:00.134418   150 epoch_txn_queue_manager.h:17] All threads reached barrier, epoch: 6431, count: 4
2026-09-16T12:10:00.138181709Z I20260916 12:10:00.138077   143 consensus_control_block.h:289] consensus of epoch=6430 has reach, all vote yes.
2026-09-16T12:10:00.140394999Z I20260916 12:10:00.140298   147 transaction_manager_impl.cpp:120] Total, abort: 0 commit: 317
2026-09-16T12:10:00.140402433Z I20260916 12:10:00.140311   147 transaction_manager_impl.cpp:62] Finish with epoch id=6430
2026-09-16T12:10:00.143152271Z I20260916 12:10:00.143049    44 block_storage_to_file.cpp:46] block store in file successfully, epoch=6430
2026-09-16T12:10:00.191397209Z I20260916 12:10:00.191291   149 epoch_txn_queue_manager.h:17] All threads reached barrier, epoch: 6432, count: 4
2026-09-16T12:10:00.193482712Z I20260916 12:10:00.193393   143 consensus_control_block.h:289] consensus of epoch=6431 has reach, all vote yes.
2026-09-16T12:10:00.196661165Z I20260916 12:10:00.196523   147 transaction_manager_impl.cpp:120] Total, abort: 4 commit: 543
2026-09-16T12:10:00.196678865Z I20260916 12:10:00.196537   147 transaction_manager_impl.cpp:62] Finish with epoch id=6431
2026-09-16T12:10:00.201407411Z I20260916 12:10:00.201321    44 block_storage_to_file.cpp:46] block store in file successfully, epoch=6431
2026-09-16T12:10:00.255427638Z I20260916 12:10:00.255337   150 epoch_txn_queue_manager.h:17] All threads reached barrier, epoch: 6433, count: 4
2026-09-16T12:10:00.257778375Z I20260916 12:10:00.257653   143 consensus_control_block.h:289] consensus of epoch=6432 has reach, all vote yes.
2026-09-16T12:10:00.260682928Z I20260916 12:10:00.260564   147 transaction_manager_impl.cpp:120] Total, abort: 3 commit: 498
2026-09-16T12:10:00.260692002Z I20260916 12:10:00.260584   147 transaction_manager_impl.cpp:62] Finish with epoch id=6432
2026-09-16T12:10:00.266302570Z I20260916 12:10:00.266160    44 block_storage_to_file.cpp:46] block store in file successfully, epoch=6432
2026-09-16T12:10:00.316111548Z I20260916 12:10:00.316022   143 consensus_control_block.h:289] consensus of epoch=6433 has reach, all vote yes.
2026-09-16T12:10:00.321356826Z I20260916 12:10:00.321208   151 epoch_txn_queue_manager.h:17] All threads reached barrier, epoch: 6434, count: 4
2026-09-16T12:10:00.325328842Z I20260916 12:10:00.325217   147 transaction_manager_impl.cpp:120] Total, abort: 1 commit: 590
2026-09-16T12:10:00.325349685Z I20260916 12:10:00.325238   147 transaction_manager_impl.cpp:62] Finish with epoch id=6433
2026-09-16T12:10:00.330367853Z I20260916 12:10:00.330236    44 block_storage_to_file.cpp:46] block store in file successfully, epoch=6433
2026-09-16T12:10:00.383872681Z I20260916 12:10:00.383793   143 consensus_control_block.h:289] consensus of epoch=6434 has reach, all vote yes.
2026-09-16T12:10:00.384496747Z I20260916 12:10:00.384423   152 epoch_txn_queue_manager.h:17] All threads reached barrier, epoch: 6435, count: 4
2026-09-16T12:10:00.388823264Z I20260916 12:10:00.388681   147 transaction_manager_impl.cpp:120] Total, abort: 4 commit: 566
2026-09-16T12:10:00.388836041Z I20260916 12:10:00.388722   147 transaction_manager_impl.cpp:62] Finish with epoch id=6434
2026-09-16T12:10:00.394391831Z I20260916 12:10:00.394289    44 block_storage_to_file.cpp:46] block store in file successfully, epoch=6434
2026-09-16T12:10:00.461324579Z I20260916 12:10:00.461221   143 consensus_control_block.h:289] consensus of epoch=6435 has reach, all vote yes.
2026-09-16T12:10:00.475181303Z I20260916 12:10:00.475068   152 epoch_txn_queue_manager.h:17] All threads reached barrier, epoch: 6436, count: 4
2026-09-16T12:10:00.480992598Z I20260916 12:10:00.480126   147 transaction_manager_impl.cpp:120] Total, abort: 2 commit: 588
2026-09-16T12:10:00.481216463Z I20260916 12:10:00.480140   147 transaction_manager_impl.cpp:62] Finish with epoch id=6435
2026-09-16T12:10:00.486463351Z I20260916 12:10:00.486264    44 block_storage_to_file.cpp:46] block store in file successfully, epoch=6435
2026-09-16T12:10:00.545796113Z I20260916 12:10:00.545677   152 epoch_txn_queue_manager.h:17] All threads reached barrier, epoch: 6437, count: 4
2026-09-16T12:10:00.548668766Z I20260916 12:10:00.548570   143 consensus_control_block.h:289] consensus of epoch=6436 has reach, all vote yes.
2026-09-16T12:10:00.555892087Z I20260916 12:10:00.555784   147 transaction_manager_impl.cpp:120] Total, abort: 3 commit: 817
2026-09-16T12:10:00.555906618Z I20260916 12:10:00.555799   147 transaction_manager_impl.cpp:62] Finish with epoch id=6436
2026-09-16T12:10:00.563950506Z I20260916 12:10:00.563781    44 block_storage_to_file.cpp:46] block store in file successfully, epoch=6436
2026-09-16T12:10:00.574748800Z I20260916 12:10:00.574585   149 epoch_txn_queue_manager.h:17] All threads reached barrier, epoch: 6438, count: 4
2026-09-16T12:10:00.579060867Z I20260916 12:10:00.578729   143 consensus_control_block.h:289] consensus of epoch=6437 has reach, all vote yes.
2026-09-16T12:10:00.586683068Z I20260916 12:10:00.586426   147 transaction_manager_impl.cpp:120] Total, abort: 4 commit: 637
2026-09-16T12:10:00.586707684Z I20260916 12:10:00.586474   147 transaction_manager_impl.cpp:62] Finish with epoch id=6437
2026-09-16T12:10:00.592629238Z I20260916 12:10:00.592517    44 block_storage_to_file.cpp:46] block store in file successfully, epoch=6437
2026-09-16T12:10:00.629611207Z I20260916 12:10:00.629474   150 epoch_txn_queue_manager.h:17] All threads reached barrier, epoch: 6439, count: 4
2026-09-16T12:10:00.632286248Z I20260916 12:10:00.632166   143 consensus_control_block.h:289] consensus of epoch=6438 has reach, all vote yes.
2026-09-16T12:10:00.635038184Z I20260916 12:10:00.634910   147 transaction_manager_impl.cpp:120] Total, abort: 1 commit: 246
2026-09-16T12:10:00.635053209Z I20260916 12:10:00.634943   147 transaction_manager_impl.cpp:62] Finish with epoch id=6438
2026-09-16T12:10:00.638110209Z I20260916 12:10:00.637948    44 block_storage_to_file.cpp:46] block store in file successfully, epoch=6438
2026-09-16T12:10:00.713023933Z I20260916 12:10:00.712906   143 consensus_control_block.h:289] consensus of epoch=6439 has reach, all vote yes.
2026-09-16T12:10:00.764507379Z I20260916 12:10:00.764429   151 epoch_txn_queue_manager.h:17] All threads reached barrier, epoch: 6440, count: 4
2026-09-16T12:10:00.768948280Z I20260916 12:10:00.768843   147 transaction_manager_impl.cpp:120] Total, abort: 4 commit: 503
2026-09-16T12:10:00.768956008Z I20260916 12:10:00.768857   147 transaction_manager_impl.cpp:62] Finish with epoch id=6439
2026-09-16T12:10:00.774933684Z I20260916 12:10:00.774855    44 block_storage_to_file.cpp:46] block store in file successfully, epoch=6439
2026-09-16T12:10:00.775848414Z I20260916 12:10:00.775738   149 epoch_txn_queue_manager.h:17] All threads reached barrier, epoch: 6441, count: 4
2026-09-16T12:10:00.777198380Z I20260916 12:10:00.777125   143 consensus_control_block.h:289] consensus of epoch=6440 has reach, all vote yes.
2026-09-16T12:10:00.784287282Z I20260916 12:10:00.784130   147 transaction_manager_impl.cpp:120] Total, abort: 4 commit: 1200
2026-09-16T12:10:00.784312358Z I20260916 12:10:00.784148   147 transaction_manager_impl.cpp:62] Finish with epoch id=6440
2026-09-16T12:10:00.798965114Z I20260916 12:10:00.798890    44 block_storage_to_file.cpp:46] block store in file successfully, epoch=6440
2026-09-16T12:10:00.828129071Z I20260916 12:10:00.828042   152 epoch_txn_queue_manager.h:17] All threads reached barrier, epoch: 6442, count: 4
2026-09-16T12:10:00.830010678Z I20260916 12:10:00.829926   143 consensus_control_block.h:289] consensus of epoch=6441 has reach, all vote yes.
2026-09-16T12:10:00.830495057Z I20260916 12:10:00.830430   147 transaction_manager_impl.cpp:120] Total, abort: 0 commit: 113
2026-09-16T12:10:00.830500219Z I20260916 12:10:00.830442   147 transaction_manager_impl.cpp:62] Finish with epoch id=6441
2026-09-16T12:10:00.832314863Z I20260916 12:10:00.832131    44 block_storage_to_file.cpp:46] block store in file successfully, epoch=6441
2026-09-16T12:10:00.876751454Z I20260916 12:10:00.876622   149 epoch_txn_queue_manager.h:17] All threads reached barrier, epoch: 6443, count: 4
2026-09-16T12:10:00.877975245Z I20260916 12:10:00.877907   143 consensus_control_block.h:289] consensus of epoch=6442 has reach, all vote yes.
2026-09-16T12:10:00.880454123Z I20260916 12:10:00.880373   147 transaction_manager_impl.cpp:120] Total, abort: 4 commit: 476
2026-09-16T12:10:00.880459670Z I20260916 12:10:00.880390   147 transaction_manager_impl.cpp:62] Finish with epoch id=6442
2026-09-16T12:10:00.884289597Z I20260916 12:10:00.884215    44 block_storage_to_file.cpp:46] block store in file successfully, epoch=6442
2026-09-16T12:10:00.888900084Z [epoch] I20260916 12:10:00.888715     7 chain_client.cpp:83] Sending Request to epoch_server_group at qps=0 latency=0
2026-09-16T12:10:00.931980741Z I20260916 12:10:00.931867   150 epoch_txn_queue_manager.h:17] All threads reached barrier, epoch: 6444, count: 4
2026-09-16T12:10:00.932167819Z I20260916 12:10:00.932106   143 consensus_control_block.h:289] consensus of epoch=6443 has reach, all vote yes.
2026-09-16T12:10:00.934921341Z I20260916 12:10:00.934845   147 transaction_manager_impl.cpp:120] Total, abort: 0 commit: 434
2026-09-16T12:10:00.934929160Z I20260916 12:10:00.934861   147 transaction_manager_impl.cpp:62] Finish with epoch id=6443
2026-09-16T12:10:00.939196723Z I20260916 12:10:00.939092    44 block_storage_to_file.cpp:46] block store in file successfully, epoch=6443
2026-09-16T12:10:00.962649337Z I20260916 12:10:00.962570   143 consensus_control_block.h:289] consensus of epoch=6444 has reach, all vote yes.
2026-09-16T12:10:00.992355384Z I20260916 12:10:00.992205   150 epoch_txn_queue_manager.h:17] All threads reached barrier, epoch: 6445, count: 4
2026-09-16T12:10:00.997463355Z I20260916 12:10:00.997366   147 transaction_manager_impl.cpp:120] Total, abort: 4 commit: 497
2026-09-16T12:10:00.997476296Z I20260916 12:10:00.997430   147 transaction_manager_impl.cpp:62] Finish with epoch id=6444
2026-09-16T12:10:01.002021807Z I20260916 12:10:01.001857    44 block_storage_to_file.cpp:46] block store in file successfully, epoch=6444
2026-09-16T12:10:01.054450378Z I20260916 12:10:01.054322   143 consensus_control_block.h:289] consensus of epoch=6445 has reach, all vote yes.
2026-09-16T12:10:01.056666949Z I20260916 12:10:01.056562   151 epoch_txn_queue_manager.h:17] All threads reached barrier, epoch: 6446, count: 4
2026-09-16T12:10:01.060557035Z I20260916 12:10:01.060441   147 transaction_manager_impl.cpp:120] Total, abort: 4 commit: 545
2026-09-16T12:10:01.060569479Z I20260916 12:10:01.060453   147 transaction_manager_impl.cpp:62] Finish with epoch id=6445
2026-09-16T12:10:01.064983134Z I20260916 12:10:01.064873    44 block_storage_to_file.cpp:46] block store in file successfully, epoch=6445
2026-09-16T12:10:01.114300195Z I20260916 12:10:01.114223   143 consensus_control_block.h:289] consensus of epoch=6446 has reach, all vote yes.
2026-09-16T12:10:01.120410900Z I20260916 12:10:01.120229   152 epoch_txn_queue_manager.h:17] All threads reached barrier, epoch: 6447, count: 4
2026-09-16T12:10:01.124211804Z I20260916 12:10:01.124115   147 transaction_manager_impl.cpp:120] Total, abort: 0 commit: 565
2026-09-16T12:10:01.124220307Z I20260916 12:10:01.124130   147 transaction_manager_impl.cpp:62] Finish with epoch id=6446
2026-09-16T12:10:01.128746873Z I20260916 12:10:01.128623    44 block_storage_to_file.cpp:46] block store in file successfully, epoch=6446
2026-09-16T12:10:01.214539277Z I20260916 12:10:01.214423   143 consensus_control_block.h:289] consensus of epoch=6447 has reach, all vote yes.
2026-09-16T12:10:01.254173175Z I20260916 12:10:01.254038   150 epoch_txn_queue_manager.h:17] All threads reached barrier, epoch: 6448, count: 4
2026-09-16T12:10:01.258901257Z I20260916 12:10:01.258754   147 transaction_manager_impl.cpp:120] Total, abort: 4 commit: 585
2026-09-16T12:10:01.258917146Z I20260916 12:10:01.258771   147 transaction_manager_impl.cpp:62] Finish with epoch id=6447
2026-09-16T12:10:01.264383656Z I20260916 12:10:01.264282    44 block_storage_to_file.cpp:46] block store in file successfully, epoch=6447
2026-09-16T12:10:01.270437547Z I20260916 12:10:01.270298   143 consensus_control_block.h:289] consensus of epoch=6448 has reach, all vote yes.
2026-09-16T12:10:01.274270008Z I20260916 12:10:01.274166   150 epoch_txn_queue_manager.h:17] All threads reached barrier, epoch: 6449, count: 4
2026-09-16T12:10:01.280511675Z I20260916 12:10:01.280400   147 transaction_manager_impl.cpp:120] Total, abort: 5 commit: 1204
2026-09-16T12:10:01.280528601Z I20260916 12:10:01.280424   147 transaction_manager_impl.cpp:62] Finish with epoch id=6448
2026-09-16T12:10:01.290342412Z I20260916 12:10:01.290199    44 block_storage_to_file.cpp:46] block store in file successfully, epoch=6448
2026-09-16T12:10:01.341613014Z I20260916 12:10:01.341517   152 epoch_txn_queue_manager.h:17] All threads reached barrier, epoch: 6450, count: 4
2026-09-16T12:10:01.343412929Z I20260916 12:10:01.343286   143 consensus_control_block.h:289] consensus of epoch=6449 has reach, all vote yes.
2026-09-16T12:10:01.344389334Z I20260916 12:10:01.344285   147 transaction_manager_impl.cpp:120] Total, abort: 0 commit: 182
2026-09-16T12:10:01.344395727Z I20260916 12:10:01.344301   147 transaction_manager_impl.cpp:62] Finish with epoch id=6449
2026-09-16T12:10:01.346629610Z I20260916 12:10:01.346431    44 block_storage_to_file.cpp:46] block store in file successfully, epoch=6449
2026-09-16T12:10:01.374968346Z I20260916 12:10:01.374812   150 epoch_txn_queue_manager.h:17] All threads reached barrier, epoch: 6451, count: 4
2026-09-16T12:10:01.378082844Z I20260916 12:10:01.377900   143 consensus_control_block.h:289] consensus of epoch=6450 has reach, all vote yes.
2026-09-16T12:10:01.381655750Z I20260916 12:10:01.381599   147 transaction_manager_impl.cpp:120] Total, abort: 5 commit: 611
2026-09-16T12:10:01.381661344Z I20260916 12:10:01.381610   147 transaction_manager_impl.cpp:62] Finish with epoch id=6450
2026-09-16T12:10:01.386562311Z I20260916 12:10:01.386482    44 block_storage_to_file.cpp:46] block store in file successfully, epoch=6450
2026-09-16T12:10:01.426928218Z I20260916 12:10:01.426800   143 consensus_control_block.h:289] consensus of epoch=6451 has reach, all vote yes.
2026-09-16T12:10:01.430190095Z I20260916 12:10:01.430116   149 epoch_txn_queue_manager.h:17] All threads reached barrier, epoch: 6452, count: 4
2026-09-16T12:10:01.432079973Z I20260916 12:10:01.432003   147 transaction_manager_impl.cpp:120] Total, abort: 0 commit: 293
2026-09-16T12:10:01.432087073Z I20260916 12:10:01.432025   147 transaction_manager_impl.cpp:62] Finish with epoch id=6451
2026-09-16T12:10:01.434725611Z I20260916 12:10:01.434667    44 block_storage_to_file.cpp:46] block store in file successfully, epoch=6451
2026-09-16T12:10:01.515380345Z I20260916 12:10:01.515237   143 consensus_control_block.h:289] consensus of epoch=6452 has reach, all vote yes.
2026-09-16T12:10:01.556117702Z I20260916 12:10:01.556047   150 epoch_txn_queue_manager.h:17] All threads reached barrier, epoch: 6453, count: 4
2026-09-16T12:10:01.560215419Z I20260916 12:10:01.559437   147 transaction_manager_impl.cpp:120] Total, abort: 5 commit: 497
2026-09-16T12:10:01.560226826Z I20260916 12:10:01.559468   147 transaction_manager_impl.cpp:62] Finish with epoch id=6452
2026-09-16T12:10:01.563787996Z I20260916 12:10:01.563642    44 block_storage_to_file.cpp:46] block store in file successfully, epoch=6452
2026-09-16T12:10:01.572282937Z I20260916 12:10:01.572151   143 consensus_control_block.h:289] consensus of epoch=6453 has reach, all vote yes.
2026-09-16T12:10:01.576167592Z I20260916 12:10:01.576068   150 epoch_txn_queue_manager.h:17] All threads reached barrier, epoch: 6454, count: 4
2026-09-16T12:10:01.582875618Z I20260916 12:10:01.582760   147 transaction_manager_impl.cpp:120] Total, abort: 5 commit: 1133
2026-09-16T12:10:01.582895989Z I20260916 12:10:01.582775   147 transaction_manager_impl.cpp:62] Finish with epoch id=6453
2026-09-16T12:10:01.592154199Z I20260916 12:10:01.592022    44 block_storage_to_file.cpp:46] block store in file successfully, epoch=6453
2026-09-16T12:10:01.638647789Z I20260916 12:10:01.638509   143 consensus_control_block.h:289] consensus of epoch=6454 has reach, all vote yes.
2026-09-16T12:10:01.643049231Z I20260916 12:10:01.642930   149 epoch_txn_queue_manager.h:17] All threads reached barrier, epoch: 6455, count: 4
2026-09-16T12:10:01.644642629Z I20260916 12:10:01.644538   147 transaction_manager_impl.cpp:120] Total, abort: 0 commit: 171
2026-09-16T12:10:01.644658035Z I20260916 12:10:01.644550   147 transaction_manager_impl.cpp:62] Finish with epoch id=6454
2026-09-16T12:10:01.646486645Z I20260916 12:10:01.646407    44 block_storage_to_file.cpp:46] block store in file successfully, epoch=6454
2026-09-16T12:10:01.673808525Z I20260916 12:10:01.673669   143 consensus_control_block.h:289] consensus of epoch=6455 has reach, all vote yes.
2026-09-16T12:10:01.677008165Z I20260916 12:10:01.676915   150 epoch_txn_queue_manager.h:17] All threads reached barrier, epoch: 6456, count: 4
2026-09-16T12:10:01.681272481Z I20260916 12:10:01.680928   147 transaction_manager_impl.cpp:120] Total, abort: 4 commit: 601
2026-09-16T12:10:01.681283566Z I20260916 12:10:01.680940   147 transaction_manager_impl.cpp:62] Finish with epoch id=6455
2026-09-16T12:10:01.686271555Z I20260916 12:10:01.686170    44 block_storage_to_file.cpp:46] block store in file successfully, epoch=6455
2026-09-16T12:10:01.741339934Z I20260916 12:10:01.741212   143 consensus_control_block.h:289] consensus of epoch=6456 has reach, all vote yes.
2026-09-16T12:10:01.741419328Z I20260916 12:10:01.741357   151 epoch_txn_queue_manager.h:17] All threads reached barrier, epoch: 6457, count: 4
2026-09-16T12:10:01.744156474Z I20260916 12:10:01.744002   147 transaction_manager_impl.cpp:120] Total, abort: 0 commit: 318
2026-09-16T12:10:01.744171453Z I20260916 12:10:01.744028   147 transaction_manager_impl.cpp:62] Finish with epoch id=6456
2026-09-16T12:10:01.747035698Z I20260916 12:10:01.746954    44 block_storage_to_file.cpp:46] block store in file successfully, epoch=6456
2026-09-16T12:10:01.801818621Z I20260916 12:10:01.801733   151 epoch_txn_queue_manager.h:17] All threads reached barrier, epoch: 6458, count: 4
2026-09-16T12:10:01.804136474Z I20260916 12:10:01.804018   143 consensus_control_block.h:289] consensus of epoch=6457 has reach, all vote yes.
2026-09-16T12:10:01.807068907Z I20260916 12:10:01.806977   147 transaction_manager_impl.cpp:120] Total, abort: 4 commit: 565
2026-09-16T12:10:01.807081221Z I20260916 12:10:01.806988   147 transaction_manager_impl.cpp:62] Finish with epoch id=6457
2026-09-16T12:10:01.811583529Z I20260916 12:10:01.811486    44 block_storage_to_file.cpp:46] block store in file successfully, epoch=6457
2026-09-16T12:10:01.860145709Z I20260916 12:10:01.860004   143 consensus_control_block.h:289] consensus of epoch=6458 has reach, all vote yes.
2026-09-16T12:10:01.862212417Z I20260916 12:10:01.862156   151 epoch_txn_queue_manager.h:17] All threads reached barrier, epoch: 6459, count: 4
2026-09-16T12:10:01.866461406Z I20260916 12:10:01.866375   147 transaction_manager_impl.cpp:120] Total, abort: 4 commit: 545
2026-09-16T12:10:01.866471030Z I20260916 12:10:01.866387   147 transaction_manager_impl.cpp:62] Finish with epoch id=6458
2026-09-16T12:10:01.871909730Z I20260916 12:10:01.871811    44 block_storage_to_file.cpp:46] block store in file successfully, epoch=6458
2026-09-16T12:10:01.888961852Z [epoch] I20260916 12:10:01.888814     7 chain_client.cpp:83] Sending Request to epoch_server_group at qps=0 latency=0
2026-09-16T12:10:01.916529533Z I20260916 12:10:01.916442   143 consensus_control_block.h:289] consensus of epoch=6459 has reach, all vote yes.
2026-09-16T12:10:01.925838971Z I20260916 12:10:01.925675   152 epoch_txn_queue_manager.h:17] All threads reached barrier, epoch: 6460, count: 4
2026-09-16T12:10:01.929624557Z I20260916 12:10:01.929493   147 transaction_manager_impl.cpp:120] Total, abort: 0 commit: 542
2026-09-16T12:10:01.929632498Z I20260916 12:10:01.929512   147 transaction_manager_impl.cpp:62] Finish with epoch id=6459
2026-09-16T12:10:01.934115567Z I20260916 12:10:01.934017    44 block_storage_to_file.cpp:46] block store in file successfully, epoch=6459
2026-09-16T12:10:01.960593187Z I20260916 12:10:01.960525   143 consensus_control_block.h:289] consensus of epoch=6460 has reach, all vote yes.
2026-09-16T12:10:01.989121336Z I20260916 12:10:01.989015   150 epoch_txn_queue_manager.h:17] All threads reached barrier, epoch: 6461, count: 4
2026-09-16T12:10:01.992646873Z I20260916 12:10:01.992601   147 transaction_manager_impl.cpp:120] Total, abort: 4 commit: 593
2026-09-16T12:10:01.992652696Z I20260916 12:10:01.992614   147 transaction_manager_impl.cpp:62] Finish with epoch id=6460
2026-09-16T12:10:01.997558615Z I20260916 12:10:01.997465    44 block_storage_to_file.cpp:46] block store in file successfully, epoch=6460
2026-09-16T12:10:02.051213409Z I20260916 12:10:02.051112   143 consensus_control_block.h:289] consensus of epoch=6461 has reach, all vote yes.
2026-09-16T12:10:02.053726816Z I20260916 12:10:02.053656   151 epoch_txn_queue_manager.h:17] All threads reached barrier, epoch: 6462, count: 4
2026-09-16T12:10:02.057621227Z I20260916 12:10:02.057520   147 transaction_manager_impl.cpp:120] Total, abort: 3 commit: 567
2026-09-16T12:10:02.057643933Z I20260916 12:10:02.057538   147 transaction_manager_impl.cpp:62] Finish with epoch id=6461
2026-09-16T12:10:02.062690562Z I20260916 12:10:02.062602    44 block_storage_to_file.cpp:46] block store in file successfully, epoch=6461
2026-09-16T12:10:02.117150339Z I20260916 12:10:02.117003   143 consensus_control_block.h:289] consensus of epoch=6462 has reach, all vote yes.
2026-09-16T12:10:02.180394410Z I20260916 12:10:02.180284   150 epoch_txn_queue_manager.h:17] All threads reached barrier, epoch: 6463, count: 4
2026-09-16T12:10:02.184863131Z I20260916 12:10:02.184767   147 transaction_manager_impl.cpp:120] Total, abort: 2 commit: 565
2026-09-16T12:10:02.184876573Z I20260916 12:10:02.184789   147 transaction_manager_impl.cpp:62] Finish with epoch id=6462
2026-09-16T12:10:02.190370061Z I20260916 12:10:02.190230    44 block_storage_to_file.cpp:46] block store in file successfully, epoch=6462
2026-09-16T12:10:02.240688528Z I20260916 12:10:02.240635   150 epoch_txn_queue_manager.h:17] All threads reached barrier, epoch: 6464, count: 4
2026-09-16T12:10:02.242629750Z I20260916 12:10:02.242507   143 consensus_control_block.h:289] consensus of epoch=6463 has reach, all vote yes.
2026-09-16T12:10:02.248205466Z I20260916 12:10:02.248133   147 transaction_manager_impl.cpp:120] Total, abort: 4 commit: 1154
2026-09-16T12:10:02.248215996Z I20260916 12:10:02.248147   147 transaction_manager_impl.cpp:62] Finish with epoch id=6463
2026-09-16T12:10:02.258023798Z I20260916 12:10:02.257930    44 block_storage_to_file.cpp:46] block store in file successfully, epoch=6463
2026-09-16T12:10:02.278637382Z I20260916 12:10:02.278494   149 epoch_txn_queue_manager.h:17] All threads reached barrier, epoch: 6465, count: 4
2026-09-16T12:10:02.278679695Z I20260916 12:10:02.278622   143 consensus_control_block.h:289] consensus of epoch=6464 has reach, all vote yes.
2026-09-16T12:10:02.282248463Z I20260916 12:10:02.282142   147 transaction_manager_impl.cpp:120] Total, abort: 4 commit: 546
2026-09-16T12:10:02.282263356Z I20260916 12:10:02.282159   147 transaction_manager_impl.cpp:62] Finish with epoch id=6464
2026-09-16T12:10:02.287215538Z I20260916 12:10:02.287084    44 block_storage_to_file.cpp:46] block store in file successfully, epoch=6464
2026-09-16T12:10:02.341454790Z I20260916 12:10:02.341307   150 epoch_txn_queue_manager.h:17] All threads reached barrier, epoch: 6466, count: 4
2026-09-16T12:10:02.343899260Z I20260916 12:10:02.343751   143 consensus_control_block.h:289] consensus of epoch=6465 has reach, all vote yes.
2026-09-16T12:10:02.346792143Z I20260916 12:10:02.346701   147 transaction_manager_impl.cpp:120] Total, abort: 0 commit: 344
2026-09-16T12:10:02.346802566Z I20260916 12:10:02.346712   147 transaction_manager_impl.cpp:62] Finish with epoch id=6465
2026-09-16T12:10:02.350306424Z I20260916 12:10:02.350230    44 block_storage_to_file.cpp:46] block store in file successfully, epoch=6465
2026-09-16T12:10:02.379225703Z I20260916 12:10:02.379135   149 epoch_txn_queue_manager.h:17] All threads reached barrier, epoch: 6467, count: 4
2026-09-16T12:10:02.381561148Z I20260916 12:10:02.381446   143 consensus_control_block.h:289] consensus of epoch=6466 has reach, all vote yes.
2026-09-16T12:10:02.384852143Z I20260916 12:10:02.384756   147 transaction_manager_impl.cpp:120] Total, abort: 4 commit: 563
2026-09-16T12:10:02.384865007Z I20260916 12:10:02.384774   147 transaction_manager_impl.cpp:62] Finish with epoch id=6466
2026-09-16T12:10:02.389516224Z I20260916 12:10:02.389401    44 block_storage_to_file.cpp:46] block store in file successfully, epoch=6466
2026-09-16T12:10:02.444108180Z I20260916 12:10:02.444000   143 consensus_control_block.h:289] consensus of epoch=6467 has reach, all vote yes.
2026-09-16T12:10:02.446497285Z I20260916 12:10:02.446405   151 epoch_txn_queue_manager.h:17] All threads reached barrier, epoch: 6468, count: 4
2026-09-16T12:10:02.449488500Z I20260916 12:10:02.449391   147 transaction_manager_impl.cpp:120] Total, abort: 0 commit: 340
2026-09-16T12:10:02.449496151Z I20260916 12:10:02.449411   147 transaction_manager_impl.cpp:62] Finish with epoch id=6467
2026-09-16T12:10:02.452390403Z I20260916 12:10:02.452250    44 block_storage_to_file.cpp:46] block store in file successfully, epoch=6467
2026-09-16T12:10:02.480033760Z I20260916 12:10:02.479892   149 epoch_txn_queue_manager.h:17] All threads reached barrier, epoch: 6469, count: 4
2026-09-16T12:10:02.480052630Z I20260916 12:10:02.479934   143 consensus_control_block.h:289] consensus of epoch=6468 has reach, all vote yes.
2026-09-16T12:10:02.484302386Z I20260916 12:10:02.484184   147 transaction_manager_impl.cpp:120] Total, abort: 4 commit: 589
2026-09-16T12:10:02.484323327Z I20260916 12:10:02.484234   147 transaction_manager_impl.cpp:62] Finish with epoch id=6468
2026-09-16T12:10:02.489528169Z I20260916 12:10:02.489025    44 block_storage_to_file.cpp:46] block store in file successfully, epoch=6468
2026-09-16T12:10:02.566554750Z I20260916 12:10:02.566449   143 consensus_control_block.h:289] consensus of epoch=6469 has reach, all vote yes.
2026-09-16T12:10:02.580897973Z I20260916 12:10:02.580790   152 epoch_txn_queue_manager.h:17] All threads reached barrier, epoch: 6470, count: 4
2026-09-16T12:10:02.583665547Z I20260916 12:10:02.583567   147 transaction_manager_impl.cpp:120] Total, abort: 0 commit: 319
2026-09-16T12:10:02.583675083Z I20260916 12:10:02.583580   147 transaction_manager_impl.cpp:62] Finish with epoch id=6469
2026-09-16T12:10:02.586796799Z I20260916 12:10:02.586676    44 block_storage_to_file.cpp:46] block store in file successfully, epoch=6469
2026-09-16T12:10:02.635415478Z I20260916 12:10:02.635313   143 consensus_control_block.h:289] consensus of epoch=6470 has reach, all vote yes.
2026-09-16T12:10:02.637997911Z I20260916 12:10:02.637933   151 epoch_txn_queue_manager.h:17] All threads reached barrier, epoch: 6471, count: 4
2026-09-16T12:10:02.643091632Z I20260916 12:10:02.642645   147 transaction_manager_impl.cpp:120] Total, abort: 5 commit: 904
2026-09-16T12:10:02.643112916Z I20260916 12:10:02.642661   147 transaction_manager_impl.cpp:62] Finish with epoch id=6470
2026-09-16T12:10:02.650467063Z I20260916 12:10:02.650329    44 block_storage_to_file.cpp:46] block store in file successfully, epoch=6470
2026-09-16T12:10:02.679887550Z I20260916 12:10:02.679757   143 consensus_control_block.h:289] consensus of epoch=6471 has reach, all vote yes.
2026-09-16T12:10:02.681592789Z I20260916 12:10:02.681476   152 epoch_txn_queue_manager.h:17] All threads reached barrier, epoch: 6472, count: 4
2026-09-16T12:10:02.685845490Z I20260916 12:10:02.685751   147 transaction_manager_impl.cpp:120] Total, abort: 4 commit: 498
2026-09-16T12:10:02.685856706Z I20260916 12:10:02.685765   147 transaction_manager_impl.cpp:62] Finish with epoch id=6471
2026-09-16T12:10:02.690200718Z I20260916 12:10:02.690121    44 block_storage_to_file.cpp:46] block store in file successfully, epoch=6471
2026-09-16T12:10:02.744224014Z I20260916 12:10:02.744128   150 epoch_txn_queue_manager.h:17] All threads reached barrier, epoch: 6473, count: 4
2026-09-16T12:10:02.746027245Z I20260916 12:10:02.745937   143 consensus_control_block.h:289] consensus of epoch=6472 has reach, all vote yes.
2026-09-16T12:10:02.748814018Z I20260916 12:10:02.748731   147 transaction_manager_impl.cpp:120] Total, abort: 0 commit: 409
2026-09-16T12:10:02.748821427Z I20260916 12:10:02.748742   147 transaction_manager_impl.cpp:62] Finish with epoch id=6472
2026-09-16T12:10:02.752088511Z I20260916 12:10:02.752004    44 block_storage_to_file.cpp:46] block store in file successfully, epoch=6472
2026-09-16T12:10:02.782066674Z I20260916 12:10:02.781944   152 epoch_txn_queue_manager.h:17] All threads reached barrier, epoch: 6474, count: 4
2026-09-16T12:10:02.793750487Z I20260916 12:10:02.793597   143 consensus_control_block.h:289] consensus of epoch=6473 has reach, all vote yes.
2026-09-16T12:10:02.796639549Z I20260916 12:10:02.796548   147 transaction_manager_impl.cpp:120] Total, abort: 4 commit: 568
2026-09-16T12:10:02.796647135Z I20260916 12:10:02.796561   147 transaction_manager_impl.cpp:62] Finish with epoch id=6473
2026-09-16T12:10:02.801164000Z I20260916 12:10:02.801079    44 block_storage_to_file.cpp:46] block store in file successfully, epoch=6473
2026-09-16T12:10:02.852779073Z I20260916 12:10:02.852641   149 epoch_txn_queue_manager.h:17] All threads reached barrier, epoch: 6475, count: 4
2026-09-16T12:10:02.856163876Z I20260916 12:10:02.856024   143 consensus_control_block.h:289] consensus of epoch=6474 has reach, all vote yes.
2026-09-16T12:10:02.858560454Z I20260916 12:10:02.858459   147 transaction_manager_impl.cpp:120] Total, abort: 0 commit: 315
2026-09-16T12:10:02.858575110Z I20260916 12:10:02.858477   147 transaction_manager_impl.cpp:62] Finish with epoch id=6474
2026-09-16T12:10:02.861579739Z I20260916 12:10:02.861501    44 block_storage_to_file.cpp:46] block store in file successfully, epoch=6474
2026-09-16T12:10:02.879697193Z I20260916 12:10:02.879622   151 epoch_txn_queue_manager.h:17] All threads reached barrier, epoch: 6476, count: 4
2026-09-16T12:10:02.886156817Z I20260916 12:10:02.886044   143 consensus_control_block.h:289] consensus of epoch=6475 has reach, all vote yes.
2026-09-16T12:10:02.889040689Z [epoch] I20260916 12:10:02.888897     7 chain_client.cpp:83] Sending Request to epoch_server_group at qps=0 latency=0
2026-09-16T12:10:02.889524165Z I20260916 12:10:02.889436   147 transaction_manager_impl.cpp:120] Total, abort: 4 commit: 658
2026-09-16T12:10:02.889536269Z I20260916 12:10:02.889456   147 transaction_manager_impl.cpp:62] Finish with epoch id=6475
2026-09-16T12:10:02.895142014Z I20260916 12:10:02.895051    44 block_storage_to_file.cpp:46] block store in file successfully, epoch=6475
2026-09-16T12:10:02.945413511Z I20260916 12:10:02.945322   143 consensus_control_block.h:289] consensus of epoch=6476 has reach, all vote yes.
2026-09-16T12:10:02.949945156Z I20260916 12:10:02.949841   151 epoch_txn_queue_manager.h:17] All threads reached barrier, epoch: 6477, count: 4
2026-09-16T12:10:02.951934329Z I20260916 12:10:02.951819   147 transaction_manager_impl.cpp:120] Total, abort: 0 commit: 226
2026-09-16T12:10:02.951944640Z I20260916 12:10:02.951830   147 transaction_manager_impl.cpp:62] Finish with epoch id=6476
2026-09-16T12:10:02.954670035Z I20260916 12:10:02.954421    44 block_storage_to_file.cpp:46] block store in file successfully, epoch=6476
2026-09-16T12:10:02.980362059Z I20260916 12:10:02.980233   151 epoch_txn_queue_manager.h:17] All threads reached barrier, epoch: 6478, count: 4
2026-09-16T12:10:02.982919569Z I20260916 12:10:02.982838   143 consensus_control_block.h:289] consensus of epoch=6477 has reach, all vote yes.
2026-09-16T12:10:02.987172683Z I20260916 12:10:02.987075   147 transaction_manager_impl.cpp:120] Total, abort: 4 commit: 634
2026-09-16T12:10:02.987184594Z I20260916 12:10:02.987090   147 transaction_manager_impl.cpp:62] Finish with epoch id=6477
2026-09-16T12:10:02.992951259Z I20260916 12:10:02.992753    44 block_storage_to_file.cpp:46] block store in file successfully, epoch=6477
2026-09-16T12:10:03.036245327Z I20260916 12:10:03.036142   150 epoch_txn_queue_manager.h:17] All threads reached barrier, epoch: 6479, count: 4
2026-09-16T12:10:03.038202273Z I20260916 12:10:03.038101   143 consensus_control_block.h:289] consensus of epoch=6478 has reach, all vote yes.
2026-09-16T12:10:03.040230225Z I20260916 12:10:03.040151   147 transaction_manager_impl.cpp:120] Total, abort: 0 commit: 274
2026-09-16T12:10:03.040237757Z I20260916 12:10:03.040166   147 transaction_manager_impl.cpp:62] Finish with epoch id=6478
2026-09-16T12:10:03.042753353Z I20260916 12:10:03.042685    44 block_storage_to_file.cpp:46] block store in file successfully, epoch=6478
2026-09-16T12:10:03.120198013Z I20260916 12:10:03.120016   143 consensus_control_block.h:289] consensus of epoch=6479 has reach, all vote yes.
2026-09-16T12:10:03.164942316Z I20260916 12:10:03.164772   149 epoch_txn_queue_manager.h:17] All threads reached barrier, epoch: 6480, count: 4
2026-09-16T12:10:03.168478878Z I20260916 12:10:03.168326   147 transaction_manager_impl.cpp:120] Total, abort: 4 commit: 518
2026-09-16T12:10:03.168512018Z I20260916 12:10:03.168367   147 transaction_manager_impl.cpp:62] Finish with epoch id=6479
2026-09-16T12:10:03.173354629Z I20260916 12:10:03.173154    44 block_storage_to_file.cpp:46] block store in file successfully, epoch=6479
2026-09-16T12:10:03.181648098Z I20260916 12:10:03.181511   151 epoch_txn_queue_manager.h:17] All threads reached barrier, epoch: 6481, count: 4
2026-09-16T12:10:03.183330755Z I20260916 12:10:03.183216   143 consensus_control_block.h:289] consensus of epoch=6480 has reach, all vote yes.
2026-09-16T12:10:03.190165606Z I20260916 12:10:03.190045   147 transaction_manager_impl.cpp:120] Total, abort: 4 commit: 1157
2026-09-16T12:10:03.190183319Z I20260916 12:10:03.190068   147 transaction_manager_impl.cpp:62] Finish with epoch id=6480
2026-09-16T12:10:03.199660747Z I20260916 12:10:03.199563    44 block_storage_to_file.cpp:46] block store in file successfully, epoch=6480
2026-09-16T12:10:03.247837129Z I20260916 12:10:03.247716   150 epoch_txn_queue_manager.h:17] All threads reached barrier, epoch: 6482, count: 4
2026-09-16T12:10:03.249474559Z I20260916 12:10:03.249356   143 consensus_control_block.h:289] consensus of epoch=6481 has reach, all vote yes.
2026-09-16T12:10:03.250777484Z I20260916 12:10:03.250706   147 transaction_manager_impl.cpp:120] Total, abort: 0 commit: 136
2026-09-16T12:10:03.250787479Z I20260916 12:10:03.250728   147 transaction_manager_impl.cpp:62] Finish with epoch id=6481
2026-09-16T12:10:03.252610303Z I20260916 12:10:03.252514    44 block_storage_to_file.cpp:46] block store in file successfully, epoch=6481
2026-09-16T12:10:03.282402687Z I20260916 12:10:03.282315   151 epoch_txn_queue_manager.h:17] All threads reached barrier, epoch: 6483, count: 4
2026-09-16T12:10:03.287210210Z I20260916 12:10:03.287058   143 consensus_control_block.h:289] consensus of epoch=6482 has reach, all vote yes.
2026-09-16T12:10:03.291156860Z I20260916 12:10:03.291097   147 transaction_manager_impl.cpp:120] Total, abort: 4 commit: 610
2026-09-16T12:10:03.291166561Z I20260916 12:10:03.291113   147 transaction_manager_impl.cpp:62] Finish with epoch id=6482
2026-09-16T12:10:03.296216896Z I20260916 12:10:03.296089    44 block_storage_to_file.cpp:46] block store in file successfully, epoch=6482
2026-09-16T12:10:03.368659405Z I20260916 12:10:03.368564   143 consensus_control_block.h:289] consensus of epoch=6483 has reach, all vote yes.
2026-09-16T12:10:03.382999956Z I20260916 12:10:03.382879   151 epoch_txn_queue_manager.h:17] All threads reached barrier, epoch: 6484, count: 4
2026-09-16T12:10:03.385478654Z I20260916 12:10:03.385418   147 transaction_manager_impl.cpp:120] Total, abort: 0 commit: 298
2026-09-16T12:10:03.385484833Z I20260916 12:10:03.385429   147 transaction_manager_impl.cpp:62] Finish with epoch id=6483
2026-09-16T12:10:03.388487533Z I20260916 12:10:03.388382    44 block_storage_to_file.cpp:46] block store in file successfully, epoch=6483
2026-09-16T12:10:03.442625979Z I20260916 12:10:03.442521   143 consensus_control_block.h:289] consensus of epoch=6484 has reach, all vote yes.
2026-09-16T12:10:03.443399507Z I20260916 12:10:03.443346   151 epoch_txn_queue_manager.h:17] All threads reached barrier, epoch: 6485, count: 4
2026-09-16T12:10:03.449119956Z I20260916 12:10:03.449033   147 transaction_manager_impl.cpp:120] Total, abort: 5 commit: 904
2026-09-16T12:10:03.449133529Z I20260916 12:10:03.449046   147 transaction_manager_impl.cpp:62] Finish with epoch id=6484
2026-09-16T12:10:03.456564104Z I20260916 12:10:03.456486    44 block_storage_to_file.cpp:46] block store in file successfully, epoch=6484
2026-09-16T12:10:03.484080372Z I20260916 12:10:03.483525   151 epoch_txn_queue_manager.h:17] All threads reached barrier, epoch: 6486, count: 4
2026-09-16T12:10:03.489781215Z I20260916 12:10:03.489493   143 consensus_control_block.h:289] consensus of epoch=6485 has reach, all vote yes.
2026-09-16T12:10:03.492892138Z I20260916 12:10:03.492794   147 transaction_manager_impl.cpp:120] Total, abort: 4 commit: 545
2026-09-16T12:10:03.492899046Z I20260916 12:10:03.492808   147 transaction_manager_impl.cpp:62] Finish with epoch id=6485
2026-09-16T12:10:03.497999091Z I20260916 12:10:03.497896    44 block_storage_to_file.cpp:46] block store in file successfully, epoch=6485
2026-09-16T12:10:03.542046465Z I20260916 12:10:03.541960   143 consensus_control_block.h:289] consensus of epoch=6486 has reach, all vote yes.
2026-09-16T12:10:03.544157526Z I20260916 12:10:03.544049   151 epoch_txn_queue_manager.h:17] All threads reached barrier, epoch: 6487, count: 4
2026-09-16T12:10:03.546790712Z I20260916 12:10:03.546717   147 transaction_manager_impl.cpp:120] Total, abort: 0 commit: 362
2026-09-16T12:10:03.546800717Z I20260916 12:10:03.546729   147 transaction_manager_impl.cpp:62] Finish with epoch id=6486
2026-09-16T12:10:03.550214768Z I20260916 12:10:03.550122    44 block_storage_to_file.cpp:46] block store in file successfully, epoch=6486
2026-09-16T12:10:03.584315055Z I20260916 12:10:03.584233   151 epoch_txn_queue_manager.h:17] All threads reached barrier, epoch: 6488, count: 4
2026-09-16T12:10:03.599638400Z I20260916 12:10:03.599550   143 consensus_control_block.h:289] consensus of epoch=6487 has reach, all vote yes.
2026-09-16T12:10:03.602958616Z I20260916 12:10:03.602898   147 transaction_manager_impl.cpp:120] Total, abort: 4 commit: 544
2026-09-16T12:10:03.602962885Z I20260916 12:10:03.602911   147 transaction_manager_impl.cpp:62] Finish with epoch id=6487
2026-09-16T12:10:03.608172941Z I20260916 12:10:03.608096    44 block_storage_to_file.cpp:46] block store in file successfully, epoch=6487
2026-09-16T12:10:03.650985215Z I20260916 12:10:03.650575   152 epoch_txn_queue_manager.h:17] All threads reached barrier, epoch: 6489, count: 4
2026-09-16T12:10:03.658484542Z I20260916 12:10:03.657910   143 consensus_control_block.h:289] consensus of epoch=6488 has reach, all vote yes.
2026-09-16T12:10:03.670597975Z I20260916 12:10:03.670341   147 transaction_manager_impl.cpp:120] Total, abort: 1 commit: 364
2026-09-16T12:10:03.670612696Z I20260916 12:10:03.670367   147 transaction_manager_impl.cpp:62] Finish with epoch id=6488
2026-09-16T12:10:03.681440752Z I20260916 12:10:03.681332    44 block_storage_to_file.cpp:46] block store in file successfully, epoch=6488
2026-09-16T12:10:03.711836222Z I20260916 12:10:03.711731   143 consensus_control_block.h:289] consensus of epoch=6489 has reach, all vote yes.
2026-09-16T12:10:03.714827737Z I20260916 12:10:03.714736   149 epoch_txn_queue_manager.h:17] All threads reached barrier, epoch: 6490, count: 4
2026-09-16T12:10:03.717735293Z I20260916 12:10:03.717587   147 transaction_manager_impl.cpp:120] Total, abort: 3 commit: 563
2026-09-16T12:10:03.717751823Z I20260916 12:10:03.717602   147 transaction_manager_impl.cpp:62] Finish with epoch id=6489
2026-09-16T12:10:03.722286629Z I20260916 12:10:03.722136    44 block_storage_to_file.cpp:46] block store in file successfully, epoch=6489
2026-09-16T12:10:03.769851299Z I20260916 12:10:03.769765   143 consensus_control_block.h:289] consensus of epoch=6490 has reach, all vote yes.
2026-09-16T12:10:03.778262545Z I20260916 12:10:03.778185   151 epoch_txn_queue_manager.h:17] All threads reached barrier, epoch: 6491, count: 4
2026-09-16T12:10:03.782884818Z I20260916 12:10:03.782792   147 transaction_manager_impl.cpp:120] Total, abort: 4 commit: 539
2026-09-16T12:10:03.782898780Z I20260916 12:10:03.782806   147 transaction_manager_impl.cpp:62] Finish with epoch id=6490
2026-09-16T12:10:03.788238237Z I20260916 12:10:03.788079    44 block_storage_to_file.cpp:46] block store in file successfully, epoch=6490
2026-09-16T12:10:03.840793926Z I20260916 12:10:03.840710   150 epoch_txn_queue_manager.h:17] All threads reached barrier, epoch: 6492, count: 4
2026-09-16T12:10:03.844127337Z I20260916 12:10:03.844030   143 consensus_control_block.h:289] consensus of epoch=6491 has reach, all vote yes.
2026-09-16T12:10:03.848001096Z I20260916 12:10:03.847898   147 transaction_manager_impl.cpp:120] Total, abort: 0 commit: 633
2026-09-16T12:10:03.848014243Z I20260916 12:10:03.847919   147 transaction_manager_impl.cpp:62] Finish with epoch id=6491
2026-09-16T12:10:03.853425464Z I20260916 12:10:03.853302    44 block_storage_to_file.cpp:46] block store in file successfully, epoch=6491
2026-09-16T12:10:03.889165913Z [epoch] I20260916 12:10:03.888998     7 chain_client.cpp:83] Sending Request to epoch_server_group at qps=0 latency=0
2026-09-16T12:10:03.898743290Z I20260916 12:10:03.898676   151 epoch_txn_queue_manager.h:17] All threads reached barrier, epoch: 6493, count: 4
2026-09-16T12:10:03.900670631Z I20260916 12:10:03.900571   143 consensus_control_block.h:289] consensus of epoch=6492 has reach, all vote yes.
2026-09-16T12:10:03.904822342Z I20260916 12:10:03.904680   147 transaction_manager_impl.cpp:120] Total, abort: 4 commit: 592
2026-09-16T12:10:03.904835036Z I20260916 12:10:03.904696   147 transaction_manager_impl.cpp:62] Finish with epoch id=6492
2026-09-16T12:10:03.910094714Z I20260916 12:10:03.910012    44 block_storage_to_file.cpp:46] block store in file successfully, epoch=6492
2026-09-16T12:10:03.966766638Z I20260916 12:10:03.966634   143 consensus_control_block.h:289] consensus of epoch=6493 has reach, all vote yes.
2026-09-16T12:10:03.981672675Z I20260916 12:10:03.981592   150 epoch_txn_queue_manager.h:17] All threads reached barrier, epoch: 6494, count: 4
2026-09-16T12:10:03.987735209Z I20260916 12:10:03.987627   147 transaction_manager_impl.cpp:120] Total, abort: 4 commit: 495
2026-09-16T12:10:03.987757461Z I20260916 12:10:03.987645   147 transaction_manager_impl.cpp:62] Finish with epoch id=6493
2026-09-16T12:10:03.992029946Z I20260916 12:10:03.991907    44 block_storage_to_file.cpp:46] block store in file successfully, epoch=6493
2026-09-16T12:10:04.044681322Z I20260916 12:10:04.044566   143 consensus_control_block.h:289] consensus of epoch=6494 has reach, all vote yes.
2026-09-16T12:10:04.047155394Z I20260916 12:10:04.047088   149 epoch_txn_queue_manager.h:17] All threads reached barrier, epoch: 6495, count: 4
2026-09-16T12:10:04.052022179Z I20260916 12:10:04.051928   147 transaction_manager_impl.cpp:120] Total, abort: 1 commit: 769
2026-09-16T12:10:04.052035492Z I20260916 12:10:04.051973   147 transaction_manager_impl.cpp:62] Finish with epoch id=6494
2026-09-16T12:10:04.059310208Z I20260916 12:10:04.059208    44 block_storage_to_file.cpp:46] block store in file successfully, epoch=6494
2026-09-16T12:10:04.082559683Z I20260916 12:10:04.082476   150 epoch_txn_queue_manager.h:17] All threads reached barrier, epoch: 6496, count: 4
2026-09-16T12:10:04.086848809Z I20260916 12:10:04.086776   143 consensus_control_block.h:289] consensus of epoch=6495 has reach, all vote yes.
2026-09-16T12:10:04.090266689Z I20260916 12:10:04.090173   147 transaction_manager_impl.cpp:120] Total, abort: 4 commit: 567
2026-09-16T12:10:04.090279454Z I20260916 12:10:04.090184   147 transaction_manager_impl.cpp:62] Finish with epoch id=6495
2026-09-16T12:10:04.094821598Z I20260916 12:10:04.094722    44 block_storage_to_file.cpp:46] block store in file successfully, epoch=6495
2026-09-16T12:10:04.142872554Z I20260916 12:10:04.142809   150 epoch_txn_queue_manager.h:17] All threads reached barrier, epoch: 6497, count: 4
2026-09-16T12:10:04.145569348Z I20260916 12:10:04.145470   143 consensus_control_block.h:289] consensus of epoch=6496 has reach, all vote yes.
2026-09-16T12:10:04.147789651Z I20260916 12:10:04.147720   147 transaction_manager_impl.cpp:120] Total, abort: 0 commit: 341
2026-09-16T12:10:04.147800366Z I20260916 12:10:04.147735   147 transaction_manager_impl.cpp:62] Finish with epoch id=6496
2026-09-16T12:10:04.151288755Z I20260916 12:10:04.151203    44 block_storage_to_file.cpp:46] block store in file successfully, epoch=6496
2026-09-16T12:10:04.183166087Z I20260916 12:10:04.183090   150 epoch_txn_queue_manager.h:17] All threads reached barrier, epoch: 6498, count: 4
2026-09-16T12:10:04.184120903Z I20260916 12:10:04.183981   143 consensus_control_block.h:289] consensus of epoch=6497 has reach, all vote yes.
2026-09-16T12:10:04.188600959Z I20260916 12:10:04.188524   147 transaction_manager_impl.cpp:120] Total, abort: 4 commit: 545
2026-09-16T12:10:04.188615381Z I20260916 12:10:04.188555   147 transaction_manager_impl.cpp:62] Finish with epoch id=6497
2026-09-16T12:10:04.193146726Z I20260916 12:10:04.193025    44 block_storage_to_file.cpp:46] block store in file successfully, epoch=6497
2026-09-16T12:10:04.236118354Z I20260916 12:10:04.236023   143 consensus_control_block.h:289] consensus of epoch=6498 has reach, all vote yes.
2026-09-16T12:10:04.238570418Z I20260916 12:10:04.238456   149 epoch_txn_queue_manager.h:17] All threads reached barrier, epoch: 6499, count: 4
2026-09-16T12:10:04.240740669Z I20260916 12:10:04.240654   147 transaction_manager_impl.cpp:120] Total, abort: 0 commit: 363
2026-09-16T12:10:04.240788187Z I20260916 12:10:04.240666   147 transaction_manager_impl.cpp:62] Finish with epoch id=6498
2026-09-16T12:10:04.244032436Z I20260916 12:10:04.243866    44 block_storage_to_file.cpp:46] block store in file successfully, epoch=6498
2026-09-16T12:10:04.295274678Z I20260916 12:10:04.295152   143 consensus_control_block.h:289] consensus of epoch=6499 has reach, all vote yes.
2026-09-16T12:10:04.298923796Z I20260916 12:10:04.298832   149 epoch_txn_queue_manager.h:17] All threads reached barrier, epoch: 6500, count: 4
2026-09-16T12:10:04.302466773Z I20260916 12:10:04.302350   147 transaction_manager_impl.cpp:120] Total, abort: 4 commit: 477
2026-09-16T12:10:04.302484865Z I20260916 12:10:04.302381   147 transaction_manager_impl.cpp:62] Finish with epoch id=6499
2026-09-16T12:10:04.306818373Z I20260916 12:10:04.306720    44 block_storage_to_file.cpp:46] block store in file successfully, epoch=6499
2026-09-16T12:10:04.371489545Z I20260916 12:10:04.371352   143 consensus_control_block.h:289] consensus of epoch=6500 has reach, all vote yes.
2026-09-16T12:10:04.384730221Z I20260916 12:10:04.384591   150 epoch_txn_queue_manager.h:17] All threads reached barrier, epoch: 6501, count: 4
2026-09-16T12:10:04.388954512Z I20260916 12:10:04.388821   147 transaction_manager_impl.cpp:120] Total, abort: 4 commit: 543
2026-09-16T12:10:04.388964904Z I20260916 12:10:04.388842   147 transaction_manager_impl.cpp:62] Finish with epoch id=6500
2026-09-16T12:10:04.394678396Z I20260916 12:10:04.394579    44 block_storage_to_file.cpp:46] block store in file successfully, epoch=6500
2026-09-16T12:10:04.455582926Z I20260916 12:10:04.455437   150 epoch_txn_queue_manager.h:17] All threads reached barrier, epoch: 6502, count: 4
2026-09-16T12:10:04.458134028Z I20260916 12:10:04.458060   143 consensus_control_block.h:289] consensus of epoch=6501 has reach, all vote yes.
2026-09-16T12:10:04.462715809Z I20260916 12:10:04.462630   147 transaction_manager_impl.cpp:120] Total, abort: 1 commit: 795
2026-09-16T12:10:04.462728547Z I20260916 12:10:04.462643   147 transaction_manager_impl.cpp:62] Finish with epoch id=6501
2026-09-16T12:10:04.469369110Z I20260916 12:10:04.469282    44 block_storage_to_file.cpp:46] block store in file successfully, epoch=6501
2026-09-16T12:10:04.485717751Z I20260916 12:10:04.485647   150 epoch_txn_queue_manager.h:17] All threads reached barrier, epoch: 6503, count: 4
2026-09-16T12:10:04.494866392Z I20260916 12:10:04.494784   143 consensus_control_block.h:289] consensus of epoch=6502 has reach, all vote yes.
2026-09-16T12:10:04.498933290Z I20260916 12:10:04.498840   147 transaction_manager_impl.cpp:120] Total, abort: 3 commit: 632
2026-09-16T12:10:04.498947470Z I20260916 12:10:04.498876   147 transaction_manager_impl.cpp:62] Finish with epoch id=6502
2026-09-16T12:10:04.504323511Z I20260916 12:10:04.504245    44 block_storage_to_file.cpp:46] block store in file successfully, epoch=6502
2026-09-16T12:10:04.554995633Z I20260916 12:10:04.554896   152 epoch_txn_queue_manager.h:17] All threads reached barrier, epoch: 6504, count: 4
2026-09-16T12:10:04.560903704Z I20260916 12:10:04.560772   143 consensus_control_block.h:289] consensus of epoch=6503 has reach, all vote yes.
2026-09-16T12:10:04.562442735Z I20260916 12:10:04.562337   147 transaction_manager_impl.cpp:120] Total, abort: 2 commit: 274
2026-09-16T12:10:04.562461507Z I20260916 12:10:04.562355   147 transaction_manager_impl.cpp:62] Finish with epoch id=6503
2026-09-16T12:10:04.565133207Z I20260916 12:10:04.565021    44 block_storage_to_file.cpp:46] block store in file successfully, epoch=6503
2026-09-16T12:10:04.586273399Z I20260916 12:10:04.586189   150 epoch_txn_queue_manager.h:17] All threads reached barrier, epoch: 6505, count: 4
2026-09-16T12:10:04.592499368Z I20260916 12:10:04.592396   143 consensus_control_block.h:289] consensus of epoch=6504 has reach, all vote yes.
2026-09-16T12:10:04.596262168Z I20260916 12:10:04.596169   147 transaction_manager_impl.cpp:120] Total, abort: 2 commit: 611
2026-09-16T12:10:04.596276102Z I20260916 12:10:04.596189   147 transaction_manager_impl.cpp:62] Finish with epoch id=6504
2026-09-16T12:10:04.603009060Z I20260916 12:10:04.602926    44 block_storage_to_file.cpp:46] block store in file successfully, epoch=6504
2026-09-16T12:10:04.672380018Z I20260916 12:10:04.672232   143 consensus_control_block.h:289] consensus of epoch=6505 has reach, all vote yes.
2026-09-16T12:10:04.686916996Z I20260916 12:10:04.686817   150 epoch_txn_queue_manager.h:17] All threads reached barrier, epoch: 6506, count: 4
2026-09-16T12:10:04.690062836Z I20260916 12:10:04.689939   147 transaction_manager_impl.cpp:120] Total, abort: 2 commit: 295
2026-09-16T12:10:04.690078979Z I20260916 12:10:04.689960   147 transaction_manager_impl.cpp:62] Finish with epoch id=6505
2026-09-16T12:10:04.692896702Z I20260916 12:10:04.692823    44 block_storage_to_file.cpp:46] block store in file successfully, epoch=6505
2026-09-16T12:10:04.747544411Z I20260916 12:10:04.747442   150 epoch_txn_queue_manager.h:17] All threads reached barrier, epoch: 6507, count: 4
2026-09-16T12:10:04.749797053Z I20260916 12:10:04.749739   143 consensus_control_block.h:289] consensus of epoch=6506 has reach, all vote yes.
2026-09-16T12:10:04.754313617Z I20260916 12:10:04.754098   147 transaction_manager_impl.cpp:120] Total, abort: 5 commit: 905
2026-09-16T12:10:04.754406586Z I20260916 12:10:04.754331   147 transaction_manager_impl.cpp:62] Finish with epoch id=6506
2026-09-16T12:10:04.762746127Z I20260916 12:10:04.762655    44 block_storage_to_file.cpp:46] block store in file successfully, epoch=6506
2026-09-16T12:10:04.787229853Z I20260916 12:10:04.787088   143 consensus_control_block.h:289] consensus of epoch=6507 has reach, all vote yes.
2026-09-16T12:10:04.788002874Z I20260916 12:10:04.787940   150 epoch_txn_queue_manager.h:17] All threads reached barrier, epoch: 6508, count: 4
2026-09-16T12:10:04.792049032Z I20260916 12:10:04.791946   147 transaction_manager_impl.cpp:120] Total, abort: 1 commit: 545
2026-09-16T12:10:04.792059987Z I20260916 12:10:04.791963   147 transaction_manager_impl.cpp:62] Finish with epoch id=6507
2026-09-16T12:10:04.796845333Z I20260916 12:10:04.796710    44 block_storage_to_file.cpp:46] block store in file successfully, epoch=6507
2026-09-16T12:10:04.858321408Z I20260916 12:10:04.858196   150 epoch_txn_queue_manager.h:17] All threads reached barrier, epoch: 6509, count: 4
2026-09-16T12:10:04.860583464Z I20260916 12:10:04.860507   143 consensus_control_block.h:289] consensus of epoch=6508 has reach, all vote yes.
2026-09-16T12:10:04.862836807Z I20260916 12:10:04.862762   147 transaction_manager_impl.cpp:120] Total, abort: 3 commit: 365
2026-09-16T12:10:04.862846135Z I20260916 12:10:04.862778   147 transaction_manager_impl.cpp:62] Finish with epoch id=6508
2026-09-16T12:10:04.866093001Z I20260916 12:10:04.865878    44 block_storage_to_file.cpp:46] block store in file successfully, epoch=6508
2026-09-16T12:10:04.887195473Z I20260916 12:10:04.887110   152 epoch_txn_queue_manager.h:17] All threads reached barrier, epoch: 6510, count: 4
2026-09-16T12:10:04.889304838Z [epoch] I20260916 12:10:04.889094     7 chain_client.cpp:83] Sending Request to epoch_server_group at qps=0 latency=0
2026-09-16T12:10:04.897775637Z I20260916 12:10:04.897691   143 consensus_control_block.h:289] consensus of epoch=6509 has reach, all vote yes.
2026-09-16T12:10:04.900445529Z I20260916 12:10:04.900354   147 transaction_manager_impl.cpp:120] Total, abort: 1 commit: 635
2026-09-16T12:10:04.900455111Z I20260916 12:10:04.900372   147 transaction_manager_impl.cpp:62] Finish with epoch id=6509
2026-09-16T12:10:04.905956366Z I20260916 12:10:04.905867    44 block_storage_to_file.cpp:46] block store in file successfully, epoch=6509
2026-09-16T12:10:04.940585314Z I20260916 12:10:04.940486   143 consensus_control_block.h:289] consensus of epoch=6510 has reach, all vote yes.
2026-09-16T12:10:04.944232069Z I20260916 12:10:04.944166   149 epoch_txn_queue_manager.h:17] All threads reached barrier, epoch: 6511, count: 4
2026-09-16T12:10:04.947341243Z I20260916 12:10:04.946360   147 transaction_manager_impl.cpp:120] Total, abort: 2 commit: 247
2026-09-16T12:10:04.947355211Z I20260916 12:10:04.946378   147 transaction_manager_impl.cpp:62] Finish with epoch id=6510
2026-09-16T12:10:04.948998203Z I20260916 12:10:04.948910    44 block_storage_to_file.cpp:46] block store in file successfully, epoch=6510
2026-09-16T12:10:04.998299895Z I20260916 12:10:04.998132   152 epoch_txn_queue_manager.h:17] All threads reached barrier, epoch: 6512, count: 4
2026-09-16T12:10:04.998402946Z I20260916 12:10:04.998328   143 consensus_control_block.h:289] consensus of epoch=6511 has reach, all vote yes.
2026-09-16T12:10:05.002488061Z I20260916 12:10:05.002403   147 transaction_manager_impl.cpp:120] Total, abort: 2 commit: 499
2026-09-16T12:10:05.002498569Z I20260916 12:10:05.002421   147 transaction_manager_impl.cpp:62] Finish with epoch id=6511
2026-09-16T12:10:05.006777803Z I20260916 12:10:05.006664    44 block_storage_to_file.cpp:46] block store in file successfully, epoch=6511
2026-09-16T12:10:05.060127754Z I20260916 12:10:05.059981   150 epoch_txn_queue_manager.h:17] All threads reached barrier, epoch: 6513, count: 4
2026-09-16T12:10:05.062270395Z I20260916 12:10:05.062145   143 consensus_control_block.h:289] consensus of epoch=6512 has reach, all vote yes.
2026-09-16T12:10:05.065964523Z I20260916 12:10:05.065855   147 transaction_manager_impl.cpp:120] Total, abort: 4 commit: 502
2026-09-16T12:10:05.065978018Z I20260916 12:10:05.065877   147 transaction_manager_impl.cpp:62] Finish with epoch id=6512
2026-09-16T12:10:05.070507487Z I20260916 12:10:05.070379    44 block_storage_to_file.cpp:46] block store in file successfully, epoch=6512
2026-09-16T12:10:05.126018824Z I20260916 12:10:05.125909   143 consensus_control_block.h:289] consensus of epoch=6513 has reach, all vote yes.
2026-09-16T12:10:05.188278832Z I20260916 12:10:05.188091   151 epoch_txn_queue_manager.h:17] All threads reached barrier, epoch: 6514, count: 4
2026-09-16T12:10:05.192881124Z I20260916 12:10:05.192787   147 transaction_manager_impl.cpp:120] Total, abort: 0 commit: 564
2026-09-16T12:10:05.192890719Z I20260916 12:10:05.192800   147 transaction_manager_impl.cpp:62] Finish with epoch id=6513
2026-09-16T12:10:05.199033738Z I20260916 12:10:05.198944    44 block_storage_to_file.cpp:46] block store in file successfully, epoch=6513
2026-09-16T12:10:05.251541033Z I20260916 12:10:05.251426   150 epoch_txn_queue_manager.h:17] All threads reached barrier, epoch: 6515, count: 4
2026-09-16T12:10:05.253926014Z I20260916 12:10:05.253872   143 consensus_control_block.h:289] consensus of epoch=6514 has reach, all vote yes.
2026-09-16T12:10:05.260903145Z I20260916 12:10:05.260800   147 transaction_manager_impl.cpp:120] Total, abort: 6 commit: 1134
2026-09-16T12:10:05.260918718Z I20260916 12:10:05.260820   147 transaction_manager_impl.cpp:62] Finish with epoch id=6514
2026-09-16T12:10:05.270525181Z I20260916 12:10:05.270439    44 block_storage_to_file.cpp:46] block store in file successfully, epoch=6514
2026-09-16T12:10:05.288825895Z I20260916 12:10:05.288722   151 epoch_txn_queue_manager.h:17] All threads reached barrier, epoch: 6516, count: 4
2026-09-16T12:10:05.290798540Z I20260916 12:10:05.290692   143 consensus_control_block.h:289] consensus of epoch=6515 has reach, all vote yes.
2026-09-16T12:10:05.293542253Z I20260916 12:10:05.293469   147 transaction_manager_impl.cpp:120] Total, abort: 2 commit: 587
2026-09-16T12:10:05.293547833Z I20260916 12:10:05.293481   147 transaction_manager_impl.cpp:62] Finish with epoch id=6515
2026-09-16T12:10:05.298310408Z I20260916 12:10:05.298215    44 block_storage_to_file.cpp:46] block store in file successfully, epoch=6515
2026-09-16T12:10:05.352105272Z I20260916 12:10:05.351999   150 epoch_txn_queue_manager.h:17] All threads reached barrier, epoch: 6517, count: 4
2026-09-16T12:10:05.353825906Z I20260916 12:10:05.353742   143 consensus_control_block.h:289] consensus of epoch=6516 has reach, all vote yes.
2026-09-16T12:10:05.357209792Z I20260916 12:10:05.357090   147 transaction_manager_impl.cpp:120] Total, abort: 2 commit: 317
2026-09-16T12:10:05.357218741Z I20260916 12:10:05.357121   147 transaction_manager_impl.cpp:62] Finish with epoch id=6516
2026-09-16T12:10:05.360130637Z I20260916 12:10:05.360010    44 block_storage_to_file.cpp:46] block store in file successfully, epoch=6516
2026-09-16T12:10:05.389542902Z I20260916 12:10:05.389379   151 epoch_txn_queue_manager.h:17] All threads reached barrier, epoch: 6518, count: 4
2026-09-16T12:10:05.391661879Z I20260916 12:10:05.391470   143 consensus_control_block.h:289] consensus of epoch=6517 has reach, all vote yes.
2026-09-16T12:10:05.395039253Z I20260916 12:10:05.394968   147 transaction_manager_impl.cpp:120] Total, abort: 2 commit: 592
2026-09-16T12:10:05.395063330Z I20260916 12:10:05.394981   147 transaction_manager_impl.cpp:62] Finish with epoch id=6517
2026-09-16T12:10:05.399824101Z I20260916 12:10:05.399744    44 block_storage_to_file.cpp:46] block store in file successfully, epoch=6517
2026-09-16T12:10:05.454934720Z I20260916 12:10:05.454805   143 consensus_control_block.h:289] consensus of epoch=6518 has reach, all vote yes.
2026-09-16T12:10:05.459944510Z I20260916 12:10:05.459837   151 epoch_txn_queue_manager.h:17] All threads reached barrier, epoch: 6519, count: 4
2026-09-16T12:10:05.462393414Z I20260916 12:10:05.462335   147 transaction_manager_impl.cpp:120] Total, abort: 2 commit: 315
2026-09-16T12:10:05.462403817Z I20260916 12:10:05.462352   147 transaction_manager_impl.cpp:62] Finish with epoch id=6518
2026-09-16T12:10:05.465672097Z I20260916 12:10:05.465595    44 block_storage_to_file.cpp:46] block store in file successfully, epoch=6518
2026-09-16T12:10:05.490640230Z I20260916 12:10:05.490546   151 epoch_txn_queue_manager.h:17] All threads reached barrier, epoch: 6520, count: 4
2026-09-16T12:10:05.493797389Z I20260916 12:10:05.493607   143 consensus_control_block.h:289] consensus of epoch=6519 has reach, all vote yes.
2026-09-16T12:10:05.498639237Z I20260916 12:10:05.498519   147 transaction_manager_impl.cpp:120] Total, abort: 2 commit: 635
2026-09-16T12:10:05.498653378Z I20260916 12:10:05.498575   147 transaction_manager_impl.cpp:62] Finish with epoch id=6519
2026-09-16T12:10:05.504753464Z I20260916 12:10:05.504657    44 block_storage_to_file.cpp:46] block store in file successfully, epoch=6519
2026-09-16T12:10:05.575042216Z I20260916 12:10:05.574935   143 consensus_control_block.h:289] consensus of epoch=6520 has reach, all vote yes.
2026-09-16T12:10:05.589076568Z I20260916 12:10:05.588968   149 epoch_txn_queue_manager.h:17] All threads reached barrier, epoch: 6521, count: 4
2026-09-16T12:10:05.591909827Z I20260916 12:10:05.591717   147 transaction_manager_impl.cpp:120] Total, abort: 2 commit: 273
2026-09-16T12:10:05.591925914Z I20260916 12:10:05.591733   147 transaction_manager_impl.cpp:62] Finish with epoch id=6520
2026-09-16T12:10:05.594820162Z I20260916 12:10:05.594702    44 block_storage_to_file.cpp:46] block store in file successfully, epoch=6520
2026-09-16T12:10:05.644731288Z I20260916 12:10:05.644654   150 epoch_txn_queue_manager.h:17] All threads reached barrier, epoch: 6522, count: 4
2026-09-16T12:10:05.647025869Z I20260916 12:10:05.646965   143 consensus_control_block.h:289] consensus of epoch=6521 has reach, all vote yes.
2026-09-16T12:10:05.654414705Z I20260916 12:10:05.654282   147 transaction_manager_impl.cpp:120] Total, abort: 4 commit: 881
2026-09-16T12:10:05.654435232Z I20260916 12:10:05.654304   147 transaction_manager_impl.cpp:62] Finish with epoch id=6521
2026-09-16T12:10:05.661952769Z I20260916 12:10:05.661860    44 block_storage_to_file.cpp:46] block store in file successfully, epoch=6521
2026-09-16T12:10:05.683297403Z I20260916 12:10:05.683226   143 consensus_control_block.h:289] consensus of epoch=6522 has reach, all vote yes.
2026-09-16T12:10:05.690061202Z I20260916 12:10:05.689937   149 epoch_txn_queue_manager.h:17] All threads reached barrier, epoch: 6523, count: 4
2026-09-16T12:10:05.693592533Z I20260916 12:10:05.693423   147 transaction_manager_impl.cpp:120] Total, abort: 3 commit: 523
2026-09-16T12:10:05.693599786Z I20260916 12:10:05.693436   147 transaction_manager_impl.cpp:62] Finish with epoch id=6522
2026-09-16T12:10:05.699024112Z I20260916 12:10:05.698939    44 block_storage_to_file.cpp:46] block store in file successfully, epoch=6522
2026-09-16T12:10:05.743686630Z I20260916 12:10:05.743518   152 epoch_txn_queue_manager.h:17] All threads reached barrier, epoch: 6524, count: 4
2026-09-16T12:10:05.745863378Z I20260916 12:10:05.745780   143 consensus_control_block.h:289] consensus of epoch=6523 has reach, all vote yes.
2026-09-16T12:10:05.747977156Z I20260916 12:10:05.747884   147 transaction_manager_impl.cpp:120] Total, abort: 2 commit: 388
2026-09-16T12:10:05.747985757Z I20260916 12:10:05.747895   147 transaction_manager_impl.cpp:62] Finish with epoch id=6523
2026-09-16T12:10:05.751117004Z I20260916 12:10:05.751034    44 block_storage_to_file.cpp:46] block store in file successfully, epoch=6523
2026-09-16T12:10:05.790821238Z I20260916 12:10:05.790620   149 epoch_txn_queue_manager.h:17] All threads reached barrier, epoch: 6525, count: 4
2026-09-16T12:10:05.797185381Z I20260916 12:10:05.797021   143 consensus_control_block.h:289] consensus of epoch=6524 has reach, all vote yes.
2026-09-16T12:10:05.800209819Z I20260916 12:10:05.800122   147 transaction_manager_impl.cpp:120] Total, abort: 2 commit: 499
2026-09-16T12:10:05.800216537Z I20260916 12:10:05.800139   147 transaction_manager_impl.cpp:62] Finish with epoch id=6524
2026-09-16T12:10:05.804329665Z I20260916 12:10:05.804216    44 block_storage_to_file.cpp:46] block store in file successfully, epoch=6524
2026-09-16T12:10:05.854756681Z I20260916 12:10:05.854637   152 epoch_txn_queue_manager.h:17] All threads reached barrier, epoch: 6526, count: 4
2026-09-16T12:10:05.859124596Z I20260916 12:10:05.858850   143 consensus_control_block.h:289] consensus of epoch=6525 has reach, all vote yes.
2026-09-16T12:10:05.862248934Z I20260916 12:10:05.862116   147 transaction_manager_impl.cpp:120] Total, abort: 2 commit: 407
2026-09-16T12:10:05.862262661Z I20260916 12:10:05.862139   147 transaction_manager_impl.cpp:62] Finish with epoch id=6525
2026-09-16T12:10:05.866561621Z I20260916 12:10:05.866457    44 block_storage_to_file.cpp:46] block store in file successfully, epoch=6525
2026-09-16T12:10:05.885225608Z I20260916 12:10:05.885066   143 consensus_control_block.h:289] consensus of epoch=6526 has reach, all vote yes.
2026-09-16T12:10:05.886619717Z I20260916 12:10:05.886499   150 epoch_txn_queue_manager.h:17] All threads reached barrier, epoch: 6527, count: 4
2026-09-16T12:10:05.889615722Z [epoch] I20260916 12:10:05.889199     7 chain_client.cpp:83] Sending Request to epoch_server_group at qps=0 latency=0
2026-09-16T12:10:05.892714566Z I20260916 12:10:05.892601   147 transaction_manager_impl.cpp:120] Total, abort: 2 commit: 587
2026-09-16T12:10:05.892734080Z I20260916 12:10:05.892621   147 transaction_manager_impl.cpp:62] Finish with epoch id=6526
2026-09-16T12:10:05.899505391Z I20260916 12:10:05.899401    44 block_storage_to_file.cpp:46] block store in file successfully, epoch=6526
2026-09-16T12:10:05.949298761Z I20260916 12:10:05.949169   143 consensus_control_block.h:289] consensus of epoch=6527 has reach, all vote yes.
2026-09-16T12:10:05.953829794Z I20260916 12:10:05.953694   151 epoch_txn_queue_manager.h:17] All threads reached barrier, epoch: 6528, count: 4
2026-09-16T12:10:05.959271001Z I20260916 12:10:05.959020   147 transaction_manager_impl.cpp:120] Total, abort: 2 commit: 297
2026-09-16T12:10:05.959303653Z I20260916 12:10:05.959076   147 transaction_manager_impl.cpp:62] Finish with epoch id=6527
2026-09-16T12:10:05.964197045Z I20260916 12:10:05.963999    44 block_storage_to_file.cpp:46] block store in file successfully, epoch=6527
2026-09-16T12:10:06.028856468Z I20260916 12:10:06.028704   143 consensus_control_block.h:289] consensus of epoch=6528 has reach, all vote yes.
2026-09-16T12:10:06.078176230Z I20260916 12:10:06.078023   150 epoch_txn_queue_manager.h:17] All threads reached barrier, epoch: 6529, count: 4
2026-09-16T12:10:06.082235485Z I20260916 12:10:06.082147   147 transaction_manager_impl.cpp:120] Total, abort: 2 commit: 591
2026-09-16T12:10:06.082246194Z I20260916 12:10:06.082163   147 transaction_manager_impl.cpp:62] Finish with epoch id=6528
2026-09-16T12:10:06.087287702Z I20260916 12:10:06.087214    44 block_storage_to_file.cpp:46] block store in file successfully, epoch=6528
2026-09-16T12:10:06.088281063Z I20260916 12:10:06.088174   150 epoch_txn_queue_manager.h:17] All threads reached barrier, epoch: 6530, count: 4
2026-09-16T12:10:06.090741076Z I20260916 12:10:06.090643   143 consensus_control_block.h:289] consensus of epoch=6529 has reach, all vote yes.
2026-09-16T12:10:06.097573720Z I20260916 12:10:06.097471   147 transaction_manager_impl.cpp:120] Total, abort: 4 commit: 1131
2026-09-16T12:10:06.097588631Z I20260916 12:10:06.097486   147 transaction_manager_impl.cpp:62] Finish with epoch id=6529
2026-09-16T12:10:06.107128929Z I20260916 12:10:06.107056    44 block_storage_to_file.cpp:46] block store in file successfully, epoch=6529
2026-09-16T12:10:06.140244443Z I20260916 12:10:06.140127   143 consensus_control_block.h:289] consensus of epoch=6530 has reach, all vote yes.
2026-09-16T12:10:06.144973659Z I20260916 12:10:06.144879   151 epoch_txn_queue_manager.h:17] All threads reached barrier, epoch: 6531, count: 4
2026-09-16T12:10:06.145889226Z I20260916 12:10:06.145835   147 transaction_manager_impl.cpp:120] Total, abort: 2 commit: 93
2026-09-16T12:10:06.145893087Z I20260916 12:10:06.145846   147 transaction_manager_impl.cpp:62] Finish with epoch id=6530
2026-09-16T12:10:06.147251161Z I20260916 12:10:06.147195    44 block_storage_to_file.cpp:46] block store in file successfully, epoch=6530
2026-09-16T12:10:06.199102479Z I20260916 12:10:06.198927   143 consensus_control_block.h:289] consensus of epoch=6531 has reach, all vote yes.
2026-09-16T12:10:06.203631270Z I20260916 12:10:06.203523   149 epoch_txn_queue_manager.h:17] All threads reached barrier, epoch: 6532, count: 4
2026-09-16T12:10:06.208808158Z I20260916 12:10:06.208611   147 transaction_manager_impl.cpp:120] Total, abort: 3 commit: 497
2026-09-16T12:10:06.208836582Z I20260916 12:10:06.208627   147 transaction_manager_impl.cpp:62] Finish with epoch id=6531
2026-09-16T12:10:06.213127020Z I20260916 12:10:06.213024    44 block_storage_to_file.cpp:46] block store in file successfully, epoch=6531
2026-09-16T12:10:06.269448022Z I20260916 12:10:06.269331   150 epoch_txn_queue_manager.h:17] All threads reached barrier, epoch: 6533, count: 4
2026-09-16T12:10:06.272393560Z I20260916 12:10:06.272310   143 consensus_control_block.h:289] consensus of epoch=6532 has reach, all vote yes.
2026-09-16T12:10:06.277765113Z I20260916 12:10:06.277659   147 transaction_manager_impl.cpp:120] Total, abort: 5 commit: 520
2026-09-16T12:10:06.277778185Z I20260916 12:10:06.277674   147 transaction_manager_impl.cpp:62] Finish with epoch id=6532
2026-09-16T12:10:06.282637136Z I20260916 12:10:06.282548    44 block_storage_to_file.cpp:46] block store in file successfully, epoch=6532
2026-09-16T12:10:06.329577649Z I20260916 12:10:06.329489   143 consensus_control_block.h:289] consensus of epoch=6533 has reach, all vote yes.
2026-09-16T12:10:06.390487720Z I20260916 12:10:06.390357   150 epoch_txn_queue_manager.h:17] All threads reached barrier, epoch: 6534, count: 4
2026-09-16T12:10:06.396018245Z I20260916 12:10:06.395857   147 transaction_manager_impl.cpp:120] Total, abort: 0 commit: 610
2026-09-16T12:10:06.396277879Z I20260916 12:10:06.395892   147 transaction_manager_impl.cpp:62] Finish with epoch id=6533
2026-09-16T12:10:06.401057400Z I20260916 12:10:06.400961    44 block_storage_to_file.cpp:46] block store in file successfully, epoch=6533
2026-09-16T12:10:06.450590815Z I20260916 12:10:06.450443   150 epoch_txn_queue_manager.h:17] All threads reached barrier, epoch: 6535, count: 4
2026-09-16T12:10:06.452370556Z I20260916 12:10:06.452183   143 consensus_control_block.h:289] consensus of epoch=6534 has reach, all vote yes.
2026-09-16T12:10:06.458752631Z I20260916 12:10:06.458666   147 transaction_manager_impl.cpp:120] Total, abort: 10 commit: 1088
2026-09-16T12:10:06.458758644Z I20260916 12:10:06.458681   147 transaction_manager_impl.cpp:62] Finish with epoch id=6534
2026-09-16T12:10:06.467812906Z I20260916 12:10:06.467671    44 block_storage_to_file.cpp:46] block store in file successfully, epoch=6534
2026-09-16T12:10:06.491606916Z I20260916 12:10:06.491405   150 epoch_txn_queue_manager.h:17] All threads reached barrier, epoch: 6536, count: 4
2026-09-16T12:10:06.506305988Z I20260916 12:10:06.506191   143 consensus_control_block.h:289] consensus of epoch=6535 has reach, all vote yes.
2026-09-16T12:10:06.511617229Z I20260916 12:10:06.511479   147 transaction_manager_impl.cpp:120] Total, abort: 0 commit: 543
2026-09-16T12:10:06.511631747Z I20260916 12:10:06.511513   147 transaction_manager_impl.cpp:62] Finish with epoch id=6535
2026-09-16T12:10:06.516988899Z I20260916 12:10:06.516856    44 block_storage_to_file.cpp:46] block store in file successfully, epoch=6535
2026-09-16T12:10:06.551776593Z I20260916 12:10:06.551668   150 epoch_txn_queue_manager.h:17] All threads reached barrier, epoch: 6537, count: 4
2026-09-16T12:10:06.553488747Z I20260916 12:10:06.553426   143 consensus_control_block.h:289] consensus of epoch=6536 has reach, all vote yes.
2026-09-16T12:10:06.556020265Z I20260916 12:10:06.555925   147 transaction_manager_impl.cpp:120] Total, abort: 4 commit: 363
2026-09-16T12:10:06.556034962Z I20260916 12:10:06.555943   147 transaction_manager_impl.cpp:62] Finish with epoch id=6536
2026-09-16T12:10:06.559323769Z I20260916 12:10:06.559239    44 block_storage_to_file.cpp:46] block store in file successfully, epoch=6536
2026-09-16T12:10:06.591996794Z I20260916 12:10:06.591874   150 epoch_txn_queue_manager.h:17] All threads reached barrier, epoch: 6538, count: 4
2026-09-16T12:10:06.595206962Z I20260916 12:10:06.595126   143 consensus_control_block.h:289] consensus of epoch=6537 has reach, all vote yes.
2026-09-16T12:10:06.598178703Z I20260916 12:10:06.598090   147 transaction_manager_impl.cpp:120] Total, abort: 0 commit: 546
2026-09-16T12:10:06.598191876Z I20260916 12:10:06.598109   147 transaction_manager_impl.cpp:62] Finish with epoch id=6537
2026-09-16T12:10:06.602719284Z I20260916 12:10:06.602617    44 block_storage_to_file.cpp:46] block store in file successfully, epoch=6537
2026-09-16T12:10:06.644061964Z I20260916 12:10:06.643930   143 consensus_control_block.h:289] consensus of epoch=6538 has reach, all vote yes.
2026-09-16T12:10:06.648866203Z I20260916 12:10:06.648527   151 epoch_txn_queue_manager.h:17] All threads reached barrier, epoch: 6539, count: 4
2026-09-16T12:10:06.651348099Z I20260916 12:10:06.651232   147 transaction_manager_impl.cpp:120] Total, abort: 4 commit: 362
2026-09-16T12:10:06.651359498Z I20260916 12:10:06.651249   147 transaction_manager_impl.cpp:62] Finish with epoch id=6538
2026-09-16T12:10:06.654374746Z I20260916 12:10:06.654268    44 block_storage_to_file.cpp:46] block store in file successfully, epoch=6538
2026-09-16T12:10:06.702145600Z I20260916 12:10:06.702019   143 consensus_control_block.h:289] consensus of epoch=6539 has reach, all vote yes.
2026-09-16T12:10:06.702791266Z I20260916 12:10:06.702719   150 epoch_txn_queue_manager.h:17] All threads reached barrier, epoch: 6540, count: 4
2026-09-16T12:10:06.707063729Z I20260916 12:10:06.706955   147 transaction_manager_impl.cpp:120] Total, abort: 0 commit: 498
2026-09-16T12:10:06.707078103Z I20260916 12:10:06.706969   147 transaction_manager_impl.cpp:62] Finish with epoch id=6539
2026-09-16T12:10:06.711695741Z I20260916 12:10:06.711599    44 block_storage_to_file.cpp:46] block store in file successfully, epoch=6539
2026-09-16T12:10:06.763279184Z I20260916 12:10:06.763183   150 epoch_txn_queue_manager.h:17] All threads reached barrier, epoch: 6541, count: 4
2026-09-16T12:10:06.765592415Z I20260916 12:10:06.765377   143 consensus_control_block.h:289] consensus of epoch=6540 has reach, all vote yes.
2026-09-16T12:10:06.768250445Z I20260916 12:10:06.768147   147 transaction_manager_impl.cpp:120] Total, abort: 4 commit: 498
2026-09-16T12:10:06.768261912Z I20260916 12:10:06.768177   147 transaction_manager_impl.cpp:62] Finish with epoch id=6540
2026-09-16T12:10:06.772531838Z I20260916 12:10:06.772408    44 block_storage_to_file.cpp:46] block store in file successfully, epoch=6540
2026-09-16T12:10:06.831106709Z I20260916 12:10:06.830981   143 consensus_control_block.h:289] consensus of epoch=6541 has reach, all vote yes.
2026-09-16T12:10:06.889439232Z [epoch] I20260916 12:10:06.889300     7 chain_client.cpp:83] Sending Request to epoch_server_group at qps=0 latency=0
2026-09-16T12:10:06.894065048Z I20260916 12:10:06.893994   150 epoch_txn_queue_manager.h:17] All threads reached barrier, epoch: 6542, count: 4
2026-09-16T12:10:06.899390448Z I20260916 12:10:06.899271   147 transaction_manager_impl.cpp:120] Total, abort: 0 commit: 544
2026-09-16T12:10:06.899406306Z I20260916 12:10:06.899304   147 transaction_manager_impl.cpp:62] Finish with epoch id=6541
2026-09-16T12:10:06.905592096Z I20260916 12:10:06.905375    44 block_storage_to_file.cpp:46] block store in file successfully, epoch=6541
2026-09-16T12:10:06.944944743Z I20260916 12:10:06.944847   143 consensus_control_block.h:289] consensus of epoch=6542 has reach, all vote yes.
2026-09-16T12:10:06.950907094Z I20260916 12:10:06.950827   151 epoch_txn_queue_manager.h:17] All threads reached barrier, epoch: 6543, count: 4
2026-09-16T12:10:06.957987680Z I20260916 12:10:06.957872   147 transaction_manager_impl.cpp:120] Total, abort: 12 commit: 1175
2026-09-16T12:10:06.958002480Z I20260916 12:10:06.957894   147 transaction_manager_impl.cpp:62] Finish with epoch id=6542
2026-09-16T12:10:06.968075743Z I20260916 12:10:06.967990    44 block_storage_to_file.cpp:46] block store in file successfully, epoch=6542
2026-09-16T12:10:06.992807553Z I20260916 12:10:06.992669   152 epoch_txn_queue_manager.h:17] All threads reached barrier, epoch: 6544, count: 4
2026-09-16T12:10:06.993828540Z I20260916 12:10:06.993701   143 consensus_control_block.h:289] consensus of epoch=6543 has reach, all vote yes.
2026-09-16T12:10:06.996852239Z I20260916 12:10:06.996770   147 transaction_manager_impl.cpp:120] Total, abort: 0 commit: 496
2026-09-16T12:10:06.996858323Z I20260916 12:10:06.996783   147 transaction_manager_impl.cpp:62] Finish with epoch id=6543
2026-09-16T12:10:07.001565659Z I20260916 12:10:07.001488    44 block_storage_to_file.cpp:46] block store in file successfully, epoch=6543
2026-09-16T12:10:07.053317331Z I20260916 12:10:07.053169   152 epoch_txn_queue_manager.h:17] All threads reached barrier, epoch: 6545, count: 4
2026-09-16T12:10:07.056482283Z I20260916 12:10:07.056282   143 consensus_control_block.h:289] consensus of epoch=6544 has reach, all vote yes.
2026-09-16T12:10:07.059211545Z I20260916 12:10:07.059072   147 transaction_manager_impl.cpp:120] Total, abort: 4 commit: 388
2026-09-16T12:10:07.059230263Z I20260916 12:10:07.059088   147 transaction_manager_impl.cpp:62] Finish with epoch id=6544
2026-09-16T12:10:07.062744574Z I20260916 12:10:07.062634    44 block_storage_to_file.cpp:46] block store in file successfully, epoch=6544
2026-09-16T12:10:07.093498628Z I20260916 12:10:07.093398   152 epoch_txn_queue_manager.h:17] All threads reached barrier, epoch: 6546, count: 4
2026-09-16T12:10:07.095019983Z I20260916 12:10:07.094933   143 consensus_control_block.h:289] consensus of epoch=6545 has reach, all vote yes.
2026-09-16T12:10:07.100016351Z I20260916 12:10:07.099926   147 transaction_manager_impl.cpp:120] Total, abort: 0 commit: 545
2026-09-16T12:10:07.100031955Z I20260916 12:10:07.099943   147 transaction_manager_impl.cpp:62] Finish with epoch id=6545
2026-09-16T12:10:07.104452379Z I20260916 12:10:07.104367    44 block_storage_to_file.cpp:46] block store in file successfully, epoch=6545
2026-09-16T12:10:07.156006118Z I20260916 12:10:07.155875   150 epoch_txn_queue_manager.h:17] All threads reached barrier, epoch: 6547, count: 4
2026-09-16T12:10:07.158075586Z I20260916 12:10:07.157936   143 consensus_control_block.h:289] consensus of epoch=6546 has reach, all vote yes.
2026-09-16T12:10:07.160350831Z I20260916 12:10:07.160262   147 transaction_manager_impl.cpp:120] Total, abort: 4 commit: 362
2026-09-16T12:10:07.160360720Z I20260916 12:10:07.160275   147 transaction_manager_impl.cpp:62] Finish with epoch id=6546
2026-09-16T12:10:07.163776876Z I20260916 12:10:07.163673    44 block_storage_to_file.cpp:46] block store in file successfully, epoch=6546
2026-09-16T12:10:07.194159997Z I20260916 12:10:07.194082   152 epoch_txn_queue_manager.h:17] All threads reached barrier, epoch: 6548, count: 4
2026-09-16T12:10:07.207001822Z I20260916 12:10:07.206847   143 consensus_control_block.h:289] consensus of epoch=6547 has reach, all vote yes.
2026-09-16T12:10:07.210283201Z I20260916 12:10:07.210184   147 transaction_manager_impl.cpp:120] Total, abort: 1 commit: 563
2026-09-16T12:10:07.210294439Z I20260916 12:10:07.210196   147 transaction_manager_impl.cpp:62] Finish with epoch id=6547
2026-09-16T12:10:07.215129752Z I20260916 12:10:07.215039    44 block_storage_to_file.cpp:46] block store in file successfully, epoch=6547
2026-09-16T12:10:07.266610788Z I20260916 12:10:07.266486   150 epoch_txn_queue_manager.h:17] All threads reached barrier, epoch: 6549, count: 4
2026-09-16T12:10:07.269252985Z I20260916 12:10:07.269104   143 consensus_control_block.h:289] consensus of epoch=6548 has reach, all vote yes.
2026-09-16T12:10:07.271816994Z I20260916 12:10:07.271715   147 transaction_manager_impl.cpp:120] Total, abort: 4 commit: 341
2026-09-16T12:10:07.271826098Z I20260916 12:10:07.271736   147 transaction_manager_impl.cpp:62] Finish with epoch id=6548
2026-09-16T12:10:07.275433746Z I20260916 12:10:07.275331    44 block_storage_to_file.cpp:46] block store in file successfully, epoch=6548
2026-09-16T12:10:07.294984742Z I20260916 12:10:07.294836   152 epoch_txn_queue_manager.h:17] All threads reached barrier, epoch: 6550, count: 4
2026-09-16T12:10:07.295865960Z I20260916 12:10:07.295785   143 consensus_control_block.h:289] consensus of epoch=6549 has reach, all vote yes.
2026-09-16T12:10:07.300678327Z I20260916 12:10:07.300590   147 transaction_manager_impl.cpp:120] Total, abort: 0 commit: 657
2026-09-16T12:10:07.300691276Z I20260916 12:10:07.300609   147 transaction_manager_impl.cpp:62] Finish with epoch id=6549
2026-09-16T12:10:07.306105117Z I20260916 12:10:07.306017    44 block_storage_to_file.cpp:46] block store in file successfully, epoch=6549
2026-09-16T12:10:07.357500703Z I20260916 12:10:07.357378   150 epoch_txn_queue_manager.h:17] All threads reached barrier, epoch: 6551, count: 4
2026-09-16T12:10:07.359576220Z I20260916 12:10:07.359480   143 consensus_control_block.h:289] consensus of epoch=6550 has reach, all vote yes.
2026-09-16T12:10:07.361099097Z I20260916 12:10:07.361028   147 transaction_manager_impl.cpp:120] Total, abort: 4 commit: 248
2026-09-16T12:10:07.361105725Z I20260916 12:10:07.361039   147 transaction_manager_impl.cpp:62] Finish with epoch id=6550
2026-09-16T12:10:07.363490232Z I20260916 12:10:07.363373    44 block_storage_to_file.cpp:46] block store in file successfully, epoch=6550
2026-09-16T12:10:07.432873675Z I20260916 12:10:07.432744   143 consensus_control_block.h:289] consensus of epoch=6551 has reach, all vote yes.
2026-09-16T12:10:07.494741773Z I20260916 12:10:07.494630   151 epoch_txn_queue_manager.h:17] All threads reached barrier, epoch: 6552, count: 4
2026-09-16T12:10:07.499467477Z I20260916 12:10:07.499348   147 transaction_manager_impl.cpp:120] Total, abort: 0 commit: 566
2026-09-16T12:10:07.499506957Z I20260916 12:10:07.499370   147 transaction_manager_impl.cpp:62] Finish with epoch id=6551
2026-09-16T12:10:07.505035336Z I20260916 12:10:07.504935    44 block_storage_to_file.cpp:46] block store in file successfully, epoch=6551
2026-09-16T12:10:07.556765902Z I20260916 12:10:07.556638   152 epoch_txn_queue_manager.h:17] All threads reached barrier, epoch: 6553, count: 4
2026-09-16T12:10:07.562808562Z I20260916 12:10:07.562680   143 consensus_control_block.h:289] consensus of epoch=6552 has reach, all vote yes.
2026-09-16T12:10:07.569455228Z I20260916 12:10:07.569329   147 transaction_manager_impl.cpp:120] Total, abort: 9 commit: 1225
2026-09-16T12:10:07.569475746Z I20260916 12:10:07.569353   147 transaction_manager_impl.cpp:62] Finish with epoch id=6552
2026-09-16T12:10:07.580824986Z I20260916 12:10:07.580740    44 block_storage_to_file.cpp:46] block store in file successfully, epoch=6552
2026-09-16T12:10:07.595375006Z I20260916 12:10:07.595291   151 epoch_txn_queue_manager.h:17] All threads reached barrier, epoch: 6554, count: 4
2026-09-16T12:10:07.597922692Z I20260916 12:10:07.597807   143 consensus_control_block.h:289] consensus of epoch=6553 has reach, all vote yes.
2026-09-16T12:10:07.602102143Z I20260916 12:10:07.602026   147 transaction_manager_impl.cpp:120] Total, abort: 0 commit: 565
2026-09-16T12:10:07.602110516Z I20260916 12:10:07.602037   147 transaction_manager_impl.cpp:62] Finish with epoch id=6553
2026-09-16T12:10:07.607205563Z I20260916 12:10:07.607060    44 block_storage_to_file.cpp:46] block store in file successfully, epoch=6553
2026-09-16T12:10:07.659446722Z I20260916 12:10:07.659339   150 epoch_txn_queue_manager.h:17] All threads reached barrier, epoch: 6555, count: 4
2026-09-16T12:10:07.662213194Z I20260916 12:10:07.662118   143 consensus_control_block.h:289] consensus of epoch=6554 has reach, all vote yes.
2026-09-16T12:10:07.664661543Z I20260916 12:10:07.664583   147 transaction_manager_impl.cpp:120] Total, abort: 4 commit: 341
2026-09-16T12:10:07.664670596Z I20260916 12:10:07.664599   147 transaction_manager_impl.cpp:62] Finish with epoch id=6554
2026-09-16T12:10:07.667466949Z I20260916 12:10:07.667366    44 block_storage_to_file.cpp:46] block store in file successfully, epoch=6554
2026-09-16T12:10:07.696079803Z I20260916 12:10:07.695982   151 epoch_txn_queue_manager.h:17] All threads reached barrier, epoch: 6556, count: 4
2026-09-16T12:10:07.699903717Z I20260916 12:10:07.699843   143 consensus_control_block.h:289] consensus of epoch=6555 has reach, all vote yes.
2026-09-16T12:10:07.703432290Z I20260916 12:10:07.703322   147 transaction_manager_impl.cpp:120] Total, abort: 0 commit: 589
2026-09-16T12:10:07.703446018Z I20260916 12:10:07.703336   147 transaction_manager_impl.cpp:62] Finish with epoch id=6555
2026-09-16T12:10:07.708854120Z I20260916 12:10:07.708758    44 block_storage_to_file.cpp:46] block store in file successfully, epoch=6555
2026-09-16T12:10:07.768036539Z I20260916 12:10:07.767977   152 epoch_txn_queue_manager.h:17] All threads reached barrier, epoch: 6557, count: 4
2026-09-16T12:10:07.770068863Z I20260916 12:10:07.769991   143 consensus_control_block.h:289] consensus of epoch=6556 has reach, all vote yes.
2026-09-16T12:10:07.772582112Z I20260916 12:10:07.772466   147 transaction_manager_impl.cpp:120] Total, abort: 4 commit: 314
2026-09-16T12:10:07.772586676Z I20260916 12:10:07.772486   147 transaction_manager_impl.cpp:62] Finish with epoch id=6556
2026-09-16T12:10:07.775823625Z I20260916 12:10:07.775719    44 block_storage_to_file.cpp:46] block store in file successfully, epoch=6556
2026-09-16T12:10:07.789409009Z I20260916 12:10:07.789306   143 consensus_control_block.h:289] consensus of epoch=6557 has reach, all vote yes.
2026-09-16T12:10:07.795562420Z I20260916 12:10:07.795459   149 epoch_txn_queue_manager.h:17] All threads reached barrier, epoch: 6558, count: 4
2026-09-16T12:10:07.799912261Z I20260916 12:10:07.799823   147 transaction_manager_impl.cpp:120] Total, abort: 0 commit: 659
2026-09-16T12:10:07.799925389Z I20260916 12:10:07.799836   147 transaction_manager_impl.cpp:62] Finish with epoch id=6557
2026-09-16T12:10:07.805474399Z I20260916 12:10:07.805337    44 block_storage_to_file.cpp:46] block store in file successfully, epoch=6557
2026-09-16T12:10:07.858769132Z I20260916 12:10:07.858644   152 epoch_txn_queue_manager.h:17] All threads reached barrier, epoch: 6559, count: 4
2026-09-16T12:10:07.860379245Z I20260916 12:10:07.860302   143 consensus_control_block.h:289] consensus of epoch=6558 has reach, all vote yes.
2026-09-16T12:10:07.862340116Z I20260916 12:10:07.862277   147 transaction_manager_impl.cpp:120] Total, abort: 4 commit: 230
2026-09-16T12:10:07.862350334Z I20260916 12:10:07.862293   147 transaction_manager_impl.cpp:62] Finish with epoch id=6558
2026-09-16T12:10:07.864873779Z I20260916 12:10:07.864790    44 block_storage_to_file.cpp:46] block store in file successfully, epoch=6558
2026-09-16T12:10:07.889477701Z [epoch] I20260916 12:10:07.889353     7 chain_client.cpp:83] Sending Request to epoch_server_group at qps=0 latency=0
2026-09-16T12:10:07.919161780Z I20260916 12:10:07.919065   152 epoch_txn_queue_manager.h:17] All threads reached barrier, epoch: 6560, count: 4
2026-09-16T12:10:07.921522370Z I20260916 12:10:07.921404   143 consensus_control_block.h:289] consensus of epoch=6559 has reach, all vote yes.
2026-09-16T12:10:07.926654511Z I20260916 12:10:07.926452   147 transaction_manager_impl.cpp:120] Total, abort: 0 commit: 589
2026-09-16T12:10:07.926675177Z I20260916 12:10:07.926473   147 transaction_manager_impl.cpp:62] Finish with epoch id=6559
2026-09-16T12:10:07.931612585Z I20260916 12:10:07.931501    44 block_storage_to_file.cpp:46] block store in file successfully, epoch=6559
2026-09-16T12:10:07.979353875Z I20260916 12:10:07.979244   143 consensus_control_block.h:289] consensus of epoch=6560 has reach, all vote yes.
2026-09-16T12:10:07.989785357Z I20260916 12:10:07.989562   152 epoch_txn_queue_manager.h:17] All threads reached barrier, epoch: 6561, count: 4
2026-09-16T12:10:07.993536845Z I20260916 12:10:07.993418   147 transaction_manager_impl.cpp:120] Total, abort: 6 commit: 540
2026-09-16T12:10:07.993547119Z I20260916 12:10:07.993432   147 transaction_manager_impl.cpp:62] Finish with epoch id=6560
2026-09-16T12:10:07.998254560Z I20260916 12:10:07.998175    44 block_storage_to_file.cpp:46] block store in file successfully, epoch=6560
2026-09-16T12:10:08.052216617Z I20260916 12:10:08.052110   150 epoch_txn_queue_manager.h:17] All threads reached barrier, epoch: 6562, count: 4
2026-09-16T12:10:08.054948118Z I20260916 12:10:08.054867   143 consensus_control_block.h:289] consensus of epoch=6561 has reach, all vote yes.
2026-09-16T12:10:08.059499924Z I20260916 12:10:08.059381   147 transaction_manager_impl.cpp:120] Total, abort: 3 commit: 636
2026-09-16T12:10:08.059515164Z I20260916 12:10:08.059398   147 transaction_manager_impl.cpp:62] Finish with epoch id=6561
2026-09-16T12:10:08.064740890Z I20260916 12:10:08.064654    44 block_storage_to_file.cpp:46] block store in file successfully, epoch=6561
2026-09-16T12:10:08.119479723Z I20260916 12:10:08.119361   151 epoch_txn_queue_manager.h:17] All threads reached barrier, epoch: 6563, count: 4
2026-09-16T12:10:08.121921906Z I20260916 12:10:08.121785   143 consensus_control_block.h:289] consensus of epoch=6562 has reach, all vote yes.
2026-09-16T12:10:08.125876118Z I20260916 12:10:08.125746   147 transaction_manager_impl.cpp:120] Total, abort: 1 commit: 568
2026-09-16T12:10:08.125899082Z I20260916 12:10:08.125772   147 transaction_manager_impl.cpp:62] Finish with epoch id=6562
2026-09-16T12:10:08.131126785Z I20260916 12:10:08.131031    44 block_storage_to_file.cpp:46] block store in file successfully, epoch=6562
2026-09-16T12:10:08.181909580Z I20260916 12:10:08.181814   143 consensus_control_block.h:289] consensus of epoch=6563 has reach, all vote yes.
2026-09-16T12:10:08.183124678Z I20260916 12:10:08.183049   150 epoch_txn_queue_manager.h:17] All threads reached barrier, epoch: 6564, count: 4
2026-09-16T12:10:08.188724846Z I20260916 12:10:08.188565   147 transaction_manager_impl.cpp:120] Total, abort: 4 commit: 589
2026-09-16T12:10:08.188738998Z I20260916 12:10:08.188596   147 transaction_manager_impl.cpp:62] Finish with epoch id=6563
2026-09-16T12:10:08.194413327Z I20260916 12:10:08.194306    44 block_storage_to_file.cpp:46] block store in file successfully, epoch=6563
2026-09-16T12:10:08.282149522Z I20260916 12:10:08.282060   143 consensus_control_block.h:289] consensus of epoch=6564 has reach, all vote yes.
2026-09-16T12:10:08.294511617Z I20260916 12:10:08.293859   150 epoch_txn_queue_manager.h:17] All threads reached barrier, epoch: 6565, count: 4
2026-09-16T12:10:08.298888929Z I20260916 12:10:08.298774   147 transaction_manager_impl.cpp:120] Total, abort: 2 commit: 588
2026-09-16T12:10:08.298903056Z I20260916 12:10:08.298790   147 transaction_manager_impl.cpp:62] Finish with epoch id=6564
2026-09-16T12:10:08.304264453Z I20260916 12:10:08.304117    44 block_storage_to_file.cpp:46] block store in file successfully, epoch=6564
2026-09-16T12:10:08.354599288Z I20260916 12:10:08.354441   151 epoch_txn_queue_manager.h:17] All threads reached barrier, epoch: 6566, count: 4
2026-09-16T12:10:08.356184825Z I20260916 12:10:08.356094   143 consensus_control_block.h:289] consensus of epoch=6565 has reach, all vote yes.
2026-09-16T12:10:08.362002945Z I20260916 12:10:08.361902   147 transaction_manager_impl.cpp:120] Total, abort: 8 commit: 994
2026-09-16T12:10:08.362018638Z I20260916 12:10:08.361917   147 transaction_manager_impl.cpp:62] Finish with epoch id=6565
2026-09-16T12:10:08.370193335Z I20260916 12:10:08.370107    44 block_storage_to_file.cpp:46] block store in file successfully, epoch=6565
2026-09-16T12:10:08.394901864Z I20260916 12:10:08.394747   151 epoch_txn_queue_manager.h:17] All threads reached barrier, epoch: 6567, count: 4
2026-09-16T12:10:08.397640998Z I20260916 12:10:08.397567   143 consensus_control_block.h:289] consensus of epoch=6566 has reach, all vote yes.
2026-09-16T12:10:08.400795706Z I20260916 12:10:08.400699   147 transaction_manager_impl.cpp:120] Total, abort: 0 commit: 554
2026-09-16T12:10:08.400810820Z I20260916 12:10:08.400712   147 transaction_manager_impl.cpp:62] Finish with epoch id=6566
2026-09-16T12:10:08.405344633Z I20260916 12:10:08.405254    44 block_storage_to_file.cpp:46] block store in file successfully, epoch=6566
2026-09-16T12:10:08.449577147Z I20260916 12:10:08.449479   143 consensus_control_block.h:289] consensus of epoch=6567 has reach, all vote yes.
2026-09-16T12:10:08.450594268Z I20260916 12:10:08.450512   149 epoch_txn_queue_manager.h:17] All threads reached barrier, epoch: 6568, count: 4
2026-09-16T12:10:08.452432108Z I20260916 12:10:08.452343   147 transaction_manager_impl.cpp:120] Total, abort: 4 commit: 364
2026-09-16T12:10:08.452439875Z I20260916 12:10:08.452355   147 transaction_manager_impl.cpp:62] Finish with epoch id=6567
2026-09-16T12:10:08.456065662Z I20260916 12:10:08.455940    44 block_storage_to_file.cpp:46] block store in file successfully, epoch=6567
2026-09-16T12:10:08.495802464Z I20260916 12:10:08.495726   151 epoch_txn_queue_manager.h:17] All threads reached barrier, epoch: 6569, count: 4
2026-09-16T12:10:08.503308547Z I20260916 12:10:08.503206   143 consensus_control_block.h:289] consensus of epoch=6568 has reach, all vote yes.
2026-09-16T12:10:08.505792312Z I20260916 12:10:08.505709   147 transaction_manager_impl.cpp:120] Total, abort: 0 commit: 474
2026-09-16T12:10:08.505805519Z I20260916 12:10:08.505746   147 transaction_manager_impl.cpp:62] Finish with epoch id=6568
2026-09-16T12:10:08.510752709Z I20260916 12:10:08.510649    44 block_storage_to_file.cpp:46] block store in file successfully, epoch=6568
2026-09-16T12:10:08.564024918Z I20260916 12:10:08.563908   152 epoch_txn_queue_manager.h:17] All threads reached barrier, epoch: 6570, count: 4
2026-09-16T12:10:08.565932677Z I20260916 12:10:08.565831   143 consensus_control_block.h:289] consensus of epoch=6569 has reach, all vote yes.
2026-09-16T12:10:08.568652118Z I20260916 12:10:08.568571   147 transaction_manager_impl.cpp:120] Total, abort: 4 commit: 429
2026-09-16T12:10:08.568659118Z I20260916 12:10:08.568589   147 transaction_manager_impl.cpp:62] Finish with epoch id=6569
2026-09-16T12:10:08.572806093Z I20260916 12:10:08.572638    44 block_storage_to_file.cpp:46] block store in file successfully, epoch=6569
2026-09-16T12:10:08.596390568Z I20260916 12:10:08.596283   151 epoch_txn_queue_manager.h:17] All threads reached barrier, epoch: 6571, count: 4
2026-09-16T12:10:08.600121294Z I20260916 12:10:08.599974   143 consensus_control_block.h:289] consensus of epoch=6570 has reach, all vote yes.
2026-09-16T12:10:08.603639376Z I20260916 12:10:08.603561   147 transaction_manager_impl.cpp:120] Total, abort: 0 commit: 593
2026-09-16T12:10:08.603651232Z I20260916 12:10:08.603574   147 transaction_manager_impl.cpp:62] Finish with epoch id=6570
2026-09-16T12:10:08.609105363Z I20260916 12:10:08.609041    44 block_storage_to_file.cpp:46] block store in file successfully, epoch=6570
2026-09-16T12:10:08.648437513Z I20260916 12:10:08.648330   143 consensus_control_block.h:289] consensus of epoch=6571 has reach, all vote yes.
2026-09-16T12:10:08.651754832Z I20260916 12:10:08.651688   149 epoch_txn_queue_manager.h:17] All threads reached barrier, epoch: 6572, count: 4
2026-09-16T12:10:08.654654127Z I20260916 12:10:08.653838   147 transaction_manager_impl.cpp:120] Total, abort: 4 commit: 317
2026-09-16T12:10:08.654664389Z I20260916 12:10:08.653851   147 transaction_manager_impl.cpp:62] Finish with epoch id=6571
2026-09-16T12:10:08.656974172Z I20260916 12:10:08.656881    44 block_storage_to_file.cpp:46] block store in file successfully, epoch=6571
2026-09-16T12:10:08.736593509Z I20260916 12:10:08.736394   143 consensus_control_block.h:289] consensus of epoch=6572 has reach, all vote yes.
2026-09-16T12:10:08.785588701Z I20260916 12:10:08.785468   152 epoch_txn_queue_manager.h:17] All threads reached barrier, epoch: 6573, count: 4
2026-09-16T12:10:08.789777887Z I20260916 12:10:08.789638   147 transaction_manager_impl.cpp:120] Total, abort: 0 commit: 473
2026-09-16T12:10:08.789792643Z I20260916 12:10:08.789683   147 transaction_manager_impl.cpp:62] Finish with epoch id=6572
2026-09-16T12:10:08.794407676Z I20260916 12:10:08.794284    44 block_storage_to_file.cpp:46] block store in file successfully, epoch=6572
2026-09-16T12:10:08.797807746Z I20260916 12:10:08.797708   151 epoch_txn_queue_manager.h:17] All threads reached barrier, epoch: 6574, count: 4
2026-09-16T12:10:08.800757815Z I20260916 12:10:08.800606   143 consensus_control_block.h:289] consensus of epoch=6573 has reach, all vote yes.
2026-09-16T12:10:08.807682240Z I20260916 12:10:08.807557   147 transaction_manager_impl.cpp:120] Total, abort: 6 commit: 1201
2026-09-16T12:10:08.807711582Z I20260916 12:10:08.807579   147 transaction_manager_impl.cpp:62] Finish with epoch id=6573
2026-09-16T12:10:08.818018156Z I20260916 12:10:08.817895    44 block_storage_to_file.cpp:46] block store in file successfully, epoch=6573
2026-09-16T12:10:08.868578415Z I20260916 12:10:08.868244   151 epoch_txn_queue_manager.h:17] All threads reached barrier, epoch: 6575, count: 4
2026-09-16T12:10:08.871721834Z I20260916 12:10:08.871620   143 consensus_control_block.h:289] consensus of epoch=6574 has reach, all vote yes.
2026-09-16T12:10:08.872405583Z I20260916 12:10:08.872310   147 transaction_manager_impl.cpp:120] Total, abort: 3 commit: 133
2026-09-16T12:10:08.872411703Z I20260916 12:10:08.872323   147 transaction_manager_impl.cpp:62] Finish with epoch id=6574
2026-09-16T12:10:08.875217641Z I20260916 12:10:08.875118    44 block_storage_to_file.cpp:46] block store in file successfully, epoch=6574
2026-09-16T12:10:08.889577565Z [epoch] I20260916 12:10:08.889441     7 chain_client.cpp:83] Sending Request to epoch_server_group at qps=0 latency=0
2026-09-16T12:10:08.898520066Z I20260916 12:10:08.898389   151 epoch_txn_queue_manager.h:17] All threads reached barrier, epoch: 6576, count: 4
2026-09-16T12:10:08.900165789Z I20260916 12:10:08.900101   143 consensus_control_block.h:289] consensus of epoch=6575 has reach, all vote yes.
2026-09-16T12:10:08.903073422Z I20260916 12:10:08.903013   147 transaction_manager_impl.cpp:120] Total, abort: 0 commit: 636
2026-09-16T12:10:08.903084178Z I20260916 12:10:08.903028   147 transaction_manager_impl.cpp:62] Finish with epoch id=6575
2026-09-16T12:10:08.908382666Z I20260916 12:10:08.908277    44 block_storage_to_file.cpp:46] block store in file successfully, epoch=6575
2026-09-16T12:10:08.958539907Z I20260916 12:10:08.958446   143 consensus_control_block.h:289] consensus of epoch=6576 has reach, all vote yes.
2026-09-16T12:10:08.964048000Z I20260916 12:10:08.963954   149 epoch_txn_queue_manager.h:17] All threads reached barrier, epoch: 6577, count: 4
2026-09-16T12:10:08.966348103Z I20260916 12:10:08.966199   147 transaction_manager_impl.cpp:120] Total, abort: 4 commit: 274
2026-09-16T12:10:08.966381251Z I20260916 12:10:08.966214   147 transaction_manager_impl.cpp:62] Finish with epoch id=6576
2026-09-16T12:10:08.969209967Z I20260916 12:10:08.969115    44 block_storage_to_file.cpp:46] block store in file successfully, epoch=6576
2026-09-16T12:10:09.010901650Z I20260916 12:10:09.010828   143 consensus_control_block.h:289] consensus of epoch=6577 has reach, all vote yes.
2026-09-16T12:10:09.016922589Z I20260916 12:10:09.016870   152 epoch_txn_queue_manager.h:17] All threads reached barrier, epoch: 6578, count: 4
2026-09-16T12:10:09.021070607Z I20260916 12:10:09.020996   147 transaction_manager_impl.cpp:120] Total, abort: 1 commit: 563
2026-09-16T12:10:09.021082751Z I20260916 12:10:09.021008   147 transaction_manager_impl.cpp:62] Finish with epoch id=6577
2026-09-16T12:10:09.025807513Z I20260916 12:10:09.025672    44 block_storage_to_file.cpp:46] block store in file successfully, epoch=6577
2026-09-16T12:10:09.084152172Z I20260916 12:10:09.084031   143 consensus_control_block.h:289] consensus of epoch=6578 has reach, all vote yes.
2026-09-16T12:10:09.100084586Z I20260916 12:10:09.099910   151 epoch_txn_queue_manager.h:17] All threads reached barrier, epoch: 6579, count: 4
2026-09-16T12:10:09.103174504Z I20260916 12:10:09.103078   147 transaction_manager_impl.cpp:120] Total, abort: 4 commit: 480
2026-09-16T12:10:09.103184656Z I20260916 12:10:09.103091   147 transaction_manager_impl.cpp:62] Finish with epoch id=6578
2026-09-16T12:10:09.108060937Z I20260916 12:10:09.107923    44 block_storage_to_file.cpp:46] block store in file successfully, epoch=6578
2026-09-16T12:10:09.170545385Z I20260916 12:10:09.170439   151 epoch_txn_queue_manager.h:17] All threads reached barrier, epoch: 6580, count: 4
2026-09-16T12:10:09.173223472Z I20260916 12:10:09.173164   143 consensus_control_block.h:289] consensus of epoch=6579 has reach, all vote yes.
2026-09-16T12:10:09.180500620Z I20260916 12:10:09.180358   147 transaction_manager_impl.cpp:120] Total, abort: 4 commit: 769
2026-09-16T12:10:09.180527782Z I20260916 12:10:09.180387   147 transaction_manager_impl.cpp:62] Finish with epoch id=6579
2026-09-16T12:10:09.186518591Z I20260916 12:10:09.186429    44 block_storage_to_file.cpp:46] block store in file successfully, epoch=6579
2026-09-16T12:10:09.193650367Z I20260916 12:10:09.193573   143 consensus_control_block.h:289] consensus of epoch=6580 has reach, all vote yes.
2026-09-16T12:10:09.198264264Z I20260916 12:10:09.198199   152 epoch_txn_queue_manager.h:17] All threads reached barrier, epoch: 6581, count: 4
2026-09-16T12:10:09.202207524Z I20260916 12:10:09.202131   147 transaction_manager_impl.cpp:120] Total, abort: 0 commit: 631
2026-09-16T12:10:09.202216404Z I20260916 12:10:09.202143   147 transaction_manager_impl.cpp:62] Finish with epoch id=6580
2026-09-16T12:10:09.207506364Z I20260916 12:10:09.207401    44 block_storage_to_file.cpp:46] block store in file successfully, epoch=6580
2026-09-16T12:10:09.278694123Z I20260916 12:10:09.278550   150 epoch_txn_queue_manager.h:17] All threads reached barrier, epoch: 6582, count: 4
2026-09-16T12:10:09.297838200Z I20260916 12:10:09.291802   143 consensus_control_block.h:289] consensus of epoch=6581 has reach, all vote yes.
2026-09-16T12:10:09.300888260Z I20260916 12:10:09.300745   147 transaction_manager_impl.cpp:120] Total, abort: 4 commit: 231
2026-09-16T12:10:09.300897051Z I20260916 12:10:09.300767   147 transaction_manager_impl.cpp:62] Finish with epoch id=6581
2026-09-16T12:10:09.304030775Z I20260916 12:10:09.303895    44 block_storage_to_file.cpp:46] block store in file successfully, epoch=6581
2026-09-16T12:10:09.348279566Z I20260916 12:10:09.348217   150 epoch_txn_queue_manager.h:17] All threads reached barrier, epoch: 6583, count: 4
2026-09-16T12:10:09.352519000Z I20260916 12:10:09.352427   143 consensus_control_block.h:289] consensus of epoch=6582 has reach, all vote yes.
2026-09-16T12:10:09.355668618Z I20260916 12:10:09.355536   147 transaction_manager_impl.cpp:120] Total, abort: 0 commit: 624
2026-09-16T12:10:09.355679691Z I20260916 12:10:09.355553   147 transaction_manager_impl.cpp:62] Finish with epoch id=6582
2026-09-16T12:10:09.361183620Z I20260916 12:10:09.361109    44 block_storage_to_file.cpp:46] block store in file successfully, epoch=6582
2026-09-16T12:10:09.438882996Z I20260916 12:10:09.438762   143 consensus_control_block.h:289] consensus of epoch=6583 has reach, all vote yes.
2026-09-16T12:10:09.482935626Z I20260916 12:10:09.482821   152 epoch_txn_queue_manager.h:17] All threads reached barrier, epoch: 6584, count: 4
2026-09-16T12:10:09.486435555Z I20260916 12:10:09.486274   147 transaction_manager_impl.cpp:120] Total, abort: 4 commit: 732
2026-09-16T12:10:09.486448815Z I20260916 12:10:09.486291   147 transaction_manager_impl.cpp:62] Finish with epoch id=6583
2026-09-16T12:10:09.495130730Z I20260916 12:10:09.495040    44 block_storage_to_file.cpp:46] block store in file successfully, epoch=6583
2026-09-16T12:10:09.500618985Z I20260916 12:10:09.500535   143 consensus_control_block.h:289] consensus of epoch=6584 has reach, all vote yes.
2026-09-16T12:10:09.503017830Z I20260916 12:10:09.502949   152 epoch_txn_queue_manager.h:17] All threads reached barrier, epoch: 6585, count: 4
2026-09-16T12:10:09.509063160Z I20260916 12:10:09.508975   147 transaction_manager_impl.cpp:120] Total, abort: 5 commit: 1223
2026-09-16T12:10:09.509074217Z I20260916 12:10:09.508994   147 transaction_manager_impl.cpp:62] Finish with epoch id=6584
2026-09-16T12:10:09.519214265Z I20260916 12:10:09.519115    44 block_storage_to_file.cpp:46] block store in file successfully, epoch=6584
2026-09-16T12:10:09.569719838Z I20260916 12:10:09.569623   150 epoch_txn_queue_manager.h:17] All threads reached barrier, epoch: 6586, count: 4
2026-09-16T12:10:09.572452502Z I20260916 12:10:09.572366   143 consensus_control_block.h:289] consensus of epoch=6585 has reach, all vote yes.
2026-09-16T12:10:09.573364738Z I20260916 12:10:09.573312   147 transaction_manager_impl.cpp:120] Total, abort: 4 commit: 180
2026-09-16T12:10:09.573367142Z I20260916 12:10:09.573328   147 transaction_manager_impl.cpp:62] Finish with epoch id=6585
2026-09-16T12:10:09.575693215Z I20260916 12:10:09.575600    44 block_storage_to_file.cpp:46] block store in file successfully, epoch=6585
2026-09-16T12:10:09.603841134Z I20260916 12:10:09.603732   149 epoch_txn_queue_manager.h:17] All threads reached barrier, epoch: 6587, count: 4
2026-09-16T12:10:09.611114297Z I20260916 12:10:09.610986   143 consensus_control_block.h:289] consensus of epoch=6586 has reach, all vote yes.
2026-09-16T12:10:09.613853347Z I20260916 12:10:09.613757   147 transaction_manager_impl.cpp:120] Total, abort: 1 commit: 590
2026-09-16T12:10:09.613857480Z I20260916 12:10:09.613776   147 transaction_manager_impl.cpp:62] Finish with epoch id=6586
2026-09-16T12:10:09.618981372Z I20260916 12:10:09.618770    44 block_storage_to_file.cpp:46] block store in file successfully, epoch=6586
2026-09-16T12:10:09.692981961Z I20260916 12:10:09.692855   143 consensus_control_block.h:289] consensus of epoch=6587 has reach, all vote yes.
2026-09-16T12:10:09.704817127Z I20260916 12:10:09.704725   152 epoch_txn_queue_manager.h:17] All threads reached barrier, epoch: 6588, count: 4
2026-09-16T12:10:09.707391956Z I20260916 12:10:09.707305   147 transaction_manager_impl.cpp:120] Total, abort: 4 commit: 317
2026-09-16T12:10:09.707416495Z I20260916 12:10:09.707335   147 transaction_manager_impl.cpp:62] Finish with epoch id=6587
2026-09-16T12:10:09.711726883Z I20260916 12:10:09.711637    44 block_storage_to_file.cpp:46] block store in file successfully, epoch=6587
2026-09-16T12:10:09.761560619Z I20260916 12:10:09.761260   150 epoch_txn_queue_manager.h:17] All threads reached barrier, epoch: 6589, count: 4
2026-09-16T12:10:09.763943366Z I20260916 12:10:09.763849   143 consensus_control_block.h:289] consensus of epoch=6588 has reach, all vote yes.
2026-09-16T12:10:09.770093155Z I20260916 12:10:09.769995   147 transaction_manager_impl.cpp:120] Total, abort: 4 commit: 909
2026-09-16T12:10:09.770102974Z I20260916 12:10:09.770013   147 transaction_manager_impl.cpp:62] Finish with epoch id=6588
2026-09-16T12:10:09.777640922Z I20260916 12:10:09.777546    44 block_storage_to_file.cpp:46] block store in file successfully, epoch=6588
2026-09-16T12:10:09.805231592Z I20260916 12:10:09.805152   152 epoch_txn_queue_manager.h:17] All threads reached barrier, epoch: 6590, count: 4
2026-09-16T12:10:09.819495637Z I20260916 12:10:09.819411   143 consensus_control_block.h:289] consensus of epoch=6589 has reach, all vote yes.
2026-09-16T12:10:09.822361119Z I20260916 12:10:09.822281   147 transaction_manager_impl.cpp:120] Total, abort: 0 commit: 496
2026-09-16T12:10:09.822374784Z I20260916 12:10:09.822294   147 transaction_manager_impl.cpp:62] Finish with epoch id=6589
2026-09-16T12:10:09.827344835Z I20260916 12:10:09.827203    44 block_storage_to_file.cpp:46] block store in file successfully, epoch=6589
2026-09-16T12:10:09.877646131Z I20260916 12:10:09.877547   143 consensus_control_block.h:289] consensus of epoch=6590 has reach, all vote yes.
2026-09-16T12:10:09.881009750Z I20260916 12:10:09.880864   151 epoch_txn_queue_manager.h:17] All threads reached barrier, epoch: 6591, count: 4
2026-09-16T12:10:09.883553512Z I20260916 12:10:09.883488   147 transaction_manager_impl.cpp:120] Total, abort: 4 commit: 409
2026-09-16T12:10:09.883567351Z I20260916 12:10:09.883502   147 transaction_manager_impl.cpp:62] Finish with epoch id=6590
2026-09-16T12:10:09.888096402Z I20260916 12:10:09.887849    44 block_storage_to_file.cpp:46] block store in file successfully, epoch=6590
2026-09-16T12:10:09.889651347Z [epoch] I20260916 12:10:09.889533     7 chain_client.cpp:83] Sending Request to epoch_server_group at qps=0 latency=0
2026-09-16T12:10:09.902228596Z I20260916 12:10:09.902073   150 epoch_txn_queue_manager.h:17] All threads reached barrier, epoch: 6592, count: 4
2026-09-16T12:10:09.902927161Z I20260916 12:10:09.902840   143 consensus_control_block.h:289] consensus of epoch=6591 has reach, all vote yes.
2026-09-16T12:10:09.906565027Z I20260916 12:10:09.906481   147 transaction_manager_impl.cpp:120] Total, abort: 0 commit: 655
2026-09-16T12:10:09.906578440Z I20260916 12:10:09.906493   147 transaction_manager_impl.cpp:62] Finish with epoch id=6591
2026-09-16T12:10:09.912353965Z I20260916 12:10:09.912261    44 block_storage_to_file.cpp:46] block store in file successfully, epoch=6591
2026-09-16T12:10:09.956873357Z I20260916 12:10:09.956712   149 epoch_txn_queue_manager.h:17] All threads reached barrier, epoch: 6593, count: 4
2026-09-16T12:10:09.958638970Z I20260916 12:10:09.958480   143 consensus_control_block.h:289] consensus of epoch=6592 has reach, all vote yes.
2026-09-16T12:10:09.960015828Z I20260916 12:10:09.959960   147 transaction_manager_impl.cpp:120] Total, abort: 4 commit: 208
2026-09-16T12:10:09.960019765Z I20260916 12:10:09.959971   147 transaction_manager_impl.cpp:62] Finish with epoch id=6592
2026-09-16T12:10:09.962426139Z I20260916 12:10:09.962319    44 block_storage_to_file.cpp:46] block store in file successfully, epoch=6592
2026-09-16T12:10:10.013033354Z I20260916 12:10:10.012878   150 epoch_txn_queue_manager.h:17] All threads reached barrier, epoch: 6594, count: 4
2026-09-16T12:10:10.015321527Z I20260916 12:10:10.015151   143 consensus_control_block.h:289] consensus of epoch=6593 has reach, all vote yes.
2026-09-16T12:10:10.018452216Z I20260916 12:10:10.018368   147 transaction_manager_impl.cpp:120] Total, abort: 0 commit: 498
2026-09-16T12:10:10.018463211Z I20260916 12:10:10.018380   147 transaction_manager_impl.cpp:62] Finish with epoch id=6593
2026-09-16T12:10:10.022563806Z I20260916 12:10:10.022452    44 block_storage_to_file.cpp:46] block store in file successfully, epoch=6593
2026-09-16T12:10:10.077577182Z I20260916 12:10:10.077443   149 epoch_txn_queue_manager.h:17] All threads reached barrier, epoch: 6595, count: 4
2026-09-16T12:10:10.079169343Z I20260916 12:10:10.079062   143 consensus_control_block.h:289] consensus of epoch=6594 has reach, all vote yes.
2026-09-16T12:10:10.081823489Z I20260916 12:10:10.081740   147 transaction_manager_impl.cpp:120] Total, abort: 4 commit: 500
2026-09-16T12:10:10.081831860Z I20260916 12:10:10.081792   147 transaction_manager_impl.cpp:62] Finish with epoch id=6594
2026-09-16T12:10:10.086887082Z I20260916 12:10:10.086782    44 block_storage_to_file.cpp:46] block store in file successfully, epoch=6594
2026-09-16T12:10:10.140820606Z I20260916 12:10:10.140699   143 consensus_control_block.h:289] consensus of epoch=6595 has reach, all vote yes.
2026-09-16T12:10:10.142982340Z I20260916 12:10:10.142859   151 epoch_txn_queue_manager.h:17] All threads reached barrier, epoch: 6596, count: 4
2026-09-16T12:10:10.147266115Z I20260916 12:10:10.147146   147 transaction_manager_impl.cpp:120] Total, abort: 0 commit: 589
2026-09-16T12:10:10.147278171Z I20260916 12:10:10.147161   147 transaction_manager_impl.cpp:62] Finish with epoch id=6595
2026-09-16T12:10:10.153364993Z I20260916 12:10:10.153250    44 block_storage_to_file.cpp:46] block store in file successfully, epoch=6595
2026-09-16T12:10:10.241301275Z I20260916 12:10:10.241160   143 consensus_control_block.h:289] consensus of epoch=6596 has reach, all vote yes.
2026-09-16T12:10:10.279541418Z I20260916 12:10:10.279397   149 epoch_txn_queue_manager.h:17] All threads reached barrier, epoch: 6597, count: 4
2026-09-16T12:10:10.283289045Z I20260916 12:10:10.283167   147 transaction_manager_impl.cpp:120] Total, abort: 5 commit: 563
2026-09-16T12:10:10.283303468Z I20260916 12:10:10.283195   147 transaction_manager_impl.cpp:62] Finish with epoch id=6596
2026-09-16T12:10:10.287923522Z I20260916 12:10:10.287829    44 block_storage_to_file.cpp:46] block store in file successfully, epoch=6596
2026-09-16T12:10:10.305027193Z I20260916 12:10:10.304893   150 epoch_txn_queue_manager.h:17] All threads reached barrier, epoch: 6598, count: 4
2026-09-16T12:10:10.306586113Z I20260916 12:10:10.306497   143 consensus_control_block.h:289] consensus of epoch=6597 has reach, all vote yes.
2026-09-16T12:10:10.312660434Z I20260916 12:10:10.312567   147 transaction_manager_impl.cpp:120] Total, abort: 6 commit: 1246
2026-09-16T12:10:10.312673924Z I20260916 12:10:10.312582   147 transaction_manager_impl.cpp:62] Finish with epoch id=6597
2026-09-16T12:10:10.322437316Z I20260916 12:10:10.322283    44 block_storage_to_file.cpp:46] block store in file successfully, epoch=6597
2026-09-16T12:10:10.370094189Z I20260916 12:10:10.369993   149 epoch_txn_queue_manager.h:17] All threads reached barrier, epoch: 6599, count: 4
2026-09-16T12:10:10.371397414Z I20260916 12:10:10.371330   143 consensus_control_block.h:289] consensus of epoch=6598 has reach, all vote yes.
2026-09-16T12:10:10.372682827Z I20260916 12:10:10.372608   147 transaction_manager_impl.cpp:120] Total, abort: 4 commit: 221
2026-09-16T12:10:10.372687832Z I20260916 12:10:10.372628   147 transaction_manager_impl.cpp:62] Finish with epoch id=6598
2026-09-16T12:10:10.375396172Z I20260916 12:10:10.375164    44 block_storage_to_file.cpp:46] block store in file successfully, epoch=6598
2026-09-16T12:10:10.405603279Z I20260916 12:10:10.405526   150 epoch_txn_queue_manager.h:17] All threads reached barrier, epoch: 6600, count: 4
2026-09-16T12:10:10.410435377Z I20260916 12:10:10.410356   143 consensus_control_block.h:289] consensus of epoch=6599 has reach, all vote yes.
2026-09-16T12:10:10.413418822Z I20260916 12:10:10.413339   147 transaction_manager_impl.cpp:120] Total, abort: 0 commit: 597
2026-09-16T12:10:10.413426033Z I20260916 12:10:10.413357   147 transaction_manager_impl.cpp:62] Finish with epoch id=6599
2026-09-16T12:10:10.418487127Z I20260916 12:10:10.418403    44 block_storage_to_file.cpp:46] block store in file successfully, epoch=6599
2026-09-16T12:10:10.494874501Z I20260916 12:10:10.494751   143 consensus_control_block.h:289] consensus of epoch=6600 has reach, all vote yes.
2026-09-16T12:10:10.506457258Z I20260916 12:10:10.506384   150 epoch_txn_queue_manager.h:17] All threads reached barrier, epoch: 6601, count: 4
2026-09-16T12:10:10.509133841Z I20260916 12:10:10.509014   147 transaction_manager_impl.cpp:120] Total, abort: 4 commit: 314
2026-09-16T12:10:10.509143837Z I20260916 12:10:10.509042   147 transaction_manager_impl.cpp:62] Finish with epoch id=6600
2026-09-16T12:10:10.512447758Z I20260916 12:10:10.512341    44 block_storage_to_file.cpp:46] block store in file successfully, epoch=6600
2026-09-16T12:10:10.582228186Z I20260916 12:10:10.582093   149 epoch_txn_queue_manager.h:17] All threads reached barrier, epoch: 6602, count: 4
2026-09-16T12:10:10.584155217Z I20260916 12:10:10.584031   143 consensus_control_block.h:289] consensus of epoch=6601 has reach, all vote yes.
2026-09-16T12:10:10.589045494Z I20260916 12:10:10.588943   147 transaction_manager_impl.cpp:120] Total, abort: 4 commit: 907
2026-09-16T12:10:10.589068681Z I20260916 12:10:10.588994   147 transaction_manager_impl.cpp:62] Finish with epoch id=6601
2026-09-16T12:10:10.596937294Z I20260916 12:10:10.596787    44 block_storage_to_file.cpp:46] block store in file successfully, epoch=6601
2026-09-16T12:10:10.607081446Z I20260916 12:10:10.606962   150 epoch_txn_queue_manager.h:17] All threads reached barrier, epoch: 6603, count: 4
2026-09-16T12:10:10.609948828Z I20260916 12:10:10.609856   143 consensus_control_block.h:289] consensus of epoch=6602 has reach, all vote yes.
2026-09-16T12:10:10.613779364Z I20260916 12:10:10.613660   147 transaction_manager_impl.cpp:120] Total, abort: 0 commit: 682
2026-09-16T12:10:10.613796142Z I20260916 12:10:10.613675   147 transaction_manager_impl.cpp:62] Finish with epoch id=6602
2026-09-16T12:10:10.619352441Z I20260916 12:10:10.619246    44 block_storage_to_file.cpp:46] block store in file successfully, epoch=6602
2026-09-16T12:10:10.667766792Z I20260916 12:10:10.667647   150 epoch_txn_queue_manager.h:17] All threads reached barrier, epoch: 6604, count: 4
2026-09-16T12:10:10.670171524Z I20260916 12:10:10.670058   143 consensus_control_block.h:289] consensus of epoch=6603 has reach, all vote yes.
2026-09-16T12:10:10.671935155Z I20260916 12:10:10.671857   147 transaction_manager_impl.cpp:120] Total, abort: 4 commit: 224
2026-09-16T12:10:10.671941714Z I20260916 12:10:10.671869   147 transaction_manager_impl.cpp:62] Finish with epoch id=6603
2026-09-16T12:10:10.674453820Z I20260916 12:10:10.674332    44 block_storage_to_file.cpp:46] block store in file successfully, epoch=6603
2026-09-16T12:10:10.708084815Z I20260916 12:10:10.707836   150 epoch_txn_queue_manager.h:17] All threads reached barrier, epoch: 6605, count: 4
2026-09-16T12:10:10.709136647Z I20260916 12:10:10.709030   143 consensus_control_block.h:289] consensus of epoch=6604 has reach, all vote yes.
2026-09-16T12:10:10.712798323Z I20260916 12:10:10.712554   147 transaction_manager_impl.cpp:120] Total, abort: 0 commit: 546
2026-09-16T12:10:10.712813725Z I20260916 12:10:10.712568   147 transaction_manager_impl.cpp:62] Finish with epoch id=6604
2026-09-16T12:10:10.717935108Z I20260916 12:10:10.717835    44 block_storage_to_file.cpp:46] block store in file successfully, epoch=6604
2026-09-16T12:10:10.763372703Z I20260916 12:10:10.763165   149 epoch_txn_queue_manager.h:17] All threads reached barrier, epoch: 6606, count: 4
2026-09-16T12:10:10.764025021Z I20260916 12:10:10.763952   143 consensus_control_block.h:289] consensus of epoch=6605 has reach, all vote yes.
2026-09-16T12:10:10.765808542Z I20260916 12:10:10.765606   147 transaction_manager_impl.cpp:120] Total, abort: 5 commit: 359
2026-09-16T12:10:10.765818024Z I20260916 12:10:10.765656   147 transaction_manager_impl.cpp:62] Finish with epoch id=6605
2026-09-16T12:10:10.768983082Z I20260916 12:10:10.768857    44 block_storage_to_file.cpp:46] block store in file successfully, epoch=6605
2026-09-16T12:10:10.819161231Z I20260916 12:10:10.819015   143 consensus_control_block.h:289] consensus of epoch=6606 has reach, all vote yes.
2026-09-16T12:10:10.823569584Z I20260916 12:10:10.823498   149 epoch_txn_queue_manager.h:17] All threads reached barrier, epoch: 6607, count: 4
2026-09-16T12:10:10.827326518Z I20260916 12:10:10.827203   147 transaction_manager_impl.cpp:120] Total, abort: 0 commit: 501
2026-09-16T12:10:10.827343220Z I20260916 12:10:10.827225   147 transaction_manager_impl.cpp:62] Finish with epoch id=6606
2026-09-16T12:10:10.832131495Z I20260916 12:10:10.832017    44 block_storage_to_file.cpp:46] block store in file successfully, epoch=6606
2026-09-16T12:10:10.889797672Z [epoch] I20260916 12:10:10.889592     7 chain_client.cpp:83] Sending Request to epoch_server_group at qps=0 latency=0
2026-09-16T12:10:10.895935329Z I20260916 12:10:10.895864   143 consensus_control_block.h:289] consensus of epoch=6607 has reach, all vote yes.
2026-09-16T12:10:10.911023654Z I20260916 12:10:10.910722   151 epoch_txn_queue_manager.h:17] All threads reached barrier, epoch: 6608, count: 4
2026-09-16T12:10:10.914714735Z I20260916 12:10:10.914631   147 transaction_manager_impl.cpp:120] Total, abort: 4 commit: 542
2026-09-16T12:10:10.914727517Z I20260916 12:10:10.914644   147 transaction_manager_impl.cpp:62] Finish with epoch id=6607
2026-09-16T12:10:10.919517580Z I20260916 12:10:10.919435    44 block_storage_to_file.cpp:46] block store in file successfully, epoch=6607
2026-09-16T12:10:10.973604433Z I20260916 12:10:10.973526   152 epoch_txn_queue_manager.h:17] All threads reached barrier, epoch: 6609, count: 4
2026-09-16T12:10:10.976803085Z I20260916 12:10:10.976687   143 consensus_control_block.h:289] consensus of epoch=6608 has reach, all vote yes.
2026-09-16T12:10:10.979969924Z I20260916 12:10:10.979892   147 transaction_manager_impl.cpp:120] Total, abort: 4 commit: 749
2026-09-16T12:10:10.979980917Z I20260916 12:10:10.979910   147 transaction_manager_impl.cpp:62] Finish with epoch id=6608
2026-09-16T12:10:10.985843851Z I20260916 12:10:10.985762    44 block_storage_to_file.cpp:46] block store in file successfully, epoch=6608
2026-09-16T12:10:11.003939509Z I20260916 12:10:11.003825   152 epoch_txn_queue_manager.h:17] All threads reached barrier, epoch: 6610, count: 4
2026-09-16T12:10:11.010915086Z I20260916 12:10:11.010788   143 consensus_control_block.h:289] consensus of epoch=6609 has reach, all vote yes.
2026-09-16T12:10:11.014074310Z I20260916 12:10:11.014005   147 transaction_manager_impl.cpp:120] Total, abort: 0 commit: 600
2026-09-16T12:10:11.014086603Z I20260916 12:10:11.014016   147 transaction_manager_impl.cpp:62] Finish with epoch id=6609
2026-09-16T12:10:11.019141071Z I20260916 12:10:11.019053    44 block_storage_to_file.cpp:46] block store in file successfully, epoch=6609
2026-09-16T12:10:11.096400172Z I20260916 12:10:11.096313   143 consensus_control_block.h:289] consensus of epoch=6610 has reach, all vote yes.
2026-09-16T12:10:11.104763035Z I20260916 12:10:11.104671   152 epoch_txn_queue_manager.h:17] All threads reached barrier, epoch: 6611, count: 4
2026-09-16T12:10:11.106735524Z I20260916 12:10:11.106675   147 transaction_manager_impl.cpp:120] Total, abort: 4 commit: 277
2026-09-16T12:10:11.106741631Z I20260916 12:10:11.106693   147 transaction_manager_impl.cpp:62] Finish with epoch id=6610
2026-09-16T12:10:11.109785474Z I20260916 12:10:11.109490    44 block_storage_to_file.cpp:46] block store in file successfully, epoch=6610
2026-09-16T12:10:11.171687374Z I20260916 12:10:11.171595   150 epoch_txn_queue_manager.h:17] All threads reached barrier, epoch: 6612, count: 4
2026-09-16T12:10:11.173900451Z I20260916 12:10:11.173863   143 consensus_control_block.h:289] consensus of epoch=6611 has reach, all vote yes.
2026-09-16T12:10:11.178628062Z I20260916 12:10:11.178530   147 transaction_manager_impl.cpp:120] Total, abort: 4 commit: 902
2026-09-16T12:10:11.178634299Z I20260916 12:10:11.178551   147 transaction_manager_impl.cpp:62] Finish with epoch id=6611
2026-09-16T12:10:11.185727724Z I20260916 12:10:11.185627    44 block_storage_to_file.cpp:46] block store in file successfully, epoch=6611
2026-09-16T12:10:11.205201288Z I20260916 12:10:11.205124   152 epoch_txn_queue_manager.h:17] All threads reached barrier, epoch: 6613, count: 4
2026-09-16T12:10:11.218048471Z I20260916 12:10:11.217957   143 consensus_control_block.h:289] consensus of epoch=6612 has reach, all vote yes.
2026-09-16T12:10:11.220929155Z I20260916 12:10:11.220855   147 transaction_manager_impl.cpp:120] Total, abort: 0 commit: 613
2026-09-16T12:10:11.220936186Z I20260916 12:10:11.220867   147 transaction_manager_impl.cpp:62] Finish with epoch id=6612
2026-09-16T12:10:11.226020034Z I20260916 12:10:11.225926    44 block_storage_to_file.cpp:46] block store in file successfully, epoch=6612
2026-09-16T12:10:11.276190817Z I20260916 12:10:11.276075   152 epoch_txn_queue_manager.h:17] All threads reached barrier, epoch: 6614, count: 4
2026-09-16T12:10:11.279452890Z I20260916 12:10:11.279366   143 consensus_control_block.h:289] consensus of epoch=6613 has reach, all vote yes.
2026-09-16T12:10:11.281167895Z I20260916 12:10:11.281111   147 transaction_manager_impl.cpp:120] Total, abort: 4 commit: 299
2026-09-16T12:10:11.281173118Z I20260916 12:10:11.281122   147 transaction_manager_impl.cpp:62] Finish with epoch id=6613
2026-09-16T12:10:11.284115703Z I20260916 12:10:11.284003    44 block_storage_to_file.cpp:46] block store in file successfully, epoch=6613
2026-09-16T12:10:11.306055386Z I20260916 12:10:11.305948   152 epoch_txn_queue_manager.h:17] All threads reached barrier, epoch: 6615, count: 4
2026-09-16T12:10:11.308857960Z I20260916 12:10:11.308692   143 consensus_control_block.h:289] consensus of epoch=6614 has reach, all vote yes.
2026-09-16T12:10:11.312289673Z I20260916 12:10:11.312196   147 transaction_manager_impl.cpp:120] Total, abort: 0 commit: 635
2026-09-16T12:10:11.312303845Z I20260916 12:10:11.312215   147 transaction_manager_impl.cpp:62] Finish with epoch id=6614
2026-09-16T12:10:11.317752481Z I20260916 12:10:11.317647    44 block_storage_to_file.cpp:46] block store in file successfully, epoch=6614
2026-09-16T12:10:11.363775593Z I20260916 12:10:11.363649   151 epoch_txn_queue_manager.h:17] All threads reached barrier, epoch: 6616, count: 4
2026-09-16T12:10:11.365408787Z I20260916 12:10:11.365329   143 consensus_control_block.h:289] consensus of epoch=6615 has reach, all vote yes.
2026-09-16T12:10:11.367912277Z I20260916 12:10:11.367198   147 transaction_manager_impl.cpp:120] Total, abort: 4 commit: 272
2026-09-16T12:10:11.367933585Z I20260916 12:10:11.367218   147 transaction_manager_impl.cpp:62] Finish with epoch id=6615
2026-09-16T12:10:11.370095144Z I20260916 12:10:11.369917    44 block_storage_to_file.cpp:46] block store in file successfully, epoch=6615
2026-09-16T12:10:11.424661006Z I20260916 12:10:11.424513   151 epoch_txn_queue_manager.h:17] All threads reached barrier, epoch: 6617, count: 4
2026-09-16T12:10:11.427552527Z I20260916 12:10:11.427449   143 consensus_control_block.h:289] consensus of epoch=6616 has reach, all vote yes.
2026-09-16T12:10:11.430752307Z I20260916 12:10:11.430642   147 transaction_manager_impl.cpp:120] Total, abort: 0 commit: 520
2026-09-16T12:10:11.430764028Z I20260916 12:10:11.430662   147 transaction_manager_impl.cpp:62] Finish with epoch id=6616
2026-09-16T12:10:11.435309562Z I20260916 12:10:11.435205    44 block_storage_to_file.cpp:46] block store in file successfully, epoch=6616
2026-09-16T12:10:11.497428440Z I20260916 12:10:11.497356   143 consensus_control_block.h:289] consensus of epoch=6617 has reach, all vote yes.
2026-09-16T12:10:11.507601499Z I20260916 12:10:11.507498   152 epoch_txn_queue_manager.h:17] All threads reached barrier, epoch: 6618, count: 4
2026-09-16T12:10:11.511482549Z I20260916 12:10:11.511395   147 transaction_manager_impl.cpp:120] Total, abort: 4 commit: 545
2026-09-16T12:10:11.511501920Z I20260916 12:10:11.511412   147 transaction_manager_impl.cpp:62] Finish with epoch id=6617
2026-09-16T12:10:11.516030997Z I20260916 12:10:11.515928    44 block_storage_to_file.cpp:46] block store in file successfully, epoch=6617
2026-09-16T12:10:11.565116991Z I20260916 12:10:11.564991   151 epoch_txn_queue_manager.h:17] All threads reached barrier, epoch: 6619, count: 4
2026-09-16T12:10:11.571010011Z I20260916 12:10:11.570899   143 consensus_control_block.h:289] consensus of epoch=6618 has reach, all vote yes.
2026-09-16T12:10:11.577351833Z I20260916 12:10:11.576190   147 transaction_manager_impl.cpp:120] Total, abort: 4 commit: 747
2026-09-16T12:10:11.577365809Z I20260916 12:10:11.576210   147 transaction_manager_impl.cpp:62] Finish with epoch id=6618
2026-09-16T12:10:11.583563845Z I20260916 12:10:11.583443    44 block_storage_to_file.cpp:46] block store in file successfully, epoch=6618
2026-09-16T12:10:11.625634042Z I20260916 12:10:11.625514   151 epoch_txn_queue_manager.h:17] All threads reached barrier, epoch: 6620, count: 4
2026-09-16T12:10:11.627657623Z I20260916 12:10:11.627596   143 consensus_control_block.h:289] consensus of epoch=6619 has reach, all vote yes.
2026-09-16T12:10:11.630679509Z I20260916 12:10:11.629897   147 transaction_manager_impl.cpp:120] Total, abort: 0 commit: 524
2026-09-16T12:10:11.630691541Z I20260916 12:10:11.629910   147 transaction_manager_impl.cpp:62] Finish with epoch id=6619
2026-09-16T12:10:11.634543055Z I20260916 12:10:11.634433    44 block_storage_to_file.cpp:46] block store in file successfully, epoch=6619
2026-09-16T12:10:11.688973814Z I20260916 12:10:11.688735   152 epoch_txn_queue_manager.h:17] All threads reached barrier, epoch: 6621, count: 4
2026-09-16T12:10:11.691037402Z I20260916 12:10:11.690924   143 consensus_control_block.h:289] consensus of epoch=6620 has reach, all vote yes.
2026-09-16T12:10:11.695269431Z I20260916 12:10:11.695186   147 transaction_manager_impl.cpp:120] Total, abort: 4 commit: 541
2026-09-16T12:10:11.695288789Z I20260916 12:10:11.695199   147 transaction_manager_impl.cpp:62] Finish with epoch id=6620
2026-09-16T12:10:11.699673893Z I20260916 12:10:11.699554    44 block_storage_to_file.cpp:46] block store in file successfully, epoch=6620
2026-09-16T12:10:11.745665229Z I20260916 12:10:11.745585   143 consensus_control_block.h:289] consensus of epoch=6621 has reach, all vote yes.
2026-09-16T12:10:11.809851043Z I20260916 12:10:11.809741   152 epoch_txn_queue_manager.h:17] All threads reached barrier, epoch: 6622, count: 4
2026-09-16T12:10:11.814921016Z I20260916 12:10:11.814772   147 transaction_manager_impl.cpp:120] Total, abort: 4 commit: 570
2026-09-16T12:10:11.814937171Z I20260916 12:10:11.814793   147 transaction_manager_impl.cpp:62] Finish with epoch id=6621
2026-09-16T12:10:11.820401058Z I20260916 12:10:11.820264    44 block_storage_to_file.cpp:46] block store in file successfully, epoch=6621
2026-09-16T12:10:11.877332874Z I20260916 12:10:11.877215   151 epoch_txn_queue_manager.h:17] All threads reached barrier, epoch: 6623, count: 4
2026-09-16T12:10:11.881498389Z I20260916 12:10:11.881366   143 consensus_control_block.h:289] consensus of epoch=6622 has reach, all vote yes.
2026-09-16T12:10:11.887599281Z I20260916 12:10:11.887521   147 transaction_manager_impl.cpp:120] Total, abort: 5 commit: 1086
2026-09-16T12:10:11.887613144Z I20260916 12:10:11.887558   147 transaction_manager_impl.cpp:62] Finish with epoch id=6622
2026-09-16T12:10:11.889896697Z [epoch] I20260916 12:10:11.889737     7 chain_client.cpp:83] Sending Request to epoch_server_group at qps=0 latency=0
2026-09-16T12:10:11.897022736Z I20260916 12:10:11.896936    44 block_storage_to_file.cpp:46] block store in file successfully, epoch=6622
2026-09-16T12:10:11.910659695Z I20260916 12:10:11.910478   152 epoch_txn_queue_manager.h:17] All threads reached barrier, epoch: 6624, count: 4
2026-09-16T12:10:11.912003648Z I20260916 12:10:11.911942   143 consensus_control_block.h:289] consensus of epoch=6623 has reach, all vote yes.
2026-09-16T12:10:11.916242348Z I20260916 12:10:11.916147   147 transaction_manager_impl.cpp:120] Total, abort: 0 commit: 611
2026-09-16T12:10:11.916254886Z I20260916 12:10:11.916162   147 transaction_manager_impl.cpp:62] Finish with epoch id=6623
2026-09-16T12:10:11.921433882Z I20260916 12:10:11.921343    44 block_storage_to_file.cpp:46] block store in file successfully, epoch=6623
2026-09-16T12:10:11.980858129Z I20260916 12:10:11.980788   152 epoch_txn_queue_manager.h:17] All threads reached barrier, epoch: 6625, count: 4
2026-09-16T12:10:11.984077368Z I20260916 12:10:11.984001   143 consensus_control_block.h:289] consensus of epoch=6624 has reach, all vote yes.
2026-09-16T12:10:11.986123955Z I20260916 12:10:11.986042   147 transaction_manager_impl.cpp:120] Total, abort: 4 commit: 296
2026-09-16T12:10:11.986134248Z I20260916 12:10:11.986056   147 transaction_manager_impl.cpp:62] Finish with epoch id=6624
2026-09-16T12:10:11.988736544Z I20260916 12:10:11.988601    44 block_storage_to_file.cpp:46] block store in file successfully, epoch=6624
2026-09-16T12:10:12.011073278Z I20260916 12:10:12.010996   152 epoch_txn_queue_manager.h:17] All threads reached barrier, epoch: 6626, count: 4
2026-09-16T12:10:12.014346680Z I20260916 12:10:12.014178   143 consensus_control_block.h:289] consensus of epoch=6625 has reach, all vote yes.
2026-09-16T12:10:12.018574193Z I20260916 12:10:12.018473   147 transaction_manager_impl.cpp:120] Total, abort: 0 commit: 634
2026-09-16T12:10:12.018587551Z I20260916 12:10:12.018494   147 transaction_manager_impl.cpp:62] Finish with epoch id=6625
2026-09-16T12:10:12.024258347Z I20260916 12:10:12.024154    44 block_storage_to_file.cpp:46] block store in file successfully, epoch=6625
2026-09-16T12:10:12.068858921Z I20260916 12:10:12.068679   151 epoch_txn_queue_manager.h:17] All threads reached barrier, epoch: 6627, count: 4
2026-09-16T12:10:12.070476213Z I20260916 12:10:12.070400   143 consensus_control_block.h:289] consensus of epoch=6626 has reach, all vote yes.
2026-09-16T12:10:12.072605286Z I20260916 12:10:12.072492   147 transaction_manager_impl.cpp:120] Total, abort: 4 commit: 272
2026-09-16T12:10:12.072612596Z I20260916 12:10:12.072518   147 transaction_manager_impl.cpp:62] Finish with epoch id=6626
2026-09-16T12:10:12.075863791Z I20260916 12:10:12.075775    44 block_storage_to_file.cpp:46] block store in file successfully, epoch=6626
2026-09-16T12:10:12.129396386Z I20260916 12:10:12.129091   151 epoch_txn_queue_manager.h:17] All threads reached barrier, epoch: 6628, count: 4
2026-09-16T12:10:12.133506882Z I20260916 12:10:12.133407   143 consensus_control_block.h:289] consensus of epoch=6627 has reach, all vote yes.
2026-09-16T12:10:12.137620038Z I20260916 12:10:12.136948   147 transaction_manager_impl.cpp:120] Total, abort: 0 commit: 520
2026-09-16T12:10:12.137635854Z I20260916 12:10:12.136965   147 transaction_manager_impl.cpp:62] Finish with epoch id=6627
2026-09-16T12:10:12.142054535Z I20260916 12:10:12.141923    44 block_storage_to_file.cpp:46] block store in file successfully, epoch=6627
2026-09-16T12:10:12.192569935Z I20260916 12:10:12.192453   152 epoch_txn_queue_manager.h:17] All threads reached barrier, epoch: 6629, count: 4
2026-09-16T12:10:12.194372798Z I20260916 12:10:12.194296   143 consensus_control_block.h:289] consensus of epoch=6628 has reach, all vote yes.
2026-09-16T12:10:12.201299869Z I20260916 12:10:12.201203   147 transaction_manager_impl.cpp:120] Total, abort: 4 commit: 545
2026-09-16T12:10:12.201314548Z I20260916 12:10:12.201217   147 transaction_manager_impl.cpp:62] Finish with epoch id=6628
2026-09-16T12:10:12.205616291Z I20260916 12:10:12.205566    44 block_storage_to_file.cpp:46] block store in file successfully, epoch=6628
2026-09-16T12:10:12.294722275Z I20260916 12:10:12.294624   143 consensus_control_block.h:289] consensus of epoch=6629 has reach, all vote yes.
2026-09-16T12:10:12.310701581Z I20260916 12:10:12.310596   151 epoch_txn_queue_manager.h:17] All threads reached barrier, epoch: 6630, count: 4
2026-09-16T12:10:12.315889080Z I20260916 12:10:12.315688   147 transaction_manager_impl.cpp:120] Total, abort: 4 commit: 567
2026-09-16T12:10:12.316796478Z I20260916 12:10:12.315809   147 transaction_manager_impl.cpp:62] Finish with epoch id=6629
2026-09-16T12:10:12.321371107Z I20260916 12:10:12.321193    44 block_storage_to_file.cpp:46] block store in file successfully, epoch=6629
2026-09-16T12:10:12.374052432Z I20260916 12:10:12.373947   152 epoch_txn_queue_manager.h:17] All threads reached barrier, epoch: 6631, count: 4
2026-09-16T12:10:12.377953468Z I20260916 12:10:12.377871   143 consensus_control_block.h:289] consensus of epoch=6630 has reach, all vote yes.
2026-09-16T12:10:12.383596192Z I20260916 12:10:12.383457   147 transaction_manager_impl.cpp:120] Total, abort: 5 commit: 1063
2026-09-16T12:10:12.383618002Z I20260916 12:10:12.383476   147 transaction_manager_impl.cpp:62] Finish with epoch id=6630
2026-09-16T12:10:12.392716643Z I20260916 12:10:12.392591    44 block_storage_to_file.cpp:46] block store in file successfully, epoch=6630
2026-09-16T12:10:12.411370518Z I20260916 12:10:12.411222   151 epoch_txn_queue_manager.h:17] All threads reached barrier, epoch: 6632, count: 4
2026-09-16T12:10:12.414145287Z I20260916 12:10:12.414044   143 consensus_control_block.h:289] consensus of epoch=6631 has reach, all vote yes.
2026-09-16T12:10:12.417513888Z I20260916 12:10:12.417423   147 transaction_manager_impl.cpp:120] Total, abort: 0 commit: 566
2026-09-16T12:10:12.417521661Z I20260916 12:10:12.417447   147 transaction_manager_impl.cpp:62] Finish with epoch id=6631
2026-09-16T12:10:12.422453231Z I20260916 12:10:12.422374    44 block_storage_to_file.cpp:46] block store in file successfully, epoch=6631
2026-09-16T12:10:12.474506133Z I20260916 12:10:12.474409   152 epoch_txn_queue_manager.h:17] All threads reached barrier, epoch: 6633, count: 4
2026-09-16T12:10:12.477575712Z I20260916 12:10:12.477470   143 consensus_control_block.h:289] consensus of epoch=6632 has reach, all vote yes.
2026-09-16T12:10:12.480258348Z I20260916 12:10:12.480196   147 transaction_manager_impl.cpp:120] Total, abort: 4 commit: 342
2026-09-16T12:10:12.480267101Z I20260916 12:10:12.480219   147 transaction_manager_impl.cpp:62] Finish with epoch id=6632
2026-09-16T12:10:12.483410279Z I20260916 12:10:12.483240    44 block_storage_to_file.cpp:46] block store in file successfully, epoch=6632
2026-09-16T12:10:12.511933281Z I20260916 12:10:12.511775   151 epoch_txn_queue_manager.h:17] All threads reached barrier, epoch: 6634, count: 4
2026-09-16T12:10:12.516389878Z I20260916 12:10:12.516299   143 consensus_control_block.h:289] consensus of epoch=6633 has reach, all vote yes.
2026-09-16T12:10:12.520553522Z I20260916 12:10:12.519915   147 transaction_manager_impl.cpp:120] Total, abort: 1 commit: 565
2026-09-16T12:10:12.520559160Z I20260916 12:10:12.519932   147 transaction_manager_impl.cpp:62] Finish with epoch id=6633
2026-09-16T12:10:12.525778190Z I20260916 12:10:12.525635    44 block_storage_to_file.cpp:46] block store in file successfully, epoch=6633
2026-09-16T12:10:12.582556128Z I20260916 12:10:12.582484   151 epoch_txn_queue_manager.h:17] All threads reached barrier, epoch: 6635, count: 4
2026-09-16T12:10:12.585859759Z I20260916 12:10:12.585759   143 consensus_control_block.h:289] consensus of epoch=6634 has reach, all vote yes.
2026-09-16T12:10:12.588456281Z I20260916 12:10:12.588373   147 transaction_manager_impl.cpp:120] Total, abort: 5 commit: 340
2026-09-16T12:10:12.588464685Z I20260916 12:10:12.588392   147 transaction_manager_impl.cpp:62] Finish with epoch id=6634
2026-09-16T12:10:12.591563290Z I20260916 12:10:12.591470    44 block_storage_to_file.cpp:46] block store in file successfully, epoch=6634
2026-09-16T12:10:12.612990736Z I20260916 12:10:12.612898   151 epoch_txn_queue_manager.h:17] All threads reached barrier, epoch: 6636, count: 4
2026-09-16T12:10:12.616366517Z I20260916 12:10:12.616144   143 consensus_control_block.h:289] consensus of epoch=6635 has reach, all vote yes.
2026-09-16T12:10:12.620198709Z I20260916 12:10:12.620119   147 transaction_manager_impl.cpp:120] Total, abort: 0 commit: 631
2026-09-16T12:10:12.620210395Z I20260916 12:10:12.620133   147 transaction_manager_impl.cpp:62] Finish with epoch id=6635
2026-09-16T12:10:12.625460147Z I20260916 12:10:12.625294    44 block_storage_to_file.cpp:46] block store in file successfully, epoch=6635
2026-09-16T12:10:12.665989922Z I20260916 12:10:12.665906   152 epoch_txn_queue_manager.h:17] All threads reached barrier, epoch: 6637, count: 4
2026-09-16T12:10:12.668613700Z I20260916 12:10:12.668501   143 consensus_control_block.h:289] consensus of epoch=6636 has reach, all vote yes.
2026-09-16T12:10:12.670816447Z I20260916 12:10:12.670725   147 transaction_manager_impl.cpp:120] Total, abort: 4 commit: 274
2026-09-16T12:10:12.670825345Z I20260916 12:10:12.670747   147 transaction_manager_impl.cpp:62] Finish with epoch id=6636
2026-09-16T12:10:12.673283887Z I20260916 12:10:12.673206    44 block_storage_to_file.cpp:46] block store in file successfully, epoch=6636
2026-09-16T12:10:12.748845974Z I20260916 12:10:12.748721   143 consensus_control_block.h:289] consensus of epoch=6637 has reach, all vote yes.
2026-09-16T12:10:12.806949998Z I20260916 12:10:12.806860   152 epoch_txn_queue_manager.h:17] All threads reached barrier, epoch: 6638, count: 4
2026-09-16T12:10:12.811312321Z I20260916 12:10:12.811183   147 transaction_manager_impl.cpp:120] Total, abort: 0 commit: 476
2026-09-16T12:10:12.811931958Z I20260916 12:10:12.811861   147 transaction_manager_impl.cpp:62] Finish with epoch id=6637
2026-09-16T12:10:12.813539855Z I20260916 12:10:12.813446   149 epoch_txn_queue_manager.h:17] All threads reached barrier, epoch: 6639, count: 4
2026-09-16T12:10:12.816720033Z I20260916 12:10:12.816603    44 block_storage_to_file.cpp:46] block store in file successfully, epoch=6637
2026-09-16T12:10:12.867334366Z I20260916 12:10:12.867247   152 epoch_txn_queue_manager.h:17] All threads reached barrier, epoch: 6640, count: 4
2026-09-16T12:10:12.869620973Z I20260916 12:10:12.869503   143 consensus_control_block.h:289] consensus of epoch=6639 has reach, all vote yes.
2026-09-16T12:10:12.869623739Z I20260916 12:10:12.869516   143 consensus_control_block.h:289] consensus of epoch=6638 has reach, all vote yes.
2026-09-16T12:10:12.876504767Z I20260916 12:10:12.876356   147 transaction_manager_impl.cpp:120] Total, abort: 10 commit: 1267
2026-09-16T12:10:12.876530224Z I20260916 12:10:12.876395   147 transaction_manager_impl.cpp:62] Finish with epoch id=6638
2026-09-16T12:10:12.877724081Z I20260916 12:10:12.877616   147 transaction_manager_impl.cpp:120] Total, abort: 0 commit: 23
2026-09-16T12:10:12.877738343Z I20260916 12:10:12.877626   147 transaction_manager_impl.cpp:62] Finish with epoch id=6639
2026-09-16T12:10:12.887436992Z I20260916 12:10:12.887363    44 block_storage_to_file.cpp:46] block store in file successfully, epoch=6638
2026-09-16T12:10:12.888170153Z I20260916 12:10:12.888080    44 block_storage_to_file.cpp:46] block store in file successfully, epoch=6639
2026-09-16T12:10:12.889990035Z [epoch] I20260916 12:10:12.889850     7 chain_client.cpp:83] Sending Request to epoch_server_group at qps=0 latency=0
2026-09-16T12:10:12.934571722Z I20260916 12:10:12.934453   143 consensus_control_block.h:289] consensus of epoch=6640 has reach, all vote yes.
2026-09-16T12:10:12.935404359Z I20260916 12:10:12.935319   151 epoch_txn_queue_manager.h:17] All threads reached barrier, epoch: 6641, count: 4
2026-09-16T12:10:12.939196157Z I20260916 12:10:12.939096   147 transaction_manager_impl.cpp:120] Total, abort: 0 commit: 520
2026-09-16T12:10:12.939211720Z I20260916 12:10:12.939109   147 transaction_manager_impl.cpp:62] Finish with epoch id=6640
2026-09-16T12:10:12.943856707Z I20260916 12:10:12.943728    44 block_storage_to_file.cpp:46] block store in file successfully, epoch=6640
2026-09-16T12:10:13.001058145Z I20260916 12:10:13.000964   143 consensus_control_block.h:289] consensus of epoch=6641 has reach, all vote yes.
2026-09-16T12:10:13.008331701Z I20260916 12:10:13.008248   152 epoch_txn_queue_manager.h:17] All threads reached barrier, epoch: 6642, count: 4
2026-09-16T12:10:13.011938208Z I20260916 12:10:13.011822   147 transaction_manager_impl.cpp:120] Total, abort: 4 commit: 615
2026-09-16T12:10:13.011955008Z I20260916 12:10:13.011839   147 transaction_manager_impl.cpp:62] Finish with epoch id=6641
2026-09-16T12:10:13.018066010Z I20260916 12:10:13.017959    44 block_storage_to_file.cpp:46] block store in file successfully, epoch=6641
2026-09-16T12:10:13.101272083Z I20260916 12:10:13.101190   143 consensus_control_block.h:289] consensus of epoch=6642 has reach, all vote yes.
2026-09-16T12:10:13.109402357Z I20260916 12:10:13.109196   152 epoch_txn_queue_manager.h:17] All threads reached barrier, epoch: 6643, count: 4
2026-09-16T12:10:13.115480536Z I20260916 12:10:13.115356   147 transaction_manager_impl.cpp:120] Total, abort: 4 commit: 656
2026-09-16T12:10:13.115509309Z I20260916 12:10:13.115381   147 transaction_manager_impl.cpp:62] Finish with epoch id=6642
2026-09-16T12:10:13.123998424Z I20260916 12:10:13.123870    44 block_storage_to_file.cpp:46] block store in file successfully, epoch=6642
2026-09-16T12:10:13.177181726Z I20260916 12:10:13.177088   150 epoch_txn_queue_manager.h:17] All threads reached barrier, epoch: 6644, count: 4
2026-09-16T12:10:13.179496832Z I20260916 12:10:13.179382   143 consensus_control_block.h:289] consensus of epoch=6643 has reach, all vote yes.
2026-09-16T12:10:13.183996183Z I20260916 12:10:13.183607   147 transaction_manager_impl.cpp:120] Total, abort: 4 commit: 905
2026-09-16T12:10:13.184018851Z I20260916 12:10:13.183622   147 transaction_manager_impl.cpp:62] Finish with epoch id=6643
2026-09-16T12:10:13.191340679Z I20260916 12:10:13.191241    44 block_storage_to_file.cpp:46] block store in file successfully, epoch=6643
2026-09-16T12:10:13.209870302Z I20260916 12:10:13.209762   143 consensus_control_block.h:289] consensus of epoch=6644 has reach, all vote yes.
2026-09-16T12:10:13.210119492Z I20260916 12:10:13.210022   152 epoch_txn_queue_manager.h:17] All threads reached barrier, epoch: 6645, count: 4
2026-09-16T12:10:13.213305506Z I20260916 12:10:13.213238   147 transaction_manager_impl.cpp:120] Total, abort: 0 commit: 612
2026-09-16T12:10:13.213311535Z I20260916 12:10:13.213248   147 transaction_manager_impl.cpp:62] Finish with epoch id=6644
2026-09-16T12:10:13.218495753Z I20260916 12:10:13.218406    44 block_storage_to_file.cpp:46] block store in file successfully, epoch=6644
2026-09-16T12:10:13.277905156Z I20260916 12:10:13.277837   151 epoch_txn_queue_manager.h:17] All threads reached barrier, epoch: 6646, count: 4
2026-09-16T12:10:13.280254236Z I20260916 12:10:13.280191   143 consensus_control_block.h:289] consensus of epoch=6645 has reach, all vote yes.
2026-09-16T12:10:13.282879845Z I20260916 12:10:13.282796   147 transaction_manager_impl.cpp:120] Total, abort: 4 commit: 294
2026-09-16T12:10:13.282891593Z I20260916 12:10:13.282810   147 transaction_manager_impl.cpp:62] Finish with epoch id=6645
2026-09-16T12:10:13.285858229Z I20260916 12:10:13.285754    44 block_storage_to_file.cpp:46] block store in file successfully, epoch=6645
2026-09-16T12:10:13.310691227Z I20260916 12:10:13.310560   152 epoch_txn_queue_manager.h:17] All threads reached barrier, epoch: 6647, count: 4
2026-09-16T12:10:13.327249254Z I20260916 12:10:13.327113   143 consensus_control_block.h:289] consensus of epoch=6646 has reach, all vote yes.
2026-09-16T12:10:13.331120611Z I20260916 12:10:13.330965   147 transaction_manager_impl.cpp:120] Total, abort: 0 commit: 614
2026-09-16T12:10:13.331141995Z I20260916 12:10:13.330988   147 transaction_manager_impl.cpp:62] Finish with epoch id=6646
2026-09-16T12:10:13.336118181Z I20260916 12:10:13.336011    44 block_storage_to_file.cpp:46] block store in file successfully, epoch=6646
2026-09-16T12:10:13.378509784Z I20260916 12:10:13.378422   150 epoch_txn_queue_manager.h:17] All threads reached barrier, epoch: 6648, count: 4
2026-09-16T12:10:13.380832886Z I20260916 12:10:13.380723   143 consensus_control_block.h:289] consensus of epoch=6647 has reach, all vote yes.
2026-09-16T12:10:13.382831121Z I20260916 12:10:13.382707   147 transaction_manager_impl.cpp:120] Total, abort: 4 commit: 296
2026-09-16T12:10:13.382844018Z I20260916 12:10:13.382719   147 transaction_manager_impl.cpp:62] Finish with epoch id=6647
2026-09-16T12:10:13.385818554Z I20260916 12:10:13.385735    44 block_storage_to_file.cpp:46] block store in file successfully, epoch=6647
2026-09-16T12:10:13.411349368Z I20260916 12:10:13.411252   152 epoch_txn_queue_manager.h:17] All threads reached barrier, epoch: 6649, count: 4
2026-09-16T12:10:13.423675349Z I20260916 12:10:13.423574   143 consensus_control_block.h:289] consensus of epoch=6648 has reach, all vote yes.
2026-09-16T12:10:13.427206413Z I20260916 12:10:13.427099   147 transaction_manager_impl.cpp:120] Total, abort: 1 commit: 609
2026-09-16T12:10:13.427226136Z I20260916 12:10:13.427130   147 transaction_manager_impl.cpp:62] Finish with epoch id=6648
2026-09-16T12:10:13.431987365Z I20260916 12:10:13.431900    44 block_storage_to_file.cpp:46] block store in file successfully, epoch=6648
2026-09-16T12:10:13.502289628Z I20260916 12:10:13.502158   143 consensus_control_block.h:289] consensus of epoch=6649 has reach, all vote yes.
2026-09-16T12:10:13.512155240Z I20260916 12:10:13.512018   152 epoch_txn_queue_manager.h:17] All threads reached barrier, epoch: 6650, count: 4
2026-09-16T12:10:13.514853532Z I20260916 12:10:13.514714   147 transaction_manager_impl.cpp:120] Total, abort: 4 commit: 294
2026-09-16T12:10:13.514867453Z I20260916 12:10:13.514752   147 transaction_manager_impl.cpp:62] Finish with epoch id=6649
2026-09-16T12:10:13.520594729Z I20260916 12:10:13.520493    44 block_storage_to_file.cpp:46] block store in file successfully, epoch=6649
2026-09-16T12:10:13.591253335Z I20260916 12:10:13.590994   151 epoch_txn_queue_manager.h:17] All threads reached barrier, epoch: 6651, count: 4
2026-09-16T12:10:13.593646916Z I20260916 12:10:13.593538   143 consensus_control_block.h:289] consensus of epoch=6650 has reach, all vote yes.
2026-09-16T12:10:13.606344298Z I20260916 12:10:13.606035   147 transaction_manager_impl.cpp:120] Total, abort: 4 commit: 907
2026-09-16T12:10:13.606365525Z I20260916 12:10:13.606091   147 transaction_manager_impl.cpp:62] Finish with epoch id=6650
2026-09-16T12:10:13.612342402Z I20260916 12:10:13.612135   151 epoch_txn_queue_manager.h:17] All threads reached barrier, epoch: 6652, count: 4
2026-09-16T12:10:13.615758738Z I20260916 12:10:13.615612    44 block_storage_to_file.cpp:46] block store in file successfully, epoch=6650
2026-09-16T12:10:13.618634905Z I20260916 12:10:13.618547   143 consensus_control_block.h:289] consensus of epoch=6651 has reach, all vote yes.
2026-09-16T12:10:13.622402305Z I20260916 12:10:13.622311   147 transaction_manager_impl.cpp:120] Total, abort: 4 commit: 705
2026-09-16T12:10:13.622417901Z I20260916 12:10:13.622330   147 transaction_manager_impl.cpp:62] Finish with epoch id=6651
2026-09-16T12:10:13.628460517Z I20260916 12:10:13.628364    44 block_storage_to_file.cpp:46] block store in file successfully, epoch=6651
2026-09-16T12:10:13.680689506Z I20260916 12:10:13.680594   151 epoch_txn_queue_manager.h:17] All threads reached barrier, epoch: 6653, count: 4
2026-09-16T12:10:13.682548540Z I20260916 12:10:13.682462   143 consensus_control_block.h:289] consensus of epoch=6652 has reach, all vote yes.
2026-09-16T12:10:13.683946547Z I20260916 12:10:13.683871   147 transaction_manager_impl.cpp:120] Total, abort: 1 commit: 174
2026-09-16T12:10:13.683952253Z I20260916 12:10:13.683881   147 transaction_manager_impl.cpp:62] Finish with epoch id=6652
2026-09-16T12:10:13.686051391Z I20260916 12:10:13.685729    44 block_storage_to_file.cpp:46] block store in file successfully, epoch=6652
2026-09-16T12:10:13.713727578Z I20260916 12:10:13.713483   152 epoch_txn_queue_manager.h:17] All threads reached barrier, epoch: 6654, count: 4
2026-09-16T12:10:13.721677251Z I20260916 12:10:13.721504   143 consensus_control_block.h:289] consensus of epoch=6653 has reach, all vote yes.
2026-09-16T12:10:13.726808139Z I20260916 12:10:13.726657   147 transaction_manager_impl.cpp:120] Total, abort: 1 commit: 639
2026-09-16T12:10:13.726827118Z I20260916 12:10:13.726677   147 transaction_manager_impl.cpp:62] Finish with epoch id=6653
2026-09-16T12:10:13.732681617Z I20260916 12:10:13.732594    44 block_storage_to_file.cpp:46] block store in file successfully, epoch=6653
2026-09-16T12:10:13.803559053Z I20260916 12:10:13.803423   143 consensus_control_block.h:289] consensus of epoch=6654 has reach, all vote yes.
2026-09-16T12:10:13.814116268Z I20260916 12:10:13.814019   152 epoch_txn_queue_manager.h:17] All threads reached barrier, epoch: 6655, count: 4
2026-09-16T12:10:13.816496806Z I20260916 12:10:13.816372   147 transaction_manager_impl.cpp:120] Total, abort: 4 commit: 294
2026-09-16T12:10:13.816504614Z I20260916 12:10:13.816388   147 transaction_manager_impl.cpp:62] Finish with epoch id=6654
2026-09-16T12:10:13.819973689Z I20260916 12:10:13.819890    44 block_storage_to_file.cpp:46] block store in file successfully, epoch=6654
2026-09-16T12:10:13.872058153Z I20260916 12:10:13.871958   151 epoch_txn_queue_manager.h:17] All threads reached barrier, epoch: 6656, count: 4
2026-09-16T12:10:13.873889483Z I20260916 12:10:13.873828   143 consensus_control_block.h:289] consensus of epoch=6655 has reach, all vote yes.
2026-09-16T12:10:13.880042652Z I20260916 12:10:13.879865   147 transaction_manager_impl.cpp:120] Total, abort: 4 commit: 907
2026-09-16T12:10:13.880056221Z I20260916 12:10:13.879894   147 transaction_manager_impl.cpp:62] Finish with epoch id=6655
2026-09-16T12:10:13.887340888Z I20260916 12:10:13.887234    44 block_storage_to_file.cpp:46] block store in file successfully, epoch=6655
2026-09-16T12:10:13.890072632Z [epoch] I20260916 12:10:13.889937     7 chain_client.cpp:83] Sending Request to epoch_server_group at qps=0 latency=0
2026-09-16T12:10:13.914910311Z I20260916 12:10:13.914816   152 epoch_txn_queue_manager.h:17] All threads reached barrier, epoch: 6657, count: 4
2026-09-16T12:10:13.932437103Z I20260916 12:10:13.932304   143 consensus_control_block.h:289] consensus of epoch=6656 has reach, all vote yes.
2026-09-16T12:10:13.935159876Z I20260916 12:10:13.935091   147 transaction_manager_impl.cpp:120] Total, abort: 0 commit: 522
2026-09-16T12:10:13.935166837Z I20260916 12:10:13.935102   147 transaction_manager_impl.cpp:62] Finish with epoch id=6656
2026-09-16T12:10:13.939708926Z I20260916 12:10:13.939639    44 block_storage_to_file.cpp:46] block store in file successfully, epoch=6656
2026-09-16T12:10:13.985397972Z I20260916 12:10:13.985302   152 epoch_txn_queue_manager.h:17] All threads reached barrier, epoch: 6658, count: 4
2026-09-16T12:10:13.986578910Z I20260916 12:10:13.986506   143 consensus_control_block.h:289] consensus of epoch=6657 has reach, all vote yes.
2026-09-16T12:10:13.988424986Z I20260916 12:10:13.988358   147 transaction_manager_impl.cpp:120] Total, abort: 4 commit: 386
2026-09-16T12:10:13.988430504Z I20260916 12:10:13.988369   147 transaction_manager_impl.cpp:62] Finish with epoch id=6657
2026-09-16T12:10:13.991942929Z I20260916 12:10:13.991797    44 block_storage_to_file.cpp:46] block store in file successfully, epoch=6657
2026-09-16T12:10:14.015410193Z I20260916 12:10:14.015349   152 epoch_txn_queue_manager.h:17] All threads reached barrier, epoch: 6659, count: 4
2026-09-16T12:10:14.034036032Z I20260916 12:10:14.033841   143 consensus_control_block.h:289] consensus of epoch=6658 has reach, all vote yes.
2026-09-16T12:10:14.038411761Z I20260916 12:10:14.038308   147 transaction_manager_impl.cpp:120] Total, abort: 1 commit: 634
2026-09-16T12:10:14.038424698Z I20260916 12:10:14.038323   147 transaction_manager_impl.cpp:62] Finish with epoch id=6658
2026-09-16T12:10:14.043447003Z I20260916 12:10:14.043313    44 block_storage_to_file.cpp:46] block store in file successfully, epoch=6658
2026-09-16T12:10:14.075941436Z I20260916 12:10:14.075856   152 epoch_txn_queue_manager.h:17] All threads reached barrier, epoch: 6660, count: 4
2026-09-16T12:10:14.077723085Z I20260916 12:10:14.077631   143 consensus_control_block.h:289] consensus of epoch=6659 has reach, all vote yes.
2026-09-16T12:10:14.079510168Z I20260916 12:10:14.079422   147 transaction_manager_impl.cpp:120] Total, abort: 3 commit: 271
2026-09-16T12:10:14.079517377Z I20260916 12:10:14.079435   147 transaction_manager_impl.cpp:62] Finish with epoch id=6659
2026-09-16T12:10:14.081922545Z I20260916 12:10:14.081835    44 block_storage_to_file.cpp:46] block store in file successfully, epoch=6659
2026-09-16T12:10:14.134152275Z I20260916 12:10:14.134055   151 epoch_txn_queue_manager.h:17] All threads reached barrier, epoch: 6661, count: 4
2026-09-16T12:10:14.137221117Z I20260916 12:10:14.137140   143 consensus_control_block.h:289] consensus of epoch=6660 has reach, all vote yes.
2026-09-16T12:10:14.140648367Z I20260916 12:10:14.140569   147 transaction_manager_impl.cpp:120] Total, abort: 0 commit: 544
2026-09-16T12:10:14.140663443Z I20260916 12:10:14.140582   147 transaction_manager_impl.cpp:62] Finish with epoch id=6660
2026-09-16T12:10:14.145264994Z I20260916 12:10:14.145174    44 block_storage_to_file.cpp:46] block store in file successfully, epoch=6660
2026-09-16T12:10:14.186824251Z I20260916 12:10:14.186697   152 epoch_txn_queue_manager.h:17] All threads reached barrier, epoch: 6662, count: 4
2026-09-16T12:10:14.188531028Z I20260916 12:10:14.188411   143 consensus_control_block.h:289] consensus of epoch=6661 has reach, all vote yes.
2026-09-16T12:10:14.191793991Z I20260916 12:10:14.191715   147 transaction_manager_impl.cpp:120] Total, abort: 4 commit: 522
2026-09-16T12:10:14.191807900Z I20260916 12:10:14.191727   147 transaction_manager_impl.cpp:62] Finish with epoch id=6661
2026-09-16T12:10:14.197054605Z I20260916 12:10:14.196951    44 block_storage_to_file.cpp:46] block store in file successfully, epoch=6661
2026-09-16T12:10:14.244917371Z I20260916 12:10:14.244782   151 epoch_txn_queue_manager.h:17] All threads reached barrier, epoch: 6663, count: 4
2026-09-16T12:10:14.247436010Z I20260916 12:10:14.247341   143 consensus_control_block.h:289] consensus of epoch=6662 has reach, all vote yes.
2026-09-16T12:10:14.250164698Z I20260916 12:10:14.250067   147 transaction_manager_impl.cpp:120] Total, abort: 3 commit: 477
2026-09-16T12:10:14.250173353Z I20260916 12:10:14.250079   147 transaction_manager_impl.cpp:62] Finish with epoch id=6662
2026-09-16T12:10:14.254062574Z I20260916 12:10:14.253964    44 block_storage_to_file.cpp:46] block store in file successfully, epoch=6662
2026-09-16T12:10:14.304679613Z I20260916 12:10:14.304593   143 consensus_control_block.h:289] consensus of epoch=6663 has reach, all vote yes.
2026-09-16T12:10:14.307662508Z I20260916 12:10:14.307575   152 epoch_txn_queue_manager.h:17] All threads reached barrier, epoch: 6664, count: 4
2026-09-16T12:10:14.312859483Z I20260916 12:10:14.312741   147 transaction_manager_impl.cpp:120] Total, abort: 1 commit: 516
2026-09-16T12:10:14.312872593Z I20260916 12:10:14.312767   147 transaction_manager_impl.cpp:62] Finish with epoch id=6663
2026-09-16T12:10:14.317807492Z I20260916 12:10:14.317693    44 block_storage_to_file.cpp:46] block store in file successfully, epoch=6663
2026-09-16T12:10:14.368027931Z I20260916 12:10:14.367863   152 epoch_txn_queue_manager.h:17] All threads reached barrier, epoch: 6665, count: 4
2026-09-16T12:10:14.370536722Z I20260916 12:10:14.370434   143 consensus_control_block.h:289] consensus of epoch=6664 has reach, all vote yes.
2026-09-16T12:10:14.374730220Z I20260916 12:10:14.374611   147 transaction_manager_impl.cpp:120] Total, abort: 4 commit: 569
2026-09-16T12:10:14.375491383Z I20260916 12:10:14.374684   147 transaction_manager_impl.cpp:62] Finish with epoch id=6664
2026-09-16T12:10:14.379722177Z I20260916 12:10:14.379604    44 block_storage_to_file.cpp:46] block store in file successfully, epoch=6664
2026-09-16T12:10:14.453780862Z I20260916 12:10:14.453624   143 consensus_control_block.h:289] consensus of epoch=6665 has reach, all vote yes.
2026-09-16T12:10:14.506741291Z I20260916 12:10:14.506662   151 epoch_txn_queue_manager.h:17] All threads reached barrier, epoch: 6666, count: 4
2026-09-16T12:10:14.511522605Z I20260916 12:10:14.511361   147 transaction_manager_impl.cpp:120] Total, abort: 0 commit: 547
2026-09-16T12:10:14.511542403Z I20260916 12:10:14.511404   147 transaction_manager_impl.cpp:62] Finish with epoch id=6665
2026-09-16T12:10:14.516907044Z I20260916 12:10:14.516822   151 epoch_txn_queue_manager.h:17] All threads reached barrier, epoch: 6667, count: 4
2026-09-16T12:10:14.516921618Z I20260916 12:10:14.516886    44 block_storage_to_file.cpp:46] block store in file successfully, epoch=6665
2026-09-16T12:10:14.519174340Z I20260916 12:10:14.519057   143 consensus_control_block.h:289] consensus of epoch=6666 has reach, all vote yes.
2026-09-16T12:10:14.525805958Z I20260916 12:10:14.525665   147 transaction_manager_impl.cpp:120] Total, abort: 9 commit: 1244
2026-09-16T12:10:14.525819798Z I20260916 12:10:14.525678   147 transaction_manager_impl.cpp:62] Finish with epoch id=6666
2026-09-16T12:10:14.536216372Z I20260916 12:10:14.536124    44 block_storage_to_file.cpp:46] block store in file successfully, epoch=6666
2026-09-16T12:10:14.569421727Z I20260916 12:10:14.569314   152 epoch_txn_queue_manager.h:17] All threads reached barrier, epoch: 6668, count: 4
2026-09-16T12:10:14.571560231Z I20260916 12:10:14.571470   143 consensus_control_block.h:289] consensus of epoch=6667 has reach, all vote yes.
2026-09-16T12:10:14.572150100Z I20260916 12:10:14.572079   147 transaction_manager_impl.cpp:120] Total, abort: 0 commit: 88
2026-09-16T12:10:14.572156297Z I20260916 12:10:14.572090   147 transaction_manager_impl.cpp:62] Finish with epoch id=6667
2026-09-16T12:10:14.573416705Z I20260916 12:10:14.573318    44 block_storage_to_file.cpp:46] block store in file successfully, epoch=6667
2026-09-16T12:10:14.627471089Z I20260916 12:10:14.627368   151 epoch_txn_queue_manager.h:17] All threads reached barrier, epoch: 6669, count: 4
2026-09-16T12:10:14.629314113Z I20260916 12:10:14.629242   143 consensus_control_block.h:289] consensus of epoch=6668 has reach, all vote yes.
2026-09-16T12:10:14.632655123Z I20260916 12:10:14.632568   147 transaction_manager_impl.cpp:120] Total, abort: 0 commit: 475
2026-09-16T12:10:14.632666753Z I20260916 12:10:14.632581   147 transaction_manager_impl.cpp:62] Finish with epoch id=6668
2026-09-16T12:10:14.636423851Z I20260916 12:10:14.636343    44 block_storage_to_file.cpp:46] block store in file successfully, epoch=6668
2026-09-16T12:10:14.690223838Z I20260916 12:10:14.690052   152 epoch_txn_queue_manager.h:17] All threads reached barrier, epoch: 6670, count: 4
2026-09-16T12:10:14.692595244Z I20260916 12:10:14.692507   143 consensus_control_block.h:289] consensus of epoch=6669 has reach, all vote yes.
2026-09-16T12:10:14.699739698Z I20260916 12:10:14.699608   147 transaction_manager_impl.cpp:120] Total, abort: 4 commit: 523
2026-09-16T12:10:14.699757865Z I20260916 12:10:14.699630   147 transaction_manager_impl.cpp:62] Finish with epoch id=6669
2026-09-16T12:10:14.703911110Z I20260916 12:10:14.703835    44 block_storage_to_file.cpp:46] block store in file successfully, epoch=6669
2026-09-16T12:10:14.754645540Z I20260916 12:10:14.754558   143 consensus_control_block.h:289] consensus of epoch=6670 has reach, all vote yes.
2026-09-16T12:10:14.817401476Z I20260916 12:10:14.817274   149 epoch_txn_queue_manager.h:17] All threads reached barrier, epoch: 6671, count: 4
2026-09-16T12:10:14.820073425Z I20260916 12:10:14.819044   151 epoch_txn_queue_manager.h:17] All threads reached barrier, epoch: 6672, count: 4
2026-09-16T12:10:14.823432544Z I20260916 12:10:14.823347   147 transaction_manager_impl.cpp:120] Total, abort: 4 commit: 568
2026-09-16T12:10:14.823679767Z I20260916 12:10:14.823606   147 transaction_manager_impl.cpp:62] Finish with epoch id=6670
2026-09-16T12:10:14.828548055Z I20260916 12:10:14.828438    44 block_storage_to_file.cpp:46] block store in file successfully, epoch=6670
2026-09-16T12:10:14.890182724Z [epoch] I20260916 12:10:14.890031     7 chain_client.cpp:83] Sending Request to epoch_server_group at qps=0 latency=0
2026-09-16T12:10:14.902717683Z I20260916 12:10:14.902627   143 consensus_control_block.h:289] consensus of epoch=6671 has reach, all vote yes.
2026-09-16T12:10:14.906246538Z I20260916 12:10:14.906126   143 consensus_control_block.h:289] consensus of epoch=6672 has reach, all vote yes.
2026-09-16T12:10:14.907966784Z I20260916 12:10:14.907873   147 transaction_manager_impl.cpp:120] Total, abort: 7 commit: 1107
2026-09-16T12:10:14.907973166Z I20260916 12:10:14.907886   147 transaction_manager_impl.cpp:62] Finish with epoch id=6671
2026-09-16T12:10:14.919783807Z I20260916 12:10:14.919642   151 epoch_txn_queue_manager.h:17] All threads reached barrier, epoch: 6673, count: 4
2026-09-16T12:10:14.920918619Z I20260916 12:10:14.920831   147 transaction_manager_impl.cpp:120] Total, abort: 0 commit: 44
2026-09-16T12:10:14.920924231Z I20260916 12:10:14.920848   147 transaction_manager_impl.cpp:62] Finish with epoch id=6672
2026-09-16T12:10:14.925335805Z I20260916 12:10:14.925217    44 block_storage_to_file.cpp:46] block store in file successfully, epoch=6671
2026-09-16T12:10:14.926351008Z I20260916 12:10:14.926254    44 block_storage_to_file.cpp:46] block store in file successfully, epoch=6672
2026-09-16T12:10:14.982294584Z I20260916 12:10:14.982216   152 epoch_txn_queue_manager.h:17] All threads reached barrier, epoch: 6674, count: 4
2026-09-16T12:10:14.984279807Z I20260916 12:10:14.984144   143 consensus_control_block.h:289] consensus of epoch=6673 has reach, all vote yes.
2026-09-16T12:10:14.990107624Z I20260916 12:10:14.989989   147 transaction_manager_impl.cpp:120] Total, abort: 4 commit: 908
2026-09-16T12:10:14.990120182Z I20260916 12:10:14.990010   147 transaction_manager_impl.cpp:62] Finish with epoch id=6673
2026-09-16T12:10:14.997818645Z I20260916 12:10:14.997702    44 block_storage_to_file.cpp:46] block store in file successfully, epoch=6673
2026-09-16T12:10:15.021229816Z I20260916 12:10:15.021157   150 epoch_txn_queue_manager.h:17] All threads reached barrier, epoch: 6675, count: 4
2026-09-16T12:10:15.035259965Z I20260916 12:10:15.034960   143 consensus_control_block.h:289] consensus of epoch=6674 has reach, all vote yes.
2026-09-16T12:10:15.039390015Z I20260916 12:10:15.039280   147 transaction_manager_impl.cpp:120] Total, abort: 1 commit: 566
2026-09-16T12:10:15.039412074Z I20260916 12:10:15.039300   147 transaction_manager_impl.cpp:62] Finish with epoch id=6674
2026-09-16T12:10:15.055453986Z I20260916 12:10:15.055320    44 block_storage_to_file.cpp:46] block store in file successfully, epoch=6674
2026-09-16T12:10:15.085359734Z I20260916 12:10:15.085282   151 epoch_txn_queue_manager.h:17] All threads reached barrier, epoch: 6676, count: 4
2026-09-16T12:10:15.086309969Z I20260916 12:10:15.086232   143 consensus_control_block.h:289] consensus of epoch=6675 has reach, all vote yes.
2026-09-16T12:10:15.088870979Z I20260916 12:10:15.088786   147 transaction_manager_impl.cpp:120] Total, abort: 4 commit: 303
2026-09-16T12:10:15.088878123Z I20260916 12:10:15.088801   147 transaction_manager_impl.cpp:62] Finish with epoch id=6675
2026-09-16T12:10:15.091548835Z I20260916 12:10:15.091439    44 block_storage_to_file.cpp:46] block store in file successfully, epoch=6675
2026-09-16T12:10:15.119243432Z I20260916 12:10:15.119105   143 consensus_control_block.h:289] consensus of epoch=6676 has reach, all vote yes.
2026-09-16T12:10:15.119765966Z I20260916 12:10:15.119702   149 epoch_txn_queue_manager.h:17] All threads reached barrier, epoch: 6677, count: 4
2026-09-16T12:10:15.122815212Z I20260916 12:10:15.122694   147 transaction_manager_impl.cpp:120] Total, abort: 0 commit: 565
2026-09-16T12:10:15.122833658Z I20260916 12:10:15.122709   147 transaction_manager_impl.cpp:62] Finish with epoch id=6676
2026-09-16T12:10:15.128570820Z I20260916 12:10:15.128456    44 block_storage_to_file.cpp:46] block store in file successfully, epoch=6676
2026-09-16T12:10:15.171554563Z I20260916 12:10:15.171466   150 epoch_txn_queue_manager.h:17] All threads reached barrier, epoch: 6678, count: 4
2026-09-16T12:10:15.173426251Z I20260916 12:10:15.173360   143 consensus_control_block.h:289] consensus of epoch=6677 has reach, all vote yes.
2026-09-16T12:10:15.176193757Z I20260916 12:10:15.175961   147 transaction_manager_impl.cpp:120] Total, abort: 4 commit: 344
2026-09-16T12:10:15.176207293Z I20260916 12:10:15.176028   147 transaction_manager_impl.cpp:62] Finish with epoch id=6677
2026-09-16T12:10:15.179712499Z I20260916 12:10:15.179637    44 block_storage_to_file.cpp:46] block store in file successfully, epoch=6677
2026-09-16T12:10:15.228579275Z I20260916 12:10:15.228479   143 consensus_control_block.h:289] consensus of epoch=6678 has reach, all vote yes.
2026-09-16T12:10:15.232041492Z I20260916 12:10:15.231968   150 epoch_txn_queue_manager.h:17] All threads reached barrier, epoch: 6679, count: 4
2026-09-16T12:10:15.235262796Z I20260916 12:10:15.235168   147 transaction_manager_impl.cpp:120] Total, abort: 1 commit: 476
2026-09-16T12:10:15.235272967Z I20260916 12:10:15.235185   147 transaction_manager_impl.cpp:62] Finish with epoch id=6678
2026-09-16T12:10:15.239267350Z I20260916 12:10:15.239176    44 block_storage_to_file.cpp:46] block store in file successfully, epoch=6678
2026-09-16T12:10:15.292384286Z I20260916 12:10:15.292263   150 epoch_txn_queue_manager.h:17] All threads reached barrier, epoch: 6680, count: 4
2026-09-16T12:10:15.295515775Z I20260916 12:10:15.295446   143 consensus_control_block.h:289] consensus of epoch=6679 has reach, all vote yes.
2026-09-16T12:10:15.298853139Z I20260916 12:10:15.298768   147 transaction_manager_impl.cpp:120] Total, abort: 4 commit: 545
2026-09-16T12:10:15.298863843Z I20260916 12:10:15.298784   147 transaction_manager_impl.cpp:62] Finish with epoch id=6679
2026-09-16T12:10:15.303127670Z I20260916 12:10:15.303049    44 block_storage_to_file.cpp:46] block store in file successfully, epoch=6679
2026-09-16T12:10:15.356989840Z I20260916 12:10:15.356896   151 epoch_txn_queue_manager.h:17] All threads reached barrier, epoch: 6681, count: 4
2026-09-16T12:10:15.360007198Z I20260916 12:10:15.359884   143 consensus_control_block.h:289] consensus of epoch=6680 has reach, all vote yes.
2026-09-16T12:10:15.363430185Z I20260916 12:10:15.363312   147 transaction_manager_impl.cpp:120] Total, abort: 4 commit: 544
2026-09-16T12:10:15.363447922Z I20260916 12:10:15.363327   147 transaction_manager_impl.cpp:62] Finish with epoch id=6680
2026-09-16T12:10:15.367979336Z I20260916 12:10:15.367883    44 block_storage_to_file.cpp:46] block store in file successfully, epoch=6680
2026-09-16T12:10:15.407650879Z I20260916 12:10:15.407552   143 consensus_control_block.h:289] consensus of epoch=6681 has reach, all vote yes.
2026-09-16T12:10:15.421807147Z I20260916 12:10:15.421729   149 epoch_txn_queue_manager.h:17] All threads reached barrier, epoch: 6682, count: 4
2026-09-16T12:10:15.426435614Z I20260916 12:10:15.426276   147 transaction_manager_impl.cpp:120] Total, abort: 0 commit: 586
2026-09-16T12:10:15.426448763Z I20260916 12:10:15.426294   147 transaction_manager_impl.cpp:62] Finish with epoch id=6681
2026-09-16T12:10:15.431069544Z I20260916 12:10:15.430984    44 block_storage_to_file.cpp:46] block store in file successfully, epoch=6681
2026-09-16T12:10:15.507911657Z I20260916 12:10:15.507835   143 consensus_control_block.h:289] consensus of epoch=6682 has reach, all vote yes.
2026-09-16T12:10:15.518212734Z I20260916 12:10:15.518098   151 epoch_txn_queue_manager.h:17] All threads reached barrier, epoch: 6683, count: 4
2026-09-16T12:10:15.523024768Z I20260916 12:10:15.522864   147 transaction_manager_impl.cpp:120] Total, abort: 4 commit: 569
2026-09-16T12:10:15.523040365Z I20260916 12:10:15.522900   147 transaction_manager_impl.cpp:62] Finish with epoch id=6682
2026-09-16T12:10:15.528097984Z I20260916 12:10:15.528002    44 block_storage_to_file.cpp:46] block store in file successfully, epoch=6682
2026-09-16T12:10:15.578684508Z I20260916 12:10:15.578581   151 epoch_txn_queue_manager.h:17] All threads reached barrier, epoch: 6684, count: 4
2026-09-16T12:10:15.579130463Z I20260916 12:10:15.579049   143 consensus_control_block.h:289] consensus of epoch=6683 has reach, all vote yes.
2026-09-16T12:10:15.585262313Z I20260916 12:10:15.585155   147 transaction_manager_impl.cpp:120] Total, abort: 5 commit: 884
2026-09-16T12:10:15.585276836Z I20260916 12:10:15.585170   147 transaction_manager_impl.cpp:62] Finish with epoch id=6683
2026-09-16T12:10:15.594340443Z I20260916 12:10:15.594229    44 block_storage_to_file.cpp:46] block store in file successfully, epoch=6683
2026-09-16T12:10:15.618754594Z I20260916 12:10:15.618669   151 epoch_txn_queue_manager.h:17] All threads reached barrier, epoch: 6685, count: 4
2026-09-16T12:10:15.621693041Z I20260916 12:10:15.621625   143 consensus_control_block.h:289] consensus of epoch=6684 has reach, all vote yes.
2026-09-16T12:10:15.624487382Z I20260916 12:10:15.624374   147 transaction_manager_impl.cpp:120] Total, abort: 0 commit: 541
2026-09-16T12:10:15.624498693Z I20260916 12:10:15.624387   147 transaction_manager_impl.cpp:62] Finish with epoch id=6684
2026-09-16T12:10:15.629759373Z I20260916 12:10:15.629631    44 block_storage_to_file.cpp:46] block store in file successfully, epoch=6684
2026-09-16T12:10:15.679460019Z I20260916 12:10:15.679351   151 epoch_txn_queue_manager.h:17] All threads reached barrier, epoch: 6686, count: 4
2026-09-16T12:10:15.680275744Z I20260916 12:10:15.680200   143 consensus_control_block.h:289] consensus of epoch=6685 has reach, all vote yes.
2026-09-16T12:10:15.683748959Z I20260916 12:10:15.683593   147 transaction_manager_impl.cpp:120] Total, abort: 4 commit: 365
2026-09-16T12:10:15.683769770Z I20260916 12:10:15.683609   147 transaction_manager_impl.cpp:62] Finish with epoch id=6685
2026-09-16T12:10:15.687533695Z I20260916 12:10:15.687445    44 block_storage_to_file.cpp:46] block store in file successfully, epoch=6685
2026-09-16T12:10:15.719560897Z I20260916 12:10:15.719425   151 epoch_txn_queue_manager.h:17] All threads reached barrier, epoch: 6687, count: 4
2026-09-16T12:10:15.722340075Z I20260916 12:10:15.722160   143 consensus_control_block.h:289] consensus of epoch=6686 has reach, all vote yes.
2026-09-16T12:10:15.725713932Z I20260916 12:10:15.725584   147 transaction_manager_impl.cpp:120] Total, abort: 0 commit: 545
2026-09-16T12:10:15.725733018Z I20260916 12:10:15.725598   147 transaction_manager_impl.cpp:62] Finish with epoch id=6686
2026-09-16T12:10:15.730733793Z I20260916 12:10:15.730625    44 block_storage_to_file.cpp:46] block store in file successfully, epoch=6686
2026-09-16T12:10:15.775949536Z I20260916 12:10:15.775849   150 epoch_txn_queue_manager.h:17] All threads reached barrier, epoch: 6688, count: 4
2026-09-16T12:10:15.779482700Z I20260916 12:10:15.779340   143 consensus_control_block.h:289] consensus of epoch=6687 has reach, all vote yes.
2026-09-16T12:10:15.782222753Z I20260916 12:10:15.782131   147 transaction_manager_impl.cpp:120] Total, abort: 4 commit: 359
2026-09-16T12:10:15.782231102Z I20260916 12:10:15.782148   147 transaction_manager_impl.cpp:62] Finish with epoch id=6687
2026-09-16T12:10:15.785503874Z I20260916 12:10:15.785395    44 block_storage_to_file.cpp:46] block store in file successfully, epoch=6687
2026-09-16T12:10:15.832778477Z I20260916 12:10:15.832671   143 consensus_control_block.h:289] consensus of epoch=6688 has reach, all vote yes.
2026-09-16T12:10:15.834700118Z I20260916 12:10:15.834636   149 epoch_txn_queue_manager.h:17] All threads reached barrier, epoch: 6689, count: 4
2026-09-16T12:10:15.839337577Z I20260916 12:10:15.838642   147 transaction_manager_impl.cpp:120] Total, abort: 0 commit: 501
2026-09-16T12:10:15.839354369Z I20260916 12:10:15.838676   147 transaction_manager_impl.cpp:62] Finish with epoch id=6688
2026-09-16T12:10:15.842926842Z I20260916 12:10:15.842713    44 block_storage_to_file.cpp:46] block store in file successfully, epoch=6688
2026-09-16T12:10:15.890317332Z [epoch] I20260916 12:10:15.890138     7 chain_client.cpp:83] Sending Request to epoch_server_group at qps=0 latency=0
2026-09-16T12:10:15.899271393Z I20260916 12:10:15.899149   152 epoch_txn_queue_manager.h:17] All threads reached barrier, epoch: 6690, count: 4
2026-09-16T12:10:15.902188507Z I20260916 12:10:15.902096   143 consensus_control_block.h:289] consensus of epoch=6689 has reach, all vote yes.
2026-09-16T12:10:15.905683860Z I20260916 12:10:15.905586   147 transaction_manager_impl.cpp:120] Total, abort: 4 commit: 518
2026-09-16T12:10:15.905715260Z I20260916 12:10:15.905629   147 transaction_manager_impl.cpp:62] Finish with epoch id=6689
2026-09-16T12:10:15.910815578Z I20260916 12:10:15.910684    44 block_storage_to_file.cpp:46] block store in file successfully, epoch=6689
2026-09-16T12:10:15.937213779Z I20260916 12:10:15.937059   143 consensus_control_block.h:289] consensus of epoch=6690 has reach, all vote yes.
2026-09-16T12:10:16.007713087Z I20260916 12:10:16.007541   150 epoch_txn_queue_manager.h:17] All threads reached barrier, epoch: 6691, count: 4
2026-09-16T12:10:16.011840790Z I20260916 12:10:16.011679   147 transaction_manager_impl.cpp:120] Total, abort: 4 commit: 591
2026-09-16T12:10:16.011860344Z I20260916 12:10:16.011709   147 transaction_manager_impl.cpp:62] Finish with epoch id=6690
2026-09-16T12:10:16.017245143Z I20260916 12:10:16.017114    44 block_storage_to_file.cpp:46] block store in file successfully, epoch=6690
2026-09-16T12:10:16.021844395Z I20260916 12:10:16.021732   151 epoch_txn_queue_manager.h:17] All threads reached barrier, epoch: 6692, count: 4
2026-09-16T12:10:16.025285607Z I20260916 12:10:16.025187   143 consensus_control_block.h:289] consensus of epoch=6691 has reach, all vote yes.
2026-09-16T12:10:16.031408745Z I20260916 12:10:16.031308   147 transaction_manager_impl.cpp:120] Total, abort: 5 commit: 973
2026-09-16T12:10:16.031421902Z I20260916 12:10:16.031329   147 transaction_manager_impl.cpp:62] Finish with epoch id=6691
2026-09-16T12:10:16.039208099Z I20260916 12:10:16.039114    44 block_storage_to_file.cpp:46] block store in file successfully, epoch=6691
2026-09-16T12:10:16.090464561Z I20260916 12:10:16.090396   152 epoch_txn_queue_manager.h:17] All threads reached barrier, epoch: 6693, count: 4
2026-09-16T12:10:16.092875557Z I20260916 12:10:16.092784   143 consensus_control_block.h:289] consensus of epoch=6692 has reach, all vote yes.
2026-09-16T12:10:16.093953203Z I20260916 12:10:16.093866   147 transaction_manager_impl.cpp:120] Total, abort: 0 commit: 137
2026-09-16T12:10:16.093962674Z I20260916 12:10:16.093878   147 transaction_manager_impl.cpp:62] Finish with epoch id=6692
2026-09-16T12:10:16.095935555Z I20260916 12:10:16.095757    44 block_storage_to_file.cpp:46] block store in file successfully, epoch=6692
2026-09-16T12:10:16.122462046Z I20260916 12:10:16.122303   151 epoch_txn_queue_manager.h:17] All threads reached barrier, epoch: 6694, count: 4
2026-09-16T12:10:16.124120975Z I20260916 12:10:16.124006   143 consensus_control_block.h:289] consensus of epoch=6693 has reach, all vote yes.
2026-09-16T12:10:16.127243985Z I20260916 12:10:16.127138   147 transaction_manager_impl.cpp:120] Total, abort: 5 commit: 610
2026-09-16T12:10:16.127261222Z I20260916 12:10:16.127154   147 transaction_manager_impl.cpp:62] Finish with epoch id=6693
2026-09-16T12:10:16.132228689Z I20260916 12:10:16.132143    44 block_storage_to_file.cpp:46] block store in file successfully, epoch=6693
2026-09-16T12:10:16.183927621Z I20260916 12:10:16.183816   143 consensus_control_block.h:289] consensus of epoch=6694 has reach, all vote yes.
2026-09-16T12:10:16.187248664Z I20260916 12:10:16.187157   149 epoch_txn_queue_manager.h:17] All threads reached barrier, epoch: 6695, count: 4
2026-09-16T12:10:16.188840555Z I20260916 12:10:16.188777   147 transaction_manager_impl.cpp:120] Total, abort: 1 commit: 295
2026-09-16T12:10:16.188846244Z I20260916 12:10:16.188788   147 transaction_manager_impl.cpp:62] Finish with epoch id=6694
2026-09-16T12:10:16.191583334Z I20260916 12:10:16.191464    44 block_storage_to_file.cpp:46] block store in file successfully, epoch=6694
2026-09-16T12:10:16.255844596Z I20260916 12:10:16.255720   143 consensus_control_block.h:289] consensus of epoch=6695 has reach, all vote yes.
2026-09-16T12:10:16.259581698Z I20260916 12:10:16.259377   150 epoch_txn_queue_manager.h:17] All threads reached barrier, epoch: 6696, count: 4
2026-09-16T12:10:16.264220027Z I20260916 12:10:16.264101   147 transaction_manager_impl.cpp:120] Total, abort: 1 commit: 563
2026-09-16T12:10:16.264236280Z I20260916 12:10:16.264115   147 transaction_manager_impl.cpp:62] Finish with epoch id=6695
2026-09-16T12:10:16.269498391Z I20260916 12:10:16.269402    44 block_storage_to_file.cpp:46] block store in file successfully, epoch=6695
2026-09-16T12:10:16.309943662Z I20260916 12:10:16.309841   143 consensus_control_block.h:289] consensus of epoch=6696 has reach, all vote yes.
2026-09-16T12:10:16.323862975Z I20260916 12:10:16.323750   151 epoch_txn_queue_manager.h:17] All threads reached barrier, epoch: 6697, count: 4
2026-09-16T12:10:16.327563997Z I20260916 12:10:16.327389   147 transaction_manager_impl.cpp:120] Total, abort: 3 commit: 658
2026-09-16T12:10:16.327588367Z I20260916 12:10:16.327404   147 transaction_manager_impl.cpp:62] Finish with epoch id=6696
2026-09-16T12:10:16.333418380Z I20260916 12:10:16.333310    44 block_storage_to_file.cpp:46] block store in file successfully, epoch=6696
2026-09-16T12:10:16.410245624Z I20260916 12:10:16.410080   143 consensus_control_block.h:289] consensus of epoch=6697 has reach, all vote yes.
2026-09-16T12:10:16.424569011Z I20260916 12:10:16.424404   151 epoch_txn_queue_manager.h:17] All threads reached barrier, epoch: 6698, count: 4
2026-09-16T12:10:16.428981443Z I20260916 12:10:16.428889   147 transaction_manager_impl.cpp:120] Total, abort: 6 commit: 588
2026-09-16T12:10:16.428992874Z I20260916 12:10:16.428931   147 transaction_manager_impl.cpp:62] Finish with epoch id=6697
2026-09-16T12:10:16.435458632Z I20260916 12:10:16.435325    44 block_storage_to_file.cpp:46] block store in file successfully, epoch=6697
2026-09-16T12:10:16.485083553Z I20260916 12:10:16.484994   151 epoch_txn_queue_manager.h:17] All threads reached barrier, epoch: 6699, count: 4
2026-09-16T12:10:16.485545026Z I20260916 12:10:16.485481   143 consensus_control_block.h:289] consensus of epoch=6698 has reach, all vote yes.
2026-09-16T12:10:16.491047128Z I20260916 12:10:16.490927   147 transaction_manager_impl.cpp:120] Total, abort: 4 commit: 913
2026-09-16T12:10:16.491086880Z I20260916 12:10:16.490957   147 transaction_manager_impl.cpp:62] Finish with epoch id=6698
2026-09-16T12:10:16.500720470Z I20260916 12:10:16.500526    44 block_storage_to_file.cpp:46] block store in file successfully, epoch=6698
2026-09-16T12:10:16.517404895Z I20260916 12:10:16.517302   143 consensus_control_block.h:289] consensus of epoch=6699 has reach, all vote yes.
2026-09-16T12:10:16.523757657Z I20260916 12:10:16.523694   150 epoch_txn_queue_manager.h:17] All threads reached barrier, epoch: 6700, count: 4
2026-09-16T12:10:16.528731211Z I20260916 12:10:16.528609   147 transaction_manager_impl.cpp:120] Total, abort: 1 commit: 543
2026-09-16T12:10:16.528758501Z I20260916 12:10:16.528630   147 transaction_manager_impl.cpp:62] Finish with epoch id=6699
2026-09-16T12:10:16.533800349Z I20260916 12:10:16.533675    44 block_storage_to_file.cpp:46] block store in file successfully, epoch=6699
2026-09-16T12:10:16.577702985Z I20260916 12:10:16.577544   143 consensus_control_block.h:289] consensus of epoch=6700 has reach, all vote yes.
2026-09-16T12:10:16.580525857Z I20260916 12:10:16.580374   149 epoch_txn_queue_manager.h:17] All threads reached barrier, epoch: 6701, count: 4
2026-09-16T12:10:16.582612308Z I20260916 12:10:16.582533   147 transaction_manager_impl.cpp:120] Total, abort: 3 commit: 340
2026-09-16T12:10:16.582623232Z I20260916 12:10:16.582546   147 transaction_manager_impl.cpp:62] Finish with epoch id=6700
2026-09-16T12:10:16.586172341Z I20260916 12:10:16.585989    44 block_storage_to_file.cpp:46] block store in file successfully, epoch=6700
2026-09-16T12:10:16.624595821Z I20260916 12:10:16.624475   150 epoch_txn_queue_manager.h:17] All threads reached barrier, epoch: 6702, count: 4
2026-09-16T12:10:16.636846733Z I20260916 12:10:16.636620   143 consensus_control_block.h:289] consensus of epoch=6701 has reach, all vote yes.
2026-09-16T12:10:16.639489416Z I20260916 12:10:16.639392   147 transaction_manager_impl.cpp:120] Total, abort: 0 commit: 498
2026-09-16T12:10:16.639505787Z I20260916 12:10:16.639407   147 transaction_manager_impl.cpp:62] Finish with epoch id=6701
2026-09-16T12:10:16.643620844Z I20260916 12:10:16.643433    44 block_storage_to_file.cpp:46] block store in file successfully, epoch=6701
2026-09-16T12:10:16.684484777Z I20260916 12:10:16.684394   152 epoch_txn_queue_manager.h:17] All threads reached barrier, epoch: 6703, count: 4
2026-09-16T12:10:16.686361405Z I20260916 12:10:16.686264   143 consensus_control_block.h:289] consensus of epoch=6702 has reach, all vote yes.
2026-09-16T12:10:16.688626703Z I20260916 12:10:16.688549   147 transaction_manager_impl.cpp:120] Total, abort: 4 commit: 406
2026-09-16T12:10:16.688633205Z I20260916 12:10:16.688565   147 transaction_manager_impl.cpp:62] Finish with epoch id=6702
2026-09-16T12:10:16.692368128Z I20260916 12:10:16.692287    44 block_storage_to_file.cpp:46] block store in file successfully, epoch=6702
2026-09-16T12:10:16.737931474Z I20260916 12:10:16.737783   150 epoch_txn_queue_manager.h:17] All threads reached barrier, epoch: 6704, count: 4
2026-09-16T12:10:16.739415778Z I20260916 12:10:16.739320   143 consensus_control_block.h:289] consensus of epoch=6703 has reach, all vote yes.
2026-09-16T12:10:16.742713764Z I20260916 12:10:16.742637   147 transaction_manager_impl.cpp:120] Total, abort: 1 commit: 530
2026-09-16T12:10:16.742727357Z I20260916 12:10:16.742671   147 transaction_manager_impl.cpp:62] Finish with epoch id=6703
2026-09-16T12:10:16.747450496Z I20260916 12:10:16.747370    44 block_storage_to_file.cpp:46] block store in file successfully, epoch=6703
2026-09-16T12:10:16.800472861Z I20260916 12:10:16.800374   143 consensus_control_block.h:289] consensus of epoch=6704 has reach, all vote yes.
2026-09-16T12:10:16.801681255Z I20260916 12:10:16.801608   149 epoch_txn_queue_manager.h:17] All threads reached barrier, epoch: 6705, count: 4
2026-09-16T12:10:16.804190435Z I20260916 12:10:16.804123   147 transaction_manager_impl.cpp:120] Total, abort: 3 commit: 495
2026-09-16T12:10:16.804199825Z I20260916 12:10:16.804136   147 transaction_manager_impl.cpp:62] Finish with epoch id=6704
2026-09-16T12:10:16.808773951Z I20260916 12:10:16.808665    44 block_storage_to_file.cpp:46] block store in file successfully, epoch=6704
2026-09-16T12:10:16.867600097Z I20260916 12:10:16.867467   143 consensus_control_block.h:289] consensus of epoch=6705 has reach, all vote yes.
2026-09-16T12:10:16.890394730Z [epoch] I20260916 12:10:16.890232     7 chain_client.cpp:83] Sending Request to epoch_server_group at qps=0 latency=0
2026-09-16T12:10:16.926405032Z I20260916 12:10:16.926273   152 epoch_txn_queue_manager.h:17] All threads reached barrier, epoch: 6706, count: 4
2026-09-16T12:10:16.931046695Z I20260916 12:10:16.930908   147 transaction_manager_impl.cpp:120] Total, abort: 5 commit: 569
2026-09-16T12:10:16.931065876Z I20260916 12:10:16.930944   147 transaction_manager_impl.cpp:62] Finish with epoch id=6705
2026-09-16T12:10:16.936024265Z I20260916 12:10:16.935900    44 block_storage_to_file.cpp:46] block store in file successfully, epoch=6705
2026-09-16T12:10:16.985520773Z I20260916 12:10:16.985414   143 consensus_control_block.h:289] consensus of epoch=6706 has reach, all vote yes.
2026-09-16T12:10:16.986681275Z I20260916 12:10:16.986606   152 epoch_txn_queue_manager.h:17] All threads reached barrier, epoch: 6707, count: 4
2026-09-16T12:10:16.989561672Z I20260916 12:10:16.989476   150 epoch_txn_queue_manager.h:17] All threads reached barrier, epoch: 6708, count: 4
2026-09-16T12:10:16.993168033Z I20260916 12:10:16.993032   147 transaction_manager_impl.cpp:120] Total, abort: 5 commit: 1110
2026-09-16T12:10:16.993185618Z I20260916 12:10:16.993049   147 transaction_manager_impl.cpp:62] Finish with epoch id=6706
2026-09-16T12:10:17.002731355Z I20260916 12:10:17.002653    44 block_storage_to_file.cpp:46] block store in file successfully, epoch=6706
2026-09-16T12:10:17.008820901Z I20260916 12:10:17.008728   143 consensus_control_block.h:289] consensus of epoch=6707 has reach, all vote yes.
2026-09-16T12:10:17.011653565Z I20260916 12:10:17.011582   147 transaction_manager_impl.cpp:120] Total, abort: 2 commit: 550
2026-09-16T12:10:17.011664707Z I20260916 12:10:17.011595   147 transaction_manager_impl.cpp:62] Finish with epoch id=6707
2026-09-16T12:10:17.016758025Z I20260916 12:10:17.016672    44 block_storage_to_file.cpp:46] block store in file successfully, epoch=6707
2026-09-16T12:10:17.041892956Z I20260916 12:10:17.041808   143 consensus_control_block.h:289] consensus of epoch=6708 has reach, all vote yes.
2026-09-16T12:10:17.047207702Z I20260916 12:10:17.047122   152 epoch_txn_queue_manager.h:17] All threads reached barrier, epoch: 6709, count: 4
2026-09-16T12:10:17.048289586Z I20260916 12:10:17.048204   147 transaction_manager_impl.cpp:120] Total, abort: 2 commit: 46
2026-09-16T12:10:17.048302249Z I20260916 12:10:17.048216   147 transaction_manager_impl.cpp:62] Finish with epoch id=6708
2026-09-16T12:10:17.049160870Z I20260916 12:10:17.049083    44 block_storage_to_file.cpp:46] block store in file successfully, epoch=6708
2026-09-16T12:10:17.100426294Z I20260916 12:10:17.100271   150 epoch_txn_queue_manager.h:17] All threads reached barrier, epoch: 6710, count: 4
2026-09-16T12:10:17.103298116Z I20260916 12:10:17.103226   143 consensus_control_block.h:289] consensus of epoch=6709 has reach, all vote yes.
2026-09-16T12:10:17.106028173Z I20260916 12:10:17.105947   147 transaction_manager_impl.cpp:120] Total, abort: 0 commit: 499
2026-09-16T12:10:17.106038671Z I20260916 12:10:17.105957   147 transaction_manager_impl.cpp:62] Finish with epoch id=6709
2026-09-16T12:10:17.109980394Z I20260916 12:10:17.109851    44 block_storage_to_file.cpp:46] block store in file successfully, epoch=6709
2026-09-16T12:10:17.168407785Z I20260916 12:10:17.168284   143 consensus_control_block.h:289] consensus of epoch=6710 has reach, all vote yes.
2026-09-16T12:10:17.221358336Z I20260916 12:10:17.221261   150 epoch_txn_queue_manager.h:17] All threads reached barrier, epoch: 6711, count: 4
2026-09-16T12:10:17.225577143Z I20260916 12:10:17.225481   147 transaction_manager_impl.cpp:120] Total, abort: 4 commit: 496
2026-09-16T12:10:17.225593491Z I20260916 12:10:17.225500   147 transaction_manager_impl.cpp:62] Finish with epoch id=6710
2026-09-16T12:10:17.230188152Z I20260916 12:10:17.230020    44 block_storage_to_file.cpp:46] block store in file successfully, epoch=6710
2026-09-16T12:10:17.291823048Z I20260916 12:10:17.291705   150 epoch_txn_queue_manager.h:17] All threads reached barrier, epoch: 6712, count: 4
2026-09-16T12:10:17.294753889Z I20260916 12:10:17.294596   143 consensus_control_block.h:289] consensus of epoch=6711 has reach, all vote yes.
2026-09-16T12:10:17.301019230Z I20260916 12:10:17.300936   147 transaction_manager_impl.cpp:120] Total, abort: 7 commit: 1082
2026-09-16T12:10:17.301030841Z I20260916 12:10:17.300951   147 transaction_manager_impl.cpp:62] Finish with epoch id=6711
2026-09-16T12:10:17.309860599Z I20260916 12:10:17.309774    44 block_storage_to_file.cpp:46] block store in file successfully, epoch=6711
2026-09-16T12:10:17.321924019Z I20260916 12:10:17.321806   150 epoch_txn_queue_manager.h:17] All threads reached barrier, epoch: 6713, count: 4
2026-09-16T12:10:17.324947125Z I20260916 12:10:17.324877   143 consensus_control_block.h:289] consensus of epoch=6712 has reach, all vote yes.
2026-09-16T12:10:17.328782773Z I20260916 12:10:17.328682   147 transaction_manager_impl.cpp:120] Total, abort: 4 commit: 637
2026-09-16T12:10:17.328795682Z I20260916 12:10:17.328698   147 transaction_manager_impl.cpp:62] Finish with epoch id=6712
2026-09-16T12:10:17.334182985Z I20260916 12:10:17.334091    44 block_storage_to_file.cpp:46] block store in file successfully, epoch=6712
2026-09-16T12:10:17.379426670Z I20260916 12:10:17.379295   152 epoch_txn_queue_manager.h:17] All threads reached barrier, epoch: 6714, count: 4
2026-09-16T12:10:17.381386823Z I20260916 12:10:17.381301   143 consensus_control_block.h:289] consensus of epoch=6713 has reach, all vote yes.
2026-09-16T12:10:17.383087041Z I20260916 12:10:17.383021   147 transaction_manager_impl.cpp:120] Total, abort: 0 commit: 275
2026-09-16T12:10:17.383101387Z I20260916 12:10:17.383033   147 transaction_manager_impl.cpp:62] Finish with epoch id=6713
2026-09-16T12:10:17.385745926Z I20260916 12:10:17.385649    44 block_storage_to_file.cpp:46] block store in file successfully, epoch=6713
2026-09-16T12:10:17.422750785Z I20260916 12:10:17.422636   150 epoch_txn_queue_manager.h:17] All threads reached barrier, epoch: 6715, count: 4
2026-09-16T12:10:17.425259368Z I20260916 12:10:17.425176   143 consensus_control_block.h:289] consensus of epoch=6714 has reach, all vote yes.
2026-09-16T12:10:17.428488141Z I20260916 12:10:17.428401   147 transaction_manager_impl.cpp:120] Total, abort: 0 commit: 501
2026-09-16T12:10:17.428499400Z I20260916 12:10:17.428414   147 transaction_manager_impl.cpp:62] Finish with epoch id=6714
2026-09-16T12:10:17.433120814Z I20260916 12:10:17.433034    44 block_storage_to_file.cpp:46] block store in file successfully, epoch=6714
2026-09-16T12:10:17.493409302Z I20260916 12:10:17.493330   150 epoch_txn_queue_manager.h:17] All threads reached barrier, epoch: 6716, count: 4
2026-09-16T12:10:17.497196323Z I20260916 12:10:17.496881   143 consensus_control_block.h:289] consensus of epoch=6715 has reach, all vote yes.
2026-09-16T12:10:17.501433002Z I20260916 12:10:17.500494   147 transaction_manager_impl.cpp:120] Total, abort: 4 commit: 405
2026-09-16T12:10:17.501446918Z I20260916 12:10:17.500542   147 transaction_manager_impl.cpp:62] Finish with epoch id=6715
2026-09-16T12:10:17.504788642Z I20260916 12:10:17.504717    44 block_storage_to_file.cpp:46] block store in file successfully, epoch=6715
2026-09-16T12:10:17.569774690Z I20260916 12:10:17.569577   143 consensus_control_block.h:289] consensus of epoch=6716 has reach, all vote yes.
2026-09-16T12:10:17.583794599Z I20260916 12:10:17.583541   150 epoch_txn_queue_manager.h:17] All threads reached barrier, epoch: 6717, count: 4
2026-09-16T12:10:17.590386474Z I20260916 12:10:17.590282   147 transaction_manager_impl.cpp:120] Total, abort: 4 commit: 634
2026-09-16T12:10:17.590396123Z I20260916 12:10:17.590297   147 transaction_manager_impl.cpp:62] Finish with epoch id=6716
2026-09-16T12:10:17.595465412Z I20260916 12:10:17.595374    44 block_storage_to_file.cpp:46] block store in file successfully, epoch=6716
2026-09-16T12:10:17.670258199Z I20260916 12:10:17.669909   143 consensus_control_block.h:289] consensus of epoch=6717 has reach, all vote yes.
2026-09-16T12:10:17.784329250Z I20260916 12:10:17.783936   151 epoch_txn_queue_manager.h:17] All threads reached barrier, epoch: 6718, count: 4
2026-09-16T12:10:17.786460060Z I20260916 12:10:17.786356   147 transaction_manager_impl.cpp:120] Total, abort: 0 commit: 198
2026-09-16T12:10:17.786468216Z I20260916 12:10:17.786374   147 transaction_manager_impl.cpp:62] Finish with epoch id=6717
2026-09-16T12:10:17.788638434Z I20260916 12:10:17.788473    44 block_storage_to_file.cpp:46] block store in file successfully, epoch=6717
2026-09-16T12:10:17.870732210Z I20260916 12:10:17.870625   143 consensus_control_block.h:289] consensus of epoch=6718 has reach, all vote yes.
2026-09-16T12:10:17.890520731Z [epoch] I20260916 12:10:17.890327     7 chain_client.cpp:83] Sending Request to epoch_server_group at qps=0 latency=0
2026-09-16T12:10:17.983623974Z I20260916 12:10:17.983467   152 epoch_txn_queue_manager.h:17] All threads reached barrier, epoch: 6719, count: 4
2026-09-16T12:10:17.984028947Z I20260916 12:10:17.983968   147 transaction_manager_impl.cpp:120] Total, abort: 8 commit: 0
2026-09-16T12:10:17.984035246Z I20260916 12:10:17.983978   147 transaction_manager_impl.cpp:62] Finish with epoch id=6718
2026-09-16T12:10:17.984959917Z I20260916 12:10:17.984800    44 block_storage_to_file.cpp:46] block store in file successfully, epoch=6718
2026-09-16T12:10:18.071704985Z I20260916 12:10:18.071622   143 consensus_control_block.h:289] consensus of epoch=6719 has reach, all vote yes.
2026-09-16T12:10:18.178539950Z I20260916 12:10:18.178431   150 epoch_txn_queue_manager.h:17] All threads reached barrier, epoch: 6720, count: 4
2026-09-16T12:10:18.179224466Z I20260916 12:10:18.179077   147 transaction_manager_impl.cpp:120] Total, abort: 8 commit: 0
2026-09-16T12:10:18.179412734Z I20260916 12:10:18.179327   147 transaction_manager_impl.cpp:62] Finish with epoch id=6719
2026-09-16T12:10:18.179902827Z I20260916 12:10:18.179701    44 block_storage_to_file.cpp:46] block store in file successfully, epoch=6719
2026-09-16T12:10:18.272607708Z I20260916 12:10:18.272533   143 consensus_control_block.h:289] consensus of epoch=6720 has reach, all vote yes.
2026-09-16T12:10:18.278696725Z I20260916 12:10:18.278251   150 epoch_txn_queue_manager.h:17] All threads reached barrier, epoch: 6721, count: 4
2026-09-16T12:10:18.278973559Z I20260916 12:10:18.278837   147 transaction_manager_impl.cpp:120] Total, abort: 8 commit: 0
2026-09-16T12:10:18.278977041Z I20260916 12:10:18.278891   147 transaction_manager_impl.cpp:62] Finish with epoch id=6720
2026-09-16T12:10:18.279522367Z I20260916 12:10:18.279460    44 block_storage_to_file.cpp:46] block store in file successfully, epoch=6720
2026-09-16T12:10:18.372733259Z I20260916 12:10:18.372608   143 consensus_control_block.h:289] consensus of epoch=6721 has reach, all vote yes.
2026-09-16T12:10:18.480075838Z I20260916 12:10:18.479933   150 epoch_txn_queue_manager.h:17] All threads reached barrier, epoch: 6722, count: 4
2026-09-16T12:10:18.480445970Z I20260916 12:10:18.480324   147 transaction_manager_impl.cpp:120] Total, abort: 4 commit: 0
2026-09-16T12:10:18.480448377Z I20260916 12:10:18.480334   147 transaction_manager_impl.cpp:62] Finish with epoch id=6721
2026-09-16T12:10:18.480900731Z I20260916 12:10:18.480619    44 block_storage_to_file.cpp:46] block store in file successfully, epoch=6721
2026-09-16T12:10:18.573572203Z I20260916 12:10:18.573402   143 consensus_control_block.h:289] consensus of epoch=6722 has reach, all vote yes.
2026-09-16T12:10:18.680988632Z I20260916 12:10:18.680850   150 epoch_txn_queue_manager.h:17] All threads reached barrier, epoch: 6723, count: 4
2026-09-16T12:10:18.681132970Z I20260916 12:10:18.681051   147 transaction_manager_impl.cpp:120] Total, abort: 8 commit: 0
2026-09-16T12:10:18.681135981Z I20260916 12:10:18.681092   147 transaction_manager_impl.cpp:62] Finish with epoch id=6722
2026-09-16T12:10:18.681653921Z I20260916 12:10:18.681543    44 block_storage_to_file.cpp:46] block store in file successfully, epoch=6722
2026-09-16T12:10:18.774128027Z I20260916 12:10:18.774048   143 consensus_control_block.h:289] consensus of epoch=6723 has reach, all vote yes.
2026-09-16T12:10:18.883259656Z I20260916 12:10:18.883164   150 epoch_txn_queue_manager.h:17] All threads reached barrier, epoch: 6724, count: 4
2026-09-16T12:10:18.883581464Z I20260916 12:10:18.883387   147 transaction_manager_impl.cpp:120] Total, abort: 8 commit: 0
2026-09-16T12:10:18.883585219Z I20260916 12:10:18.883399   147 transaction_manager_impl.cpp:62] Finish with epoch id=6723
2026-09-16T12:10:18.884354266Z I20260916 12:10:18.884276    44 block_storage_to_file.cpp:46] block store in file successfully, epoch=6723
2026-09-16T12:10:18.890644046Z [epoch] I20260916 12:10:18.890537     7 chain_client.cpp:83] Sending Request to epoch_server_group at qps=0 latency=0
2026-09-16T12:10:18.946699852Z I20260916 12:10:18.946609   143 consensus_control_block.h:289] consensus of epoch=6724 has reach, all vote yes.
2026-09-16T12:10:19.890830513Z [epoch] I20260916 12:10:19.890630     7 chain_client.cpp:83] Sending Request to epoch_server_group at qps=0 latency=0
2026-09-16T12:10:20.890912930Z [epoch] I20260916 12:10:20.890728     7 chain_client.cpp:83] Sending Request to epoch_server_group at qps=0 latency=0
